id,genre,label,prediction,rank
122567,Article,MiriamElder,helenecooper,54
122705,Article,MiriamElder,npwcnn,11
122616,Article,MiriamElder,EllenBarryNYT,56
122635,Article,MiriamElder,RaphaelMinder,129
122610,Article,MiriamElder,ChuBailiang,46
122716,Article,MiriamElder,john_hooper,210
122761,Article,MiriamElder,MiriamElder,1
122730,Article,MiriamElder,PatrickKingsley,112
122725,Article,MiriamElder,MiriamElder,1
122784,Article,MiriamElder,farnazfassihi,40
122801,Article,MiriamElder,farnazfassihi,65
122760,Article,MiriamElder,LauraCummingArt,4
122622,Article,MiriamElder,NYTimesCohen,200
122590,Article,MiriamElder,dansabbagh,13
122592,Article,MiriamElder,patrickwintour,54
123083,Tweet,MiriamElder,DouthatNYT,211
123165,Tweet,MiriamElder,aleksk,107
123022,Tweet,MiriamElder,andybrassell,27
123096,Tweet,MiriamElder,ggreenwald,177
122820,Tweet,MiriamElder,jonpareles,173
122862,Tweet,MiriamElder,jhoffman,205
122971,Tweet,MiriamElder,joncaramanica,40
123275,Tweet,MiriamElder,andybrassell,29
123118,Tweet,MiriamElder,GiniaNYT,92
123268,Tweet,MiriamElder,tomfriedman,412
123095,Tweet,MiriamElder,FabrizioRomano,81
123320,Tweet,MiriamElder,andrewrsorkin,247
122828,Tweet,MiriamElder,ByJamesWagner,133
123337,Tweet,MiriamElder,DawnHFoster,50
123151,Tweet,MiriamElder,SocialQPhilip,165
51369,Article,NesrineMalik,leninology,13
51334,Article,NesrineMalik,jbouie,11
51258,Article,NesrineMalik,hugolowell,47
51429,Article,NesrineMalik,kenanmalik,5
51263,Article,NesrineMalik,NesrineMalik,1
51274,Article,NesrineMalik,paulmasonnews,89
51271,Article,NesrineMalik,ameliagentleman,2
51321,Article,NesrineMalik,ameliagentleman,4
51474,Article,NesrineMalik,OwenJones84,21
51265,Article,NesrineMalik,OwenJones84,3
51432,Article,NesrineMalik,VivianHo,3
51308,Article,NesrineMalik,andybrassell,4
51309,Article,NesrineMalik,afuahirsch,6
51427,Article,NesrineMalik,FabrizioRomano,42
51232,Article,NesrineMalik,afuahirsch,14
52050,Tweet,NesrineMalik,DeccaJourno,12
51968,Tweet,NesrineMalik,alexbellos,347
52046,Tweet,NesrineMalik,AndrewSparrow,94
51757,Tweet,NesrineMalik,thestephmerritt,156
52057,Tweet,NesrineMalik,desaisantosh,283
51637,Tweet,NesrineMalik,ggreenwald,164
51924,Tweet,NesrineMalik,sendvictorious,171
51928,Tweet,NesrineMalik,vanbadham,230
51557,Tweet,NesrineMalik,williamnhutton,59
51921,Tweet,NesrineMalik,williamnhutton,129
51488,Tweet,NesrineMalik,archiebland,14
51964,Tweet,NesrineMalik,RorySmith,5
51865,Tweet,NesrineMalik,RBReich,166
51722,Tweet,NesrineMalik,wesley_morris,195
51674,Tweet,NesrineMalik,PeterTatchell,94
91048,Article,Freedland,sangerkatz,329
90991,Article,Freedland,ggreenwald,120
91101,Article,Freedland,bglendenning,26
91022,Article,Freedland,bglendenning,20
91068,Article,Freedland,andybrassell,28
91087,Article,Freedland,afuahirsch,66
90955,Article,Freedland,OwenJones84,26
91197,Article,Freedland,gilestremlett,76
90993,Article,Freedland,RBReich,36
91041,Article,Freedland,AndrewSparrow,16
91180,Article,Freedland,elizabday,44
90954,Article,Freedland,NesrineMalik,28
91170,Article,Freedland,sarahditum,90
91105,Article,Freedland,IanCobain,157
90962,Article,Freedland,andybrassell,13
91502,Tweet,Freedland,rachshabi,9
91364,Tweet,Freedland,gracedent,74
91456,Tweet,Freedland,ajaysuraTOI,286
91542,Tweet,Freedland,joshwiddicombe,166
91608,Tweet,Freedland,LauraCummingArt,10
91391,Tweet,Freedland,kbennhold,246
91758,Tweet,Freedland,msrachelcooke,18
91635,Tweet,Freedland,tomfriedman,249
91282,Tweet,Freedland,lukeharding1968,23
91216,Tweet,Freedland,elizabday,30
91328,Tweet,Freedland,williamkeegan,233
91300,Tweet,Freedland,Freedland,1
91512,Tweet,Freedland,margaretrenkl,19
91270,Tweet,Freedland,jennydeluxe,12
91704,Tweet,Freedland,joncaramanica,89
30807,Article,rachlharris,margaretrenkl,157
30832,Article,rachlharris,EVincentelli,26
30800,Article,rachlharris,adamliptak,80
30802,Article,rachlharris,KSchulten,28
30877,Article,rachlharris,tejalrao,109
30833,Article,rachlharris,saumyajitbTOI,370
30824,Article,rachlharris,Chethan_Dash,207
30858,Article,rachlharris,kannoyoungs,200
30862,Article,rachlharris,_nicolaclark,352
30821,Article,rachlharris,rondakaysen,52
30882,Article,rachlharris,tarasbernard,84
30866,Article,rachlharris,DouthatNYT,217
30886,Article,rachlharris,AnaSwanson,325
30801,Article,rachlharris,ggreenwald,61
30851,Article,rachlharris,reidepstein,35
30936,Tweet,rachlharris,laurenlaverne,145
30960,Tweet,rachlharris,vvfriedman,49
30922,Tweet,rachlharris,lisamonteiroTOI,68
30908,Tweet,rachlharris,chrishughes,41
30967,Tweet,rachlharris,sisario,61
30914,Tweet,rachlharris,rachlharris,1
30920,Tweet,rachlharris,cdcaron,7
30973,Tweet,rachlharris,SocialQPhilip,77
30910,Tweet,rachlharris,SumitraDebRoy,98
30932,Tweet,rachlharris,jorifinkel,24
30906,Tweet,rachlharris,rachlharris,1
30940,Tweet,rachlharris,samrob12,25
30934,Tweet,rachlharris,damiencave,217
30911,Tweet,rachlharris,zwoolfe,3
30951,Tweet,rachlharris,vvfriedman,10
40028,Article,john_hooper,JoshuaRozenberg,3
40116,Article,john_hooper,john_hooper,1
41049,Article,john_hooper,williamkeegan,3
38892,Article,john_hooper,john_hooper,1
40147,Article,john_hooper,john_hooper,1
39484,Article,john_hooper,declanwalsh,4
40313,Article,john_hooper,emilybell,78
40052,Article,john_hooper,alanconnor,6
40688,Article,john_hooper,williamkeegan,6
40393,Article,john_hooper,john_hooper,1
39065,Article,john_hooper,jillfilipovic,289
39503,Article,john_hooper,naomi2009,4
39730,Article,john_hooper,tomdyckhoff,7
40865,Article,john_hooper,nicholaswatt,7
40800,Article,john_hooper,NYTBen,20
41813,Tweet,john_hooper,helenecooper,215
42111,Tweet,john_hooper,martcrossy,22
42076,Tweet,john_hooper,desaisantosh,287
41618,Tweet,john_hooper,WilbyPeter,13
42078,Tweet,john_hooper,andrewrsorkin,111
41647,Tweet,john_hooper,NYTimesCohen,8
41632,Tweet,john_hooper,NYTimesCohen,13
41786,Tweet,john_hooper,timlottwriter,30
42054,Tweet,john_hooper,williamkeegan,5
41980,Tweet,john_hooper,naomi2009,2
42022,Tweet,john_hooper,ArthurNeslen,181
41758,Tweet,john_hooper,emilybell,31
41913,Tweet,john_hooper,paulkrugman,49
41578,Tweet,john_hooper,bglendenning,58
42114,Tweet,john_hooper,tomfriedman,23
140618,Article,bindelj,lucysiegle,5
140636,Article,bindelj,naomi2009,117
140607,Article,bindelj,bindelj,1
140510,Article,bindelj,davidhepworth,6
140622,Article,bindelj,AndrewSparrow,14
140529,Article,bindelj,bindelj,1
140511,Article,bindelj,DeccaJourno,10
140624,Article,bindelj,williamkeegan,24
140545,Article,bindelj,HackneyAbbott,3
140585,Article,bindelj,ameliagentleman,27
140647,Article,bindelj,bindelj,1
140559,Article,bindelj,AndrewSparrow,7
140601,Article,bindelj,wesley_morris,184
140530,Article,bindelj,salihughes,4
140532,Article,bindelj,mariellaf1,3
140902,Tweet,bindelj,joncaramanica,138
141092,Tweet,bindelj,tomdyckhoff,18
141296,Tweet,bindelj,elizabday,11
141204,Tweet,bindelj,charltonbrooker,59
141164,Tweet,bindelj,tomdyckhoff,109
141175,Tweet,bindelj,jennydeluxe,52
140847,Tweet,bindelj,LauraCummingArt,20
140995,Tweet,bindelj,parul_sehgal,4
141288,Tweet,bindelj,bindelj,1
141209,Tweet,bindelj,fmanjoo,352
141268,Tweet,bindelj,elizabday,33
140890,Tweet,bindelj,polblonde,18
140874,Tweet,bindelj,hadleyfreeman,35
141132,Tweet,bindelj,DeccaJourno,15
140805,Tweet,bindelj,JessicaValenti,13
121918,Article,RebeccaSeal,alexvtunzelmann,62
121831,Article,RebeccaSeal,greenslader,42
121915,Article,RebeccaSeal,alanconnor,19
121889,Article,RebeccaSeal,DouthatNYT,112
121891,Article,RebeccaSeal,charltonbrooker,28
121905,Article,RebeccaSeal,jimwaterson,46
121885,Article,RebeccaSeal,lyngardner,35
121772,Article,RebeccaSeal,RebeccaSeal,1
121913,Article,RebeccaSeal,dkarthikTOI,45
121826,Article,RebeccaSeal,jfordham_jazz,56
121813,Article,RebeccaSeal,RebeccaSeal,1
121755,Article,RebeccaSeal,ottolenghi,3
121830,Article,RebeccaSeal,IAmTimDowling,16
121763,Article,RebeccaSeal,stevenpoole,2
121723,Article,RebeccaSeal,OwenJones84,234
122151,Tweet,RebeccaSeal,DawnHFoster,38
122324,Tweet,RebeccaSeal,salihughes,79
122159,Tweet,RebeccaSeal,salihughes,26
122001,Tweet,RebeccaSeal,oliverburkeman,67
122195,Tweet,RebeccaSeal,elizabday,15
122011,Tweet,RebeccaSeal,BawaNaaved,206
122188,Tweet,RebeccaSeal,pete_wells,103
122238,Tweet,RebeccaSeal,oliverburkeman,71
122148,Tweet,RebeccaSeal,sendvictorious,27
122516,Tweet,RebeccaSeal,DouthatNYT,67
122104,Tweet,RebeccaSeal,davidhepworth,14
122317,Tweet,RebeccaSeal,mohuadazz,219
122408,Tweet,RebeccaSeal,we_are_food,7
122504,Tweet,RebeccaSeal,LucyMangan,158
122077,Tweet,RebeccaSeal,JoshuaRozenberg,267
205936,Article,rebeccaSTOI,vijayVsinghTOI,3
206059,Article,rebeccaSTOI,rebeccaSTOI,1
205880,Article,rebeccaSTOI,KapildaveTOI,2
205952,Article,rebeccaSTOI,murarishetyeTOI,4
205928,Article,rebeccaSTOI,vijayVsinghTOI,3
206041,Article,rebeccaSTOI,vijayVsinghTOI,3
205842,Article,rebeccaSTOI,vijayVsinghTOI,13
205853,Article,rebeccaSTOI,vijayVsinghTOI,3
205875,Article,rebeccaSTOI,rebeccaSTOI,1
205889,Article,rebeccaSTOI,vijayVsinghTOI,7
205970,Article,rebeccaSTOI,vijayVsinghTOI,26
205817,Article,rebeccaSTOI,RosySequeiraTOI,3
206010,Article,rebeccaSTOI,rebeccaSTOI,1
205814,Article,rebeccaSTOI,rebeccaSTOI,1
205819,Article,rebeccaSTOI,LeoHickman,13
206148,Tweet,rebeccaSTOI,sendvictorious,121
206149,Tweet,rebeccaSTOI,desaisantosh,253
206103,Tweet,rebeccaSTOI,niyatiparikhTOI,10
206065,Tweet,rebeccaSTOI,MoharBasu,160
206132,Tweet,rebeccaSTOI,npwcnn,2
206067,Tweet,rebeccaSTOI,aniljdias,136
206126,Tweet,rebeccaSTOI,farnazfassihi,8
206118,Tweet,rebeccaSTOI,SwatiMathurTOI,3
206078,Tweet,rebeccaSTOI,NilsPratley,8
206097,Tweet,rebeccaSTOI,SwatiMathurTOI,3
206146,Tweet,rebeccaSTOI,MoharBasu,88
206093,Tweet,rebeccaSTOI,RichardFausset,99
206125,Tweet,rebeccaSTOI,smita_mishra,56
206141,Tweet,rebeccaSTOI,rebeccaSTOI,1
206128,Tweet,rebeccaSTOI,alexvtunzelmann,57
168205,Article,abantika77,martcrossy,22
168216,Article,abantika77,AshokPradhanTOI,35
168307,Article,abantika77,BhanupratapsTOI,67
168189,Article,abantika77,Banjotkaur,2
168180,Article,abantika77,toi_dhananjayM,14
168130,Article,abantika77,sandhyanairTOI,68
168126,Article,abantika77,naomi2009,9
168161,Article,abantika77,naomi2009,21
168144,Article,abantika77,KapildaveTOI,37
168100,Article,abantika77,Chethan_Dash,82
168251,Article,abantika77,naomi2009,63
168155,Article,abantika77,gettleman,13
168157,Article,abantika77,vijayVsinghTOI,16
168255,Article,abantika77,007pandey,14
168231,Article,abantika77,richapintoi,69
168374,Tweet,abantika77,ShoebKhanTOI,62
168406,Tweet,abantika77,mateenHTOI,45
168389,Tweet,abantika77,ChaitanyadTOI,40
168446,Tweet,abantika77,bindiyachariTOI,41
168426,Tweet,abantika77,FelicityCloake,155
168379,Tweet,abantika77,ChaitanyadTOI,96
168395,Tweet,abantika77,MoharBasu,165
168368,Tweet,abantika77,saumyajitbTOI,13
168373,Tweet,abantika77,PerriKlass,107
168366,Tweet,abantika77,divyapal2013,185
168351,Tweet,abantika77,SherylNYT,141
168388,Tweet,abantika77,ChaitanyadTOI,51
168424,Tweet,abantika77,dklavaniaTOI,176
168414,Tweet,abantika77,EllenBarryNYT,60
168439,Tweet,abantika77,lucywardsings,132
49755,Article,jimwaterson,jimwaterson,1
49711,Article,jimwaterson,MarinaOLoughlin,33
49549,Article,jimwaterson,domphillips,5
49620,Article,jimwaterson,jimwaterson,1
49744,Article,jimwaterson,PippaCrerar,3
49583,Article,jimwaterson,AnushkaAsthana,3
49635,Article,jimwaterson,ameliagentleman,13
49548,Article,jimwaterson,jimwaterson,1
49662,Article,jimwaterson,PippaCrerar,2
49690,Article,jimwaterson,hugolowell,91
49591,Article,jimwaterson,jimwaterson,1
49761,Article,jimwaterson,MarinaHyde,8
49785,Article,jimwaterson,NilsPratley,2
49553,Article,jimwaterson,jimwaterson,1
49762,Article,jimwaterson,brooksbarnesNYT,53
49986,Tweet,jimwaterson,kenanmalik,166
50002,Tweet,jimwaterson,bindelj,7
49971,Tweet,jimwaterson,paulmasonnews,173
50321,Tweet,jimwaterson,davidhepworth,23
49886,Tweet,jimwaterson,williamkeegan,56
49878,Tweet,jimwaterson,williamkeegan,221
50338,Tweet,jimwaterson,JoshuaRozenberg,8
50248,Tweet,jimwaterson,pete_wells,162
50334,Tweet,jimwaterson,aleksk,43
49938,Tweet,jimwaterson,vanbadham,161
50083,Tweet,jimwaterson,fmanjoo,82
49858,Tweet,jimwaterson,lucysiegle,29
50061,Tweet,jimwaterson,naomi2009,19
49997,Tweet,jimwaterson,alexbellos,88
50336,Tweet,jimwaterson,charltonbrooker,102
109481,Article,IanCobain,AndrewSparrow,3
109588,Article,IanCobain,PippaCrerar,4
109573,Article,IanCobain,hugolowell,5
109648,Article,IanCobain,IanCobain,1
109673,Article,IanCobain,el_belson,168
109492,Article,IanCobain,jimwaterson,5
109583,Article,IanCobain,patrickwintour,50
109521,Article,IanCobain,tariqpanja,213
109688,Article,IanCobain,AndrewSparrow,9
109705,Article,IanCobain,jimwaterson,8
109638,Article,IanCobain,ewenmacaskill,2
109487,Article,IanCobain,ewenmacaskill,10
109533,Article,IanCobain,DouthatNYT,39
109634,Article,IanCobain,IanCobain,1
109678,Article,IanCobain,OwenJones84,6
109796,Tweet,IanCobain,andybrassell,19
109946,Tweet,IanCobain,benkenigsberg,327
110100,Tweet,IanCobain,vijayVsinghTOI,75
109746,Tweet,IanCobain,FrankBruni,408
110202,Tweet,IanCobain,ArthurNeslen,46
110175,Tweet,IanCobain,charltonbrooker,77
110258,Tweet,IanCobain,sendvictorious,65
110158,Tweet,IanCobain,kbennhold,217
109757,Tweet,IanCobain,NYTimesCohen,196
110214,Tweet,IanCobain,nicholaswatt,24
110141,Tweet,IanCobain,sendvictorious,236
110113,Tweet,IanCobain,NilsPratley,91
110030,Tweet,IanCobain,williamkeegan,60
109886,Tweet,IanCobain,jennydeluxe,178
109929,Tweet,IanCobain,tariqpanja,266
57338,Article,steve_hewlett,alanconnor,2
57327,Article,steve_hewlett,steve_hewlett,1
57228,Article,steve_hewlett,steve_hewlett,1
57334,Article,steve_hewlett,laurenlaverne,2
57401,Article,steve_hewlett,alanconnor,2
57348,Article,steve_hewlett,alanconnor,5
57281,Article,steve_hewlett,davidhepworth,2
57164,Article,steve_hewlett,steve_hewlett,1
57284,Article,steve_hewlett,steve_hewlett,1
57366,Article,steve_hewlett,greenslader,6
57169,Article,steve_hewlett,steve_hewlett,1
57385,Article,steve_hewlett,alanconnor,3
57286,Article,steve_hewlett,steve_hewlett,1
57210,Article,steve_hewlett,steve_hewlett,1
57233,Article,steve_hewlett,steve_hewlett,1
57561,Tweet,steve_hewlett,steve_hewlett,1
57708,Tweet,steve_hewlett,elizabday,63
57873,Tweet,steve_hewlett,RorySmith,36
57920,Tweet,steve_hewlett,laurenlaverne,15
57952,Tweet,steve_hewlett,jonpareles,356
57886,Tweet,steve_hewlett,PNaveenTOI,11
57733,Tweet,steve_hewlett,RachelDonadio,437
57781,Tweet,steve_hewlett,paulmasonnews,5
57986,Tweet,steve_hewlett,aleksk,152
57815,Tweet,steve_hewlett,divyapal2013,57
57752,Tweet,steve_hewlett,steve_hewlett,1
57645,Tweet,steve_hewlett,timatkin,25
57611,Tweet,steve_hewlett,margaretrenkl,323
57722,Tweet,steve_hewlett,lyngardner,3
57841,Tweet,steve_hewlett,williamkeegan,12
90420,Article,joshwiddicombe,davidhepworth,39
90287,Article,joshwiddicombe,seaningle,329
90374,Article,joshwiddicombe,sendvictorious,8
90264,Article,joshwiddicombe,JessicaValenti,144
90393,Article,joshwiddicombe,shattenstone,34
90359,Article,joshwiddicombe,martcrossy,7
90385,Article,joshwiddicombe,sendvictorious,34
90323,Article,joshwiddicombe,aleksk,107
90362,Article,joshwiddicombe,NesrineMalik,100
90386,Article,joshwiddicombe,yeshikabudhwar,289
90281,Article,joshwiddicombe,RorySmith,133
90366,Article,joshwiddicombe,martcrossy,4
90361,Article,joshwiddicombe,RowanMoore,236
90382,Article,joshwiddicombe,sendvictorious,4
90300,Article,joshwiddicombe,JessicaValenti,144
90740,Tweet,joshwiddicombe,charltonbrooker,5
90914,Tweet,joshwiddicombe,andrewrawnsley,2
90904,Tweet,joshwiddicombe,salihughes,78
90898,Tweet,joshwiddicombe,vanbadham,124
90556,Tweet,joshwiddicombe,msrachelcooke,126
90568,Tweet,joshwiddicombe,DerekMalcolm123,65
90702,Tweet,joshwiddicombe,thestephmerritt,184
90477,Tweet,joshwiddicombe,GRajivTOI,82
90540,Tweet,joshwiddicombe,billicritic,99
90602,Tweet,joshwiddicombe,gailcollins,101
90889,Tweet,joshwiddicombe,KateEMcCann,72
90716,Tweet,joshwiddicombe,brooksbarnesNYT,22
90471,Tweet,joshwiddicombe,joncaramanica,31
90638,Tweet,joshwiddicombe,billicritic,11
90664,Tweet,joshwiddicombe,jhoffman,2
151315,Article,ottolenghi,mariellaf1,3
151520,Article,ottolenghi,ottolenghi,1
151400,Article,ottolenghi,ottolenghi,1
151319,Article,ottolenghi,JessicaValenti,166
151540,Article,ottolenghi,ottolenghi,1
151385,Article,ottolenghi,ottolenghi,1
151330,Article,ottolenghi,ottolenghi,1
151428,Article,ottolenghi,ottolenghi,1
151317,Article,ottolenghi,AlysFowler,17
151356,Article,ottolenghi,ottolenghi,1
151411,Article,ottolenghi,RebeccaSeal,4
151512,Article,ottolenghi,ottolenghi,1
151447,Article,ottolenghi,ottolenghi,1
151466,Article,ottolenghi,we_are_food,2
151354,Article,ottolenghi,ottolenghi,1
151635,Tweet,ottolenghi,ottolenghi,1
151717,Tweet,ottolenghi,vanbadham,174
151919,Tweet,ottolenghi,we_are_food,3
152158,Tweet,ottolenghi,AlysFowler,7
151941,Tweet,ottolenghi,tejalrao,2
151952,Tweet,ottolenghi,divyapal2013,2
152067,Tweet,ottolenghi,we_are_food,2
151897,Tweet,ottolenghi,williamkeegan,195
152078,Tweet,ottolenghi,ottolenghi,1
151626,Tweet,ottolenghi,we_are_food,2
151810,Tweet,ottolenghi,ottolenghi,1
151774,Tweet,ottolenghi,ottolenghi,1
152055,Tweet,ottolenghi,ottolenghi,1
152109,Tweet,ottolenghi,MarinaOLoughlin,2
152142,Tweet,ottolenghi,llerer,118
83903,Article,jhoffman,LucyMangan,186
84072,Article,jhoffman,jhoffman,1
84102,Article,jhoffman,benkenigsberg,8
84108,Article,jhoffman,jhoffman,1
83981,Article,jhoffman,peterbradshaw1,4
83998,Article,jhoffman,jhoffman,1
84081,Article,jhoffman,peterbradshaw1,2
84039,Article,jhoffman,jhoffman,1
84046,Article,jhoffman,jhoffman,1
84031,Article,jhoffman,jhoffman,1
84122,Article,jhoffman,alexvtunzelmann,4
84111,Article,jhoffman,DouthatNYT,7
83944,Article,jhoffman,joncaramanica,19
83962,Article,jhoffman,jhoffman,1
84129,Article,jhoffman,jhoffman,1
84582,Tweet,jhoffman,DerekMalcolm123,49
84337,Tweet,jhoffman,ajaysuraTOI,35
84338,Tweet,jhoffman,oliverburkeman,70
84497,Tweet,jhoffman,elizabday,178
84335,Tweet,jhoffman,RorySmith,29
84576,Tweet,jhoffman,MoharBasu,30
84208,Tweet,jhoffman,ByJamesWagner,35
84169,Tweet,jhoffman,aleksk,2
84483,Tweet,jhoffman,zwoolfe,175
84265,Tweet,jhoffman,OwenJones84,101
84393,Tweet,jhoffman,ElisabethMalkin,21
84333,Tweet,jhoffman,brooksbarnesNYT,8
84154,Tweet,jhoffman,paulkrugman,45
84452,Tweet,jhoffman,brooksbarnesNYT,6
84238,Tweet,jhoffman,jennydeluxe,59
97769,Article,andrewrawnsley,AndrewSparrow,14
97676,Article,andrewrawnsley,ggreenwald,104
97764,Article,andrewrawnsley,jimtankersley,129
97870,Article,andrewrawnsley,andybrassell,30
97713,Article,andrewrawnsley,PeterTatchell,161
97694,Article,andrewrawnsley,DerekMalcolm123,135
97661,Article,andrewrawnsley,jillfilipovic,62
97644,Article,andrewrawnsley,IanCobain,23
97741,Article,andrewrawnsley,LauraCummingArt,49
97678,Article,andrewrawnsley,charltonbrooker,69
97854,Article,andrewrawnsley,ameliagentleman,47
97781,Article,andrewrawnsley,msrachelcooke,57
97695,Article,andrewrawnsley,GeorgeMonbiot,38
97874,Article,andrewrawnsley,archiebland,24
97683,Article,andrewrawnsley,OwenJones84,39
98209,Tweet,andrewrawnsley,andrewrawnsley,1
98186,Tweet,andrewrawnsley,andrewrawnsley,1
98082,Tweet,andrewrawnsley,andrewrawnsley,1
97912,Tweet,andrewrawnsley,andrewrawnsley,1
98072,Tweet,andrewrawnsley,vvfriedman,3
98151,Tweet,andrewrawnsley,andrewrawnsley,1
98484,Tweet,andrewrawnsley,andrewrawnsley,1
98016,Tweet,andrewrawnsley,elizabday,2
98407,Tweet,andrewrawnsley,andrewrawnsley,1
98111,Tweet,andrewrawnsley,andrewrawnsley,1
98342,Tweet,andrewrawnsley,gailcollins,2
98370,Tweet,andrewrawnsley,andrewrawnsley,1
98341,Tweet,andrewrawnsley,andrewrawnsley,1
98204,Tweet,andrewrawnsley,RorySmith,18
97978,Tweet,andrewrawnsley,davidhepworth,4
119192,Article,andrew_mueller,sendvictorious,2
119387,Article,andrew_mueller,RorySmith,37
119254,Article,andrew_mueller,IanCobain,108
119365,Article,andrew_mueller,andrew_mueller,1
119221,Article,andrew_mueller,andrew_mueller,1
119284,Article,andrew_mueller,sendvictorious,2
119378,Article,andrew_mueller,sendvictorious,2
119267,Article,andrew_mueller,sendvictorious,2
119388,Article,andrew_mueller,LucyMangan,252
119281,Article,andrew_mueller,charltonbrooker,125
119270,Article,andrew_mueller,sendvictorious,2
119280,Article,andrew_mueller,charltonbrooker,144
119333,Article,andrew_mueller,laurenlaverne,23
119394,Article,andrew_mueller,sendvictorious,2
119169,Article,andrew_mueller,sendvictorious,2
119575,Tweet,andrew_mueller,TanyaGold1,54
119758,Tweet,andrew_mueller,davidhepworth,5
119628,Tweet,andrew_mueller,sendvictorious,3
119721,Tweet,andrew_mueller,DerekMalcolm123,38
119425,Tweet,andrew_mueller,wesley_morris,32
119473,Tweet,andrew_mueller,davidhepworth,3
119500,Tweet,andrew_mueller,genznyt,35
119553,Tweet,andrew_mueller,RosySequeiraTOI,174
119802,Tweet,andrew_mueller,DerekMalcolm123,2
119604,Tweet,andrew_mueller,TanyaGold1,118
119895,Tweet,andrew_mueller,lenoretaylor,21
119726,Tweet,andrew_mueller,DerekMalcolm123,6
119491,Tweet,andrew_mueller,sendvictorious,2
119793,Tweet,andrew_mueller,williamkeegan,6
119458,Tweet,andrew_mueller,gailcollins,123
219532,Article,UttaraVarmaTOI,vijaysinghTOI,2
219516,Article,UttaraVarmaTOI,ramendrasTOI,61
219574,Article,UttaraVarmaTOI,Banjotkaur,58
219499,Article,UttaraVarmaTOI,ramarkosg,88
219488,Article,UttaraVarmaTOI,PhanindraP_TNIE,44
219497,Article,UttaraVarmaTOI,AtulMathur_,71
219583,Article,UttaraVarmaTOI,dubeyavishek,5
219575,Article,UttaraVarmaTOI,AnaSwanson,170
219439,Article,UttaraVarmaTOI,ThevarSteffy,23
219493,Article,UttaraVarmaTOI,vijaysinghTOI,21
219567,Article,UttaraVarmaTOI,Crime_Selvaraj,31
219530,Article,UttaraVarmaTOI,ChuBailiang,41
219523,Article,UttaraVarmaTOI,toi_dhananjayM,53
219529,Article,UttaraVarmaTOI,journo_vibha,3
219520,Article,UttaraVarmaTOI,ShrinivasaMTOI,55
219705,Tweet,UttaraVarmaTOI,ChaitanyadTOI,62
219693,Tweet,UttaraVarmaTOI,PrashantrTOI,54
219691,Tweet,UttaraVarmaTOI,meeravohraTOI,13
219694,Tweet,UttaraVarmaTOI,meeravohraTOI,13
219636,Tweet,UttaraVarmaTOI,ArthurNeslen,21
219640,Tweet,UttaraVarmaTOI,debaratisen,136
219611,Tweet,UttaraVarmaTOI,vijaysinghTOI,54
219680,Tweet,UttaraVarmaTOI,saumyajitbTOI,224
219627,Tweet,UttaraVarmaTOI,lisamonteiroTOI,129
219631,Tweet,UttaraVarmaTOI,vijaysinghTOI,30
219675,Tweet,UttaraVarmaTOI,jennydeluxe,239
219697,Tweet,UttaraVarmaTOI,LauraCummingArt,157
219660,Tweet,UttaraVarmaTOI,afuahirsch,88
219699,Tweet,UttaraVarmaTOI,parul_sehgal,252
219689,Tweet,UttaraVarmaTOI,lucysiegle,24
222249,Article,yeshikabudhwar,sandhyanairTOI,16
222137,Article,yeshikabudhwar,AmritadTOI,2
222221,Article,yeshikabudhwar,naomi2009,2
222283,Article,yeshikabudhwar,AnushkaAsthana,6
222197,Article,yeshikabudhwar,vijayVsinghTOI,2
222153,Article,yeshikabudhwar,vijayVsinghTOI,107
222294,Article,yeshikabudhwar,AmritadTOI,25
222161,Article,yeshikabudhwar,durgeshjhaTOI,36
222329,Article,yeshikabudhwar,SidharthB25,3
222189,Article,yeshikabudhwar,rajatpTOI,3
222235,Article,yeshikabudhwar,amitanandTOI,14
222187,Article,yeshikabudhwar,toi_dhananjayM,15
222206,Article,yeshikabudhwar,AshokPradhanTOI,3
222321,Article,yeshikabudhwar,ericschmittnyt,41
222133,Article,yeshikabudhwar,mateenHTOI,6
222422,Tweet,yeshikabudhwar,AlokKNMishra,69
222448,Tweet,yeshikabudhwar,jennydeluxe,43
222466,Tweet,yeshikabudhwar,sermoninstone,165
222395,Tweet,yeshikabudhwar,vijaysinghTOI,153
222418,Tweet,yeshikabudhwar,elizabday,59
222435,Tweet,yeshikabudhwar,NYTimesCohen,438
222408,Tweet,yeshikabudhwar,advityabahlTOI,51
222390,Tweet,yeshikabudhwar,aleksk,149
222444,Tweet,yeshikabudhwar,vanbadham,237
222407,Tweet,yeshikabudhwar,jennydeluxe,290
222457,Tweet,yeshikabudhwar,vijaysinghTOI,148
222454,Tweet,yeshikabudhwar,vvfriedman,88
222460,Tweet,yeshikabudhwar,sermoninstone,61
222371,Tweet,yeshikabudhwar,EricaLG,15
222427,Tweet,yeshikabudhwar,vanbadham,182
20093,Article,chrishughes,chrishughes,1
20068,Article,chrishughes,chrishughes,1
20070,Article,chrishughes,chrishughes,1
20059,Article,chrishughes,chrishughes,1
20027,Article,chrishughes,chrishughes,1
20096,Article,chrishughes,pete_wells,174
20097,Article,chrishughes,chrishughes,1
20049,Article,chrishughes,chrishughes,1
20066,Article,chrishughes,chrishughes,1
20075,Article,chrishughes,chrishughes,1
20008,Article,chrishughes,chrishughes,1
20072,Article,chrishughes,chrishughes,1
20000,Article,chrishughes,gailcollins,427
20010,Article,chrishughes,rondakaysen,311
20088,Article,chrishughes,chrishughes,1
20161,Tweet,chrishughes,ditzkoff,45
20191,Tweet,chrishughes,DerekMalcolm123,397
20162,Tweet,chrishughes,binays1960,210
20107,Tweet,chrishughes,RBReich,122
20139,Tweet,chrishughes,sangerkatz,60
20130,Tweet,chrishughes,kbennhold,188
20144,Tweet,chrishughes,samrob12,4
20197,Tweet,chrishughes,polblonde,456
20108,Tweet,chrishughes,gailcollins,208
20117,Tweet,chrishughes,ggreenwald,31
20118,Tweet,chrishughes,davidhepworth,457
20157,Tweet,chrishughes,fmanjoo,10
20194,Tweet,chrishughes,jillfilipovic,2
20198,Tweet,chrishughes,richardwolffedc,182
20176,Tweet,chrishughes,joncaramanica,4
47855,Article,kenanmalik,nicklezard,5
47966,Article,kenanmalik,DanielKingChess,14
48075,Article,kenanmalik,kenanmalik,1
47919,Article,kenanmalik,WilbyPeter,44
47846,Article,kenanmalik,RBReich,293
48094,Article,kenanmalik,winematcher,3
47981,Article,kenanmalik,kenanmalik,1
47917,Article,kenanmalik,afuahirsch,22
47881,Article,kenanmalik,NilsPratley,130
47987,Article,kenanmalik,kenanmalik,1
48077,Article,kenanmalik,paulkrugman,23
47847,Article,kenanmalik,mtomasky,73
48020,Article,kenanmalik,kenanmalik,1
48089,Article,kenanmalik,kenanmalik,1
48033,Article,kenanmalik,kenanmalik,1
48165,Tweet,kenanmalik,lyngardner,202
48493,Tweet,kenanmalik,davidhepworth,38
48307,Tweet,kenanmalik,NYTimesCohen,22
48571,Tweet,kenanmalik,SocialQPhilip,129
48634,Tweet,kenanmalik,polblonde,31
48185,Tweet,kenanmalik,richardwolffedc,167
48345,Tweet,kenanmalik,lyngardner,135
48582,Tweet,kenanmalik,alanconnor,53
48386,Tweet,kenanmalik,jennydeluxe,92
48478,Tweet,kenanmalik,ianrausten,77
48435,Tweet,kenanmalik,LFFriedman,335
48161,Tweet,kenanmalik,timatkin,244
48501,Tweet,kenanmalik,EricaLG,115
48579,Tweet,kenanmalik,bglendenning,46
48524,Tweet,kenanmalik,alexvtunzelmann,4
210533,Article,ShoebKhanTOI,shafaquealamTOI,76
210600,Article,ShoebKhanTOI,rajendrasTOI,41
210531,Article,ShoebKhanTOI,dipakdashTOI,39
210449,Article,ShoebKhanTOI,palaknandiTOI,23
210596,Article,ShoebKhanTOI,yeshikabudhwar,2
210418,Article,ShoebKhanTOI,naomi2009,31
210575,Article,ShoebKhanTOI,akhileshsTOI,6
210514,Article,ShoebKhanTOI,hannahdev,23
210611,Article,ShoebKhanTOI,pankajdoval,13
210553,Article,ShoebKhanTOI,palaknandiTOI,9
210416,Article,ShoebKhanTOI,asrpmukeshTOI,29
210623,Article,ShoebKhanTOI,KapildaveTOI,128
210562,Article,ShoebKhanTOI,sushmi_dey,14
210498,Article,ShoebKhanTOI,yeshikabudhwar,96
210572,Article,ShoebKhanTOI,SidharthB25,88
210702,Tweet,ShoebKhanTOI,rajendrasTOI,26
210685,Tweet,ShoebKhanTOI,AnujaJaiswalTOI,23
210665,Tweet,ShoebKhanTOI,vvfriedman,457
210651,Tweet,ShoebKhanTOI,mateenHTOI,4
210715,Tweet,ShoebKhanTOI,manvirsainiTOI,4
210696,Tweet,ShoebKhanTOI,bindiyachariTOI,13
210707,Tweet,ShoebKhanTOI,rajendrasTOI,30
210667,Tweet,ShoebKhanTOI,pradeeptTOI,99
210730,Tweet,ShoebKhanTOI,ChaitanyadTOI,10
210677,Tweet,ShoebKhanTOI,ShoebKhanTOI,1
210636,Tweet,ShoebKhanTOI,ipsinghTOI,2
210721,Tweet,ShoebKhanTOI,AlokKNMishra,4
210644,Tweet,ShoebKhanTOI,aditya_bh16,147
210727,Tweet,ShoebKhanTOI,DerekMalcolm123,16
210672,Tweet,ShoebKhanTOI,palaknandiTOI,10
208014,Article,Rupalijee,durgeshjhaTOI,3
208021,Article,Rupalijee,parthasinha,5
207867,Article,Rupalijee,rhymetraveller,5
207952,Article,Rupalijee,digbijaymishra1,3
207903,Article,Rupalijee,naomi2009,6
208055,Article,Rupalijee,007pandey,8
207908,Article,Rupalijee,MKSinghGkp,27
208013,Article,Rupalijee,007pandey,6
207938,Article,Rupalijee,SidharthB25,11
208027,Article,Rupalijee,durgeshjhaTOI,19
207893,Article,Rupalijee,niyatiparikhTOI,14
207932,Article,Rupalijee,parthasinha,2
208092,Article,Rupalijee,pradeeptTOI,17
208057,Article,Rupalijee,parthasinha,12
207990,Article,Rupalijee,gmorgenson,3
208167,Tweet,Rupalijee,winematcher,58
208186,Tweet,Rupalijee,kush_junglee,25
208121,Tweet,Rupalijee,petleepeter,54
208136,Tweet,Rupalijee,charltonbrooker,258
208125,Tweet,Rupalijee,petleepeter,63
208174,Tweet,Rupalijee,nytDeniseGrady,3
208115,Tweet,Rupalijee,petleepeter,69
208094,Tweet,Rupalijee,rjadHinduBL,3
208107,Tweet,Rupalijee,MoharBasu,153
208165,Tweet,Rupalijee,alexbellos,4
208154,Tweet,Rupalijee,timlottwriter,4
208129,Tweet,Rupalijee,ChaitanyadTOI,78
208127,Tweet,Rupalijee,ShrinivasaMTOI,67
208103,Tweet,Rupalijee,smita_mishra,41
208187,Tweet,Rupalijee,journo_vibha,241
65685,Article,davidleighx,JessicaValenti,184
65609,Article,davidleighx,davidleighx,1
65772,Article,davidleighx,declanwalsh,4
65776,Article,davidleighx,ewenmacaskill,6
65680,Article,davidleighx,declanwalsh,2
65741,Article,davidleighx,declanwalsh,7
65546,Article,davidleighx,jeannasmialek,90
65597,Article,davidleighx,nicholaswatt,2
65715,Article,davidleighx,declanwalsh,16
65655,Article,davidleighx,Bencjacobs,32
65758,Article,davidleighx,nicholaswatt,4
65726,Article,davidleighx,Lattif,232
65536,Article,davidleighx,DouthatNYT,227
65642,Article,davidleighx,PippaCrerar,7
65763,Article,davidleighx,john_hooper,4
66092,Tweet,davidleighx,polblonde,4
66168,Tweet,davidleighx,AndrewSparrow,19
66257,Tweet,davidleighx,polblonde,3
65936,Tweet,davidleighx,NilsPratley,9
66082,Tweet,davidleighx,wesley_morris,230
66184,Tweet,davidleighx,davidleighx,1
65946,Tweet,davidleighx,davidleighx,1
65947,Tweet,davidleighx,vanbadham,92
66109,Tweet,davidleighx,RaphaelMinder,30
65810,Tweet,davidleighx,polblonde,2
66340,Tweet,davidleighx,oliverburkeman,68
66356,Tweet,davidleighx,davidleighx,1
66153,Tweet,davidleighx,SocialQPhilip,51
65959,Tweet,davidleighx,naomi2009,130
66274,Tweet,davidleighx,Mahafreed_Irani,25
20443,Article,dwightgarner,DouthatNYT,2
20448,Article,dwightgarner,RorySmith,15
20462,Article,dwightgarner,pete_wells,4
20422,Article,dwightgarner,dwightgarner,1
20447,Article,dwightgarner,zwoolfe,8
20424,Article,dwightgarner,NYTimesCohen,5
20433,Article,dwightgarner,RBReich,3
20452,Article,dwightgarner,NYTimesCohen,4
20477,Article,dwightgarner,pete_wells,2
20444,Article,dwightgarner,jayrayner1,135
20421,Article,dwightgarner,PerriKlass,9
20449,Article,dwightgarner,parul_sehgal,2
20463,Article,dwightgarner,dwightgarner,1
20403,Article,dwightgarner,jwpetersNYT,3
20458,Article,dwightgarner,dwightgarner,1
20546,Tweet,dwightgarner,brooksbarnesNYT,45
20515,Tweet,dwightgarner,aleksk,206
20584,Tweet,dwightgarner,mtomasky,17
20588,Tweet,dwightgarner,debaratisen,368
20520,Tweet,dwightgarner,IanCobain,348
20587,Tweet,dwightgarner,joncaramanica,32
20549,Tweet,dwightgarner,smbahr14,25
20599,Tweet,dwightgarner,DouthatNYT,2
20555,Tweet,dwightgarner,dwightgarner,1
20594,Tweet,dwightgarner,el_belson,131
20509,Tweet,dwightgarner,aleksk,240
20527,Tweet,dwightgarner,aleksk,48
20523,Tweet,dwightgarner,davidhepworth,244
20597,Tweet,dwightgarner,bykaren,98
20542,Tweet,dwightgarner,aleksk,144
192282,Article,manvirsainiTOI,AshokPradhanTOI,97
192504,Article,manvirsainiTOI,aniljdias,61
192360,Article,manvirsainiTOI,KapildaveTOI,30
192298,Article,manvirsainiTOI,ewenmacaskill,83
192344,Article,manvirsainiTOI,vijayVsinghTOI,159
192295,Article,manvirsainiTOI,durgeshjhaTOI,265
192329,Article,manvirsainiTOI,toi_dhananjayM,18
192361,Article,manvirsainiTOI,BhanupratapsTOI,20
192372,Article,manvirsainiTOI,declanwalsh,176
192423,Article,manvirsainiTOI,har_mandeep,67
192371,Article,manvirsainiTOI,jimwaterson,113
192418,Article,manvirsainiTOI,davidhepworth,278
192306,Article,manvirsainiTOI,tomfriedman,141
192475,Article,manvirsainiTOI,toi_dhananjayM,38
192448,Article,manvirsainiTOI,AtulMathur_,95
192601,Tweet,manvirsainiTOI,shafaquealamTOI,80
192599,Tweet,manvirsainiTOI,ShoebKhanTOI,28
192547,Tweet,manvirsainiTOI,MohitaTOI,25
192527,Tweet,manvirsainiTOI,NikiKitsantonis,2
192570,Tweet,manvirsainiTOI,SindhukTOI,110
192513,Tweet,manvirsainiTOI,RosySequeiraTOI,113
192515,Tweet,manvirsainiTOI,omjasvinTOI,66
192535,Tweet,manvirsainiTOI,journo_vibha,13
192574,Tweet,manvirsainiTOI,murarishetyeTOI,12
192585,Tweet,manvirsainiTOI,npfandos,24
192533,Tweet,manvirsainiTOI,journo_vibha,5
192563,Tweet,manvirsainiTOI,dipakdashTOI,64
192554,Tweet,manvirsainiTOI,BhanupratapsTOI,10
192596,Tweet,manvirsainiTOI,journo_vibha,2
192580,Tweet,manvirsainiTOI,priyagupta999,8
123499,Article,AlysFowler,AlysFowler,1
123585,Article,AlysFowler,winematcher,2
123481,Article,AlysFowler,AlysFowler,1
123446,Article,AlysFowler,AlysFowler,1
123502,Article,AlysFowler,AlysFowler,1
123575,Article,AlysFowler,winematcher,2
123514,Article,AlysFowler,lyngardner,39
123550,Article,AlysFowler,AlysFowler,1
123619,Article,AlysFowler,ManjuVTOI,12
123565,Article,AlysFowler,DerekMalcolm123,11
123629,Article,AlysFowler,AlysFowler,1
123546,Article,AlysFowler,AlysFowler,1
123517,Article,AlysFowler,AlysFowler,1
123552,Article,AlysFowler,FelicityCloake,21
123452,Article,AlysFowler,AlysFowler,1
124070,Tweet,AlysFowler,toi_shailendraA,102
123768,Tweet,AlysFowler,elizabday,77
124181,Tweet,AlysFowler,elizabday,122
124228,Tweet,AlysFowler,GeorgeMonbiot,3
123712,Tweet,AlysFowler,vanbadham,261
123946,Tweet,AlysFowler,VivianHo,480
124024,Tweet,AlysFowler,we_are_food,3
123940,Tweet,AlysFowler,alexbellos,19
123758,Tweet,AlysFowler,desaisantosh,15
123872,Tweet,AlysFowler,DouthatNYT,163
123880,Tweet,AlysFowler,desaisantosh,62
124179,Tweet,AlysFowler,MoharBasu,134
123905,Tweet,AlysFowler,AlysFowler,1
123778,Tweet,AlysFowler,dionnesearcey,252
123725,Tweet,AlysFowler,timlottwriter,122
52975,Article,alanconnor,alanconnor,1
52914,Article,alanconnor,alanconnor,1
53026,Article,alanconnor,alanconnor,1
53112,Article,alanconnor,alanconnor,1
52919,Article,alanconnor,alanconnor,1
53116,Article,alanconnor,davidhepworth,2
52997,Article,alanconnor,LauraCummingArt,92
52988,Article,alanconnor,davidhepworth,2
53056,Article,alanconnor,davidhepworth,2
53119,Article,alanconnor,alanconnor,1
53133,Article,alanconnor,alanconnor,1
52946,Article,alanconnor,alanconnor,1
53083,Article,alanconnor,steve_hewlett,2
53000,Article,alanconnor,aleksk,16
53131,Article,alanconnor,DerekMalcolm123,3
53350,Tweet,alanconnor,carlzimmer,53
53734,Tweet,alanconnor,NishikantkTOI,65
53421,Tweet,alanconnor,joshwiddicombe,24
53374,Tweet,alanconnor,ukigoni,29
53450,Tweet,alanconnor,polblonde,6
53708,Tweet,alanconnor,JessicaValenti,133
53468,Tweet,alanconnor,andybrassell,217
53488,Tweet,alanconnor,andybrassell,243
53729,Tweet,alanconnor,mswainwright,75
53252,Tweet,alanconnor,andybrassell,270
53275,Tweet,alanconnor,oliverburkeman,25
53280,Tweet,alanconnor,aleksk,38
53585,Tweet,alanconnor,williamkeegan,41
53753,Tweet,alanconnor,mariellaf1,17
53403,Tweet,alanconnor,SocialQPhilip,66
87327,Article,lyngardner,Markbeaumontuk,3
87440,Article,lyngardner,billicritic,2
87526,Article,lyngardner,billicritic,2
87426,Article,lyngardner,attackerman,490
87388,Article,lyngardner,winematcher,2
87411,Article,lyngardner,mariellaf1,17
87420,Article,lyngardner,lyngardner,1
87459,Article,lyngardner,lyngardner,1
87422,Article,lyngardner,billicritic,2
87454,Article,lyngardner,lyngardner,1
87549,Article,lyngardner,paulmasonnews,44
87497,Article,lyngardner,lyngardner,1
87328,Article,lyngardner,IanCobain,123
87381,Article,lyngardner,LauraCummingArt,149
87391,Article,lyngardner,ericschmittnyt,467
87718,Tweet,lyngardner,bindiyachariTOI,30
87696,Tweet,lyngardner,mariellaf1,2
87630,Tweet,lyngardner,polblonde,89
87662,Tweet,lyngardner,laurenlaverne,24
87579,Tweet,lyngardner,ChaitanyadTOI,44
87674,Tweet,lyngardner,NilsPratley,4
87604,Tweet,lyngardner,tomdyckhoff,4
87566,Tweet,lyngardner,polblonde,58
87734,Tweet,lyngardner,jfordham_jazz,25
87657,Tweet,lyngardner,TristramHuntVA,9
87553,Tweet,lyngardner,lucysiegle,11
87670,Tweet,lyngardner,RosySequeiraTOI,113
87639,Tweet,lyngardner,polblonde,62
87680,Tweet,lyngardner,polblonde,110
87592,Tweet,lyngardner,jennydeluxe,105
127747,Article,RowanMoore,timjonze,53
127753,Article,RowanMoore,DawnHFoster,30
127768,Article,RowanMoore,LucyMangan,9
127771,Article,RowanMoore,OwenJones84,54
127764,Article,RowanMoore,hadleyfreeman,4
127871,Article,RowanMoore,jimwaterson,84
127843,Article,RowanMoore,kenanmalik,11
127681,Article,RowanMoore,PerriKlass,120
127826,Article,RowanMoore,williamkeegan,61
127649,Article,RowanMoore,paulmasonnews,24
127656,Article,RowanMoore,OwenJones84,29
127709,Article,RowanMoore,FelicityCloake,29
127879,Article,RowanMoore,dansabbagh,45
127775,Article,RowanMoore,elizabday,20
127738,Article,RowanMoore,thestephmerritt,87
128171,Tweet,RowanMoore,NYTimesCohen,253
128125,Tweet,RowanMoore,margaretrenkl,25
128359,Tweet,RowanMoore,elizabday,39
127981,Tweet,RowanMoore,NilsPratley,54
128378,Tweet,RowanMoore,oliverburkeman,68
128411,Tweet,RowanMoore,DanielKingChess,117
128449,Tweet,RowanMoore,alexbellos,23
128099,Tweet,RowanMoore,AnujaJaiswalTOI,347
128286,Tweet,RowanMoore,williamkeegan,123
127972,Tweet,RowanMoore,MonaChalabi,184
128016,Tweet,RowanMoore,kbennhold,245
128144,Tweet,RowanMoore,benkenigsberg,310
128371,Tweet,RowanMoore,aleksk,14
127969,Tweet,RowanMoore,oliverburkeman,16
128202,Tweet,RowanMoore,stevenpoole,12
78129,Article,jackschofield,winematcher,79
78122,Article,jackschofield,sisario,97
78109,Article,jackschofield,aleksk,8
78253,Article,jackschofield,LucyMangan,4
78043,Article,jackschofield,jackschofield,1
78057,Article,jackschofield,aleksk,9
78213,Article,jackschofield,jackschofield,1
78270,Article,jackschofield,GeorgeMonbiot,54
78281,Article,jackschofield,jackschofield,1
78116,Article,jackschofield,jackschofield,1
78134,Article,jackschofield,aleksk,3
78241,Article,jackschofield,el_belson,75
78073,Article,jackschofield,alanconnor,31
78108,Article,jackschofield,aleksk,36
78060,Article,jackschofield,manvirsainiTOI,230
78759,Tweet,jackschofield,jeannasmialek,48
78608,Tweet,jackschofield,billicritic,82
78534,Tweet,jackschofield,MonaChalabi,40
78732,Tweet,jackschofield,lucysiegle,84
78803,Tweet,jackschofield,ggreenwald,22
78785,Tweet,jackschofield,marywalshjourno,121
78379,Tweet,jackschofield,gailcollins,159
78363,Tweet,jackschofield,nytDeniseGrady,55
78480,Tweet,jackschofield,dwightgarner,134
78479,Tweet,jackschofield,paulkrugman,84
78589,Tweet,jackschofield,DanBilefsky,193
78629,Tweet,jackschofield,livia_ar,125
78598,Tweet,jackschofield,NilsPratley,134
78666,Tweet,jackschofield,desaisantosh,169
78472,Tweet,jackschofield,alanconnor,107
194053,Article,MKSinghGkp,aseemsgujar,4
194086,Article,MKSinghGkp,mariellaf1,101
194229,Article,MKSinghGkp,NilsPratley,28
194040,Article,MKSinghGkp,paulkrugman,91
194001,Article,MKSinghGkp,questingvole,240
194219,Article,MKSinghGkp,vijayVsinghTOI,21
194127,Article,MKSinghGkp,SidharthB25,3
194187,Article,MKSinghGkp,AshokPradhanTOI,2
194141,Article,MKSinghGkp,parthasinha,3
194124,Article,MKSinghGkp,durgeshjhaTOI,12
194027,Article,MKSinghGkp,andrewrsorkin,19
194077,Article,MKSinghGkp,RoniNYTimes,25
194008,Article,MKSinghGkp,007pandey,46
194212,Article,MKSinghGkp,anandbodhTOI,40
194160,Article,MKSinghGkp,Rupalijee,34
194295,Tweet,MKSinghGkp,tejalrao,253
194324,Tweet,MKSinghGkp,smita_mishra,6
194323,Tweet,MKSinghGkp,dklavaniaTOI,118
194273,Tweet,MKSinghGkp,EricaLG,107
194260,Tweet,MKSinghGkp,desaisantosh,177
194276,Tweet,MKSinghGkp,vanbadham,342
194272,Tweet,MKSinghGkp,priyagupta999,102
194340,Tweet,MKSinghGkp,tariqpanja,61
194332,Tweet,MKSinghGkp,petleepeter,3
194306,Tweet,MKSinghGkp,toi_ManujaV,13
194346,Tweet,MKSinghGkp,Gauraw2297,29
194280,Tweet,MKSinghGkp,andrewrsorkin,9
194251,Tweet,MKSinghGkp,jeannasmialek,90
194329,Tweet,MKSinghGkp,Gauraw2297,11
194337,Tweet,MKSinghGkp,AraniBasuTOI,23
158096,Article,leninology,ggreenwald,87
158060,Article,leninology,LucyMangan,15
158085,Article,leninology,sunny_hundal,38
157995,Article,leninology,jillfilipovic,26
158025,Article,leninology,ggreenwald,10
158007,Article,leninology,lukeharding1968,39
158074,Article,leninology,Bencjacobs,153
158036,Article,leninology,leninology,1
158064,Article,leninology,davidhepworth,42
158029,Article,leninology,Bencjacobs,16
157991,Article,leninology,AndrewSparrow,23
158057,Article,leninology,cdcaron,339
158094,Article,leninology,leninology,1
158073,Article,leninology,OwenJones84,46
158032,Article,leninology,NilsPratley,2
158690,Tweet,leninology,alexanderburns,17
158352,Tweet,leninology,NishikantkTOI,255
158587,Tweet,leninology,DouthatNYT,18
158649,Tweet,leninology,polblonde,17
158455,Tweet,leninology,polblonde,15
158519,Tweet,leninology,polblonde,45
158161,Tweet,leninology,SearleAdrian,120
158520,Tweet,leninology,DouthatNYT,26
158687,Tweet,leninology,RBReich,50
158623,Tweet,leninology,andrewrsorkin,31
158706,Tweet,leninology,DouthatNYT,15
158205,Tweet,leninology,sangerkatz,93
158537,Tweet,leninology,RorySmith,15
158442,Tweet,leninology,williamkeegan,27
158646,Tweet,leninology,billicritic,194
192688,Article,MarcusMergulhao,parthasinha,9
192741,Article,MarcusMergulhao,paulkrugman,40
192775,Article,MarcusMergulhao,saumyajitbTOI,11
192820,Article,MarcusMergulhao,sudeshnagTOI,17
192699,Article,MarcusMergulhao,RorySmith,4
192615,Article,MarcusMergulhao,sudeshnagTOI,9
192661,Article,MarcusMergulhao,gilestremlett,72
192667,Article,MarcusMergulhao,Shilarze_SSR,4
192815,Article,MarcusMergulhao,DouthatNYT,9
192768,Article,MarcusMergulhao,parthasinha,3
192745,Article,MarcusMergulhao,tariqpanja,2
192719,Article,MarcusMergulhao,hugolowell,13
192743,Article,MarcusMergulhao,abantika77,30
192675,Article,MarcusMergulhao,saumyajitbTOI,8
192761,Article,MarcusMergulhao,RorySmith,5
192882,Tweet,MarcusMergulhao,seaningle,9
192871,Tweet,MarcusMergulhao,RichardFausset,63
192919,Tweet,MarcusMergulhao,adwaidh,5
192953,Tweet,MarcusMergulhao,alanfeuer,171
192911,Tweet,MarcusMergulhao,joshwiddicombe,106
192864,Tweet,MarcusMergulhao,smita_mishra,117
192907,Tweet,MarcusMergulhao,mtomasky,5
192870,Tweet,MarcusMergulhao,SyedAkbarTOI,11
192906,Tweet,MarcusMergulhao,divyapal2013,15
192896,Tweet,MarcusMergulhao,toi_rohanA,5
192909,Tweet,MarcusMergulhao,RorySmith,2
192875,Tweet,MarcusMergulhao,marcatracy,245
192945,Tweet,MarcusMergulhao,DanielKingChess,7
192867,Tweet,MarcusMergulhao,PatrickKingsley,19
192944,Tweet,MarcusMergulhao,divyapal2013,32
52218,Article,KateEMcCann,winematcher,9
52304,Article,KateEMcCann,NilsPratley,6
52109,Article,KateEMcCann,winematcher,4
52221,Article,KateEMcCann,williamkeegan,31
52142,Article,KateEMcCann,HackneyAbbott,2
52268,Article,KateEMcCann,OwenJones84,63
52087,Article,KateEMcCann,mariellaf1,61
52135,Article,KateEMcCann,KateEMcCann,1
52290,Article,KateEMcCann,LeoHickman,2
52288,Article,KateEMcCann,alanconnor,30
52188,Article,KateEMcCann,DawnHFoster,19
52241,Article,KateEMcCann,VivianHo,162
52191,Article,KateEMcCann,DawnHFoster,2
52211,Article,KateEMcCann,Bencjacobs,383
52083,Article,KateEMcCann,JessicaValenti,217
52740,Tweet,KateEMcCann,gailcollins,360
52484,Tweet,KateEMcCann,williamnhutton,47
52444,Tweet,KateEMcCann,AndrewSparrow,7
52639,Tweet,KateEMcCann,marthakelner,8
52437,Tweet,KateEMcCann,AndrewSparrow,2
52399,Tweet,KateEMcCann,NilsPratley,11
52672,Tweet,KateEMcCann,JohnJCrace,28
52350,Tweet,KateEMcCann,elizabday,143
52596,Tweet,KateEMcCann,MoharBasu,44
52730,Tweet,KateEMcCann,NilsPratley,97
52456,Tweet,KateEMcCann,paulmasonnews,77
52643,Tweet,KateEMcCann,AnushkaAsthana,8
52554,Tweet,KateEMcCann,HackneyAbbott,36
52835,Tweet,KateEMcCann,ewenmacaskill,24
52889,Tweet,KateEMcCann,MoharBasu,234
152190,Article,sarahchurchwell,nicklezard,15
152265,Article,sarahchurchwell,NYTimesCohen,100
152268,Article,sarahchurchwell,andybrassell,256
152214,Article,sarahchurchwell,hadleyfreeman,36
152260,Article,sarahchurchwell,jhoffman,47
152226,Article,sarahchurchwell,AndrewSparrow,58
152196,Article,sarahchurchwell,gilestremlett,298
152283,Article,sarahchurchwell,stevenpoole,30
152168,Article,sarahchurchwell,lyngardner,61
152194,Article,sarahchurchwell,jillfilipovic,183
152173,Article,sarahchurchwell,alexbellos,69
152267,Article,sarahchurchwell,parul_sehgal,22
152216,Article,sarahchurchwell,OwenJones84,107
152264,Article,sarahchurchwell,gabyhinsliff,23
152253,Article,sarahchurchwell,OwenJones84,101
152699,Tweet,sarahchurchwell,timlottwriter,54
152369,Tweet,sarahchurchwell,andybrassell,188
152315,Tweet,sarahchurchwell,MonaChalabi,64
152556,Tweet,sarahchurchwell,afuahirsch,129
152756,Tweet,sarahchurchwell,vijaysinghTOI,47
152720,Tweet,sarahchurchwell,RorySmith,45
152577,Tweet,sarahchurchwell,williamnhutton,51
152340,Tweet,sarahchurchwell,afuahirsch,151
152565,Tweet,sarahchurchwell,JoshuaRozenberg,21
152866,Tweet,sarahchurchwell,parul_sehgal,125
152693,Tweet,sarahchurchwell,pete_wells,238
152653,Tweet,sarahchurchwell,ggreenwald,106
152810,Tweet,sarahchurchwell,charltonbrooker,7
152413,Tweet,sarahchurchwell,polblonde,5
152483,Tweet,sarahchurchwell,sermoninstone,160
200791,Article,petleepeter,rajatpTOI,16
200984,Article,petleepeter,SribaalaVTOI,58
200810,Article,petleepeter,yeshikabudhwar,83
200851,Article,petleepeter,AlokKNMishra,7
200911,Article,petleepeter,Banjotkaur,32
200854,Article,petleepeter,rebeccaSTOI,59
200994,Article,petleepeter,AtulMathur_,14
200961,Article,petleepeter,SindhukTOI,80
200855,Article,petleepeter,Crime_Selvaraj,48
200963,Article,petleepeter,yeshikabudhwar,24
200930,Article,petleepeter,UttaraVarmaTOI,2
200845,Article,petleepeter,BawaNaaved,38
200938,Article,petleepeter,AtulMathur_,4
200799,Article,petleepeter,vijayVsinghTOI,111
200982,Article,petleepeter,aseemsgujar,54
201030,Tweet,petleepeter,petleepeter,1
201037,Tweet,petleepeter,GRajivTOI,191
201100,Tweet,petleepeter,vivek9301,59
201041,Tweet,petleepeter,petleepeter,1
201110,Tweet,petleepeter,GRajivTOI,212
201026,Tweet,petleepeter,petleepeter,1
201043,Tweet,petleepeter,meeravohraTOI,4
201082,Tweet,petleepeter,pradeepjourno,127
201036,Tweet,petleepeter,vijayVsinghTOI,93
201023,Tweet,petleepeter,petleepeter,1
201035,Tweet,petleepeter,HinaRohtaki,134
201097,Tweet,petleepeter,rachshabi,260
201111,Tweet,petleepeter,petleepeter,1
201027,Tweet,petleepeter,petleepeter,1
201105,Tweet,petleepeter,petleepeter,1
130437,Article,ArthurNeslen,vijayVsinghTOI,18
130359,Article,ArthurNeslen,ArthurNeslen,1
130434,Article,ArthurNeslen,ewenmacaskill,14
130305,Article,ArthurNeslen,PippaCrerar,25
130402,Article,ArthurNeslen,LFFriedman,3
130278,Article,ArthurNeslen,ArthurNeslen,1
130217,Article,ArthurNeslen,PjJoychen,2
130409,Article,ArthurNeslen,ArthurNeslen,1
130426,Article,ArthurNeslen,patrickwintour,115
130358,Article,ArthurNeslen,ArthurNeslen,1
130380,Article,ArthurNeslen,naomi2009,9
130347,Article,ArthurNeslen,noamscheiber,89
130224,Article,ArthurNeslen,AndrewSparrow,7
130320,Article,ArthurNeslen,ArthurNeslen,1
130214,Article,ArthurNeslen,PippaCrerar,4
130479,Tweet,ArthurNeslen,ArthurNeslen,1
130780,Tweet,ArthurNeslen,kush_junglee,46
130969,Tweet,ArthurNeslen,PNaveenTOI,21
130556,Tweet,ArthurNeslen,OwenJones84,380
130909,Tweet,ArthurNeslen,RosySequeiraTOI,19
130862,Tweet,ArthurNeslen,ArthurNeslen,1
130622,Tweet,ArthurNeslen,sangerkatz,24
130774,Tweet,ArthurNeslen,nicklezard,30
130677,Tweet,ArthurNeslen,PjJoychen,7
130849,Tweet,ArthurNeslen,williamnhutton,84
130647,Tweet,ArthurNeslen,jhoffman,122
130872,Tweet,ArthurNeslen,ArthurNeslen,1
130701,Tweet,ArthurNeslen,BawaNaaved,296
130871,Tweet,ArthurNeslen,RaphaelMinder,425
130624,Tweet,ArthurNeslen,williamkeegan,115
161937,Article,jfordham_jazz,MarinaOLoughlin,102
162073,Article,jfordham_jazz,ottolenghi,186
162084,Article,jfordham_jazz,JoshuaRozenberg,72
161911,Article,jfordham_jazz,jfordham_jazz,1
162077,Article,jfordham_jazz,msrachelcooke,238
161933,Article,jfordham_jazz,jfordham_jazz,1
162108,Article,jfordham_jazz,hugolowell,79
162070,Article,jfordham_jazz,thrasherxy,23
162092,Article,jfordham_jazz,DerekMalcolm123,180
162056,Article,jfordham_jazz,laurenlaverne,9
161882,Article,jfordham_jazz,MoharBasu,2
162038,Article,jfordham_jazz,bencasselman,83
161986,Article,jfordham_jazz,jfordham_jazz,1
161964,Article,jfordham_jazz,DawnHFoster,55
161998,Article,jfordham_jazz,afuahirsch,284
162121,Tweet,jfordham_jazz,jfordham_jazz,1
162143,Tweet,jfordham_jazz,laurenlaverne,12
162278,Tweet,jfordham_jazz,meeravohraTOI,2
162148,Tweet,jfordham_jazz,jfordham_jazz,1
162309,Tweet,jfordham_jazz,jfordham_jazz,1
162136,Tweet,jfordham_jazz,palaknandiTOI,6
162243,Tweet,jfordham_jazz,greenslader,134
162322,Tweet,jfordham_jazz,divyapal2013,5
162124,Tweet,jfordham_jazz,billicritic,2
162244,Tweet,jfordham_jazz,jfordham_jazz,1
162326,Tweet,jfordham_jazz,priyagupta999,6
162165,Tweet,jfordham_jazz,DanielKingChess,6
162295,Tweet,jfordham_jazz,ASoloski,2
162223,Tweet,jfordham_jazz,jfordham_jazz,1
162274,Tweet,jfordham_jazz,laurenlaverne,3
131915,Article,tomdyckhoff,tomdyckhoff,1
131958,Article,tomdyckhoff,tomdyckhoff,1
131959,Article,tomdyckhoff,tomdyckhoff,1
131828,Article,tomdyckhoff,tomdyckhoff,1
132035,Article,tomdyckhoff,tomdyckhoff,1
131899,Article,tomdyckhoff,davidhepworth,16
132074,Article,tomdyckhoff,tomdyckhoff,1
131969,Article,tomdyckhoff,tomdyckhoff,1
131957,Article,tomdyckhoff,tomdyckhoff,1
131951,Article,tomdyckhoff,tomdyckhoff,1
131834,Article,tomdyckhoff,tomdyckhoff,1
131940,Article,tomdyckhoff,tomdyckhoff,1
132046,Article,tomdyckhoff,tomdyckhoff,1
132039,Article,tomdyckhoff,tomdyckhoff,1
131837,Article,tomdyckhoff,tomdyckhoff,1
133744,Tweet,tomdyckhoff,DouthatNYT,139
133140,Tweet,tomdyckhoff,wesley_morris,283
133467,Tweet,tomdyckhoff,Mahafreed_Irani,214
132853,Tweet,tomdyckhoff,elizabday,120
133374,Tweet,tomdyckhoff,mtomasky,482
133304,Tweet,tomdyckhoff,oliverburkeman,118
133275,Tweet,tomdyckhoff,LeoHickman,13
133683,Tweet,tomdyckhoff,joncaramanica,322
133165,Tweet,tomdyckhoff,priyagupta999,47
132357,Tweet,tomdyckhoff,binays1960,410
133908,Tweet,tomdyckhoff,lyngardner,8
133464,Tweet,tomdyckhoff,elizabday,61
133469,Tweet,tomdyckhoff,sendvictorious,3
132674,Tweet,tomdyckhoff,MarinaOLoughlin,2
132463,Tweet,tomdyckhoff,timlottwriter,7
28295,Article,StacyCowley,jimtankersley,52
28269,Article,StacyCowley,jeannasmialek,7
28236,Article,StacyCowley,jeannasmialek,23
28259,Article,StacyCowley,jeannasmialek,3
28268,Article,StacyCowley,marywalshjourno,17
28265,Article,StacyCowley,parthasinha,93
28283,Article,StacyCowley,jimtankersley,4
28205,Article,StacyCowley,dwightgarner,65
28249,Article,StacyCowley,RBReich,103
28228,Article,StacyCowley,bencasselman,13
28227,Article,StacyCowley,hillhulse,25
28234,Article,StacyCowley,jeannasmialek,21
28203,Article,StacyCowley,fmanjoo,98
28206,Article,StacyCowley,RBReich,7
28233,Article,StacyCowley,bencasselman,5
28307,Tweet,StacyCowley,ESCochrane,4
28395,Tweet,StacyCowley,sangerkatz,33
28366,Tweet,StacyCowley,elizabday,127
28396,Tweet,StacyCowley,joecoscarelli,51
28392,Tweet,StacyCowley,StacyCowley,1
28397,Tweet,StacyCowley,jennydeluxe,107
28340,Tweet,StacyCowley,digbijaymishra1,12
28308,Tweet,StacyCowley,nytmike,128
28335,Tweet,StacyCowley,SharonLNYT,5
28388,Tweet,StacyCowley,JessicaValenti,5
28300,Tweet,StacyCowley,StacyCowley,1
28332,Tweet,StacyCowley,billywitz,38
28368,Tweet,StacyCowley,StacyCowley,1
28330,Tweet,StacyCowley,jennydeluxe,2
28305,Tweet,StacyCowley,sangerkatz,30
164942,Article,andybrassell,andybrassell,1
164876,Article,andybrassell,suilee,19
165067,Article,andybrassell,sermoninstone,194
164873,Article,andybrassell,marthakelner,229
164880,Article,andybrassell,andybrassell,1
164978,Article,andybrassell,GeorgeMonbiot,16
164919,Article,andybrassell,andybrassell,1
165009,Article,andybrassell,andybrassell,1
164883,Article,andybrassell,ByJamesWagner,16
164872,Article,andybrassell,andybrassell,1
165018,Article,andybrassell,marthakelner,89
164987,Article,andybrassell,andybrassell,1
165010,Article,andybrassell,bglendenning,108
165077,Article,andybrassell,ByJamesWagner,65
165091,Article,andybrassell,andybrassell,1
165298,Tweet,andybrassell,saumyajitbTOI,273
165492,Tweet,andybrassell,saumyajitbTOI,374
165384,Tweet,andybrassell,elizabday,54
165165,Tweet,andybrassell,RorySmith,136
165306,Tweet,andybrassell,saumyajitbTOI,352
165164,Tweet,andybrassell,KTVinobhaTOI,294
165610,Tweet,andybrassell,bglendenning,29
165483,Tweet,andybrassell,elizabday,4
165468,Tweet,andybrassell,andybrassell,1
165695,Tweet,andybrassell,joshwiddicombe,15
165323,Tweet,andybrassell,marthakelner,58
165330,Tweet,andybrassell,bglendenning,44
165429,Tweet,andybrassell,bglendenning,114
165597,Tweet,andybrassell,FabrizioRomano,29
165667,Tweet,andybrassell,andybrassell,1
211409,Article,Shrivathsan1437,Shrivathsan1437,1
211313,Article,Shrivathsan1437,vivek9301,11
211310,Article,Shrivathsan1437,ericschmittnyt,24
211280,Article,Shrivathsan1437,Pratiks_TOI,7
211412,Article,Shrivathsan1437,vivek9301,10
211386,Article,Shrivathsan1437,rajendrasTOI,7
211378,Article,Shrivathsan1437,pradeeptTOI,99
211304,Article,Shrivathsan1437,jatinder_tur,54
211345,Article,Shrivathsan1437,vivek9301,10
211462,Article,Shrivathsan1437,divyapal2013,107
211491,Article,Shrivathsan1437,marywalshjourno,199
211465,Article,Shrivathsan1437,joshwiddicombe,127
211419,Article,Shrivathsan1437,AndrewSparrow,24
211447,Article,Shrivathsan1437,aniljdias,8
211401,Article,Shrivathsan1437,tariqpanja,26
211553,Tweet,Shrivathsan1437,vivek9301,4
211600,Tweet,Shrivathsan1437,MarcusMergulhao,12
211530,Tweet,Shrivathsan1437,vivek9301,50
211592,Tweet,Shrivathsan1437,attackerman,245
211546,Tweet,Shrivathsan1437,NilsPratley,15
211564,Tweet,Shrivathsan1437,andybrassell,13
211534,Tweet,Shrivathsan1437,BenRothenberg,16
211517,Tweet,Shrivathsan1437,bglendenning,76
211531,Tweet,Shrivathsan1437,andybrassell,78
211567,Tweet,Shrivathsan1437,AraniBasuTOI,49
211562,Tweet,Shrivathsan1437,toi_ManujaV,5
211571,Tweet,Shrivathsan1437,toi_ManujaV,15
211526,Tweet,Shrivathsan1437,desaisantosh,158
211563,Tweet,Shrivathsan1437,juliemTOI,34
211513,Tweet,Shrivathsan1437,tushhaikhush,7
8806,Article,ianrausten,DouthatNYT,18
8820,Article,ianrausten,pete_wells,4
8833,Article,ianrausten,ianrausten,1
8836,Article,ianrausten,DouthatNYT,10
8859,Article,ianrausten,naomi2009,170
8879,Article,ianrausten,pete_wells,5
8856,Article,ianrausten,ianrausten,1
8824,Article,ianrausten,pete_wells,28
8810,Article,ianrausten,andrewrsorkin,382
8855,Article,ianrausten,NYTimesCohen,22
8839,Article,ianrausten,naomi2009,13
8894,Article,ianrausten,damiencave,5
8864,Article,ianrausten,AnaSwanson,66
8842,Article,ianrausten,cdcaron,65
8890,Article,ianrausten,NikiKitsantonis,176
8978,Tweet,ianrausten,NilsPratley,238
8923,Tweet,ianrausten,desaisantosh,21
8933,Tweet,ianrausten,bydanielvictor,169
8943,Tweet,ianrausten,journo_vibha,182
8960,Tweet,ianrausten,alanconnor,81
8915,Tweet,ianrausten,jhoffman,29
8947,Tweet,ianrausten,benkenigsberg,5
8962,Tweet,ianrausten,ianrausten,1
8929,Tweet,ianrausten,christophclarey,83
8953,Tweet,ianrausten,ianrausten,1
8918,Tweet,ianrausten,SearleAdrian,57
8987,Tweet,ianrausten,SocialQPhilip,55
8909,Tweet,ianrausten,toi_shailendraA,10
8906,Tweet,ianrausten,pete_wells,13
8979,Tweet,ianrausten,williamkeegan,108
113288,Article,attackerman,hugolowell,2
113136,Article,attackerman,hugolowell,4
113117,Article,attackerman,declanwalsh,3
113328,Article,attackerman,jennydeluxe,128
113211,Article,attackerman,paulmasonnews,90
113185,Article,attackerman,Bencjacobs,4
113250,Article,attackerman,attackerman,1
113134,Article,attackerman,hugolowell,24
113335,Article,attackerman,ggreenwald,16
113146,Article,attackerman,attackerman,1
113114,Article,attackerman,hugolowell,3
113141,Article,attackerman,hugolowell,3
113139,Article,attackerman,julianbarnes,26
113192,Article,attackerman,jillfilipovic,15
113342,Article,attackerman,andybrassell,51
113838,Tweet,attackerman,nnougayrede,78
113755,Tweet,attackerman,ChuBailiang,171
113628,Tweet,attackerman,brooksbarnesNYT,191
113858,Tweet,attackerman,parul_sehgal,117
113616,Tweet,attackerman,aleksk,128
113378,Tweet,attackerman,charlie_savage,131
113592,Tweet,attackerman,DouthatNYT,136
113438,Tweet,attackerman,suilee,40
113750,Tweet,attackerman,kbennhold,320
113739,Tweet,attackerman,vvfriedman,26
113497,Tweet,attackerman,julianbarnes,15
113679,Tweet,attackerman,ditzkoff,208
113662,Tweet,attackerman,julianbarnes,43
113485,Tweet,attackerman,mtomasky,45
113394,Tweet,attackerman,hillhulse,82
19486,Article,smbahr14,reidepstein,40
19433,Article,smbahr14,apoorva_nyc,87
19450,Article,smbahr14,DerekMalcolm123,38
19493,Article,smbahr14,paulkrugman,65
19481,Article,smbahr14,mtomasky,96
19422,Article,smbahr14,FrancesRobles,245
19456,Article,smbahr14,NYTimesCohen,29
19454,Article,smbahr14,wesley_morris,15
19411,Article,smbahr14,ASoloski,30
19484,Article,smbahr14,NikiKitsantonis,124
19464,Article,smbahr14,ditzkoff,41
19426,Article,smbahr14,NikiKitsantonis,120
19475,Article,smbahr14,pete_wells,48
19483,Article,smbahr14,SagrikaKissu,76
19415,Article,smbahr14,farnazfassihi,120
19511,Tweet,smbahr14,FlitterOnFraud,81
19578,Tweet,smbahr14,allegramcevedy,28
19558,Tweet,smbahr14,MichaelPaulson,7
19517,Tweet,smbahr14,priyagupta999,150
19593,Tweet,smbahr14,MichaelPaulson,9
19564,Tweet,smbahr14,peterbradshaw1,27
19518,Tweet,smbahr14,IKershner,96
19582,Tweet,smbahr14,ASoloski,15
19595,Tweet,smbahr14,reidepstein,89
19557,Tweet,smbahr14,psangeetha2112,234
19501,Tweet,smbahr14,genznyt,74
19538,Tweet,smbahr14,vanbadham,32
19555,Tweet,smbahr14,jameskanter,130
19503,Tweet,smbahr14,billywitz,55
19565,Tweet,smbahr14,fmanjoo,19
72375,Article,VivianHo,AnaSwanson,87
72545,Article,VivianHo,EricaLG,44
72360,Article,VivianHo,VivianHo,1
72440,Article,VivianHo,afuahirsch,33
72374,Article,VivianHo,NikiKitsantonis,103
72405,Article,VivianHo,afuahirsch,3
72342,Article,VivianHo,PippaCrerar,156
72496,Article,VivianHo,NilsPratley,222
72450,Article,VivianHo,murarishetyeTOI,77
72337,Article,VivianHo,paulkrugman,46
72459,Article,VivianHo,jillfilipovic,2
72497,Article,VivianHo,toi_shailendraA,438
72441,Article,VivianHo,hugolowell,106
72453,Article,VivianHo,jackschofield,76
72530,Article,VivianHo,mtomasky,33
72678,Tweet,VivianHo,GiniaNYT,196
72914,Tweet,VivianHo,MoharBasu,126
72639,Tweet,VivianHo,ameliagentleman,45
72777,Tweet,VivianHo,Shreyanka_M,287
72608,Tweet,VivianHo,andybrassell,14
72671,Tweet,VivianHo,RorySmith,354
73131,Tweet,VivianHo,jennydeluxe,7
72762,Tweet,VivianHo,jennydeluxe,2
73114,Tweet,VivianHo,vanbadham,51
73032,Tweet,VivianHo,jennydeluxe,8
72647,Tweet,VivianHo,MarinaHyde,52
72670,Tweet,VivianHo,jennydeluxe,5
72766,Tweet,VivianHo,leninology,87
72643,Tweet,VivianHo,aleksk,9
72612,Tweet,VivianHo,carlzimmer,311
164031,Article,PeterTatchell,sunny_hundal,94
164053,Article,PeterTatchell,questingvole,42
164135,Article,PeterTatchell,jhoffman,3
164194,Article,PeterTatchell,salihughes,8
164109,Article,PeterTatchell,sunny_hundal,14
164161,Article,PeterTatchell,ggreenwald,194
164217,Article,PeterTatchell,davidhepworth,6
164228,Article,PeterTatchell,JessicaValenti,235
164019,Article,PeterTatchell,PeterTatchell,1
164150,Article,PeterTatchell,ameliagentleman,117
164127,Article,PeterTatchell,bglendenning,47
164153,Article,PeterTatchell,RBReich,18
164100,Article,PeterTatchell,williamkeegan,20
164018,Article,PeterTatchell,PeterTatchell,1
164156,Article,PeterTatchell,msrachelcooke,10
164540,Tweet,PeterTatchell,GeorgeMonbiot,28
164721,Tweet,PeterTatchell,PeterTatchell,1
164641,Tweet,PeterTatchell,AndrewSparrow,25
164430,Tweet,PeterTatchell,RaphaelMinder,2
164307,Tweet,PeterTatchell,ChuBailiang,204
164807,Tweet,PeterTatchell,PeterTatchell,1
164298,Tweet,PeterTatchell,CarolineLucas,18
164735,Tweet,PeterTatchell,PeterTatchell,1
164472,Tweet,PeterTatchell,GioRussonello,2
164604,Tweet,PeterTatchell,PeterTatchell,1
164303,Tweet,PeterTatchell,genznyt,11
164300,Tweet,PeterTatchell,lukeharding1968,20
164723,Tweet,PeterTatchell,williamnhutton,34
164608,Tweet,PeterTatchell,pradeeptTOI,127
164821,Tweet,PeterTatchell,mateenHTOI,8
126101,Article,martcrossy,martcrossy,1
125955,Article,martcrossy,martcrossy,1
126041,Article,martcrossy,davidhepworth,137
125982,Article,martcrossy,martcrossy,1
126097,Article,martcrossy,williamkeegan,31
126008,Article,martcrossy,JohnJCrace,17
126024,Article,martcrossy,john_hooper,2
126094,Article,martcrossy,martcrossy,1
126068,Article,martcrossy,martcrossy,1
126027,Article,martcrossy,steve_hewlett,4
126143,Article,martcrossy,martcrossy,1
126089,Article,martcrossy,martcrossy,1
126005,Article,martcrossy,martcrossy,1
126055,Article,martcrossy,martcrossy,1
126159,Article,martcrossy,martcrossy,1
126285,Tweet,martcrossy,nicholaswatt,18
126440,Tweet,martcrossy,polblonde,85
126278,Tweet,martcrossy,toi_shailendraA,2
126274,Tweet,martcrossy,charltonbrooker,119
126315,Tweet,martcrossy,elizabday,27
126220,Tweet,martcrossy,nnougayrede,22
126751,Tweet,martcrossy,vijaysinghTOI,224
126786,Tweet,martcrossy,DanielKingChess,111
126340,Tweet,martcrossy,wesley_morris,453
126766,Tweet,martcrossy,chrishughes,264
126562,Tweet,martcrossy,NilsPratley,16
126328,Tweet,martcrossy,LauraCummingArt,46
126474,Tweet,martcrossy,andybrassell,89
126602,Tweet,martcrossy,laurenlaverne,126
126299,Tweet,martcrossy,bylizrobbins,63
14821,Article,NickAtNews,SribaalaVTOI,257
14801,Article,NickAtNews,PatriciaMazzei,77
14835,Article,NickAtNews,noamscheiber,264
14880,Article,NickAtNews,RBReich,221
14820,Article,NickAtNews,jennydeluxe,116
14839,Article,NickAtNews,el_belson,4
14883,Article,NickAtNews,llerer,61
14888,Article,NickAtNews,apoorva_nyc,342
14804,Article,NickAtNews,LizAldermanNYT,189
14800,Article,NickAtNews,NickAtNews,1
14833,Article,NickAtNews,ESCochrane,40
14868,Article,NickAtNews,NikiKitsantonis,29
14827,Article,NickAtNews,NikiKitsantonis,2
14896,Article,NickAtNews,dwightgarner,80
14806,Article,NickAtNews,hillhulse,62
14951,Tweet,NickAtNews,alanfeuer,4
14999,Tweet,NickAtNews,NickAtNews,1
14954,Tweet,NickAtNews,gettinviggy,9
14980,Tweet,NickAtNews,alanfeuer,14
14915,Tweet,NickAtNews,VivianHo,429
14947,Tweet,NickAtNews,hugolowell,24
14977,Tweet,NickAtNews,DSlotnik,2
14928,Tweet,NickAtNews,hugolowell,4
14970,Tweet,NickAtNews,sangerkatz,16
14996,Tweet,NickAtNews,NickAtNews,1
14961,Tweet,NickAtNews,jmart,21
14923,Tweet,NickAtNews,michelleinbklyn,96
14988,Tweet,NickAtNews,pradeeptTOI,91
14990,Tweet,NickAtNews,joecoscarelli,13
14931,Tweet,NickAtNews,hugolowell,40
187728,Article,jayamenon64,rajendrasTOI,34
187615,Article,jayamenon64,jayamenon64,1
187742,Article,jayamenon64,Banjotkaur,17
187644,Article,jayamenon64,niyatiparikhTOI,84
187650,Article,jayamenon64,juliemTOI,2
187643,Article,jayamenon64,Crime_Selvaraj,25
187668,Article,jayamenon64,DekaJayanta,3
187707,Article,jayamenon64,juliemTOI,18
187645,Article,jayamenon64,juliemTOI,68
187686,Article,jayamenon64,naomi2009,61
187690,Article,jayamenon64,declanwalsh,97
187746,Article,jayamenon64,KanwardeepsTOI,136
187698,Article,jayamenon64,jayamenon64,1
187786,Article,jayamenon64,juliemTOI,12
187738,Article,jayamenon64,NilsPratley,15
187814,Tweet,jayamenon64,dkarthikTOI,11
187853,Tweet,jayamenon64,jayamenon64,1
187833,Tweet,jayamenon64,KanwardeepsTOI,50
187806,Tweet,jayamenon64,NYTBen,49
187860,Tweet,jayamenon64,aseemsgujar,36
187828,Tweet,jayamenon64,Lattif,45
187854,Tweet,jayamenon64,LizAldermanNYT,146
187848,Tweet,jayamenon64,HinaRohtaki,12
187877,Tweet,jayamenon64,dkarthikTOI,7
187832,Tweet,jayamenon64,naomi2009,47
187841,Tweet,jayamenon64,PNaveenTOI,47
187824,Tweet,jayamenon64,FrancesRobles,48
187869,Tweet,jayamenon64,petleepeter,157
187836,Tweet,jayamenon64,SindhukTOI,35
187856,Tweet,jayamenon64,Arun_Ram,4
96922,Article,OwenJones84,RBReich,30
96827,Article,OwenJones84,aleksk,4
96874,Article,OwenJones84,NesrineMalik,4
96854,Article,OwenJones84,ChuBailiang,238
96982,Article,OwenJones84,RBReich,21
96999,Article,OwenJones84,paulkrugman,142
96892,Article,OwenJones84,jackschofield,11
96878,Article,OwenJones84,NesrineMalik,13
96804,Article,OwenJones84,thestephmerritt,84
96920,Article,OwenJones84,AndrewSparrow,20
96820,Article,OwenJones84,NesrineMalik,21
96868,Article,OwenJones84,MarinaHyde,29
96939,Article,OwenJones84,hugolowell,60
96971,Article,OwenJones84,JohnJCrace,30
96839,Article,OwenJones84,williamkeegan,149
97309,Tweet,OwenJones84,HackneyAbbott,58
97156,Tweet,OwenJones84,Bencjacobs,241
97375,Tweet,OwenJones84,damiencave,389
97318,Tweet,OwenJones84,ggreenwald,229
97468,Tweet,OwenJones84,williamkeegan,266
97261,Tweet,OwenJones84,jhoffman,3
97404,Tweet,OwenJones84,tomdyckhoff,151
97638,Tweet,OwenJones84,JessicaValenti,50
97403,Tweet,OwenJones84,axrenton,55
97235,Tweet,OwenJones84,tariqpanja,216
97304,Tweet,OwenJones84,lucysiegle,87
97218,Tweet,OwenJones84,ggreenwald,168
97470,Tweet,OwenJones84,andybrassell,44
97116,Tweet,OwenJones84,aleksk,18
97377,Tweet,OwenJones84,kenanmalik,123
214079,Article,SumitraDebRoy,aseemsgujar,2
213977,Article,SumitraDebRoy,SumitraDebRoy,1
214186,Article,SumitraDebRoy,durgeshjhaTOI,2
214182,Article,SumitraDebRoy,AmritadTOI,32
214112,Article,SumitraDebRoy,SumitraDebRoy,1
214161,Article,SumitraDebRoy,SumitraDebRoy,1
214034,Article,SumitraDebRoy,SumitraDebRoy,1
214127,Article,SumitraDebRoy,PjJoychen,9
214036,Article,SumitraDebRoy,rishachitlangia,103
214077,Article,SumitraDebRoy,AtulMathur_,12
214109,Article,SumitraDebRoy,SumitraDebRoy,1
214019,Article,SumitraDebRoy,AnujaJaiswalTOI,9
214038,Article,SumitraDebRoy,sushmi_dey,4
214074,Article,SumitraDebRoy,GRajivTOI,81
214029,Article,SumitraDebRoy,durgeshjhaTOI,2
214231,Tweet,SumitraDebRoy,sermoninstone,76
214286,Tweet,SumitraDebRoy,AlokKNMishra,8
214223,Tweet,SumitraDebRoy,livia_ar,151
214201,Tweet,SumitraDebRoy,pete_wells,55
214212,Tweet,SumitraDebRoy,DSlotnik,47
214237,Tweet,SumitraDebRoy,AnushkaAsthana,28
214202,Tweet,SumitraDebRoy,vaibhavgTOI,90
214234,Tweet,SumitraDebRoy,Banjotkaur,13
214206,Tweet,SumitraDebRoy,SumitraDebRoy,1
214275,Tweet,SumitraDebRoy,ChaitanyadTOI,41
214220,Tweet,SumitraDebRoy,damiencave,109
214240,Tweet,SumitraDebRoy,ChaitanyadTOI,10
214213,Tweet,SumitraDebRoy,ASoloski,259
214269,Tweet,SumitraDebRoy,polblonde,392
214257,Tweet,SumitraDebRoy,AnujaJaiswalTOI,4
211032,Article,ShrinivasaMTOI,KomalGautham,16
211098,Article,ShrinivasaMTOI,BhanupratapsTOI,15
210975,Article,ShrinivasaMTOI,john_hooper,38
211087,Article,ShrinivasaMTOI,amitanandTOI,32
211128,Article,ShrinivasaMTOI,ShrinivasaMTOI,1
210931,Article,ShrinivasaMTOI,durgeshjhaTOI,38
211016,Article,ShrinivasaMTOI,yusrahusain,30
211014,Article,ShrinivasaMTOI,GRajivTOI,126
210912,Article,ShrinivasaMTOI,007pandey,6
211140,Article,ShrinivasaMTOI,EricaLG,205
210922,Article,ShrinivasaMTOI,BhanupratapsTOI,13
211086,Article,ShrinivasaMTOI,AtulMathur_,58
211051,Article,ShrinivasaMTOI,asrpmukeshTOI,41
210962,Article,ShrinivasaMTOI,AtulMathur_,50
211068,Article,ShrinivasaMTOI,gettleman,37
211164,Tweet,ShrinivasaMTOI,somitsenTOI,70
211241,Tweet,ShrinivasaMTOI,SribaalaVTOI,54
211228,Tweet,ShrinivasaMTOI,carlzimmer,236
211235,Tweet,ShrinivasaMTOI,ChaitanyadTOI,3
211159,Tweet,ShrinivasaMTOI,farnazfassihi,123
211185,Tweet,ShrinivasaMTOI,vijaysinghTOI,280
211171,Tweet,ShrinivasaMTOI,EllenBarryNYT,45
211242,Tweet,ShrinivasaMTOI,sandhyanairTOI,141
211191,Tweet,ShrinivasaMTOI,pankajdoval,99
211161,Tweet,ShrinivasaMTOI,divyapal2013,124
211216,Tweet,ShrinivasaMTOI,saumyajitbTOI,147
211199,Tweet,ShrinivasaMTOI,naomi2009,78
211179,Tweet,ShrinivasaMTOI,sermoninstone,38
211251,Tweet,ShrinivasaMTOI,bylizrobbins,310
211204,Tweet,ShrinivasaMTOI,smita_mishra,10
189091,Article,KapildaveTOI,naomi2009,2
188977,Article,KapildaveTOI,KapildaveTOI,1
189145,Article,KapildaveTOI,KapildaveTOI,1
189156,Article,KapildaveTOI,KapildaveTOI,1
189022,Article,KapildaveTOI,KapildaveTOI,1
189094,Article,KapildaveTOI,KapildaveTOI,1
188970,Article,KapildaveTOI,rebeccaSTOI,3
188959,Article,KapildaveTOI,KapildaveTOI,1
189114,Article,KapildaveTOI,KapildaveTOI,1
189034,Article,KapildaveTOI,AshokPradhanTOI,2
188985,Article,KapildaveTOI,pankajdoval,4
189170,Article,KapildaveTOI,PhanindraP_TNIE,8
189053,Article,KapildaveTOI,Bencjacobs,5
189015,Article,KapildaveTOI,KapildaveTOI,1
189027,Article,KapildaveTOI,pankajdoval,2
189197,Tweet,KapildaveTOI,TOISH31,11
189174,Tweet,KapildaveTOI,PatriciaMazzei,35
189208,Tweet,KapildaveTOI,KapildaveTOI,1
189221,Tweet,KapildaveTOI,KapildaveTOI,1
189207,Tweet,KapildaveTOI,PrashantrTOI,46
189228,Tweet,KapildaveTOI,PjJoychen,3
189213,Tweet,KapildaveTOI,KapildaveTOI,1
189220,Tweet,KapildaveTOI,KapildaveTOI,1
189219,Tweet,KapildaveTOI,PrashantrTOI,5
189199,Tweet,KapildaveTOI,BawaNaaved,9
189227,Tweet,KapildaveTOI,KapildaveTOI,1
189203,Tweet,KapildaveTOI,TOISH31,151
189198,Tweet,KapildaveTOI,PrashantrTOI,6
189242,Tweet,KapildaveTOI,TOISH31,82
189200,Tweet,KapildaveTOI,niyatiparikhTOI,2
22284,Article,joncaramanica,leninology,145
22283,Article,joncaramanica,NYTimesCohen,98
22252,Article,joncaramanica,joncaramanica,1
22260,Article,joncaramanica,EVincentelli,19
22248,Article,joncaramanica,jonpareles,9
22214,Article,joncaramanica,RorySmith,20
22266,Article,joncaramanica,DouthatNYT,63
22234,Article,joncaramanica,joncaramanica,1
22267,Article,joncaramanica,paulkrugman,22
22243,Article,joncaramanica,ElisabethMalkin,156
22273,Article,joncaramanica,andrewrsorkin,30
22282,Article,joncaramanica,jonpareles,5
22231,Article,joncaramanica,DSlotnik,363
22287,Article,joncaramanica,brooksbarnesNYT,2
22211,Article,joncaramanica,DouthatNYT,33
22323,Tweet,joncaramanica,joncaramanica,1
22333,Tweet,joncaramanica,jorifinkel,24
22384,Tweet,joncaramanica,JessicaValenti,6
22334,Tweet,joncaramanica,joncaramanica,1
22366,Tweet,joncaramanica,aleksk,2
22375,Tweet,joncaramanica,jonpareles,2
22320,Tweet,joncaramanica,RorySmith,11
22372,Tweet,joncaramanica,joncaramanica,1
22340,Tweet,joncaramanica,billmpennington,10
22355,Tweet,joncaramanica,joncaramanica,1
22339,Tweet,joncaramanica,laurenlaverne,15
22397,Tweet,joncaramanica,vanbadham,2
22386,Tweet,joncaramanica,RosySequeiraTOI,5
22345,Tweet,joncaramanica,parul_sehgal,100
22363,Tweet,joncaramanica,joecoscarelli,2
104571,Article,elizabday,jillfilipovic,121
104663,Article,elizabday,nnougayrede,333
104586,Article,elizabday,hannahdev,119
104596,Article,elizabday,GeorgeMonbiot,159
104467,Article,elizabday,wesley_morris,320
104650,Article,elizabday,aleksk,210
104436,Article,elizabday,Bencjacobs,182
104575,Article,elizabday,andybrassell,17
104484,Article,elizabday,jfordham_jazz,481
104450,Article,elizabday,jillfilipovic,362
104633,Article,elizabday,SearleAdrian,18
104576,Article,elizabday,VivianHo,8
104661,Article,elizabday,DerekMalcolm123,450
104600,Article,elizabday,jillfilipovic,177
104443,Article,elizabday,EllenBarryNYT,47
104888,Tweet,elizabday,elizabday,1
105109,Tweet,elizabday,sendvictorious,87
105268,Tweet,elizabday,RebeccaSeal,98
105250,Tweet,elizabday,JessicaValenti,2
105153,Tweet,elizabday,andybrassell,6
104823,Tweet,elizabday,elizabday,1
105182,Tweet,elizabday,LucyMangan,94
104843,Tweet,elizabday,afuahirsch,3
104980,Tweet,elizabday,elizabday,1
104858,Tweet,elizabday,davidhepworth,298
104739,Tweet,elizabday,elizabday,1
105110,Tweet,elizabday,salihughes,369
104852,Tweet,elizabday,NYTimesCohen,496
105259,Tweet,elizabday,laurenlaverne,54
105260,Tweet,elizabday,DerekMalcolm123,296
142190,Article,nicklezard,nicklezard,1
142319,Article,nicklezard,nicklezard,1
142331,Article,nicklezard,nicklezard,1
142155,Article,nicklezard,nicklezard,1
142290,Article,nicklezard,nicklezard,1
142336,Article,nicklezard,attackerman,110
142367,Article,nicklezard,alexvtunzelmann,5
142358,Article,nicklezard,nicklezard,1
142227,Article,nicklezard,nicklezard,1
142182,Article,nicklezard,nicklezard,1
142199,Article,nicklezard,nicklezard,1
142162,Article,nicklezard,nicklezard,1
142254,Article,nicklezard,nicklezard,1
142318,Article,nicklezard,alanconnor,2
142279,Article,nicklezard,davidhepworth,7
142935,Tweet,nicklezard,RowanMoore,35
142447,Tweet,nicklezard,alanconnor,36
142753,Tweet,nicklezard,parul_sehgal,7
142491,Tweet,nicklezard,LauraCummingArt,217
142846,Tweet,nicklezard,vanbadham,272
142759,Tweet,nicklezard,seaningle,131
142512,Tweet,nicklezard,steve_hewlett,344
142506,Tweet,nicklezard,lyngardner,90
142552,Tweet,nicklezard,ggreenwald,169
142520,Tweet,nicklezard,oliverburkeman,6
142533,Tweet,nicklezard,RorySmith,5
142646,Tweet,nicklezard,andybrassell,158
142758,Tweet,nicklezard,elizabday,218
142839,Tweet,nicklezard,JohnJCrace,213
142617,Tweet,nicklezard,paulkrugman,46
31006,Article,anemonanyc,hillhulse,163
31077,Article,anemonanyc,IKershner,46
31086,Article,anemonanyc,SherylNYT,73
31028,Article,anemonanyc,lukebroadwater,94
31035,Article,anemonanyc,DouthatNYT,35
31041,Article,anemonanyc,toi_dhananjayM,128
31011,Article,anemonanyc,jimtankersley,68
31050,Article,anemonanyc,sangerkatz,20
31031,Article,anemonanyc,MaggieAstor,57
31076,Article,anemonanyc,RBReich,49
31059,Article,anemonanyc,margaretrenkl,14
31032,Article,anemonanyc,ESCochrane,86
31066,Article,anemonanyc,IKershner,13
31049,Article,anemonanyc,jwpetersNYT,20
31014,Article,anemonanyc,paulkrugman,53
31132,Tweet,anemonanyc,RosySequeiraTOI,201
31157,Tweet,anemonanyc,vanbadham,82
31113,Tweet,anemonanyc,vvfriedman,43
31129,Tweet,anemonanyc,genznyt,146
31197,Tweet,anemonanyc,dwightgarner,17
31166,Tweet,anemonanyc,sangerkatz,13
31153,Tweet,anemonanyc,alexmarshall81,99
31145,Tweet,anemonanyc,SindhukTOI,45
31142,Tweet,anemonanyc,bencasselman,76
31199,Tweet,anemonanyc,hugolowell,191
31119,Tweet,anemonanyc,PerriKlass,8
31125,Tweet,anemonanyc,mateenHTOI,88
31159,Tweet,anemonanyc,vvfriedman,9
31120,Tweet,anemonanyc,mikeives,38
31156,Tweet,anemonanyc,LFFriedman,117
852,Article,AnaSwanson,SharonLNYT,17
850,Article,AnaSwanson,AnaSwanson,1
831,Article,AnaSwanson,AnaSwanson,1
881,Article,AnaSwanson,jimtankersley,9
872,Article,AnaSwanson,pete_wells,2
887,Article,AnaSwanson,naomi2009,10
854,Article,AnaSwanson,Bencjacobs,55
825,Article,AnaSwanson,AnaSwanson,1
882,Article,AnaSwanson,AnaSwanson,1
893,Article,AnaSwanson,kbennhold,15
899,Article,AnaSwanson,AnaSwanson,1
855,Article,AnaSwanson,ESCochrane,15
891,Article,AnaSwanson,hillhulse,37
876,Article,AnaSwanson,AnaSwanson,1
894,Article,AnaSwanson,AnaSwanson,1
962,Tweet,AnaSwanson,hillhulse,35
901,Tweet,AnaSwanson,hugolowell,11
968,Tweet,AnaSwanson,jwpetersNYT,158
967,Tweet,AnaSwanson,KeithBradsher,53
932,Tweet,AnaSwanson,BhanupratapsTOI,54
915,Tweet,AnaSwanson,hugolowell,43
904,Tweet,AnaSwanson,LFFriedman,3
913,Tweet,AnaSwanson,fmanjoo,499
950,Tweet,AnaSwanson,neelam_raaj,340
964,Tweet,AnaSwanson,sangerkatz,19
940,Tweet,AnaSwanson,charlie_savage,3
994,Tweet,AnaSwanson,jeannasmialek,11
958,Tweet,AnaSwanson,paulkrugman,4
963,Tweet,AnaSwanson,bencasselman,8
995,Tweet,AnaSwanson,williamnhutton,470
88693,Article,sarfrazmanzoor,JessicaValenti,5
88630,Article,sarfrazmanzoor,gabyhinsliff,16
88720,Article,sarfrazmanzoor,DouthatNYT,132
88767,Article,sarfrazmanzoor,FabrizioRomano,38
88760,Article,sarfrazmanzoor,VivianHo,35
88734,Article,sarfrazmanzoor,laurenlaverne,35
88772,Article,sarfrazmanzoor,MarinaHyde,13
88579,Article,sarfrazmanzoor,msmirandasawyer,27
88729,Article,sarfrazmanzoor,williamkeegan,43
88564,Article,sarfrazmanzoor,LFFriedman,380
88673,Article,sarfrazmanzoor,polblonde,57
88786,Article,sarfrazmanzoor,RorySmith,73
88750,Article,sarfrazmanzoor,mariellaf1,32
88658,Article,sarfrazmanzoor,davidhepworth,9
88663,Article,sarfrazmanzoor,AnushkaAsthana,60
89360,Tweet,sarfrazmanzoor,williamkeegan,44
89367,Tweet,sarfrazmanzoor,NilsPratley,47
89361,Tweet,sarfrazmanzoor,NilsPratley,13
89121,Tweet,sarfrazmanzoor,bylizrobbins,476
89166,Tweet,sarfrazmanzoor,elizabday,12
89118,Tweet,sarfrazmanzoor,davidhepworth,38
88933,Tweet,sarfrazmanzoor,aseemsgujar,173
89263,Tweet,sarfrazmanzoor,davidhepworth,40
89220,Tweet,sarfrazmanzoor,SocialQPhilip,167
89076,Tweet,sarfrazmanzoor,elizabday,8
88947,Tweet,sarfrazmanzoor,leninology,45
88962,Tweet,sarfrazmanzoor,polblonde,35
88839,Tweet,sarfrazmanzoor,vvfriedman,282
88911,Tweet,sarfrazmanzoor,DouthatNYT,366
89381,Tweet,sarfrazmanzoor,NilsPratley,42
176251,Article,AtulMathur_,rajendrasTOI,6
176168,Article,AtulMathur_,NewtonSTOI,44
176247,Article,AtulMathur_,kush_junglee,64
176094,Article,AtulMathur_,jameskanter,3
176206,Article,AtulMathur_,journo_vibha,5
176098,Article,AtulMathur_,naomi2009,13
176188,Article,AtulMathur_,AtulMathur_,1
176288,Article,AtulMathur_,KapildaveTOI,3
176200,Article,AtulMathur_,rishachitlangia,2
176271,Article,AtulMathur_,AjayUgrasTOI,2
176084,Article,AtulMathur_,AtulMathur_,1
176282,Article,AtulMathur_,AshokPradhanTOI,3
176253,Article,AtulMathur_,toi_dhananjayM,2
176187,Article,AtulMathur_,AtulMathur_,1
176174,Article,AtulMathur_,KapildaveTOI,2
176361,Tweet,AtulMathur_,desaisantosh,283
176356,Tweet,AtulMathur_,rajatpTOI,33
176407,Tweet,AtulMathur_,PjJoychen,15
176318,Tweet,AtulMathur_,tushhaikhush,47
176347,Tweet,AtulMathur_,pradeeptTOI,95
176414,Tweet,AtulMathur_,kbennhold,88
176410,Tweet,AtulMathur_,journo_vibha,22
176402,Tweet,AtulMathur_,DawnHFoster,318
176383,Tweet,AtulMathur_,saumyajitbTOI,116
176355,Tweet,AtulMathur_,vivek9301,85
176339,Tweet,AtulMathur_,mateenHTOI,13
176348,Tweet,AtulMathur_,saumyajitbTOI,163
176353,Tweet,AtulMathur_,ChaitanyadTOI,134
176405,Tweet,AtulMathur_,AmritadTOI,36
176326,Tweet,AtulMathur_,mtomasky,464
183181,Article,dubeyavishek,AshokPradhanTOI,72
183172,Article,dubeyavishek,SidharthB25,18
183242,Article,dubeyavishek,vijayVsinghTOI,78
183100,Article,dubeyavishek,vijayVsinghTOI,6
183192,Article,dubeyavishek,maheshbTOI,3
183086,Article,dubeyavishek,AtulMathur_,9
183073,Article,dubeyavishek,nauzerbTOI,65
183045,Article,dubeyavishek,SidharthB25,8
183253,Article,dubeyavishek,shafaquealamTOI,2
183058,Article,dubeyavishek,IKershner,33
183248,Article,dubeyavishek,sandhyanairTOI,17
183093,Article,dubeyavishek,SindhukTOI,50
183216,Article,dubeyavishek,yeshikabudhwar,3
183203,Article,dubeyavishek,sandhyanairTOI,16
183115,Article,dubeyavishek,yeshikabudhwar,6
183354,Tweet,dubeyavishek,ChaitanyadTOI,17
183327,Tweet,dubeyavishek,PNaveenTOI,2
183285,Tweet,dubeyavishek,advityabahlTOI,47
183281,Tweet,dubeyavishek,tomfriedman,95
183304,Tweet,dubeyavishek,NishikantkTOI,102
183362,Tweet,dubeyavishek,MujMash,75
183334,Tweet,dubeyavishek,mateenHTOI,3
183349,Tweet,dubeyavishek,AlokKNMishra,19
183329,Tweet,dubeyavishek,advityabahlTOI,3
183322,Tweet,dubeyavishek,NikiKitsantonis,72
183296,Tweet,dubeyavishek,BhanupratapsTOI,49
183283,Tweet,dubeyavishek,meeravohraTOI,63
183317,Tweet,dubeyavishek,NishikantkTOI,3
183280,Tweet,dubeyavishek,gettleman,142
183357,Tweet,dubeyavishek,dubeyavishek,1
79672,Article,marthakelner,marthakelner,1
79839,Article,marthakelner,seaningle,2
79712,Article,marthakelner,seaningle,2
79717,Article,marthakelner,julianbarnes,173
79833,Article,marthakelner,marthakelner,1
79787,Article,marthakelner,bindelj,37
79884,Article,marthakelner,marthakelner,1
79660,Article,marthakelner,FabrizioRomano,2
79864,Article,marthakelner,NilsPratley,4
79714,Article,marthakelner,tomdyckhoff,26
79743,Article,marthakelner,jimwaterson,2
79798,Article,marthakelner,jimwaterson,2
79902,Article,marthakelner,seaningle,3
79900,Article,marthakelner,WilbyPeter,31
79708,Article,marthakelner,JoshuaRozenberg,10
80202,Tweet,marthakelner,marthakelner,1
80343,Tweet,marthakelner,laurenlaverne,216
80363,Tweet,marthakelner,williamkeegan,154
80098,Tweet,marthakelner,jennyschuessler,129
79935,Tweet,marthakelner,gailcollins,419
80089,Tweet,marthakelner,jennydeluxe,37
79974,Tweet,marthakelner,charlie_savage,177
80275,Tweet,marthakelner,RorySmith,15
80410,Tweet,marthakelner,nicholaswatt,38
80105,Tweet,marthakelner,elizabday,36
80221,Tweet,marthakelner,michaelcrowley,113
80347,Tweet,marthakelner,afuahirsch,13
80040,Tweet,marthakelner,tomdyckhoff,44
80380,Tweet,marthakelner,joshwiddicombe,81
80401,Tweet,marthakelner,Freedland,29
4481,Article,bykaren,saumyajitbTOI,20
4437,Article,bykaren,bykaren,1
4477,Article,bykaren,TOISH31,59
4449,Article,bykaren,dwightgarner,82
4434,Article,bykaren,el_belson,17
4471,Article,bykaren,bykaren,1
4453,Article,bykaren,aniljdias,7
4448,Article,bykaren,gailcollins,53
4406,Article,bykaren,andrewrsorkin,7
4465,Article,bykaren,tariqpanja,12
4485,Article,bykaren,bykaren,1
4402,Article,bykaren,RorySmith,2
4411,Article,bykaren,parthasinha,14
4414,Article,bykaren,ByJamesWagner,5
4463,Article,bykaren,bykaren,1
4518,Tweet,bykaren,margaretrenkl,64
4590,Tweet,bykaren,bglendenning,46
4566,Tweet,bykaren,ByJamesWagner,10
4532,Tweet,bykaren,andrewrawnsley,28
4592,Tweet,bykaren,MattFutterman,23
4539,Tweet,bykaren,samsifton,135
4549,Tweet,bykaren,gailcollins,5
4509,Tweet,bykaren,el_belson,107
4537,Tweet,bykaren,oliverburkeman,324
4526,Tweet,bykaren,saumyajitbTOI,2
4536,Tweet,bykaren,bykaren,1
4577,Tweet,bykaren,kumaraswamykTOI,17
4563,Tweet,bykaren,afuahirsch,103
4530,Tweet,bykaren,gailcollins,249
4579,Tweet,bykaren,gailcollins,388
149010,Article,jonathanwatts,LeoHickman,20
148891,Article,jonathanwatts,paulmasonnews,95
149056,Article,jonathanwatts,OwenJones84,117
149055,Article,jonathanwatts,ArthurNeslen,6
148998,Article,jonathanwatts,charltonbrooker,38
148942,Article,jonathanwatts,jonathanwatts,1
149078,Article,jonathanwatts,AtulMathur_,6
148854,Article,jonathanwatts,lucysiegle,3
148856,Article,jonathanwatts,aleksk,32
148866,Article,jonathanwatts,ArthurNeslen,3
148933,Article,jonathanwatts,GeorgeMonbiot,23
148943,Article,jonathanwatts,lucysiegle,15
149063,Article,jonathanwatts,williamkeegan,86
148843,Article,jonathanwatts,hugolowell,301
149028,Article,jonathanwatts,paulkrugman,160
149642,Tweet,jonathanwatts,desaisantosh,37
149666,Tweet,jonathanwatts,NilsPratley,92
149156,Tweet,jonathanwatts,tariqpanja,326
149581,Tweet,jonathanwatts,adamliptak,436
149408,Tweet,jonathanwatts,KateEMcCann,6
149144,Tweet,jonathanwatts,tomdyckhoff,29
149619,Tweet,jonathanwatts,HackneyAbbott,13
149228,Tweet,jonathanwatts,sarahlyall,44
149501,Tweet,jonathanwatts,andrewrawnsley,53
149284,Tweet,jonathanwatts,DerekMalcolm123,395
149295,Tweet,jonathanwatts,NilsPratley,210
149398,Tweet,jonathanwatts,NilsPratley,76
149535,Tweet,jonathanwatts,stevenerlanger,271
149464,Tweet,jonathanwatts,williamkeegan,111
149141,Tweet,jonathanwatts,sarahlyall,107
192039,Article,manujaveerappa,hillhulse,285
192055,Article,manujaveerappa,aniljdias,64
192149,Article,manujaveerappa,vivek9301,4
192137,Article,manujaveerappa,vivek9301,7
191937,Article,manujaveerappa,minatisinghaTOI,103
192085,Article,manujaveerappa,vivek9301,8
192010,Article,manujaveerappa,Shrivathsan1437,6
191929,Article,manujaveerappa,toi_ManujaV,18
192109,Article,manujaveerappa,williamkeegan,54
192153,Article,manujaveerappa,TridibIANS,17
192049,Article,manujaveerappa,vivek9301,3
192102,Article,manujaveerappa,vivek9301,42
191969,Article,manujaveerappa,AndrewSparrow,92
192143,Article,manujaveerappa,Shilarze_SSR,14
191979,Article,manujaveerappa,el_belson,11
192197,Tweet,manujaveerappa,priyagupta999,79
192193,Tweet,manujaveerappa,genznyt,145
192240,Tweet,manujaveerappa,jennydeluxe,154
192253,Tweet,manujaveerappa,DerekMalcolm123,29
192216,Tweet,manujaveerappa,saumyajitbTOI,23
192182,Tweet,manujaveerappa,tejalrao,170
192187,Tweet,manujaveerappa,alanconnor,241
192231,Tweet,manujaveerappa,aditya_bh16,7
192229,Tweet,manujaveerappa,LauraCummingArt,14
192194,Tweet,manujaveerappa,AraniBasuTOI,4
192196,Tweet,manujaveerappa,priyagupta999,23
192233,Tweet,manujaveerappa,vivek9301,15
192245,Tweet,manujaveerappa,ShrinivasaMTOI,123
192261,Tweet,manujaveerappa,aniljdias,16
192168,Tweet,manujaveerappa,aditya_bh16,33
87887,Article,allegramcevedy,NilsPratley,10
87880,Article,allegramcevedy,RebeccaSeal,13
87864,Article,allegramcevedy,lyngardner,25
87865,Article,allegramcevedy,JessicaValenti,342
87768,Article,allegramcevedy,FelicityCloake,15
87956,Article,allegramcevedy,winematcher,24
87920,Article,allegramcevedy,RebeccaSeal,12
87794,Article,allegramcevedy,JessicaValenti,342
87927,Article,allegramcevedy,smita_mishra,31
87781,Article,allegramcevedy,nicklezard,75
87832,Article,allegramcevedy,FelicityCloake,19
87799,Article,allegramcevedy,JessicaValenti,342
87925,Article,allegramcevedy,HackneyAbbott,14
87889,Article,allegramcevedy,AlysFowler,6
87886,Article,allegramcevedy,RebeccaSeal,29
88219,Tweet,allegramcevedy,MarinaHyde,35
88035,Tweet,allegramcevedy,lucysiegle,5
88162,Tweet,allegramcevedy,lyngardner,76
88247,Tweet,allegramcevedy,sermoninstone,38
88006,Tweet,allegramcevedy,EricaLG,45
88511,Tweet,allegramcevedy,HackneyAbbott,100
88371,Tweet,allegramcevedy,lyngardner,86
88230,Tweet,allegramcevedy,davidhepworth,35
87975,Tweet,allegramcevedy,bglendenning,19
88562,Tweet,allegramcevedy,MarinaOLoughlin,12
88384,Tweet,allegramcevedy,AlysFowler,59
88506,Tweet,allegramcevedy,ollywainwright,33
88263,Tweet,allegramcevedy,we_are_food,11
88101,Tweet,allegramcevedy,ottolenghi,7
88023,Tweet,allegramcevedy,MarinaOLoughlin,16
63882,Article,mariellaf1,lucysiegle,75
63901,Article,mariellaf1,hadleyfreeman,99
63948,Article,mariellaf1,mariellaf1,1
63836,Article,mariellaf1,mariellaf1,1
63900,Article,mariellaf1,mariellaf1,1
64010,Article,mariellaf1,mariellaf1,1
63955,Article,mariellaf1,mariellaf1,1
63934,Article,mariellaf1,NilsPratley,123
64067,Article,mariellaf1,mariellaf1,1
64071,Article,mariellaf1,mariellaf1,1
63896,Article,mariellaf1,andybrassell,365
63940,Article,mariellaf1,steve_hewlett,70
64018,Article,mariellaf1,mariellaf1,1
63935,Article,mariellaf1,mariellaf1,1
63972,Article,mariellaf1,mariellaf1,1
64561,Tweet,mariellaf1,PerriKlass,383
64276,Tweet,mariellaf1,mateenHTOI,226
64563,Tweet,mariellaf1,williamkeegan,19
64468,Tweet,mariellaf1,KateEMcCann,6
64587,Tweet,mariellaf1,WilbyPeter,9
64273,Tweet,mariellaf1,vivek9301,262
64200,Tweet,mariellaf1,andrewrawnsley,100
64114,Tweet,mariellaf1,williamkeegan,29
64263,Tweet,mariellaf1,DerekMalcolm123,33
64419,Tweet,mariellaf1,DerekMalcolm123,19
64141,Tweet,mariellaf1,timlottwriter,2
64458,Tweet,mariellaf1,LauraCummingArt,171
64630,Tweet,mariellaf1,AndrewSparrow,11
64467,Tweet,mariellaf1,bindelj,2
64411,Tweet,mariellaf1,PeterTatchell,280
34241,Article,gmorgenson,RBReich,41
34247,Article,gmorgenson,andrewrsorkin,3
34218,Article,gmorgenson,NilsPratley,4
34294,Article,gmorgenson,paulkrugman,39
34254,Article,gmorgenson,jimtankersley,85
34259,Article,gmorgenson,niyatiparikhTOI,55
34203,Article,gmorgenson,gmorgenson,1
34213,Article,gmorgenson,andrewrsorkin,6
34223,Article,gmorgenson,paulkrugman,18
34261,Article,gmorgenson,andrewrsorkin,9
34293,Article,gmorgenson,andrewrsorkin,35
34255,Article,gmorgenson,marywalshjourno,7
34217,Article,gmorgenson,hillhulse,144
34202,Article,gmorgenson,KapildaveTOI,22
34233,Article,gmorgenson,jhoffman,50
34388,Tweet,gmorgenson,GeorgeMonbiot,101
34386,Tweet,gmorgenson,gmorgenson,1
34392,Tweet,gmorgenson,bencasselman,3
34311,Tweet,gmorgenson,desaisantosh,128
34340,Tweet,gmorgenson,elizabday,95
34393,Tweet,gmorgenson,TOISH31,50
34333,Tweet,gmorgenson,vijayVsinghTOI,99
34312,Tweet,gmorgenson,gmorgenson,1
34391,Tweet,gmorgenson,aniljdias,4
34303,Tweet,gmorgenson,jameskanter,144
34318,Tweet,gmorgenson,KSchulten,226
34308,Tweet,gmorgenson,nauzerbTOI,32
34346,Tweet,gmorgenson,smita_mishra,266
34316,Tweet,gmorgenson,RaphaelMinder,78
34365,Tweet,gmorgenson,pete_wells,7
202787,Article,PrashantrTOI,PrashantrTOI,1
202716,Article,PrashantrTOI,nauzerbTOI,73
202869,Article,PrashantrTOI,rjadHinduBL,27
202635,Article,PrashantrTOI,SwatiShindeTOI,13
202818,Article,PrashantrTOI,NishikantkTOI,103
202813,Article,PrashantrTOI,AnujaJaiswalTOI,70
202860,Article,PrashantrTOI,aseemsgujar,64
202838,Article,PrashantrTOI,ShrinivasaMTOI,2
202819,Article,PrashantrTOI,akhileshsTOI,107
202746,Article,PrashantrTOI,PrashantrTOI,1
202684,Article,PrashantrTOI,KomalGautham,4
202832,Article,PrashantrTOI,Banjotkaur,3
202648,Article,PrashantrTOI,aleksk,11
202725,Article,PrashantrTOI,PrashantrTOI,1
202788,Article,PrashantrTOI,SindhukTOI,18
202919,Tweet,PrashantrTOI,niyatiparikhTOI,2
202875,Tweet,PrashantrTOI,PrashantrTOI,1
202871,Tweet,PrashantrTOI,TOISH31,2
202899,Tweet,PrashantrTOI,PrashantrTOI,1
202918,Tweet,PrashantrTOI,PrashantrTOI,1
202898,Tweet,PrashantrTOI,PrashantrTOI,1
202939,Tweet,PrashantrTOI,ChaitanyadTOI,75
202956,Tweet,PrashantrTOI,PrashantrTOI,1
202892,Tweet,PrashantrTOI,priyagupta999,50
202963,Tweet,PrashantrTOI,PrashantrTOI,1
202961,Tweet,PrashantrTOI,PrashantrTOI,1
202933,Tweet,PrashantrTOI,PjJoychen,3
202949,Tweet,PrashantrTOI,PrashantrTOI,1
202902,Tweet,PrashantrTOI,SindhukTOI,2
202889,Tweet,PrashantrTOI,kbennhold,234
220854,Article,vijayVsinghTOI,yusrahusain,154
220939,Article,vijayVsinghTOI,Crime_Selvaraj,16
220852,Article,vijayVsinghTOI,vijayVsinghTOI,1
220860,Article,vijayVsinghTOI,vijayVsinghTOI,1
220956,Article,vijayVsinghTOI,Chethan_Dash,2
220920,Article,vijayVsinghTOI,vijayVsinghTOI,1
220837,Article,vijayVsinghTOI,vijayVsinghTOI,1
220934,Article,vijayVsinghTOI,vijayVsinghTOI,1
220915,Article,vijayVsinghTOI,vijayVsinghTOI,1
220861,Article,vijayVsinghTOI,vijayVsinghTOI,1
220962,Article,vijayVsinghTOI,vijayVsinghTOI,1
220906,Article,vijayVsinghTOI,vijayVsinghTOI,1
220947,Article,vijayVsinghTOI,vijayVsinghTOI,1
220831,Article,vijayVsinghTOI,vijayVsinghTOI,1
220824,Article,vijayVsinghTOI,andrewrsorkin,7
221042,Tweet,vijayVsinghTOI,vijayVsinghTOI,1
221014,Tweet,vijayVsinghTOI,AlokKNMishra,65
221036,Tweet,vijayVsinghTOI,RosySequeiraTOI,7
221025,Tweet,vijayVsinghTOI,vijayVsinghTOI,1
221060,Tweet,vijayVsinghTOI,PjJoychen,17
221072,Tweet,vijayVsinghTOI,murarishetye,75
221047,Tweet,vijayVsinghTOI,PjJoychen,5
221057,Tweet,vijayVsinghTOI,vijayVsinghTOI,1
221090,Tweet,vijayVsinghTOI,PNaveenTOI,31
221035,Tweet,vijayVsinghTOI,vijayVsinghTOI,1
221086,Tweet,vijayVsinghTOI,polblonde,5
221052,Tweet,vijayVsinghTOI,mateenHTOI,12
221043,Tweet,vijayVsinghTOI,SindhukTOI,3
221092,Tweet,vijayVsinghTOI,thestephmerritt,408
221011,Tweet,vijayVsinghTOI,LFFriedman,18
59641,Article,emmabrockes,alanconnor,94
59704,Article,emmabrockes,JessicaValenti,14
59804,Article,emmabrockes,RorySmith,187
59680,Article,emmabrockes,HackneyAbbott,16
59760,Article,emmabrockes,emmabrockes,1
59590,Article,emmabrockes,msmirandasawyer,31
59782,Article,emmabrockes,andybrassell,37
59818,Article,emmabrockes,kenanmalik,2
59652,Article,emmabrockes,emmabrockes,1
59631,Article,emmabrockes,emmabrockes,1
59606,Article,emmabrockes,nicholaswatt,339
59661,Article,emmabrockes,lyngardner,66
59683,Article,emmabrockes,oliverburkeman,2
59819,Article,emmabrockes,jillfilipovic,68
59755,Article,emmabrockes,archiebland,15
60274,Tweet,emmabrockes,BenRothenberg,30
59948,Tweet,emmabrockes,ByJamesWagner,35
60283,Tweet,emmabrockes,elizabday,9
60153,Tweet,emmabrockes,msmirandasawyer,5
59969,Tweet,emmabrockes,DerekMalcolm123,318
60142,Tweet,emmabrockes,williamkeegan,342
60102,Tweet,emmabrockes,elizabday,22
60048,Tweet,emmabrockes,LucyMangan,93
60403,Tweet,emmabrockes,tomdyckhoff,225
59891,Tweet,emmabrockes,elizabday,13
59879,Tweet,emmabrockes,nicklezard,183
60315,Tweet,emmabrockes,MiriamElder,65
60140,Tweet,emmabrockes,dwightgarner,206
59870,Tweet,emmabrockes,kumaraswamykTOI,102
59930,Tweet,emmabrockes,WilbyPeter,128
93520,Article,OfficeGSBrown,AnushkaAsthana,24
93511,Article,OfficeGSBrown,gabyhinsliff,42
93505,Article,OfficeGSBrown,chiggi,44
93545,Article,OfficeGSBrown,gilestremlett,58
93558,Article,OfficeGSBrown,KeithBradsher,119
93523,Article,OfficeGSBrown,JohnJCrace,18
93622,Article,OfficeGSBrown,CarolineLucas,22
93540,Article,OfficeGSBrown,AndrewSparrow,52
93598,Article,OfficeGSBrown,emilybell,90
93507,Article,OfficeGSBrown,sangerkatz,157
93534,Article,OfficeGSBrown,andybrassell,179
93568,Article,OfficeGSBrown,jbouie,311
93611,Article,OfficeGSBrown,naomi2009,5
93532,Article,OfficeGSBrown,oliverburkeman,127
93518,Article,OfficeGSBrown,NilsPratley,17
94132,Tweet,OfficeGSBrown,DerekMalcolm123,24
94239,Tweet,OfficeGSBrown,OfficeGSBrown,1
93987,Tweet,OfficeGSBrown,kbennhold,171
93814,Tweet,OfficeGSBrown,genznyt,17
94020,Tweet,OfficeGSBrown,williamkeegan,14
94156,Tweet,OfficeGSBrown,NilsPratley,10
94095,Tweet,OfficeGSBrown,IKershner,272
94031,Tweet,OfficeGSBrown,patrickwintour,9
93935,Tweet,OfficeGSBrown,RorySmith,58
93838,Tweet,OfficeGSBrown,sangerkatz,7
94180,Tweet,OfficeGSBrown,MarinaHyde,29
94003,Tweet,OfficeGSBrown,antontroian,33
93670,Tweet,OfficeGSBrown,AnujaJaiswalTOI,3
94153,Tweet,OfficeGSBrown,lisamonteiroTOI,112
94000,Tweet,OfficeGSBrown,pete_wells,212
182009,Article,dkarthikTOI,dkarthikTOI,1
182219,Article,dkarthikTOI,dkarthikTOI,1
181972,Article,dkarthikTOI,journo_vibha,2
182060,Article,dkarthikTOI,SindhukTOI,10
182197,Article,dkarthikTOI,dkarthikTOI,1
182116,Article,dkarthikTOI,dubeyavishek,4
182128,Article,dkarthikTOI,KateEMcCann,26
182070,Article,dkarthikTOI,SidharthB25,26
182147,Article,dkarthikTOI,petleepeter,2
181990,Article,dkarthikTOI,RosySequeiraTOI,237
182044,Article,dkarthikTOI,dkarthikTOI,1
182067,Article,dkarthikTOI,Crime_Selvaraj,3
182166,Article,dkarthikTOI,ameliagentleman,8
181984,Article,dkarthikTOI,durgeshjhaTOI,61
182137,Article,dkarthikTOI,juliemTOI,25
182247,Tweet,dkarthikTOI,mateenHTOI,80
182308,Tweet,dkarthikTOI,PjJoychen,5
182275,Tweet,dkarthikTOI,vijaysinghTOI,8
182302,Tweet,dkarthikTOI,ChaithanyaSwamy,18
182229,Tweet,dkarthikTOI,omjasvinTOI,2
182237,Tweet,dkarthikTOI,omjasvinTOI,5
182318,Tweet,dkarthikTOI,HinaRohtaki,98
182292,Tweet,dkarthikTOI,mateenHTOI,49
182312,Tweet,dkarthikTOI,GRajivTOI,4
182256,Tweet,dkarthikTOI,ChaithanyaSwamy,2
182274,Tweet,dkarthikTOI,PjJoychen,3
182265,Tweet,dkarthikTOI,vijaysinghTOI,48
182227,Tweet,dkarthikTOI,dkarthikTOI,1
182267,Tweet,dkarthikTOI,saumyajitbTOI,131
182226,Tweet,dkarthikTOI,peterbradshaw1,22
32679,Article,CeylanWrites,PatrickKingsley,29
32662,Article,CeylanWrites,IKershner,47
32648,Article,CeylanWrites,jmart,191
32622,Article,CeylanWrites,NYTBen,12
32644,Article,CeylanWrites,FrancesRobles,71
32606,Article,CeylanWrites,NikiKitsantonis,7
32641,Article,CeylanWrites,NilsPratley,104
32647,Article,CeylanWrites,pete_wells,140
32650,Article,CeylanWrites,kbennhold,59
32681,Article,CeylanWrites,andrewrsorkin,43
32667,Article,CeylanWrites,AnaSwanson,68
32626,Article,CeylanWrites,stevenerlanger,68
32689,Article,CeylanWrites,kannoyoungs,92
32677,Article,CeylanWrites,farnazfassihi,16
32657,Article,CeylanWrites,naomi2009,13
32710,Tweet,CeylanWrites,polblonde,62
32720,Tweet,CeylanWrites,JessicaValenti,91
32767,Tweet,CeylanWrites,jackschofield,28
32733,Tweet,CeylanWrites,ditzkoff,170
32799,Tweet,CeylanWrites,AditiZero,79
32735,Tweet,CeylanWrites,suilee,43
32746,Tweet,CeylanWrites,LFFriedman,219
32745,Tweet,CeylanWrites,ukigoni,7
32738,Tweet,CeylanWrites,vanbadham,155
32762,Tweet,CeylanWrites,polblonde,71
32752,Tweet,CeylanWrites,marywalshjourno,70
32742,Tweet,CeylanWrites,paulkrugman,92
32711,Tweet,CeylanWrites,priyagupta999,64
32779,Tweet,CeylanWrites,attackerman,169
32768,Tweet,CeylanWrites,mlevenson,91
101267,Article,thrasherxy,jillfilipovic,31
101066,Article,thrasherxy,archiebland,11
101097,Article,thrasherxy,jillfilipovic,5
101147,Article,thrasherxy,AtulMathur_,240
101084,Article,thrasherxy,RBReich,20
101043,Article,thrasherxy,oliverburkeman,18
101238,Article,thrasherxy,DavidWaldstein,110
101051,Article,thrasherxy,oliverburkeman,24
101225,Article,thrasherxy,anemonanyc,125
101056,Article,thrasherxy,RorySmith,4
101042,Article,thrasherxy,oliverburkeman,18
101149,Article,thrasherxy,jillfilipovic,6
101054,Article,thrasherxy,leninology,62
101234,Article,thrasherxy,jillfilipovic,2
101090,Article,thrasherxy,mtomasky,4
101734,Tweet,thrasherxy,jennydeluxe,67
101830,Tweet,thrasherxy,ByJamesWagner,57
101673,Tweet,thrasherxy,RBReich,79
101793,Tweet,thrasherxy,polblonde,43
101515,Tweet,thrasherxy,RBReich,142
101871,Tweet,thrasherxy,williamnhutton,344
101442,Tweet,thrasherxy,JessicaValenti,7
101337,Tweet,thrasherxy,RBReich,67
101703,Tweet,thrasherxy,PerriKlass,106
101718,Tweet,thrasherxy,ditzkoff,17
101668,Tweet,thrasherxy,DerekMalcolm123,399
101854,Tweet,thrasherxy,sarahlyall,457
101801,Tweet,thrasherxy,andybrassell,60
101577,Tweet,thrasherxy,nnougayrede,240
101587,Tweet,thrasherxy,ukigoni,50
149769,Article,WilbyPeter,PippaCrerar,16
149893,Article,WilbyPeter,NilsPratley,3
149750,Article,WilbyPeter,NesrineMalik,202
149819,Article,WilbyPeter,andybrassell,85
149783,Article,WilbyPeter,NilsPratley,13
149811,Article,WilbyPeter,williamkeegan,6
149907,Article,WilbyPeter,domphillips,22
149828,Article,WilbyPeter,andybrassell,139
149924,Article,WilbyPeter,paulmasonnews,206
149747,Article,WilbyPeter,OLIVERBALCH,304
149842,Article,WilbyPeter,GeorgeMonbiot,4
149844,Article,WilbyPeter,andybrassell,84
149753,Article,WilbyPeter,williamkeegan,10
149745,Article,WilbyPeter,nicholaswatt,16
149866,Article,WilbyPeter,OwenJones84,54
150030,Tweet,WilbyPeter,WilbyPeter,1
150032,Tweet,WilbyPeter,WilbyPeter,1
150112,Tweet,WilbyPeter,jfordham_jazz,5
150383,Tweet,WilbyPeter,aleksk,15
150024,Tweet,WilbyPeter,OfficeGSBrown,3
150351,Tweet,WilbyPeter,WilbyPeter,1
150330,Tweet,WilbyPeter,WilbyPeter,1
150089,Tweet,WilbyPeter,williamkeegan,9
150026,Tweet,WilbyPeter,williamkeegan,11
150160,Tweet,WilbyPeter,sarfrazmanzoor,37
150016,Tweet,WilbyPeter,WilbyPeter,1
150227,Tweet,WilbyPeter,WilbyPeter,1
150421,Tweet,WilbyPeter,WilbyPeter,1
149968,Tweet,WilbyPeter,WilbyPeter,1
150116,Tweet,WilbyPeter,KateEMcCann,7
73152,Article,lucysiegle,jillfilipovic,133
73359,Article,lucysiegle,jennydeluxe,94
73377,Article,lucysiegle,nicklezard,13
73257,Article,lucysiegle,lucysiegle,1
73318,Article,lucysiegle,lucysiegle,1
73328,Article,lucysiegle,davidhepworth,2
73250,Article,lucysiegle,lucysiegle,1
73170,Article,lucysiegle,lucysiegle,1
73333,Article,lucysiegle,laurenlaverne,2
73358,Article,lucysiegle,lucysiegle,1
73342,Article,lucysiegle,LeoHickman,75
73254,Article,lucysiegle,lucysiegle,1
73204,Article,lucysiegle,CarolineLucas,8
73355,Article,lucysiegle,lucysiegle,1
73211,Article,lucysiegle,HackneyAbbott,75
73627,Tweet,lucysiegle,PeterTatchell,35
73634,Tweet,lucysiegle,seaningle,60
73943,Tweet,lucysiegle,KateEMcCann,3
73733,Tweet,lucysiegle,lenoretaylor,164
73791,Tweet,lucysiegle,lucysiegle,1
73973,Tweet,lucysiegle,genznyt,190
73511,Tweet,lucysiegle,thestephmerritt,191
73647,Tweet,lucysiegle,polblonde,91
73970,Tweet,lucysiegle,billicritic,75
73498,Tweet,lucysiegle,ChaitanyadTOI,55
73687,Tweet,lucysiegle,NilsPratley,8
73757,Tweet,lucysiegle,DawnHFoster,157
73597,Tweet,lucysiegle,chrishughes,248
73948,Tweet,lucysiegle,elizabday,41
73771,Tweet,lucysiegle,NilsPratley,4
117651,Article,rachshabi,sarahditum,35
117762,Article,rachshabi,lukeharding1968,7
117649,Article,rachshabi,farnazfassihi,101
117686,Article,rachshabi,NikiKitsantonis,133
117777,Article,rachshabi,FranklinBlog,209
117606,Article,rachshabi,hadleyfreeman,48
117666,Article,rachshabi,NYTimesCohen,418
117697,Article,rachshabi,PatrickKingsley,410
117770,Article,rachshabi,lucysiegle,9
117592,Article,rachshabi,archiebland,14
117757,Article,rachshabi,HackneyAbbott,65
117781,Article,rachshabi,afuahirsch,145
117577,Article,rachshabi,FabrizioRomano,15
117572,Article,rachshabi,MonaChalabi,86
117703,Article,rachshabi,williamkeegan,57
118006,Tweet,rachshabi,BenRothenberg,57
117865,Tweet,rachshabi,elizabday,42
118255,Tweet,rachshabi,gabyhinsliff,39
118141,Tweet,rachshabi,afuahirsch,89
118185,Tweet,rachshabi,steve_hewlett,66
117806,Tweet,rachshabi,DeccaJourno,69
118043,Tweet,rachshabi,elizabday,3
117883,Tweet,rachshabi,richardwolffedc,259
118129,Tweet,rachshabi,rondakaysen,34
118373,Tweet,rachshabi,thestephmerritt,30
117916,Tweet,rachshabi,sendvictorious,79
118354,Tweet,rachshabi,thestephmerritt,26
118132,Tweet,rachshabi,AndrewSparrow,34
118110,Tweet,rachshabi,alexanderburns,384
118161,Tweet,rachshabi,RorySmith,71
4030,Article,bydanielvictor,hugolowell,46
4023,Article,bydanielvictor,AtulMathur_,213
4029,Article,bydanielvictor,NYTimesCohen,108
4076,Article,bydanielvictor,brooksbarnesNYT,34
4099,Article,bydanielvictor,NikiKitsantonis,317
4035,Article,bydanielvictor,JessicaValenti,13
4073,Article,bydanielvictor,mikeives,37
4085,Article,bydanielvictor,IKershner,121
4024,Article,bydanielvictor,adamliptak,37
4081,Article,bydanielvictor,Bencjacobs,21
4048,Article,bydanielvictor,noamscheiber,37
4063,Article,bydanielvictor,tripgabriel,51
4044,Article,bydanielvictor,lukebroadwater,30
4003,Article,bydanielvictor,jimwaterson,33
4007,Article,bydanielvictor,LizAldermanNYT,50
4157,Tweet,bydanielvictor,jillfilipovic,23
4153,Tweet,bydanielvictor,suilee,41
4121,Tweet,bydanielvictor,ditzkoff,15
4100,Tweet,bydanielvictor,mariellaf1,344
4105,Tweet,bydanielvictor,vvfriedman,38
4151,Tweet,bydanielvictor,vwang3,86
4197,Tweet,bydanielvictor,RowanMoore,222
4108,Tweet,bydanielvictor,alexanderburns,23
4181,Tweet,bydanielvictor,joncaramanica,88
4196,Tweet,bydanielvictor,joncaramanica,65
4117,Tweet,bydanielvictor,RBReich,132
4147,Tweet,bydanielvictor,vanbadham,160
4136,Tweet,bydanielvictor,vanbadham,171
4161,Tweet,bydanielvictor,AlokKNMishra,325
4172,Tweet,bydanielvictor,nytDeniseGrady,124
89414,Article,declanwalsh,dansabbagh,29
89552,Article,declanwalsh,williamkeegan,74
89612,Article,declanwalsh,ewenmacaskill,9
89434,Article,declanwalsh,Bencjacobs,31
89592,Article,declanwalsh,hugolowell,73
89662,Article,declanwalsh,declanwalsh,1
6042,Article,declanwalsh,PatrickKingsley,20
89464,Article,declanwalsh,sunny_hundal,8
89594,Article,declanwalsh,ewenmacaskill,5
89517,Article,declanwalsh,ewenmacaskill,2
89574,Article,declanwalsh,declanwalsh,1
89499,Article,declanwalsh,FlitterOnFraud,39
89580,Article,declanwalsh,pradeepjourno,118
89508,Article,declanwalsh,declanwalsh,1
6072,Article,declanwalsh,PatrickKingsley,59
89673,Tweet,declanwalsh,Lattif,37
89865,Tweet,declanwalsh,kenanmalik,30
6148,Tweet,declanwalsh,seaningle,51
89879,Tweet,declanwalsh,tomfriedman,375
6143,Tweet,declanwalsh,LizAldermanNYT,98
90206,Tweet,declanwalsh,petleepeter,239
89790,Tweet,declanwalsh,bindelj,24
90104,Tweet,declanwalsh,bylizrobbins,329
90237,Tweet,declanwalsh,IKershner,13
89926,Tweet,declanwalsh,charltonbrooker,229
90047,Tweet,declanwalsh,PeterTatchell,186
89710,Tweet,declanwalsh,desaisantosh,283
89749,Tweet,declanwalsh,tushhaikhush,77
89968,Tweet,declanwalsh,SwatiMathurTOI,268
6136,Tweet,declanwalsh,SocialQPhilip,78
45537,Article,lukeharding1968,VivianHo,29
45524,Article,lukeharding1968,patrickwintour,2
45647,Article,lukeharding1968,greenslader,100
45505,Article,lukeharding1968,jackschofield,7
45627,Article,lukeharding1968,michaelcrowley,17
45535,Article,lukeharding1968,gilestremlett,19
45583,Article,lukeharding1968,NesrineMalik,8
45622,Article,lukeharding1968,philipoltermann,6
45690,Article,lukeharding1968,IanCobain,5
45639,Article,lukeharding1968,PamBelluck,373
45559,Article,lukeharding1968,NikiKitsantonis,23
45484,Article,lukeharding1968,ewenmacaskill,16
45473,Article,lukeharding1968,andybrassell,16
45653,Article,lukeharding1968,bglendenning,14
45630,Article,lukeharding1968,ewenmacaskill,14
45997,Tweet,lukeharding1968,sendvictorious,227
46027,Tweet,lukeharding1968,vijayVsinghTOI,180
46026,Tweet,lukeharding1968,Lattif,5
45935,Tweet,lukeharding1968,RaphaelMinder,2
45752,Tweet,lukeharding1968,rajatpTOI,8
46260,Tweet,lukeharding1968,RaphaelMinder,91
45871,Tweet,lukeharding1968,andrewrawnsley,289
46207,Tweet,lukeharding1968,NikiKitsantonis,8
46242,Tweet,lukeharding1968,antontroian,24
46002,Tweet,lukeharding1968,sendvictorious,394
46036,Tweet,lukeharding1968,MujMash,8
46177,Tweet,lukeharding1968,AlokKNMishra,134
45990,Tweet,lukeharding1968,NYTimesCohen,55
46111,Tweet,lukeharding1968,sarahditum,202
46255,Tweet,lukeharding1968,RaphaelMinder,9
143044,Article,msmirandasawyer,laurenlaverne,2
143196,Article,msmirandasawyer,mtomasky,152
143165,Article,msmirandasawyer,ollywainwright,7
143079,Article,msmirandasawyer,carolecadwalla,90
143049,Article,msmirandasawyer,steve_hewlett,3
143012,Article,msmirandasawyer,sangerkatz,465
143065,Article,msmirandasawyer,lyngardner,29
143069,Article,msmirandasawyer,DawnHFoster,34
143068,Article,msmirandasawyer,msrachelcooke,33
143107,Article,msmirandasawyer,SearleAdrian,20
143016,Article,msmirandasawyer,joncaramanica,39
143194,Article,msmirandasawyer,LauraCummingArt,2
143183,Article,msmirandasawyer,msmirandasawyer,1
143249,Article,msmirandasawyer,davidhepworth,69
143051,Article,msmirandasawyer,VivianHo,33
143632,Tweet,msmirandasawyer,elizabday,12
143396,Tweet,msmirandasawyer,laurenlaverne,3
143788,Tweet,msmirandasawyer,lucysiegle,49
143770,Tweet,msmirandasawyer,parul_sehgal,59
143821,Tweet,msmirandasawyer,oliverburkeman,273
143473,Tweet,msmirandasawyer,elizabday,15
143665,Tweet,msmirandasawyer,LauraCummingArt,19
143740,Tweet,msmirandasawyer,lyngardner,23
143590,Tweet,msmirandasawyer,melissaclark,26
143609,Tweet,msmirandasawyer,lyngardner,12
143394,Tweet,msmirandasawyer,laurenlaverne,2
143542,Tweet,msmirandasawyer,laurenlaverne,2
143573,Tweet,msmirandasawyer,elizabday,12
143648,Tweet,msmirandasawyer,joshwiddicombe,21
143568,Tweet,msmirandasawyer,elizabday,25
203809,Article,priyangiTOI,vijayVsinghTOI,36
203801,Article,priyangiTOI,dipakdashTOI,10
203851,Article,priyangiTOI,nauzerbTOI,9
203771,Article,priyangiTOI,priyangiTOI,1
203719,Article,priyangiTOI,anandbodhTOI,21
203704,Article,priyangiTOI,kush_junglee,5
203914,Article,priyangiTOI,aseemsgujar,4
203883,Article,priyangiTOI,dkarthikTOI,20
203844,Article,priyangiTOI,AtulMathur_,42
203798,Article,priyangiTOI,Rupalijee,26
203882,Article,priyangiTOI,SindhukTOI,10
203716,Article,priyangiTOI,priyangiTOI,1
203867,Article,priyangiTOI,priyangiTOI,1
203773,Article,priyangiTOI,priyangiTOI,1
203820,Article,priyangiTOI,rishachitlangia,3
203934,Tweet,priyangiTOI,RBReich,381
203974,Tweet,priyangiTOI,kush_junglee,13
203953,Tweet,priyangiTOI,journo_vibha,5
203967,Tweet,priyangiTOI,PrashantrTOI,61
203956,Tweet,priyangiTOI,vijaysinghTOI,3
204003,Tweet,priyangiTOI,journo_vibha,3
203970,Tweet,priyangiTOI,ArthurNeslen,10
204010,Tweet,priyangiTOI,samsifton,19
204008,Tweet,priyangiTOI,FranklinBlog,13
203962,Tweet,priyangiTOI,AshokPradhanTOI,41
203978,Tweet,priyangiTOI,Lattif,51
204002,Tweet,priyangiTOI,Mahafreed_Irani,5
203941,Tweet,priyangiTOI,ArthurNeslen,4
203943,Tweet,priyangiTOI,journo_vibha,12
203938,Tweet,priyangiTOI,vijaysinghTOI,3
179808,Article,Crime_Selvaraj,SindhukTOI,11
179800,Article,Crime_Selvaraj,SribaalaVTOI,5
179691,Article,Crime_Selvaraj,vijayVsinghTOI,2
179578,Article,Crime_Selvaraj,SindhukTOI,2
179639,Article,Crime_Selvaraj,SindhukTOI,7
179616,Article,Crime_Selvaraj,SidharthB25,2
179611,Article,Crime_Selvaraj,SindhukTOI,3
179674,Article,Crime_Selvaraj,Crime_Selvaraj,1
179612,Article,Crime_Selvaraj,declanwalsh,24
179627,Article,Crime_Selvaraj,Crime_Selvaraj,1
179661,Article,Crime_Selvaraj,SindhukTOI,2
179699,Article,Crime_Selvaraj,SindhukTOI,4
179659,Article,Crime_Selvaraj,GRajivTOI,2
179727,Article,Crime_Selvaraj,naomi2009,2
179776,Article,Crime_Selvaraj,anandbodhTOI,2
179856,Tweet,Crime_Selvaraj,hannahdev,11
179875,Tweet,Crime_Selvaraj,richapintoi,195
179897,Tweet,Crime_Selvaraj,mariellaf1,45
179860,Tweet,Crime_Selvaraj,polblonde,9
179840,Tweet,Crime_Selvaraj,williamkeegan,2
179819,Tweet,Crime_Selvaraj,GRajivTOI,3
179898,Tweet,Crime_Selvaraj,ajaysuraTOI,7
179845,Tweet,Crime_Selvaraj,SindhukTOI,2
179818,Tweet,Crime_Selvaraj,naomi2009,5
179841,Tweet,Crime_Selvaraj,RosySequeiraTOI,6
179863,Tweet,Crime_Selvaraj,polblonde,7
179816,Tweet,Crime_Selvaraj,Crime_Selvaraj,1
179862,Tweet,Crime_Selvaraj,polblonde,31
179829,Tweet,Crime_Selvaraj,polblonde,14
179830,Tweet,Crime_Selvaraj,IKershner,149
169573,Article,advityabahlTOI,durgeshjhaTOI,178
169538,Article,advityabahlTOI,maheshbTOI,16
169500,Article,advityabahlTOI,vijayVsinghTOI,43
169655,Article,advityabahlTOI,AmritadTOI,2
169510,Article,advityabahlTOI,DawnHFoster,32
169598,Article,advityabahlTOI,vijayVsinghTOI,47
169554,Article,advityabahlTOI,anandbodhTOI,72
169658,Article,advityabahlTOI,sandhyanairTOI,9
169638,Article,advityabahlTOI,sandhyanairTOI,21
169716,Article,advityabahlTOI,dubeyavishek,13
169513,Article,advityabahlTOI,afuahirsch,99
169579,Article,advityabahlTOI,advityabahlTOI,1
169649,Article,advityabahlTOI,maheshbTOI,15
169641,Article,advityabahlTOI,vijayVsinghTOI,16
169498,Article,advityabahlTOI,vijayVsinghTOI,13
169799,Tweet,advityabahlTOI,advityabahlTOI,1
169779,Tweet,advityabahlTOI,BhanupratapsTOI,45
169823,Tweet,advityabahlTOI,shafaquealamTOI,12
169809,Tweet,advityabahlTOI,lucywardsings,17
169782,Tweet,advityabahlTOI,pradeeptTOI,202
169761,Tweet,advityabahlTOI,Crime_Selvaraj,15
169803,Tweet,advityabahlTOI,dubeyavishek,2
169763,Tweet,advityabahlTOI,vijaysinghTOI,55
169790,Tweet,advityabahlTOI,tripgabriel,77
169767,Tweet,advityabahlTOI,Crime_Selvaraj,48
169787,Tweet,advityabahlTOI,vijayVsinghTOI,84
169838,Tweet,advityabahlTOI,suilee,46
169798,Tweet,advityabahlTOI,damiencave,166
169755,Tweet,advityabahlTOI,dklavaniaTOI,24
169748,Tweet,advityabahlTOI,MonaChalabi,3
153870,Article,gabyhinsliff,aleksk,22
153856,Article,gabyhinsliff,bindelj,21
153846,Article,gabyhinsliff,jayrayner1,2
153985,Article,gabyhinsliff,gabyhinsliff,1
153872,Article,gabyhinsliff,gabyhinsliff,1
153875,Article,gabyhinsliff,msrachelcooke,55
153955,Article,gabyhinsliff,afuahirsch,28
153911,Article,gabyhinsliff,timjonze,22
153880,Article,gabyhinsliff,JessicaValenti,110
153830,Article,gabyhinsliff,oliverburkeman,29
153823,Article,gabyhinsliff,MarinaHyde,24
153858,Article,gabyhinsliff,HackneyAbbott,13
153851,Article,gabyhinsliff,MarinaHyde,15
153765,Article,gabyhinsliff,mariellaf1,26
153854,Article,gabyhinsliff,chrishughes,122
154458,Tweet,gabyhinsliff,RorySmith,3
154050,Tweet,gabyhinsliff,mtomasky,77
154222,Tweet,gabyhinsliff,elizabday,41
154489,Tweet,gabyhinsliff,NesrineMalik,24
154025,Tweet,gabyhinsliff,aleksk,34
154338,Tweet,gabyhinsliff,IKershner,9
154046,Tweet,gabyhinsliff,williamnhutton,25
154097,Tweet,gabyhinsliff,OwenJones84,18
154130,Tweet,gabyhinsliff,joshwiddicombe,184
154556,Tweet,gabyhinsliff,RowanMoore,4
154549,Tweet,gabyhinsliff,richapintoi,53
154553,Tweet,gabyhinsliff,joncaramanica,121
154527,Tweet,gabyhinsliff,elizabday,48
154402,Tweet,gabyhinsliff,jimwaterson,2
154250,Tweet,gabyhinsliff,charltonbrooker,17
106180,Article,stevenpoole,HackneyAbbott,10
106331,Article,stevenpoole,sarahditum,6
106168,Article,stevenpoole,williamkeegan,3
106145,Article,stevenpoole,billicritic,3
106134,Article,stevenpoole,salihughes,21
106336,Article,stevenpoole,RBReich,29
106322,Article,stevenpoole,nicklezard,5
106337,Article,stevenpoole,williamkeegan,4
106345,Article,stevenpoole,DouthatNYT,100
106230,Article,stevenpoole,OwenJones84,94
106195,Article,stevenpoole,HackneyAbbott,3
106349,Article,stevenpoole,SearleAdrian,50
106249,Article,stevenpoole,nicklezard,17
106186,Article,stevenpoole,williamkeegan,2
106189,Article,stevenpoole,stevenpoole,1
106811,Tweet,stevenpoole,SocialQPhilip,167
106759,Tweet,stevenpoole,oliverburkeman,36
106855,Tweet,stevenpoole,RichardFausset,360
106835,Tweet,stevenpoole,EVincentelli,63
106451,Tweet,stevenpoole,margaretrenkl,240
106534,Tweet,stevenpoole,desaisantosh,98
106560,Tweet,stevenpoole,leninology,107
106745,Tweet,stevenpoole,wesley_morris,131
106871,Tweet,stevenpoole,greenslader,13
106385,Tweet,stevenpoole,ShaneGoldmacher,80
106793,Tweet,stevenpoole,msrachelcooke,65
106376,Tweet,stevenpoole,NesrineMalik,108
106947,Tweet,stevenpoole,aleksk,169
106592,Tweet,stevenpoole,DouthatNYT,96
106639,Tweet,stevenpoole,genznyt,237
13293,Article,MattFutterman,murarishetyeTOI,90
13243,Article,MattFutterman,el_belson,224
13291,Article,MattFutterman,BenRothenberg,31
13253,Article,MattFutterman,anemonanyc,52
13273,Article,MattFutterman,BenWeiserNYT,85
13281,Article,MattFutterman,saumyajitbTOI,20
13283,Article,MattFutterman,marcatracy,17
13289,Article,MattFutterman,ByJamesWagner,12
13241,Article,MattFutterman,BenRothenberg,46
13232,Article,MattFutterman,BenRothenberg,3
13249,Article,MattFutterman,lukebroadwater,89
13216,Article,MattFutterman,AraniBasuTOI,94
13278,Article,MattFutterman,billywitz,39
13247,Article,MattFutterman,tariqpanja,43
13229,Article,MattFutterman,tariqpanja,131
13307,Tweet,MattFutterman,williamkeegan,66
13338,Tweet,MattFutterman,nytdavidbrooks,22
13375,Tweet,MattFutterman,tomfriedman,10
13358,Tweet,MattFutterman,debaratisen,11
13321,Tweet,MattFutterman,DavidWaldstein,34
13359,Tweet,MattFutterman,fmanjoo,341
13315,Tweet,MattFutterman,fmanjoo,355
13327,Tweet,MattFutterman,gailcollins,4
13372,Tweet,MattFutterman,davidleighx,20
13317,Tweet,MattFutterman,toi_rohanA,32
13368,Tweet,MattFutterman,el_belson,7
13364,Tweet,MattFutterman,ericschmittnyt,92
13310,Tweet,MattFutterman,RichSandomir,9
13316,Tweet,MattFutterman,vanbadham,27
13337,Tweet,MattFutterman,RBReich,80
137232,Article,arusbridger,davidhepworth,63
137228,Article,arusbridger,alanconnor,28
137185,Article,arusbridger,DerekMalcolm123,3
137279,Article,arusbridger,davidhepworth,15
137236,Article,arusbridger,sarfrazmanzoor,28
137156,Article,arusbridger,afuahirsch,89
137120,Article,arusbridger,laurenlaverne,57
137271,Article,arusbridger,steve_hewlett,36
137253,Article,arusbridger,greenslader,2
137140,Article,arusbridger,JessicaValenti,32
137169,Article,arusbridger,alexbellos,17
137269,Article,arusbridger,jillfilipovic,373
137139,Article,arusbridger,JessicaValenti,32
137187,Article,arusbridger,DeccaJourno,203
137174,Article,arusbridger,andybrassell,116
137795,Tweet,arusbridger,gailcollins,197
137433,Tweet,arusbridger,thestephmerritt,10
137759,Tweet,arusbridger,laurenlaverne,188
137596,Tweet,arusbridger,polblonde,80
137761,Tweet,arusbridger,timatkin,20
137808,Tweet,arusbridger,alexanderburns,317
137837,Tweet,arusbridger,SocialQPhilip,213
137396,Tweet,arusbridger,HackneyAbbott,62
137755,Tweet,arusbridger,GRajivTOI,184
137671,Tweet,arusbridger,RaphaelMinder,14
137720,Tweet,arusbridger,LeoHickman,29
137741,Tweet,arusbridger,jennydeluxe,229
137351,Tweet,arusbridger,seaningle,11
137348,Tweet,arusbridger,nicholaswatt,19
137622,Tweet,arusbridger,pradeeptTOI,270
92824,Article,aleksk,alexbellos,3
92876,Article,aleksk,aleksk,1
92766,Article,aleksk,aleksk,1
92864,Article,aleksk,sunny_hundal,4
92656,Article,aleksk,bencasselman,46
92751,Article,aleksk,charltonbrooker,7
92856,Article,aleksk,aleksk,1
92711,Article,aleksk,aleksk,1
92836,Article,aleksk,aleksk,1
92862,Article,aleksk,aleksk,1
92764,Article,aleksk,GeorgeMonbiot,5
92790,Article,aleksk,alanconnor,36
92799,Article,aleksk,andrewrsorkin,85
92897,Article,aleksk,davidhepworth,345
92860,Article,aleksk,VivianHo,5
93062,Tweet,aleksk,Bencjacobs,7
93449,Tweet,aleksk,DeccaJourno,33
93239,Tweet,aleksk,joncaramanica,5
93244,Tweet,aleksk,PerriKlass,382
93406,Tweet,aleksk,rondakaysen,125
93094,Tweet,aleksk,andybrassell,71
93459,Tweet,aleksk,jennydeluxe,189
93305,Tweet,aleksk,laurenlaverne,212
93083,Tweet,aleksk,MarinaHyde,67
93266,Tweet,aleksk,DerekMalcolm123,499
93424,Tweet,aleksk,RBReich,101
93159,Tweet,aleksk,jillfilipovic,23
93041,Tweet,aleksk,ChaitanyadTOI,383
92986,Tweet,aleksk,ginakolata,2
93353,Tweet,aleksk,DeccaJourno,18
221151,Article,vishwamTOI,rajendrasTOI,22
221273,Article,vishwamTOI,digbijaymishra1,34
221304,Article,vishwamTOI,KapildaveTOI,22
221310,Article,vishwamTOI,vishwamTOI,1
221247,Article,vishwamTOI,EllenBarryNYT,55
221145,Article,vishwamTOI,anandbodhTOI,8
221212,Article,vishwamTOI,KapildaveTOI,34
221255,Article,vishwamTOI,LFFriedman,9
221180,Article,vishwamTOI,toi_dhananjayM,14
221114,Article,vishwamTOI,aseemsgujar,10
221282,Article,vishwamTOI,007pandey,15
221123,Article,vishwamTOI,anandbodhTOI,56
221198,Article,vishwamTOI,pankajdoval,30
221201,Article,vishwamTOI,AtulMathur_,12
221263,Article,vishwamTOI,durgeshjhaTOI,2
221426,Tweet,vishwamTOI,desaisantosh,93
221441,Tweet,vishwamTOI,akhileshsTOI,167
221442,Tweet,vishwamTOI,digbijaymishra1,20
221445,Tweet,vishwamTOI,damiencave,50
221379,Tweet,vishwamTOI,ArthurNeslen,17
221382,Tweet,vishwamTOI,RosySequeiraTOI,93
221402,Tweet,vishwamTOI,saumyajitbTOI,44
221439,Tweet,vishwamTOI,IKershner,252
221399,Tweet,vishwamTOI,NishikantkTOI,101
221428,Tweet,vishwamTOI,williamkeegan,139
221440,Tweet,vishwamTOI,BawaNaaved,80
221450,Tweet,vishwamTOI,PNaveenTOI,79
221401,Tweet,vishwamTOI,elizabday,27
221430,Tweet,vishwamTOI,jennydeluxe,180
221409,Tweet,vishwamTOI,petleepeter,10
30402,Article,LizAldermanNYT,afuahirsch,246
30474,Article,LizAldermanNYT,ManjuVTOI,3
30493,Article,LizAldermanNYT,aurelienbrd,3
30478,Article,LizAldermanNYT,ChuBailiang,2
30421,Article,LizAldermanNYT,NYTBen,24
30418,Article,LizAldermanNYT,RaphaelMinder,13
30468,Article,LizAldermanNYT,stevenerlanger,37
30454,Article,LizAldermanNYT,andrewrsorkin,124
30462,Article,LizAldermanNYT,RBReich,19
30477,Article,LizAldermanNYT,andrewrsorkin,51
30430,Article,LizAldermanNYT,john_hooper,2
30448,Article,LizAldermanNYT,jeannasmialek,63
30437,Article,LizAldermanNYT,hillhulse,29
30403,Article,LizAldermanNYT,jeannasmialek,201
30426,Article,LizAldermanNYT,naomi2009,8
30586,Tweet,LizAldermanNYT,andrewrsorkin,8
30580,Tweet,LizAldermanNYT,davidhepworth,225
30518,Tweet,LizAldermanNYT,aurelienbrd,9
30544,Tweet,LizAldermanNYT,vvfriedman,334
30562,Tweet,LizAldermanNYT,LeoHickman,6
30510,Tweet,LizAldermanNYT,timjonze,238
30595,Tweet,LizAldermanNYT,vijayVsinghTOI,33
30598,Tweet,LizAldermanNYT,williamkeegan,22
30599,Tweet,LizAldermanNYT,Shilarze_SSR,53
30549,Tweet,LizAldermanNYT,gailcollins,48
30506,Tweet,LizAldermanNYT,LizAldermanNYT,1
30577,Tweet,LizAldermanNYT,AtulMathur_,27
30500,Tweet,LizAldermanNYT,BenWeiserNYT,9
30581,Tweet,LizAldermanNYT,yeshikabudhwar,39
30515,Tweet,LizAldermanNYT,vijayVsinghTOI,119
22807,Article,nytmike,hugolowell,10
22826,Article,nytmike,peterbakernyt,4
22809,Article,nytmike,jwpetersNYT,52
22881,Article,nytmike,nytmike,1
22851,Article,nytmike,hugolowell,10
22846,Article,nytmike,peterbakernyt,7
22895,Article,nytmike,nytmike,1
22877,Article,nytmike,npfandos,7
22800,Article,nytmike,jeannasmialek,19
22842,Article,nytmike,nytmike,1
22861,Article,nytmike,lukebroadwater,4
22853,Article,nytmike,charlie_savage,2
22832,Article,nytmike,npfandos,9
22884,Article,nytmike,npfandos,5
22828,Article,nytmike,lukebroadwater,2
22902,Tweet,nytmike,GlennThrush,127
22995,Tweet,nytmike,helenecooper,139
22900,Tweet,nytmike,ShaneGoldmacher,18
22997,Tweet,nytmike,ESCochrane,19
22917,Tweet,nytmike,BenWeiserNYT,3
22944,Tweet,nytmike,ggreenwald,227
22913,Tweet,nytmike,npfandos,12
22901,Tweet,nytmike,ewong,16
22916,Tweet,nytmike,adamliptak,15
22927,Tweet,nytmike,lukebroadwater,16
22974,Tweet,nytmike,kbennhold,161
22910,Tweet,nytmike,AshokPradhanTOI,133
22951,Tweet,nytmike,nytmike,1
22903,Tweet,nytmike,jwpetersNYT,35
22932,Tweet,nytmike,bydanielvictor,22
43109,Article,lucywardsings,jimwaterson,35
43092,Article,lucywardsings,AnushkaAsthana,20
43063,Article,lucywardsings,KateEMcCann,15
43070,Article,lucywardsings,DawnHFoster,3
43098,Article,lucywardsings,ArthurNeslen,4
43268,Article,lucywardsings,ameliagentleman,7
43207,Article,lucywardsings,lucywardsings,1
43091,Article,lucywardsings,DanielKingChess,10
43056,Article,lucywardsings,DawnHFoster,25
43111,Article,lucywardsings,winematcher,66
43153,Article,lucywardsings,hugolowell,45
43266,Article,lucywardsings,AnushkaAsthana,2
43051,Article,lucywardsings,PippaCrerar,16
43239,Article,lucywardsings,ewenmacaskill,26
43221,Article,lucywardsings,lucywardsings,1
43824,Tweet,lucywardsings,MarinaOLoughlin,53
43437,Tweet,lucywardsings,lucywardsings,1
43594,Tweet,lucywardsings,priyagupta999,270
43367,Tweet,lucywardsings,zwoolfe,263
43698,Tweet,lucywardsings,jorifinkel,216
43654,Tweet,lucywardsings,sarahditum,244
43529,Tweet,lucywardsings,gabyhinsliff,66
43279,Tweet,lucywardsings,afuahirsch,192
43802,Tweet,lucywardsings,HinaRohtaki,4
43313,Tweet,lucywardsings,billicritic,73
43770,Tweet,lucywardsings,GRajivTOI,31
43829,Tweet,lucywardsings,billicritic,69
43652,Tweet,lucywardsings,MarinaHyde,42
43850,Tweet,lucywardsings,sendvictorious,142
43322,Tweet,lucywardsings,joshwiddicombe,6
74659,Article,davidhepworth,davidhepworth,1
74707,Article,davidhepworth,davidhepworth,1
74799,Article,davidhepworth,davidhepworth,1
74728,Article,davidhepworth,davidhepworth,1
74720,Article,davidhepworth,davidhepworth,1
74701,Article,davidhepworth,davidhepworth,1
74652,Article,davidhepworth,davidhepworth,1
74806,Article,davidhepworth,davidhepworth,1
74753,Article,davidhepworth,davidhepworth,1
74855,Article,davidhepworth,davidhepworth,1
74749,Article,davidhepworth,davidhepworth,1
74864,Article,davidhepworth,davidhepworth,1
74859,Article,davidhepworth,davidhepworth,1
74867,Article,davidhepworth,davidhepworth,1
74751,Article,davidhepworth,davidhepworth,1
74932,Tweet,davidhepworth,NilsPratley,7
75273,Tweet,davidhepworth,HackneyAbbott,58
75094,Tweet,davidhepworth,tomdyckhoff,39
74931,Tweet,davidhepworth,davidhepworth,1
75358,Tweet,davidhepworth,jfordham_jazz,132
74966,Tweet,davidhepworth,williamkeegan,6
75040,Tweet,davidhepworth,williamkeegan,14
75091,Tweet,davidhepworth,NYTimesCohen,32
75177,Tweet,davidhepworth,RorySmith,44
75307,Tweet,davidhepworth,davidhepworth,1
75438,Tweet,davidhepworth,timlottwriter,9
75420,Tweet,davidhepworth,davidhepworth,1
75223,Tweet,davidhepworth,DouthatNYT,118
75205,Tweet,davidhepworth,pete_wells,90
75281,Tweet,davidhepworth,sendvictorious,8
110529,Article,maevesther,timlottwriter,34
110434,Article,maevesther,tomdyckhoff,13
110499,Article,maevesther,jimwaterson,5
110513,Article,maevesther,kenanmalik,80
110348,Article,maevesther,thestephmerritt,16
110345,Article,maevesther,HackneyAbbott,31
110501,Article,maevesther,sarahditum,83
110494,Article,maevesther,tomdyckhoff,11
110314,Article,maevesther,petleepeter,136
110404,Article,maevesther,PippaCrerar,3
110413,Article,maevesther,tomdyckhoff,27
110551,Article,maevesther,tomdyckhoff,17
110351,Article,maevesther,NilsPratley,52
110390,Article,maevesther,tomdyckhoff,16
110546,Article,maevesther,hannahdev,26
110713,Tweet,maevesther,jfordham_jazz,33
110702,Tweet,maevesther,lyngardner,6
110707,Tweet,maevesther,seaningle,10
110800,Tweet,maevesther,journo_vibha,27
110736,Tweet,maevesther,margaretrenkl,70
110708,Tweet,maevesther,samrob12,17
110929,Tweet,maevesther,wesley_morris,110
110762,Tweet,maevesther,desaisantosh,91
110940,Tweet,maevesther,elizabday,86
110706,Tweet,maevesther,PerriKlass,140
110843,Tweet,maevesther,gracedent,27
110704,Tweet,maevesther,LauraCummingArt,8
110859,Tweet,maevesther,timatkin,162
110648,Tweet,maevesther,sarahlyall,26
110634,Tweet,maevesther,Markbeaumontuk,40
9678,Article,jimtankersley,SherylNYT,23
9693,Article,jimtankersley,tejalrao,24
9642,Article,jimtankersley,jimtankersley,1
9663,Article,jimtankersley,ESCochrane,2
9621,Article,jimtankersley,paulkrugman,8
9617,Article,jimtankersley,michaelcrowley,131
9644,Article,jimtankersley,ESCochrane,3
9688,Article,jimtankersley,ESCochrane,4
9689,Article,jimtankersley,ESCochrane,10
9653,Article,jimtankersley,ESCochrane,2
9622,Article,jimtankersley,ESCochrane,2
9662,Article,jimtankersley,helenecooper,10
9694,Article,jimtankersley,npfandos,37
9629,Article,jimtankersley,paulkrugman,6
9639,Article,jimtankersley,ESCochrane,2
9720,Tweet,jimtankersley,paulkrugman,3
9742,Tweet,jimtankersley,rishachitlangia,51
9775,Tweet,jimtankersley,noamscheiber,8
9743,Tweet,jimtankersley,jeannasmialek,2
9776,Tweet,jimtankersley,paulkrugman,2
9707,Tweet,jimtankersley,nnougayrede,447
9735,Tweet,jimtankersley,MujMash,402
9727,Tweet,jimtankersley,jameskanter,30
9784,Tweet,jimtankersley,pete_wells,32
9725,Tweet,jimtankersley,jimtankersley,1
9773,Tweet,jimtankersley,sangerkatz,4
9748,Tweet,jimtankersley,hillhulse,17
9749,Tweet,jimtankersley,jeannasmialek,3
9779,Tweet,jimtankersley,TanyaGold1,436
9763,Tweet,jimtankersley,paulkrugman,6
180320,Article,DekaJayanta,digbijaymishra1,3
180279,Article,DekaJayanta,PjJoychen,27
180328,Article,DekaJayanta,desaisantosh,45
180347,Article,DekaJayanta,SindhukTOI,2
180267,Article,DekaJayanta,anandbodhTOI,32
180374,Article,DekaJayanta,debaratisen,41
180344,Article,DekaJayanta,niyatiparikhTOI,62
180352,Article,DekaJayanta,007pandey,37
180297,Article,DekaJayanta,DekaJayanta,1
180293,Article,DekaJayanta,Mahafreed_Irani,6
180299,Article,DekaJayanta,digbijaymishra1,5
180334,Article,DekaJayanta,PjJoychen,66
180318,Article,DekaJayanta,PjJoychen,36
180348,Article,DekaJayanta,digbijaymishra1,8
180343,Article,DekaJayanta,petleepeter,5
180441,Tweet,DekaJayanta,saumyajitbTOI,19
180407,Tweet,DekaJayanta,andrewrawnsley,143
180387,Tweet,DekaJayanta,bykaren,260
180415,Tweet,DekaJayanta,saumyajitbTOI,11
180426,Tweet,DekaJayanta,williamkeegan,145
180382,Tweet,DekaJayanta,MoharBasu,94
180422,Tweet,DekaJayanta,DekaJayanta,1
180442,Tweet,DekaJayanta,sandhyanairTOI,28
180401,Tweet,DekaJayanta,parthasinha,3
180386,Tweet,DekaJayanta,smita_mishra,9
180411,Tweet,DekaJayanta,meeravohraTOI,24
180417,Tweet,DekaJayanta,ManjuVTOI,12
180399,Tweet,DekaJayanta,ArthurNeslen,166
180438,Tweet,DekaJayanta,saumyajitbTOI,28
180425,Tweet,DekaJayanta,ChaitanyadTOI,52
687,Article,alexmarshall81,RaphaelMinder,77
679,Article,alexmarshall81,williamkeegan,52
658,Article,alexmarshall81,farnazfassihi,18
620,Article,alexmarshall81,davidhepworth,23
639,Article,alexmarshall81,NilsPratley,171
661,Article,alexmarshall81,DerekMalcolm123,11
688,Article,alexmarshall81,EllenBarryNYT,111
613,Article,alexmarshall81,DerekMalcolm123,29
624,Article,alexmarshall81,naomi2009,158
685,Article,alexmarshall81,NeilMacFarquhar,17
651,Article,alexmarshall81,genznyt,56
604,Article,alexmarshall81,NYTBen,100
677,Article,alexmarshall81,brooksbarnesNYT,13
643,Article,alexmarshall81,jonpareles,6
601,Article,alexmarshall81,davidhepworth,13
714,Tweet,alexmarshall81,carlzimmer,239
720,Tweet,alexmarshall81,lucywardsings,92
770,Tweet,alexmarshall81,oliverburkeman,125
778,Tweet,alexmarshall81,davidhepworth,64
783,Tweet,alexmarshall81,davidhepworth,103
719,Tweet,alexmarshall81,steve_hewlett,97
796,Tweet,alexmarshall81,sarahditum,4
724,Tweet,alexmarshall81,TanyaGold1,30
725,Tweet,alexmarshall81,alexmarshall81,1
707,Tweet,alexmarshall81,davidhepworth,99
776,Tweet,alexmarshall81,joecoscarelli,57
793,Tweet,alexmarshall81,nnougayrede,19
739,Tweet,alexmarshall81,MoharBasu,7
756,Tweet,alexmarshall81,paulmasonnews,6
766,Tweet,alexmarshall81,ottolenghi,4
64882,Article,timatkin,billicritic,2
64799,Article,timatkin,timatkin,1
64911,Article,timatkin,timatkin,1
64748,Article,timatkin,winematcher,3
64790,Article,timatkin,timatkin,1
64863,Article,timatkin,timatkin,1
64874,Article,timatkin,ewenmacaskill,24
64839,Article,timatkin,timlottwriter,3
64838,Article,timatkin,DerekMalcolm123,4
64809,Article,timatkin,davidhepworth,15
64768,Article,timatkin,williamkeegan,2
64698,Article,timatkin,winematcher,3
64865,Article,timatkin,billicritic,2
64689,Article,timatkin,winematcher,19
64693,Article,timatkin,jfordham_jazz,69
65190,Tweet,timatkin,DerekMalcolm123,31
65280,Tweet,timatkin,DerekMalcolm123,7
65278,Tweet,timatkin,VivianHo,321
65520,Tweet,timatkin,sisario,65
65249,Tweet,timatkin,ChaitanyadTOI,28
65002,Tweet,timatkin,desaisantosh,6
65021,Tweet,timatkin,jorifinkel,56
65009,Tweet,timatkin,timatkin,1
65267,Tweet,timatkin,vanbadham,271
65243,Tweet,timatkin,greenslader,142
65448,Tweet,timatkin,gmorgenson,13
65044,Tweet,timatkin,priyagupta999,113
65131,Tweet,timatkin,KateEMcCann,70
65157,Tweet,timatkin,winematcher,49
65039,Tweet,timatkin,zwoolfe,2
120978,Article,carolecadwalla,DawnHFoster,14
120966,Article,carolecadwalla,PippaCrerar,11
121084,Article,carolecadwalla,DeccaJourno,88
121094,Article,carolecadwalla,thrasherxy,91
120982,Article,carolecadwalla,JessicaValenti,37
120975,Article,carolecadwalla,hadleyfreeman,39
121042,Article,carolecadwalla,archiebland,67
121083,Article,carolecadwalla,oliverburkeman,31
120917,Article,carolecadwalla,PippaCrerar,20
120972,Article,carolecadwalla,andybrassell,33
120940,Article,carolecadwalla,jimwaterson,30
120916,Article,carolecadwalla,williamkeegan,95
121066,Article,carolecadwalla,msmirandasawyer,106
120880,Article,carolecadwalla,PippaCrerar,32
120902,Article,carolecadwalla,PippaCrerar,11
121158,Tweet,carolecadwalla,tomfriedman,284
121266,Tweet,carolecadwalla,RaphaelMinder,28
121613,Tweet,carolecadwalla,ggreenwald,88
121504,Tweet,carolecadwalla,desaisantosh,124
121295,Tweet,carolecadwalla,carolecadwalla,1
121578,Tweet,carolecadwalla,williamkeegan,35
121437,Tweet,carolecadwalla,williamkeegan,243
121195,Tweet,carolecadwalla,afuahirsch,2
121388,Tweet,carolecadwalla,joncaramanica,22
121559,Tweet,carolecadwalla,nytdavidbrooks,380
121203,Tweet,carolecadwalla,DerekMalcolm123,273
121649,Tweet,carolecadwalla,NilsPratley,48
121385,Tweet,carolecadwalla,RorySmith,172
121617,Tweet,carolecadwalla,RaphaelMinder,3
121443,Tweet,carolecadwalla,NilsPratley,52
138078,Article,jayrayner1,pete_wells,42
138089,Article,jayrayner1,salihughes,8
138061,Article,jayrayner1,OwenJones84,52
137979,Article,jayrayner1,lenoretaylor,96
138015,Article,jayrayner1,davidhepworth,5
137926,Article,jayrayner1,FelicityCloake,12
138094,Article,jayrayner1,alanconnor,8
137962,Article,jayrayner1,MarinaOLoughlin,12
138101,Article,jayrayner1,lyngardner,15
138118,Article,jayrayner1,andybrassell,45
137956,Article,jayrayner1,OwenJones84,65
138002,Article,jayrayner1,gabyhinsliff,16
138041,Article,jayrayner1,LucyMangan,23
138138,Article,jayrayner1,nicklezard,9
137935,Article,jayrayner1,RebeccaSeal,2
138733,Tweet,jayrayner1,we_are_food,31
138292,Tweet,jayrayner1,JoshuaRozenberg,42
138513,Tweet,jayrayner1,sendvictorious,10
138348,Tweet,jayrayner1,RBReich,355
138537,Tweet,jayrayner1,DeccaJourno,56
138653,Tweet,jayrayner1,KateEMcCann,64
138210,Tweet,jayrayner1,williamkeegan,77
138396,Tweet,jayrayner1,DerekMalcolm123,32
138692,Tweet,jayrayner1,NilsPratley,46
138188,Tweet,jayrayner1,rondakaysen,264
138606,Tweet,jayrayner1,elizabday,80
138236,Tweet,jayrayner1,DerekMalcolm123,14
138341,Tweet,jayrayner1,lyngardner,6
138266,Tweet,jayrayner1,ottolenghi,51
138696,Tweet,jayrayner1,DerekMalcolm123,189
107961,Article,ggreenwald,ggreenwald,1
107888,Article,ggreenwald,ditzkoff,6
107996,Article,ggreenwald,jillfilipovic,2
107889,Article,ggreenwald,ggreenwald,1
107768,Article,ggreenwald,RorySmith,30
107807,Article,ggreenwald,JessicaValenti,13
107941,Article,ggreenwald,el_belson,39
107838,Article,ggreenwald,jillfilipovic,3
107854,Article,ggreenwald,jillfilipovic,2
107909,Article,ggreenwald,VivianHo,6
107843,Article,ggreenwald,IKershner,25
107829,Article,ggreenwald,jillfilipovic,14
107973,Article,ggreenwald,jillfilipovic,8
107772,Article,ggreenwald,JessicaValenti,13
107784,Article,ggreenwald,carolecadwalla,10
108537,Tweet,ggreenwald,sisario,3
108417,Tweet,ggreenwald,RBReich,15
108366,Tweet,ggreenwald,mtomasky,2
108327,Tweet,ggreenwald,ggreenwald,1
108196,Tweet,ggreenwald,ggreenwald,1
108338,Tweet,ggreenwald,MoharBasu,30
108344,Tweet,ggreenwald,vijayVsinghTOI,219
108070,Tweet,ggreenwald,davidhepworth,27
108529,Tweet,ggreenwald,Gauraw2297,440
108544,Tweet,ggreenwald,RosySequeiraTOI,119
108445,Tweet,ggreenwald,RBReich,30
108211,Tweet,ggreenwald,brooksbarnesNYT,69
108482,Tweet,ggreenwald,DouthatNYT,4
108492,Tweet,ggreenwald,fmanjoo,3
108201,Tweet,ggreenwald,RBReich,3
33221,Article,jessbidgood,KSchulten,21
33263,Article,jessbidgood,NikiKitsantonis,15
33206,Article,jessbidgood,NikiKitsantonis,59
33285,Article,jessbidgood,sangerkatz,67
33226,Article,jessbidgood,petleepeter,72
33277,Article,jessbidgood,alexanderburns,35
33298,Article,jessbidgood,antontroian,91
33205,Article,jessbidgood,jwpetersNYT,31
33216,Article,jessbidgood,marywalshjourno,61
33214,Article,jessbidgood,IKershner,334
33247,Article,jessbidgood,EllenBarryNYT,23
33272,Article,jessbidgood,rondakaysen,27
33203,Article,jessbidgood,ESCochrane,41
33222,Article,jessbidgood,ESCochrane,49
33233,Article,jessbidgood,RBReich,144
33398,Tweet,jessbidgood,alexanderburns,12
33316,Tweet,jessbidgood,alexanderburns,25
33362,Tweet,jessbidgood,hillhulse,29
33334,Tweet,jessbidgood,charlie_savage,17
33389,Tweet,jessbidgood,msrachelcooke,391
33351,Tweet,jessbidgood,livia_ar,177
33357,Tweet,jessbidgood,mateenHTOI,160
33372,Tweet,jessbidgood,mtomasky,282
33305,Tweet,jessbidgood,ajaysuraTOI,423
33326,Tweet,jessbidgood,tripgabriel,53
33393,Tweet,jessbidgood,llerer,73
33376,Tweet,jessbidgood,oliverburkeman,452
33378,Tweet,jessbidgood,alexanderburns,50
33336,Tweet,jessbidgood,LFFriedman,3
33346,Tweet,jessbidgood,gailcollins,19
36681,Article,markriceoxley69,elizabday,79
36816,Article,markriceoxley69,AndrewSparrow,181
36631,Article,markriceoxley69,HackneyAbbott,4
36740,Article,markriceoxley69,williamkeegan,101
36692,Article,markriceoxley69,hugolowell,129
36615,Article,markriceoxley69,kenanmalik,5
36785,Article,markriceoxley69,AnushkaAsthana,41
36614,Article,markriceoxley69,winematcher,6
36734,Article,markriceoxley69,HackneyAbbott,32
36731,Article,markriceoxley69,hadleyfreeman,55
36873,Article,markriceoxley69,declanwalsh,384
36754,Article,markriceoxley69,lucysiegle,18
36809,Article,markriceoxley69,tomdyckhoff,24
36633,Article,markriceoxley69,msmirandasawyer,25
36770,Article,markriceoxley69,oliverburkeman,18
37204,Tweet,markriceoxley69,arusbridger,86
37190,Tweet,markriceoxley69,kbennhold,258
37126,Tweet,markriceoxley69,paulkrugman,273
37461,Tweet,markriceoxley69,damiencave,177
37253,Tweet,markriceoxley69,vanbadham,114
37124,Tweet,markriceoxley69,alanconnor,42
36970,Tweet,markriceoxley69,lenoretaylor,21
37267,Tweet,markriceoxley69,tomdyckhoff,18
37177,Tweet,markriceoxley69,jonpareles,62
36998,Tweet,markriceoxley69,PNaveenTOI,275
37239,Tweet,markriceoxley69,elizabday,85
37199,Tweet,markriceoxley69,jennydeluxe,147
37455,Tweet,markriceoxley69,jonpareles,382
37446,Tweet,markriceoxley69,genznyt,66
36999,Tweet,markriceoxley69,joshwiddicombe,37
190085,Article,kumaraswamykTOI,tushhaikhush,2
190196,Article,kumaraswamykTOI,sudhanshub16,3
190068,Article,kumaraswamykTOI,archiebland,273
190148,Article,kumaraswamykTOI,toi_ManujaV,2
190145,Article,kumaraswamykTOI,DerekMalcolm123,129
189991,Article,kumaraswamykTOI,aniljdias,12
190167,Article,kumaraswamykTOI,kumaraswamykTOI,1
190170,Article,kumaraswamykTOI,naomi2009,196
189971,Article,kumaraswamykTOI,vivek9301,45
190118,Article,kumaraswamykTOI,aniljdias,5
190175,Article,kumaraswamykTOI,hugolowell,94
190189,Article,kumaraswamykTOI,Shilarze_SSR,4
190131,Article,kumaraswamykTOI,kumaraswamykTOI,1
190201,Article,kumaraswamykTOI,OwenJones84,231
189998,Article,kumaraswamykTOI,Pratiks_TOI,41
190296,Tweet,kumaraswamykTOI,polblonde,348
190228,Tweet,kumaraswamykTOI,DanielKingChess,249
190292,Tweet,kumaraswamykTOI,SwatiShindeTOI,197
190313,Tweet,kumaraswamykTOI,ajaysuraTOI,395
190230,Tweet,kumaraswamykTOI,DanielKingChess,2
190312,Tweet,kumaraswamykTOI,SwatiShindeTOI,122
190299,Tweet,kumaraswamykTOI,polblonde,275
190287,Tweet,kumaraswamykTOI,ajaysuraTOI,386
190289,Tweet,kumaraswamykTOI,desaisantosh,29
190259,Tweet,kumaraswamykTOI,polblonde,17
190288,Tweet,kumaraswamykTOI,MiriamElder,112
190227,Tweet,kumaraswamykTOI,somitsenTOI,174
190226,Tweet,kumaraswamykTOI,sudhanshub16,84
190247,Tweet,kumaraswamykTOI,desaisantosh,33
190250,Tweet,kumaraswamykTOI,priyagupta999,32
148115,Article,Markbeaumontuk,Markbeaumontuk,1
148141,Article,Markbeaumontuk,davidhepworth,10
148219,Article,Markbeaumontuk,Markbeaumontuk,1
148092,Article,Markbeaumontuk,Markbeaumontuk,1
148071,Article,Markbeaumontuk,lyngardner,4
148221,Article,Markbeaumontuk,msrachelcooke,11
148104,Article,Markbeaumontuk,Markbeaumontuk,1
148128,Article,Markbeaumontuk,Markbeaumontuk,1
147997,Article,Markbeaumontuk,Markbeaumontuk,1
148175,Article,Markbeaumontuk,davidhepworth,5
148055,Article,Markbeaumontuk,Markbeaumontuk,1
148064,Article,Markbeaumontuk,Markbeaumontuk,1
148032,Article,Markbeaumontuk,DerekMalcolm123,5
148047,Article,Markbeaumontuk,IanCobain,44
148028,Article,Markbeaumontuk,Markbeaumontuk,1
148592,Tweet,Markbeaumontuk,salihughes,3
148378,Tweet,Markbeaumontuk,NilsPratley,21
148706,Tweet,Markbeaumontuk,AlokKNMishra,469
148764,Tweet,Markbeaumontuk,williamkeegan,98
148469,Tweet,Markbeaumontuk,gailcollins,308
148541,Tweet,Markbeaumontuk,jonpareles,109
148823,Tweet,Markbeaumontuk,elizabday,95
148385,Tweet,Markbeaumontuk,mariellaf1,163
148370,Tweet,Markbeaumontuk,mariellaf1,29
148585,Tweet,Markbeaumontuk,wesley_morris,111
148655,Tweet,Markbeaumontuk,SearleAdrian,189
148611,Tweet,Markbeaumontuk,jfordham_jazz,23
148391,Tweet,Markbeaumontuk,MoharBasu,214
148593,Tweet,Markbeaumontuk,BawaNaaved,374
148746,Tweet,Markbeaumontuk,jhoffman,263
18424,Article,SangerNYT,julianbarnes,5
18468,Article,SangerNYT,hugolowell,46
18446,Article,SangerNYT,julianbarnes,5
18406,Article,SangerNYT,julianbarnes,19
18458,Article,SangerNYT,ewong,40
18476,Article,SangerNYT,ewong,33
18418,Article,SangerNYT,ewong,16
18456,Article,SangerNYT,farnazfassihi,11
18450,Article,SangerNYT,LFFriedman,52
18451,Article,SangerNYT,NYTBen,11
18422,Article,SangerNYT,paulkrugman,20
18480,Article,SangerNYT,NYTBen,21
18464,Article,SangerNYT,npfandos,66
18498,Article,SangerNYT,vijayVsinghTOI,81
18440,Article,SangerNYT,michaelcrowley,34
18595,Tweet,SangerNYT,Shilarze_SSR,182
18573,Tweet,SangerNYT,BhanupratapsTOI,41
18547,Tweet,SangerNYT,jonpareles,318
18517,Tweet,SangerNYT,NYTimesCohen,45
18551,Tweet,SangerNYT,ajaysuraTOI,147
18575,Tweet,SangerNYT,DekaJayanta,95
18562,Tweet,SangerNYT,AshokPradhanTOI,186
18587,Tweet,SangerNYT,vijaysinghTOI,284
18527,Tweet,SangerNYT,gailcollins,75
18506,Tweet,SangerNYT,jamesrbuk,134
18561,Tweet,SangerNYT,ChuBailiang,64
18564,Tweet,SangerNYT,IKershner,17
18522,Tweet,SangerNYT,kbennhold,2
18569,Tweet,SangerNYT,advityabahlTOI,62
18556,Tweet,SangerNYT,kylebuchanan,198
114112,Article,paulmasonnews,mtomasky,8
113975,Article,paulmasonnews,OwenJones84,6
114168,Article,paulmasonnews,aleksk,68
114149,Article,paulmasonnews,oliverburkeman,38
114138,Article,paulmasonnews,parul_sehgal,17
113948,Article,paulmasonnews,andybrassell,113
114048,Article,paulmasonnews,tomdyckhoff,3
113988,Article,paulmasonnews,IAmTimDowling,129
113986,Article,paulmasonnews,andybrassell,148
114089,Article,paulmasonnews,jillfilipovic,19
114062,Article,paulmasonnews,gabyhinsliff,26
114117,Article,paulmasonnews,Markbeaumontuk,76
114113,Article,paulmasonnews,leninology,9
114078,Article,paulmasonnews,afuahirsch,155
113969,Article,paulmasonnews,MonaChalabi,70
114644,Tweet,paulmasonnews,HackneyAbbott,12
114254,Tweet,paulmasonnews,jatinder_tur,178
114417,Tweet,paulmasonnews,sunny_hundal,35
114335,Tweet,paulmasonnews,NilsPratley,9
114220,Tweet,paulmasonnews,paulmasonnews,1
114769,Tweet,paulmasonnews,vijayVsinghTOI,192
114535,Tweet,paulmasonnews,RaphaelMinder,9
114255,Tweet,paulmasonnews,007pandey,20
114209,Tweet,paulmasonnews,carolecadwalla,123
114362,Tweet,paulmasonnews,HackneyAbbott,10
114336,Tweet,paulmasonnews,williamkeegan,56
114652,Tweet,paulmasonnews,paulmasonnews,1
114324,Tweet,paulmasonnews,antontroian,81
114454,Tweet,paulmasonnews,kbennhold,42
114432,Tweet,paulmasonnews,FabrizioRomano,157
190531,Article,kush_junglee,asrpmukeshTOI,57
190456,Article,kush_junglee,Chethan_Dash,44
190553,Article,kush_junglee,kush_junglee,1
190548,Article,kush_junglee,LFFriedman,12
190413,Article,kush_junglee,kush_junglee,1
190339,Article,kush_junglee,kush_junglee,1
190524,Article,kush_junglee,KomalGautham,7
190330,Article,kush_junglee,digbijaymishra1,79
190532,Article,kush_junglee,priyangiTOI,8
190499,Article,kush_junglee,yeshikabudhwar,108
190354,Article,kush_junglee,ArthurNeslen,2
190333,Article,kush_junglee,kush_junglee,1
190345,Article,kush_junglee,minatisinghaTOI,28
190496,Article,kush_junglee,durgeshjhaTOI,5
190401,Article,kush_junglee,AshokPradhanTOI,84
190640,Tweet,kush_junglee,IpsitaTOI,7
190579,Tweet,kush_junglee,kush_junglee,1
190646,Tweet,kush_junglee,kush_junglee,1
190600,Tweet,kush_junglee,ChaitanyadTOI,2
190601,Tweet,kush_junglee,PNaveenTOI,2
190602,Tweet,kush_junglee,MujMash,15
190589,Tweet,kush_junglee,kush_junglee,1
190644,Tweet,kush_junglee,kush_junglee,1
190567,Tweet,kush_junglee,smita_mishra,14
190595,Tweet,kush_junglee,vijaysinghTOI,50
190588,Tweet,kush_junglee,pradeeptTOI,13
190609,Tweet,kush_junglee,psangeetha2112,80
190594,Tweet,kush_junglee,saumyajitbTOI,9
190597,Tweet,kush_junglee,saumyajitbTOI,6
190585,Tweet,kush_junglee,ChaitanyadTOI,4
170059,Article,ajaykanth7,AnushkaAsthana,18
170113,Article,ajaykanth7,ajaykanth7,1
170199,Article,ajaykanth7,john_hooper,6
170106,Article,ajaykanth7,SidharthB25,4
170047,Article,ajaykanth7,RBReich,164
170262,Article,ajaykanth7,patrickwintour,14
170027,Article,ajaykanth7,AtulMathur_,11
170078,Article,ajaykanth7,KapildaveTOI,16
170085,Article,ajaykanth7,vijayVsinghTOI,4
170097,Article,ajaykanth7,Crime_Selvaraj,2
170040,Article,ajaykanth7,mateenHTOI,7
170255,Article,ajaykanth7,vijayVsinghTOI,49
170048,Article,ajaykanth7,GRajivTOI,5
170042,Article,ajaykanth7,Crime_Selvaraj,60
170192,Article,ajaykanth7,GRajivTOI,6
170296,Tweet,ajaykanth7,mohuadazz,120
170275,Tweet,ajaykanth7,timlottwriter,7
170300,Tweet,ajaykanth7,RosySequeiraTOI,24
170282,Tweet,ajaykanth7,ChaitanyadTOI,61
170288,Tweet,ajaykanth7,joncaramanica,262
170348,Tweet,ajaykanth7,PNaveenTOI,90
170304,Tweet,ajaykanth7,jennydeluxe,266
170274,Tweet,ajaykanth7,vanbadham,228
170287,Tweet,ajaykanth7,PeterTatchell,21
170322,Tweet,ajaykanth7,pankajdoval,14
170316,Tweet,ajaykanth7,billicritic,116
170329,Tweet,ajaykanth7,SiwachSukhbir,47
170313,Tweet,ajaykanth7,ramarkosg,52
170293,Tweet,ajaykanth7,vijaysinghTOI,20
170323,Tweet,ajaykanth7,ajaykanth7,1
207650,Article,RosySequeiraTOI,RosySequeiraTOI,1
207686,Article,RosySequeiraTOI,RosySequeiraTOI,1
207703,Article,RosySequeiraTOI,vijayVsinghTOI,8
207711,Article,RosySequeiraTOI,niyatiparikhTOI,5
207550,Article,RosySequeiraTOI,RosySequeiraTOI,1
207549,Article,RosySequeiraTOI,vijaypTOI,2
207717,Article,RosySequeiraTOI,vijayVsinghTOI,2
207669,Article,RosySequeiraTOI,vijayVsinghTOI,2
207604,Article,RosySequeiraTOI,RosySequeiraTOI,1
207725,Article,RosySequeiraTOI,RosySequeiraTOI,1
207732,Article,RosySequeiraTOI,RosySequeiraTOI,1
207724,Article,RosySequeiraTOI,RosySequeiraTOI,1
207706,Article,RosySequeiraTOI,amitanandTOI,8
207618,Article,RosySequeiraTOI,mateenHTOI,2
207627,Article,RosySequeiraTOI,RosySequeiraTOI,1
207803,Tweet,RosySequeiraTOI,ajaysuraTOI,2
207818,Tweet,RosySequeiraTOI,polblonde,4
207825,Tweet,RosySequeiraTOI,polblonde,19
207790,Tweet,RosySequeiraTOI,polblonde,3
207842,Tweet,RosySequeiraTOI,RosySequeiraTOI,1
207843,Tweet,RosySequeiraTOI,PjJoychen,32
207824,Tweet,RosySequeiraTOI,polblonde,4
207833,Tweet,RosySequeiraTOI,polblonde,2
207787,Tweet,RosySequeiraTOI,polblonde,3
207819,Tweet,RosySequeiraTOI,polblonde,3
207791,Tweet,RosySequeiraTOI,polblonde,4
207807,Tweet,RosySequeiraTOI,BenRothenberg,106
207795,Tweet,RosySequeiraTOI,polblonde,6
207797,Tweet,RosySequeiraTOI,saumyajitbTOI,159
207831,Tweet,RosySequeiraTOI,RosySequeiraTOI,1
162474,Article,npwcnn,npwcnn,1
162528,Article,npwcnn,davidleighx,3
162500,Article,npwcnn,john_hooper,2
162440,Article,npwcnn,tariqpanja,111
162558,Article,npwcnn,helenecooper,12
162438,Article,npwcnn,philipoltermann,24
162585,Article,npwcnn,leninology,13
162368,Article,npwcnn,nicklezard,29
162459,Article,npwcnn,greenslader,16
162458,Article,npwcnn,john_hooper,2
162571,Article,npwcnn,npwcnn,1
162468,Article,npwcnn,npwcnn,1
162590,Article,npwcnn,NikiKitsantonis,5
162499,Article,npwcnn,antontroian,66
162427,Article,npwcnn,ewenmacaskill,4
163008,Tweet,npwcnn,patrickwintour,20
163111,Tweet,npwcnn,jayamenon64,45
162718,Tweet,npwcnn,MarinaHyde,111
162924,Tweet,npwcnn,davidhepworth,234
163010,Tweet,npwcnn,gilestremlett,59
162885,Tweet,npwcnn,ericschmittnyt,26
163040,Tweet,npwcnn,RaphaelMinder,67
163130,Tweet,npwcnn,NeilMacFarquhar,6
162692,Tweet,npwcnn,ericschmittnyt,13
162902,Tweet,npwcnn,declanwalsh,14
162653,Tweet,npwcnn,patrickwintour,6
163038,Tweet,npwcnn,patrickwintour,3
162858,Tweet,npwcnn,lucysiegle,27
162807,Tweet,npwcnn,wesley_morris,245
162673,Tweet,npwcnn,RBReich,405
115835,Article,JoshuaRozenberg,OwenJones84,38
115656,Article,JoshuaRozenberg,williamkeegan,5
115670,Article,JoshuaRozenberg,williamkeegan,10
115699,Article,JoshuaRozenberg,andybrassell,255
115703,Article,JoshuaRozenberg,jimwaterson,16
115717,Article,JoshuaRozenberg,john_hooper,2
115866,Article,JoshuaRozenberg,williamkeegan,9
115860,Article,JoshuaRozenberg,NilsPratley,9
115818,Article,JoshuaRozenberg,julianbarnes,25
115762,Article,JoshuaRozenberg,HackneyAbbott,9
115801,Article,JoshuaRozenberg,WilbyPeter,2
115707,Article,JoshuaRozenberg,NilsPratley,9
115658,Article,JoshuaRozenberg,williamkeegan,6
115804,Article,JoshuaRozenberg,WilbyPeter,6
115685,Article,JoshuaRozenberg,sendvictorious,33
116123,Tweet,JoshuaRozenberg,NYTimesCohen,119
116424,Tweet,JoshuaRozenberg,adamliptak,4
116143,Tweet,JoshuaRozenberg,AlysFowler,168
116388,Tweet,JoshuaRozenberg,KateEMcCann,36
115923,Tweet,JoshuaRozenberg,patrickwintour,10
116358,Tweet,JoshuaRozenberg,andrewrawnsley,69
116216,Tweet,JoshuaRozenberg,adamliptak,107
116367,Tweet,JoshuaRozenberg,jimwaterson,7
116142,Tweet,JoshuaRozenberg,JoshuaRozenberg,1
115925,Tweet,JoshuaRozenberg,gailcollins,62
115921,Tweet,JoshuaRozenberg,davidleighx,25
115999,Tweet,JoshuaRozenberg,RorySmith,43
115906,Tweet,JoshuaRozenberg,PippaCrerar,16
115910,Tweet,JoshuaRozenberg,andrewrawnsley,8
116099,Tweet,JoshuaRozenberg,AndrewSparrow,58
95213,Article,alexbellos,alexbellos,1
95135,Article,alexbellos,alexbellos,1
95260,Article,alexbellos,alexbellos,1
95108,Article,alexbellos,alexbellos,1
95236,Article,alexbellos,davidhepworth,4
95094,Article,alexbellos,alexbellos,1
95315,Article,alexbellos,alexbellos,1
95101,Article,alexbellos,alexbellos,1
95132,Article,alexbellos,laurenlaverne,26
95224,Article,alexbellos,alexbellos,1
95264,Article,alexbellos,alexbellos,1
95125,Article,alexbellos,alexbellos,1
95162,Article,alexbellos,alexbellos,1
95188,Article,alexbellos,alexbellos,1
95252,Article,alexbellos,alexbellos,1
95342,Tweet,alexbellos,elizabday,61
95684,Tweet,alexbellos,debaratisen,15
95793,Tweet,alexbellos,RachelDonadio,399
95610,Tweet,alexbellos,alexbellos,1
95772,Tweet,alexbellos,bglendenning,63
95704,Tweet,alexbellos,greenslader,4
95559,Tweet,alexbellos,nytdavidbrooks,5
95774,Tweet,alexbellos,NishikantkTOI,2
95647,Tweet,alexbellos,timatkin,6
95779,Tweet,alexbellos,RorySmith,280
95356,Tweet,alexbellos,alexbellos,1
95744,Tweet,alexbellos,alexbellos,1
95715,Tweet,alexbellos,EricaLG,6
95507,Tweet,alexbellos,vanbadham,34
95763,Tweet,alexbellos,FabrizioRomano,274
154758,Article,questingvole,alexvtunzelmann,6
154831,Article,questingvole,jillfilipovic,225
154611,Article,questingvole,bglendenning,35
154749,Article,questingvole,OwenJones84,23
154750,Article,questingvole,questingvole,1
154683,Article,questingvole,andybrassell,264
154784,Article,questingvole,alexvtunzelmann,2
154790,Article,questingvole,VivianHo,117
154746,Article,questingvole,alexbellos,16
154716,Article,questingvole,AndrewSparrow,81
154792,Article,questingvole,davidhepworth,4
154759,Article,questingvole,timlottwriter,7
154752,Article,questingvole,williamkeegan,8
154782,Article,questingvole,oliverburkeman,12
154686,Article,questingvole,winematcher,28
155235,Tweet,questingvole,NYTimesCohen,72
155193,Tweet,questingvole,parul_sehgal,36
155236,Tweet,questingvole,lyngardner,39
155209,Tweet,questingvole,elizabday,61
155434,Tweet,questingvole,NesrineMalik,76
154964,Tweet,questingvole,msrachelcooke,32
154969,Tweet,questingvole,oliverburkeman,40
154911,Tweet,questingvole,alexbellos,12
155158,Tweet,questingvole,dwightgarner,75
155380,Tweet,questingvole,wesley_morris,77
155027,Tweet,questingvole,aleksk,145
155322,Tweet,questingvole,parul_sehgal,207
155165,Tweet,questingvole,stevenpoole,21
155294,Tweet,questingvole,DanielKingChess,57
155036,Tweet,questingvole,DerekMalcolm123,88
199886,Article,parthasinha,parthasinha,1
199948,Article,parthasinha,andrewrsorkin,2
199861,Article,parthasinha,aseemsgujar,3
199798,Article,parthasinha,parthasinha,1
199918,Article,parthasinha,007pandey,12
199771,Article,parthasinha,007pandey,3
199738,Article,parthasinha,parthasinha,1
199916,Article,parthasinha,DekaJayanta,57
199936,Article,parthasinha,aseemsgujar,3
199844,Article,parthasinha,aseemsgujar,2
199924,Article,parthasinha,parthasinha,1
199843,Article,parthasinha,DekaJayanta,68
199751,Article,parthasinha,parthasinha,1
199909,Article,parthasinha,bencasselman,5
199944,Article,parthasinha,aseemsgujar,2
199983,Tweet,parthasinha,rachshabi,80
200034,Tweet,parthasinha,ByJamesWagner,71
199990,Tweet,parthasinha,MarinaHyde,168
200063,Tweet,parthasinha,jennydeluxe,27
200072,Tweet,parthasinha,jfordham_jazz,343
200007,Tweet,parthasinha,petleepeter,149
200065,Tweet,parthasinha,polblonde,343
200047,Tweet,parthasinha,LauraCummingArt,403
199995,Tweet,parthasinha,OwenJones84,150
199999,Tweet,parthasinha,jennydeluxe,88
200003,Tweet,parthasinha,bykaren,37
200014,Tweet,parthasinha,andybrassell,19
200066,Tweet,parthasinha,parthasinha,1
200018,Tweet,parthasinha,PippaCrerar,49
200037,Tweet,parthasinha,parthasinha,1
176480,Article,bagishjhaTOI,parthasinha,16
176581,Article,bagishjhaTOI,toi_dhananjayM,7
176630,Article,bagishjhaTOI,bagishjhaTOI,1
176528,Article,bagishjhaTOI,tripgabriel,60
176586,Article,bagishjhaTOI,sangerkatz,125
176564,Article,bagishjhaTOI,vijayVsinghTOI,11
176439,Article,bagishjhaTOI,PjJoychen,91
176470,Article,bagishjhaTOI,KanwardeepsTOI,16
176520,Article,bagishjhaTOI,AmritadTOI,62
176507,Article,bagishjhaTOI,har_mandeep,18
176522,Article,bagishjhaTOI,Crime_Selvaraj,20
176440,Article,bagishjhaTOI,007pandey,10
176641,Article,bagishjhaTOI,akhileshsTOI,155
176450,Article,bagishjhaTOI,rajendrasTOI,12
176643,Article,bagishjhaTOI,PrashantrTOI,16
176720,Tweet,bagishjhaTOI,saumyajitbTOI,268
176680,Tweet,bagishjhaTOI,joncaramanica,93
176677,Tweet,bagishjhaTOI,journo_vibha,58
176706,Tweet,bagishjhaTOI,GlennThrush,41
176723,Tweet,bagishjhaTOI,rajendrasTOI,29
176708,Tweet,bagishjhaTOI,SindhukTOI,86
176737,Tweet,bagishjhaTOI,akhileshsTOI,49
176693,Tweet,bagishjhaTOI,PNaveenTOI,41
176710,Tweet,bagishjhaTOI,PjJoychen,30
176676,Tweet,bagishjhaTOI,BhanupratapsTOI,80
176674,Tweet,bagishjhaTOI,saumyajitbTOI,174
176711,Tweet,bagishjhaTOI,NikiKitsantonis,29
176694,Tweet,bagishjhaTOI,mateenHTOI,70
176734,Tweet,bagishjhaTOI,vivek9301,212
176749,Tweet,bagishjhaTOI,stevenerlanger,60
81552,Article,ukigoni,RorySmith,23
81419,Article,ukigoni,sarahditum,119
81520,Article,ukigoni,hugolowell,6
81387,Article,ukigoni,FabrizioRomano,7
81445,Article,ukigoni,afuahirsch,6
81560,Article,ukigoni,el_belson,129
81512,Article,ukigoni,MiriamElder,14
81527,Article,ukigoni,farnazfassihi,16
81505,Article,ukigoni,FranklinBlog,21
81562,Article,ukigoni,attackerman,10
81494,Article,ukigoni,NikiKitsantonis,45
81543,Article,ukigoni,joecoscarelli,9
81495,Article,ukigoni,declanwalsh,66
81374,Article,ukigoni,NikiKitsantonis,59
81444,Article,ukigoni,ewenmacaskill,81
81966,Tweet,ukigoni,kbennhold,11
81622,Tweet,ukigoni,shafaquealamTOI,135
81949,Tweet,ukigoni,dansabbagh,42
82081,Tweet,ukigoni,ggreenwald,57
81759,Tweet,ukigoni,bykaren,179
81775,Tweet,ukigoni,vanbadham,51
82142,Tweet,ukigoni,NYTimesCohen,101
81838,Tweet,ukigoni,lucysiegle,272
81870,Tweet,ukigoni,ChuBailiang,4
81742,Tweet,ukigoni,jwpetersNYT,37
82133,Tweet,ukigoni,ukigoni,1
82046,Tweet,ukigoni,ByJamesWagner,85
81869,Tweet,ukigoni,NYTimesCohen,181
82093,Tweet,ukigoni,paulkrugman,176
82201,Tweet,ukigoni,rondakaysen,124
77220,Article,TanyaGold1,HackneyAbbott,6
77391,Article,TanyaGold1,msmirandasawyer,23
77297,Article,TanyaGold1,WilbyPeter,16
77198,Article,TanyaGold1,williamkeegan,6
77303,Article,TanyaGold1,HackneyAbbott,27
77291,Article,TanyaGold1,afuahirsch,184
77397,Article,TanyaGold1,thestephmerritt,18
77394,Article,TanyaGold1,williamkeegan,26
77372,Article,TanyaGold1,JessicaValenti,63
77230,Article,TanyaGold1,EllenBarryNYT,378
77382,Article,TanyaGold1,alexvtunzelmann,30
77197,Article,TanyaGold1,nicklezard,33
77419,Article,TanyaGold1,FelicityCloake,214
77196,Article,TanyaGold1,charltonbrooker,5
77250,Article,TanyaGold1,nicklezard,35
77460,Tweet,TanyaGold1,williamkeegan,37
77485,Tweet,TanyaGold1,OLIVERBALCH,221
77574,Tweet,TanyaGold1,jayrayner1,13
77972,Tweet,TanyaGold1,davidhepworth,14
77593,Tweet,TanyaGold1,RorySmith,27
77489,Tweet,TanyaGold1,polblonde,12
77567,Tweet,TanyaGold1,DerekMalcolm123,13
77996,Tweet,TanyaGold1,andrewrawnsley,78
77756,Tweet,TanyaGold1,peterbradshaw1,101
77514,Tweet,TanyaGold1,aleksk,215
77521,Tweet,TanyaGold1,davidhepworth,17
77584,Tweet,TanyaGold1,desaisantosh,83
77660,Tweet,TanyaGold1,elizabday,73
77899,Tweet,TanyaGold1,gailcollins,347
77823,Tweet,TanyaGold1,LauraCummingArt,218
174574,Article,Arun_Ram,toi_ManujaV,33
174522,Article,Arun_Ram,Arun_Ram,1
174548,Article,Arun_Ram,Banjotkaur,40
174676,Article,Arun_Ram,williamkeegan,3
174668,Article,Arun_Ram,Arun_Ram,1
174603,Article,Arun_Ram,Arun_Ram,1
174621,Article,Arun_Ram,AditiZero,42
174657,Article,Arun_Ram,digbijaymishra1,131
174624,Article,Arun_Ram,Crime_Selvaraj,41
174568,Article,Arun_Ram,naomi2009,43
174586,Article,Arun_Ram,Arun_Ram,1
174663,Article,Arun_Ram,aditya_bh16,242
174567,Article,Arun_Ram,Arun_Ram,1
174503,Article,Arun_Ram,PrashantrTOI,4
174604,Article,Arun_Ram,Arun_Ram,1
174735,Tweet,Arun_Ram,saumyajitbTOI,30
174776,Tweet,Arun_Ram,saumyajitbTOI,58
174769,Tweet,Arun_Ram,ArthurNeslen,51
174789,Tweet,Arun_Ram,ginakolata,224
174697,Tweet,Arun_Ram,journo_vibha,190
174709,Tweet,Arun_Ram,antontroian,81
174760,Tweet,Arun_Ram,RBReich,306
174771,Tweet,Arun_Ram,PNaveenTOI,7
174721,Tweet,Arun_Ram,priyagupta999,13
174744,Tweet,Arun_Ram,SindhukTOI,8
174730,Tweet,Arun_Ram,DerekMalcolm123,5
174754,Tweet,Arun_Ram,AshokPradhanTOI,81
174734,Tweet,Arun_Ram,sendvictorious,45
174707,Tweet,Arun_Ram,Chethan_Dash,8
174749,Tweet,Arun_Ram,SwatiShindeTOI,56
155468,Article,hannahdev,jimwaterson,4
155502,Article,hannahdev,utejonmayamTOI,2
155674,Article,hannahdev,ewenmacaskill,4
155510,Article,hannahdev,alexbellos,2
155529,Article,hannahdev,hannahdev,1
155591,Article,hannahdev,durgeshjhaTOI,167
155513,Article,hannahdev,AlysFowler,23
155469,Article,hannahdev,hannahdev,1
155498,Article,hannahdev,hannahdev,1
155640,Article,hannahdev,hannahdev,1
155660,Article,hannahdev,jimwaterson,5
155678,Article,hannahdev,NilsPratley,20
155585,Article,hannahdev,hannahdev,1
155536,Article,hannahdev,CarolineLucas,14
155662,Article,hannahdev,hannahdev,1
155812,Tweet,hannahdev,debaratisen,191
156003,Tweet,hannahdev,apoorva_nyc,108
155856,Tweet,hannahdev,andybrassell,178
155906,Tweet,hannahdev,LeoHickman,5
156102,Tweet,hannahdev,elizabday,39
155847,Tweet,hannahdev,aleksk,163
155798,Tweet,hannahdev,LauraCummingArt,205
155907,Tweet,hannahdev,elizabday,135
155810,Tweet,hannahdev,hannahdev,1
155749,Tweet,hannahdev,winematcher,103
156224,Tweet,hannahdev,steve_hewlett,2
156114,Tweet,hannahdev,sendvictorious,63
155764,Tweet,hannahdev,KateEMcCann,18
155910,Tweet,hannahdev,timlottwriter,49
155844,Tweet,hannahdev,GeorgeMonbiot,463
55661,Article,GeorgeMonbiot,williamnhutton,58
55623,Article,GeorgeMonbiot,NesrineMalik,74
55506,Article,GeorgeMonbiot,paulkrugman,2
55580,Article,GeorgeMonbiot,adamliptak,336
55579,Article,GeorgeMonbiot,jillfilipovic,18
55609,Article,GeorgeMonbiot,ditzkoff,142
55697,Article,GeorgeMonbiot,philipoltermann,11
55688,Article,GeorgeMonbiot,jillfilipovic,5
55645,Article,GeorgeMonbiot,VivianHo,47
55696,Article,GeorgeMonbiot,LucyMangan,294
55469,Article,GeorgeMonbiot,jeannasmialek,17
55594,Article,GeorgeMonbiot,NilsPratley,2
55637,Article,GeorgeMonbiot,DeccaJourno,2
55617,Article,GeorgeMonbiot,JoshuaRozenberg,70
55595,Article,GeorgeMonbiot,brooksbarnesNYT,94
56169,Tweet,GeorgeMonbiot,NYTimesCohen,164
55873,Tweet,GeorgeMonbiot,MonaChalabi,24
55994,Tweet,GeorgeMonbiot,davidhepworth,2
56199,Tweet,GeorgeMonbiot,LeoHickman,107
56164,Tweet,GeorgeMonbiot,NilsPratley,12
56005,Tweet,GeorgeMonbiot,fmanjoo,201
56182,Tweet,GeorgeMonbiot,margaretrenkl,369
55941,Tweet,GeorgeMonbiot,alexvtunzelmann,89
55965,Tweet,GeorgeMonbiot,LeoHickman,236
55848,Tweet,GeorgeMonbiot,elizabday,242
56223,Tweet,GeorgeMonbiot,emilybell,60
55914,Tweet,GeorgeMonbiot,bglendenning,132
55969,Tweet,GeorgeMonbiot,carlzimmer,250
55709,Tweet,GeorgeMonbiot,andrewrsorkin,2
56220,Tweet,GeorgeMonbiot,NilsPratley,10
125198,Article,billicritic,davidhepworth,2
125193,Article,billicritic,davidhepworth,32
125305,Article,billicritic,billicritic,1
125227,Article,billicritic,billicritic,1
125335,Article,billicritic,billicritic,1
125104,Article,billicritic,williamkeegan,4
125297,Article,billicritic,billicritic,1
125244,Article,billicritic,billicritic,1
125259,Article,billicritic,billicritic,1
125210,Article,billicritic,williamkeegan,2
125247,Article,billicritic,billicritic,1
125291,Article,billicritic,lyngardner,3
125280,Article,billicritic,billicritic,1
125231,Article,billicritic,billicritic,1
125179,Article,billicritic,lyngardner,2
125358,Tweet,billicritic,ChaitanyadTOI,2
125849,Tweet,billicritic,jfordham_jazz,3
125507,Tweet,billicritic,jackschofield,69
125566,Tweet,billicritic,jfordham_jazz,2
125811,Tweet,billicritic,billicritic,1
125694,Tweet,billicritic,nnougayrede,5
125663,Tweet,billicritic,laurenlaverne,46
125949,Tweet,billicritic,billicritic,1
125458,Tweet,billicritic,jfordham_jazz,2
125564,Tweet,billicritic,jfordham_jazz,2
125922,Tweet,billicritic,billicritic,1
125398,Tweet,billicritic,john_hooper,3
125472,Tweet,billicritic,MichaelPaulson,12
125368,Tweet,billicritic,billicritic,1
125611,Tweet,billicritic,billicritic,1
124271,Article,SearleAdrian,HackneyAbbott,46
124348,Article,SearleAdrian,SearleAdrian,1
124429,Article,SearleAdrian,tomdyckhoff,18
124360,Article,SearleAdrian,JessicaValenti,80
124386,Article,SearleAdrian,john_hooper,72
124444,Article,SearleAdrian,thestephmerritt,12
124393,Article,SearleAdrian,lyngardner,28
124390,Article,SearleAdrian,pete_wells,344
124463,Article,SearleAdrian,alexvtunzelmann,33
124438,Article,SearleAdrian,shattenstone,64
124288,Article,SearleAdrian,andybrassell,4
124405,Article,SearleAdrian,alanconnor,30
124351,Article,SearleAdrian,lyngardner,25
124339,Article,SearleAdrian,aleksk,14
124433,Article,SearleAdrian,billicritic,23
124731,Tweet,SearleAdrian,billicritic,3
124674,Tweet,SearleAdrian,ChaitanyadTOI,12
124526,Tweet,SearleAdrian,RorySmith,124
124626,Tweet,SearleAdrian,LauraCummingArt,178
124871,Tweet,SearleAdrian,davidhepworth,29
124822,Tweet,SearleAdrian,NilsPratley,109
124523,Tweet,SearleAdrian,saumyajitbTOI,7
125068,Tweet,SearleAdrian,PeterTatchell,37
124595,Tweet,SearleAdrian,MoharBasu,13
124712,Tweet,SearleAdrian,jhoffman,140
124668,Tweet,SearleAdrian,SearleAdrian,1
124629,Tweet,SearleAdrian,DerekMalcolm123,26
124752,Tweet,SearleAdrian,thestephmerritt,5
124680,Tweet,SearleAdrian,rachlharris,405
125005,Tweet,SearleAdrian,SocialQPhilip,35
67256,Article,we_are_food,bykaren,157
67333,Article,we_are_food,FelicityCloake,2
67269,Article,we_are_food,winematcher,12
67328,Article,we_are_food,alanconnor,19
67388,Article,we_are_food,shattenstone,10
67307,Article,we_are_food,winematcher,4
67422,Article,we_are_food,we_are_food,1
67253,Article,we_are_food,FelicityCloake,4
67409,Article,we_are_food,we_are_food,1
67267,Article,we_are_food,ottolenghi,5
67248,Article,we_are_food,tomdyckhoff,10
67344,Article,we_are_food,we_are_food,1
67232,Article,we_are_food,PippaCrerar,30
67257,Article,we_are_food,we_are_food,1
67414,Article,we_are_food,LucyMangan,32
68015,Tweet,we_are_food,brooksbarnesNYT,153
67586,Tweet,we_are_food,laurenlaverne,56
68010,Tweet,we_are_food,tejalrao,18
68029,Tweet,we_are_food,tejalrao,5
67738,Tweet,we_are_food,naomi2009,88
67649,Tweet,we_are_food,ottolenghi,2
68016,Tweet,we_are_food,samrob12,38
67839,Tweet,we_are_food,mariellaf1,52
67828,Tweet,we_are_food,AlysFowler,2
67750,Tweet,we_are_food,pete_wells,15
67814,Tweet,we_are_food,ottolenghi,2
67796,Tweet,we_are_food,ottolenghi,9
68009,Tweet,we_are_food,GlennThrush,12
67838,Tweet,we_are_food,brooksbarnesNYT,4
67784,Tweet,we_are_food,we_are_food,1
25453,Article,fmanjoo,adamliptak,283
25484,Article,fmanjoo,oliverburkeman,2
25447,Article,fmanjoo,DouthatNYT,90
25420,Article,fmanjoo,andrewrsorkin,24
25473,Article,fmanjoo,DouthatNYT,15
25417,Article,fmanjoo,tarasbernard,12
25401,Article,fmanjoo,andrewrsorkin,15
25439,Article,fmanjoo,patrickwintour,377
25459,Article,fmanjoo,fmanjoo,1
25416,Article,fmanjoo,andrewrsorkin,16
25497,Article,fmanjoo,ChuBailiang,32
25481,Article,fmanjoo,pete_wells,111
25487,Article,fmanjoo,gmorgenson,107
25472,Article,fmanjoo,fmanjoo,1
25496,Article,fmanjoo,mtomasky,10
25536,Tweet,fmanjoo,joncaramanica,7
25519,Tweet,fmanjoo,mtomasky,13
25514,Tweet,fmanjoo,benkenigsberg,13
25510,Tweet,fmanjoo,jhoffman,18
25570,Tweet,fmanjoo,lisamonteiroTOI,408
25588,Tweet,fmanjoo,msmirandasawyer,35
25508,Tweet,fmanjoo,vanbadham,81
25578,Tweet,fmanjoo,vijaysinghTOI,364
25591,Tweet,fmanjoo,andrewrsorkin,4
25596,Tweet,fmanjoo,tejalrao,23
25557,Tweet,fmanjoo,jennydeluxe,12
25582,Tweet,fmanjoo,tomfriedman,94
25559,Tweet,fmanjoo,genznyt,171
25504,Tweet,fmanjoo,marcatracy,72
25524,Tweet,fmanjoo,paulkrugman,22
187416,Article,jatinder_tur,attackerman,128
187436,Article,jatinder_tur,jatinder_tur,1
187415,Article,jatinder_tur,jatinder_tur,1
187425,Article,jatinder_tur,RBReich,51
187478,Article,jatinder_tur,ajaysuraTOI,57
187399,Article,jatinder_tur,jatinder_tur,1
187442,Article,jatinder_tur,jatinder_tur,1
187395,Article,jatinder_tur,parthasinha,4
187471,Article,jatinder_tur,jatinder_tur,1
187463,Article,jatinder_tur,AlysFowler,63
187462,Article,jatinder_tur,jatinder_tur,1
187407,Article,jatinder_tur,jatinder_tur,1
187473,Article,jatinder_tur,tushhaikhush,71
187465,Article,jatinder_tur,rajatpTOI,2
187427,Article,jatinder_tur,jatinder_tur,1
187543,Tweet,jatinder_tur,ManjuVTOI,31
187503,Tweet,jatinder_tur,PNaveenTOI,6
187486,Tweet,jatinder_tur,smita_mishra,19
187552,Tweet,jatinder_tur,Chethan_Dash,25
187553,Tweet,jatinder_tur,ditzkoff,249
187566,Tweet,jatinder_tur,saumyajitbTOI,4
187577,Tweet,jatinder_tur,MoharBasu,18
187560,Tweet,jatinder_tur,bindiyachariTOI,8
187521,Tweet,jatinder_tur,SindhukTOI,3
187487,Tweet,jatinder_tur,nauzerbTOI,51
187491,Tweet,jatinder_tur,tomfriedman,130
187498,Tweet,jatinder_tur,naomi2009,8
187488,Tweet,jatinder_tur,LucyMangan,163
187514,Tweet,jatinder_tur,meeravohraTOI,402
187523,Tweet,jatinder_tur,psangeetha2112,33
62348,Article,LucyMangan,nicklezard,23
62353,Article,LucyMangan,jimwaterson,46
62298,Article,LucyMangan,HackneyAbbott,36
62135,Article,LucyMangan,lyngardner,6
62361,Article,LucyMangan,alanconnor,7
62227,Article,LucyMangan,LucyMangan,1
62197,Article,LucyMangan,HackneyAbbott,16
62355,Article,LucyMangan,afuahirsch,5
62134,Article,LucyMangan,alanconnor,10
62327,Article,LucyMangan,williamkeegan,46
62313,Article,LucyMangan,LucyMangan,1
62318,Article,LucyMangan,peterbradshaw1,2
62339,Article,LucyMangan,davidhepworth,42
62289,Article,LucyMangan,salihughes,4
62371,Article,LucyMangan,oliverburkeman,97
62839,Tweet,LucyMangan,vanbadham,14
62838,Tweet,LucyMangan,HackneyAbbott,69
62545,Tweet,LucyMangan,elizabday,2
62485,Tweet,LucyMangan,afuahirsch,5
62811,Tweet,LucyMangan,elizabday,4
62906,Tweet,LucyMangan,afuahirsch,6
62820,Tweet,LucyMangan,DeccaJourno,11
62601,Tweet,LucyMangan,joshwiddicombe,61
62944,Tweet,LucyMangan,JessicaValenti,34
62694,Tweet,LucyMangan,elizabday,5
62661,Tweet,LucyMangan,jennydeluxe,48
62942,Tweet,LucyMangan,KSchulten,52
62829,Tweet,LucyMangan,annanorthtweets,46
62915,Tweet,LucyMangan,vijaysinghTOI,110
62473,Tweet,LucyMangan,JohnJCrace,52
118537,Article,sarahditum,oliverburkeman,3
118529,Article,sarahditum,sunny_hundal,4
118493,Article,sarahditum,arusbridger,2
118442,Article,sarahditum,ameliagentleman,44
118542,Article,sarahditum,kenanmalik,3
118550,Article,sarahditum,sarahditum,1
118430,Article,sarahditum,nicklezard,5
118413,Article,sarahditum,aleksk,6
118437,Article,sarahditum,archiebland,89
118469,Article,sarahditum,sunny_hundal,2
118508,Article,sarahditum,davidhepworth,64
118513,Article,sarahditum,gabyhinsliff,29
118402,Article,sarahditum,peterbradshaw1,25
118444,Article,sarahditum,sarahditum,1
118500,Article,sarahditum,lucysiegle,29
119151,Tweet,sarahditum,sarahditum,1
119058,Tweet,sarahditum,JessicaValenti,46
118946,Tweet,sarahditum,MoharBasu,14
118868,Tweet,sarahditum,NesrineMalik,152
119112,Tweet,sarahditum,dwightgarner,179
118652,Tweet,sarahditum,JessicaValenti,2
119057,Tweet,sarahditum,SearleAdrian,26
118676,Tweet,sarahditum,charltonbrooker,22
118724,Tweet,sarahditum,elizabday,54
118720,Tweet,sarahditum,NesrineMalik,4
119139,Tweet,sarahditum,sarahditum,1
118693,Tweet,sarahditum,andybrassell,90
118771,Tweet,sarahditum,sarahditum,1
119063,Tweet,sarahditum,sarahditum,1
118889,Tweet,sarahditum,bindelj,57
50563,Article,thestephmerritt,afuahirsch,291
50496,Article,thestephmerritt,parul_sehgal,2
50613,Article,thestephmerritt,steve_hewlett,18
50492,Article,thestephmerritt,peterbradshaw1,4
50626,Article,thestephmerritt,charltonbrooker,106
50546,Article,thestephmerritt,thestephmerritt,1
50469,Article,thestephmerritt,OfficeGSBrown,63
50552,Article,thestephmerritt,charltonbrooker,4
50583,Article,thestephmerritt,williamkeegan,28
50449,Article,thestephmerritt,nicklezard,2
50467,Article,thestephmerritt,thestephmerritt,1
50523,Article,thestephmerritt,FelicityCloake,346
50575,Article,thestephmerritt,alanconnor,32
50558,Article,thestephmerritt,thestephmerritt,1
50603,Article,thestephmerritt,billicritic,8
50940,Tweet,thestephmerritt,SocialQPhilip,67
50978,Tweet,thestephmerritt,charltonbrooker,5
51061,Tweet,thestephmerritt,tomdyckhoff,26
50972,Tweet,thestephmerritt,greenslader,3
50953,Tweet,thestephmerritt,elizabday,146
50904,Tweet,thestephmerritt,jimwaterson,4
50814,Tweet,thestephmerritt,ASoloski,43
51102,Tweet,thestephmerritt,lyngardner,14
50675,Tweet,thestephmerritt,tomdyckhoff,3
50715,Tweet,thestephmerritt,hadleyfreeman,86
51005,Tweet,thestephmerritt,steve_hewlett,65
50706,Tweet,thestephmerritt,winematcher,71
51018,Tweet,thestephmerritt,desaisantosh,263
50952,Tweet,thestephmerritt,davidhepworth,9
50701,Tweet,thestephmerritt,williamnhutton,2
112400,Article,RowennaDavis,PippaCrerar,17
112390,Article,RowennaDavis,nicholaswatt,45
112475,Article,RowennaDavis,aleksk,107
112392,Article,RowennaDavis,SidharthB25,229
112380,Article,RowennaDavis,CarolineLucas,101
112463,Article,RowennaDavis,HackneyAbbott,13
112466,Article,RowennaDavis,andrewrsorkin,79
112425,Article,RowennaDavis,JessicaValenti,208
112414,Article,RowennaDavis,naomi2009,120
112372,Article,RowennaDavis,emilybell,8
112440,Article,RowennaDavis,lucywardsings,12
112420,Article,RowennaDavis,AndrewSparrow,20
112437,Article,RowennaDavis,jamesrbuk,89
112381,Article,RowennaDavis,davidhepworth,41
112458,Article,RowennaDavis,polblonde,80
112966,Tweet,RowennaDavis,jorifinkel,344
112565,Tweet,RowennaDavis,mariellaf1,3
112967,Tweet,RowennaDavis,RowennaDavis,1
112970,Tweet,RowennaDavis,winematcher,57
112896,Tweet,RowennaDavis,lenoretaylor,3
112948,Tweet,RowennaDavis,sarahlyall,100
112841,Tweet,RowennaDavis,ollywainwright,2
112518,Tweet,RowennaDavis,tomdyckhoff,8
112730,Tweet,RowennaDavis,billicritic,27
112561,Tweet,RowennaDavis,RowennaDavis,1
112685,Tweet,RowennaDavis,NilsPratley,24
112957,Tweet,RowennaDavis,petleepeter,32
112999,Tweet,RowennaDavis,annanorthtweets,139
112699,Tweet,RowennaDavis,MarinaOLoughlin,7
112760,Tweet,RowennaDavis,peterbradshaw1,10
94320,Article,philipoltermann,RBReich,10
94468,Article,philipoltermann,VivianHo,138
94386,Article,philipoltermann,NilsPratley,3
94260,Article,philipoltermann,philipoltermann,1
94353,Article,philipoltermann,ameliagentleman,68
94443,Article,philipoltermann,nicholaswatt,17
94383,Article,philipoltermann,ArthurNeslen,2
94273,Article,philipoltermann,paulmasonnews,17
94357,Article,philipoltermann,bglendenning,11
94434,Article,philipoltermann,jonathanwatts,118
94437,Article,philipoltermann,philipoltermann,1
94432,Article,philipoltermann,ArthurNeslen,78
94463,Article,philipoltermann,PippaCrerar,15
94375,Article,philipoltermann,ameliagentleman,122
94459,Article,philipoltermann,hugolowell,57
95079,Tweet,philipoltermann,polblonde,53
94962,Tweet,philipoltermann,elizabday,291
94670,Tweet,philipoltermann,bylizrobbins,285
94881,Tweet,philipoltermann,RBReich,21
94901,Tweet,philipoltermann,NYTimesCohen,223
94950,Tweet,philipoltermann,NYTimesCohen,49
94826,Tweet,philipoltermann,jennydeluxe,122
94529,Tweet,philipoltermann,IKershner,38
94873,Tweet,philipoltermann,polblonde,72
94533,Tweet,philipoltermann,kbennhold,31
95049,Tweet,philipoltermann,somitsenTOI,134
94548,Tweet,philipoltermann,hadleyfreeman,247
94585,Tweet,philipoltermann,IKershner,102
95005,Tweet,philipoltermann,desaisantosh,291
94811,Tweet,philipoltermann,alexanderburns,15
71109,Article,HackneyAbbott,andrewrsorkin,21
71093,Article,HackneyAbbott,HackneyAbbott,1
71085,Article,HackneyAbbott,NilsPratley,2
71141,Article,HackneyAbbott,williamkeegan,2
71033,Article,HackneyAbbott,AndrewSparrow,109
71153,Article,HackneyAbbott,williamkeegan,3
71147,Article,HackneyAbbott,HackneyAbbott,1
71041,Article,HackneyAbbott,HackneyAbbott,1
71044,Article,HackneyAbbott,OwenJones84,154
71069,Article,HackneyAbbott,AndrewSparrow,28
71053,Article,HackneyAbbott,HackneyAbbott,1
71050,Article,HackneyAbbott,HackneyAbbott,1
71142,Article,HackneyAbbott,davidhepworth,4
71121,Article,HackneyAbbott,NilsPratley,3
71077,Article,HackneyAbbott,NilsPratley,3
71549,Tweet,HackneyAbbott,CarolineLucas,4
71588,Tweet,HackneyAbbott,AndrewSparrow,2
71332,Tweet,HackneyAbbott,AlokKNMishra,291
71710,Tweet,HackneyAbbott,billicritic,5
71238,Tweet,HackneyAbbott,DawnHFoster,10
71392,Tweet,HackneyAbbott,RBReich,19
71738,Tweet,HackneyAbbott,williamkeegan,2
71510,Tweet,HackneyAbbott,NilsPratley,4
71308,Tweet,HackneyAbbott,RebeccaSeal,7
71557,Tweet,HackneyAbbott,williamnhutton,7
71186,Tweet,HackneyAbbott,PeterTatchell,2
71719,Tweet,HackneyAbbott,wesley_morris,346
71195,Tweet,HackneyAbbott,sangerkatz,234
71311,Tweet,HackneyAbbott,NYTimesCohen,53
71432,Tweet,HackneyAbbott,leninology,9
165912,Article,bglendenning,LauraCummingArt,13
165770,Article,bglendenning,ByJamesWagner,46
165717,Article,bglendenning,jillfilipovic,147
165771,Article,bglendenning,bglendenning,1
165778,Article,bglendenning,bglendenning,1
165834,Article,bglendenning,andybrassell,84
165868,Article,bglendenning,andrew_mueller,58
165915,Article,bglendenning,joncaramanica,463
165809,Article,bglendenning,hillhulse,302
165874,Article,bglendenning,bglendenning,1
165709,Article,bglendenning,andybrassell,9
165798,Article,bglendenning,elizabday,77
165731,Article,bglendenning,bglendenning,1
165721,Article,bglendenning,marthakelner,44
165855,Article,bglendenning,andybrassell,105
166228,Tweet,bglendenning,RorySmith,98
166223,Tweet,bglendenning,MarcusMergulhao,9
166364,Tweet,bglendenning,elizabday,17
166536,Tweet,bglendenning,NilsPratley,30
166326,Tweet,bglendenning,seaningle,6
166409,Tweet,bglendenning,williamkeegan,31
166363,Tweet,bglendenning,sendvictorious,8
166117,Tweet,bglendenning,andrewrawnsley,39
166095,Tweet,bglendenning,NilsPratley,15
166290,Tweet,bglendenning,RorySmith,4
166421,Tweet,bglendenning,salihughes,19
166093,Tweet,bglendenning,NilsPratley,29
166003,Tweet,bglendenning,marthakelner,14
166192,Tweet,bglendenning,RorySmith,8
166279,Tweet,bglendenning,NilsPratley,28
68567,Article,MonaChalabi,oliverburkeman,87
68561,Article,MonaChalabi,oliverburkeman,5
68728,Article,MonaChalabi,jbouie,120
68743,Article,MonaChalabi,greenslader,85
68559,Article,MonaChalabi,marcatracy,164
68573,Article,MonaChalabi,paulkrugman,44
68696,Article,MonaChalabi,DouthatNYT,48
68683,Article,MonaChalabi,MarinaHyde,134
68618,Article,MonaChalabi,elizabday,3
68719,Article,MonaChalabi,sangerkatz,159
68603,Article,MonaChalabi,oliverburkeman,4
68582,Article,MonaChalabi,sunny_hundal,17
68591,Article,MonaChalabi,kenanmalik,79
68763,Article,MonaChalabi,jeannasmialek,121
68741,Article,MonaChalabi,ajaysuraTOI,12
68923,Tweet,MonaChalabi,joncaramanica,6
69326,Tweet,MonaChalabi,joncaramanica,17
68943,Tweet,MonaChalabi,bindelj,181
69107,Tweet,MonaChalabi,aleksk,72
69201,Tweet,MonaChalabi,polblonde,124
69170,Tweet,MonaChalabi,gmorgenson,12
69054,Tweet,MonaChalabi,LucyMangan,22
69011,Tweet,MonaChalabi,ditzkoff,71
69360,Tweet,MonaChalabi,jennydeluxe,135
69167,Tweet,MonaChalabi,DouthatNYT,12
68834,Tweet,MonaChalabi,ollywainwright,64
69290,Tweet,MonaChalabi,CeylanWrites,317
68806,Tweet,MonaChalabi,joecoscarelli,7
68967,Tweet,MonaChalabi,JessicaValenti,4
68897,Tweet,MonaChalabi,RBReich,16
70372,Article,sunny_hundal,nicklezard,6
70266,Article,sunny_hundal,NilsPratley,5
70410,Article,sunny_hundal,greenslader,2
70285,Article,sunny_hundal,Markbeaumontuk,5
70334,Article,sunny_hundal,ggreenwald,23
70294,Article,sunny_hundal,williamnhutton,24
70382,Article,sunny_hundal,HackneyAbbott,2
70312,Article,sunny_hundal,charltonbrooker,26
70385,Article,sunny_hundal,sunny_hundal,1
70240,Article,sunny_hundal,bindelj,6
70346,Article,sunny_hundal,davidhepworth,6
70298,Article,sunny_hundal,sunny_hundal,1
70366,Article,sunny_hundal,davidhepworth,7
70275,Article,sunny_hundal,nicklezard,100
70289,Article,sunny_hundal,sunny_hundal,1
70618,Tweet,sunny_hundal,ChaitanyadTOI,252
70461,Tweet,sunny_hundal,DerekMalcolm123,37
70682,Tweet,sunny_hundal,SocialQPhilip,128
70642,Tweet,sunny_hundal,paulmasonnews,7
70582,Tweet,sunny_hundal,ggreenwald,133
70525,Tweet,sunny_hundal,afuahirsch,198
70824,Tweet,sunny_hundal,tomfriedman,241
70748,Tweet,sunny_hundal,jeannasmialek,109
70497,Tweet,sunny_hundal,kenanmalik,71
70951,Tweet,sunny_hundal,saumyajitbTOI,47
70782,Tweet,sunny_hundal,gailcollins,116
71004,Tweet,sunny_hundal,andybrassell,110
70874,Tweet,sunny_hundal,vijayVsinghTOI,142
71027,Tweet,sunny_hundal,NilsPratley,14
70495,Tweet,sunny_hundal,williamkeegan,8
220434,Article,vijaysinghTOI,kush_junglee,31
220583,Article,vijaysinghTOI,vijaysinghTOI,1
220447,Article,vijaysinghTOI,vijaysinghTOI,1
220419,Article,vijaysinghTOI,PNaveenTOI,3
220560,Article,vijaysinghTOI,AshokPradhanTOI,27
220654,Article,vijaysinghTOI,rajendrasTOI,7
220466,Article,vijaysinghTOI,vijaysinghTOI,1
220411,Article,vijaysinghTOI,vijaysinghTOI,1
220455,Article,vijaysinghTOI,sandhyanairTOI,44
220626,Article,vijaysinghTOI,sandhyanairTOI,17
220479,Article,vijaysinghTOI,sandhyanairTOI,67
220649,Article,vijaysinghTOI,MohitaTOI,11
220619,Article,vijaysinghTOI,RosySequeiraTOI,30
220554,Article,vijaysinghTOI,richapintoi,25
220636,Article,vijaysinghTOI,tomdyckhoff,27
220671,Tweet,vijaysinghTOI,pradeeptTOI,53
220734,Tweet,vijaysinghTOI,PNaveenTOI,3
220719,Tweet,vijaysinghTOI,SocialQPhilip,2
220749,Tweet,vijaysinghTOI,BawaNaaved,7
220746,Tweet,vijaysinghTOI,petleepeter,88
220740,Tweet,vijaysinghTOI,FrancesRobles,96
220707,Tweet,vijaysinghTOI,NickAtNews,288
220682,Tweet,vijaysinghTOI,kylebuchanan,130
220726,Tweet,vijaysinghTOI,sandhyanairTOI,10
220710,Tweet,vijaysinghTOI,polblonde,281
220708,Tweet,vijaysinghTOI,sandhyanairTOI,4
220676,Tweet,vijaysinghTOI,vijaysinghTOI,1
220686,Tweet,vijaysinghTOI,billicritic,150
220696,Tweet,vijaysinghTOI,kush_junglee,2
220705,Tweet,vijaysinghTOI,ChaitanyadTOI,29
183720,Article,Gauraw2297,anandbodhTOI,77
183823,Article,Gauraw2297,rajendrasTOI,42
183819,Article,Gauraw2297,AmritadTOI,183
183739,Article,Gauraw2297,Banjotkaur,102
183780,Article,Gauraw2297,gettleman,177
183813,Article,Gauraw2297,paulkrugman,148
183684,Article,Gauraw2297,mateenHTOI,45
183880,Article,Gauraw2297,richapintoi,42
183808,Article,Gauraw2297,advityabahlTOI,42
183732,Article,Gauraw2297,SidharthB25,84
183916,Article,Gauraw2297,KapildaveTOI,88
183862,Article,Gauraw2297,ArthurNeslen,74
183898,Article,Gauraw2297,SribaalaVTOI,16
183693,Article,Gauraw2297,AnujaJaiswalTOI,342
183899,Article,Gauraw2297,sushmi_dey,258
183993,Tweet,Gauraw2297,Gauraw2297,1
183994,Tweet,Gauraw2297,ChaitanyadTOI,39
183940,Tweet,Gauraw2297,Gauraw2297,1
183973,Tweet,Gauraw2297,Gauraw2297,1
183983,Tweet,Gauraw2297,Gauraw2297,1
183948,Tweet,Gauraw2297,Gauraw2297,1
183978,Tweet,Gauraw2297,hugolowell,18
183981,Tweet,Gauraw2297,vaibhavgTOI,7
183927,Tweet,Gauraw2297,tushhaikhush,2
183933,Tweet,Gauraw2297,Gauraw2297,1
184010,Tweet,Gauraw2297,Gauraw2297,1
183941,Tweet,Gauraw2297,Gauraw2297,1
183945,Tweet,Gauraw2297,Gauraw2297,1
183925,Tweet,Gauraw2297,Gauraw2297,1
184002,Tweet,Gauraw2297,Gauraw2297,1
99569,Article,vanbadham,oliverburkeman,23
99524,Article,vanbadham,msmirandasawyer,11
99526,Article,vanbadham,AndrewSparrow,290
99390,Article,vanbadham,winematcher,24
99555,Article,vanbadham,dwightgarner,27
99413,Article,vanbadham,lenoretaylor,111
99386,Article,vanbadham,polblonde,209
99483,Article,vanbadham,oliverburkeman,24
99517,Article,vanbadham,vanbadham,1
99377,Article,vanbadham,joncaramanica,8
99585,Article,vanbadham,jennydeluxe,25
99544,Article,vanbadham,jennydeluxe,12
99363,Article,vanbadham,winematcher,37
99468,Article,vanbadham,DeccaJourno,130
99580,Article,vanbadham,laurenlaverne,30
99882,Tweet,vanbadham,andybrassell,16
99808,Tweet,vanbadham,wesley_morris,29
99757,Tweet,vanbadham,sendvictorious,364
99672,Tweet,vanbadham,NYTimesCohen,28
99788,Tweet,vanbadham,davidleighx,58
100035,Tweet,vanbadham,joncaramanica,3
100141,Tweet,vanbadham,andrewrsorkin,297
100178,Tweet,vanbadham,joncaramanica,4
99698,Tweet,vanbadham,DerekMalcolm123,104
99879,Tweet,vanbadham,vanbadham,1
99784,Tweet,vanbadham,SearleAdrian,4
99642,Tweet,vanbadham,ggreenwald,12
100075,Tweet,vanbadham,PeterTatchell,156
100172,Tweet,vanbadham,ajaysuraTOI,287
100040,Tweet,vanbadham,DouthatNYT,371
181216,Article,dipakdashTOI,AshokPradhanTOI,6
181068,Article,dipakdashTOI,KapildaveTOI,7
181273,Article,dipakdashTOI,AshokPradhanTOI,12
181145,Article,dipakdashTOI,rajendrasTOI,21
181105,Article,dipakdashTOI,shafaquealamTOI,41
181239,Article,dipakdashTOI,rishachitlangia,17
181271,Article,dipakdashTOI,pankajdoval,7
181116,Article,dipakdashTOI,KapildaveTOI,9
181291,Article,dipakdashTOI,rajatpTOI,36
181299,Article,dipakdashTOI,shafaquealamTOI,60
181080,Article,dipakdashTOI,KapildaveTOI,5
181209,Article,dipakdashTOI,shafaquealamTOI,36
181107,Article,dipakdashTOI,vijayVsinghTOI,8
181253,Article,dipakdashTOI,digbijaymishra1,8
181069,Article,dipakdashTOI,AshokPradhanTOI,10
181350,Tweet,dipakdashTOI,PrashantrTOI,14
181411,Tweet,dipakdashTOI,niyatiparikhTOI,17
181346,Tweet,dipakdashTOI,AlokKNMishra,12
181371,Tweet,dipakdashTOI,GRajivTOI,33
181355,Tweet,dipakdashTOI,DerekMalcolm123,139
181386,Tweet,dipakdashTOI,PjJoychen,9
181405,Tweet,dipakdashTOI,ramarkosg,16
181328,Tweet,dipakdashTOI,KapildaveTOI,3
181341,Tweet,dipakdashTOI,HemantaTOI,3
181396,Tweet,dipakdashTOI,NYTimesCohen,316
181324,Tweet,dipakdashTOI,HemantaTOI,3
181394,Tweet,dipakdashTOI,PrashantrTOI,8
181340,Tweet,dipakdashTOI,ajaysuraTOI,329
181315,Tweet,dipakdashTOI,vijaysinghTOI,32
181399,Tweet,dipakdashTOI,PNaveenTOI,5
186517,Article,IpsitaTOI,dipakdashTOI,63
186366,Article,IpsitaTOI,priyangiTOI,14
186435,Article,IpsitaTOI,MKSinghGkp,16
186498,Article,IpsitaTOI,toi_dhananjayM,95
186355,Article,IpsitaTOI,yusrahusain,53
186356,Article,IpsitaTOI,parthasinha,24
186568,Article,IpsitaTOI,yeshikabudhwar,14
186425,Article,IpsitaTOI,MKSinghGkp,91
186504,Article,IpsitaTOI,parthasinha,21
186555,Article,IpsitaTOI,MKSinghGkp,16
186554,Article,IpsitaTOI,apoorva_nyc,383
186402,Article,IpsitaTOI,journo_vibha,20
186579,Article,IpsitaTOI,parthasinha,38
186379,Article,IpsitaTOI,AtulMathur_,8
186587,Article,IpsitaTOI,apoorva_nyc,21
186639,Tweet,IpsitaTOI,27saurabhsinha,57
186622,Tweet,IpsitaTOI,tomfriedman,323
186642,Tweet,IpsitaTOI,rhymetraveller,25
186597,Tweet,IpsitaTOI,rjadHinduBL,172
186696,Tweet,IpsitaTOI,bishnoiarvind11,2
186661,Tweet,IpsitaTOI,ianrausten,94
186678,Tweet,IpsitaTOI,PjJoychen,18
186663,Tweet,IpsitaTOI,SiwachSukhbir,10
186612,Tweet,IpsitaTOI,IpsitaTOI,1
186621,Tweet,IpsitaTOI,LFFriedman,2
186656,Tweet,IpsitaTOI,SagrikaKissu,21
186606,Tweet,IpsitaTOI,AlokKNMishra,20
186692,Tweet,IpsitaTOI,IpsitaTOI,1
186672,Tweet,IpsitaTOI,journo_vibha,47
186623,Tweet,IpsitaTOI,BawaNaaved,4
4206,Article,ByJamesWagner,PerriKlass,39
4266,Article,ByJamesWagner,tariqpanja,237
4283,Article,ByJamesWagner,ByJamesWagner,1
4296,Article,ByJamesWagner,ByJamesWagner,1
4211,Article,ByJamesWagner,ByJamesWagner,1
4233,Article,ByJamesWagner,ByJamesWagner,1
4273,Article,ByJamesWagner,ByJamesWagner,1
4270,Article,ByJamesWagner,ByJamesWagner,1
4212,Article,ByJamesWagner,ByJamesWagner,1
4248,Article,ByJamesWagner,ByJamesWagner,1
4210,Article,ByJamesWagner,ByJamesWagner,1
4254,Article,ByJamesWagner,ByJamesWagner,1
4298,Article,ByJamesWagner,ByJamesWagner,1
4277,Article,ByJamesWagner,ByJamesWagner,1
4289,Article,ByJamesWagner,ByJamesWagner,1
4313,Tweet,ByJamesWagner,ByJamesWagner,1
4307,Tweet,ByJamesWagner,billywitz,2
4303,Tweet,ByJamesWagner,ByJamesWagner,1
4337,Tweet,ByJamesWagner,jennydeluxe,2
4366,Tweet,ByJamesWagner,ByJamesWagner,1
4342,Tweet,ByJamesWagner,vvfriedman,10
4347,Tweet,ByJamesWagner,ByJamesWagner,1
4353,Tweet,ByJamesWagner,martcrossy,37
4311,Tweet,ByJamesWagner,billywitz,2
4394,Tweet,ByJamesWagner,ByJamesWagner,1
4382,Tweet,ByJamesWagner,ByJamesWagner,1
4383,Tweet,ByJamesWagner,ByJamesWagner,1
4365,Tweet,ByJamesWagner,ByJamesWagner,1
4371,Tweet,ByJamesWagner,ByJamesWagner,1
4302,Tweet,ByJamesWagner,ericschmittnyt,8
193849,Article,minatisinghaTOI,rajendrasTOI,61
193686,Article,minatisinghaTOI,pankajdoval,65
193727,Article,minatisinghaTOI,HemantaTOI,6
193762,Article,minatisinghaTOI,john_hooper,12
193841,Article,minatisinghaTOI,RosySequeiraTOI,31
193697,Article,minatisinghaTOI,john_hooper,18
193714,Article,minatisinghaTOI,KapildaveTOI,10
193653,Article,minatisinghaTOI,rajendrasTOI,24
193858,Article,minatisinghaTOI,ChaitanyadTOI,58
193884,Article,minatisinghaTOI,sandhyanairTOI,47
193754,Article,minatisinghaTOI,toi_dhananjayM,134
193898,Article,minatisinghaTOI,RoniNYTimes,243
193820,Article,minatisinghaTOI,advityabahlTOI,7
193830,Article,minatisinghaTOI,vaibhavgTOI,41
193863,Article,minatisinghaTOI,MujMash,184
193979,Tweet,minatisinghaTOI,psangeetha2112,227
193991,Tweet,minatisinghaTOI,NewtonSTOI,120
193961,Tweet,minatisinghaTOI,lisamonteiroTOI,167
193928,Tweet,minatisinghaTOI,akhileshsTOI,4
193962,Tweet,minatisinghaTOI,RosySequeiraTOI,74
193917,Tweet,minatisinghaTOI,IKershner,20
193937,Tweet,minatisinghaTOI,ChaitanyadTOI,18
193943,Tweet,minatisinghaTOI,ChaitanyadTOI,29
193967,Tweet,minatisinghaTOI,palaknandiTOI,8
193908,Tweet,minatisinghaTOI,DerekMalcolm123,120
193910,Tweet,minatisinghaTOI,AnushkaAsthana,124
193906,Tweet,minatisinghaTOI,brooksbarnesNYT,163
193985,Tweet,minatisinghaTOI,pradeeptTOI,39
193983,Tweet,minatisinghaTOI,patrickwintour,12
193907,Tweet,minatisinghaTOI,DerekMalcolm123,41
144780,Article,MichaelWhite,greenslader,70
144842,Article,MichaelWhite,IanCobain,36
144701,Article,MichaelWhite,williamkeegan,71
144941,Article,MichaelWhite,WilbyPeter,51
144781,Article,MichaelWhite,nicholaswatt,4
144823,Article,MichaelWhite,AnushkaAsthana,18
144711,Article,MichaelWhite,ewong,450
144918,Article,MichaelWhite,hugolowell,156
144712,Article,MichaelWhite,jillfilipovic,61
144933,Article,MichaelWhite,afuahirsch,63
144740,Article,MichaelWhite,gilestremlett,98
144828,Article,MichaelWhite,sunny_hundal,115
144903,Article,MichaelWhite,andybrassell,20
144822,Article,MichaelWhite,IAmTimDowling,18
144855,Article,MichaelWhite,PippaCrerar,78
145037,Tweet,MichaelWhite,damiencave,11
145440,Tweet,MichaelWhite,parul_sehgal,214
144976,Tweet,MichaelWhite,andrewrsorkin,125
145247,Tweet,MichaelWhite,livia_ar,22
145166,Tweet,MichaelWhite,AnushkaAsthana,13
145031,Tweet,MichaelWhite,LeoHickman,4
145281,Tweet,MichaelWhite,ajaysuraTOI,11
145138,Tweet,MichaelWhite,williamkeegan,12
145041,Tweet,MichaelWhite,DerekMalcolm123,41
145011,Tweet,MichaelWhite,vijayVsinghTOI,81
144952,Tweet,MichaelWhite,bglendenning,48
145414,Tweet,MichaelWhite,juliarebeccaj,43
145377,Tweet,MichaelWhite,williamnhutton,70
144979,Tweet,MichaelWhite,williamkeegan,19
145025,Tweet,MichaelWhite,genznyt,98
186035,Article,ipsinghTOI,durgeshjhaTOI,76
186215,Article,ipsinghTOI,andybrassell,435
186032,Article,ipsinghTOI,DekaJayanta,60
186038,Article,ipsinghTOI,digbijaymishra1,44
186048,Article,ipsinghTOI,jeannasmialek,52
186165,Article,ipsinghTOI,rajendrasTOI,2
186130,Article,ipsinghTOI,AraniBasuTOI,27
186145,Article,ipsinghTOI,AshokPradhanTOI,4
186104,Article,ipsinghTOI,AshokPradhanTOI,18
186090,Article,ipsinghTOI,Crime_Selvaraj,41
186105,Article,ipsinghTOI,ipsinghTOI,1
186182,Article,ipsinghTOI,akhileshsTOI,29
186166,Article,ipsinghTOI,har_mandeep,5
186216,Article,ipsinghTOI,AshokPradhanTOI,4
186043,Article,ipsinghTOI,Crime_Selvaraj,22
186279,Tweet,ipsinghTOI,BhanupratapsTOI,2
186284,Tweet,ipsinghTOI,naomi2009,25
186272,Tweet,ipsinghTOI,dklavaniaTOI,103
186297,Tweet,ipsinghTOI,Bencjacobs,64
186334,Tweet,ipsinghTOI,hillhulse,145
186257,Tweet,ipsinghTOI,vaibhavgTOI,22
186263,Tweet,ipsinghTOI,KapildaveTOI,29
186332,Tweet,ipsinghTOI,SribaalaVTOI,14
186299,Tweet,ipsinghTOI,jimtankersley,99
186270,Tweet,ipsinghTOI,GRajivTOI,73
186322,Tweet,ipsinghTOI,pradeeptTOI,5
186296,Tweet,ipsinghTOI,tomfriedman,23
186319,Tweet,ipsinghTOI,mateenHTOI,48
186301,Tweet,ipsinghTOI,DouthatNYT,21
186339,Tweet,ipsinghTOI,SumitraDebRoy,80
143916,Article,lenoretaylor,RosySequeiraTOI,457
144081,Article,lenoretaylor,LauraCummingArt,82
143873,Article,lenoretaylor,damiencave,3
143950,Article,lenoretaylor,SocialQPhilip,2
143995,Article,lenoretaylor,damiencave,2
143977,Article,lenoretaylor,RBReich,16
144043,Article,lenoretaylor,emilybell,2
144034,Article,lenoretaylor,andrewrsorkin,14
143870,Article,lenoretaylor,oliverburkeman,58
144038,Article,lenoretaylor,lenoretaylor,1
144067,Article,lenoretaylor,lenoretaylor,1
143894,Article,lenoretaylor,JohnJCrace,62
143901,Article,lenoretaylor,damiencave,2
144093,Article,lenoretaylor,OwenJones84,197
143891,Article,lenoretaylor,EllenBarryNYT,469
144470,Tweet,lenoretaylor,PNaveenTOI,249
144280,Tweet,lenoretaylor,damiencave,2
144120,Tweet,lenoretaylor,murarishetyeTOI,79
144535,Tweet,lenoretaylor,mikeives,19
144231,Tweet,lenoretaylor,lenoretaylor,1
144657,Tweet,lenoretaylor,DSlotnik,13
144362,Tweet,lenoretaylor,lenoretaylor,1
144587,Tweet,lenoretaylor,omjasvinTOI,145
144604,Tweet,lenoretaylor,lenoretaylor,1
144333,Tweet,lenoretaylor,dionnesearcey,105
144667,Tweet,lenoretaylor,lenoretaylor,1
144423,Tweet,lenoretaylor,rajatpTOI,418
144254,Tweet,lenoretaylor,ASoloski,85
144102,Tweet,lenoretaylor,PeterTatchell,85
144518,Tweet,lenoretaylor,davidleighx,59
213324,Article,SribaalaVTOI,AnaSwanson,4
213295,Article,SribaalaVTOI,KapildaveTOI,18
213330,Article,SribaalaVTOI,SribaalaVTOI,1
213282,Article,SribaalaVTOI,SribaalaVTOI,1
213308,Article,SribaalaVTOI,SribaalaVTOI,1
213294,Article,SribaalaVTOI,SribaalaVTOI,1
213276,Article,SribaalaVTOI,anandbodhTOI,5
213349,Article,SribaalaVTOI,KapildaveTOI,12
213347,Article,SribaalaVTOI,SribaalaVTOI,1
213423,Article,SribaalaVTOI,SribaalaVTOI,1
213229,Article,SribaalaVTOI,bencasselman,8
213421,Article,SribaalaVTOI,SribaalaVTOI,1
213243,Article,SribaalaVTOI,niyatiparikhTOI,3
213270,Article,SribaalaVTOI,SribaalaVTOI,1
213222,Article,SribaalaVTOI,SribaalaVTOI,1
213560,Tweet,SribaalaVTOI,SindhukTOI,30
213504,Tweet,SribaalaVTOI,naomi2009,12
213493,Tweet,SribaalaVTOI,JohnJCrace,110
213542,Tweet,SribaalaVTOI,TOISH31,26
213521,Tweet,SribaalaVTOI,SindhukTOI,112
213468,Tweet,SribaalaVTOI,maevesther,230
213507,Tweet,SribaalaVTOI,SindhukTOI,39
213553,Tweet,SribaalaVTOI,BawaNaaved,22
213532,Tweet,SribaalaVTOI,SribaalaVTOI,1
213557,Tweet,SribaalaVTOI,NilsPratley,12
213501,Tweet,SribaalaVTOI,KanwardeepsTOI,4
213483,Tweet,SribaalaVTOI,dkarthikTOI,17
213513,Tweet,SribaalaVTOI,davidleighx,467
213563,Tweet,SribaalaVTOI,AraniBasuTOI,151
213509,Tweet,SribaalaVTOI,ChaitanyadTOI,62
44087,Article,afuahirsch,dansabbagh,13
44073,Article,afuahirsch,afuahirsch,1
43916,Article,afuahirsch,msrachelcooke,50
43878,Article,afuahirsch,andybrassell,6
43881,Article,afuahirsch,afuahirsch,1
43877,Article,afuahirsch,FelicityCloake,35
44109,Article,afuahirsch,HackneyAbbott,97
44039,Article,afuahirsch,attackerman,412
44091,Article,afuahirsch,NilsPratley,367
44031,Article,afuahirsch,PeterTatchell,109
44011,Article,afuahirsch,davidhepworth,395
44045,Article,afuahirsch,gettleman,454
44053,Article,afuahirsch,vijayVsinghTOI,292
43947,Article,afuahirsch,andybrassell,16
44075,Article,afuahirsch,declanwalsh,25
44363,Tweet,afuahirsch,kylebuchanan,393
44176,Tweet,afuahirsch,ASoloski,311
44518,Tweet,afuahirsch,elizabday,18
44695,Tweet,afuahirsch,jennydeluxe,2
44582,Tweet,afuahirsch,PeterTatchell,115
44660,Tweet,afuahirsch,afuahirsch,1
44621,Tweet,afuahirsch,HackneyAbbott,129
44528,Tweet,afuahirsch,afuahirsch,1
44515,Tweet,afuahirsch,greenslader,172
44446,Tweet,afuahirsch,ukigoni,25
44607,Tweet,afuahirsch,seaningle,146
44487,Tweet,afuahirsch,afuahirsch,1
44376,Tweet,afuahirsch,vanbadham,149
44126,Tweet,afuahirsch,tomdyckhoff,249
44206,Tweet,afuahirsch,elizabday,4
98713,Article,williamnhutton,AndrewSparrow,7
98716,Article,williamnhutton,FlitterOnFraud,17
98673,Article,williamnhutton,ShaneGoldmacher,226
98548,Article,williamnhutton,axrenton,43
98687,Article,williamnhutton,williamnhutton,1
98701,Article,williamnhutton,jackschofield,46
98582,Article,williamnhutton,leninology,5
98499,Article,williamnhutton,ESCochrane,79
98585,Article,williamnhutton,williamnhutton,1
98490,Article,williamnhutton,ggreenwald,209
98730,Article,williamnhutton,jillfilipovic,155
98718,Article,williamnhutton,axrenton,85
98735,Article,williamnhutton,andybrassell,167
98517,Article,williamnhutton,williamkeegan,4
98559,Article,williamnhutton,patrickwintour,18
98761,Tweet,williamnhutton,paulmasonnews,3
99208,Tweet,williamnhutton,HackneyAbbott,13
98984,Tweet,williamnhutton,genznyt,137
99306,Tweet,williamnhutton,mtomasky,345
98773,Tweet,williamnhutton,kbennhold,32
98765,Tweet,williamnhutton,williamkeegan,11
99193,Tweet,williamnhutton,antontroian,49
98815,Tweet,williamnhutton,williamnhutton,1
99261,Tweet,williamnhutton,DouthatNYT,33
99194,Tweet,williamnhutton,NYTimesCohen,137
98772,Tweet,williamnhutton,AndrewSparrow,2
99215,Tweet,williamnhutton,williamnhutton,1
99334,Tweet,williamnhutton,vijayVsinghTOI,21
99337,Tweet,williamnhutton,NilsPratley,3
99021,Tweet,williamnhutton,wesley_morris,26
28455,Article,sio_burke,jimtankersley,44
28424,Article,sio_burke,ASoloski,82
28476,Article,sio_burke,DouthatNYT,89
28435,Article,sio_burke,bykaren,7
28413,Article,sio_burke,michelleinbklyn,9
28407,Article,sio_burke,joncaramanica,15
28452,Article,sio_burke,tejalrao,308
28453,Article,sio_burke,zwoolfe,37
28482,Article,sio_burke,Bencjacobs,69
28492,Article,sio_burke,RachelDonadio,4
28419,Article,sio_burke,RBReich,34
28464,Article,sio_burke,sisario,4
28497,Article,sio_burke,pete_wells,41
28494,Article,sio_burke,DouthatNYT,23
28422,Article,sio_burke,RorySmith,56
28523,Tweet,sio_burke,polblonde,411
28533,Tweet,sio_burke,ottolenghi,84
28554,Tweet,sio_burke,SocialQPhilip,11
28529,Tweet,sio_burke,GiniaNYT,9
28504,Tweet,sio_burke,aleksk,229
28577,Tweet,sio_burke,rachlharris,27
28546,Tweet,sio_burke,TOISH31,62
28555,Tweet,sio_burke,LauraCummingArt,18
28550,Tweet,sio_burke,jennydeluxe,11
28595,Tweet,sio_burke,SocialQPhilip,4
28576,Tweet,sio_burke,vvfriedman,7
28524,Tweet,sio_burke,joshwiddicombe,88
28593,Tweet,sio_burke,NesrineMalik,18
28508,Tweet,sio_burke,andybrassell,114
28525,Tweet,sio_burke,jennydeluxe,14
167497,Article,007pandey,007pandey,1
167611,Article,007pandey,parthasinha,2
167458,Article,007pandey,007pandey,1
167434,Article,007pandey,ManjuVTOI,6
167422,Article,007pandey,aseemsgujar,2
167511,Article,007pandey,007pandey,1
167622,Article,007pandey,toi_dhananjayM,16
167494,Article,007pandey,toi_dhananjayM,2
167455,Article,007pandey,parthasinha,2
167428,Article,007pandey,KapildaveTOI,3
167512,Article,007pandey,KapildaveTOI,9
167619,Article,007pandey,007pandey,1
167523,Article,007pandey,pradeeptTOI,2
167495,Article,007pandey,007pandey,1
167648,Article,007pandey,007pandey,1
167674,Tweet,007pandey,PjJoychen,40
167660,Tweet,007pandey,ShoebKhanTOI,69
167726,Tweet,007pandey,priyagupta999,84
167688,Tweet,007pandey,niyatiparikhTOI,11
167735,Tweet,007pandey,binays1960,2
167689,Tweet,007pandey,SribaalaVTOI,42
167740,Tweet,007pandey,binays1960,3
167749,Tweet,007pandey,binays1960,3
167690,Tweet,007pandey,ChaitanyadTOI,245
167701,Tweet,007pandey,petleepeter,76
167680,Tweet,007pandey,PjJoychen,50
167742,Tweet,007pandey,BawaNaaved,94
167694,Tweet,007pandey,dipakdashTOI,28
167664,Tweet,007pandey,PrashantrTOI,123
167675,Tweet,007pandey,PjJoychen,17
197506,Article,NewtonSTOI,john_hooper,112
197396,Article,NewtonSTOI,murarishetyeTOI,19
197548,Article,NewtonSTOI,Crime_Selvaraj,26
197440,Article,NewtonSTOI,Banjotkaur,12
197473,Article,NewtonSTOI,KapildaveTOI,6
197476,Article,NewtonSTOI,rajatpTOI,59
197454,Article,NewtonSTOI,KapildaveTOI,20
197399,Article,NewtonSTOI,naomi2009,3
197550,Article,NewtonSTOI,rjadHinduBL,15
197424,Article,NewtonSTOI,jeannasmialek,99
197505,Article,NewtonSTOI,ajaykanth7,19
197453,Article,NewtonSTOI,NYTimesCohen,189
197468,Article,NewtonSTOI,alexmarshall81,30
197560,Article,NewtonSTOI,aseemsgujar,7
197541,Article,NewtonSTOI,palaknandiTOI,20
197645,Tweet,NewtonSTOI,davidhepworth,51
197658,Tweet,NewtonSTOI,andrewrsorkin,4
197639,Tweet,NewtonSTOI,NewtonSTOI,1
197618,Tweet,NewtonSTOI,007pandey,11
197641,Tweet,NewtonSTOI,alexvtunzelmann,148
197587,Tweet,NewtonSTOI,mateenHTOI,89
197635,Tweet,NewtonSTOI,aniljdias,28
197648,Tweet,NewtonSTOI,Shilarze_SSR,42
197608,Tweet,NewtonSTOI,dipakdashTOI,99
197597,Tweet,NewtonSTOI,tomfriedman,184
197662,Tweet,NewtonSTOI,margaretrenkl,187
197630,Tweet,NewtonSTOI,dwightgarner,102
197590,Tweet,NewtonSTOI,mateenHTOI,53
197634,Tweet,NewtonSTOI,saumyajitbTOI,11
197661,Tweet,NewtonSTOI,27saurabhsinha,30
175032,Article,Arv_Ind_Chauhan,niyatiparikhTOI,12
174792,Article,Arv_Ind_Chauhan,PjJoychen,78
175017,Article,Arv_Ind_Chauhan,yeshikabudhwar,56
174920,Article,Arv_Ind_Chauhan,AmritadTOI,33
174884,Article,Arv_Ind_Chauhan,aseemsgujar,34
174806,Article,Arv_Ind_Chauhan,SumitraDebRoy,104
174861,Article,Arv_Ind_Chauhan,niyatiparikhTOI,57
175000,Article,Arv_Ind_Chauhan,27saurabhsinha,14
174934,Article,Arv_Ind_Chauhan,minatisinghaTOI,8
174943,Article,Arv_Ind_Chauhan,digbijaymishra1,58
174901,Article,Arv_Ind_Chauhan,richapintoi,9
174939,Article,Arv_Ind_Chauhan,naomi2009,69
174977,Article,Arv_Ind_Chauhan,SribaalaVTOI,147
174833,Article,Arv_Ind_Chauhan,Crime_Selvaraj,133
175022,Article,Arv_Ind_Chauhan,aniljdias,6
175133,Tweet,Arv_Ind_Chauhan,Arv_Ind_Chauhan,1
175125,Tweet,Arv_Ind_Chauhan,meeravohraTOI,13
175104,Tweet,Arv_Ind_Chauhan,npwcnn,89
175112,Tweet,Arv_Ind_Chauhan,mateenHTOI,98
175117,Tweet,Arv_Ind_Chauhan,AnujaJaiswalTOI,139
175116,Tweet,Arv_Ind_Chauhan,BawaNaaved,18
175054,Tweet,Arv_Ind_Chauhan,RosySequeiraTOI,79
175093,Tweet,Arv_Ind_Chauhan,jhoffman,361
175066,Tweet,Arv_Ind_Chauhan,Crime_Selvaraj,242
175071,Tweet,Arv_Ind_Chauhan,lisamonteiroTOI,63
175085,Tweet,Arv_Ind_Chauhan,BawaNaaved,10
175094,Tweet,Arv_Ind_Chauhan,pradeeptTOI,189
175082,Tweet,Arv_Ind_Chauhan,gailcollins,249
175108,Tweet,Arv_Ind_Chauhan,stevenpoole,462
175073,Tweet,Arv_Ind_Chauhan,ajaysuraTOI,243
26802,Article,vvfriedman,NYTimesCohen,22
26867,Article,vvfriedman,mtomasky,74
26897,Article,vvfriedman,andrewrsorkin,42
26855,Article,vvfriedman,andrewrsorkin,58
26803,Article,vvfriedman,jennydeluxe,79
26894,Article,vvfriedman,NYTimesCohen,148
26873,Article,vvfriedman,gailcollins,176
26875,Article,vvfriedman,aurelienbrd,4
26816,Article,vvfriedman,smita_mishra,394
26887,Article,vvfriedman,naomi2009,403
26898,Article,vvfriedman,andrewrsorkin,248
26859,Article,vvfriedman,pete_wells,136
26813,Article,vvfriedman,LFFriedman,189
26896,Article,vvfriedman,PatrickKingsley,52
26812,Article,vvfriedman,DouthatNYT,68
26997,Tweet,vvfriedman,andrewrsorkin,343
26959,Tweet,vvfriedman,vvfriedman,1
26915,Tweet,vvfriedman,gailcollins,195
26945,Tweet,vvfriedman,vvfriedman,1
26939,Tweet,vvfriedman,NYTimesCohen,292
26932,Tweet,vvfriedman,jonpareles,6
26987,Tweet,vvfriedman,SocialQPhilip,2
26950,Tweet,vvfriedman,DouthatNYT,70
26988,Tweet,vvfriedman,vijaysinghTOI,170
26912,Tweet,vvfriedman,SocialQPhilip,4
26970,Tweet,vvfriedman,stevenerlanger,352
26948,Tweet,vvfriedman,vvfriedman,1
26918,Tweet,vvfriedman,joshwiddicombe,4
26963,Tweet,vvfriedman,jorifinkel,14
26991,Tweet,vvfriedman,vvfriedman,1
78925,Article,jillfilipovic,JessicaValenti,3
78982,Article,jillfilipovic,jennydeluxe,60
79049,Article,jillfilipovic,oliverburkeman,62
78945,Article,jillfilipovic,jillfilipovic,1
78893,Article,jillfilipovic,andybrassell,60
78949,Article,jillfilipovic,jimtankersley,217
78935,Article,jillfilipovic,jennydeluxe,239
78962,Article,jillfilipovic,jennydeluxe,26
79035,Article,jillfilipovic,Bencjacobs,6
78907,Article,jillfilipovic,jillfilipovic,1
79043,Article,jillfilipovic,JessicaValenti,9
78921,Article,jillfilipovic,gmorgenson,410
79036,Article,jillfilipovic,jillfilipovic,1
79002,Article,jillfilipovic,jillfilipovic,1
78952,Article,jillfilipovic,JessicaValenti,7
79469,Tweet,jillfilipovic,joshwiddicombe,267
79438,Tweet,jillfilipovic,oliverburkeman,63
79625,Tweet,jillfilipovic,liamstack,2
79598,Tweet,jillfilipovic,alexanderburns,43
79579,Tweet,jillfilipovic,RBReich,9
79476,Tweet,jillfilipovic,IKershner,331
79417,Tweet,jillfilipovic,tomfriedman,405
79422,Tweet,jillfilipovic,JessicaValenti,26
79315,Tweet,jillfilipovic,RBReich,12
79418,Tweet,jillfilipovic,ggreenwald,2
79297,Tweet,jillfilipovic,RBReich,3
79604,Tweet,jillfilipovic,EricaLG,166
79228,Tweet,jillfilipovic,fmanjoo,33
79234,Tweet,jillfilipovic,paulkrugman,5
79268,Tweet,jillfilipovic,pete_wells,293
146578,Article,FabrizioRomano,FabrizioRomano,1
146579,Article,FabrizioRomano,FabrizioRomano,1
146572,Article,FabrizioRomano,FabrizioRomano,1
146551,Article,FabrizioRomano,FabrizioRomano,1
146577,Article,FabrizioRomano,FabrizioRomano,1
146545,Article,FabrizioRomano,FabrizioRomano,1
146587,Article,FabrizioRomano,FabrizioRomano,1
146538,Article,FabrizioRomano,FabrizioRomano,1
146541,Article,FabrizioRomano,FabrizioRomano,1
146428,Article,FabrizioRomano,FabrizioRomano,1
146426,Article,FabrizioRomano,FabrizioRomano,1
146647,Article,FabrizioRomano,FabrizioRomano,1
146584,Article,FabrizioRomano,FabrizioRomano,1
146431,Article,FabrizioRomano,RorySmith,3
146534,Article,FabrizioRomano,FabrizioRomano,1
147148,Tweet,FabrizioRomano,FabrizioRomano,1
146713,Tweet,FabrizioRomano,PeterTatchell,5
147103,Tweet,FabrizioRomano,jhoffman,39
147077,Tweet,FabrizioRomano,FabrizioRomano,1
146753,Tweet,FabrizioRomano,TimdeLisle,5
147187,Tweet,FabrizioRomano,alexanderburns,9
147208,Tweet,FabrizioRomano,Lattif,172
147214,Tweet,FabrizioRomano,aditya_bh16,110
146662,Tweet,FabrizioRomano,FabrizioRomano,1
147066,Tweet,FabrizioRomano,Shilarze_SSR,135
147108,Tweet,FabrizioRomano,hugolowell,3
147197,Tweet,FabrizioRomano,FabrizioRomano,1
147162,Tweet,FabrizioRomano,charltonbrooker,2
146886,Tweet,FabrizioRomano,Bencjacobs,4
147037,Tweet,FabrizioRomano,joecoscarelli,10
63145,Article,jonronson,alanconnor,26
63157,Article,jonronson,davidhepworth,35
63144,Article,jonronson,oliverburkeman,18
63142,Article,jonronson,greenslader,10
63109,Article,jonronson,alexbellos,9
63200,Article,jonronson,nicklezard,34
63218,Article,jonronson,DerekMalcolm123,27
63180,Article,jonronson,charlie_savage,338
63127,Article,jonronson,msmirandasawyer,52
63107,Article,jonronson,davidhepworth,33
63044,Article,jonronson,LauraCummingArt,46
63159,Article,jonronson,nytDeniseGrady,36
63152,Article,jonronson,nicklezard,16
63025,Article,jonronson,JohnJCrace,57
63176,Article,jonronson,davidhepworth,15
63509,Tweet,jonronson,peterbradshaw1,100
63800,Tweet,jonronson,NYTLiz,45
63338,Tweet,jonronson,divyapal2013,272
63647,Tweet,jonronson,aleksk,80
63553,Tweet,jonronson,SyedAkbarTOI,276
63614,Tweet,jonronson,charltonbrooker,51
63433,Tweet,jonronson,polblonde,206
63830,Tweet,jonronson,davidhepworth,27
63702,Tweet,jonronson,margaretrenkl,73
63598,Tweet,jonronson,andrewrawnsley,18
63628,Tweet,jonronson,GiniaNYT,172
63817,Tweet,jonronson,hadleyfreeman,4
63650,Tweet,jonronson,charltonbrooker,30
63329,Tweet,jonronson,joshwiddicombe,61
63421,Tweet,jonronson,LauraCummingArt,17
8243,Article,GioRussonello,DerekMalcolm123,247
8227,Article,GioRussonello,DerekMalcolm123,247
8206,Article,GioRussonello,pete_wells,139
8280,Article,GioRussonello,DerekMalcolm123,247
8229,Article,GioRussonello,DerekMalcolm123,247
8205,Article,GioRussonello,DerekMalcolm123,247
8234,Article,GioRussonello,hillhulse,10
8200,Article,GioRussonello,DerekMalcolm123,247
8272,Article,GioRussonello,DerekMalcolm123,247
8257,Article,GioRussonello,ESCochrane,50
8259,Article,GioRussonello,smbahr14,144
8277,Article,GioRussonello,DerekMalcolm123,247
8253,Article,GioRussonello,sangerkatz,128
8268,Article,GioRussonello,DerekMalcolm123,247
8204,Article,GioRussonello,DerekMalcolm123,314
8389,Tweet,GioRussonello,vvfriedman,71
8366,Tweet,GioRussonello,jennydeluxe,117
8323,Tweet,GioRussonello,mohuadazz,317
8391,Tweet,GioRussonello,MoharBasu,2
8306,Tweet,GioRussonello,archiebland,17
8362,Tweet,GioRussonello,vvfriedman,14
8392,Tweet,GioRussonello,lisamonteiroTOI,28
8355,Tweet,GioRussonello,joecoscarelli,6
8356,Tweet,GioRussonello,benkenigsberg,22
8328,Tweet,GioRussonello,jonpareles,16
8399,Tweet,GioRussonello,joncaramanica,12
8388,Tweet,GioRussonello,ggreenwald,25
8322,Tweet,GioRussonello,OwenJones84,20
8326,Tweet,GioRussonello,aleksk,112
8314,Tweet,GioRussonello,bindelj,132
175217,Article,aseemsgujar,aseemsgujar,1
175243,Article,aseemsgujar,bencasselman,7
175198,Article,aseemsgujar,aseemsgujar,1
175228,Article,aseemsgujar,aseemsgujar,1
175258,Article,aseemsgujar,aseemsgujar,1
175237,Article,aseemsgujar,aseemsgujar,1
175209,Article,aseemsgujar,aseemsgujar,1
175255,Article,aseemsgujar,ramarkosg,38
175172,Article,aseemsgujar,007pandey,19
175195,Article,aseemsgujar,aseemsgujar,1
175213,Article,aseemsgujar,digbijaymishra1,2
175199,Article,aseemsgujar,aseemsgujar,1
175244,Article,aseemsgujar,niyatiparikhTOI,4
175192,Article,aseemsgujar,007pandey,3
175211,Article,aseemsgujar,aseemsgujar,1
175334,Tweet,aseemsgujar,kylebuchanan,465
175350,Tweet,aseemsgujar,SwatiShindeTOI,199
175333,Tweet,aseemsgujar,saumyajitbTOI,89
175308,Tweet,aseemsgujar,lucysiegle,244
175327,Tweet,aseemsgujar,aditya_bh16,314
175292,Tweet,aseemsgujar,MichaelWhite,284
175356,Tweet,aseemsgujar,priyagupta999,97
175336,Tweet,aseemsgujar,Shreyanka_M,230
175319,Tweet,aseemsgujar,aseemsgujar,1
175367,Tweet,aseemsgujar,palaknandiTOI,102
175352,Tweet,aseemsgujar,Shilarze_SSR,288
175337,Tweet,aseemsgujar,vijaysinghTOI,233
175322,Tweet,aseemsgujar,27saurabhsinha,78
175341,Tweet,aseemsgujar,pradeeptTOI,7
175366,Tweet,aseemsgujar,CarolineLucas,92
213647,Article,sudeshnagTOI,andrewrsorkin,16
213616,Article,sudeshnagTOI,anandbodhTOI,115
213608,Article,sudeshnagTOI,MarcusMergulhao,2
213650,Article,sudeshnagTOI,aniljdias,7
213587,Article,sudeshnagTOI,DerekMalcolm123,5
213599,Article,sudeshnagTOI,aniljdias,3
213656,Article,sudeshnagTOI,Shrivathsan1437,34
213635,Article,sudeshnagTOI,mtomasky,103
213570,Article,sudeshnagTOI,DerekMalcolm123,84
213567,Article,sudeshnagTOI,toi_shailendraA,3
213607,Article,sudeshnagTOI,TimdeLisle,15
213623,Article,sudeshnagTOI,MarcusMergulhao,4
213634,Article,sudeshnagTOI,aniljdias,19
213659,Article,sudeshnagTOI,TOISH31,21
213613,Article,sudeshnagTOI,sendvictorious,3
213734,Tweet,sudeshnagTOI,SocialQPhilip,298
213675,Tweet,sudeshnagTOI,saumyajitbTOI,5
213755,Tweet,sudeshnagTOI,vanbadham,271
213678,Tweet,sudeshnagTOI,smita_mishra,5
213677,Tweet,sudeshnagTOI,wesley_morris,176
213689,Tweet,sudeshnagTOI,bindiyachariTOI,80
213742,Tweet,sudeshnagTOI,NYTimesCohen,171
213756,Tweet,sudeshnagTOI,alexvtunzelmann,164
213710,Tweet,sudeshnagTOI,mohuadazz,317
213665,Tweet,sudeshnagTOI,tushhaikhush,100
213761,Tweet,sudeshnagTOI,murarishetyeTOI,442
213714,Tweet,sudeshnagTOI,KSchulten,228
213719,Tweet,sudeshnagTOI,davidhepworth,42
213738,Tweet,sudeshnagTOI,MoharBasu,64
213754,Tweet,sudeshnagTOI,akhileshsTOI,58
28828,Article,EmmaBubola,PatrickKingsley,17
28881,Article,EmmaBubola,ewong,13
28860,Article,EmmaBubola,paulmasonnews,188
28817,Article,EmmaBubola,NikiKitsantonis,39
28819,Article,EmmaBubola,NikiKitsantonis,7
28850,Article,EmmaBubola,lucysiegle,86
28889,Article,EmmaBubola,hugolowell,91
28884,Article,EmmaBubola,NYTimesCohen,31
28852,Article,EmmaBubola,andrewrsorkin,69
28825,Article,EmmaBubola,CeylanWrites,38
28876,Article,EmmaBubola,NikiKitsantonis,38
28804,Article,EmmaBubola,NikiKitsantonis,26
28885,Article,EmmaBubola,RBReich,49
28869,Article,EmmaBubola,AtulMathur_,162
28854,Article,EmmaBubola,williamkeegan,20
28991,Tweet,EmmaBubola,damiencave,20
28920,Tweet,EmmaBubola,lenoretaylor,27
28912,Tweet,EmmaBubola,williamkeegan,55
28965,Tweet,EmmaBubola,SocialQPhilip,52
28930,Tweet,EmmaBubola,ameliagentleman,17
28917,Tweet,EmmaBubola,alexanderburns,78
28975,Tweet,EmmaBubola,andybrassell,81
28905,Tweet,EmmaBubola,andybrassell,205
28986,Tweet,EmmaBubola,Crime_Selvaraj,63
28960,Tweet,EmmaBubola,vvfriedman,247
28902,Tweet,EmmaBubola,sermoninstone,204
28957,Tweet,EmmaBubola,Gauraw2297,57
28909,Tweet,EmmaBubola,sermoninstone,101
28964,Tweet,EmmaBubola,AlokKNMishra,7
28901,Tweet,EmmaBubola,MujMash,3
11285,Article,KeithBradsher,naomi2009,2
11237,Article,KeithBradsher,PatrickKingsley,3
11279,Article,KeithBradsher,bencasselman,13
11239,Article,KeithBradsher,ChuBailiang,2
11246,Article,KeithBradsher,NikiKitsantonis,17
11293,Article,KeithBradsher,stevenerlanger,81
11260,Article,KeithBradsher,bencasselman,17
11259,Article,KeithBradsher,RBReich,5
11282,Article,KeithBradsher,KeithBradsher,1
11221,Article,KeithBradsher,jimtankersley,73
11253,Article,KeithBradsher,rajendrasTOI,6
11212,Article,KeithBradsher,bencasselman,4
11297,Article,KeithBradsher,jameskanter,7
11209,Article,KeithBradsher,ewong,18
11241,Article,KeithBradsher,LFFriedman,194
11382,Tweet,KeithBradsher,FranklinBlog,127
11371,Tweet,KeithBradsher,sangerkatz,89
11323,Tweet,KeithBradsher,mateenHTOI,180
11340,Tweet,KeithBradsher,AditiZero,80
11337,Tweet,KeithBradsher,SocialQPhilip,108
11321,Tweet,KeithBradsher,PjJoychen,140
11328,Tweet,KeithBradsher,SindhukTOI,100
11370,Tweet,KeithBradsher,KeithBradsher,1
11391,Tweet,KeithBradsher,cdcaron,187
11327,Tweet,KeithBradsher,greenslader,200
11311,Tweet,KeithBradsher,NYTBen,22
11317,Tweet,KeithBradsher,Crime_Selvaraj,82
11308,Tweet,KeithBradsher,bencasselman,4
11357,Tweet,KeithBradsher,bencasselman,6
11300,Tweet,KeithBradsher,andrewrsorkin,7
33049,Article,FlitterOnFraud,jimtankersley,6
33065,Article,FlitterOnFraud,andrewrsorkin,8
33072,Article,FlitterOnFraud,samrob12,20
33056,Article,FlitterOnFraud,noamscheiber,80
33059,Article,FlitterOnFraud,jeannasmialek,8
33005,Article,FlitterOnFraud,RBReich,13
33015,Article,FlitterOnFraud,andrewrsorkin,11
33099,Article,FlitterOnFraud,paulkrugman,50
33028,Article,FlitterOnFraud,paulkrugman,9
33007,Article,FlitterOnFraud,FlitterOnFraud,1
33088,Article,FlitterOnFraud,AnaSwanson,45
33011,Article,FlitterOnFraud,Bencjacobs,4
33062,Article,FlitterOnFraud,hillhulse,98
33094,Article,FlitterOnFraud,andrewrsorkin,4
33074,Article,FlitterOnFraud,jimtankersley,15
33121,Tweet,FlitterOnFraud,gailcollins,252
33113,Tweet,FlitterOnFraud,noamscheiber,6
33108,Tweet,FlitterOnFraud,desaisantosh,261
33194,Tweet,FlitterOnFraud,gettinviggy,69
33196,Tweet,FlitterOnFraud,laurenlaverne,383
33103,Tweet,FlitterOnFraud,MoharBasu,380
33142,Tweet,FlitterOnFraud,paulkrugman,39
33132,Tweet,FlitterOnFraud,brooksbarnesNYT,38
33127,Tweet,FlitterOnFraud,EricaLG,86
33143,Tweet,FlitterOnFraud,elizabday,152
33144,Tweet,FlitterOnFraud,SocialQPhilip,166
33109,Tweet,FlitterOnFraud,rpogrebin,281
33123,Tweet,FlitterOnFraud,EmilyAnthes,348
33178,Tweet,FlitterOnFraud,debaratisen,359
33191,Tweet,FlitterOnFraud,lucysiegle,297
166785,Article,sendvictorious,sendvictorious,1
166727,Article,sendvictorious,DeccaJourno,168
166691,Article,sendvictorious,andrew_mueller,2
166795,Article,sendvictorious,sendvictorious,1
166567,Article,sendvictorious,NesrineMalik,67
166646,Article,sendvictorious,sendvictorious,1
166582,Article,sendvictorious,LucyMangan,244
166794,Article,sendvictorious,DerekMalcolm123,3
166644,Article,sendvictorious,sendvictorious,1
166583,Article,sendvictorious,sendvictorious,1
166641,Article,sendvictorious,sendvictorious,1
166627,Article,sendvictorious,andrew_mueller,2
166745,Article,sendvictorious,sendvictorious,1
166694,Article,sendvictorious,sendvictorious,1
166744,Article,sendvictorious,sendvictorious,1
167365,Tweet,sendvictorious,tomdyckhoff,5
166844,Tweet,sendvictorious,alanconnor,36
167313,Tweet,sendvictorious,oliverburkeman,213
167377,Tweet,sendvictorious,sendvictorious,1
167361,Tweet,sendvictorious,davidhepworth,64
167384,Tweet,sendvictorious,antontroian,321
167037,Tweet,sendvictorious,sendvictorious,1
167090,Tweet,sendvictorious,gailcollins,158
166938,Tweet,sendvictorious,davidhepworth,7
166875,Tweet,sendvictorious,williamkeegan,51
167154,Tweet,sendvictorious,DouthatNYT,194
167264,Tweet,sendvictorious,davidhepworth,20
166893,Tweet,sendvictorious,elizabday,48
167329,Tweet,sendvictorious,sendvictorious,1
167073,Tweet,sendvictorious,NilsPratley,14
135388,Article,charltonbrooker,LucyMangan,57
135486,Article,charltonbrooker,andybrassell,33
135450,Article,charltonbrooker,IAmTimDowling,8
135460,Article,charltonbrooker,JessicaValenti,195
135440,Article,charltonbrooker,joshwiddicombe,93
135593,Article,charltonbrooker,davidhepworth,5
135538,Article,charltonbrooker,archiebland,11
135415,Article,charltonbrooker,aleksk,31
135453,Article,charltonbrooker,msrachelcooke,37
135483,Article,charltonbrooker,andybrassell,5
135481,Article,charltonbrooker,shattenstone,32
135399,Article,charltonbrooker,jackschofield,60
135518,Article,charltonbrooker,aleksk,13
135447,Article,charltonbrooker,MonaChalabi,15
135526,Article,charltonbrooker,davidhepworth,10
135816,Tweet,charltonbrooker,timatkin,226
135798,Tweet,charltonbrooker,NesrineMalik,14
135695,Tweet,charltonbrooker,charltonbrooker,1
135752,Tweet,charltonbrooker,brooksbarnesNYT,3
136213,Tweet,charltonbrooker,davidhepworth,21
135840,Tweet,charltonbrooker,MoharBasu,20
136197,Tweet,charltonbrooker,aleksk,9
136220,Tweet,charltonbrooker,DerekMalcolm123,43
136011,Tweet,charltonbrooker,polblonde,45
135716,Tweet,charltonbrooker,joncaramanica,36
135755,Tweet,charltonbrooker,davidhepworth,8
135984,Tweet,charltonbrooker,MichaelWhite,30
135771,Tweet,charltonbrooker,JessicaValenti,79
135751,Tweet,charltonbrooker,PNaveenTOI,352
135979,Tweet,charltonbrooker,davidhepworth,24
33632,Article,livia_ar,AndrewSparrow,158
33631,Article,livia_ar,charlie_savage,92
33627,Article,livia_ar,ESCochrane,106
33658,Article,livia_ar,IKershner,181
33606,Article,livia_ar,mlevenson,3
33607,Article,livia_ar,SocialQPhilip,102
33618,Article,livia_ar,tomfriedman,58
33617,Article,livia_ar,leninology,55
33692,Article,livia_ar,oliverburkeman,24
33698,Article,livia_ar,hugolowell,231
33655,Article,livia_ar,RichSandomir,84
33689,Article,livia_ar,EricaLG,121
33665,Article,livia_ar,NYTimesCohen,41
33644,Article,livia_ar,lukebroadwater,88
33654,Article,livia_ar,damiencave,19
33732,Tweet,livia_ar,KSchulten,176
33754,Tweet,livia_ar,GiniaNYT,19
33710,Tweet,livia_ar,tejalrao,121
33749,Tweet,livia_ar,mateenHTOI,33
33701,Tweet,livia_ar,genznyt,14
33772,Tweet,livia_ar,PamBelluck,36
33781,Tweet,livia_ar,ArthurNeslen,84
33706,Tweet,livia_ar,apoorva_nyc,70
33792,Tweet,livia_ar,jonpareles,45
33751,Tweet,livia_ar,jennydeluxe,238
33723,Tweet,livia_ar,billmpennington,78
33728,Tweet,livia_ar,ArthurNeslen,68
33770,Tweet,livia_ar,PerriKlass,51
33759,Tweet,livia_ar,polblonde,4
33714,Tweet,livia_ar,ameliagentleman,196
185899,Article,imabdulgani,akhileshsTOI,17
185723,Article,imabdulgani,binays1960,7
185807,Article,imabdulgani,omjasvinTOI,37
185751,Article,imabdulgani,SidharthB25,13
185679,Article,imabdulgani,binays1960,20
185847,Article,imabdulgani,aseemsgujar,70
185669,Article,imabdulgani,digbijaymishra1,97
185842,Article,imabdulgani,KapildaveTOI,111
185742,Article,imabdulgani,neelam_raaj,32
185748,Article,imabdulgani,sandhyanairTOI,14
185741,Article,imabdulgani,KapildaveTOI,82
185821,Article,imabdulgani,rajatpTOI,26
185829,Article,imabdulgani,ArunDev1,37
185908,Article,imabdulgani,minatisinghaTOI,29
185788,Article,imabdulgani,shafaquealamTOI,65
186002,Tweet,imabdulgani,fmanjoo,458
186004,Tweet,imabdulgani,polblonde,99
185924,Tweet,imabdulgani,richapintoi,4
185943,Tweet,imabdulgani,SwatiShindeTOI,11
185993,Tweet,imabdulgani,saumyajitbTOI,41
185973,Tweet,imabdulgani,divyapal2013,14
185927,Tweet,imabdulgani,TanyaGold1,232
185913,Tweet,imabdulgani,kumaraswamykTOI,10
185934,Tweet,imabdulgani,lucywardsings,22
185975,Tweet,imabdulgani,manvirsainiTOI,13
186003,Tweet,imabdulgani,andybrassell,209
185982,Tweet,imabdulgani,parul_sehgal,246
185938,Tweet,imabdulgani,desaisantosh,56
185912,Tweet,imabdulgani,TOISH31,17
185972,Tweet,imabdulgani,richardwolffedc,310
195483,Article,murarishetye,sandhyanairTOI,65
195384,Article,murarishetye,HemantaTOI,27
195545,Article,murarishetye,yazhiniyanTOI,53
195519,Article,murarishetye,SidharthB25,14
195575,Article,murarishetye,rajendrasTOI,9
195405,Article,murarishetye,rishachitlangia,30
195574,Article,murarishetye,amitanandTOI,11
195558,Article,murarishetye,toi_dhananjayM,37
195342,Article,murarishetye,bydanielvictor,84
195447,Article,murarishetye,pradeeptTOI,135
195426,Article,murarishetye,yeshikabudhwar,26
195339,Article,murarishetye,Crime_Selvaraj,20
195365,Article,murarishetye,vijayVsinghTOI,69
195578,Article,murarishetye,hugolowell,23
195494,Article,murarishetye,naomi2009,46
195599,Tweet,murarishetye,SindhukTOI,17
195630,Tweet,murarishetye,EVincentelli,335
195597,Tweet,murarishetye,lisamonteiroTOI,2
195585,Tweet,murarishetye,winematcher,17
195637,Tweet,murarishetye,murarishetye,1
195616,Tweet,murarishetye,bindiyachariTOI,2
195670,Tweet,murarishetye,PjJoychen,3
195605,Tweet,murarishetye,bindiyachariTOI,3
195610,Tweet,murarishetye,bindiyachariTOI,2
195669,Tweet,murarishetye,bindiyachariTOI,2
195608,Tweet,murarishetye,bindiyachariTOI,2
195667,Tweet,murarishetye,naomi2009,83
195682,Tweet,murarishetye,bindiyachariTOI,2
195644,Tweet,murarishetye,mateenHTOI,19
195663,Tweet,murarishetye,lisamonteiroTOI,2
28617,Article,suilee,nytDeniseGrady,202
28675,Article,suilee,farnazfassihi,19
28642,Article,suilee,domphillips,59
28623,Article,suilee,rajendrasTOI,82
28652,Article,suilee,jeannasmialek,189
28653,Article,suilee,NYTimesCohen,86
28637,Article,suilee,farnazfassihi,8
28626,Article,suilee,NYTimesCohen,57
28665,Article,suilee,KeithBradsher,38
28614,Article,suilee,RBReich,123
28641,Article,suilee,NikiKitsantonis,5
28667,Article,suilee,KeithBradsher,6
28663,Article,suilee,naomi2009,162
28683,Article,suilee,PatrickKingsley,56
28698,Article,suilee,dwightgarner,6
28742,Tweet,suilee,ameliagentleman,177
28762,Tweet,suilee,NYTimesCohen,17
28764,Tweet,suilee,sendvictorious,333
28756,Tweet,suilee,ChuBailiang,3
28794,Tweet,suilee,desaisantosh,159
28728,Tweet,suilee,genznyt,429
28767,Tweet,suilee,NikiKitsantonis,10
28796,Tweet,suilee,BenWeiserNYT,84
28785,Tweet,suilee,JessicaValenti,154
28719,Tweet,suilee,bylizrobbins,103
28709,Tweet,suilee,aseemsgujar,155
28746,Tweet,suilee,polblonde,412
28771,Tweet,suilee,sangerkatz,78
28705,Tweet,suilee,afuahirsch,216
28703,Tweet,suilee,greenslader,159
80648,Article,TristramHuntVA,AndrewSparrow,43
80751,Article,TristramHuntVA,jillfilipovic,92
80568,Article,TristramHuntVA,petleepeter,130
80635,Article,TristramHuntVA,jatinder_tur,350
80690,Article,TristramHuntVA,nicholaswatt,97
80694,Article,TristramHuntVA,CarolineLucas,17
80740,Article,TristramHuntVA,OwenJones84,27
80730,Article,TristramHuntVA,steve_hewlett,52
80710,Article,TristramHuntVA,steve_hewlett,52
80678,Article,TristramHuntVA,FabrizioRomano,59
80597,Article,TristramHuntVA,DanielKingChess,11
80715,Article,TristramHuntVA,OwenJones84,111
80708,Article,TristramHuntVA,VivianHo,108
80662,Article,TristramHuntVA,williamkeegan,54
80658,Article,TristramHuntVA,HackneyAbbott,55
81253,Tweet,TristramHuntVA,lyngardner,14
80876,Tweet,TristramHuntVA,DouthatNYT,124
81023,Tweet,TristramHuntVA,TristramHuntVA,1
81070,Tweet,TristramHuntVA,psangeetha2112,28
80925,Tweet,TristramHuntVA,jfordham_jazz,26
80784,Tweet,TristramHuntVA,we_are_food,2
81258,Tweet,TristramHuntVA,NYTimesCohen,47
81283,Tweet,TristramHuntVA,ChaitanyadTOI,4
81334,Tweet,TristramHuntVA,richardwolffedc,34
81219,Tweet,TristramHuntVA,lyngardner,36
81076,Tweet,TristramHuntVA,bglendenning,24
80912,Tweet,TristramHuntVA,kylebuchanan,160
80835,Tweet,TristramHuntVA,petleepeter,125
80974,Tweet,TristramHuntVA,lucysiegle,2
81154,Tweet,TristramHuntVA,williamkeegan,26
199224,Article,palaknandiTOI,rishachitlangia,3
199286,Article,palaknandiTOI,gilestremlett,77
199180,Article,palaknandiTOI,SribaalaVTOI,11
199075,Article,palaknandiTOI,pankajdoval,11
199200,Article,palaknandiTOI,AshokPradhanTOI,18
199054,Article,palaknandiTOI,shafaquealamTOI,20
199111,Article,palaknandiTOI,parthasinha,6
199125,Article,palaknandiTOI,AshokPradhanTOI,22
199074,Article,palaknandiTOI,palaknandiTOI,1
199104,Article,palaknandiTOI,rajendrasTOI,2
199115,Article,palaknandiTOI,palaknandiTOI,1
199144,Article,palaknandiTOI,007pandey,7
199247,Article,palaknandiTOI,rajendrasTOI,9
199290,Article,palaknandiTOI,AtulMathur_,31
199140,Article,palaknandiTOI,rajendrasTOI,6
199366,Tweet,palaknandiTOI,livia_ar,172
199357,Tweet,palaknandiTOI,bishnoiarvind11,24
199362,Tweet,palaknandiTOI,journo_vibha,22
199339,Tweet,palaknandiTOI,SindhukTOI,25
199390,Tweet,palaknandiTOI,ShrinivasaMTOI,83
199334,Tweet,palaknandiTOI,PjJoychen,43
199336,Tweet,palaknandiTOI,zwoolfe,40
199309,Tweet,palaknandiTOI,SwatiMathurTOI,20
199295,Tweet,palaknandiTOI,DanielKingChess,186
199386,Tweet,palaknandiTOI,priyagupta999,39
199322,Tweet,palaknandiTOI,advityabahlTOI,232
199311,Tweet,palaknandiTOI,antontroian,126
199377,Tweet,palaknandiTOI,SwatiMathurTOI,2
199393,Tweet,palaknandiTOI,palaknandiTOI,1
199368,Tweet,palaknandiTOI,AlokKNMishra,63
7229,Article,ESCochrane,ESCochrane,1
7211,Article,ESCochrane,ESCochrane,1
7220,Article,ESCochrane,ESCochrane,1
7221,Article,ESCochrane,aurelienbrd,235
7289,Article,ESCochrane,ESCochrane,1
7249,Article,ESCochrane,npfandos,2
7262,Article,ESCochrane,ESCochrane,1
7296,Article,ESCochrane,lukebroadwater,2
7277,Article,ESCochrane,ESCochrane,1
7250,Article,ESCochrane,ESCochrane,1
7263,Article,ESCochrane,ESCochrane,1
7202,Article,ESCochrane,ESCochrane,1
7201,Article,ESCochrane,andrewrsorkin,64
7240,Article,ESCochrane,ESCochrane,1
7266,Article,ESCochrane,AtulMathur_,11
7340,Tweet,ESCochrane,dklavaniaTOI,224
7356,Tweet,ESCochrane,alexanderburns,3
7346,Tweet,ESCochrane,ShaneGoldmacher,26
7312,Tweet,ESCochrane,SherylNYT,2
7308,Tweet,ESCochrane,jmart,28
7314,Tweet,ESCochrane,SangerNYT,50
7339,Tweet,ESCochrane,jimtankersley,2
7388,Tweet,ESCochrane,jeannasmialek,4
7342,Tweet,ESCochrane,kenvogel,5
7353,Tweet,ESCochrane,ShaneGoldmacher,19
7315,Tweet,ESCochrane,lukebroadwater,46
7370,Tweet,ESCochrane,Bencjacobs,2
7367,Tweet,ESCochrane,ESCochrane,1
7324,Tweet,ESCochrane,hillhulse,2
7372,Tweet,ESCochrane,ESCochrane,1
111092,Article,AndrewSparrow,AnushkaAsthana,7
111205,Article,AndrewSparrow,AndrewSparrow,1
111040,Article,AndrewSparrow,DeccaJourno,5
111269,Article,AndrewSparrow,AndrewSparrow,1
111240,Article,AndrewSparrow,ArthurNeslen,6
111069,Article,AndrewSparrow,OwenJones84,11
111103,Article,AndrewSparrow,AndrewSparrow,1
111262,Article,AndrewSparrow,AnushkaAsthana,4
111208,Article,AndrewSparrow,afuahirsch,2
111230,Article,AndrewSparrow,PippaCrerar,3
111150,Article,AndrewSparrow,andybrassell,122
111147,Article,AndrewSparrow,FelicityCloake,325
111260,Article,AndrewSparrow,PippaCrerar,3
111274,Article,AndrewSparrow,OwenJones84,23
111028,Article,AndrewSparrow,lucywardsings,16
111498,Tweet,AndrewSparrow,PippaCrerar,2
111621,Tweet,AndrewSparrow,maevesther,123
111544,Tweet,AndrewSparrow,maevesther,228
111405,Tweet,AndrewSparrow,AndrewSparrow,1
111722,Tweet,AndrewSparrow,AndrewSparrow,1
111569,Tweet,AndrewSparrow,jwpetersNYT,376
111278,Tweet,AndrewSparrow,nicholaswatt,2
111631,Tweet,AndrewSparrow,ArthurNeslen,4
111613,Tweet,AndrewSparrow,AnushkaAsthana,3
111442,Tweet,AndrewSparrow,HackneyAbbott,5
111430,Tweet,AndrewSparrow,AnushkaAsthana,3
111850,Tweet,AndrewSparrow,AndrewSparrow,1
111780,Tweet,AndrewSparrow,ArthurNeslen,3
111358,Tweet,AndrewSparrow,AndrewSparrow,1
111774,Tweet,AndrewSparrow,DeccaJourno,73
200282,Article,parthshastriTOI,pankajdoval,90
200204,Article,parthshastriTOI,KapildaveTOI,69
200304,Article,parthshastriTOI,durgeshjhaTOI,51
200170,Article,parthshastriTOI,Banjotkaur,89
200199,Article,parthshastriTOI,palaknandiTOI,66
200184,Article,parthshastriTOI,vishwamTOI,49
200156,Article,parthshastriTOI,ThevarSteffy,3
200157,Article,parthshastriTOI,AnaSwanson,121
200155,Article,parthshastriTOI,kush_junglee,22
200159,Article,parthshastriTOI,AmritadTOI,6
200147,Article,parthshastriTOI,digbijaymishra1,49
200179,Article,parthshastriTOI,SindhukTOI,50
200267,Article,parthshastriTOI,PjJoychen,22
200291,Article,parthshastriTOI,hannahdev,28
200110,Article,parthshastriTOI,digbijaymishra1,66
200337,Tweet,parthshastriTOI,ajaysuraTOI,7
200411,Tweet,parthshastriTOI,parthshastriTOI,1
200401,Tweet,parthshastriTOI,parthshastriTOI,1
200339,Tweet,parthshastriTOI,toi_dhananjayM,10
200397,Tweet,parthshastriTOI,amitanandTOI,13
200380,Tweet,parthshastriTOI,IKershner,3
200329,Tweet,parthshastriTOI,peterbradshaw1,87
200391,Tweet,parthshastriTOI,PatrickKingsley,99
200364,Tweet,parthshastriTOI,ajaysuraTOI,9
200410,Tweet,parthshastriTOI,BawaNaaved,36
200362,Tweet,parthshastriTOI,Bencjacobs,12
200338,Tweet,parthshastriTOI,toi_dhananjayM,9
200336,Tweet,parthshastriTOI,PatrickKingsley,15
200369,Tweet,parthshastriTOI,polblonde,111
200399,Tweet,parthshastriTOI,007pandey,2
58932,Article,laurenlaverne,laurenlaverne,1
58963,Article,laurenlaverne,davidhepworth,18
58891,Article,laurenlaverne,laurenlaverne,1
58981,Article,laurenlaverne,JessicaValenti,214
58921,Article,laurenlaverne,laurenlaverne,1
58922,Article,laurenlaverne,laurenlaverne,1
58898,Article,laurenlaverne,laurenlaverne,1
58951,Article,laurenlaverne,davidhepworth,22
58952,Article,laurenlaverne,steve_hewlett,40
58913,Article,laurenlaverne,KateEMcCann,8
58944,Article,laurenlaverne,davidhepworth,20
58936,Article,laurenlaverne,laurenlaverne,1
58957,Article,laurenlaverne,laurenlaverne,1
58967,Article,laurenlaverne,davidhepworth,78
58910,Article,laurenlaverne,steve_hewlett,6
59563,Tweet,laurenlaverne,parul_sehgal,281
59404,Tweet,laurenlaverne,laurenlaverne,1
59288,Tweet,laurenlaverne,charltonbrooker,3
59301,Tweet,laurenlaverne,laurenlaverne,1
59391,Tweet,laurenlaverne,DeccaJourno,2
59569,Tweet,laurenlaverne,alanconnor,6
59547,Tweet,laurenlaverne,polblonde,49
59251,Tweet,laurenlaverne,genznyt,2
59238,Tweet,laurenlaverne,lenoretaylor,77
59540,Tweet,laurenlaverne,andybrassell,284
59137,Tweet,laurenlaverne,laurenlaverne,1
59057,Tweet,laurenlaverne,joshwiddicombe,73
59553,Tweet,laurenlaverne,jennydeluxe,105
59439,Tweet,laurenlaverne,andybrassell,123
59352,Tweet,laurenlaverne,RorySmith,327
112125,Article,NilsPratley,NilsPratley,1
111975,Article,NilsPratley,NilsPratley,1
112011,Article,NilsPratley,NilsPratley,1
111900,Article,NilsPratley,NilsPratley,1
112000,Article,NilsPratley,NilsPratley,1
112060,Article,NilsPratley,NilsPratley,1
111982,Article,NilsPratley,NilsPratley,1
112085,Article,NilsPratley,NilsPratley,1
111929,Article,NilsPratley,andybrassell,102
111993,Article,NilsPratley,NilsPratley,1
112019,Article,NilsPratley,NilsPratley,1
112078,Article,NilsPratley,NilsPratley,1
111939,Article,NilsPratley,NilsPratley,1
111971,Article,NilsPratley,NilsPratley,1
111981,Article,NilsPratley,NilsPratley,1
112235,Tweet,NilsPratley,NYTimesCohen,49
112195,Tweet,NilsPratley,gailcollins,34
112167,Tweet,NilsPratley,NilsPratley,1
112308,Tweet,NilsPratley,RichSandomir,35
112236,Tweet,NilsPratley,gmorgenson,7
112226,Tweet,NilsPratley,niyatiparikhTOI,72
112267,Tweet,NilsPratley,sendvictorious,3
112243,Tweet,NilsPratley,NilsPratley,1
112341,Tweet,NilsPratley,DerekMalcolm123,2
112327,Tweet,NilsPratley,jillfilipovic,174
112201,Tweet,NilsPratley,sendvictorious,26
112176,Tweet,NilsPratley,DouthatNYT,28
112294,Tweet,NilsPratley,DerekMalcolm123,2
112246,Tweet,NilsPratley,williamkeegan,2
112227,Tweet,NilsPratley,saumyajitbTOI,36
160277,Article,TimdeLisle,PippaCrerar,254
160223,Article,TimdeLisle,LauraCummingArt,43
160376,Article,TimdeLisle,FelicityCloake,57
160296,Article,TimdeLisle,andybrassell,12
160358,Article,TimdeLisle,wesley_morris,19
160172,Article,TimdeLisle,bglendenning,2
160190,Article,TimdeLisle,OwenJones84,7
160165,Article,TimdeLisle,NesrineMalik,17
160389,Article,TimdeLisle,petleepeter,16
160338,Article,TimdeLisle,petleepeter,38
160195,Article,TimdeLisle,jennydeluxe,19
160279,Article,TimdeLisle,jennydeluxe,7
160183,Article,TimdeLisle,elizabday,30
160214,Article,TimdeLisle,gettleman,3
160167,Article,TimdeLisle,toi_shailendraA,14
160837,Tweet,TimdeLisle,nytDeniseGrady,250
160500,Tweet,TimdeLisle,AshokPradhanTOI,241
160975,Tweet,TimdeLisle,joncaramanica,32
160956,Tweet,TimdeLisle,rachlharris,145
160920,Tweet,TimdeLisle,LauraCummingArt,30
160789,Tweet,TimdeLisle,greenslader,114
160712,Tweet,TimdeLisle,andrewrawnsley,46
160994,Tweet,TimdeLisle,KTVinobhaTOI,304
160917,Tweet,TimdeLisle,jhoffman,194
160530,Tweet,TimdeLisle,peterbradshaw1,46
160797,Tweet,TimdeLisle,journo_vibha,191
160857,Tweet,TimdeLisle,pankajdoval,31
161010,Tweet,TimdeLisle,laurenlaverne,47
160621,Tweet,TimdeLisle,FabrizioRomano,103
160862,Tweet,TimdeLisle,priyagupta999,18
31228,Article,RachelDonadio,hillhulse,294
31213,Article,RachelDonadio,andrewrsorkin,274
31286,Article,RachelDonadio,NikiKitsantonis,104
31253,Article,RachelDonadio,helenecooper,213
31231,Article,RachelDonadio,hugolowell,64
31218,Article,RachelDonadio,RachelDonadio,1
31265,Article,RachelDonadio,NikiKitsantonis,3
31215,Article,RachelDonadio,EllenBarryNYT,2
31212,Article,RachelDonadio,parul_sehgal,44
31235,Article,RachelDonadio,NikiKitsantonis,5
31238,Article,RachelDonadio,paulkrugman,197
31223,Article,RachelDonadio,PatrickKingsley,89
31279,Article,RachelDonadio,stevenerlanger,214
31226,Article,RachelDonadio,IKershner,13
31257,Article,RachelDonadio,brooksbarnesNYT,112
31367,Tweet,RachelDonadio,LucyMangan,43
31380,Tweet,RachelDonadio,FrankBruni,167
31392,Tweet,RachelDonadio,williamkeegan,441
31316,Tweet,RachelDonadio,RachelDonadio,1
31303,Tweet,RachelDonadio,meddynyt,282
31376,Tweet,RachelDonadio,vanbadham,200
31339,Tweet,RachelDonadio,Bencjacobs,139
31356,Tweet,RachelDonadio,philipoltermann,375
31373,Tweet,RachelDonadio,greenslader,415
31345,Tweet,RachelDonadio,vvfriedman,32
31351,Tweet,RachelDonadio,peterbradshaw1,294
31347,Tweet,RachelDonadio,lukeharding1968,299
31372,Tweet,RachelDonadio,payaldhawanTOI,130
31337,Tweet,RachelDonadio,MichaelPaulson,24
31342,Tweet,RachelDonadio,RaphaelMinder,227
141365,Article,OLIVERBALCH,jackschofield,8
141377,Article,OLIVERBALCH,andrewrawnsley,148
141326,Article,OLIVERBALCH,OLIVERBALCH,1
141307,Article,OLIVERBALCH,WilbyPeter,82
141504,Article,OLIVERBALCH,aleksk,4
141345,Article,OLIVERBALCH,afuahirsch,28
141444,Article,OLIVERBALCH,winematcher,15
141500,Article,OLIVERBALCH,paulkrugman,184
141453,Article,OLIVERBALCH,AndrewSparrow,155
141455,Article,OLIVERBALCH,jillfilipovic,221
141448,Article,OLIVERBALCH,paulkrugman,188
141515,Article,OLIVERBALCH,sermoninstone,13
141462,Article,OLIVERBALCH,GeorgeMonbiot,11
141313,Article,OLIVERBALCH,hannahdev,125
141447,Article,OLIVERBALCH,aleksk,19
141680,Tweet,OLIVERBALCH,parul_sehgal,447
141870,Tweet,OLIVERBALCH,ArthurNeslen,26
141981,Tweet,OLIVERBALCH,vijaysinghTOI,15
141766,Tweet,OLIVERBALCH,williamkeegan,162
141937,Tweet,OLIVERBALCH,lyngardner,100
142042,Tweet,OLIVERBALCH,ArthurNeslen,3
141801,Tweet,OLIVERBALCH,MarinaOLoughlin,6
141709,Tweet,OLIVERBALCH,nnougayrede,285
141947,Tweet,OLIVERBALCH,andybrassell,79
141693,Tweet,OLIVERBALCH,paulkrugman,18
141714,Tweet,OLIVERBALCH,lucysiegle,68
141783,Tweet,OLIVERBALCH,afuahirsch,132
141728,Tweet,OLIVERBALCH,HackneyAbbott,142
142116,Tweet,OLIVERBALCH,ArthurNeslen,5
141593,Tweet,OLIVERBALCH,msmirandasawyer,148
186822,Article,ishajainTOI,digbijaymishra1,4
186912,Article,ishajainTOI,Gauraw2297,101
186880,Article,ishajainTOI,Arv_Ind_Chauhan,63
186839,Article,ishajainTOI,ishajainTOI,1
186771,Article,ishajainTOI,SidharthB25,11
186908,Article,ishajainTOI,aseemsgujar,28
186820,Article,ishajainTOI,SumitraDebRoy,144
186832,Article,ishajainTOI,anandbodhTOI,39
186914,Article,ishajainTOI,rjadHinduBL,9
186916,Article,ishajainTOI,MohitaTOI,34
186829,Article,ishajainTOI,niyatiparikhTOI,160
186854,Article,ishajainTOI,AtulMathur_,17
186758,Article,ishajainTOI,mikeives,88
186717,Article,ishajainTOI,rajendrasTOI,40
186801,Article,ishajainTOI,rjadHinduBL,40
186981,Tweet,ishajainTOI,ishajainTOI,1
186969,Tweet,ishajainTOI,utejonmayamTOI,63
186997,Tweet,ishajainTOI,ishajainTOI,1
186956,Tweet,ishajainTOI,ishajainTOI,1
187028,Tweet,ishajainTOI,ChaitanyadTOI,2
186964,Tweet,ishajainTOI,petleepeter,62
187014,Tweet,ishajainTOI,PNaveenTOI,37
187026,Tweet,ishajainTOI,tripgabriel,182
187041,Tweet,ishajainTOI,anandbodhTOI,41
186966,Tweet,ishajainTOI,journo_vibha,4
187037,Tweet,ishajainTOI,priyagupta999,5
186977,Tweet,ishajainTOI,ishajainTOI,1
186999,Tweet,ishajainTOI,pankajdoval,3
187019,Tweet,ishajainTOI,ishajainTOI,1
187001,Tweet,ishajainTOI,ChaitanyadTOI,4
139750,Article,gracedent,winematcher,11
139625,Article,gracedent,nicklezard,24
139709,Article,gracedent,lyngardner,14
139845,Article,gracedent,winematcher,16
139615,Article,gracedent,FelicityCloake,19
139841,Article,gracedent,winematcher,15
139844,Article,gracedent,jennydeluxe,48
139811,Article,gracedent,MarinaOLoughlin,2
139623,Article,gracedent,winematcher,18
139680,Article,gracedent,alanconnor,5
139832,Article,gracedent,williamkeegan,7
139809,Article,gracedent,winematcher,5
139801,Article,gracedent,RebeccaSeal,5
139747,Article,gracedent,lyngardner,13
139787,Article,gracedent,jayrayner1,8
140169,Tweet,gracedent,genznyt,105
140116,Tweet,gracedent,jhoffman,62
140249,Tweet,gracedent,andybrassell,33
140191,Tweet,gracedent,marthakelner,75
140018,Tweet,gracedent,jennydeluxe,29
140104,Tweet,gracedent,salihughes,130
140384,Tweet,gracedent,salihughes,47
140272,Tweet,gracedent,aleksk,11
139984,Tweet,gracedent,ASoloski,15
140245,Tweet,gracedent,melissaclark,22
140417,Tweet,gracedent,tomdyckhoff,11
139945,Tweet,gracedent,MarinaOLoughlin,9
140198,Tweet,gracedent,melissaclark,90
140050,Tweet,gracedent,elizabday,19
139927,Tweet,gracedent,DeccaJourno,45
138877,Article,mtomasky,paulkrugman,2
138766,Article,mtomasky,mtomasky,1
138816,Article,mtomasky,mtomasky,1
138861,Article,mtomasky,RorySmith,14
138953,Article,mtomasky,paulkrugman,2
138781,Article,mtomasky,paulkrugman,3
138981,Article,mtomasky,paulkrugman,2
138777,Article,mtomasky,OLIVERBALCH,131
138881,Article,mtomasky,paulkrugman,5
138786,Article,mtomasky,paulkrugman,2
138964,Article,mtomasky,mtomasky,1
138768,Article,mtomasky,mtomasky,1
138983,Article,mtomasky,DouthatNYT,2
138925,Article,mtomasky,mtomasky,1
138800,Article,mtomasky,RorySmith,13
139100,Tweet,mtomasky,alexanderburns,41
139238,Tweet,mtomasky,alexvtunzelmann,100
139491,Tweet,mtomasky,RorySmith,7
139165,Tweet,mtomasky,marcatracy,114
139152,Tweet,mtomasky,hillhulse,2
139295,Tweet,mtomasky,kbennhold,36
139447,Tweet,mtomasky,michelleinbklyn,22
139401,Tweet,mtomasky,hugolowell,3
139568,Tweet,mtomasky,sangerkatz,39
139439,Tweet,mtomasky,ggreenwald,3
139280,Tweet,mtomasky,desaisantosh,405
139289,Tweet,mtomasky,GiniaNYT,84
139115,Tweet,mtomasky,MohitaTOI,248
139227,Tweet,mtomasky,mtomasky,1
139094,Tweet,mtomasky,nytdavidbrooks,23
58007,Article,domphillips,jonathanwatts,24
58152,Article,domphillips,thrasherxy,246
58118,Article,domphillips,ameliagentleman,2
58010,Article,domphillips,afuahirsch,97
58074,Article,domphillips,petleepeter,168
58139,Article,domphillips,ewong,43
58059,Article,domphillips,archiebland,98
58243,Article,domphillips,jimwaterson,18
58134,Article,domphillips,declanwalsh,4
58165,Article,domphillips,domphillips,1
58032,Article,domphillips,GeorgeMonbiot,124
58190,Article,domphillips,DawnHFoster,109
58077,Article,domphillips,archiebland,170
58195,Article,domphillips,lucysiegle,8
58166,Article,domphillips,AndrewSparrow,176
58850,Tweet,domphillips,gailcollins,232
58431,Tweet,domphillips,GlennThrush,142
58477,Tweet,domphillips,RorySmith,195
58792,Tweet,domphillips,ukigoni,35
58827,Tweet,domphillips,kbennhold,14
58444,Tweet,domphillips,aleksk,117
58572,Tweet,domphillips,RosySequeiraTOI,212
58734,Tweet,domphillips,nytmike,170
58626,Tweet,domphillips,ArthurNeslen,92
58818,Tweet,domphillips,MiriamElder,65
58421,Tweet,domphillips,DawnHFoster,64
58467,Tweet,domphillips,AshokPradhanTOI,307
58371,Tweet,domphillips,DawnHFoster,14
58783,Tweet,domphillips,vwang3,49
58593,Tweet,domphillips,GovindKMaadTOI,139
25299,Article,carlzimmer,petleepeter,112
25282,Article,carlzimmer,ASoloski,44
25226,Article,carlzimmer,NYTimesCohen,100
25244,Article,carlzimmer,hannahdev,40
25283,Article,carlzimmer,Arun_Ram,11
25215,Article,carlzimmer,gilestremlett,452
25296,Article,carlzimmer,pete_wells,61
25212,Article,carlzimmer,apoorva_nyc,21
25297,Article,carlzimmer,jimwaterson,246
25222,Article,carlzimmer,apoorva_nyc,3
25242,Article,carlzimmer,SharonLNYT,72
25289,Article,carlzimmer,LucyMangan,15
25200,Article,carlzimmer,durgeshjhaTOI,130
25254,Article,carlzimmer,apoorva_nyc,7
25218,Article,carlzimmer,DouthatNYT,144
25391,Tweet,carlzimmer,sandhyanairTOI,139
25347,Tweet,carlzimmer,SribaalaVTOI,442
25380,Tweet,carlzimmer,ginakolata,14
25356,Tweet,carlzimmer,apoorva_nyc,2
25324,Tweet,carlzimmer,jimwaterson,94
25385,Tweet,carlzimmer,damiencave,16
25388,Tweet,carlzimmer,apoorva_nyc,31
25339,Tweet,carlzimmer,EricaLG,223
25379,Tweet,carlzimmer,LFFriedman,56
25362,Tweet,carlzimmer,damiencave,14
25337,Tweet,carlzimmer,genznyt,23
25359,Tweet,carlzimmer,ChaitanyadTOI,2
25312,Tweet,carlzimmer,tomfriedman,105
25334,Tweet,carlzimmer,apoorva_nyc,27
25320,Tweet,carlzimmer,genznyt,25
208888,Article,saumyajitbTOI,saumyajitbTOI,1
208855,Article,saumyajitbTOI,bykaren,136
208897,Article,saumyajitbTOI,sendvictorious,2
208895,Article,saumyajitbTOI,vivek9301,9
208972,Article,saumyajitbTOI,RorySmith,3
208805,Article,saumyajitbTOI,RorySmith,10
208923,Article,saumyajitbTOI,sudeshnagTOI,2
208874,Article,saumyajitbTOI,saumyajitbTOI,1
208905,Article,saumyajitbTOI,RorySmith,2
208791,Article,saumyajitbTOI,saumyajitbTOI,1
208884,Article,saumyajitbTOI,saumyajitbTOI,1
208975,Article,saumyajitbTOI,tushhaikhush,103
208882,Article,saumyajitbTOI,neelam_raaj,16
208906,Article,saumyajitbTOI,RorySmith,3
208950,Article,saumyajitbTOI,saumyajitbTOI,1
209081,Tweet,saumyajitbTOI,saumyajitbTOI,1
209096,Tweet,saumyajitbTOI,AraniBasuTOI,6
209112,Tweet,saumyajitbTOI,saumyajitbTOI,1
209059,Tweet,saumyajitbTOI,saumyajitbTOI,1
209098,Tweet,saumyajitbTOI,ManjuVTOI,13
209091,Tweet,saumyajitbTOI,AniltheMatrix,114
209085,Tweet,saumyajitbTOI,PeterTatchell,85
209109,Tweet,saumyajitbTOI,NYTimesCohen,39
209050,Tweet,saumyajitbTOI,andybrassell,79
209049,Tweet,saumyajitbTOI,MattFutterman,85
209124,Tweet,saumyajitbTOI,NYTimesCohen,12
209073,Tweet,saumyajitbTOI,davidleighx,356
209077,Tweet,saumyajitbTOI,ceciliakang,425
209086,Tweet,saumyajitbTOI,llerer,418
209031,Tweet,saumyajitbTOI,MarcusMergulhao,3
19825,Article,tariqpanja,tariqpanja,1
19818,Article,tariqpanja,stevenerlanger,3
19802,Article,tariqpanja,tariqpanja,1
19806,Article,tariqpanja,RorySmith,2
19870,Article,tariqpanja,NikiKitsantonis,5
19894,Article,tariqpanja,andrewrsorkin,2
19879,Article,tariqpanja,patrickwintour,14
19830,Article,tariqpanja,NYTimesCohen,105
19841,Article,tariqpanja,stevenerlanger,2
19880,Article,tariqpanja,tariqpanja,1
19888,Article,tariqpanja,stevenerlanger,2
19897,Article,tariqpanja,RorySmith,2
19810,Article,tariqpanja,bglendenning,4
19873,Article,tariqpanja,tariqpanja,1
19855,Article,tariqpanja,sermoninstone,85
19958,Tweet,tariqpanja,billywitz,91
19916,Tweet,tariqpanja,RorySmith,2
19934,Tweet,tariqpanja,RorySmith,34
19917,Tweet,tariqpanja,RorySmith,9
19983,Tweet,tariqpanja,davidhepworth,287
19956,Tweet,tariqpanja,bglendenning,64
19982,Tweet,tariqpanja,joshwiddicombe,157
19994,Tweet,tariqpanja,RorySmith,7
19946,Tweet,tariqpanja,RorySmith,9
19910,Tweet,tariqpanja,RorySmith,58
19998,Tweet,tariqpanja,andrewrsorkin,31
19900,Tweet,tariqpanja,kenanmalik,21
19975,Tweet,tariqpanja,RorySmith,2
19907,Tweet,tariqpanja,RorySmith,2
19905,Tweet,tariqpanja,oliverburkeman,281
158788,Article,hugolowell,hugolowell,1
158766,Article,hugolowell,Bencjacobs,4
158907,Article,hugolowell,hugolowell,1
158737,Article,hugolowell,hugolowell,1
158968,Article,hugolowell,declanwalsh,317
158974,Article,hugolowell,hugolowell,1
158775,Article,hugolowell,hugolowell,1
158727,Article,hugolowell,hugolowell,1
158875,Article,hugolowell,hugolowell,1
158947,Article,hugolowell,hugolowell,1
158812,Article,hugolowell,marywalshjourno,4
158796,Article,hugolowell,Bencjacobs,2
158780,Article,hugolowell,hugolowell,1
158949,Article,hugolowell,hugolowell,1
158884,Article,hugolowell,hugolowell,1
159171,Tweet,hugolowell,Bencjacobs,14
159335,Tweet,hugolowell,Bencjacobs,3
159505,Tweet,hugolowell,jennydeluxe,106
159376,Tweet,hugolowell,charlie_savage,2
159485,Tweet,hugolowell,anniekarni,125
159133,Tweet,hugolowell,andrewrawnsley,480
159185,Tweet,hugolowell,ShaneGoldmacher,14
159219,Tweet,hugolowell,lukebroadwater,3
159051,Tweet,hugolowell,hugolowell,1
159058,Tweet,hugolowell,BenWeiserNYT,146
159341,Tweet,hugolowell,rpogrebin,144
159259,Tweet,hugolowell,MiriamElder,27
159059,Tweet,hugolowell,lukebroadwater,5
159412,Tweet,hugolowell,sarahditum,48
159200,Tweet,hugolowell,oliverburkeman,440
206882,Article,rishachitlangia,AshokPradhanTOI,4
206818,Article,rishachitlangia,NewtonSTOI,2
206747,Article,rishachitlangia,SagrikaKissu,6
206837,Article,rishachitlangia,shafaquealamTOI,12
206678,Article,rishachitlangia,rishachitlangia,1
206798,Article,rishachitlangia,rishachitlangia,1
206854,Article,rishachitlangia,rajendrasTOI,20
206689,Article,rishachitlangia,akhileshsTOI,4
206762,Article,rishachitlangia,SwatiMathurTOI,3
206866,Article,rishachitlangia,rishachitlangia,1
206680,Article,rishachitlangia,AtulMathur_,10
206795,Article,rishachitlangia,AtulMathur_,5
206774,Article,rishachitlangia,rishachitlangia,1
206912,Article,rishachitlangia,rajendrasTOI,44
206846,Article,rishachitlangia,NilsPratley,149
206958,Tweet,rishachitlangia,PjJoychen,164
206967,Tweet,rishachitlangia,ArthurNeslen,115
206956,Tweet,rishachitlangia,ASoloski,70
206929,Tweet,rishachitlangia,AjayUgrasTOI,27
206957,Tweet,rishachitlangia,AlokKNMishra,5
206949,Tweet,rishachitlangia,utejonmayamTOI,102
206961,Tweet,rishachitlangia,polblonde,366
206930,Tweet,rishachitlangia,KapildaveTOI,75
206928,Tweet,rishachitlangia,andrew_mueller,126
206966,Tweet,rishachitlangia,RosySequeiraTOI,172
206922,Tweet,rishachitlangia,durgeshjhaTOI,19
206941,Tweet,rishachitlangia,polblonde,281
206938,Tweet,rishachitlangia,naomi2009,92
206948,Tweet,rishachitlangia,AlokKNMishra,10
206924,Tweet,rishachitlangia,ShoebKhanTOI,15
185232,Article,HemantaTOI,AnushkaAsthana,46
185140,Article,HemantaTOI,alexbellos,17
185151,Article,HemantaTOI,KapildaveTOI,8
185190,Article,HemantaTOI,yeshikabudhwar,97
185186,Article,HemantaTOI,vijayVsinghTOI,2
185072,Article,HemantaTOI,anandbodhTOI,12
185204,Article,HemantaTOI,AshokPradhanTOI,9
185134,Article,HemantaTOI,gilestremlett,68
185219,Article,HemantaTOI,AshokPradhanTOI,3
185154,Article,HemantaTOI,RosySequeiraTOI,3
185142,Article,HemantaTOI,sandhyanairTOI,11
185223,Article,HemantaTOI,vijayVsinghTOI,10
185255,Article,HemantaTOI,AditiZero,5
185119,Article,HemantaTOI,AshokPradhanTOI,3
185229,Article,HemantaTOI,AshokPradhanTOI,2
185382,Tweet,HemantaTOI,MujMash,156
185340,Tweet,HemantaTOI,stevenerlanger,36
185337,Tweet,HemantaTOI,AshokPradhanTOI,2
185295,Tweet,HemantaTOI,journo_vibha,185
185311,Tweet,HemantaTOI,SribaalaVTOI,181
185389,Tweet,HemantaTOI,tushhaikhush,120
185338,Tweet,HemantaTOI,murarishetye,31
185372,Tweet,HemantaTOI,desaisantosh,63
185300,Tweet,HemantaTOI,somitsenTOI,106
185359,Tweet,HemantaTOI,PjJoychen,2
185318,Tweet,HemantaTOI,williamkeegan,6
185379,Tweet,HemantaTOI,ChaitanyadTOI,3
185354,Tweet,HemantaTOI,lisamonteiroTOI,4
185378,Tweet,HemantaTOI,AshokPradhanTOI,9
185374,Tweet,HemantaTOI,AshokPradhanTOI,2
9234,Article,jasondhorowitz,IKershner,29
9213,Article,jasondhorowitz,antontroian,53
9251,Article,jasondhorowitz,michaelcrowley,15
9236,Article,jasondhorowitz,patrickwintour,45
9233,Article,jasondhorowitz,anniekarni,17
9253,Article,jasondhorowitz,CeylanWrites,23
9288,Article,jasondhorowitz,NikiKitsantonis,101
9226,Article,jasondhorowitz,hugolowell,159
9278,Article,jasondhorowitz,DouthatNYT,3
9271,Article,jasondhorowitz,NilsPratley,77
9261,Article,jasondhorowitz,parul_sehgal,16
9204,Article,jasondhorowitz,PatrickKingsley,22
9221,Article,jasondhorowitz,saumyajitbTOI,31
9294,Article,jasondhorowitz,dwightgarner,25
9283,Article,jasondhorowitz,tripgabriel,64
9324,Tweet,jasondhorowitz,rachlharris,11
9363,Tweet,jasondhorowitz,SocialQPhilip,51
9351,Tweet,jasondhorowitz,RaphaelMinder,11
9357,Tweet,jasondhorowitz,michaelcrowley,98
9355,Tweet,jasondhorowitz,billywitz,58
9332,Tweet,jasondhorowitz,jhoffman,22
9307,Tweet,jasondhorowitz,stevenerlanger,97
9310,Tweet,jasondhorowitz,aleksk,370
9392,Tweet,jasondhorowitz,genznyt,121
9302,Tweet,jasondhorowitz,NickAtNews,2
9380,Tweet,jasondhorowitz,joncaramanica,237
9362,Tweet,jasondhorowitz,jwpetersNYT,48
9311,Tweet,jasondhorowitz,vanbadham,127
9382,Tweet,jasondhorowitz,nytDeniseGrady,36
9314,Tweet,jasondhorowitz,NYTimesCohen,35
197164,Article,neelam_raaj,ramarkosg,11
197285,Article,neelam_raaj,rjadHinduBL,25
197216,Article,neelam_raaj,NilsPratley,182
197209,Article,neelam_raaj,saumyajitbTOI,3
197305,Article,neelam_raaj,naomi2009,18
197124,Article,neelam_raaj,akhileshsTOI,4
197090,Article,neelam_raaj,DerekMalcolm123,7
197108,Article,neelam_raaj,FelicityCloake,190
197104,Article,neelam_raaj,petleepeter,14
197241,Article,neelam_raaj,jimtankersley,243
197272,Article,neelam_raaj,AditiZero,10
197155,Article,neelam_raaj,rajendrasTOI,94
197167,Article,neelam_raaj,RaphaelMinder,213
197158,Article,neelam_raaj,neelam_raaj,1
197176,Article,neelam_raaj,mohuadazz,3
197347,Tweet,neelam_raaj,oliverburkeman,246
197331,Tweet,neelam_raaj,lucywardsings,263
197348,Tweet,neelam_raaj,toi_ManujaV,2
197322,Tweet,neelam_raaj,saumyajitbTOI,13
197328,Tweet,neelam_raaj,sudeshnagTOI,3
197374,Tweet,neelam_raaj,saumyajitbTOI,29
197329,Tweet,neelam_raaj,desaisantosh,8
197340,Tweet,neelam_raaj,aditya_bh16,14
197336,Tweet,neelam_raaj,dwightgarner,44
197364,Tweet,neelam_raaj,RaphaelMinder,198
197351,Tweet,neelam_raaj,MoharBasu,64
197352,Tweet,neelam_raaj,petleepeter,52
197353,Tweet,neelam_raaj,OfficeGSBrown,195
197358,Tweet,neelam_raaj,ManjuVTOI,18
197341,Tweet,neelam_raaj,SindhukTOI,6
206562,Article,richapintoi,richapintoi,1
206551,Article,richapintoi,mateenHTOI,13
206532,Article,richapintoi,anandbodhTOI,46
206476,Article,richapintoi,anandbodhTOI,34
206543,Article,richapintoi,richapintoi,1
206505,Article,richapintoi,richapintoi,1
206471,Article,richapintoi,sandhyanairTOI,4
206550,Article,richapintoi,palaknandiTOI,7
206541,Article,richapintoi,richapintoi,1
206466,Article,richapintoi,richapintoi,1
206467,Article,richapintoi,007pandey,2
206522,Article,richapintoi,rishachitlangia,3
206498,Article,richapintoi,aseemsgujar,6
206538,Article,richapintoi,richapintoi,1
206528,Article,richapintoi,007pandey,71
206575,Tweet,richapintoi,binays1960,97
206607,Tweet,richapintoi,bykaren,281
206658,Tweet,richapintoi,journo_vibha,35
206602,Tweet,richapintoi,peterbradshaw1,100
206640,Tweet,richapintoi,RosySequeiraTOI,26
206633,Tweet,richapintoi,tomdyckhoff,150
206614,Tweet,richapintoi,journo_vibha,22
206663,Tweet,richapintoi,journo_vibha,25
206592,Tweet,richapintoi,benkenigsberg,125
206584,Tweet,richapintoi,brooksbarnesNYT,359
206609,Tweet,richapintoi,PatrickKingsley,171
206612,Tweet,richapintoi,NikiKitsantonis,118
206613,Tweet,richapintoi,ChaitanyadTOI,20
206671,Tweet,richapintoi,AndrewSparrow,113
206583,Tweet,richapintoi,alexanderburns,135
174243,Article,ArunDev1,ramarkosg,40
174292,Article,ArunDev1,Chethan_Dash,43
174272,Article,ArunDev1,digbijaymishra1,2
174208,Article,ArunDev1,vijayVsinghTOI,38
174229,Article,ArunDev1,akhileshsTOI,30
174223,Article,ArunDev1,ramarkosg,11
174322,Article,ArunDev1,AtulMathur_,4
174306,Article,ArunDev1,FlitterOnFraud,32
174274,Article,ArunDev1,jamesrbuk,41
174230,Article,ArunDev1,PhanindraP_TNIE,4
174366,Article,ArunDev1,vijayVsinghTOI,88
174300,Article,ArunDev1,maheshbTOI,7
174330,Article,ArunDev1,SindhukTOI,9
174248,Article,ArunDev1,JoshuaRozenberg,110
174303,Article,ArunDev1,DekaJayanta,6
174400,Tweet,ArunDev1,billicritic,149
174415,Tweet,ArunDev1,desaisantosh,34
174392,Tweet,ArunDev1,naomi2009,14
174396,Tweet,ArunDev1,saumyajitbTOI,30
174461,Tweet,ArunDev1,Arun_Ram,54
174441,Tweet,ArunDev1,desaisantosh,157
174381,Tweet,ArunDev1,sarahditum,184
174445,Tweet,ArunDev1,damiencave,174
174464,Tweet,ArunDev1,NYTimesCohen,40
174462,Tweet,ArunDev1,andrewrsorkin,68
174375,Tweet,ArunDev1,DerekMalcolm123,29
174454,Tweet,ArunDev1,naomi2009,17
174457,Tweet,ArunDev1,ginakolata,338
174378,Tweet,ArunDev1,winematcher,42
174393,Tweet,ArunDev1,naomi2009,11
187260,Article,itsshibuthomas,RosySequeiraTOI,10
187070,Article,itsshibuthomas,RosySequeiraTOI,2
187151,Article,itsshibuthomas,RosySequeiraTOI,10
187198,Article,itsshibuthomas,yeshikabudhwar,36
187194,Article,itsshibuthomas,vijayVsinghTOI,5
187218,Article,itsshibuthomas,toi_dhananjayM,9
187149,Article,itsshibuthomas,RosySequeiraTOI,4
187173,Article,itsshibuthomas,RosySequeiraTOI,14
187062,Article,itsshibuthomas,KapildaveTOI,30
187249,Article,itsshibuthomas,RosySequeiraTOI,3
187219,Article,itsshibuthomas,KapildaveTOI,13
187042,Article,itsshibuthomas,amitanandTOI,15
187199,Article,itsshibuthomas,amitanandTOI,2
187056,Article,itsshibuthomas,RosySequeiraTOI,5
187183,Article,itsshibuthomas,amitanandTOI,7
187309,Tweet,itsshibuthomas,zwoolfe,163
187342,Tweet,itsshibuthomas,desaisantosh,69
187293,Tweet,itsshibuthomas,petleepeter,130
187312,Tweet,itsshibuthomas,HackneyAbbott,131
187353,Tweet,itsshibuthomas,PerriKlass,223
187364,Tweet,itsshibuthomas,desaisantosh,152
187331,Tweet,itsshibuthomas,DerekMalcolm123,152
187291,Tweet,itsshibuthomas,brooksbarnesNYT,278
187306,Tweet,itsshibuthomas,saumyajitbTOI,219
187334,Tweet,itsshibuthomas,PeterTatchell,21
187348,Tweet,itsshibuthomas,timlottwriter,153
187302,Tweet,itsshibuthomas,polblonde,50
187330,Tweet,itsshibuthomas,polblonde,137
187318,Tweet,itsshibuthomas,TristramHuntVA,100
187347,Tweet,itsshibuthomas,alexbellos,80
212652,Article,smita_mishra,melissaclark,14
212672,Article,smita_mishra,smita_mishra,1
212645,Article,smita_mishra,smita_mishra,1
212742,Article,smita_mishra,jillfilipovic,140
212722,Article,smita_mishra,smita_mishra,1
212669,Article,smita_mishra,pete_wells,67
212726,Article,smita_mishra,007pandey,5
212746,Article,smita_mishra,smita_mishra,1
212762,Article,smita_mishra,vijayVsinghTOI,15
212735,Article,smita_mishra,smita_mishra,1
212702,Article,smita_mishra,FelicityCloake,5
212667,Article,smita_mishra,pete_wells,35
212649,Article,smita_mishra,KSchulten,16
212745,Article,smita_mishra,AlysFowler,2
212767,Article,smita_mishra,pete_wells,6
212798,Tweet,smita_mishra,desaisantosh,3
212856,Tweet,smita_mishra,ollywainwright,39
212829,Tweet,smita_mishra,Crime_Selvaraj,70
212853,Tweet,smita_mishra,smita_mishra,1
212780,Tweet,smita_mishra,ShrinivasaMTOI,3
212825,Tweet,smita_mishra,MoharBasu,10
212840,Tweet,smita_mishra,NYTimesCohen,191
212814,Tweet,smita_mishra,stevenpoole,4
212833,Tweet,smita_mishra,polblonde,272
212836,Tweet,smita_mishra,tejalrao,55
212830,Tweet,smita_mishra,SocialQPhilip,178
212775,Tweet,smita_mishra,Rupalijee,31
212771,Tweet,smita_mishra,ipsinghTOI,172
212792,Tweet,smita_mishra,saumyajitbTOI,9
212778,Tweet,smita_mishra,smita_mishra,1
215875,Article,SyedAkbarTOI,alexbellos,24
215914,Article,SyedAkbarTOI,Chethan_Dash,71
215868,Article,SyedAkbarTOI,durgeshjhaTOI,19
215719,Article,SyedAkbarTOI,hannahdev,56
215733,Article,SyedAkbarTOI,williamnhutton,15
215877,Article,SyedAkbarTOI,durgeshjhaTOI,126
215713,Article,SyedAkbarTOI,parthasinha,12
215828,Article,SyedAkbarTOI,durgeshjhaTOI,51
215863,Article,SyedAkbarTOI,apoorva_nyc,19
215917,Article,SyedAkbarTOI,Chethan_Dash,30
215787,Article,SyedAkbarTOI,SyedAkbarTOI,1
215880,Article,SyedAkbarTOI,DouthatNYT,12
215756,Article,SyedAkbarTOI,Chethan_Dash,79
215808,Article,SyedAkbarTOI,bindiyachariTOI,78
215710,Article,SyedAkbarTOI,DawnHFoster,253
215931,Tweet,SyedAkbarTOI,LauraCummingArt,36
215956,Tweet,SyedAkbarTOI,NYTimesCohen,49
215996,Tweet,SyedAkbarTOI,saumyajitbTOI,12
215998,Tweet,SyedAkbarTOI,kenanmalik,26
215991,Tweet,SyedAkbarTOI,salihughes,30
215975,Tweet,SyedAkbarTOI,smita_mishra,2
215919,Tweet,SyedAkbarTOI,aditya_bh16,44
215954,Tweet,SyedAkbarTOI,dwightgarner,90
215928,Tweet,SyedAkbarTOI,Shilarze_SSR,18
215999,Tweet,SyedAkbarTOI,naomi2009,150
216004,Tweet,SyedAkbarTOI,PatrickKingsley,3
216007,Tweet,SyedAkbarTOI,IKershner,42
215962,Tweet,SyedAkbarTOI,ChaitanyadTOI,76
215993,Tweet,SyedAkbarTOI,LauraCummingArt,53
216009,Tweet,SyedAkbarTOI,PeterTatchell,121
157153,Article,timlottwriter,DawnHFoster,4
157183,Article,timlottwriter,timlottwriter,1
157149,Article,timlottwriter,livia_ar,10
157267,Article,timlottwriter,timlottwriter,1
157198,Article,timlottwriter,timlottwriter,1
157166,Article,timlottwriter,oliverburkeman,8
157201,Article,timlottwriter,timlottwriter,1
157328,Article,timlottwriter,williamkeegan,2
157382,Article,timlottwriter,timlottwriter,1
157361,Article,timlottwriter,thestephmerritt,4
157315,Article,timlottwriter,timlottwriter,1
157268,Article,timlottwriter,timlottwriter,1
157138,Article,timlottwriter,timlottwriter,1
157323,Article,timlottwriter,timlottwriter,1
157180,Article,timlottwriter,timlottwriter,1
157650,Tweet,timlottwriter,lucysiegle,17
157936,Tweet,timlottwriter,alexvtunzelmann,16
157833,Tweet,timlottwriter,timlottwriter,1
157518,Tweet,timlottwriter,davidhepworth,5
157919,Tweet,timlottwriter,NilsPratley,31
157916,Tweet,timlottwriter,TanyaGold1,22
157428,Tweet,timlottwriter,MoharBasu,123
157909,Tweet,timlottwriter,DouthatNYT,23
157558,Tweet,timlottwriter,williamkeegan,3
157602,Tweet,timlottwriter,sendvictorious,2
157710,Tweet,timlottwriter,TanyaGold1,20
157465,Tweet,timlottwriter,steve_hewlett,33
157823,Tweet,timlottwriter,polblonde,8
157633,Tweet,timlottwriter,peterbradshaw1,13
157774,Tweet,timlottwriter,williamkeegan,25
85731,Article,ewenmacaskill,el_belson,55
85732,Article,ewenmacaskill,OwenJones84,60
85670,Article,ewenmacaskill,AndrewSparrow,4
85789,Article,ewenmacaskill,AnushkaAsthana,8
85628,Article,ewenmacaskill,jennydeluxe,55
85727,Article,ewenmacaskill,ewenmacaskill,1
85671,Article,ewenmacaskill,ewenmacaskill,1
85798,Article,ewenmacaskill,lucysiegle,97
85625,Article,ewenmacaskill,AndrewSparrow,20
85665,Article,ewenmacaskill,ewenmacaskill,1
85707,Article,ewenmacaskill,ewenmacaskill,1
85663,Article,ewenmacaskill,ewenmacaskill,1
85782,Article,ewenmacaskill,DeccaJourno,10
85807,Article,ewenmacaskill,ewenmacaskill,1
85718,Article,ewenmacaskill,patrickwintour,2
86333,Tweet,ewenmacaskill,ewenmacaskill,1
86091,Tweet,ewenmacaskill,AndrewSparrow,18
86148,Tweet,ewenmacaskill,greenslader,9
85908,Tweet,ewenmacaskill,julianbarnes,49
86266,Tweet,ewenmacaskill,williamnhutton,9
86121,Tweet,ewenmacaskill,AshokPradhanTOI,44
86278,Tweet,ewenmacaskill,NilsPratley,39
86053,Tweet,ewenmacaskill,tomdyckhoff,5
86174,Tweet,ewenmacaskill,davidhepworth,2
85990,Tweet,ewenmacaskill,AndrewSparrow,2
85929,Tweet,ewenmacaskill,polblonde,27
86007,Tweet,ewenmacaskill,RaphaelMinder,250
86363,Tweet,ewenmacaskill,GRajivTOI,43
86376,Tweet,ewenmacaskill,jwpetersNYT,445
86384,Tweet,ewenmacaskill,DerekMalcolm123,38
84812,Article,ameliagentleman,AnushkaAsthana,20
84957,Article,ameliagentleman,TOISH31,81
84995,Article,ameliagentleman,afuahirsch,6
84987,Article,ameliagentleman,IanCobain,4
84834,Article,ameliagentleman,DeccaJourno,4
84903,Article,ameliagentleman,dwightgarner,488
84786,Article,ameliagentleman,ameliagentleman,1
84908,Article,ameliagentleman,dansabbagh,36
84875,Article,ameliagentleman,DawnHFoster,2
84993,Article,ameliagentleman,ameliagentleman,1
84752,Article,ameliagentleman,leninology,135
84792,Article,ameliagentleman,jennydeluxe,106
84886,Article,ameliagentleman,GeorgeMonbiot,214
84971,Article,ameliagentleman,AnushkaAsthana,14
84782,Article,ameliagentleman,NesrineMalik,62
85586,Tweet,ameliagentleman,elizabday,30
85047,Tweet,ameliagentleman,CeylanWrites,56
85144,Tweet,ameliagentleman,elizabday,42
85034,Tweet,ameliagentleman,hannahdev,4
85117,Tweet,ameliagentleman,RowanMoore,126
85091,Tweet,ameliagentleman,rajatpTOI,270
85008,Tweet,ameliagentleman,jennydeluxe,217
85367,Tweet,ameliagentleman,lucysiegle,14
85389,Tweet,ameliagentleman,Crime_Selvaraj,10
85018,Tweet,ameliagentleman,tomdyckhoff,15
85183,Tweet,ameliagentleman,RaphaelMinder,268
85119,Tweet,ameliagentleman,jennydeluxe,191
85413,Tweet,ameliagentleman,ameliagentleman,1
85600,Tweet,ameliagentleman,andrewrawnsley,188
85369,Tweet,ameliagentleman,Freedland,236
206253,Article,rhymetraveller,amitanandTOI,3
206399,Article,rhymetraveller,npwcnn,62
206367,Article,rhymetraveller,RosySequeiraTOI,3
206227,Article,rhymetraveller,rhymetraveller,1
206398,Article,rhymetraveller,KapildaveTOI,71
206372,Article,rhymetraveller,declanwalsh,82
206174,Article,rhymetraveller,rhymetraveller,1
206343,Article,rhymetraveller,rajendrasTOI,21
206302,Article,rhymetraveller,yeshikabudhwar,8
206319,Article,rhymetraveller,toi_dhananjayM,14
206303,Article,rhymetraveller,rhymetraveller,1
206205,Article,rhymetraveller,KapildaveTOI,35
206298,Article,rhymetraveller,MohitaTOI,85
206273,Article,rhymetraveller,AtulMathur_,37
206217,Article,rhymetraveller,Bencjacobs,363
206461,Tweet,rhymetraveller,dklavaniaTOI,30
206463,Tweet,rhymetraveller,vijaysinghTOI,8
206439,Tweet,rhymetraveller,adamliptak,216
206408,Tweet,rhymetraveller,PNaveenTOI,7
206455,Tweet,rhymetraveller,MoharBasu,23
206437,Tweet,rhymetraveller,alanconnor,85
206429,Tweet,rhymetraveller,KapildaveTOI,109
206424,Tweet,rhymetraveller,pradeeptTOI,9
206446,Tweet,rhymetraveller,adamliptak,72
206454,Tweet,rhymetraveller,ArthurNeslen,23
206430,Tweet,rhymetraveller,lisamonteiroTOI,23
206427,Tweet,rhymetraveller,ChaitanyadTOI,34
206415,Tweet,rhymetraveller,pradeeptTOI,13
206452,Tweet,rhymetraveller,priyagupta999,12
206447,Tweet,rhymetraveller,alanconnor,25
196523,Article,naomi2009,pradeeptTOI,12
196424,Article,naomi2009,stevenerlanger,11
196536,Article,naomi2009,naomi2009,1
196495,Article,naomi2009,sarahlyall,115
196409,Article,naomi2009,rajendrasTOI,5
196585,Article,naomi2009,naomi2009,1
196566,Article,naomi2009,tomdyckhoff,47
196428,Article,naomi2009,ewenmacaskill,2
196516,Article,naomi2009,naomi2009,1
196485,Article,naomi2009,vijayVsinghTOI,21
196418,Article,naomi2009,naomi2009,1
196478,Article,naomi2009,anandbodhTOI,6
196504,Article,naomi2009,DerekMalcolm123,6
196451,Article,naomi2009,AshokPradhanTOI,2
196519,Article,naomi2009,DerekMalcolm123,16
196668,Tweet,naomi2009,gettleman,11
196629,Tweet,naomi2009,NilsPratley,40
196640,Tweet,naomi2009,livia_ar,238
196707,Tweet,naomi2009,naomi2009,1
196654,Tweet,naomi2009,RBReich,54
196642,Tweet,naomi2009,davidleighx,74
196659,Tweet,naomi2009,SagrikaKissu,45
196645,Tweet,naomi2009,alexbellos,176
196702,Tweet,naomi2009,pradeeptTOI,22
196713,Tweet,naomi2009,AndrewSparrow,3
196647,Tweet,naomi2009,DerekMalcolm123,6
196716,Tweet,naomi2009,Lattif,108
196655,Tweet,naomi2009,davidleighx,119
196694,Tweet,naomi2009,williamkeegan,103
196699,Tweet,naomi2009,BawaNaaved,152
12873,Article,marcatracy,ggreenwald,19
12886,Article,marcatracy,andrewrsorkin,2
12808,Article,marcatracy,hillhulse,43
12841,Article,marcatracy,hillhulse,48
12876,Article,marcatracy,lisamonteiroTOI,12
12882,Article,marcatracy,ByJamesWagner,9
12837,Article,marcatracy,jeannasmialek,7
12845,Article,marcatracy,pete_wells,287
12843,Article,marcatracy,RBReich,2
12866,Article,marcatracy,tripgabriel,25
12803,Article,marcatracy,paulkrugman,3
12813,Article,marcatracy,ewong,341
12827,Article,marcatracy,tripgabriel,21
12860,Article,marcatracy,billywitz,3
12890,Article,marcatracy,digbijaymishra1,49
12932,Tweet,marcatracy,GlennThrush,33
12926,Tweet,marcatracy,andrewrsorkin,229
12971,Tweet,marcatracy,jmart,13
12960,Tweet,marcatracy,jhoffman,22
12917,Tweet,marcatracy,Bencjacobs,41
12900,Tweet,marcatracy,wesley_morris,9
12913,Tweet,marcatracy,hugolowell,28
12919,Tweet,marcatracy,MichaelPaulson,32
12943,Tweet,marcatracy,Bencjacobs,7
12988,Tweet,marcatracy,PeterTatchell,209
12958,Tweet,marcatracy,RBReich,49
12964,Tweet,marcatracy,polblonde,266
12976,Tweet,marcatracy,DouthatNYT,27
12975,Tweet,marcatracy,NYTimesCohen,150
12905,Tweet,marcatracy,gailcollins,24
22468,Article,jonpareles,jonpareles,1
22454,Article,jonpareles,jonpareles,1
22428,Article,jonpareles,NYTimesCohen,164
22452,Article,jonpareles,pete_wells,133
22416,Article,jonpareles,jonpareles,1
22460,Article,jonpareles,jonpareles,1
22497,Article,jonpareles,jonpareles,1
22438,Article,jonpareles,jonpareles,1
22455,Article,jonpareles,dwightgarner,19
22495,Article,jonpareles,jonpareles,1
22457,Article,jonpareles,DouthatNYT,28
22448,Article,jonpareles,ASoloski,85
22478,Article,jonpareles,jonpareles,1
22418,Article,jonpareles,DouthatNYT,272
22422,Article,jonpareles,naomi2009,343
22544,Tweet,jonpareles,jonpareles,1
22577,Tweet,jonpareles,jonpareles,1
22585,Tweet,jonpareles,aleksk,5
22578,Tweet,jonpareles,EmilyAnthes,8
22515,Tweet,jonpareles,laurenlaverne,181
22564,Tweet,jonpareles,brooksbarnesNYT,6
22589,Tweet,jonpareles,fmanjoo,5
22580,Tweet,jonpareles,digbijaymishra1,141
22529,Tweet,jonpareles,LizAldermanNYT,290
22569,Tweet,jonpareles,aleksk,3
22543,Tweet,jonpareles,carlzimmer,11
22537,Tweet,jonpareles,alexbellos,146
22550,Tweet,jonpareles,ajaysuraTOI,79
22586,Tweet,jonpareles,MoharBasu,5
22522,Tweet,jonpareles,ceciliakang,42
108714,Article,seaningle,martcrossy,2
108835,Article,seaningle,FabrizioRomano,71
108844,Article,seaningle,toi_dhananjayM,32
108640,Article,seaningle,seaningle,1
108778,Article,seaningle,maevesther,4
108834,Article,seaningle,timlottwriter,197
108703,Article,seaningle,marthakelner,8
108747,Article,seaningle,marthakelner,9
108625,Article,seaningle,marthakelner,9
108762,Article,seaningle,saumyajitbTOI,14
108861,Article,seaningle,timjonze,42
108629,Article,seaningle,jimwaterson,10
108737,Article,seaningle,ewenmacaskill,38
108641,Article,seaningle,seaningle,1
108783,Article,seaningle,jimwaterson,16
108929,Tweet,seaningle,yeshikabudhwar,106
109270,Tweet,seaningle,seaningle,1
109167,Tweet,seaningle,TimdeLisle,93
108975,Tweet,seaningle,sendvictorious,9
109103,Tweet,seaningle,Freedland,43
109093,Tweet,seaningle,el_belson,104
109205,Tweet,seaningle,LauraCummingArt,40
109269,Tweet,seaningle,martcrossy,99
109332,Tweet,seaningle,samrob12,269
109083,Tweet,seaningle,saumyajitbTOI,12
109174,Tweet,seaningle,saumyajitbTOI,5
109163,Tweet,seaningle,shattenstone,2
109281,Tweet,seaningle,RorySmith,31
109422,Tweet,seaningle,bglendenning,6
109156,Tweet,seaningle,bglendenning,2
74210,Article,DerekMalcolm123,davidhepworth,3
74157,Article,DerekMalcolm123,DouthatNYT,3
74049,Article,DerekMalcolm123,peterbradshaw1,15
74138,Article,DerekMalcolm123,DerekMalcolm123,1
74240,Article,DerekMalcolm123,DerekMalcolm123,1
74239,Article,DerekMalcolm123,DerekMalcolm123,1
73999,Article,DerekMalcolm123,billicritic,3
74163,Article,DerekMalcolm123,DerekMalcolm123,1
74161,Article,DerekMalcolm123,DerekMalcolm123,1
74125,Article,DerekMalcolm123,alanconnor,3
74103,Article,DerekMalcolm123,DerekMalcolm123,1
74192,Article,DerekMalcolm123,alexvtunzelmann,2
74137,Article,DerekMalcolm123,DerekMalcolm123,1
74076,Article,DerekMalcolm123,davidhepworth,2
74078,Article,DerekMalcolm123,DouthatNYT,28
74430,Tweet,DerekMalcolm123,steve_hewlett,50
74435,Tweet,DerekMalcolm123,DerekMalcolm123,1
74566,Tweet,DerekMalcolm123,DerekMalcolm123,1
74373,Tweet,DerekMalcolm123,wesley_morris,9
74472,Tweet,DerekMalcolm123,DerekMalcolm123,1
74286,Tweet,DerekMalcolm123,NilsPratley,28
74354,Tweet,DerekMalcolm123,jfordham_jazz,301
74426,Tweet,DerekMalcolm123,timlottwriter,2
74532,Tweet,DerekMalcolm123,DerekMalcolm123,1
74429,Tweet,DerekMalcolm123,salihughes,58
74560,Tweet,DerekMalcolm123,davidhepworth,3
74371,Tweet,DerekMalcolm123,davidhepworth,3
74273,Tweet,DerekMalcolm123,DerekMalcolm123,1
74340,Tweet,DerekMalcolm123,lucysiegle,184
74346,Tweet,DerekMalcolm123,DerekMalcolm123,1
128505,Article,RBReich,RBReich,1
128584,Article,RBReich,RBReich,1
128508,Article,RBReich,RBReich,1
128660,Article,RBReich,sangerkatz,3
128639,Article,RBReich,JessicaValenti,29
128657,Article,RBReich,RBReich,1
128674,Article,RBReich,RBReich,1
128570,Article,RBReich,noamscheiber,4
128670,Article,RBReich,RBReich,1
128564,Article,RBReich,RBReich,1
128510,Article,RBReich,RBReich,1
128558,Article,RBReich,RBReich,1
128554,Article,RBReich,RBReich,1
128561,Article,RBReich,RBReich,1
128719,Article,RBReich,RBReich,1
129193,Tweet,RBReich,ChuBailiang,234
128861,Tweet,RBReich,LizAldermanNYT,188
128758,Tweet,RBReich,RBReich,1
129137,Tweet,RBReich,RBReich,1
128887,Tweet,RBReich,paulkrugman,3
129039,Tweet,RBReich,RBReich,1
129302,Tweet,RBReich,jmart,139
129110,Tweet,RBReich,joncaramanica,59
129144,Tweet,RBReich,paulkrugman,4
128897,Tweet,RBReich,RBReich,1
128970,Tweet,RBReich,RBReich,1
129090,Tweet,RBReich,jeannasmialek,23
129135,Tweet,RBReich,ajaysuraTOI,341
129277,Tweet,RBReich,oliverburkeman,63
129280,Tweet,RBReich,paulkrugman,2
181647,Article,divyapal2013,EVincentelli,14
181634,Article,divyapal2013,debaratisen,10
181790,Article,divyapal2013,divyapal2013,1
181796,Article,divyapal2013,steve_hewlett,53
181812,Article,divyapal2013,shiba_kurian,3
181813,Article,divyapal2013,DerekMalcolm123,38
181643,Article,divyapal2013,debaratisen,3
181734,Article,divyapal2013,divyapal2013,1
181625,Article,divyapal2013,VivianHo,276
181630,Article,divyapal2013,DerekMalcolm123,9
181853,Article,divyapal2013,vijayVsinghTOI,82
181797,Article,divyapal2013,smita_mishra,3
181755,Article,divyapal2013,DerekMalcolm123,10
181638,Article,divyapal2013,steve_hewlett,4
181750,Article,divyapal2013,MoharBasu,4
181951,Tweet,divyapal2013,MichaelPaulson,3
181876,Tweet,divyapal2013,fmanjoo,232
181904,Tweet,divyapal2013,aleksk,247
181967,Tweet,divyapal2013,divyapal2013,1
181902,Tweet,divyapal2013,ManjuVTOI,27
181932,Tweet,divyapal2013,PatriciaMazzei,167
181953,Tweet,divyapal2013,andybrassell,155
181952,Tweet,divyapal2013,MohitaTOI,16
181962,Tweet,divyapal2013,priyagupta999,2
181961,Tweet,divyapal2013,KSchulten,4
181938,Tweet,divyapal2013,jennydeluxe,70
181926,Tweet,divyapal2013,andybrassell,194
181935,Tweet,divyapal2013,VivianHo,87
181924,Tweet,divyapal2013,LucyMangan,3
181905,Tweet,divyapal2013,naomi2009,216
202346,Article,pradeeptTOI,vijayVsinghTOI,6
202336,Article,pradeeptTOI,vijayVsinghTOI,5
202294,Article,pradeeptTOI,parthasinha,18
202310,Article,pradeeptTOI,AtulMathur_,54
202300,Article,pradeeptTOI,rebeccaSTOI,16
202511,Article,pradeeptTOI,NilsPratley,10
202355,Article,pradeeptTOI,amitanandTOI,9
202478,Article,pradeeptTOI,vijayVsinghTOI,2
202484,Article,pradeeptTOI,vijayVsinghTOI,2
202488,Article,pradeeptTOI,vijayVsinghTOI,17
202291,Article,pradeeptTOI,naomi2009,4
202288,Article,pradeeptTOI,KapildaveTOI,4
202367,Article,pradeeptTOI,vijayVsinghTOI,3
202293,Article,pradeeptTOI,anandbodhTOI,2
202459,Article,pradeeptTOI,toi_dhananjayM,10
202548,Tweet,pradeeptTOI,vivek9301,85
202585,Tweet,pradeeptTOI,GRajivTOI,40
202587,Tweet,pradeeptTOI,margaretrenkl,70
202574,Tweet,pradeeptTOI,PNaveenTOI,16
202625,Tweet,pradeeptTOI,binays1960,7
202527,Tweet,pradeeptTOI,LFFriedman,44
202580,Tweet,pradeeptTOI,toi_dhananjayM,13
202531,Tweet,pradeeptTOI,pradeeptTOI,1
202608,Tweet,pradeeptTOI,jeannasmialek,92
202571,Tweet,pradeeptTOI,vijayVsinghTOI,11
202594,Tweet,pradeeptTOI,RosySequeiraTOI,22
202526,Tweet,pradeeptTOI,KapildaveTOI,38
202583,Tweet,pradeeptTOI,vijayVsinghTOI,2
202623,Tweet,pradeeptTOI,Crime_Selvaraj,19
202591,Tweet,pradeeptTOI,rebeccaSTOI,28
83082,Article,DawnHFoster,DawnHFoster,1
83261,Article,DawnHFoster,KateEMcCann,2
83064,Article,DawnHFoster,gabyhinsliff,31
83228,Article,DawnHFoster,DawnHFoster,1
83247,Article,DawnHFoster,DawnHFoster,1
83206,Article,DawnHFoster,DawnHFoster,1
83144,Article,DawnHFoster,lukeharding1968,4
83236,Article,DawnHFoster,HackneyAbbott,45
83193,Article,DawnHFoster,ameliagentleman,6
83168,Article,DawnHFoster,DawnHFoster,1
83229,Article,DawnHFoster,DawnHFoster,1
83263,Article,DawnHFoster,DawnHFoster,1
83287,Article,DawnHFoster,DawnHFoster,1
83067,Article,DawnHFoster,sarahditum,8
83171,Article,DawnHFoster,DawnHFoster,1
83411,Tweet,DawnHFoster,laurenlaverne,89
83749,Tweet,DawnHFoster,leninology,2
83342,Tweet,DawnHFoster,lenoretaylor,12
83684,Tweet,DawnHFoster,mlevenson,179
83457,Tweet,DawnHFoster,rondakaysen,81
83581,Tweet,DawnHFoster,melissaclark,259
83396,Tweet,DawnHFoster,lucywardsings,16
83766,Tweet,DawnHFoster,MarinaOLoughlin,95
83569,Tweet,DawnHFoster,melissaclark,408
83675,Tweet,DawnHFoster,RowanMoore,10
83792,Tweet,DawnHFoster,fmanjoo,46
83677,Tweet,DawnHFoster,thestephmerritt,211
83404,Tweet,DawnHFoster,gailcollins,164
83872,Tweet,DawnHFoster,melissaclark,98
83510,Tweet,DawnHFoster,charltonbrooker,9
211943,Article,SindhukTOI,Crime_Selvaraj,10
211982,Article,SindhukTOI,naomi2009,16
212168,Article,SindhukTOI,Crime_Selvaraj,6
212165,Article,SindhukTOI,Crime_Selvaraj,12
211967,Article,SindhukTOI,mateenHTOI,46
211955,Article,SindhukTOI,ArunDev1,10
212002,Article,SindhukTOI,Crime_Selvaraj,19
211950,Article,SindhukTOI,SindhukTOI,1
212048,Article,SindhukTOI,Crime_Selvaraj,2
211993,Article,SindhukTOI,SindhukTOI,1
212151,Article,SindhukTOI,Crime_Selvaraj,7
211939,Article,SindhukTOI,AmritadTOI,2
211974,Article,SindhukTOI,npwcnn,25
212137,Article,SindhukTOI,PhanindraP_TNIE,7
212153,Article,SindhukTOI,maheshbTOI,21
212227,Tweet,SindhukTOI,MujMash,8
212186,Tweet,SindhukTOI,MujMash,30
212277,Tweet,SindhukTOI,SindhukTOI,1
212282,Tweet,SindhukTOI,SindhukTOI,1
212238,Tweet,SindhukTOI,SindhukTOI,1
212260,Tweet,SindhukTOI,SindhukTOI,1
212192,Tweet,SindhukTOI,petleepeter,49
212274,Tweet,SindhukTOI,SindhukTOI,1
212230,Tweet,SindhukTOI,NikiKitsantonis,13
212199,Tweet,SindhukTOI,bindiyachariTOI,3
212254,Tweet,SindhukTOI,PatrickKingsley,23
212268,Tweet,SindhukTOI,SindhukTOI,1
212232,Tweet,SindhukTOI,SindhukTOI,1
212267,Tweet,SindhukTOI,SindhukTOI,1
212269,Tweet,SindhukTOI,niyatiparikhTOI,50
8403,Article,GlennThrush,peterbakernyt,16
8433,Article,GlennThrush,hillhulse,42
8479,Article,GlennThrush,jimtankersley,59
8495,Article,GlennThrush,BenWeiserNYT,28
8431,Article,GlennThrush,hillhulse,21
8494,Article,GlennThrush,AnaSwanson,57
8420,Article,GlennThrush,AnaSwanson,21
8421,Article,GlennThrush,noamscheiber,46
8406,Article,GlennThrush,ESCochrane,25
8409,Article,GlennThrush,ShaneGoldmacher,15
8457,Article,GlennThrush,marcatracy,34
8440,Article,GlennThrush,adamliptak,28
8466,Article,GlennThrush,reidepstein,20
8414,Article,GlennThrush,hillhulse,13
8408,Article,GlennThrush,hugolowell,40
8520,Tweet,GlennThrush,SocialQPhilip,100
8577,Tweet,GlennThrush,sisario,22
8558,Tweet,GlennThrush,jimtankersley,17
8523,Tweet,GlennThrush,reidepstein,18
8502,Tweet,GlennThrush,hillhulse,33
8530,Tweet,GlennThrush,GlennThrush,1
8553,Tweet,GlennThrush,LFFriedman,17
8540,Tweet,GlennThrush,gailcollins,33
8501,Tweet,GlennThrush,rondakaysen,103
8528,Tweet,GlennThrush,hugolowell,97
8517,Tweet,GlennThrush,RichSandomir,122
8548,Tweet,GlennThrush,genznyt,275
8554,Tweet,GlennThrush,ShaneGoldmacher,24
8582,Tweet,GlennThrush,jmart,4
8534,Tweet,GlennThrush,ESCochrane,25
169888,Article,adwaidh,TOISH31,5
169887,Article,adwaidh,DanielKingChess,2
169857,Article,adwaidh,MarcusMergulhao,22
169870,Article,adwaidh,adwaidh,1
169880,Article,adwaidh,AshokPradhanTOI,16
169894,Article,adwaidh,adwaidh,1
169858,Article,adwaidh,toi_dhananjayM,73
169913,Article,adwaidh,MarcusMergulhao,16
169849,Article,adwaidh,TOISH31,4
169886,Article,adwaidh,sudeshnagTOI,9
169877,Article,adwaidh,vivek9301,24
169911,Article,adwaidh,aniljdias,13
169908,Article,adwaidh,tomfriedman,231
169906,Article,adwaidh,rajendrasTOI,6
169891,Article,adwaidh,jennydeluxe,12
169990,Tweet,adwaidh,livia_ar,238
169936,Tweet,adwaidh,adwaidh,1
169917,Tweet,adwaidh,afuahirsch,28
169980,Tweet,adwaidh,andybrassell,27
169930,Tweet,adwaidh,priyagupta999,9
169973,Tweet,adwaidh,adwaidh,1
169923,Tweet,adwaidh,afuahirsch,29
169928,Tweet,adwaidh,sermoninstone,3
169985,Tweet,adwaidh,petleepeter,20
169961,Tweet,adwaidh,andybrassell,3
169927,Tweet,adwaidh,FabrizioRomano,19
169977,Tweet,adwaidh,adwaidh,1
169924,Tweet,adwaidh,andybrassell,13
169984,Tweet,adwaidh,adwaidh,1
169922,Tweet,adwaidh,andybrassell,15
193379,Article,meeravohraTOI,divyapal2013,3
193532,Article,meeravohraTOI,HemantaTOI,70
193456,Article,meeravohraTOI,divyapal2013,7
193477,Article,meeravohraTOI,debaratisen,5
193495,Article,meeravohraTOI,debaratisen,15
193426,Article,meeravohraTOI,aniljdias,8
193547,Article,meeravohraTOI,ASoloski,102
193418,Article,meeravohraTOI,naomi2009,201
193347,Article,meeravohraTOI,meeravohraTOI,1
193316,Article,meeravohraTOI,debaratisen,3
193422,Article,meeravohraTOI,Crime_Selvaraj,139
193375,Article,meeravohraTOI,SagrikaKissu,2
193326,Article,meeravohraTOI,debaratisen,2
193339,Article,meeravohraTOI,EVincentelli,101
193515,Article,meeravohraTOI,mateenHTOI,115
193620,Tweet,meeravohraTOI,AlokKNMishra,3
193576,Tweet,meeravohraTOI,debaratisen,8
193615,Tweet,meeravohraTOI,priyagupta999,13
193585,Tweet,meeravohraTOI,LucyMangan,27
193592,Tweet,meeravohraTOI,polblonde,195
193562,Tweet,meeravohraTOI,petleepeter,34
193640,Tweet,meeravohraTOI,Shreyanka_M,10
193557,Tweet,meeravohraTOI,ChaitanyadTOI,24
193623,Tweet,meeravohraTOI,benkenigsberg,113
193644,Tweet,meeravohraTOI,meeravohraTOI,1
193556,Tweet,meeravohraTOI,petleepeter,27
193561,Tweet,meeravohraTOI,IKershner,44
193584,Tweet,meeravohraTOI,petleepeter,38
193608,Tweet,meeravohraTOI,OwenJones84,148
193634,Tweet,meeravohraTOI,LauraCummingArt,126
184568,Article,GRajivTOI,anandbodhTOI,28
184439,Article,GRajivTOI,NilsPratley,10
184429,Article,GRajivTOI,AtulMathur_,46
184503,Article,GRajivTOI,rajendrasTOI,22
184529,Article,GRajivTOI,jimwaterson,32
184406,Article,GRajivTOI,kbennhold,188
184558,Article,GRajivTOI,AshokPradhanTOI,4
184387,Article,GRajivTOI,007pandey,36
184385,Article,GRajivTOI,jatinder_tur,2
184461,Article,GRajivTOI,shafaquealamTOI,6
184574,Article,GRajivTOI,declanwalsh,3
184505,Article,GRajivTOI,vijayVsinghTOI,6
184389,Article,GRajivTOI,tomdyckhoff,2
184554,Article,GRajivTOI,toi_dhananjayM,50
184368,Article,GRajivTOI,GRajivTOI,1
184699,Tweet,GRajivTOI,PNaveenTOI,2
184653,Tweet,GRajivTOI,dkarthikTOI,3
184704,Tweet,GRajivTOI,ArthurNeslen,6
184633,Tweet,GRajivTOI,SwatiMathurTOI,25
184660,Tweet,GRajivTOI,vijayVsinghTOI,2
184624,Tweet,GRajivTOI,GRajivTOI,1
184665,Tweet,GRajivTOI,toi_dhananjayM,8
184613,Tweet,GRajivTOI,murarishetyeTOI,119
184705,Tweet,GRajivTOI,GRajivTOI,1
184607,Tweet,GRajivTOI,ArthurNeslen,5
184654,Tweet,GRajivTOI,damiencave,412
184628,Tweet,GRajivTOI,GRajivTOI,1
184701,Tweet,GRajivTOI,ArthurNeslen,3
184638,Tweet,GRajivTOI,PjJoychen,3
184621,Tweet,GRajivTOI,GRajivTOI,1
167948,Article,27saurabhsinha,KapildaveTOI,14
167918,Article,27saurabhsinha,aseemsgujar,4
167860,Article,27saurabhsinha,paulkrugman,16
167824,Article,27saurabhsinha,AtulMathur_,11
167950,Article,27saurabhsinha,RosySequeiraTOI,6
167966,Article,27saurabhsinha,27saurabhsinha,1
167951,Article,27saurabhsinha,27saurabhsinha,1
167992,Article,27saurabhsinha,27saurabhsinha,1
167832,Article,27saurabhsinha,BhanupratapsTOI,3
167760,Article,27saurabhsinha,ManjuVTOI,23
167930,Article,27saurabhsinha,007pandey,17
167794,Article,27saurabhsinha,ManjuVTOI,22
167755,Article,27saurabhsinha,KapildaveTOI,24
167806,Article,27saurabhsinha,naomi2009,14
167988,Article,27saurabhsinha,AtulMathur_,7
168017,Tweet,27saurabhsinha,tejalrao,4
168033,Tweet,27saurabhsinha,PjJoychen,79
168032,Tweet,27saurabhsinha,saumyajitbTOI,71
168087,Tweet,27saurabhsinha,27saurabhsinha,1
168075,Tweet,27saurabhsinha,polblonde,335
168012,Tweet,27saurabhsinha,polblonde,430
168024,Tweet,27saurabhsinha,PrashantrTOI,91
168010,Tweet,27saurabhsinha,ericschmittnyt,99
168011,Tweet,27saurabhsinha,BhanupratapsTOI,53
168029,Tweet,27saurabhsinha,Gauraw2297,6
168018,Tweet,27saurabhsinha,priyagupta999,158
168084,Tweet,27saurabhsinha,ManjuVTOI,7
168063,Tweet,27saurabhsinha,vvfriedman,43
168007,Tweet,27saurabhsinha,BhanupratapsTOI,2
168094,Tweet,27saurabhsinha,BawaNaaved,2
91905,Article,nicholaswatt,shiba_kurian,37
91971,Article,nicholaswatt,AnushkaAsthana,33
91917,Article,nicholaswatt,AnushkaAsthana,7
91916,Article,nicholaswatt,nicholaswatt,1
91839,Article,nicholaswatt,nicholaswatt,1
91883,Article,nicholaswatt,AnushkaAsthana,21
91849,Article,nicholaswatt,marthakelner,4
92022,Article,nicholaswatt,ewenmacaskill,4
91961,Article,nicholaswatt,afuahirsch,149
92019,Article,nicholaswatt,nicholaswatt,1
91924,Article,nicholaswatt,AnushkaAsthana,2
91815,Article,nicholaswatt,nicholaswatt,1
92009,Article,nicholaswatt,AnushkaAsthana,2
91814,Article,nicholaswatt,ewenmacaskill,2
91910,Article,nicholaswatt,nicholaswatt,1
92184,Tweet,nicholaswatt,nicholaswatt,1
92550,Tweet,nicholaswatt,williamkeegan,14
92217,Tweet,nicholaswatt,ArthurNeslen,7
92422,Tweet,nicholaswatt,IKershner,84
92635,Tweet,nicholaswatt,AndrewSparrow,8
92331,Tweet,nicholaswatt,NikiKitsantonis,96
92256,Tweet,nicholaswatt,PeterTatchell,32
92149,Tweet,nicholaswatt,andrewrawnsley,240
92321,Tweet,nicholaswatt,lucysiegle,190
92419,Tweet,nicholaswatt,lucywardsings,109
92136,Tweet,nicholaswatt,JohnJCrace,19
92587,Tweet,nicholaswatt,RorySmith,7
92527,Tweet,nicholaswatt,williamkeegan,82
92128,Tweet,nicholaswatt,dubeyavishek,121
92192,Tweet,nicholaswatt,nicholaswatt,1
177098,Article,BawaNaaved,vijayVsinghTOI,200
177166,Article,BawaNaaved,ThevarSteffy,15
177143,Article,BawaNaaved,amitanandTOI,32
177148,Article,BawaNaaved,SindhukTOI,139
177127,Article,BawaNaaved,AtulMathur_,32
177149,Article,BawaNaaved,digbijaymishra1,112
177140,Article,BawaNaaved,sandhyanairTOI,42
177115,Article,BawaNaaved,SribaalaVTOI,2
177135,Article,BawaNaaved,amitanandTOI,8
177130,Article,BawaNaaved,saumyajitbTOI,140
177156,Article,BawaNaaved,AmritadTOI,15
177141,Article,BawaNaaved,sandhyanairTOI,13
177145,Article,BawaNaaved,mateenHTOI,46
177138,Article,BawaNaaved,AnaSwanson,6
177102,Article,BawaNaaved,vijayVsinghTOI,60
177187,Tweet,BawaNaaved,saumyajitbTOI,7
177204,Tweet,BawaNaaved,BawaNaaved,1
177236,Tweet,BawaNaaved,rajatpTOI,96
177201,Tweet,BawaNaaved,BawaNaaved,1
177209,Tweet,BawaNaaved,SindhukTOI,80
177239,Tweet,BawaNaaved,PatrickKingsley,53
177192,Tweet,BawaNaaved,smita_mishra,11
177256,Tweet,BawaNaaved,tushhaikhush,4
177277,Tweet,BawaNaaved,SindhukTOI,20
177200,Tweet,BawaNaaved,BawaNaaved,1
177237,Tweet,BawaNaaved,BawaNaaved,1
177181,Tweet,BawaNaaved,smita_mishra,195
177233,Tweet,BawaNaaved,ChaitanyadTOI,46
177255,Tweet,BawaNaaved,LauraCummingArt,3
177220,Tweet,BawaNaaved,EllenBarryNYT,27
7861,Article,FrankBruni,paulmasonnews,25
7833,Article,FrankBruni,hillhulse,44
7885,Article,FrankBruni,sangerkatz,8
7897,Article,FrankBruni,paulkrugman,11
7826,Article,FrankBruni,RBReich,4
7822,Article,FrankBruni,anniekarni,80
7812,Article,FrankBruni,peterbakernyt,57
7872,Article,FrankBruni,alexanderburns,23
7814,Article,FrankBruni,FrankBruni,1
7843,Article,FrankBruni,BenRothenberg,13
7839,Article,FrankBruni,anemonanyc,10
7827,Article,FrankBruni,anniekarni,76
7840,Article,FrankBruni,DouthatNYT,3
7832,Article,FrankBruni,gabyhinsliff,104
7817,Article,FrankBruni,jwpetersNYT,3
7968,Tweet,FrankBruni,NYTimesCohen,2
7965,Tweet,FrankBruni,FrankBruni,1
7963,Tweet,FrankBruni,gailcollins,12
7917,Tweet,FrankBruni,anemonanyc,68
7927,Tweet,FrankBruni,paulmasonnews,219
7913,Tweet,FrankBruni,NYTimesCohen,2
7984,Tweet,FrankBruni,GRajivTOI,279
7964,Tweet,FrankBruni,LizAldermanNYT,37
7916,Tweet,FrankBruni,RorySmith,30
7909,Tweet,FrankBruni,nnougayrede,329
7953,Tweet,FrankBruni,gailcollins,3
7945,Tweet,FrankBruni,NYTimesCohen,10
7911,Tweet,FrankBruni,tomfriedman,2
7924,Tweet,FrankBruni,gailcollins,62
7982,Tweet,FrankBruni,toi_rohanA,44
168534,Article,abhishekTWEETS7,jonathanwatts,13
168578,Article,abhishekTWEETS7,AnujaJaiswalTOI,54
168680,Article,abhishekTWEETS7,nauzerbTOI,37
168579,Article,abhishekTWEETS7,dklavaniaTOI,3
168557,Article,abhishekTWEETS7,anandbodhTOI,27
168456,Article,abhishekTWEETS7,yeshikabudhwar,19
168682,Article,abhishekTWEETS7,SribaalaVTOI,72
168612,Article,abhishekTWEETS7,asrpmukeshTOI,69
168593,Article,abhishekTWEETS7,parthasinha,76
168586,Article,abhishekTWEETS7,ManjuVTOI,117
168630,Article,abhishekTWEETS7,007pandey,56
168572,Article,abhishekTWEETS7,SindhukTOI,71
168521,Article,abhishekTWEETS7,saumyajitbTOI,104
168571,Article,abhishekTWEETS7,dklavaniaTOI,82
168691,Article,abhishekTWEETS7,akhileshsTOI,80
168696,Tweet,abhishekTWEETS7,priyagupta999,67
168705,Tweet,abhishekTWEETS7,durgeshjhaTOI,111
168706,Tweet,abhishekTWEETS7,neelam_raaj,66
168738,Tweet,abhishekTWEETS7,ramendrasTOI,20
168701,Tweet,abhishekTWEETS7,rondakaysen,41
168717,Tweet,abhishekTWEETS7,afuahirsch,46
168778,Tweet,abhishekTWEETS7,andybrassell,40
168740,Tweet,abhishekTWEETS7,Shreyanka_M,21
168793,Tweet,abhishekTWEETS7,NYTimesCohen,195
168732,Tweet,abhishekTWEETS7,andybrassell,33
168777,Tweet,abhishekTWEETS7,vanbadham,41
168791,Tweet,abhishekTWEETS7,AnujaJaiswalTOI,153
168747,Tweet,abhishekTWEETS7,tushhaikhush,24
168704,Tweet,abhishekTWEETS7,LeoHickman,49
168751,Tweet,abhishekTWEETS7,rishachitlangia,143
42242,Article,JessicaValenti,JessicaValenti,1
42301,Article,JessicaValenti,MonaChalabi,18
42360,Article,JessicaValenti,oliverburkeman,4
42198,Article,JessicaValenti,JessicaValenti,1
42308,Article,JessicaValenti,hugolowell,115
42207,Article,JessicaValenti,JessicaValenti,1
42366,Article,JessicaValenti,JessicaValenti,1
42311,Article,JessicaValenti,DouthatNYT,35
42199,Article,JessicaValenti,JessicaValenti,1
42293,Article,JessicaValenti,JessicaValenti,1
42295,Article,JessicaValenti,oliverburkeman,4
42334,Article,JessicaValenti,JessicaValenti,1
42400,Article,JessicaValenti,mtomasky,2
42279,Article,JessicaValenti,JessicaValenti,1
42220,Article,JessicaValenti,JessicaValenti,1
42548,Tweet,JessicaValenti,jennydeluxe,6
42492,Tweet,JessicaValenti,sangerkatz,157
42620,Tweet,JessicaValenti,RBReich,54
42636,Tweet,JessicaValenti,hillhulse,47
42818,Tweet,JessicaValenti,ceciliakang,54
42515,Tweet,JessicaValenti,annanorthtweets,5
42910,Tweet,JessicaValenti,VivianHo,198
42475,Tweet,JessicaValenti,alexanderburns,138
42600,Tweet,JessicaValenti,charlie_savage,50
42608,Tweet,JessicaValenti,GlennThrush,238
42779,Tweet,JessicaValenti,aleksk,2
42577,Tweet,JessicaValenti,adamliptak,128
42467,Tweet,JessicaValenti,RachelDonadio,37
42925,Tweet,JessicaValenti,joncaramanica,2
42622,Tweet,JessicaValenti,joshwiddicombe,480
147347,Article,polblonde,oliverburkeman,18
147346,Article,polblonde,kenanmalik,21
147362,Article,polblonde,KeithBradsher,323
147353,Article,polblonde,afuahirsch,189
147363,Article,polblonde,sarahditum,113
147320,Article,polblonde,greenslader,20
147289,Article,polblonde,HackneyAbbott,24
147318,Article,polblonde,williamkeegan,4
147271,Article,polblonde,greenslader,3
147309,Article,polblonde,williamkeegan,10
147378,Article,polblonde,AndrewSparrow,26
147365,Article,polblonde,jameskanter,435
147255,Article,polblonde,nicklezard,23
147298,Article,polblonde,GeorgeMonbiot,67
147299,Article,polblonde,andybrassell,240
147427,Tweet,polblonde,jfordham_jazz,99
147384,Tweet,polblonde,polblonde,1
147676,Tweet,polblonde,hannahdev,62
147832,Tweet,polblonde,jfordham_jazz,226
147702,Tweet,polblonde,SocialQPhilip,28
147824,Tweet,polblonde,polblonde,1
147451,Tweet,polblonde,williamkeegan,14
147922,Tweet,polblonde,sendvictorious,14
147738,Tweet,polblonde,polblonde,1
147417,Tweet,polblonde,oliverburkeman,56
147735,Tweet,polblonde,andrewrawnsley,69
147781,Tweet,polblonde,williamkeegan,16
147656,Tweet,polblonde,salihughes,49
147872,Tweet,polblonde,polblonde,1
147549,Tweet,polblonde,davidhepworth,25
86517,Article,salihughes,salihughes,1
86456,Article,salihughes,el_belson,106
86576,Article,salihughes,AlysFowler,4
86515,Article,salihughes,salihughes,1
86694,Article,salihughes,salihughes,1
86513,Article,salihughes,sarahditum,3
86684,Article,salihughes,salihughes,1
86647,Article,salihughes,salihughes,1
86465,Article,salihughes,salihughes,1
86510,Article,salihughes,salihughes,1
86494,Article,salihughes,salihughes,1
86474,Article,salihughes,winematcher,246
86589,Article,salihughes,NilsPratley,7
86468,Article,salihughes,alanconnor,3
86461,Article,salihughes,steve_hewlett,2
86761,Tweet,salihughes,jillfilipovic,362
87152,Tweet,salihughes,davidhepworth,49
87297,Tweet,salihughes,melissaclark,79
86747,Tweet,salihughes,bglendenning,34
87147,Tweet,salihughes,KateEMcCann,5
86919,Tweet,salihughes,afuahirsch,30
86930,Tweet,salihughes,tomdyckhoff,11
86849,Tweet,salihughes,steve_hewlett,30
86703,Tweet,salihughes,KateEMcCann,33
87187,Tweet,salihughes,alexbellos,3
87261,Tweet,salihughes,hadleyfreeman,132
86765,Tweet,salihughes,vvfriedman,355
86848,Tweet,salihughes,NewtonSTOI,127
86710,Tweet,salihughes,MarinaOLoughlin,22
87257,Tweet,salihughes,davidhepworth,4
29885,Article,tarasbernard,paulkrugman,18
29809,Article,tarasbernard,andrewrsorkin,11
29838,Article,tarasbernard,jillfilipovic,25
29869,Article,tarasbernard,sangerkatz,18
29855,Article,tarasbernard,ESCochrane,52
29857,Article,tarasbernard,paulkrugman,16
29896,Article,tarasbernard,RBReich,9
29804,Article,tarasbernard,marywalshjourno,45
29854,Article,tarasbernard,jimtankersley,10
29875,Article,tarasbernard,jeannasmialek,13
29831,Article,tarasbernard,parthasinha,77
29880,Article,tarasbernard,parul_sehgal,364
29817,Article,tarasbernard,aseemsgujar,8
29871,Article,tarasbernard,ajaysuraTOI,33
29873,Article,tarasbernard,BawaNaaved,32
29956,Tweet,tarasbernard,JessicaValenti,61
29967,Tweet,tarasbernard,we_are_food,279
29962,Tweet,tarasbernard,aseemsgujar,15
29914,Tweet,tarasbernard,ggreenwald,87
29941,Tweet,tarasbernard,gracedent,91
29903,Tweet,tarasbernard,jeannasmialek,9
29910,Tweet,tarasbernard,LucyMangan,222
29957,Tweet,tarasbernard,RBReich,13
29973,Tweet,tarasbernard,RBReich,14
29931,Tweet,tarasbernard,paulkrugman,4
29984,Tweet,tarasbernard,jennydeluxe,75
29951,Tweet,tarasbernard,elizabday,281
29966,Tweet,tarasbernard,RosySequeiraTOI,278
29993,Tweet,tarasbernard,DerekMalcolm123,287
29954,Tweet,tarasbernard,michelleinbklyn,70
2484,Article,Azi,ggreenwald,7
2410,Article,Azi,ArthurNeslen,235
2489,Article,Azi,paulkrugman,147
2427,Article,Azi,ESCochrane,29
2437,Article,Azi,RBReich,10
2404,Article,Azi,ESCochrane,192
2495,Article,Azi,adamliptak,35
2461,Article,Azi,rebeccaSTOI,39
2468,Article,Azi,NikiKitsantonis,317
2459,Article,Azi,IanCobain,88
2490,Article,Azi,jeannasmialek,29
2473,Article,Azi,tripgabriel,6
2440,Article,Azi,el_belson,34
2491,Article,Azi,emmabrockes,388
2483,Article,Azi,gilestremlett,196
2560,Tweet,Azi,jmart,6
2593,Tweet,Azi,gailcollins,14
2544,Tweet,Azi,alexanderburns,6
2577,Tweet,Azi,aleksk,175
2570,Tweet,Azi,MaggieAstor,13
2516,Tweet,Azi,alanfeuer,29
2541,Tweet,Azi,Bencjacobs,17
2517,Tweet,Azi,lukebroadwater,16
2585,Tweet,Azi,SocialQPhilip,73
2506,Tweet,Azi,jeannasmialek,2
2566,Tweet,Azi,jmart,18
2511,Tweet,Azi,jmart,7
2505,Tweet,Azi,brooksbarnesNYT,33
2514,Tweet,Azi,gailcollins,52
2518,Tweet,Azi,Bencjacobs,5
205610,Article,rashmidTOI,Crime_Selvaraj,38
205472,Article,rashmidTOI,vijayVsinghTOI,8
205551,Article,rashmidTOI,AtulMathur_,6
205593,Article,rashmidTOI,Chethan_Dash,2
205596,Article,rashmidTOI,noamscheiber,211
205614,Article,rashmidTOI,DekaJayanta,19
205532,Article,rashmidTOI,anandbodhTOI,4
205562,Article,rashmidTOI,naomi2009,8
205525,Article,rashmidTOI,yeshikabudhwar,9
205640,Article,rashmidTOI,Crime_Selvaraj,5
205575,Article,rashmidTOI,pankajdoval,14
205547,Article,rashmidTOI,Chethan_Dash,2
205698,Article,rashmidTOI,KapildaveTOI,29
205512,Article,rashmidTOI,niyatiparikhTOI,12
205557,Article,rashmidTOI,SribaalaVTOI,61
205802,Tweet,rashmidTOI,PjJoychen,61
205762,Tweet,rashmidTOI,davidleighx,345
205785,Tweet,rashmidTOI,journo_vibha,53
205781,Tweet,rashmidTOI,vijayVsinghTOI,43
205807,Tweet,rashmidTOI,ChaitanyadTOI,9
205736,Tweet,rashmidTOI,PjJoychen,16
205792,Tweet,rashmidTOI,desaisantosh,16
205729,Tweet,rashmidTOI,SindhukTOI,12
205795,Tweet,rashmidTOI,amitanandTOI,70
205714,Tweet,rashmidTOI,SindhukTOI,17
205782,Tweet,rashmidTOI,SocialQPhilip,402
205742,Tweet,rashmidTOI,ameliagentleman,51
205768,Tweet,rashmidTOI,ShrinivasaMTOI,15
205721,Tweet,rashmidTOI,Arun_Ram,4
205790,Tweet,rashmidTOI,HinaRohtaki,23
205232,Article,ramendrasTOI,PjJoychen,7
205201,Article,ramendrasTOI,durgeshjhaTOI,74
205228,Article,ramendrasTOI,RBReich,295
205258,Article,ramendrasTOI,rajatpTOI,6
205323,Article,ramendrasTOI,asrpmukeshTOI,29
205394,Article,ramendrasTOI,KapildaveTOI,7
205225,Article,ramendrasTOI,TOISH31,2
205233,Article,ramendrasTOI,007pandey,7
205214,Article,ramendrasTOI,PhanindraP_TNIE,10
205322,Article,ramendrasTOI,nauzerbTOI,32
205397,Article,ramendrasTOI,smita_mishra,76
205360,Article,ramendrasTOI,nandinisgTOI,26
205318,Article,ramendrasTOI,Arun_Ram,86
205361,Article,ramendrasTOI,saumyajitbTOI,102
205355,Article,ramendrasTOI,rajatpTOI,2
205415,Tweet,ramendrasTOI,mateenHTOI,3
205464,Tweet,ramendrasTOI,PNaveenTOI,15
205419,Tweet,ramendrasTOI,TOISH31,2
205465,Tweet,ramendrasTOI,alexmarshall81,117
205423,Tweet,ramendrasTOI,bindiyachariTOI,47
205453,Tweet,ramendrasTOI,TOISH31,3
205445,Tweet,ramendrasTOI,polblonde,181
205459,Tweet,ramendrasTOI,neelam_raaj,223
205447,Tweet,ramendrasTOI,polblonde,303
205455,Tweet,ramendrasTOI,PNaveenTOI,2
205434,Tweet,ramendrasTOI,rajatpTOI,3
205435,Tweet,ramendrasTOI,TOISH31,4
205427,Tweet,ramendrasTOI,mateenHTOI,5
205416,Tweet,ramendrasTOI,MujMash,4
205411,Tweet,ramendrasTOI,mateenHTOI,4
60649,Article,winematcher,winematcher,1
60644,Article,winematcher,winematcher,1
60433,Article,winematcher,winematcher,1
60503,Article,winematcher,winematcher,1
60575,Article,winematcher,salihughes,7
60492,Article,winematcher,winematcher,1
60441,Article,winematcher,winematcher,1
60668,Article,winematcher,winematcher,1
60450,Article,winematcher,winematcher,1
60449,Article,winematcher,winematcher,1
60675,Article,winematcher,VivianHo,104
60633,Article,winematcher,MarinaHyde,146
60493,Article,winematcher,RBReich,167
60442,Article,winematcher,winematcher,1
60458,Article,winematcher,winematcher,1
61182,Tweet,winematcher,andybrassell,76
61057,Tweet,winematcher,timatkin,4
61058,Tweet,winematcher,timatkin,14
60908,Tweet,winematcher,timatkin,3
61003,Tweet,winematcher,KateEMcCann,11
61024,Tweet,winematcher,steve_hewlett,97
60706,Tweet,winematcher,lyngardner,94
61219,Tweet,winematcher,jennydeluxe,207
60767,Tweet,winematcher,annanorthtweets,86
61111,Tweet,winematcher,BenRothenberg,124
60851,Tweet,winematcher,davidhepworth,41
60983,Tweet,winematcher,saumyajitbTOI,27
60805,Tweet,winematcher,winematcher,1
60773,Tweet,winematcher,jatinder_tur,7
60962,Tweet,winematcher,mohuadazz,80
163378,Article,nnougayrede,mtomasky,29
163340,Article,nnougayrede,philipoltermann,5
163299,Article,nnougayrede,paulmasonnews,6
163346,Article,nnougayrede,OwenJones84,125
163321,Article,nnougayrede,jillfilipovic,24
163350,Article,nnougayrede,NesrineMalik,179
163324,Article,nnougayrede,DouthatNYT,9
163294,Article,nnougayrede,RBReich,288
163290,Article,nnougayrede,williamkeegan,34
163363,Article,nnougayrede,AnushkaAsthana,146
163364,Article,nnougayrede,petleepeter,317
163221,Article,nnougayrede,williamnhutton,69
163392,Article,nnougayrede,JohnJCrace,53
163218,Article,nnougayrede,paulmasonnews,24
163295,Article,nnougayrede,jillfilipovic,109
163990,Tweet,nnougayrede,genznyt,17
163872,Tweet,nnougayrede,nnougayrede,1
163818,Tweet,nnougayrede,michelleinbklyn,222
163634,Tweet,nnougayrede,tomfriedman,8
163795,Tweet,nnougayrede,omjasvinTOI,89
163430,Tweet,nnougayrede,ukigoni,3
163514,Tweet,nnougayrede,williamkeegan,16
163656,Tweet,nnougayrede,rebeccaSTOI,19
163936,Tweet,nnougayrede,PeterTatchell,11
163499,Tweet,nnougayrede,nnougayrede,1
163922,Tweet,nnougayrede,charlie_savage,103
163965,Tweet,nnougayrede,ajaysuraTOI,7
163417,Tweet,nnougayrede,RaphaelMinder,3
163851,Tweet,nnougayrede,williamkeegan,23
163824,Tweet,nnougayrede,polblonde,32
30053,Article,PerriKlass,PerriKlass,1
30010,Article,PerriKlass,DouthatNYT,22
30097,Article,PerriKlass,PerriKlass,1
30078,Article,PerriKlass,RoniNYTimes,11
30079,Article,PerriKlass,apoorva_nyc,9
30006,Article,PerriKlass,PerriKlass,1
30048,Article,PerriKlass,KSchulten,8
30085,Article,PerriKlass,bykaren,10
30066,Article,PerriKlass,kenanmalik,61
30025,Article,PerriKlass,durgeshjhaTOI,229
30023,Article,PerriKlass,IAmTimDowling,164
30089,Article,PerriKlass,nytdavidbrooks,2
30099,Article,PerriKlass,PerriKlass,1
30001,Article,PerriKlass,cdcaron,17
30035,Article,PerriKlass,apoorva_nyc,3
30136,Tweet,PerriKlass,PerriKlass,1
30122,Tweet,PerriKlass,EVincentelli,31
30140,Tweet,PerriKlass,chrishughes,4
30131,Tweet,PerriKlass,genznyt,51
30110,Tweet,PerriKlass,fmanjoo,294
30153,Tweet,PerriKlass,priyagupta999,135
30188,Tweet,PerriKlass,bylizrobbins,116
30106,Tweet,PerriKlass,carlzimmer,14
30170,Tweet,PerriKlass,PerriKlass,1
30146,Tweet,PerriKlass,genznyt,478
30126,Tweet,PerriKlass,Mahafreed_Irani,80
30172,Tweet,PerriKlass,priyagupta999,8
30179,Tweet,PerriKlass,chrishughes,146
30108,Tweet,PerriKlass,bykaren,10
30135,Tweet,PerriKlass,vvfriedman,186
24693,Article,tripgabriel,anniekarni,4
24653,Article,tripgabriel,jwpetersNYT,8
24676,Article,tripgabriel,jeannasmialek,11
24632,Article,tripgabriel,livia_ar,189
24635,Article,tripgabriel,hillhulse,4
24640,Article,tripgabriel,hugolowell,11
24616,Article,tripgabriel,Bencjacobs,16
24659,Article,tripgabriel,hillhulse,2
24684,Article,tripgabriel,jmart,9
24655,Article,tripgabriel,ESCochrane,8
24664,Article,tripgabriel,hillhulse,3
24650,Article,tripgabriel,RBReich,17
24679,Article,tripgabriel,ESCochrane,5
24678,Article,tripgabriel,hillhulse,4
24633,Article,tripgabriel,marywalshjourno,21
24793,Tweet,tripgabriel,joncaramanica,139
24720,Tweet,tripgabriel,NikiKitsantonis,46
24790,Tweet,tripgabriel,SharonLNYT,11
24799,Tweet,tripgabriel,JessicaValenti,343
24724,Tweet,tripgabriel,gailcollins,43
24758,Tweet,tripgabriel,paulkrugman,32
24792,Tweet,tripgabriel,RBReich,119
24701,Tweet,tripgabriel,polblonde,342
24739,Tweet,tripgabriel,ditzkoff,94
24723,Tweet,tripgabriel,charlie_savage,22
24753,Tweet,tripgabriel,hillhulse,10
24782,Tweet,tripgabriel,reidepstein,5
24729,Tweet,tripgabriel,AshokPradhanTOI,10
24740,Tweet,tripgabriel,hugolowell,20
24757,Tweet,tripgabriel,ShaneGoldmacher,19
159614,Article,williamkeegan,williamkeegan,1
159778,Article,williamkeegan,attackerman,258
159748,Article,williamkeegan,bglendenning,228
159605,Article,williamkeegan,williamkeegan,1
159776,Article,williamkeegan,williamkeegan,1
159752,Article,williamkeegan,IanCobain,242
159598,Article,williamkeegan,williamkeegan,1
159574,Article,williamkeegan,williamkeegan,1
159627,Article,williamkeegan,williamkeegan,1
159686,Article,williamkeegan,williamkeegan,1
159587,Article,williamkeegan,williamkeegan,1
159780,Article,williamkeegan,williamkeegan,1
159652,Article,williamkeegan,williamkeegan,1
159573,Article,williamkeegan,NilsPratley,2
159595,Article,williamkeegan,NilsPratley,2
160162,Tweet,williamkeegan,williamkeegan,1
160072,Tweet,williamkeegan,NYTimesCohen,2
159809,Tweet,williamkeegan,SocialQPhilip,17
159902,Tweet,williamkeegan,williamkeegan,1
159861,Tweet,williamkeegan,williamkeegan,1
159871,Tweet,williamkeegan,williamkeegan,1
160047,Tweet,williamkeegan,williamkeegan,1
159958,Tweet,williamkeegan,davidhepworth,2
159874,Tweet,williamkeegan,williamkeegan,1
159890,Tweet,williamkeegan,williamkeegan,1
160060,Tweet,williamkeegan,williamkeegan,1
159853,Tweet,williamkeegan,alexvtunzelmann,2
160028,Tweet,williamkeegan,williamkeegan,1
160008,Tweet,williamkeegan,williamkeegan,1
160074,Tweet,williamkeegan,steve_hewlett,2
48817,Article,nmcintosh,RorySmith,55
48902,Article,nmcintosh,davidleighx,3
48793,Article,nmcintosh,nmcintosh,1
48740,Article,nmcintosh,aleksk,7
48842,Article,nmcintosh,tomdyckhoff,21
48784,Article,nmcintosh,davidhepworth,12
48872,Article,nmcintosh,DouthatNYT,116
48756,Article,nmcintosh,AnushkaAsthana,99
48941,Article,nmcintosh,sunny_hundal,8
48789,Article,nmcintosh,steve_hewlett,15
48869,Article,nmcintosh,steve_hewlett,3
48867,Article,nmcintosh,salihughes,6
48929,Article,nmcintosh,davidleighx,95
48701,Article,nmcintosh,laurenlaverne,19
48874,Article,nmcintosh,afuahirsch,160
49401,Tweet,nmcintosh,wesley_morris,7
49513,Tweet,nmcintosh,laurenlaverne,95
49422,Tweet,nmcintosh,RorySmith,33
49195,Tweet,nmcintosh,RorySmith,37
49491,Tweet,nmcintosh,PeterTatchell,50
49429,Tweet,nmcintosh,vvfriedman,208
49285,Tweet,nmcintosh,martcrossy,24
49070,Tweet,nmcintosh,lyngardner,16
49337,Tweet,nmcintosh,attackerman,227
49117,Tweet,nmcintosh,alanconnor,58
49441,Tweet,nmcintosh,jonronson,24
49347,Tweet,nmcintosh,sendvictorious,9
49484,Tweet,nmcintosh,vvfriedman,69
49477,Tweet,nmcintosh,PeterTatchell,65
49028,Tweet,nmcintosh,nnougayrede,77
213019,Article,somitsenTOI,minatisinghaTOI,16
213051,Article,somitsenTOI,journo_vibha,10
213021,Article,somitsenTOI,durgeshjhaTOI,69
212984,Article,somitsenTOI,mateenHTOI,25
213091,Article,somitsenTOI,AlokKNMishra,13
212880,Article,somitsenTOI,naomi2009,82
212936,Article,somitsenTOI,RosySequeiraTOI,29
213023,Article,somitsenTOI,GRajivTOI,46
212884,Article,somitsenTOI,rebeccaSTOI,2
212980,Article,somitsenTOI,journo_vibha,39
213056,Article,somitsenTOI,journo_vibha,33
213090,Article,somitsenTOI,naomi2009,110
212909,Article,somitsenTOI,vijayVsinghTOI,112
213097,Article,somitsenTOI,sandhyanairTOI,14
212873,Article,somitsenTOI,dkarthikTOI,20
213196,Tweet,somitsenTOI,IKershner,5
213157,Tweet,somitsenTOI,LFFriedman,108
213187,Tweet,somitsenTOI,somitsenTOI,1
213127,Tweet,somitsenTOI,SwatiShindeTOI,5
213200,Tweet,somitsenTOI,meeravohraTOI,148
213191,Tweet,somitsenTOI,KapildaveTOI,53
213161,Tweet,somitsenTOI,NishikantkTOI,37
213183,Tweet,somitsenTOI,polblonde,355
213154,Tweet,somitsenTOI,tripgabriel,105
213206,Tweet,somitsenTOI,somitsenTOI,1
213148,Tweet,somitsenTOI,KTVinobhaTOI,7
213146,Tweet,somitsenTOI,dansabbagh,130
213204,Tweet,somitsenTOI,billicritic,4
213163,Tweet,somitsenTOI,MichaelWhite,12
213125,Tweet,somitsenTOI,priyagupta999,22
25068,Article,bencasselman,jeannasmialek,3
25004,Article,bencasselman,kenanmalik,237
25091,Article,bencasselman,bencasselman,1
25098,Article,bencasselman,RBReich,4
25036,Article,bencasselman,NilsPratley,8
25085,Article,bencasselman,jeannasmialek,4
25030,Article,bencasselman,RBReich,6
25011,Article,bencasselman,jimtankersley,2
25039,Article,bencasselman,jimtankersley,4
25094,Article,bencasselman,NilsPratley,15
25086,Article,bencasselman,andrewrsorkin,3
25018,Article,bencasselman,KapildaveTOI,8
25037,Article,bencasselman,jimtankersley,7
25061,Article,bencasselman,sangerkatz,3
25003,Article,bencasselman,jeannasmialek,13
25163,Tweet,bencasselman,RBReich,4
25124,Tweet,bencasselman,davidhepworth,237
25107,Tweet,bencasselman,paulkrugman,2
25162,Tweet,bencasselman,jeannasmialek,3
25140,Tweet,bencasselman,paulkrugman,3
25198,Tweet,bencasselman,bencasselman,1
25185,Tweet,bencasselman,DouthatNYT,4
25166,Tweet,bencasselman,salihughes,303
25176,Tweet,bencasselman,paulkrugman,7
25134,Tweet,bencasselman,jeannasmialek,2
25142,Tweet,bencasselman,bencasselman,1
25195,Tweet,bencasselman,paulmasonnews,3
25174,Tweet,bencasselman,parthasinha,15
25152,Tweet,bencasselman,paulkrugman,2
25169,Tweet,bencasselman,fmanjoo,157
21858,Article,gettleman,gettleman,1
21861,Article,gettleman,RachelDonadio,81
21854,Article,gettleman,AlokKNMishra,18
21894,Article,gettleman,PatrickKingsley,13
21881,Article,gettleman,rajatpTOI,9
21810,Article,gettleman,NYTBen,8
21871,Article,gettleman,gettleman,1
21898,Article,gettleman,NikiKitsantonis,8
21891,Article,gettleman,gettleman,1
21893,Article,gettleman,KeithBradsher,2
21827,Article,gettleman,DouthatNYT,57
21807,Article,gettleman,rajatpTOI,3
21830,Article,gettleman,AtulMathur_,40
21897,Article,gettleman,NikiKitsantonis,6
21823,Article,gettleman,akhileshsTOI,12
21950,Tweet,gettleman,ShaneGoldmacher,115
21961,Tweet,gettleman,ajaysuraTOI,4
21976,Tweet,gettleman,priyagupta999,25
21926,Tweet,gettleman,alexmarshall81,27
21992,Tweet,gettleman,PNaveenTOI,83
21904,Tweet,gettleman,007pandey,75
21954,Tweet,gettleman,antontroian,12
21975,Tweet,gettleman,aleksk,304
21917,Tweet,gettleman,stevenerlanger,27
21994,Tweet,gettleman,AraniBasuTOI,17
21969,Tweet,gettleman,Lattif,6
21928,Tweet,gettleman,PNaveenTOI,4
21931,Tweet,gettleman,farnazfassihi,3
21965,Tweet,gettleman,polblonde,147
21958,Tweet,gettleman,jonathanwatts,106
156494,Article,JohnJCrace,patrickwintour,35
156437,Article,JohnJCrace,AndrewSparrow,10
156518,Article,JohnJCrace,williamkeegan,148
156445,Article,JohnJCrace,hugolowell,40
156370,Article,JohnJCrace,DeccaJourno,6
156436,Article,JohnJCrace,NesrineMalik,20
156382,Article,JohnJCrace,MarinaOLoughlin,28
156408,Article,JohnJCrace,DeccaJourno,7
156361,Article,JohnJCrace,OwenJones84,6
156459,Article,JohnJCrace,rachshabi,15
156429,Article,JohnJCrace,timatkin,2
156400,Article,JohnJCrace,greenslader,25
156434,Article,JohnJCrace,AndrewSparrow,4
156439,Article,JohnJCrace,lukeharding1968,2
156475,Article,JohnJCrace,FelicityCloake,43
156548,Tweet,JohnJCrace,williamkeegan,49
156838,Tweet,JohnJCrace,bglendenning,36
157027,Tweet,JohnJCrace,vivek9301,129
156592,Tweet,JohnJCrace,NilsPratley,142
156827,Tweet,JohnJCrace,andybrassell,61
156830,Tweet,JohnJCrace,aleksk,390
157123,Tweet,JohnJCrace,JohnJCrace,1
156633,Tweet,JohnJCrace,DerekMalcolm123,29
156867,Tweet,JohnJCrace,tejalrao,136
157054,Tweet,JohnJCrace,RorySmith,10
156778,Tweet,JohnJCrace,RorySmith,104
156957,Tweet,JohnJCrace,LauraCummingArt,75
157002,Tweet,JohnJCrace,williamkeegan,158
156892,Tweet,JohnJCrace,AndrewSparrow,47
157066,Tweet,JohnJCrace,NilsPratley,59
23863,Article,SarahMaslinNir,andrewrsorkin,59
23856,Article,SarahMaslinNir,mtomasky,39
23876,Article,SarahMaslinNir,afuahirsch,136
23803,Article,SarahMaslinNir,pete_wells,63
23893,Article,SarahMaslinNir,lukebroadwater,55
23818,Article,SarahMaslinNir,andrewrsorkin,79
23815,Article,SarahMaslinNir,hillhulse,102
23816,Article,SarahMaslinNir,afuahirsch,146
23817,Article,SarahMaslinNir,DerekMalcolm123,152
23822,Article,SarahMaslinNir,kenanmalik,100
23807,Article,SarahMaslinNir,lenoretaylor,129
23852,Article,SarahMaslinNir,hugolowell,102
23868,Article,SarahMaslinNir,anemonanyc,59
23800,Article,SarahMaslinNir,pete_wells,38
23864,Article,SarahMaslinNir,pete_wells,63
23961,Tweet,SarahMaslinNir,bykaren,63
23902,Tweet,SarahMaslinNir,bykaren,27
23951,Tweet,SarahMaslinNir,jennydeluxe,46
23907,Tweet,SarahMaslinNir,jennydeluxe,55
23977,Tweet,SarahMaslinNir,jennydeluxe,77
23924,Tweet,SarahMaslinNir,JessicaValenti,113
23950,Tweet,SarahMaslinNir,elizabday,61
23942,Tweet,SarahMaslinNir,margaretrenkl,38
23906,Tweet,SarahMaslinNir,jackschofield,50
23920,Tweet,SarahMaslinNir,JessicaValenti,26
23934,Tweet,SarahMaslinNir,smita_mishra,202
23939,Tweet,SarahMaslinNir,ditzkoff,33
23987,Tweet,SarahMaslinNir,JessicaValenti,33
23932,Tweet,SarahMaslinNir,afuahirsch,54
23900,Tweet,SarahMaslinNir,rondakaysen,17
212354,Article,SiwachSukhbir,vijayVsinghTOI,65
212360,Article,SiwachSukhbir,toi_dhananjayM,2
212469,Article,SiwachSukhbir,rashmidTOI,18
212409,Article,SiwachSukhbir,vijayVsinghTOI,52
212482,Article,SiwachSukhbir,durgeshjhaTOI,163
212527,Article,SiwachSukhbir,SidharthB25,113
212417,Article,SiwachSukhbir,KapildaveTOI,22
212329,Article,SiwachSukhbir,AtulMathur_,11
212393,Article,SiwachSukhbir,SiwachSukhbir,1
212418,Article,SiwachSukhbir,naomi2009,43
212330,Article,SiwachSukhbir,AshokPradhanTOI,36
212403,Article,SiwachSukhbir,abantika77,18
212440,Article,SiwachSukhbir,KapildaveTOI,23
212373,Article,SiwachSukhbir,SidharthB25,11
212348,Article,SiwachSukhbir,har_mandeep,3
212586,Tweet,SiwachSukhbir,hugolowell,32
212608,Tweet,SiwachSukhbir,pete_wells,32
212616,Tweet,SiwachSukhbir,smita_mishra,215
212543,Tweet,SiwachSukhbir,ShrinivasaMTOI,14
212615,Tweet,SiwachSukhbir,NYTimesCohen,35
212582,Tweet,SiwachSukhbir,Gauraw2297,5
212565,Tweet,SiwachSukhbir,LFFriedman,128
212597,Tweet,SiwachSukhbir,pradeeptTOI,5
212568,Tweet,SiwachSukhbir,GlennThrush,21
212567,Tweet,SiwachSukhbir,priyagupta999,11
212601,Tweet,SiwachSukhbir,KapildaveTOI,5
212537,Tweet,SiwachSukhbir,priyagupta999,8
212583,Tweet,SiwachSukhbir,priyagupta999,28
212581,Tweet,SiwachSukhbir,RachelDonadio,49
212632,Tweet,SiwachSukhbir,GlennThrush,32
75636,Article,chiggi,RachelDonadio,190
75616,Article,chiggi,RBReich,111
75617,Article,chiggi,joshwiddicombe,139
75688,Article,chiggi,AndrewSparrow,18
75724,Article,chiggi,lyngardner,23
75644,Article,chiggi,durgeshjhaTOI,171
75606,Article,chiggi,alexvtunzelmann,142
75673,Article,chiggi,greenslader,41
75679,Article,chiggi,OwenJones84,52
75631,Article,chiggi,dwightgarner,288
75620,Article,chiggi,FelicityCloake,152
75497,Article,chiggi,davidhepworth,7
75573,Article,chiggi,davidhepworth,22
75592,Article,chiggi,davidhepworth,18
75513,Article,chiggi,attackerman,89
75752,Tweet,chiggi,emilybell,16
75936,Tweet,chiggi,NilsPratley,117
75793,Tweet,chiggi,davidhepworth,25
76256,Tweet,chiggi,paulmasonnews,90
76117,Tweet,chiggi,williamkeegan,73
76211,Tweet,chiggi,elizabday,13
76300,Tweet,chiggi,andrew_mueller,44
76179,Tweet,chiggi,seaningle,11
76291,Tweet,chiggi,DerekMalcolm123,71
76104,Tweet,chiggi,lyngardner,26
75758,Tweet,chiggi,DeccaJourno,14
75919,Tweet,chiggi,elizabday,26
76036,Tweet,chiggi,HackneyAbbott,7
76262,Tweet,chiggi,nmcintosh,44
75810,Tweet,chiggi,desaisantosh,116
209481,Article,shafaquealamTOI,umamahesh_ToI,15
209408,Article,shafaquealamTOI,shafaquealamTOI,1
209534,Article,shafaquealamTOI,richapintoi,2
209365,Article,shafaquealamTOI,AlokKNMishra,32
209401,Article,shafaquealamTOI,AtulMathur_,3
209443,Article,shafaquealamTOI,AnushkaAsthana,2
209538,Article,shafaquealamTOI,ArunDev1,9
209396,Article,shafaquealamTOI,bishnoiarvind11,2
209527,Article,shafaquealamTOI,yeshikabudhwar,6
209495,Article,shafaquealamTOI,SribaalaVTOI,68
209391,Article,shafaquealamTOI,naomi2009,36
209566,Article,shafaquealamTOI,rebeccaSTOI,80
209363,Article,shafaquealamTOI,yeshikabudhwar,2
209455,Article,shafaquealamTOI,AtulMathur_,3
209407,Article,shafaquealamTOI,petleepeter,3
209632,Tweet,shafaquealamTOI,aseemsgujar,9
209651,Tweet,shafaquealamTOI,PjJoychen,21
209638,Tweet,shafaquealamTOI,pradeepjourno,18
209639,Tweet,shafaquealamTOI,murarishetye,52
209596,Tweet,shafaquealamTOI,genznyt,72
209649,Tweet,shafaquealamTOI,kush_junglee,58
209623,Tweet,shafaquealamTOI,Crime_Selvaraj,12
209669,Tweet,shafaquealamTOI,FranklinBlog,2
209628,Tweet,shafaquealamTOI,ChaitanyadTOI,10
209617,Tweet,shafaquealamTOI,omjasvinTOI,23
209614,Tweet,shafaquealamTOI,ChaitanyadTOI,5
209613,Tweet,shafaquealamTOI,ChaitanyadTOI,8
209622,Tweet,shafaquealamTOI,MoharBasu,256
209605,Tweet,shafaquealamTOI,ShoebKhanTOI,60
209597,Tweet,shafaquealamTOI,dkarthikTOI,8
2641,Article,BellaKwai,philipoltermann,101
2663,Article,BellaKwai,damiencave,68
2650,Article,BellaKwai,NYTimesCohen,54
2601,Article,BellaKwai,williamkeegan,45
2616,Article,BellaKwai,PippaCrerar,19
2614,Article,BellaKwai,michaelcrowley,51
2615,Article,BellaKwai,IKershner,25
2606,Article,BellaKwai,bykaren,35
2667,Article,BellaKwai,naomi2009,38
2674,Article,BellaKwai,RachelDonadio,43
2628,Article,BellaKwai,NYTimesCohen,39
2660,Article,BellaKwai,patrickwintour,8
2659,Article,BellaKwai,hillhulse,150
2637,Article,BellaKwai,petleepeter,15
2648,Article,BellaKwai,jeannasmialek,230
2719,Tweet,BellaKwai,williamkeegan,102
2726,Tweet,BellaKwai,lenoretaylor,37
2721,Tweet,BellaKwai,tejalrao,85
2784,Tweet,BellaKwai,jotted,45
2731,Tweet,BellaKwai,JessicaValenti,178
2792,Tweet,BellaKwai,FabrizioRomano,67
2704,Tweet,BellaKwai,jhoffman,289
2795,Tweet,BellaKwai,joncaramanica,221
2739,Tweet,BellaKwai,ditzkoff,157
2750,Tweet,BellaKwai,LizAldermanNYT,115
2729,Tweet,BellaKwai,aleksk,311
2730,Tweet,BellaKwai,tariqpanja,29
2787,Tweet,BellaKwai,AmritadTOI,73
2700,Tweet,BellaKwai,dionnesearcey,253
2716,Tweet,BellaKwai,Lattif,18
175752,Article,asrpmukeshTOI,rajendrasTOI,29
175804,Article,asrpmukeshTOI,binays1960,12
175814,Article,asrpmukeshTOI,AtulMathur_,6
175841,Article,asrpmukeshTOI,AshokPradhanTOI,6
175781,Article,asrpmukeshTOI,ThevarSteffy,6
175822,Article,asrpmukeshTOI,KapildaveTOI,2
175733,Article,asrpmukeshTOI,pradeeptTOI,3
175894,Article,asrpmukeshTOI,asrpmukeshTOI,1
175741,Article,asrpmukeshTOI,SribaalaVTOI,7
175793,Article,asrpmukeshTOI,rishachitlangia,5
175795,Article,asrpmukeshTOI,binays1960,17
175831,Article,asrpmukeshTOI,007pandey,7
175785,Article,asrpmukeshTOI,toi_dhananjayM,3
175866,Article,asrpmukeshTOI,rajendrasTOI,3
175908,Article,asrpmukeshTOI,har_mandeep,10
176062,Tweet,asrpmukeshTOI,tushhaikhush,17
176020,Tweet,asrpmukeshTOI,toi_dhananjayM,16
176022,Tweet,asrpmukeshTOI,vijaysinghTOI,90
176052,Tweet,asrpmukeshTOI,DerekMalcolm123,171
176001,Tweet,asrpmukeshTOI,SribaalaVTOI,15
176034,Tweet,asrpmukeshTOI,polblonde,196
176013,Tweet,asrpmukeshTOI,shafaquealamTOI,53
176044,Tweet,asrpmukeshTOI,SindhukTOI,21
175986,Tweet,asrpmukeshTOI,IKershner,4
175979,Tweet,asrpmukeshTOI,AlokKNMishra,10
175973,Tweet,asrpmukeshTOI,kush_junglee,56
176061,Tweet,asrpmukeshTOI,Crime_Selvaraj,8
176017,Tweet,asrpmukeshTOI,polblonde,262
175978,Tweet,asrpmukeshTOI,parthshastriTOI,32
176037,Tweet,asrpmukeshTOI,AlokKNMishra,8
2018,Article,ASoloski,ASoloski,1
2003,Article,ASoloski,EVincentelli,3
2013,Article,ASoloski,pete_wells,89
2017,Article,ASoloski,ASoloski,1
2052,Article,ASoloski,williamkeegan,105
2004,Article,ASoloski,ASoloski,1
2043,Article,ASoloski,alexbellos,84
2032,Article,ASoloski,RebeccaSeal,89
2081,Article,ASoloski,NYTimesCohen,11
2019,Article,ASoloski,ASoloski,1
2060,Article,ASoloski,SocialQPhilip,4
2061,Article,ASoloski,rjadHinduBL,43
2008,Article,ASoloski,wesley_morris,20
2085,Article,ASoloski,SocialQPhilip,63
2090,Article,ASoloski,ASoloski,1
2145,Tweet,ASoloski,ditzkoff,237
2105,Tweet,ASoloski,aleksk,146
2191,Tweet,ASoloski,EVincentelli,3
2112,Tweet,ASoloski,ASoloski,1
2154,Tweet,ASoloski,oliverburkeman,12
2126,Tweet,ASoloski,jayrayner1,12
2104,Tweet,ASoloski,DerekMalcolm123,21
2111,Tweet,ASoloski,ASoloski,1
2186,Tweet,ASoloski,RorySmith,6
2174,Tweet,ASoloski,VivianHo,192
2155,Tweet,ASoloski,RorySmith,4
2102,Tweet,ASoloski,genznyt,206
2170,Tweet,ASoloski,RorySmith,59
2173,Tweet,ASoloski,nytdavidbrooks,61
2141,Tweet,ASoloski,AlysFowler,48
18044,Article,RorySmith,RorySmith,1
18048,Article,RorySmith,RorySmith,1
18003,Article,RorySmith,damiencave,4
18042,Article,RorySmith,RorySmith,1
18056,Article,RorySmith,RorySmith,1
18074,Article,RorySmith,BenRothenberg,2
18094,Article,RorySmith,DouthatNYT,9
18038,Article,RorySmith,NYTimesCohen,38
18059,Article,RorySmith,tariqpanja,2
18002,Article,RorySmith,RorySmith,1
18037,Article,RorySmith,RorySmith,1
18071,Article,RorySmith,saumyajitbTOI,2
18032,Article,RorySmith,davidhepworth,66
18087,Article,RorySmith,FabrizioRomano,3
18022,Article,RorySmith,RorySmith,1
18165,Tweet,RorySmith,RorySmith,1
18139,Tweet,RorySmith,sunny_hundal,7
18154,Tweet,RorySmith,RorySmith,1
18149,Tweet,RorySmith,RorySmith,1
18163,Tweet,RorySmith,RorySmith,1
18178,Tweet,RorySmith,FabrizioRomano,3
18183,Tweet,RorySmith,sisario,2
18121,Tweet,RorySmith,RorySmith,1
18113,Tweet,RorySmith,RorySmith,1
18177,Tweet,RorySmith,DouthatNYT,3
18159,Tweet,RorySmith,RorySmith,1
18138,Tweet,RorySmith,emilybell,76
18106,Tweet,RorySmith,margaretrenkl,24
18195,Tweet,RorySmith,RorySmith,1
18157,Tweet,RorySmith,RorySmith,1
172470,Article,anandbodhTOI,vijayVsinghTOI,18
172511,Article,anandbodhTOI,NilsPratley,8
172581,Article,anandbodhTOI,patrickwintour,6
172481,Article,anandbodhTOI,anandbodhTOI,1
172442,Article,anandbodhTOI,anandbodhTOI,1
172472,Article,anandbodhTOI,KapildaveTOI,31
172577,Article,anandbodhTOI,anandbodhTOI,1
172433,Article,anandbodhTOI,rajendrasTOI,3
172492,Article,anandbodhTOI,anandbodhTOI,1
172576,Article,anandbodhTOI,yeshikabudhwar,2
172539,Article,anandbodhTOI,anandbodhTOI,1
172479,Article,anandbodhTOI,anandbodhTOI,1
172464,Article,anandbodhTOI,007pandey,3
172501,Article,anandbodhTOI,Crime_Selvaraj,2
172554,Article,anandbodhTOI,Crime_Selvaraj,3
172748,Tweet,anandbodhTOI,anandbodhTOI,1
172711,Tweet,anandbodhTOI,PjJoychen,15
172686,Tweet,anandbodhTOI,TOISH31,98
172761,Tweet,anandbodhTOI,vijaypTOI,15
172681,Tweet,anandbodhTOI,gailcollins,41
172691,Tweet,anandbodhTOI,toi_dhananjayM,3
172765,Tweet,anandbodhTOI,anandbodhTOI,1
172698,Tweet,anandbodhTOI,AlokKNMishra,143
172719,Tweet,anandbodhTOI,SyedAkbarTOI,9
172694,Tweet,anandbodhTOI,KapildaveTOI,77
172772,Tweet,anandbodhTOI,saumyajitbTOI,194
172689,Tweet,anandbodhTOI,SwatiMathurTOI,29
172703,Tweet,anandbodhTOI,Crime_Selvaraj,26
172716,Tweet,anandbodhTOI,PNaveenTOI,57
172677,Tweet,anandbodhTOI,KapildaveTOI,48
18617,Article,ShaneGoldmacher,reidepstein,28
18690,Article,ShaneGoldmacher,jwpetersNYT,12
18638,Article,ShaneGoldmacher,hugolowell,44
18694,Article,ShaneGoldmacher,Bencjacobs,5
18656,Article,ShaneGoldmacher,ESCochrane,5
18663,Article,ShaneGoldmacher,Bencjacobs,2
18625,Article,ShaneGoldmacher,ESCochrane,5
18686,Article,ShaneGoldmacher,Bencjacobs,17
18614,Article,ShaneGoldmacher,ESCochrane,11
18685,Article,ShaneGoldmacher,ESCochrane,9
18699,Article,ShaneGoldmacher,ESCochrane,6
18672,Article,ShaneGoldmacher,pete_wells,24
18658,Article,ShaneGoldmacher,alexanderburns,3
18650,Article,ShaneGoldmacher,alexanderburns,2
18693,Article,ShaneGoldmacher,kannoyoungs,16
18733,Tweet,ShaneGoldmacher,jmart,4
18743,Tweet,ShaneGoldmacher,Bencjacobs,3
18762,Tweet,ShaneGoldmacher,jimtankersley,6
18782,Tweet,ShaneGoldmacher,tripgabriel,5
18750,Tweet,ShaneGoldmacher,kenvogel,7
18781,Tweet,ShaneGoldmacher,ShaneGoldmacher,1
18722,Tweet,ShaneGoldmacher,marcatracy,21
18721,Tweet,ShaneGoldmacher,nytdavidbrooks,65
18783,Tweet,ShaneGoldmacher,Bencjacobs,2
18715,Tweet,ShaneGoldmacher,alexanderburns,7
18732,Tweet,ShaneGoldmacher,jmart,2
18742,Tweet,ShaneGoldmacher,AnaSwanson,67
18764,Tweet,ShaneGoldmacher,hugolowell,2
18724,Tweet,ShaneGoldmacher,GlennThrush,2
18748,Tweet,ShaneGoldmacher,Bencjacobs,9
2251,Article,aurelienbrd,leninology,111
2236,Article,aurelienbrd,domphillips,2
2253,Article,aurelienbrd,aurelienbrd,1
2230,Article,aurelienbrd,naomi2009,145
2278,Article,aurelienbrd,RaphaelMinder,4
2266,Article,aurelienbrd,charlie_savage,17
2213,Article,aurelienbrd,aurelienbrd,1
2285,Article,aurelienbrd,aurelienbrd,1
2297,Article,aurelienbrd,Shilarze_SSR,14
2229,Article,aurelienbrd,farnazfassihi,2
2248,Article,aurelienbrd,farnazfassihi,5
2243,Article,aurelienbrd,ericschmittnyt,57
2281,Article,aurelienbrd,FrancesRobles,6
2249,Article,aurelienbrd,helenecooper,193
2218,Article,aurelienbrd,RaphaelMinder,5
2376,Tweet,aurelienbrd,dklavaniaTOI,39
2308,Tweet,aurelienbrd,adamliptak,2
2337,Tweet,aurelienbrd,DouthatNYT,228
2384,Tweet,aurelienbrd,zwoolfe,70
2303,Tweet,aurelienbrd,genznyt,329
2394,Tweet,aurelienbrd,SocialQPhilip,97
2307,Tweet,aurelienbrd,dionnesearcey,123
2318,Tweet,aurelienbrd,MonaChalabi,173
2348,Tweet,aurelienbrd,aleksk,80
2323,Tweet,aurelienbrd,juliarebeccaj,94
2313,Tweet,aurelienbrd,LizAldermanNYT,17
2379,Tweet,aurelienbrd,kbennhold,51
2342,Tweet,aurelienbrd,PatrickKingsley,10
2344,Tweet,aurelienbrd,sarahditum,252
2346,Tweet,aurelienbrd,aurelienbrd,1
145746,Article,AnushkaAsthana,AnushkaAsthana,1
145740,Article,AnushkaAsthana,JohnJCrace,150
145581,Article,AnushkaAsthana,AnushkaAsthana,1
145749,Article,AnushkaAsthana,AnushkaAsthana,1
145659,Article,AnushkaAsthana,nicholaswatt,9
145723,Article,AnushkaAsthana,PippaCrerar,6
145561,Article,AnushkaAsthana,ameliagentleman,67
145599,Article,AnushkaAsthana,AnushkaAsthana,1
145603,Article,AnushkaAsthana,AnushkaAsthana,1
145696,Article,AnushkaAsthana,PippaCrerar,4
145563,Article,AnushkaAsthana,jimwaterson,4
145557,Article,AnushkaAsthana,williamkeegan,74
145679,Article,AnushkaAsthana,AnushkaAsthana,1
145747,Article,AnushkaAsthana,andybrassell,292
145760,Article,AnushkaAsthana,AndrewSparrow,2
145938,Tweet,AnushkaAsthana,marthakelner,13
146299,Tweet,AnushkaAsthana,williamkeegan,21
145819,Tweet,AnushkaAsthana,GeorgeMonbiot,44
145844,Tweet,AnushkaAsthana,vanbadham,17
146048,Tweet,AnushkaAsthana,ewenmacaskill,4
146087,Tweet,AnushkaAsthana,AnushkaAsthana,1
146097,Tweet,AnushkaAsthana,NilsPratley,94
145964,Tweet,AnushkaAsthana,paulkrugman,2
145985,Tweet,AnushkaAsthana,greenslader,260
145990,Tweet,AnushkaAsthana,TanyaGold1,148
145814,Tweet,AnushkaAsthana,AnushkaAsthana,1
146384,Tweet,AnushkaAsthana,NilsPratley,79
146377,Tweet,AnushkaAsthana,andrewrsorkin,16
146073,Tweet,AnushkaAsthana,naomi2009,96
146270,Tweet,AnushkaAsthana,NilsPratley,4
171842,Article,amitanandTOI,toi_dhananjayM,4
171810,Article,amitanandTOI,toi_dhananjayM,3
171956,Article,amitanandTOI,toi_dhananjayM,2
171898,Article,amitanandTOI,toi_dhananjayM,2
171841,Article,amitanandTOI,toi_dhananjayM,7
171957,Article,amitanandTOI,toi_dhananjayM,2
171743,Article,amitanandTOI,amitanandTOI,1
171779,Article,amitanandTOI,jillfilipovic,305
171852,Article,amitanandTOI,amitanandTOI,1
171854,Article,amitanandTOI,toi_dhananjayM,2
171945,Article,amitanandTOI,toi_dhananjayM,2
171960,Article,amitanandTOI,vijayVsinghTOI,9
171855,Article,amitanandTOI,hillhulse,16
171914,Article,amitanandTOI,amitanandTOI,1
171955,Article,amitanandTOI,toi_dhananjayM,2
172016,Tweet,amitanandTOI,binays1960,10
172046,Tweet,amitanandTOI,AlokKNMishra,26
171988,Tweet,amitanandTOI,SwatiMathurTOI,9
172075,Tweet,amitanandTOI,RosySequeiraTOI,19
172067,Tweet,amitanandTOI,DerekMalcolm123,10
171999,Tweet,amitanandTOI,toi_dhananjayM,2
172011,Tweet,amitanandTOI,MujMash,108
171985,Tweet,amitanandTOI,amitanandTOI,1
172025,Tweet,amitanandTOI,toi_dhananjayM,2
172008,Tweet,amitanandTOI,RosySequeiraTOI,30
172017,Tweet,amitanandTOI,meeravohraTOI,133
171986,Tweet,amitanandTOI,BawaNaaved,14
172041,Tweet,amitanandTOI,AshokPradhanTOI,19
172035,Tweet,amitanandTOI,GRajivTOI,2
172021,Tweet,amitanandTOI,toi_dhananjayM,2
184795,Article,har_mandeep,SidharthB25,89
184861,Article,har_mandeep,yeshikabudhwar,9
184915,Article,har_mandeep,RosySequeiraTOI,71
184815,Article,har_mandeep,AshokPradhanTOI,6
184941,Article,har_mandeep,SidharthB25,39
184743,Article,har_mandeep,toi_dhananjayM,2
184873,Article,har_mandeep,yeshikabudhwar,26
184767,Article,har_mandeep,parthasinha,16
184730,Article,har_mandeep,AtulMathur_,13
184745,Article,har_mandeep,payaldhawanTOI,5
184827,Article,har_mandeep,niyatiparikhTOI,11
184741,Article,har_mandeep,sangerkatz,42
184849,Article,har_mandeep,rajendrasTOI,56
184805,Article,har_mandeep,SidharthB25,3
184854,Article,har_mandeep,amitanandTOI,27
185028,Tweet,har_mandeep,rajendrasTOI,9
184984,Tweet,har_mandeep,NYTimesCohen,30
185013,Tweet,har_mandeep,PjJoychen,9
184970,Tweet,har_mandeep,toi_ManujaV,139
184992,Tweet,har_mandeep,Lattif,28
184951,Tweet,har_mandeep,jimtankersley,61
185011,Tweet,har_mandeep,AlokKNMishra,14
185031,Tweet,har_mandeep,jeannasmialek,58
184997,Tweet,har_mandeep,naomi2009,253
185032,Tweet,har_mandeep,StacyCowley,238
184999,Tweet,har_mandeep,PjJoychen,119
185006,Tweet,har_mandeep,BhanupratapsTOI,5
184991,Tweet,har_mandeep,AlokKNMishra,10
184988,Tweet,har_mandeep,kbennhold,222
184947,Tweet,har_mandeep,GRajivTOI,64
61328,Article,peterbradshaw1,peterbradshaw1,1
61530,Article,peterbradshaw1,alexvtunzelmann,2
61515,Article,peterbradshaw1,peterbradshaw1,1
61487,Article,peterbradshaw1,peterbradshaw1,1
61427,Article,peterbradshaw1,alexvtunzelmann,2
61445,Article,peterbradshaw1,peterbradshaw1,1
61443,Article,peterbradshaw1,peterbradshaw1,1
61438,Article,peterbradshaw1,peterbradshaw1,1
61360,Article,peterbradshaw1,alanconnor,31
61406,Article,peterbradshaw1,alexvtunzelmann,2
61465,Article,peterbradshaw1,alexvtunzelmann,8
61331,Article,peterbradshaw1,peterbradshaw1,1
61442,Article,peterbradshaw1,peterbradshaw1,1
61419,Article,peterbradshaw1,peterbradshaw1,1
61431,Article,peterbradshaw1,alexvtunzelmann,3
61750,Tweet,peterbradshaw1,benkenigsberg,2
61731,Tweet,peterbradshaw1,jhoffman,11
61977,Tweet,peterbradshaw1,lucysiegle,207
61668,Tweet,peterbradshaw1,jhoffman,2
62063,Tweet,peterbradshaw1,bglendenning,161
61538,Tweet,peterbradshaw1,jhoffman,7
61816,Tweet,peterbradshaw1,peterbradshaw1,1
61602,Tweet,peterbradshaw1,desaisantosh,247
62128,Tweet,peterbradshaw1,nicklezard,252
61681,Tweet,peterbradshaw1,jhoffman,3
61806,Tweet,peterbradshaw1,jhoffman,2
61969,Tweet,peterbradshaw1,jhoffman,2
61859,Tweet,peterbradshaw1,peterbradshaw1,1
61696,Tweet,peterbradshaw1,Freedland,207
61931,Tweet,peterbradshaw1,jennydeluxe,210
171158,Article,akhileshsTOI,rajendrasTOI,12
171105,Article,akhileshsTOI,abantika77,15
171223,Article,akhileshsTOI,niyatiparikhTOI,2
171198,Article,akhileshsTOI,rajatpTOI,4
171086,Article,akhileshsTOI,akhileshsTOI,1
171226,Article,akhileshsTOI,rajendrasTOI,6
171118,Article,akhileshsTOI,BhanupratapsTOI,3
171245,Article,akhileshsTOI,andybrassell,95
171131,Article,akhileshsTOI,BhanupratapsTOI,6
171242,Article,akhileshsTOI,007pandey,29
171095,Article,akhileshsTOI,yeshikabudhwar,12
171214,Article,akhileshsTOI,SribaalaVTOI,12
171070,Article,akhileshsTOI,AshokPradhanTOI,11
171192,Article,akhileshsTOI,SribaalaVTOI,2
171090,Article,akhileshsTOI,AshokPradhanTOI,26
171344,Tweet,akhileshsTOI,psangeetha2112,65
171336,Tweet,akhileshsTOI,journo_vibha,15
171378,Tweet,akhileshsTOI,vijaysinghTOI,74
171320,Tweet,akhileshsTOI,smita_mishra,46
171324,Tweet,akhileshsTOI,SindhukTOI,65
171348,Tweet,akhileshsTOI,priyagupta999,6
171292,Tweet,akhileshsTOI,davidleighx,407
171314,Tweet,akhileshsTOI,LucyMangan,234
171335,Tweet,akhileshsTOI,AraniBasuTOI,42
171317,Tweet,akhileshsTOI,AshokPradhanTOI,6
171376,Tweet,akhileshsTOI,Gauraw2297,124
171289,Tweet,akhileshsTOI,ukigoni,121
171362,Tweet,akhileshsTOI,somitsenTOI,117
171360,Tweet,akhileshsTOI,debaratisen,147
171370,Tweet,akhileshsTOI,ottolenghi,29
203175,Article,Pratiks_TOI,Pratiks_TOI,1
203210,Article,Pratiks_TOI,Pratiks_TOI,1
203041,Article,Pratiks_TOI,Pratiks_TOI,1
203076,Article,Pratiks_TOI,TOISH31,81
203058,Article,Pratiks_TOI,sudhanshub16,2
202976,Article,Pratiks_TOI,Pratiks_TOI,1
202984,Article,Pratiks_TOI,manujaveerappa,6
203083,Article,Pratiks_TOI,manujaveerappa,2
203168,Article,Pratiks_TOI,manujaveerappa,2
202998,Article,Pratiks_TOI,Pratiks_TOI,1
203203,Article,Pratiks_TOI,Pratiks_TOI,1
203155,Article,Pratiks_TOI,vijayVsinghTOI,2
203129,Article,Pratiks_TOI,Pratiks_TOI,1
203050,Article,Pratiks_TOI,AshokPradhanTOI,13
203044,Article,Pratiks_TOI,Pratiks_TOI,1
203275,Tweet,Pratiks_TOI,Pratiks_TOI,1
203270,Tweet,Pratiks_TOI,vanbadham,337
203241,Tweet,Pratiks_TOI,tushhaikhush,19
203233,Tweet,Pratiks_TOI,Pratiks_TOI,1
203251,Tweet,Pratiks_TOI,RorySmith,27
203227,Tweet,Pratiks_TOI,petleepeter,66
203268,Tweet,Pratiks_TOI,Pratiks_TOI,1
203282,Tweet,Pratiks_TOI,meeravohraTOI,53
203247,Tweet,Pratiks_TOI,vijayVsinghTOI,18
203249,Tweet,Pratiks_TOI,Pratiks_TOI,1
203264,Tweet,Pratiks_TOI,Pratiks_TOI,1
203317,Tweet,Pratiks_TOI,Pratiks_TOI,1
203234,Tweet,Pratiks_TOI,AniltheMatrix,76
203295,Tweet,Pratiks_TOI,Pratiks_TOI,1
203310,Tweet,Pratiks_TOI,divyapal2013,2
14644,Article,NeilMacFarquhar,julianbarnes,2
14619,Article,NeilMacFarquhar,tariqpanja,3
14647,Article,NeilMacFarquhar,tripgabriel,34
14620,Article,NeilMacFarquhar,marywalshjourno,3
14674,Article,NeilMacFarquhar,aurelienbrd,2
14678,Article,NeilMacFarquhar,sarahditum,157
14666,Article,NeilMacFarquhar,IKershner,2
14652,Article,NeilMacFarquhar,IKershner,13
14681,Article,NeilMacFarquhar,noamscheiber,18
14667,Article,NeilMacFarquhar,antontroian,5
14680,Article,NeilMacFarquhar,marywalshjourno,98
14655,Article,NeilMacFarquhar,michaelcrowley,12
14679,Article,NeilMacFarquhar,IKershner,4
14600,Article,NeilMacFarquhar,DouthatNYT,9
14670,Article,NeilMacFarquhar,vijayVsinghTOI,5
14779,Tweet,NeilMacFarquhar,antontroian,4
14791,Tweet,NeilMacFarquhar,PatrickKingsley,2
14770,Tweet,NeilMacFarquhar,suilee,8
14752,Tweet,NeilMacFarquhar,PNaveenTOI,156
14705,Tweet,NeilMacFarquhar,NickAtNews,29
14797,Tweet,NeilMacFarquhar,NYTBen,11
14709,Tweet,NeilMacFarquhar,GovindKMaadTOI,55
14703,Tweet,NeilMacFarquhar,michelleinbklyn,15
14740,Tweet,NeilMacFarquhar,julianbarnes,10
14772,Tweet,NeilMacFarquhar,ggreenwald,4
14780,Tweet,NeilMacFarquhar,leninology,3
14789,Tweet,NeilMacFarquhar,adamliptak,2
14775,Tweet,NeilMacFarquhar,ElianPeltier,43
14790,Tweet,NeilMacFarquhar,ajaysuraTOI,24
14707,Tweet,NeilMacFarquhar,Lattif,235
150694,Article,DanielKingChess,DanielKingChess,1
150682,Article,DanielKingChess,stevenpoole,58
150668,Article,DanielKingChess,DanielKingChess,1
150569,Article,DanielKingChess,DanielKingChess,1
150623,Article,DanielKingChess,DanielKingChess,1
150656,Article,DanielKingChess,DanielKingChess,1
150670,Article,DanielKingChess,DanielKingChess,1
150467,Article,DanielKingChess,DanielKingChess,1
150632,Article,DanielKingChess,DanielKingChess,1
150576,Article,DanielKingChess,DerekMalcolm123,6
150490,Article,DanielKingChess,DanielKingChess,1
150556,Article,DanielKingChess,DanielKingChess,1
150593,Article,DanielKingChess,DanielKingChess,1
150557,Article,DanielKingChess,DanielKingChess,1
150665,Article,DanielKingChess,DanielKingChess,1
150993,Tweet,DanielKingChess,saumyajitbTOI,104
150764,Tweet,DanielKingChess,polblonde,9
150817,Tweet,DanielKingChess,joshwiddicombe,3
150792,Tweet,DanielKingChess,JoshuaRozenberg,114
151092,Tweet,DanielKingChess,DanielKingChess,1
150721,Tweet,DanielKingChess,ajaysuraTOI,14
151252,Tweet,DanielKingChess,ManjuVTOI,127
150776,Tweet,DanielKingChess,saumyajitbTOI,40
150864,Tweet,DanielKingChess,DanielKingChess,1
150981,Tweet,DanielKingChess,GeorgeMonbiot,78
150982,Tweet,DanielKingChess,DanielKingChess,1
150966,Tweet,DanielKingChess,Mahafreed_Irani,118
151288,Tweet,DanielKingChess,DanielKingChess,1
151258,Tweet,DanielKingChess,tomfriedman,89
150753,Tweet,DanielKingChess,vanbadham,51
32007,Article,llerer,ESCochrane,8
32017,Article,llerer,npfandos,10
32018,Article,llerer,ESCochrane,12
32077,Article,llerer,PatriciaMazzei,10
32046,Article,llerer,npfandos,13
32044,Article,llerer,jmart,9
32094,Article,llerer,jimtankersley,11
32022,Article,llerer,PatriciaMazzei,25
32029,Article,llerer,hugolowell,11
32049,Article,llerer,npfandos,15
32008,Article,llerer,anniekarni,11
32002,Article,llerer,ESCochrane,8
32025,Article,llerer,SocialQPhilip,117
32034,Article,llerer,ESCochrane,10
32074,Article,llerer,llerer,1
32135,Tweet,llerer,tripgabriel,6
32196,Tweet,llerer,ESCochrane,13
32104,Tweet,llerer,tripgabriel,12
32191,Tweet,llerer,DSlotnik,9
32154,Tweet,llerer,gettinviggy,21
32145,Tweet,llerer,brooksbarnesNYT,71
32147,Tweet,llerer,JessicaValenti,132
32116,Tweet,llerer,SherylNYT,7
32110,Tweet,llerer,chrishughes,38
32174,Tweet,llerer,AndrewSparrow,105
32195,Tweet,llerer,ShaneGoldmacher,9
32128,Tweet,llerer,hillhulse,10
32199,Tweet,llerer,FrankBruni,168
32170,Tweet,llerer,paulkrugman,12
32190,Tweet,llerer,charlie_savage,8
126930,Article,jamesrbuk,greenslader,40
126847,Article,jamesrbuk,JoshuaRozenberg,41
126934,Article,jamesrbuk,ewenmacaskill,93
126978,Article,jamesrbuk,jamesrbuk,1
126998,Article,jamesrbuk,KeithBradsher,17
126959,Article,jamesrbuk,DouthatNYT,67
127049,Article,jamesrbuk,jillfilipovic,23
126827,Article,jamesrbuk,oliverburkeman,45
126893,Article,jamesrbuk,NilsPratley,189
126952,Article,jamesrbuk,DawnHFoster,5
127010,Article,jamesrbuk,carolecadwalla,3
126925,Article,jamesrbuk,salihughes,66
126981,Article,jamesrbuk,LucyMangan,22
127015,Article,jamesrbuk,declanwalsh,14
126912,Article,jamesrbuk,IanCobain,46
127466,Tweet,jamesrbuk,HackneyAbbott,142
127143,Tweet,jamesrbuk,joshwiddicombe,157
127173,Tweet,jamesrbuk,emilybell,38
127594,Tweet,jamesrbuk,greenslader,66
127446,Tweet,jamesrbuk,jackschofield,59
127573,Tweet,jamesrbuk,oliverburkeman,146
127250,Tweet,jamesrbuk,martcrossy,75
127339,Tweet,jamesrbuk,DouthatNYT,151
127637,Tweet,jamesrbuk,vvfriedman,198
127355,Tweet,jamesrbuk,MarinaHyde,101
127412,Tweet,jamesrbuk,msrachelcooke,121
127342,Tweet,jamesrbuk,wesley_morris,192
127426,Tweet,jamesrbuk,KateEMcCann,291
127160,Tweet,jamesrbuk,aleksk,24
127108,Tweet,jamesrbuk,JessicaValenti,27
168870,Article,AditiZero,Banjotkaur,2
168895,Article,AditiZero,Banjotkaur,47
168962,Article,AditiZero,NYTimesCohen,140
168917,Article,AditiZero,Banjotkaur,8
168954,Article,AditiZero,DekaJayanta,34
168902,Article,AditiZero,Banjotkaur,8
168934,Article,AditiZero,AditiZero,1
168841,Article,AditiZero,durgeshjhaTOI,20
168933,Article,AditiZero,rashmidTOI,4
168925,Article,AditiZero,dklavaniaTOI,5
168816,Article,AditiZero,asrpmukeshTOI,9
168873,Article,AditiZero,Banjotkaur,21
168969,Article,AditiZero,MKSinghGkp,19
169004,Article,AditiZero,AditiZero,1
168828,Article,AditiZero,AditiZero,1
169129,Tweet,AditiZero,naomi2009,45
169063,Tweet,AditiZero,vijayVsinghTOI,10
169144,Tweet,AditiZero,aseemsgujar,204
169055,Tweet,AditiZero,smita_mishra,50
169052,Tweet,AditiZero,palaknandiTOI,3
169125,Tweet,AditiZero,vijayVsinghTOI,22
169072,Tweet,AditiZero,vijaysinghTOI,21
169082,Tweet,AditiZero,antontroian,73
169121,Tweet,AditiZero,NickAtNews,70
169069,Tweet,AditiZero,PNaveenTOI,8
169075,Tweet,AditiZero,RosySequeiraTOI,74
169080,Tweet,AditiZero,vijaysinghTOI,7
169102,Tweet,AditiZero,mateenHTOI,26
169067,Tweet,AditiZero,kbennhold,112
169076,Tweet,AditiZero,NickAtNews,66
35048,Article,NYTLiz,hillhulse,78
35007,Article,NYTLiz,stevenerlanger,160
35017,Article,NYTLiz,jwpetersNYT,26
35010,Article,NYTLiz,lukebroadwater,69
35019,Article,NYTLiz,PatrickKingsley,29
35092,Article,NYTLiz,tripgabriel,67
35049,Article,NYTLiz,bencasselman,153
35034,Article,NYTLiz,hillhulse,106
35079,Article,NYTLiz,hillhulse,101
35033,Article,NYTLiz,Bencjacobs,23
35088,Article,NYTLiz,alexanderburns,66
35098,Article,NYTLiz,LizAldermanNYT,59
35089,Article,NYTLiz,charlie_savage,57
35021,Article,NYTLiz,andrewrsorkin,68
35053,Article,NYTLiz,llerer,26
35111,Tweet,NYTLiz,davidhepworth,231
35158,Tweet,NYTLiz,LauraCummingArt,65
35159,Tweet,NYTLiz,reidepstein,51
35115,Tweet,NYTLiz,jbouie,95
35160,Tweet,NYTLiz,ArthurNeslen,113
35120,Tweet,NYTLiz,jonronson,24
35194,Tweet,NYTLiz,jennydeluxe,69
35119,Tweet,NYTLiz,carlzimmer,96
35152,Tweet,NYTLiz,PerriKlass,38
35173,Tweet,NYTLiz,Bencjacobs,9
35113,Tweet,NYTLiz,vvfriedman,14
35168,Tweet,NYTLiz,joncaramanica,50
35172,Tweet,NYTLiz,JessicaValenti,129
35174,Tweet,NYTLiz,andrewrawnsley,147
35147,Tweet,NYTLiz,EricaLG,15
117198,Article,garyyounge,williamkeegan,70
117234,Article,garyyounge,elizabday,79
117276,Article,garyyounge,hugolowell,51
117183,Article,garyyounge,parul_sehgal,123
117224,Article,garyyounge,CarolineLucas,17
117204,Article,garyyounge,greenslader,67
117138,Article,garyyounge,NesrineMalik,40
117123,Article,garyyounge,FelicityCloake,213
117176,Article,garyyounge,andybrassell,52
117179,Article,garyyounge,IanCobain,15
117064,Article,garyyounge,alexanderburns,21
117082,Article,garyyounge,joecoscarelli,52
117279,Article,garyyounge,paulkrugman,280
117149,Article,garyyounge,paulmasonnews,16
117167,Article,garyyounge,gabyhinsliff,81
117459,Tweet,garyyounge,FabrizioRomano,86
117362,Tweet,garyyounge,MichaelPaulson,69
117422,Tweet,garyyounge,williamnhutton,95
117418,Tweet,garyyounge,ameliagentleman,61
117487,Tweet,garyyounge,charltonbrooker,7
117413,Tweet,garyyounge,bylizrobbins,102
117471,Tweet,garyyounge,mariellaf1,92
117517,Tweet,garyyounge,RBReich,69
117354,Tweet,garyyounge,salihughes,131
117408,Tweet,garyyounge,williamkeegan,157
117548,Tweet,garyyounge,williamkeegan,71
117337,Tweet,garyyounge,kenanmalik,9
117328,Tweet,garyyounge,mariellaf1,145
117538,Tweet,garyyounge,andrewrawnsley,5
117450,Tweet,garyyounge,vijaysinghTOI,65
96060,Article,patrickwintour,PippaCrerar,10
96070,Article,patrickwintour,PippaCrerar,2
95987,Article,patrickwintour,dansabbagh,4
96088,Article,patrickwintour,jbouie,260
96086,Article,patrickwintour,AndrewSparrow,8
96182,Article,patrickwintour,PippaCrerar,5
96175,Article,patrickwintour,jimwaterson,24
96079,Article,patrickwintour,patrickwintour,1
95988,Article,patrickwintour,PippaCrerar,4
96119,Article,patrickwintour,npwcnn,2
96121,Article,patrickwintour,declanwalsh,55
95977,Article,patrickwintour,TOISH31,55
96084,Article,patrickwintour,patrickwintour,1
96158,Article,patrickwintour,PippaCrerar,2
95978,Article,patrickwintour,AndrewSparrow,3
96705,Tweet,patrickwintour,patrickwintour,1
96333,Tweet,patrickwintour,aleksk,103
96245,Tweet,patrickwintour,NYTimesCohen,81
96592,Tweet,patrickwintour,dansabbagh,4
96317,Tweet,patrickwintour,nauzerbTOI,16
96643,Tweet,patrickwintour,AnaSwanson,122
96383,Tweet,patrickwintour,KapildaveTOI,46
96701,Tweet,patrickwintour,davidhepworth,99
96419,Tweet,patrickwintour,nytDeniseGrady,360
96726,Tweet,patrickwintour,patrickwintour,1
96282,Tweet,patrickwintour,patrickwintour,1
96714,Tweet,patrickwintour,RaphaelMinder,8
96440,Tweet,patrickwintour,NYTimesCohen,188
96495,Tweet,patrickwintour,IKershner,167
96350,Tweet,patrickwintour,kbennhold,14
204026,Article,psangeetha2112,shiba_kurian,9
204054,Article,psangeetha2112,Banjotkaur,130
204022,Article,psangeetha2112,debaratisen,23
204088,Article,psangeetha2112,shiba_kurian,31
204107,Article,psangeetha2112,margaretrenkl,8
204052,Article,psangeetha2112,psangeetha2112,1
204108,Article,psangeetha2112,ChaitanyadTOI,19
204103,Article,psangeetha2112,aleksk,179
204055,Article,psangeetha2112,vijaypTOI,100
204120,Article,psangeetha2112,KanwardeepsTOI,55
204106,Article,psangeetha2112,shiba_kurian,16
204035,Article,psangeetha2112,MohitaTOI,107
204081,Article,psangeetha2112,meeravohraTOI,8
204094,Article,psangeetha2112,psangeetha2112,1
204046,Article,psangeetha2112,vijayVsinghTOI,3
204161,Tweet,psangeetha2112,SindhukTOI,5
204183,Tweet,psangeetha2112,desaisantosh,19
204164,Tweet,psangeetha2112,SindhukTOI,2
204234,Tweet,psangeetha2112,vanbadham,178
204146,Tweet,psangeetha2112,psangeetha2112,1
204192,Tweet,psangeetha2112,vanbadham,202
204180,Tweet,psangeetha2112,divyapal2013,7
204201,Tweet,psangeetha2112,RosySequeiraTOI,182
204187,Tweet,psangeetha2112,ChaitanyadTOI,5
204215,Tweet,psangeetha2112,NYTimesCohen,118
204172,Tweet,psangeetha2112,divyapal2013,8
204160,Tweet,psangeetha2112,jhoffman,80
204177,Tweet,psangeetha2112,payaldhawanTOI,36
204144,Tweet,psangeetha2112,afuahirsch,226
204147,Tweet,psangeetha2112,timlottwriter,109
204705,Article,rajendrasTOI,rajendrasTOI,1
204616,Article,rajendrasTOI,rajendrasTOI,1
204672,Article,rajendrasTOI,rajendrasTOI,1
204660,Article,rajendrasTOI,rajendrasTOI,1
204734,Article,rajendrasTOI,rajendrasTOI,1
204624,Article,rajendrasTOI,rajendrasTOI,1
204715,Article,rajendrasTOI,gilestremlett,5
204597,Article,rajendrasTOI,rajendrasTOI,1
204768,Article,rajendrasTOI,rajendrasTOI,1
204731,Article,rajendrasTOI,rajendrasTOI,1
204726,Article,rajendrasTOI,rajendrasTOI,1
204812,Article,rajendrasTOI,rajendrasTOI,1
204651,Article,rajendrasTOI,vijayVsinghTOI,2
204602,Article,rajendrasTOI,bishnoiarvind11,2
204791,Article,rajendrasTOI,SribaalaVTOI,2
204935,Tweet,rajendrasTOI,PhanindraP_TNIE,3
204940,Tweet,rajendrasTOI,julianbarnes,7
204867,Tweet,rajendrasTOI,ChaitanyadTOI,38
204887,Tweet,rajendrasTOI,naomi2009,31
204911,Tweet,rajendrasTOI,sandhyanairTOI,4
204924,Tweet,rajendrasTOI,maheshbTOI,251
204843,Tweet,rajendrasTOI,murarishetye,20
204870,Tweet,rajendrasTOI,vijayVsinghTOI,51
204933,Tweet,rajendrasTOI,naomi2009,9
204903,Tweet,rajendrasTOI,007pandey,39
204932,Tweet,rajendrasTOI,rajatpTOI,2
204919,Tweet,rajendrasTOI,ramarkosg,19
204888,Tweet,rajendrasTOI,parthasinha,31
204873,Tweet,rajendrasTOI,rajatpTOI,2
204912,Tweet,rajendrasTOI,Arun_Ram,36
120208,Article,FelicityCloake,VivianHo,4
120080,Article,FelicityCloake,jimtankersley,422
120067,Article,FelicityCloake,FelicityCloake,1
120033,Article,FelicityCloake,tejalrao,2
120020,Article,FelicityCloake,steve_hewlett,13
120197,Article,FelicityCloake,FelicityCloake,1
120059,Article,FelicityCloake,FelicityCloake,1
120053,Article,FelicityCloake,winematcher,61
120207,Article,FelicityCloake,FelicityCloake,1
120187,Article,FelicityCloake,rondakaysen,56
120236,Article,FelicityCloake,DawnHFoster,8
120221,Article,FelicityCloake,oliverburkeman,35
120214,Article,FelicityCloake,melissaclark,9
120051,Article,FelicityCloake,FelicityCloake,1
120148,Article,FelicityCloake,nnougayrede,274
120317,Tweet,FelicityCloake,lyngardner,53
120416,Tweet,FelicityCloake,melissaclark,24
120632,Tweet,FelicityCloake,bglendenning,135
120413,Tweet,FelicityCloake,melissaclark,8
120769,Tweet,FelicityCloake,LauraCummingArt,4
120447,Tweet,FelicityCloake,AlysFowler,2
120362,Tweet,FelicityCloake,allegramcevedy,3
120823,Tweet,FelicityCloake,nicklezard,63
120427,Tweet,FelicityCloake,melissaclark,11
120292,Tweet,FelicityCloake,samsifton,176
120788,Tweet,FelicityCloake,marcatracy,230
120724,Tweet,FelicityCloake,LauraCummingArt,45
120588,Tweet,FelicityCloake,MarinaOLoughlin,12
120641,Tweet,FelicityCloake,_nicolaclark,3
120538,Tweet,FelicityCloake,elizabday,83
35489,Article,EricaLG,hillhulse,45
35415,Article,EricaLG,andrewrsorkin,27
35475,Article,EricaLG,jbouie,119
35461,Article,EricaLG,jillfilipovic,133
35453,Article,EricaLG,tariqpanja,28
35418,Article,EricaLG,KapildaveTOI,85
35488,Article,EricaLG,helenecooper,18
35408,Article,EricaLG,hillhulse,20
35406,Article,EricaLG,mikeives,14
35459,Article,EricaLG,hillhulse,16
35427,Article,EricaLG,NikiKitsantonis,7
35400,Article,EricaLG,andrewrsorkin,111
35487,Article,EricaLG,marywalshjourno,57
35445,Article,EricaLG,ESCochrane,17
35492,Article,EricaLG,RichardFausset,20
35594,Tweet,EricaLG,tomdyckhoff,288
35513,Tweet,EricaLG,andybrassell,6
35567,Tweet,EricaLG,jennydeluxe,6
35534,Tweet,EricaLG,andybrassell,2
35502,Tweet,EricaLG,ByMattStevens,35
35571,Tweet,EricaLG,GiniaNYT,89
35565,Tweet,EricaLG,FrancesRobles,61
35548,Tweet,EricaLG,andybrassell,7
35529,Tweet,EricaLG,joncaramanica,109
35532,Tweet,EricaLG,EricaLG,1
35531,Tweet,EricaLG,LucyMangan,12
35508,Tweet,EricaLG,EricaLG,1
35509,Tweet,EricaLG,el_belson,22
35569,Tweet,EricaLG,GiniaNYT,87
35599,Tweet,EricaLG,RBReich,253
20653,Article,ewong,EllenBarryNYT,2
20646,Article,ewong,RBReich,23
20626,Article,ewong,stevenerlanger,18
20683,Article,ewong,ewong,1
20612,Article,ewong,AnaSwanson,22
20652,Article,ewong,ewong,1
20698,Article,ewong,julianbarnes,8
20693,Article,ewong,npwcnn,14
20611,Article,ewong,ewong,1
20601,Article,ewong,NYTBen,35
20656,Article,ewong,michaelcrowley,3
20666,Article,ewong,kenvogel,2
20686,Article,ewong,michaelcrowley,4
20619,Article,ewong,AnaSwanson,2
20679,Article,ewong,AnaSwanson,2
20728,Tweet,ewong,FrankBruni,156
20734,Tweet,ewong,Shilarze_SSR,85
20769,Tweet,ewong,vijayVsinghTOI,227
20704,Tweet,ewong,DouthatNYT,141
20799,Tweet,ewong,ajaysuraTOI,350
20752,Tweet,ewong,alexanderburns,92
20725,Tweet,ewong,ewong,1
20731,Tweet,ewong,michaelcrowley,4
20755,Tweet,ewong,julianbarnes,21
20748,Tweet,ewong,TOISH31,216
20760,Tweet,ewong,SherylNYT,30
20770,Tweet,ewong,SwatiMathurTOI,32
20736,Tweet,ewong,palaknandiTOI,161
20732,Tweet,ewong,AnaSwanson,5
20742,Tweet,ewong,gailcollins,110
69426,Article,greenslader,FelicityCloake,22
69594,Article,greenslader,LizAldermanNYT,229
69487,Article,greenslader,davidhepworth,2
69448,Article,greenslader,OwenJones84,89
69625,Article,greenslader,davidhepworth,4
69557,Article,greenslader,sarfrazmanzoor,2
69503,Article,greenslader,greenslader,1
69430,Article,greenslader,DeccaJourno,98
69599,Article,greenslader,NilsPratley,8
69439,Article,greenslader,OwenJones84,191
69520,Article,greenslader,john_hooper,42
69484,Article,greenslader,davidhepworth,8
69607,Article,greenslader,emilybell,29
69438,Article,greenslader,gilestremlett,296
69414,Article,greenslader,ameliagentleman,119
69650,Tweet,greenslader,Lattif,151
70099,Tweet,greenslader,tomdyckhoff,2
69834,Tweet,greenslader,mtomasky,42
70171,Tweet,greenslader,ggreenwald,35
69895,Tweet,greenslader,davidhepworth,15
69867,Tweet,greenslader,paulmasonnews,31
69771,Tweet,greenslader,HackneyAbbott,9
69756,Tweet,greenslader,nytDeniseGrady,49
69952,Tweet,greenslader,davidleighx,31
69970,Tweet,greenslader,williamkeegan,13
69654,Tweet,greenslader,williamkeegan,3
70104,Tweet,greenslader,GRajivTOI,32
70090,Tweet,greenslader,jimwaterson,17
69982,Tweet,greenslader,williamkeegan,7
69922,Tweet,greenslader,AnushkaAsthana,6
178445,Article,bishnoiarvind11,anandbodhTOI,34
178410,Article,bishnoiarvind11,AtulMathur_,53
178499,Article,bishnoiarvind11,Crime_Selvaraj,2
178413,Article,bishnoiarvind11,SyedAkbarTOI,62
178417,Article,bishnoiarvind11,FabrizioRomano,83
178371,Article,bishnoiarvind11,smbahr14,91
178447,Article,bishnoiarvind11,anandbodhTOI,25
178520,Article,bishnoiarvind11,anandbodhTOI,13
178391,Article,bishnoiarvind11,RaphaelMinder,122
178396,Article,bishnoiarvind11,priyangiTOI,44
178500,Article,bishnoiarvind11,har_mandeep,57
178313,Article,bishnoiarvind11,bishnoiarvind11,1
178361,Article,bishnoiarvind11,rajendrasTOI,13
178524,Article,bishnoiarvind11,journo_vibha,7
178395,Article,bishnoiarvind11,anandbodhTOI,8
178553,Tweet,bishnoiarvind11,binays1960,69
178592,Tweet,bishnoiarvind11,PNaveenTOI,69
178571,Tweet,bishnoiarvind11,bishnoiarvind11,1
178565,Tweet,bishnoiarvind11,PNaveenTOI,11
178566,Tweet,bishnoiarvind11,PNaveenTOI,42
178588,Tweet,bishnoiarvind11,GlennThrush,102
178544,Tweet,bishnoiarvind11,PNaveenTOI,35
178627,Tweet,bishnoiarvind11,vijaysinghTOI,39
178585,Tweet,bishnoiarvind11,maheshbTOI,22
178591,Tweet,bishnoiarvind11,rhymetraveller,18
178559,Tweet,bishnoiarvind11,vijaysinghTOI,10
178584,Tweet,bishnoiarvind11,ChaitanyadTOI,41
178599,Tweet,bishnoiarvind11,bishnoiarvind11,1
178617,Tweet,bishnoiarvind11,dubeyavishek,2
178532,Tweet,bishnoiarvind11,bishnoiarvind11,1
17662,Article,RichSandomir,MichaelPaulson,12
17692,Article,RichSandomir,alexmarshall81,3
17699,Article,RichSandomir,paulkrugman,222
17644,Article,RichSandomir,samrob12,4
17613,Article,RichSandomir,genznyt,11
17651,Article,RichSandomir,declanwalsh,126
17628,Article,RichSandomir,genznyt,5
17656,Article,RichSandomir,DSlotnik,22
17665,Article,RichSandomir,DanBilefsky,64
17655,Article,RichSandomir,samrob12,39
17672,Article,RichSandomir,naomi2009,66
17610,Article,RichSandomir,samrob12,3
17670,Article,RichSandomir,genznyt,2
17695,Article,RichSandomir,MichaelPaulson,13
17627,Article,RichSandomir,el_belson,7
17748,Tweet,RichSandomir,ditzkoff,2
17709,Tweet,RichSandomir,nytDeniseGrady,48
17791,Tweet,RichSandomir,LFFriedman,39
17780,Tweet,RichSandomir,omjasvinTOI,114
17710,Tweet,RichSandomir,EmilyAnthes,15
17758,Tweet,RichSandomir,billywitz,61
17704,Tweet,RichSandomir,DSlotnik,118
17751,Tweet,RichSandomir,shattenstone,11
17754,Tweet,RichSandomir,genznyt,138
17764,Tweet,RichSandomir,mtomasky,59
17794,Tweet,RichSandomir,RaphaelMinder,92
17735,Tweet,RichSandomir,samrob12,47
17717,Tweet,RichSandomir,DanBilefsky,253
17740,Tweet,RichSandomir,genznyt,6
17798,Tweet,RichSandomir,juliarebeccaj,7
23614,Article,sarahlyall,pete_wells,21
23685,Article,sarahlyall,FrankBruni,71
23638,Article,sarahlyall,jwpetersNYT,77
23604,Article,sarahlyall,PatrickKingsley,21
23661,Article,sarahlyall,timlottwriter,46
23610,Article,sarahlyall,dwightgarner,5
23660,Article,sarahlyall,DouthatNYT,45
23671,Article,sarahlyall,thestephmerritt,30
23678,Article,sarahlyall,dwightgarner,14
23663,Article,sarahlyall,TanyaGold1,10
23666,Article,sarahlyall,DouthatNYT,20
23698,Article,sarahlyall,dwightgarner,127
23699,Article,sarahlyall,andrewrsorkin,226
23688,Article,sarahlyall,DerekMalcolm123,193
23696,Article,sarahlyall,pete_wells,50
23770,Tweet,sarahlyall,jennydeluxe,65
23701,Tweet,sarahlyall,damiencave,3
23711,Tweet,sarahlyall,jennydeluxe,26
23702,Tweet,sarahlyall,saumyajitbTOI,36
23743,Tweet,sarahlyall,jennyschuessler,106
23779,Tweet,sarahlyall,LauraCummingArt,6
23718,Tweet,sarahlyall,desaisantosh,7
23712,Tweet,sarahlyall,RorySmith,4
23766,Tweet,sarahlyall,FrankBruni,14
23754,Tweet,sarahlyall,tushhaikhush,30
23735,Tweet,sarahlyall,jennydeluxe,38
23714,Tweet,sarahlyall,andrewrawnsley,21
23761,Tweet,sarahlyall,msrachelcooke,44
23725,Tweet,sarahlyall,NYTimesCohen,25
23757,Tweet,sarahlyall,msmirandasawyer,215
219890,Article,vaibhavgTOI,alexbellos,124
219723,Article,vaibhavgTOI,amitanandTOI,11
219886,Article,vaibhavgTOI,vijayVsinghTOI,44
219741,Article,vaibhavgTOI,philipoltermann,17
219824,Article,vaibhavgTOI,rjadHinduBL,2
219889,Article,vaibhavgTOI,AshokPradhanTOI,40
219950,Article,vaibhavgTOI,aseemsgujar,94
219772,Article,vaibhavgTOI,RosySequeiraTOI,36
219784,Article,vaibhavgTOI,yeshikabudhwar,34
219866,Article,vaibhavgTOI,RosySequeiraTOI,13
219943,Article,vaibhavgTOI,SribaalaVTOI,15
219858,Article,vaibhavgTOI,LeoHickman,4
219882,Article,vaibhavgTOI,Crime_Selvaraj,55
219918,Article,vaibhavgTOI,niyatiparikhTOI,28
219806,Article,vaibhavgTOI,NilsPratley,59
219997,Tweet,vaibhavgTOI,mateenHTOI,6
220022,Tweet,vaibhavgTOI,ChaitanyadTOI,6
219966,Tweet,vaibhavgTOI,007pandey,3
220014,Tweet,vaibhavgTOI,ChaitanyadTOI,26
219994,Tweet,vaibhavgTOI,RosySequeiraTOI,18
220018,Tweet,vaibhavgTOI,damiencave,9
220039,Tweet,vaibhavgTOI,lisamonteiroTOI,10
220017,Tweet,vaibhavgTOI,journo_vibha,38
219969,Tweet,vaibhavgTOI,priyagupta999,9
219963,Tweet,vaibhavgTOI,umamahesh_ToI,10
220013,Tweet,vaibhavgTOI,AraniBasuTOI,49
220028,Tweet,vaibhavgTOI,vaibhavgTOI,1
220056,Tweet,vaibhavgTOI,kush_junglee,23
220047,Tweet,vaibhavgTOI,Chethan_Dash,62
220055,Tweet,vaibhavgTOI,PjJoychen,24
216471,Article,TOISH31,bykaren,19
216581,Article,TOISH31,RorySmith,12
216529,Article,TOISH31,saumyajitbTOI,28
216559,Article,TOISH31,AniltheMatrix,17
216434,Article,TOISH31,vivek9301,89
216458,Article,TOISH31,aniljdias,10
216381,Article,TOISH31,aniljdias,4
216565,Article,TOISH31,aniljdias,25
216556,Article,TOISH31,TOISH31,1
216548,Article,TOISH31,rajatpTOI,4
216481,Article,TOISH31,divyapal2013,159
216499,Article,TOISH31,SharonLNYT,67
216495,Article,TOISH31,saumyajitbTOI,2
216489,Article,TOISH31,saumyajitbTOI,5
216611,Article,TOISH31,sendvictorious,5
216618,Tweet,TOISH31,debaratisen,4
216653,Tweet,TOISH31,TOISH31,1
216631,Tweet,TOISH31,TOISH31,1
216686,Tweet,TOISH31,TOISH31,1
216660,Tweet,TOISH31,TOISH31,1
216662,Tweet,TOISH31,TOISH31,1
216656,Tweet,TOISH31,TOISH31,1
216696,Tweet,TOISH31,TOISH31,1
216687,Tweet,TOISH31,TOISH31,1
216627,Tweet,TOISH31,TOISH31,1
216702,Tweet,TOISH31,TOISH31,1
216699,Tweet,TOISH31,TOISH31,1
216704,Tweet,TOISH31,TOISH31,1
216663,Tweet,TOISH31,TOISH31,1
216619,Tweet,TOISH31,TOISH31,1
54704,Article,alexvtunzelmann,DerekMalcolm123,7
54710,Article,alexvtunzelmann,alexvtunzelmann,1
54631,Article,alexvtunzelmann,alexvtunzelmann,1
54767,Article,alexvtunzelmann,alexvtunzelmann,1
54769,Article,alexvtunzelmann,DerekMalcolm123,2
54610,Article,alexvtunzelmann,wesley_morris,55
54762,Article,alexvtunzelmann,DerekMalcolm123,3
54816,Article,alexvtunzelmann,alexvtunzelmann,1
54658,Article,alexvtunzelmann,DerekMalcolm123,3
54653,Article,alexvtunzelmann,alexvtunzelmann,1
54854,Article,alexvtunzelmann,alexvtunzelmann,1
54637,Article,alexvtunzelmann,alexvtunzelmann,1
54719,Article,alexvtunzelmann,alexvtunzelmann,1
54751,Article,alexvtunzelmann,DerekMalcolm123,2
54783,Article,alexvtunzelmann,alexvtunzelmann,1
55167,Tweet,alexvtunzelmann,williamkeegan,14
55287,Tweet,alexvtunzelmann,SocialQPhilip,40
55365,Tweet,alexvtunzelmann,carlzimmer,285
55136,Tweet,alexvtunzelmann,FabrizioRomano,58
55265,Tweet,alexvtunzelmann,aleksk,121
54954,Tweet,alexvtunzelmann,sarahditum,47
55170,Tweet,alexvtunzelmann,charltonbrooker,38
54933,Tweet,alexvtunzelmann,sarahditum,19
55207,Tweet,alexvtunzelmann,rondakaysen,305
55340,Tweet,alexvtunzelmann,nnougayrede,23
55095,Tweet,alexvtunzelmann,debaratisen,245
55176,Tweet,alexvtunzelmann,kylebuchanan,28
54864,Tweet,alexvtunzelmann,andrewrsorkin,127
55063,Tweet,alexvtunzelmann,gailcollins,26
54871,Tweet,alexvtunzelmann,VivianHo,83
100437,Article,archiebland,FelicityCloake,240
100340,Article,archiebland,ewenmacaskill,107
100424,Article,archiebland,AshokPradhanTOI,54
100402,Article,archiebland,hugolowell,52
100323,Article,archiebland,GeorgeMonbiot,23
100364,Article,archiebland,paulmasonnews,44
100429,Article,archiebland,jameskanter,98
100305,Article,archiebland,PippaCrerar,100
100222,Article,archiebland,ameliagentleman,96
100404,Article,archiebland,HackneyAbbott,113
100368,Article,archiebland,Lattif,391
100431,Article,archiebland,andybrassell,41
100421,Article,archiebland,mtomasky,200
100193,Article,archiebland,laurenlaverne,59
100415,Article,archiebland,DeccaJourno,44
100902,Tweet,archiebland,davidhepworth,162
100755,Tweet,archiebland,jimwaterson,66
100699,Tweet,archiebland,LauraCummingArt,88
100775,Tweet,archiebland,margaretrenkl,402
100912,Tweet,archiebland,mtomasky,51
100686,Tweet,archiebland,DeccaJourno,6
100452,Tweet,archiebland,TristramHuntVA,98
101030,Tweet,archiebland,RorySmith,224
100946,Tweet,archiebland,LizAldermanNYT,388
100502,Tweet,archiebland,RorySmith,207
100566,Tweet,archiebland,oliverburkeman,203
100485,Tweet,archiebland,HackneyAbbott,80
100696,Tweet,archiebland,peterbradshaw1,166
100712,Tweet,archiebland,oliverburkeman,153
100710,Tweet,archiebland,DeccaJourno,67
180504,Article,desaisantosh,ggreenwald,188
180588,Article,desaisantosh,DouthatNYT,20
180604,Article,desaisantosh,desaisantosh,1
180490,Article,desaisantosh,desaisantosh,1
180493,Article,desaisantosh,gmorgenson,16
180583,Article,desaisantosh,DouthatNYT,55
180567,Article,desaisantosh,OwenJones84,53
180577,Article,desaisantosh,joncaramanica,57
180616,Article,desaisantosh,umamahesh_ToI,246
180516,Article,desaisantosh,desaisantosh,1
180517,Article,desaisantosh,winematcher,20
180502,Article,desaisantosh,sermoninstone,104
180507,Article,desaisantosh,attackerman,433
180594,Article,desaisantosh,davidhepworth,14
180596,Article,desaisantosh,williamkeegan,16
180641,Tweet,desaisantosh,saumyajitbTOI,13
180702,Tweet,desaisantosh,desaisantosh,1
180663,Tweet,desaisantosh,SocialQPhilip,36
180664,Tweet,desaisantosh,desaisantosh,1
180660,Tweet,desaisantosh,desaisantosh,1
180692,Tweet,desaisantosh,desaisantosh,1
180632,Tweet,desaisantosh,PeterTatchell,5
180656,Tweet,desaisantosh,desaisantosh,1
180622,Tweet,desaisantosh,desaisantosh,1
180649,Tweet,desaisantosh,somitsenTOI,49
180694,Tweet,desaisantosh,vijaysinghTOI,97
180665,Tweet,desaisantosh,kush_junglee,27
180661,Tweet,desaisantosh,desaisantosh,1
180672,Tweet,desaisantosh,desaisantosh,1
180652,Tweet,desaisantosh,MujMash,68
7689,Article,EVincentelli,sisario,18
7629,Article,EVincentelli,wesley_morris,4
7661,Article,EVincentelli,pete_wells,7
7667,Article,EVincentelli,andrewrsorkin,34
7640,Article,EVincentelli,benkenigsberg,5
7684,Article,EVincentelli,naomi2009,173
7605,Article,EVincentelli,DouthatNYT,10
7652,Article,EVincentelli,vijaysinghTOI,232
7688,Article,EVincentelli,margaretrenkl,3
7631,Article,EVincentelli,naomi2009,16
7625,Article,EVincentelli,pete_wells,6
7616,Article,EVincentelli,ManjuVTOI,116
7601,Article,EVincentelli,kylebuchanan,38
7608,Article,EVincentelli,sisario,25
7648,Article,EVincentelli,ASoloski,6
7710,Tweet,EVincentelli,michaelcrowley,336
7724,Tweet,EVincentelli,jhoffman,6
7729,Tweet,EVincentelli,rachlharris,7
7758,Tweet,EVincentelli,jhoffman,91
7799,Tweet,EVincentelli,sisario,19
7797,Tweet,EVincentelli,alexvtunzelmann,15
7718,Tweet,EVincentelli,DanielKingChess,67
7705,Tweet,EVincentelli,EVincentelli,1
7748,Tweet,EVincentelli,MoharBasu,13
7790,Tweet,EVincentelli,laurenlaverne,87
7767,Tweet,EVincentelli,oliverburkeman,10
7743,Tweet,EVincentelli,jonpareles,32
7745,Tweet,EVincentelli,pete_wells,36
7761,Tweet,EVincentelli,parul_sehgal,8
7754,Tweet,EVincentelli,naomi2009,275
202110,Article,pradeepjourno,pradeepjourno,1
202162,Article,pradeepjourno,lucysiegle,8
202128,Article,pradeepjourno,007pandey,40
202104,Article,pradeepjourno,GRajivTOI,55
202050,Article,pradeepjourno,pradeeptTOI,64
202101,Article,pradeepjourno,minatisinghaTOI,2
201972,Article,pradeepjourno,rajendrasTOI,10
202135,Article,pradeepjourno,sandhyanairTOI,14
202172,Article,pradeepjourno,mateenHTOI,13
201994,Article,pradeepjourno,sandhyanairTOI,55
202096,Article,pradeepjourno,SagrikaKissu,21
201929,Article,pradeepjourno,sandhyanairTOI,7
201995,Article,pradeepjourno,nauzerbTOI,23
202087,Article,pradeepjourno,Banjotkaur,26
201991,Article,pradeepjourno,sandhyanairTOI,13
202255,Tweet,pradeepjourno,sermoninstone,7
202266,Tweet,pradeepjourno,MKSinghGkp,35
202211,Tweet,pradeepjourno,PatrickKingsley,196
202217,Tweet,pradeepjourno,PatrickKingsley,230
202184,Tweet,pradeepjourno,BawaNaaved,35
202201,Tweet,pradeepjourno,ChaitanyadTOI,15
202226,Tweet,pradeepjourno,davidleighx,489
202256,Tweet,pradeepjourno,TOISH31,25
202229,Tweet,pradeepjourno,Gauraw2297,104
202206,Tweet,pradeepjourno,saumyajitbTOI,265
202216,Tweet,pradeepjourno,mohuadazz,63
202204,Tweet,pradeepjourno,meeravohraTOI,3
202250,Tweet,pradeepjourno,vijaysinghTOI,5
202200,Tweet,pradeepjourno,PNaveenTOI,3
202257,Tweet,pradeepjourno,IKershner,246
201411,Article,PjJoychen,petleepeter,38
201355,Article,PjJoychen,amitanandTOI,9
201343,Article,PjJoychen,rajendrasTOI,10
201319,Article,PjJoychen,toi_dhananjayM,31
201397,Article,PjJoychen,007pandey,106
201331,Article,PjJoychen,naomi2009,112
201329,Article,PjJoychen,KapildaveTOI,18
201447,Article,PjJoychen,rajendrasTOI,2
201431,Article,PjJoychen,toi_dhananjayM,14
201435,Article,PjJoychen,KapildaveTOI,2
201396,Article,PjJoychen,jeannasmialek,84
201378,Article,PjJoychen,michaelcrowley,32
201379,Article,PjJoychen,amitanandTOI,11
201365,Article,PjJoychen,RosySequeiraTOI,10
201361,Article,PjJoychen,sangerkatz,324
201485,Tweet,PjJoychen,PjJoychen,1
201503,Tweet,PjJoychen,PjJoychen,1
201514,Tweet,PjJoychen,PjJoychen,1
201576,Tweet,PjJoychen,PjJoychen,1
201579,Tweet,PjJoychen,PjJoychen,1
201563,Tweet,PjJoychen,PjJoychen,1
201543,Tweet,PjJoychen,SindhukTOI,2
201540,Tweet,PjJoychen,PjJoychen,1
201520,Tweet,PjJoychen,PjJoychen,1
201507,Tweet,PjJoychen,PjJoychen,1
201577,Tweet,PjJoychen,PjJoychen,1
201501,Tweet,PjJoychen,SindhukTOI,2
201545,Tweet,PjJoychen,PjJoychen,1
201481,Tweet,PjJoychen,parthasinha,274
201568,Tweet,PjJoychen,PjJoychen,1
30664,Article,jennydeluxe,jackschofield,3
30669,Article,jennydeluxe,SwatiShindeTOI,381
30642,Article,jennydeluxe,pete_wells,447
30665,Article,jennydeluxe,tejalrao,5
30644,Article,jennydeluxe,aleksk,7
30608,Article,jennydeluxe,petleepeter,227
30655,Article,jennydeluxe,jamesrbuk,11
30682,Article,jennydeluxe,DouthatNYT,246
30607,Article,jennydeluxe,ByJamesWagner,3
30681,Article,jennydeluxe,PerriKlass,353
30697,Article,jennydeluxe,DouthatNYT,375
30688,Article,jennydeluxe,ditzkoff,111
30656,Article,jennydeluxe,jennydeluxe,1
30673,Article,jennydeluxe,jennydeluxe,1
30672,Article,jennydeluxe,pete_wells,318
30725,Tweet,jennydeluxe,NesrineMalik,7
30705,Tweet,jennydeluxe,andybrassell,2
30761,Tweet,jennydeluxe,lucysiegle,40
30722,Tweet,jennydeluxe,andybrassell,39
30745,Tweet,jennydeluxe,lucywardsings,40
30721,Tweet,jennydeluxe,afuahirsch,7
30742,Tweet,jennydeluxe,jennydeluxe,1
30766,Tweet,jennydeluxe,lucywardsings,3
30755,Tweet,jennydeluxe,LucyMangan,6
30736,Tweet,jennydeluxe,jennydeluxe,1
30744,Tweet,jennydeluxe,bykaren,18
30707,Tweet,jennydeluxe,jennydeluxe,1
30703,Tweet,jennydeluxe,andybrassell,3
30716,Tweet,jennydeluxe,Mahafreed_Irani,310
30735,Tweet,jennydeluxe,gailcollins,338
218744,Article,umamahesh_ToI,richapintoi,7
218826,Article,umamahesh_ToI,rajatpTOI,31
218718,Article,umamahesh_ToI,SindhukTOI,14
218904,Article,umamahesh_ToI,aseemsgujar,13
218884,Article,umamahesh_ToI,rajendrasTOI,62
218704,Article,umamahesh_ToI,umamahesh_ToI,1
218868,Article,umamahesh_ToI,007pandey,19
218850,Article,umamahesh_ToI,NirupaTOI,4
218765,Article,umamahesh_ToI,digbijaymishra1,18
218909,Article,umamahesh_ToI,durgeshjhaTOI,8
218914,Article,umamahesh_ToI,pradeeptTOI,5
218710,Article,umamahesh_ToI,sandhyanairTOI,6
218891,Article,umamahesh_ToI,digbijaymishra1,16
218856,Article,umamahesh_ToI,007pandey,13
218716,Article,umamahesh_ToI,HemantaTOI,97
218968,Tweet,umamahesh_ToI,ianrausten,96
218944,Tweet,umamahesh_ToI,PjJoychen,34
218959,Tweet,umamahesh_ToI,maheshbTOI,83
219003,Tweet,umamahesh_ToI,petleepeter,28
219002,Tweet,umamahesh_ToI,thestephmerritt,87
218919,Tweet,umamahesh_ToI,ChaitanyadTOI,4
218992,Tweet,umamahesh_ToI,peterbradshaw1,193
218955,Tweet,umamahesh_ToI,umamahesh_ToI,1
219001,Tweet,umamahesh_ToI,DanielKingChess,44
218996,Tweet,umamahesh_ToI,petleepeter,73
218939,Tweet,umamahesh_ToI,sudhanshub16,18
218978,Tweet,umamahesh_ToI,polblonde,317
218951,Tweet,umamahesh_ToI,RichSandomir,8
218977,Tweet,umamahesh_ToI,ukigoni,22
218970,Tweet,umamahesh_ToI,petleepeter,47
26636,Article,tejalrao,Crime_Selvaraj,394
26681,Article,tejalrao,tejalrao,1
26683,Article,tejalrao,tejalrao,1
26664,Article,tejalrao,tejalrao,1
26618,Article,tejalrao,margaretrenkl,251
26686,Article,tejalrao,pete_wells,8
26658,Article,tejalrao,pete_wells,51
26680,Article,tejalrao,pete_wells,6
26654,Article,tejalrao,JessicaValenti,2
26662,Article,tejalrao,pete_wells,20
26626,Article,tejalrao,melissaclark,5
26672,Article,tejalrao,melissaclark,2
26669,Article,tejalrao,pete_wells,4
26651,Article,tejalrao,melissaclark,3
26646,Article,tejalrao,pete_wells,6
26748,Tweet,tejalrao,lucywardsings,63
26720,Tweet,tejalrao,AshokPradhanTOI,58
26739,Tweet,tejalrao,we_are_food,57
26790,Tweet,tejalrao,lenoretaylor,238
26710,Tweet,tejalrao,elizabday,25
26784,Tweet,tejalrao,afuahirsch,70
26762,Tweet,tejalrao,melissaclark,3
26760,Tweet,tejalrao,MoharBasu,4
26738,Tweet,tejalrao,annanorthtweets,146
26728,Tweet,tejalrao,SocialQPhilip,60
26737,Tweet,tejalrao,vijayVsinghTOI,433
26702,Tweet,tejalrao,samsifton,2
26773,Tweet,tejalrao,jfordham_jazz,294
26785,Tweet,tejalrao,vvfriedman,54
26705,Tweet,tejalrao,tejalrao,1
179000,Article,ChaithanyaSwamy,PNaveenTOI,3
179080,Article,ChaithanyaSwamy,SindhukTOI,20
179027,Article,ChaithanyaSwamy,SindhukTOI,6
178987,Article,ChaithanyaSwamy,NishikantkTOI,14
179076,Article,ChaithanyaSwamy,rajendrasTOI,24
179072,Article,ChaithanyaSwamy,vijayVsinghTOI,98
178998,Article,ChaithanyaSwamy,AmritadTOI,78
179037,Article,ChaithanyaSwamy,sandhyanairTOI,102
179031,Article,ChaithanyaSwamy,Crime_Selvaraj,11
179040,Article,ChaithanyaSwamy,Crime_Selvaraj,64
179014,Article,ChaithanyaSwamy,AditiZero,14
179059,Article,ChaithanyaSwamy,dkarthikTOI,8
179008,Article,ChaithanyaSwamy,DekaJayanta,12
179094,Article,ChaithanyaSwamy,MiriamElder,54
179068,Article,ChaithanyaSwamy,mateenHTOI,35
179215,Tweet,ChaithanyaSwamy,IKershner,7
179152,Tweet,ChaithanyaSwamy,ChaitanyadTOI,26
179171,Tweet,ChaithanyaSwamy,PNaveenTOI,73
179185,Tweet,ChaithanyaSwamy,PjJoychen,57
179201,Tweet,ChaithanyaSwamy,mateenHTOI,116
179162,Tweet,ChaithanyaSwamy,PNaveenTOI,3
179145,Tweet,ChaithanyaSwamy,PjJoychen,13
179204,Tweet,ChaithanyaSwamy,PjJoychen,34
179158,Tweet,ChaithanyaSwamy,aleksk,171
179165,Tweet,ChaithanyaSwamy,MonaChalabi,47
179186,Tweet,ChaithanyaSwamy,ChaitanyadTOI,45
179144,Tweet,ChaithanyaSwamy,ajaysuraTOI,399
179133,Tweet,ChaithanyaSwamy,HemantaTOI,113
179129,Tweet,ChaithanyaSwamy,KomalGautham,96
179161,Tweet,ChaithanyaSwamy,desaisantosh,14
131115,Article,axrenton,tomdyckhoff,28
131154,Article,axrenton,davidhepworth,11
131179,Article,axrenton,NilsPratley,22
131145,Article,axrenton,emilybell,47
131157,Article,axrenton,davidhepworth,19
131170,Article,axrenton,williamkeegan,46
131071,Article,axrenton,LFFriedman,211
131112,Article,axrenton,NilsPratley,17
131073,Article,axrenton,NilsPratley,19
131109,Article,axrenton,JohnJCrace,22
131142,Article,axrenton,ottolenghi,4
131092,Article,axrenton,RebeccaSeal,15
131059,Article,axrenton,jillfilipovic,68
131096,Article,axrenton,jennydeluxe,218
131190,Article,axrenton,williamkeegan,29
131305,Tweet,axrenton,axrenton,1
131310,Tweet,axrenton,NilsPratley,35
131617,Tweet,axrenton,sangerkatz,434
131646,Tweet,axrenton,salihughes,60
131702,Tweet,axrenton,mateenHTOI,305
131399,Tweet,axrenton,steve_hewlett,52
131333,Tweet,axrenton,KateEMcCann,46
131755,Tweet,axrenton,MarinaOLoughlin,42
131363,Tweet,axrenton,leninology,24
131506,Tweet,axrenton,thestephmerritt,17
131448,Tweet,axrenton,sendvictorious,47
131735,Tweet,axrenton,ajaysuraTOI,364
131243,Tweet,axrenton,ameliagentleman,169
131526,Tweet,axrenton,parthasinha,308
131238,Tweet,axrenton,KateEMcCann,20
24833,Article,zwoolfe,OfficeGSBrown,236
24873,Article,zwoolfe,DerekMalcolm123,5
24878,Article,zwoolfe,NYTimesCohen,20
24845,Article,zwoolfe,kbennhold,2
24894,Article,zwoolfe,zwoolfe,1
24875,Article,zwoolfe,pete_wells,17
24886,Article,zwoolfe,NYTimesCohen,2
24804,Article,zwoolfe,smbahr14,3
24831,Article,zwoolfe,DerekMalcolm123,44
24803,Article,zwoolfe,NYTimesCohen,19
24891,Article,zwoolfe,MichaelPaulson,32
24807,Article,zwoolfe,DerekMalcolm123,16
24849,Article,zwoolfe,EVincentelli,6
24859,Article,zwoolfe,DerekMalcolm123,15
24829,Article,zwoolfe,NYTimesCohen,68
24938,Tweet,zwoolfe,jfordham_jazz,36
24939,Tweet,zwoolfe,jfordham_jazz,17
24940,Tweet,zwoolfe,genznyt,4
24961,Tweet,zwoolfe,joncaramanica,352
24918,Tweet,zwoolfe,psangeetha2112,3
24945,Tweet,zwoolfe,jwpetersNYT,91
24965,Tweet,zwoolfe,gailcollins,39
24928,Tweet,zwoolfe,davidleighx,180
24964,Tweet,zwoolfe,zwoolfe,1
24980,Tweet,zwoolfe,BellaKwai,113
24970,Tweet,zwoolfe,zwoolfe,1
24987,Tweet,zwoolfe,nnougayrede,35
24995,Tweet,zwoolfe,zwoolfe,1
24919,Tweet,zwoolfe,helenecooper,251
24943,Tweet,zwoolfe,llerer,135
16437,Article,paulkrugman,DouthatNYT,3
16458,Article,paulkrugman,DouthatNYT,4
16427,Article,paulkrugman,sangerkatz,6
16486,Article,paulkrugman,paulkrugman,1
16400,Article,paulkrugman,pete_wells,10
16471,Article,paulkrugman,RBReich,3
16494,Article,paulkrugman,DouthatNYT,3
16433,Article,paulkrugman,paulkrugman,1
16411,Article,paulkrugman,RBReich,4
16416,Article,paulkrugman,ditzkoff,12
16425,Article,paulkrugman,paulkrugman,1
16441,Article,paulkrugman,llerer,13
16446,Article,paulkrugman,paulkrugman,1
16470,Article,paulkrugman,paulkrugman,1
16448,Article,paulkrugman,RBReich,4
16519,Tweet,paulkrugman,paulkrugman,1
16543,Tweet,paulkrugman,paulkrugman,1
16553,Tweet,paulkrugman,jeannasmialek,2
16517,Tweet,paulkrugman,Markbeaumontuk,392
16560,Tweet,paulkrugman,paulkrugman,1
16552,Tweet,paulkrugman,paulkrugman,1
16590,Tweet,paulkrugman,fmanjoo,11
16570,Tweet,paulkrugman,paulkrugman,1
16503,Tweet,paulkrugman,paulkrugman,1
16541,Tweet,paulkrugman,paulkrugman,1
16576,Tweet,paulkrugman,paulkrugman,1
16550,Tweet,paulkrugman,paulkrugman,1
16579,Tweet,paulkrugman,paulkrugman,1
16535,Tweet,paulkrugman,paulkrugman,1
16537,Tweet,paulkrugman,paulkrugman,1
217234,Article,toi_ManujaV,Shrivathsan1437,2
217266,Article,toi_ManujaV,Shrivathsan1437,15
217308,Article,toi_ManujaV,Shrivathsan1437,15
217239,Article,toi_ManujaV,vivek9301,8
217203,Article,toi_ManujaV,vivek9301,4
217233,Article,toi_ManujaV,andrewrsorkin,72
217095,Article,toi_ManujaV,manujaveerappa,6
217091,Article,toi_ManujaV,vivek9301,31
217253,Article,toi_ManujaV,Pratiks_TOI,9
217197,Article,toi_ManujaV,tomfriedman,162
217235,Article,toi_ManujaV,minatisinghaTOI,56
217189,Article,toi_ManujaV,vivek9301,3
217250,Article,toi_ManujaV,TOISH31,37
217096,Article,toi_ManujaV,aniljdias,3
217307,Article,toi_ManujaV,_nicolaclark,48
217360,Tweet,toi_ManujaV,Shilarze_SSR,10
217335,Tweet,toi_ManujaV,sudeshnagTOI,4
217333,Tweet,toi_ManujaV,Pratiks_TOI,14
217326,Tweet,toi_ManujaV,afuahirsch,287
217310,Tweet,toi_ManujaV,vanbadham,146
217389,Tweet,toi_ManujaV,laurenlaverne,200
217371,Tweet,toi_ManujaV,joecoscarelli,181
217407,Tweet,toi_ManujaV,PhanindraP_TNIE,44
217372,Tweet,toi_ManujaV,ShoebKhanTOI,5
217368,Tweet,toi_ManujaV,afuahirsch,176
217359,Tweet,toi_ManujaV,tushhaikhush,7
217369,Tweet,toi_ManujaV,sermoninstone,23
217408,Tweet,toi_ManujaV,saumyajitbTOI,10
217378,Tweet,toi_ManujaV,kumaraswamykTOI,5
217319,Tweet,toi_ManujaV,ManjuVTOI,108
116540,Article,dansabbagh,dansabbagh,1
116683,Article,dansabbagh,jimwaterson,3
116473,Article,dansabbagh,_nicolaclark,18
116690,Article,dansabbagh,NesrineMalik,94
116660,Article,dansabbagh,GeorgeMonbiot,28
116488,Article,dansabbagh,ameliagentleman,2
116578,Article,dansabbagh,afuahirsch,40
116508,Article,dansabbagh,leninology,84
116513,Article,dansabbagh,ewenmacaskill,21
116680,Article,dansabbagh,ewenmacaskill,3
116622,Article,dansabbagh,VivianHo,79
116702,Article,dansabbagh,NilsPratley,36
116500,Article,dansabbagh,declanwalsh,12
116474,Article,dansabbagh,ewenmacaskill,25
116529,Article,dansabbagh,JessicaValenti,188
117012,Tweet,dansabbagh,LauraCummingArt,190
116745,Tweet,dansabbagh,michaelcrowley,138
116726,Tweet,dansabbagh,ewenmacaskill,4
116786,Tweet,dansabbagh,kenanmalik,154
116828,Tweet,dansabbagh,sendvictorious,130
116849,Tweet,dansabbagh,gailcollins,113
116727,Tweet,dansabbagh,AshokPradhanTOI,2
116824,Tweet,dansabbagh,julianbarnes,21
116942,Tweet,dansabbagh,minatisinghaTOI,54
116915,Tweet,dansabbagh,lukeharding1968,5
116962,Tweet,dansabbagh,williamkeegan,79
116934,Tweet,dansabbagh,polblonde,101
116749,Tweet,dansabbagh,richardwolffedc,360
116820,Tweet,dansabbagh,NilsPratley,117
116923,Tweet,dansabbagh,steve_hewlett,159
134279,Article,emilybell,DawnHFoster,15
134147,Article,emilybell,ameliagentleman,14
134318,Article,emilybell,bindelj,12
134168,Article,emilybell,Bencjacobs,351
134352,Article,emilybell,NilsPratley,6
134146,Article,emilybell,mtomasky,86
134365,Article,emilybell,oliverburkeman,5
134205,Article,emilybell,tariqpanja,331
134286,Article,emilybell,alanconnor,17
134336,Article,emilybell,maevesther,8
134259,Article,emilybell,HackneyAbbott,3
134366,Article,emilybell,oliverburkeman,4
134130,Article,emilybell,laurenlaverne,45
134201,Article,emilybell,carolecadwalla,2
134275,Article,emilybell,hannahdev,5
134398,Tweet,emilybell,nytDeniseGrady,311
134687,Tweet,emilybell,thestephmerritt,64
134563,Tweet,emilybell,damiencave,300
134711,Tweet,emilybell,meeravohraTOI,187
134543,Tweet,emilybell,msrachelcooke,18
134478,Tweet,emilybell,afuahirsch,45
134963,Tweet,emilybell,hugolowell,170
134614,Tweet,emilybell,NesrineMalik,51
134571,Tweet,emilybell,SocialQPhilip,366
134912,Tweet,emilybell,sarahditum,3
134955,Tweet,emilybell,NYTimesCohen,95
134432,Tweet,emilybell,afuahirsch,40
134596,Tweet,emilybell,dwightgarner,152
134589,Tweet,emilybell,DeccaJourno,15
134913,Tweet,emilybell,sendvictorious,17
182732,Article,DSandip_TOI,KomalGautham,11
182720,Article,DSandip_TOI,jatinder_tur,4
182849,Article,DSandip_TOI,pradeeptTOI,21
182781,Article,DSandip_TOI,kush_junglee,23
182811,Article,DSandip_TOI,richapintoi,12
182795,Article,DSandip_TOI,gettleman,2
182738,Article,DSandip_TOI,niyatiparikhTOI,17
182693,Article,DSandip_TOI,pradeeptTOI,78
182716,Article,DSandip_TOI,PNaveenTOI,11
182874,Article,DSandip_TOI,palaknandiTOI,17
182681,Article,DSandip_TOI,parthasinha,12
182713,Article,DSandip_TOI,niyatiparikhTOI,35
182878,Article,DSandip_TOI,vijayVsinghTOI,2
182856,Article,DSandip_TOI,SribaalaVTOI,94
182864,Article,DSandip_TOI,ramendrasTOI,9
182924,Tweet,DSandip_TOI,meeravohraTOI,152
182994,Tweet,DSandip_TOI,priyagupta999,111
182942,Tweet,DSandip_TOI,SiwachSukhbir,157
182951,Tweet,DSandip_TOI,RorySmith,124
183017,Tweet,DSandip_TOI,davidhepworth,115
182993,Tweet,DSandip_TOI,DekaJayanta,22
182955,Tweet,DSandip_TOI,gettleman,46
182947,Tweet,DSandip_TOI,toi_ManujaV,61
182974,Tweet,DSandip_TOI,mateenHTOI,7
182999,Tweet,DSandip_TOI,ChaitanyadTOI,12
182990,Tweet,DSandip_TOI,ChaitanyadTOI,31
182946,Tweet,DSandip_TOI,BhanupratapsTOI,103
183009,Tweet,DSandip_TOI,mateenHTOI,70
182926,Tweet,DSandip_TOI,NYTimesCohen,121
182998,Tweet,DSandip_TOI,MujMash,40
76542,Article,LauraCummingArt,jillfilipovic,23
76422,Article,LauraCummingArt,GiniaNYT,98
76378,Article,LauraCummingArt,JessicaValenti,41
76505,Article,LauraCummingArt,FelicityCloake,6
76483,Article,LauraCummingArt,DawnHFoster,80
76376,Article,LauraCummingArt,hugolowell,311
76360,Article,LauraCummingArt,msmirandasawyer,19
76557,Article,LauraCummingArt,maevesther,4
76433,Article,LauraCummingArt,aleksk,115
76460,Article,LauraCummingArt,LauraCummingArt,1
76579,Article,LauraCummingArt,LauraCummingArt,1
76429,Article,LauraCummingArt,NesrineMalik,15
76394,Article,LauraCummingArt,LauraCummingArt,1
76521,Article,LauraCummingArt,TimdeLisle,38
76567,Article,LauraCummingArt,jorifinkel,33
77134,Tweet,LauraCummingArt,afuahirsch,8
77179,Tweet,LauraCummingArt,AlysFowler,8
77023,Tweet,LauraCummingArt,rachshabi,54
77017,Tweet,LauraCummingArt,benkenigsberg,297
76735,Tweet,LauraCummingArt,RachelDonadio,199
76687,Tweet,LauraCummingArt,oliverburkeman,130
77053,Tweet,LauraCummingArt,lucysiegle,56
76868,Tweet,LauraCummingArt,OLIVERBALCH,251
77015,Tweet,LauraCummingArt,GiniaNYT,195
76666,Tweet,LauraCummingArt,elizabday,24
76853,Tweet,LauraCummingArt,bglendenning,62
76647,Tweet,LauraCummingArt,MarinaOLoughlin,25
77103,Tweet,LauraCummingArt,MujMash,22
77128,Tweet,LauraCummingArt,polblonde,284
77033,Tweet,LauraCummingArt,HackneyAbbott,286
4690,Article,ByMattStevens,sangerkatz,188
4604,Article,ByMattStevens,kbennhold,107
4645,Article,ByMattStevens,jeannasmialek,46
4649,Article,ByMattStevens,RBReich,163
4622,Article,ByMattStevens,RaphaelMinder,107
4610,Article,ByMattStevens,ESCochrane,34
4686,Article,ByMattStevens,lukebroadwater,38
4611,Article,ByMattStevens,mtomasky,302
4602,Article,ByMattStevens,NikiKitsantonis,154
4667,Article,ByMattStevens,sisario,108
4680,Article,ByMattStevens,hugolowell,74
4626,Article,ByMattStevens,pete_wells,217
4670,Article,ByMattStevens,marywalshjourno,52
4666,Article,ByMattStevens,samrob12,101
4669,Article,ByMattStevens,ESCochrane,42
4797,Tweet,ByMattStevens,ditzkoff,20
4715,Tweet,ByMattStevens,tejalrao,5
4703,Tweet,ByMattStevens,MichaelPaulson,15
4785,Tweet,ByMattStevens,EmmaBubola,42
4794,Tweet,ByMattStevens,andrewrsorkin,110
4796,Tweet,ByMattStevens,vvfriedman,44
4738,Tweet,ByMattStevens,GlennThrush,81
4784,Tweet,ByMattStevens,ShaneGoldmacher,19
4766,Tweet,ByMattStevens,MichaelPaulson,8
4755,Tweet,ByMattStevens,RaphaelMinder,26
4733,Tweet,ByMattStevens,jameskanter,47
4707,Tweet,ByMattStevens,genznyt,253
4745,Tweet,ByMattStevens,alexanderburns,19
4781,Tweet,ByMattStevens,ShaneGoldmacher,72
4714,Tweet,ByMattStevens,tripgabriel,28
136471,Article,timjonze,davidhepworth,261
136279,Article,timjonze,msrachelcooke,36
136286,Article,timjonze,questingvole,74
136267,Article,timjonze,jennydeluxe,23
136269,Article,timjonze,SearleAdrian,5
136261,Article,timjonze,ameliagentleman,14
136370,Article,timjonze,williamkeegan,264
136374,Article,timjonze,DeccaJourno,6
136293,Article,timjonze,billicritic,52
136447,Article,timjonze,jennydeluxe,60
136240,Article,timjonze,alanconnor,95
136375,Article,timjonze,afuahirsch,23
136349,Article,timjonze,AnushkaAsthana,25
136460,Article,timjonze,LucyMangan,15
136399,Article,timjonze,DerekMalcolm123,242
136813,Tweet,timjonze,dwightgarner,103
136605,Tweet,timjonze,alanfeuer,137
136738,Tweet,timjonze,SocialQPhilip,290
136686,Tweet,timjonze,charltonbrooker,33
136484,Tweet,timjonze,kbennhold,447
137047,Tweet,timjonze,peterbradshaw1,79
137043,Tweet,timjonze,LucyMangan,8
136597,Tweet,timjonze,lyngardner,5
136727,Tweet,timjonze,nicholaswatt,15
136840,Tweet,timjonze,alexvtunzelmann,127
136654,Tweet,timjonze,elizabday,4
136943,Tweet,timjonze,PippaCrerar,40
136954,Tweet,timjonze,LauraCummingArt,5
136930,Tweet,timjonze,alexbellos,150
136808,Tweet,timjonze,AlysFowler,145
34804,Article,cdcaron,sangerkatz,45
34875,Article,cdcaron,bydanielvictor,26
34866,Article,cdcaron,tripgabriel,41
34829,Article,cdcaron,FrancesRobles,41
34860,Article,cdcaron,GeorgeMonbiot,256
34849,Article,cdcaron,RBReich,45
34882,Article,cdcaron,RBReich,197
34887,Article,cdcaron,rondakaysen,3
34832,Article,cdcaron,kenanmalik,169
34895,Article,cdcaron,sandhyanairTOI,154
34830,Article,cdcaron,CeylanWrites,425
34883,Article,cdcaron,PerriKlass,12
34893,Article,cdcaron,jimwaterson,152
34872,Article,cdcaron,jeannasmialek,35
34871,Article,cdcaron,gabyhinsliff,279
34978,Tweet,cdcaron,andrewrsorkin,91
34906,Tweet,cdcaron,emilybell,437
34990,Tweet,cdcaron,oliverburkeman,43
34901,Tweet,cdcaron,PerriKlass,3
34912,Tweet,cdcaron,JessicaValenti,27
34943,Tweet,cdcaron,andybrassell,452
34953,Tweet,cdcaron,nytDeniseGrady,20
34981,Tweet,cdcaron,elizabday,221
34979,Tweet,cdcaron,alexbellos,58
34957,Tweet,cdcaron,jennydeluxe,151
34904,Tweet,cdcaron,apoorva_nyc,68
34991,Tweet,cdcaron,PerriKlass,36
34973,Tweet,cdcaron,RBReich,145
34970,Tweet,cdcaron,oliverburkeman,68
34915,Tweet,cdcaron,rondakaysen,25
33,Article,adamliptak,sangerkatz,16
66,Article,adamliptak,ESCochrane,17
61,Article,adamliptak,adamliptak,1
9,Article,adamliptak,adamliptak,1
88,Article,adamliptak,adamliptak,1
46,Article,adamliptak,ESCochrane,20
43,Article,adamliptak,adamliptak,1
51,Article,adamliptak,sangerkatz,2
31,Article,adamliptak,adamliptak,1
78,Article,adamliptak,adamliptak,1
14,Article,adamliptak,adamliptak,1
1,Article,adamliptak,charlie_savage,4
71,Article,adamliptak,charlie_savage,3
12,Article,adamliptak,ESCochrane,4
96,Article,adamliptak,adamliptak,1
169,Tweet,adamliptak,ShaneGoldmacher,13
163,Tweet,adamliptak,adamliptak,1
141,Tweet,adamliptak,tripgabriel,15
182,Tweet,adamliptak,lisamonteiroTOI,10
132,Tweet,adamliptak,tripgabriel,6
176,Tweet,adamliptak,charlie_savage,4
113,Tweet,adamliptak,adamliptak,1
160,Tweet,adamliptak,helenecooper,2
138,Tweet,adamliptak,gettinviggy,3
186,Tweet,adamliptak,adamliptak,1
140,Tweet,adamliptak,ESCochrane,17
109,Tweet,adamliptak,npfandos,2
179,Tweet,adamliptak,npfandos,5
105,Tweet,adamliptak,adamliptak,1
133,Tweet,adamliptak,adamliptak,1
189630,Article,KTVinobhaTOI,vijayVsinghTOI,119
189815,Article,KTVinobhaTOI,petleepeter,9
189656,Article,KTVinobhaTOI,AshokPradhanTOI,39
189771,Article,KTVinobhaTOI,rebeccaSTOI,19
189850,Article,KTVinobhaTOI,ArthurNeslen,9
189704,Article,KTVinobhaTOI,SribaalaVTOI,17
189787,Article,KTVinobhaTOI,SribaalaVTOI,15
189760,Article,KTVinobhaTOI,KapildaveTOI,71
189731,Article,KTVinobhaTOI,pete_wells,221
189795,Article,KTVinobhaTOI,KTVinobhaTOI,1
189624,Article,KTVinobhaTOI,vaibhavgTOI,87
189647,Article,KTVinobhaTOI,LFFriedman,260
189732,Article,KTVinobhaTOI,GovindKMaadTOI,67
189712,Article,KTVinobhaTOI,KTVinobhaTOI,1
189763,Article,KTVinobhaTOI,akhileshsTOI,112
189926,Tweet,KTVinobhaTOI,KTVinobhaTOI,1
189878,Tweet,KTVinobhaTOI,mateenHTOI,61
189914,Tweet,KTVinobhaTOI,MujMash,118
189886,Tweet,KTVinobhaTOI,KTVinobhaTOI,1
189941,Tweet,KTVinobhaTOI,akhileshsTOI,2
189906,Tweet,KTVinobhaTOI,polblonde,6
189928,Tweet,KTVinobhaTOI,journo_vibha,109
189894,Tweet,KTVinobhaTOI,MujMash,99
189963,Tweet,KTVinobhaTOI,palaknandiTOI,85
189899,Tweet,KTVinobhaTOI,mateenHTOI,13
189902,Tweet,KTVinobhaTOI,meeravohraTOI,58
189957,Tweet,KTVinobhaTOI,aditya_bh16,95
189938,Tweet,KTVinobhaTOI,polblonde,9
189967,Tweet,KTVinobhaTOI,lukebroadwater,14
189948,Tweet,KTVinobhaTOI,KTVinobhaTOI,1
201796,Article,PNaveenTOI,PNaveenTOI,1
201664,Article,PNaveenTOI,KanwardeepsTOI,40
201733,Article,PNaveenTOI,Gauraw2297,42
201600,Article,PNaveenTOI,vijayVsinghTOI,11
201688,Article,PNaveenTOI,Crime_Selvaraj,3
201682,Article,PNaveenTOI,dkarthikTOI,4
201739,Article,PNaveenTOI,vijayVsinghTOI,56
201810,Article,PNaveenTOI,RosySequeiraTOI,20
201767,Article,PNaveenTOI,PNaveenTOI,1
201591,Article,PNaveenTOI,rjadHinduBL,34
201596,Article,PNaveenTOI,PNaveenTOI,1
201585,Article,PNaveenTOI,rajatpTOI,97
201641,Article,PNaveenTOI,sandhyanairTOI,72
201825,Article,PNaveenTOI,NYTimesCohen,44
201781,Article,PNaveenTOI,Lattif,13
201864,Tweet,PNaveenTOI,PNaveenTOI,1
201901,Tweet,PNaveenTOI,aleksk,233
201858,Tweet,PNaveenTOI,priyangiTOI,3
201897,Tweet,PNaveenTOI,PNaveenTOI,1
201881,Tweet,PNaveenTOI,pradeepjourno,2
201829,Tweet,PNaveenTOI,PNaveenTOI,1
201873,Tweet,PNaveenTOI,PNaveenTOI,1
201845,Tweet,PNaveenTOI,PNaveenTOI,1
201846,Tweet,PNaveenTOI,IKershner,149
201837,Tweet,PNaveenTOI,vijaysinghTOI,5
201926,Tweet,PNaveenTOI,vijaysinghTOI,2
201861,Tweet,PNaveenTOI,binays1960,101
201871,Tweet,PNaveenTOI,DanBilefsky,118
201842,Tweet,PNaveenTOI,polblonde,201
201915,Tweet,PNaveenTOI,Mahafreed_Irani,174
102808,Article,ollywainwright,hadleyfreeman,24
102783,Article,ollywainwright,JohnJCrace,50
102738,Article,ollywainwright,jayrayner1,101
102882,Article,ollywainwright,DawnHFoster,15
102739,Article,ollywainwright,afuahirsch,24
102785,Article,ollywainwright,paulmasonnews,201
102890,Article,ollywainwright,aleksk,49
102934,Article,ollywainwright,RachelDonadio,87
102897,Article,ollywainwright,brooksbarnesNYT,51
102966,Article,ollywainwright,hugolowell,58
102888,Article,ollywainwright,VivianHo,114
102762,Article,ollywainwright,annanorthtweets,45
102869,Article,ollywainwright,OwenJones84,29
102782,Article,ollywainwright,tejalrao,267
102830,Article,ollywainwright,stevenpoole,217
103189,Tweet,ollywainwright,joncaramanica,161
102974,Tweet,ollywainwright,sarfrazmanzoor,103
102979,Tweet,ollywainwright,naomi2009,254
103309,Tweet,ollywainwright,williamkeegan,121
103061,Tweet,ollywainwright,CarolineLucas,56
103142,Tweet,ollywainwright,lisamonteiroTOI,99
103430,Tweet,ollywainwright,afuahirsch,4
103567,Tweet,ollywainwright,lucysiegle,18
103414,Tweet,ollywainwright,vvfriedman,72
103442,Tweet,ollywainwright,jennydeluxe,29
103363,Tweet,ollywainwright,MoharBasu,12
103341,Tweet,ollywainwright,ollywainwright,1
103464,Tweet,ollywainwright,afuahirsch,12
103130,Tweet,ollywainwright,saumyajitbTOI,364
103203,Tweet,ollywainwright,FranklinBlog,198
216954,Article,toi_dhananjayM,yeshikabudhwar,29
216845,Article,toi_dhananjayM,amitanandTOI,2
216780,Article,toi_dhananjayM,toi_dhananjayM,1
216916,Article,toi_dhananjayM,toi_dhananjayM,1
216927,Article,toi_dhananjayM,amitanandTOI,2
216805,Article,toi_dhananjayM,toi_dhananjayM,1
216715,Article,toi_dhananjayM,toi_dhananjayM,1
216881,Article,toi_dhananjayM,neelam_raaj,69
216961,Article,toi_dhananjayM,amitanandTOI,2
216823,Article,toi_dhananjayM,mateenHTOI,3
216788,Article,toi_dhananjayM,amitanandTOI,3
216754,Article,toi_dhananjayM,toi_dhananjayM,1
216854,Article,toi_dhananjayM,har_mandeep,5
216803,Article,toi_dhananjayM,toi_dhananjayM,1
216792,Article,toi_dhananjayM,toi_dhananjayM,1
217014,Tweet,toi_dhananjayM,toi_dhananjayM,1
217050,Tweet,toi_dhananjayM,nauzerbTOI,32
217020,Tweet,toi_dhananjayM,naomi2009,3
217021,Tweet,toi_dhananjayM,toi_dhananjayM,1
217016,Tweet,toi_dhananjayM,mateenHTOI,6
217026,Tweet,toi_dhananjayM,toi_dhananjayM,1
217044,Tweet,toi_dhananjayM,toi_dhananjayM,1
216973,Tweet,toi_dhananjayM,toi_dhananjayM,1
217030,Tweet,toi_dhananjayM,toi_dhananjayM,1
217032,Tweet,toi_dhananjayM,toi_dhananjayM,1
217004,Tweet,toi_dhananjayM,SwatiMathurTOI,3
216972,Tweet,toi_dhananjayM,toi_dhananjayM,1
217035,Tweet,toi_dhananjayM,toi_dhananjayM,1
217010,Tweet,toi_dhananjayM,toi_dhananjayM,1
216982,Tweet,toi_dhananjayM,vijaysinghTOI,34
191062,Article,Mahafreed_Irani,naomi2009,154
191085,Article,Mahafreed_Irani,DekaJayanta,3
191005,Article,Mahafreed_Irani,digbijaymishra1,11
191111,Article,Mahafreed_Irani,richapintoi,5
191107,Article,Mahafreed_Irani,DekaJayanta,43
191049,Article,Mahafreed_Irani,debaratisen,10
191028,Article,Mahafreed_Irani,MohitaTOI,35
191099,Article,Mahafreed_Irani,ramendrasTOI,56
191029,Article,Mahafreed_Irani,VivianHo,230
191072,Article,Mahafreed_Irani,MoharBasu,67
191094,Article,Mahafreed_Irani,sandhyanairTOI,25
191025,Article,Mahafreed_Irani,Banjotkaur,36
191081,Article,Mahafreed_Irani,Banjotkaur,39
191052,Article,Mahafreed_Irani,vivek9301,3
191008,Article,Mahafreed_Irani,SindhukTOI,77
191188,Tweet,Mahafreed_Irani,JessicaValenti,188
191190,Tweet,Mahafreed_Irani,vijaysinghTOI,10
191201,Tweet,Mahafreed_Irani,NYTimesCohen,69
191180,Tweet,Mahafreed_Irani,PeterTatchell,28
191192,Tweet,Mahafreed_Irani,RosySequeiraTOI,5
191183,Tweet,Mahafreed_Irani,FrancesRobles,313
191153,Tweet,Mahafreed_Irani,williamnhutton,105
191213,Tweet,Mahafreed_Irani,msmirandasawyer,131
191200,Tweet,Mahafreed_Irani,laurenlaverne,33
191136,Tweet,Mahafreed_Irani,AlysFowler,291
191175,Tweet,Mahafreed_Irani,007pandey,142
191174,Tweet,Mahafreed_Irani,polblonde,190
191121,Tweet,Mahafreed_Irani,MiriamElder,22
191197,Tweet,Mahafreed_Irani,ollywainwright,113
191178,Tweet,Mahafreed_Irani,GRajivTOI,52
221846,Article,yazhiniyanTOI,GRajivTOI,61
221973,Article,yazhiniyanTOI,GRajivTOI,7
221899,Article,yazhiniyanTOI,KomalGautham,64
221873,Article,yazhiniyanTOI,rajendrasTOI,2
221995,Article,yazhiniyanTOI,SribaalaVTOI,35
221988,Article,yazhiniyanTOI,yazhiniyanTOI,1
222007,Article,yazhiniyanTOI,vijayVsinghTOI,2
221914,Article,yazhiniyanTOI,rajendrasTOI,15
221939,Article,yazhiniyanTOI,juliemTOI,3
221876,Article,yazhiniyanTOI,toi_dhananjayM,124
221921,Article,yazhiniyanTOI,PerriKlass,19
221913,Article,yazhiniyanTOI,rajendrasTOI,25
222004,Article,yazhiniyanTOI,GRajivTOI,41
221911,Article,yazhiniyanTOI,juliemTOI,3
221900,Article,yazhiniyanTOI,rajatpTOI,75
222066,Tweet,yazhiniyanTOI,omjasvinTOI,21
222045,Tweet,yazhiniyanTOI,PeterTatchell,42
222118,Tweet,yazhiniyanTOI,Gauraw2297,197
222100,Tweet,yazhiniyanTOI,BellaKwai,57
222081,Tweet,yazhiniyanTOI,vijaysinghTOI,23
222071,Tweet,yazhiniyanTOI,tomfriedman,31
222041,Tweet,yazhiniyanTOI,journo_vibha,11
222070,Tweet,yazhiniyanTOI,antontroian,11
222123,Tweet,yazhiniyanTOI,journo_vibha,32
222119,Tweet,yazhiniyanTOI,pradeepjourno,17
222040,Tweet,yazhiniyanTOI,DerekMalcolm123,74
222122,Tweet,yazhiniyanTOI,PNaveenTOI,65
222030,Tweet,yazhiniyanTOI,journo_vibha,26
222036,Tweet,yazhiniyanTOI,vanbadham,247
222069,Tweet,yazhiniyanTOI,saumyajitbTOI,244
209788,Article,shiba_kurian,priyagupta999,5
209914,Article,shiba_kurian,MoharBasu,4
209845,Article,shiba_kurian,MoharBasu,15
209778,Article,shiba_kurian,ASoloski,118
209764,Article,shiba_kurian,AshokPradhanTOI,7
209912,Article,shiba_kurian,sandhyanairTOI,4
209708,Article,shiba_kurian,shiba_kurian,1
209782,Article,shiba_kurian,shiba_kurian,1
209900,Article,shiba_kurian,shiba_kurian,1
209933,Article,shiba_kurian,AshokPradhanTOI,4
209756,Article,shiba_kurian,DerekMalcolm123,23
209795,Article,shiba_kurian,007pandey,29
209794,Article,shiba_kurian,MoharBasu,52
209826,Article,shiba_kurian,debaratisen,3
209926,Article,shiba_kurian,HemantaTOI,14
210028,Tweet,shiba_kurian,PjJoychen,87
210007,Tweet,shiba_kurian,LFFriedman,35
209959,Tweet,shiba_kurian,SangerNYT,309
209980,Tweet,shiba_kurian,mateenHTOI,104
209957,Tweet,shiba_kurian,ChaitanyadTOI,17
210021,Tweet,shiba_kurian,tomfriedman,278
209955,Tweet,shiba_kurian,PNaveenTOI,9
210013,Tweet,shiba_kurian,thestephmerritt,330
209974,Tweet,shiba_kurian,Crime_Selvaraj,120
209995,Tweet,shiba_kurian,ChaitanyadTOI,18
209987,Tweet,shiba_kurian,GRajivTOI,75
209967,Tweet,shiba_kurian,Lattif,102
209946,Tweet,shiba_kurian,carlzimmer,20
209950,Tweet,shiba_kurian,binays1960,38
210019,Tweet,shiba_kurian,PatrickKingsley,141
56447,Article,gilestremlett,andrewrsorkin,179
56325,Article,gilestremlett,NYTimesCohen,438
56541,Article,gilestremlett,ewenmacaskill,2
56338,Article,gilestremlett,NYTimesCohen,461
56428,Article,gilestremlett,JessicaValenti,165
56307,Article,gilestremlett,dansabbagh,12
56367,Article,gilestremlett,leninology,9
56424,Article,gilestremlett,NilsPratley,7
56514,Article,gilestremlett,NilsPratley,6
56412,Article,gilestremlett,marthakelner,2
56449,Article,gilestremlett,leninology,3
56455,Article,gilestremlett,ArthurNeslen,98
56438,Article,gilestremlett,OwenJones84,34
56313,Article,gilestremlett,jimwaterson,100
56421,Article,gilestremlett,gilestremlett,1
56864,Tweet,gilestremlett,RaphaelMinder,167
56775,Tweet,gilestremlett,IKershner,183
56992,Tweet,gilestremlett,HackneyAbbott,211
56879,Tweet,gilestremlett,bindiyachariTOI,315
57098,Tweet,gilestremlett,alexvtunzelmann,62
56955,Tweet,gilestremlett,vanbadham,124
57108,Tweet,gilestremlett,LauraCummingArt,96
56716,Tweet,gilestremlett,richardwolffedc,165
56771,Tweet,gilestremlett,timlottwriter,193
56817,Tweet,gilestremlett,RaphaelMinder,81
56650,Tweet,gilestremlett,ajaysuraTOI,55
57076,Tweet,gilestremlett,RaphaelMinder,57
57130,Tweet,gilestremlett,RaphaelMinder,216
56690,Tweet,gilestremlett,timlottwriter,351
57047,Tweet,gilestremlett,kbennhold,162
47067,Article,MarinaOLoughlin,RebeccaSeal,5
47131,Article,MarinaOLoughlin,winematcher,8
47002,Article,MarinaOLoughlin,DerekMalcolm123,10
47167,Article,MarinaOLoughlin,FelicityCloake,4
47199,Article,MarinaOLoughlin,ditzkoff,64
47204,Article,MarinaOLoughlin,RebeccaSeal,24
47209,Article,MarinaOLoughlin,tomdyckhoff,2
47148,Article,MarinaOLoughlin,MarinaOLoughlin,1
47008,Article,MarinaOLoughlin,jayrayner1,21
47166,Article,MarinaOLoughlin,IanCobain,66
47137,Article,MarinaOLoughlin,john_hooper,13
47108,Article,MarinaOLoughlin,MarinaOLoughlin,1
47098,Article,MarinaOLoughlin,RebeccaSeal,15
46999,Article,MarinaOLoughlin,MarinaOLoughlin,1
47123,Article,MarinaOLoughlin,williamkeegan,16
47826,Tweet,MarinaOLoughlin,jennydeluxe,20
47593,Tweet,MarinaOLoughlin,melissaclark,7
47386,Tweet,MarinaOLoughlin,elizabday,3
47573,Tweet,MarinaOLoughlin,elizabday,6
47731,Tweet,MarinaOLoughlin,davidhepworth,128
47543,Tweet,MarinaOLoughlin,lucysiegle,42
47345,Tweet,MarinaOLoughlin,jennydeluxe,39
47784,Tweet,MarinaOLoughlin,elizabday,31
47839,Tweet,MarinaOLoughlin,noamscheiber,221
47827,Tweet,MarinaOLoughlin,LucyMangan,3
47618,Tweet,MarinaOLoughlin,mariellaf1,13
47659,Tweet,MarinaOLoughlin,williamkeegan,403
47805,Tweet,MarinaOLoughlin,ASoloski,62
47342,Tweet,MarinaOLoughlin,aleksk,114
47401,Tweet,MarinaOLoughlin,samsifton,393
3476,Article,billmpennington,smervosh,175
3432,Article,billmpennington,bykaren,2
3430,Article,billmpennington,bykaren,2
3459,Article,billmpennington,gailcollins,13
3473,Article,billmpennington,tariqpanja,33
3485,Article,billmpennington,billmpennington,1
3471,Article,billmpennington,dwightgarner,269
3421,Article,billmpennington,bykaren,31
3468,Article,billmpennington,NilsPratley,353
3470,Article,billmpennington,andrewrawnsley,137
3410,Article,billmpennington,bykaren,3
3450,Article,billmpennington,sio_burke,2
3415,Article,billmpennington,tariqpanja,16
3408,Article,billmpennington,toi_rohanA,12
3480,Article,billmpennington,tripgabriel,68
3523,Tweet,billmpennington,PamBelluck,2
3577,Tweet,billmpennington,MattFutterman,6
3582,Tweet,billmpennington,cdcaron,3
3519,Tweet,billmpennington,billywitz,5
3596,Tweet,billmpennington,billmpennington,1
3543,Tweet,billmpennington,ESCochrane,22
3517,Tweet,billmpennington,el_belson,6
3516,Tweet,billmpennington,ggreenwald,165
3525,Tweet,billmpennington,MattFutterman,2
3557,Tweet,billmpennington,ByJamesWagner,4
3535,Tweet,billmpennington,GlennThrush,102
3570,Tweet,billmpennington,RorySmith,27
3569,Tweet,billmpennington,andrewrsorkin,123
3554,Tweet,billmpennington,mtomasky,5
3506,Tweet,billmpennington,billywitz,3
34487,Article,dionnesearcey,helenecooper,50
34456,Article,dionnesearcey,archiebland,363
34499,Article,dionnesearcey,sangerkatz,115
34415,Article,dionnesearcey,AnaSwanson,16
34441,Article,dionnesearcey,hillhulse,112
34431,Article,dionnesearcey,stevenpoole,158
34429,Article,dionnesearcey,helenecooper,26
34413,Article,dionnesearcey,kannoyoungs,16
34412,Article,dionnesearcey,andrewrsorkin,83
34451,Article,dionnesearcey,ESCochrane,79
34475,Article,dionnesearcey,ericschmittnyt,23
34417,Article,dionnesearcey,npwcnn,19
34433,Article,dionnesearcey,jimtankersley,146
34424,Article,dionnesearcey,Lattif,53
34462,Article,dionnesearcey,KapildaveTOI,169
34566,Tweet,dionnesearcey,FrancesRobles,20
34551,Tweet,dionnesearcey,AlokKNMishra,96
34524,Tweet,dionnesearcey,vvfriedman,202
34578,Tweet,dionnesearcey,genznyt,105
34580,Tweet,dionnesearcey,LFFriedman,9
34509,Tweet,dionnesearcey,LFFriedman,92
34537,Tweet,dionnesearcey,LizAldermanNYT,5
34552,Tweet,dionnesearcey,tomfriedman,149
34510,Tweet,dionnesearcey,ArthurNeslen,34
34539,Tweet,dionnesearcey,kush_junglee,2
34599,Tweet,dionnesearcey,dionnesearcey,1
34511,Tweet,dionnesearcey,joshwiddicombe,188
34532,Tweet,dionnesearcey,Crime_Selvaraj,190
34592,Tweet,dionnesearcey,jorifinkel,60
34525,Tweet,dionnesearcey,ArthurNeslen,34
37871,Article,PippaCrerar,hugolowell,65
37998,Article,PippaCrerar,JohnJCrace,3
37607,Article,PippaCrerar,charltonbrooker,51
38223,Article,PippaCrerar,ArthurNeslen,11
38227,Article,PippaCrerar,jimwaterson,20
37755,Article,PippaCrerar,IanCobain,86
37635,Article,PippaCrerar,afuahirsch,7
37738,Article,PippaCrerar,GeorgeMonbiot,50
37954,Article,PippaCrerar,AndrewSparrow,4
37870,Article,PippaCrerar,greenslader,95
38079,Article,PippaCrerar,DeccaJourno,36
38016,Article,PippaCrerar,AnushkaAsthana,2
37778,Article,PippaCrerar,ameliagentleman,4
38072,Article,PippaCrerar,AndrewSparrow,2
37571,Article,PippaCrerar,AnushkaAsthana,4
38245,Tweet,PippaCrerar,naomi2009,8
38644,Tweet,PippaCrerar,ewenmacaskill,2
38638,Tweet,PippaCrerar,john_hooper,6
38395,Tweet,PippaCrerar,naomi2009,30
38300,Tweet,PippaCrerar,DeccaJourno,28
38484,Tweet,PippaCrerar,tripgabriel,270
38260,Tweet,PippaCrerar,polblonde,96
38816,Tweet,PippaCrerar,leninology,19
38571,Tweet,PippaCrerar,paulmasonnews,25
38258,Tweet,PippaCrerar,greenslader,81
38303,Tweet,PippaCrerar,afuahirsch,7
38632,Tweet,PippaCrerar,sendvictorious,125
38612,Tweet,PippaCrerar,williamkeegan,38
38377,Tweet,PippaCrerar,HackneyAbbott,62
38506,Tweet,PippaCrerar,leninology,21
31600,Article,_nicolaclark,jeannasmialek,11
31608,Article,_nicolaclark,petleepeter,5
31652,Article,_nicolaclark,SribaalaVTOI,32
31673,Article,_nicolaclark,LizAldermanNYT,20
31662,Article,_nicolaclark,NikiKitsantonis,78
31621,Article,_nicolaclark,_nicolaclark,1
31630,Article,_nicolaclark,jameskanter,3
31685,Article,_nicolaclark,_nicolaclark,1
31680,Article,_nicolaclark,helenecooper,4
31675,Article,_nicolaclark,stevenerlanger,4
31692,Article,_nicolaclark,_nicolaclark,1
31667,Article,_nicolaclark,EllenBarryNYT,3
31648,Article,_nicolaclark,jeannasmialek,2
31604,Article,_nicolaclark,helenecooper,8
31631,Article,_nicolaclark,aseemsgujar,15
31733,Tweet,_nicolaclark,elizabday,146
31747,Tweet,_nicolaclark,brooksbarnesNYT,194
31706,Tweet,_nicolaclark,vvfriedman,36
31701,Tweet,_nicolaclark,wesley_morris,146
31724,Tweet,_nicolaclark,ASoloski,263
31714,Tweet,_nicolaclark,jillfilipovic,125
31780,Tweet,_nicolaclark,JoshuaRozenberg,328
31761,Tweet,_nicolaclark,andybrassell,69
31702,Tweet,_nicolaclark,advityabahlTOI,174
31792,Tweet,_nicolaclark,bencasselman,27
31784,Tweet,_nicolaclark,priyagupta999,214
31737,Tweet,_nicolaclark,jatinder_tur,308
31738,Tweet,_nicolaclark,joshwiddicombe,287
31754,Tweet,_nicolaclark,paulmasonnews,303
31794,Tweet,_nicolaclark,EricaLG,98
178012,Article,bindiyachariTOI,AshokPradhanTOI,16
178094,Article,bindiyachariTOI,toi_dhananjayM,63
178016,Article,bindiyachariTOI,vijayVsinghTOI,60
177937,Article,bindiyachariTOI,vijayVsinghTOI,55
178111,Article,bindiyachariTOI,AshokPradhanTOI,98
177992,Article,bindiyachariTOI,farnazfassihi,182
178025,Article,bindiyachariTOI,NilsPratley,27
178090,Article,bindiyachariTOI,ESCochrane,77
178003,Article,bindiyachariTOI,ShoebKhanTOI,18
178152,Article,bindiyachariTOI,007pandey,3
177958,Article,bindiyachariTOI,rajendrasTOI,47
178159,Article,bindiyachariTOI,KapildaveTOI,26
178042,Article,bindiyachariTOI,AshokPradhanTOI,18
178085,Article,bindiyachariTOI,AshokPradhanTOI,22
177987,Article,bindiyachariTOI,paulmasonnews,102
178202,Tweet,bindiyachariTOI,bindiyachariTOI,1
178199,Tweet,bindiyachariTOI,bindiyachariTOI,1
178216,Tweet,bindiyachariTOI,PjJoychen,2
178203,Tweet,bindiyachariTOI,bindiyachariTOI,1
178239,Tweet,bindiyachariTOI,bindiyachariTOI,1
178231,Tweet,bindiyachariTOI,bindiyachariTOI,1
178252,Tweet,bindiyachariTOI,naomi2009,28
178187,Tweet,bindiyachariTOI,saumyajitbTOI,28
178214,Tweet,bindiyachariTOI,bindiyachariTOI,1
178220,Tweet,bindiyachariTOI,PjJoychen,2
178189,Tweet,bindiyachariTOI,sandhyanairTOI,56
178268,Tweet,bindiyachariTOI,naomi2009,7
178228,Tweet,bindiyachariTOI,bindiyachariTOI,1
178194,Tweet,bindiyachariTOI,bindiyachariTOI,1
178272,Tweet,bindiyachariTOI,DekaJayanta,53
21002,Article,ericschmittnyt,helenecooper,2
21051,Article,ericschmittnyt,michaelcrowley,4
21069,Article,ericschmittnyt,ericschmittnyt,1
21080,Article,ericschmittnyt,jwpetersNYT,27
21025,Article,ericschmittnyt,ChuBailiang,57
21018,Article,ericschmittnyt,jeannasmialek,28
21093,Article,ericschmittnyt,ericschmittnyt,1
21028,Article,ericschmittnyt,helenecooper,2
21003,Article,ericschmittnyt,ericschmittnyt,1
21077,Article,ericschmittnyt,AnaSwanson,5
21057,Article,ericschmittnyt,IKershner,25
21076,Article,ericschmittnyt,nicholaswatt,67
21000,Article,ericschmittnyt,ericschmittnyt,1
21056,Article,ericschmittnyt,ericschmittnyt,1
21049,Article,ericschmittnyt,ericschmittnyt,1
21149,Tweet,ericschmittnyt,ericschmittnyt,1
21102,Tweet,ericschmittnyt,mateenHTOI,133
21179,Tweet,ericschmittnyt,vvfriedman,4
21183,Tweet,ericschmittnyt,lenoretaylor,11
21125,Tweet,ericschmittnyt,npwcnn,5
21154,Tweet,ericschmittnyt,gailcollins,21
21138,Tweet,ericschmittnyt,ericschmittnyt,1
21124,Tweet,ericschmittnyt,npwcnn,9
21135,Tweet,ericschmittnyt,michaelcrowley,3
21107,Tweet,ericschmittnyt,charlie_savage,11
21150,Tweet,ericschmittnyt,stevenerlanger,2
21114,Tweet,ericschmittnyt,ericschmittnyt,1
21170,Tweet,ericschmittnyt,DSlotnik,5
21120,Tweet,ericschmittnyt,ericschmittnyt,1
21128,Tweet,ericschmittnyt,PjJoychen,5
215216,Article,SwatiMathurTOI,SagrikaKissu,4
215154,Article,SwatiMathurTOI,anandbodhTOI,58
215124,Article,SwatiMathurTOI,BhanupratapsTOI,5
215191,Article,SwatiMathurTOI,AtulMathur_,4
215195,Article,SwatiMathurTOI,rishachitlangia,50
215168,Article,SwatiMathurTOI,AtulMathur_,4
215077,Article,SwatiMathurTOI,akhileshsTOI,30
215214,Article,SwatiMathurTOI,akhileshsTOI,12
215065,Article,SwatiMathurTOI,ChaitanyadTOI,143
214993,Article,SwatiMathurTOI,vijayVsinghTOI,150
215015,Article,SwatiMathurTOI,akhileshsTOI,60
215092,Article,SwatiMathurTOI,niyatiparikhTOI,6
215033,Article,SwatiMathurTOI,AtulMathur_,2
215075,Article,SwatiMathurTOI,AshokPradhanTOI,5
215222,Article,SwatiMathurTOI,minatisinghaTOI,37
215242,Tweet,SwatiMathurTOI,MichaelWhite,134
215266,Tweet,SwatiMathurTOI,PjJoychen,20
215267,Tweet,SwatiMathurTOI,pradeeptTOI,14
215293,Tweet,SwatiMathurTOI,vanbadham,428
215262,Tweet,SwatiMathurTOI,williamkeegan,121
215260,Tweet,SwatiMathurTOI,manujaveerappa,18
215312,Tweet,SwatiMathurTOI,PNaveenTOI,6
215229,Tweet,SwatiMathurTOI,toi_ManujaV,92
215254,Tweet,SwatiMathurTOI,palaknandiTOI,3
215298,Tweet,SwatiMathurTOI,BhanupratapsTOI,2
215303,Tweet,SwatiMathurTOI,naomi2009,102
215253,Tweet,SwatiMathurTOI,vijaysinghTOI,153
215283,Tweet,SwatiMathurTOI,priyagupta999,85
215273,Tweet,SwatiMathurTOI,tushhaikhush,281
215323,Tweet,SwatiMathurTOI,mikeives,22
19214,Article,sisario,RorySmith,53
19273,Article,sisario,amitanandTOI,98
19237,Article,sisario,jamesrbuk,4
19249,Article,sisario,DouthatNYT,8
19218,Article,sisario,ggreenwald,2
19263,Article,sisario,joncaramanica,5
19206,Article,sisario,sisario,1
19268,Article,sisario,DerekMalcolm123,10
19275,Article,sisario,fmanjoo,26
19257,Article,sisario,paulkrugman,2
19225,Article,sisario,DerekMalcolm123,50
19288,Article,sisario,PippaCrerar,419
19212,Article,sisario,sisario,1
19207,Article,sisario,sisario,1
19246,Article,sisario,DouthatNYT,3
19351,Tweet,sisario,attackerman,123
19367,Tweet,sisario,sisario,1
19397,Tweet,sisario,joecoscarelli,3
19395,Tweet,sisario,jfordham_jazz,159
19339,Tweet,sisario,JoshuaRozenberg,161
19329,Tweet,sisario,ewenmacaskill,142
19341,Tweet,sisario,gailcollins,115
19382,Tweet,sisario,NilsPratley,48
19366,Tweet,sisario,joecoscarelli,17
19323,Tweet,sisario,sisario,1
19372,Tweet,sisario,williamkeegan,115
19386,Tweet,sisario,oliverburkeman,108
19383,Tweet,sisario,FrankBruni,55
19334,Tweet,sisario,andrewrsorkin,16
19322,Tweet,sisario,paulkrugman,23
17230,Article,reidepstein,hillhulse,13
17261,Article,reidepstein,Bencjacobs,70
17278,Article,reidepstein,hillhulse,5
17296,Article,reidepstein,npfandos,3
17247,Article,reidepstein,adamliptak,8
17288,Article,reidepstein,npfandos,3
17284,Article,reidepstein,jeannasmialek,5
17218,Article,reidepstein,RBReich,50
17281,Article,reidepstein,michelleinbklyn,54
17208,Article,reidepstein,tripgabriel,12
17265,Article,reidepstein,ESCochrane,5
17257,Article,reidepstein,hugolowell,5
17239,Article,reidepstein,lukebroadwater,5
17214,Article,reidepstein,npfandos,6
17222,Article,reidepstein,cdcaron,150
17393,Tweet,reidepstein,hillhulse,18
17314,Tweet,reidepstein,gailcollins,16
17388,Tweet,reidepstein,Azi,2
17364,Tweet,reidepstein,zwoolfe,180
17332,Tweet,reidepstein,SocialQPhilip,467
17330,Tweet,reidepstein,ShaneGoldmacher,4
17323,Tweet,reidepstein,jmart,5
17315,Tweet,reidepstein,alexanderburns,16
17374,Tweet,reidepstein,LFFriedman,17
17313,Tweet,reidepstein,ShaneGoldmacher,5
17391,Tweet,reidepstein,jmart,5
17300,Tweet,reidepstein,Bencjacobs,7
17343,Tweet,reidepstein,tripgabriel,4
17301,Tweet,reidepstein,mtomasky,87
17376,Tweet,reidepstein,jimtankersley,6
1466,Article,antontroian,DouthatNYT,8
1455,Article,antontroian,antontroian,1
1496,Article,antontroian,EllenBarryNYT,181
1460,Article,antontroian,michaelcrowley,23
1446,Article,antontroian,hillhulse,16
1492,Article,antontroian,antontroian,1
1449,Article,antontroian,antontroian,1
1490,Article,antontroian,ESCochrane,22
1432,Article,antontroian,antontroian,1
1409,Article,antontroian,michelleinbklyn,25
1433,Article,antontroian,NeilMacFarquhar,2
1440,Article,antontroian,antontroian,1
1498,Article,antontroian,antontroian,1
1481,Article,antontroian,EllenBarryNYT,35
1435,Article,antontroian,helenecooper,84
1524,Tweet,antontroian,RaphaelMinder,2
1558,Tweet,antontroian,NYTimesCohen,4
1547,Tweet,antontroian,LFFriedman,39
1585,Tweet,antontroian,ericschmittnyt,150
1522,Tweet,antontroian,NYTimesCohen,2
1532,Tweet,antontroian,NeilMacFarquhar,46
1541,Tweet,antontroian,hillhulse,18
1545,Tweet,antontroian,antontroian,1
1595,Tweet,antontroian,nnougayrede,11
1538,Tweet,antontroian,IKershner,3
1542,Tweet,antontroian,hillhulse,36
1500,Tweet,antontroian,antontroian,1
1533,Tweet,antontroian,IKershner,2
1529,Tweet,antontroian,RaphaelMinder,108
1543,Tweet,antontroian,kenvogel,55
3643,Article,billywitz,ByJamesWagner,2
3691,Article,billywitz,RBReich,20
3622,Article,billywitz,ByJamesWagner,2
3649,Article,billywitz,billywitz,1
3636,Article,billywitz,marcatracy,2
3672,Article,billywitz,marcatracy,2
3601,Article,billywitz,RichardFausset,82
3666,Article,billywitz,marcatracy,5
3645,Article,billywitz,ByJamesWagner,4
3604,Article,billywitz,DavidWaldstein,11
3678,Article,billywitz,ESCochrane,47
3635,Article,billywitz,ByJamesWagner,2
3600,Article,billywitz,andrewrsorkin,11
3671,Article,billywitz,BenRothenberg,96
3697,Article,billywitz,marcatracy,5
3758,Tweet,billywitz,marcatracy,2
3793,Tweet,billywitz,ByJamesWagner,3
3762,Tweet,billywitz,billywitz,1
3798,Tweet,billywitz,ByJamesWagner,2
3712,Tweet,billywitz,priyagupta999,71
3734,Tweet,billywitz,DavidWaldstein,3
3742,Tweet,billywitz,el_belson,12
3715,Tweet,billywitz,marcatracy,2
3764,Tweet,billywitz,joncaramanica,3
3700,Tweet,billywitz,gailcollins,26
3785,Tweet,billywitz,billywitz,1
3719,Tweet,billywitz,el_belson,22
3733,Tweet,billywitz,ByJamesWagner,2
3778,Tweet,billywitz,billywitz,1
3761,Tweet,billywitz,jhoffman,39
46386,Article,oliverburkeman,mtomasky,141
46448,Article,oliverburkeman,oliverburkeman,1
46489,Article,oliverburkeman,oliverburkeman,1
46391,Article,oliverburkeman,oliverburkeman,1
46332,Article,oliverburkeman,oliverburkeman,1
46546,Article,oliverburkeman,oliverburkeman,1
46330,Article,oliverburkeman,oliverburkeman,1
46381,Article,oliverburkeman,oliverburkeman,1
46383,Article,oliverburkeman,oliverburkeman,1
46366,Article,oliverburkeman,oliverburkeman,1
46547,Article,oliverburkeman,oliverburkeman,1
46501,Article,oliverburkeman,oliverburkeman,1
46354,Article,oliverburkeman,nytdavidbrooks,37
46395,Article,oliverburkeman,oliverburkeman,1
46385,Article,oliverburkeman,oliverburkeman,1
46594,Tweet,oliverburkeman,jennydeluxe,150
46747,Tweet,oliverburkeman,wesley_morris,50
46775,Tweet,oliverburkeman,kylebuchanan,170
46577,Tweet,oliverburkeman,mariellaf1,104
46752,Tweet,oliverburkeman,elizabday,65
46808,Tweet,oliverburkeman,aleksk,9
46825,Tweet,oliverburkeman,elizabday,228
46677,Tweet,oliverburkeman,rondakaysen,8
46735,Tweet,oliverburkeman,GiniaNYT,16
46706,Tweet,oliverburkeman,oliverburkeman,1
46930,Tweet,oliverburkeman,davidhepworth,44
46903,Tweet,oliverburkeman,aleksk,164
46858,Tweet,oliverburkeman,JessicaValenti,7
46728,Tweet,oliverburkeman,andrewrsorkin,47
46859,Tweet,oliverburkeman,sendvictorious,123
153098,Article,shattenstone,DeccaJourno,23
153055,Article,shattenstone,RorySmith,64
153006,Article,shattenstone,PippaCrerar,148
152955,Article,shattenstone,LucyMangan,12
152939,Article,shattenstone,HackneyAbbott,112
152916,Article,shattenstone,OwenJones84,26
152975,Article,shattenstone,FelicityCloake,70
152905,Article,shattenstone,HackneyAbbott,88
152954,Article,shattenstone,jfordham_jazz,45
153027,Article,shattenstone,WilbyPeter,60
153018,Article,shattenstone,andybrassell,26
152929,Article,shattenstone,jimwaterson,75
152925,Article,shattenstone,LauraCummingArt,43
153102,Article,shattenstone,winematcher,105
152974,Article,shattenstone,sendvictorious,10
153324,Tweet,shattenstone,elizabday,31
153469,Tweet,shattenstone,EricaLG,19
153314,Tweet,shattenstone,LauraCummingArt,5
153590,Tweet,shattenstone,elizabday,10
153657,Tweet,shattenstone,NilsPratley,26
153190,Tweet,shattenstone,SocialQPhilip,490
153549,Tweet,shattenstone,MarinaHyde,32
153523,Tweet,shattenstone,sarfrazmanzoor,26
153673,Tweet,shattenstone,vanbadham,267
153183,Tweet,shattenstone,sendvictorious,39
153175,Tweet,shattenstone,el_belson,23
153172,Tweet,shattenstone,elizabday,28
153424,Tweet,shattenstone,DeccaJourno,12
153658,Tweet,shattenstone,joshwiddicombe,3
153201,Tweet,shattenstone,damiencave,337
82345,Article,hadleyfreeman,JessicaValenti,35
82291,Article,hadleyfreeman,joecoscarelli,12
82429,Article,hadleyfreeman,bglendenning,157
82418,Article,hadleyfreeman,jimwaterson,59
82218,Article,hadleyfreeman,wesley_morris,97
82410,Article,hadleyfreeman,JohnJCrace,45
82235,Article,hadleyfreeman,sarahchurchwell,143
82282,Article,hadleyfreeman,jbouie,70
82316,Article,hadleyfreeman,ggreenwald,56
82367,Article,hadleyfreeman,el_belson,155
82362,Article,hadleyfreeman,jennydeluxe,17
82216,Article,hadleyfreeman,MoharBasu,78
82340,Article,hadleyfreeman,HackneyAbbott,108
82317,Article,hadleyfreeman,jennydeluxe,9
82270,Article,hadleyfreeman,jackschofield,3
82576,Tweet,hadleyfreeman,elizabday,5
82691,Tweet,hadleyfreeman,desaisantosh,70
82739,Tweet,hadleyfreeman,petleepeter,17
82580,Tweet,hadleyfreeman,lukeharding1968,277
82958,Tweet,hadleyfreeman,sunny_hundal,48
82826,Tweet,hadleyfreeman,DouthatNYT,184
82524,Tweet,hadleyfreeman,LauraCummingArt,5
82812,Tweet,hadleyfreeman,GiniaNYT,277
82578,Tweet,hadleyfreeman,elizabday,5
82681,Tweet,hadleyfreeman,elizabday,3
82507,Tweet,hadleyfreeman,DeccaJourno,6
82458,Tweet,hadleyfreeman,wesley_morris,196
82820,Tweet,hadleyfreeman,desaisantosh,80
82625,Tweet,hadleyfreeman,ChaitanyadTOI,434
82772,Tweet,hadleyfreeman,hadleyfreeman,1
214655,Article,sushmi_dey,sushmi_dey,1
214702,Article,sushmi_dey,sushmi_dey,1
214698,Article,sushmi_dey,naomi2009,56
214643,Article,sushmi_dey,KomalGautham,27
214820,Article,sushmi_dey,AshokPradhanTOI,25
214786,Article,sushmi_dey,AshokPradhanTOI,32
214662,Article,sushmi_dey,sushmi_dey,1
214780,Article,sushmi_dey,SribaalaVTOI,60
214644,Article,sushmi_dey,sushmi_dey,1
214791,Article,sushmi_dey,anandbodhTOI,31
214833,Article,sushmi_dey,vijayVsinghTOI,13
214812,Article,sushmi_dey,PippaCrerar,4
214739,Article,sushmi_dey,AmritadTOI,12
214749,Article,sushmi_dey,stevenpoole,32
214661,Article,sushmi_dey,durgeshjhaTOI,3
214972,Tweet,sushmi_dey,PjJoychen,2
214953,Tweet,sushmi_dey,SindhukTOI,10
214929,Tweet,sushmi_dey,SindhukTOI,2
214969,Tweet,sushmi_dey,ChaitanyadTOI,153
214963,Tweet,sushmi_dey,AnujaJaiswalTOI,7
214951,Tweet,sushmi_dey,AlokKNMishra,22
214905,Tweet,sushmi_dey,debaratisen,40
214895,Tweet,sushmi_dey,pankajdoval,146
214904,Tweet,sushmi_dey,RoniNYTimes,26
214908,Tweet,sushmi_dey,desaisantosh,57
214968,Tweet,sushmi_dey,GRajivTOI,23
214959,Tweet,sushmi_dey,SumitraDebRoy,3
214936,Tweet,sushmi_dey,sushmi_dey,1
214980,Tweet,sushmi_dey,RoniNYTimes,48
214930,Tweet,sushmi_dey,alanconnor,333
14495,Article,MujMash,OfficeGSBrown,83
14438,Article,MujMash,peterbakernyt,84
14426,Article,MujMash,michaelcrowley,17
14453,Article,MujMash,IKershner,18
14494,Article,MujMash,michaelcrowley,10
14416,Article,MujMash,antontroian,7
14417,Article,MujMash,SribaalaVTOI,30
14465,Article,MujMash,PatrickKingsley,26
14427,Article,MujMash,IKershner,16
14491,Article,MujMash,MujMash,1
14442,Article,MujMash,damiencave,7
14497,Article,MujMash,EllenBarryNYT,13
14474,Article,MujMash,EllenBarryNYT,23
14483,Article,MujMash,CeylanWrites,28
14461,Article,MujMash,NYTimesCohen,3
14598,Tweet,MujMash,ukigoni,39
14568,Tweet,MujMash,vvfriedman,34
14517,Tweet,MujMash,BawaNaaved,64
14564,Tweet,MujMash,MujMash,1
14503,Tweet,MujMash,michaelcrowley,28
14579,Tweet,MujMash,LizAldermanNYT,5
14561,Tweet,MujMash,PeterTatchell,59
14560,Tweet,MujMash,npfandos,35
14584,Tweet,MujMash,AlokKNMishra,150
14577,Tweet,MujMash,vijayVsinghTOI,124
14519,Tweet,MujMash,ericschmittnyt,13
14571,Tweet,MujMash,MichaelPaulson,85
14518,Tweet,MujMash,desaisantosh,17
14596,Tweet,MujMash,SwatiMathurTOI,17
14527,Tweet,MujMash,NYTimesCohen,95
23202,Article,samrob12,dwightgarner,169
23280,Article,samrob12,john_hooper,9
23282,Article,samrob12,AshokPradhanTOI,5
23296,Article,samrob12,karenzraick,24
23272,Article,samrob12,hillhulse,101
23292,Article,samrob12,RichSandomir,4
23207,Article,samrob12,andrewrsorkin,44
23222,Article,samrob12,RichSandomir,2
23256,Article,samrob12,ewenmacaskill,26
23234,Article,samrob12,michaelcrowley,49
23288,Article,samrob12,NilsPratley,30
23261,Article,samrob12,genznyt,3
23223,Article,samrob12,RaphaelMinder,18
23274,Article,samrob12,DSlotnik,4
23208,Article,samrob12,OfficeGSBrown,4
23320,Tweet,samrob12,PNaveenTOI,9
23354,Tweet,samrob12,priyagupta999,3
23311,Tweet,samrob12,el_belson,10
23342,Tweet,samrob12,SocialQPhilip,206
23303,Tweet,samrob12,samrob12,1
23396,Tweet,samrob12,stevenpoole,333
23381,Tweet,samrob12,livia_ar,14
23321,Tweet,samrob12,LFFriedman,46
23397,Tweet,samrob12,adamliptak,22
23326,Tweet,samrob12,samrob12,1
23375,Tweet,samrob12,timlottwriter,15
23377,Tweet,samrob12,FrankBruni,56
23312,Tweet,samrob12,debaratisen,334
23379,Tweet,samrob12,zwoolfe,43
23330,Tweet,samrob12,gailcollins,108
211773,Article,SidharthB25,SidharthB25,1
211743,Article,SidharthB25,NYTimesCohen,176
211650,Article,SidharthB25,sandhyanairTOI,6
211719,Article,SidharthB25,NYTimesCohen,195
211832,Article,SidharthB25,KapildaveTOI,6
211755,Article,SidharthB25,SidharthB25,1
211810,Article,SidharthB25,vijayVsinghTOI,17
211646,Article,SidharthB25,jameskanter,9
211789,Article,SidharthB25,yeshikabudhwar,4
211710,Article,SidharthB25,SidharthB25,1
211788,Article,SidharthB25,yeshikabudhwar,5
211618,Article,SidharthB25,SidharthB25,1
211834,Article,SidharthB25,SidharthB25,1
211752,Article,SidharthB25,niyatiparikhTOI,15
211722,Article,SidharthB25,SidharthB25,1
211909,Tweet,SidharthB25,lucywardsings,348
211875,Tweet,SidharthB25,vwang3,308
211883,Tweet,SidharthB25,MujMash,204
211890,Tweet,SidharthB25,tushhaikhush,116
211930,Tweet,SidharthB25,saumyajitbTOI,171
211867,Tweet,SidharthB25,vijaysinghTOI,56
211881,Tweet,SidharthB25,rajatpTOI,72
211889,Tweet,SidharthB25,williamkeegan,336
211902,Tweet,SidharthB25,bglendenning,131
211876,Tweet,SidharthB25,kbennhold,241
211905,Tweet,SidharthB25,sarahlyall,194
211910,Tweet,SidharthB25,aditya_bh16,128
211887,Tweet,SidharthB25,aditya_bh16,220
211880,Tweet,SidharthB25,GlennThrush,262
211885,Tweet,SidharthB25,jennydeluxe,49
207096,Article,rjadHinduBL,ArunDev1,122
207205,Article,rjadHinduBL,rjadHinduBL,1
207002,Article,rjadHinduBL,DekaJayanta,3
207013,Article,rjadHinduBL,palaknandiTOI,31
207221,Article,rjadHinduBL,rajendrasTOI,84
207121,Article,rjadHinduBL,rjadHinduBL,1
206982,Article,rjadHinduBL,007pandey,12
207063,Article,rjadHinduBL,vijayVsinghTOI,142
207113,Article,rjadHinduBL,richapintoi,103
207123,Article,rjadHinduBL,BhanupratapsTOI,74
207181,Article,rjadHinduBL,vijayVsinghTOI,22
206975,Article,rjadHinduBL,rjadHinduBL,1
207171,Article,rjadHinduBL,007pandey,29
207177,Article,rjadHinduBL,SindhukTOI,9
207108,Article,rjadHinduBL,SindhukTOI,28
207303,Tweet,rjadHinduBL,rjadHinduBL,1
207315,Tweet,rjadHinduBL,RBReich,29
207231,Tweet,rjadHinduBL,PNaveenTOI,5
207313,Tweet,rjadHinduBL,AlysFowler,43
207225,Tweet,rjadHinduBL,RaphaelMinder,19
207260,Tweet,rjadHinduBL,pradeeptTOI,2
207235,Tweet,rjadHinduBL,MichaelPaulson,189
207279,Tweet,rjadHinduBL,dwightgarner,7
207275,Tweet,rjadHinduBL,TristramHuntVA,37
207292,Tweet,rjadHinduBL,nytDeniseGrady,50
207306,Tweet,rjadHinduBL,rjadHinduBL,1
207234,Tweet,rjadHinduBL,rjadHinduBL,1
207322,Tweet,rjadHinduBL,rjadHinduBL,1
207224,Tweet,rjadHinduBL,paulmasonnews,282
207261,Tweet,rjadHinduBL,ianrausten,19
210739,Article,Shreyanka_M,naomi2009,56
210779,Article,Shreyanka_M,debaratisen,11
210787,Article,Shreyanka_M,ChaitanyadTOI,6
210735,Article,Shreyanka_M,Crime_Selvaraj,8
210775,Article,Shreyanka_M,DerekMalcolm123,2
210747,Article,Shreyanka_M,ramarkosg,16
210784,Article,Shreyanka_M,ChaitanyadTOI,32
210744,Article,Shreyanka_M,binays1960,109
210774,Article,Shreyanka_M,davidhepworth,67
210764,Article,Shreyanka_M,Shreyanka_M,1
210767,Article,Shreyanka_M,rjadHinduBL,28
210732,Article,Shreyanka_M,Shreyanka_M,1
210734,Article,Shreyanka_M,meeravohraTOI,7
210796,Article,Shreyanka_M,Shreyanka_M,1
210794,Article,Shreyanka_M,ChaitanyadTOI,21
210858,Tweet,Shreyanka_M,MoharBasu,8
210824,Tweet,Shreyanka_M,afuahirsch,53
210868,Tweet,Shreyanka_M,peterbradshaw1,8
210869,Tweet,Shreyanka_M,smita_mishra,6
210838,Tweet,Shreyanka_M,LucyMangan,17
210907,Tweet,Shreyanka_M,desaisantosh,3
210871,Tweet,Shreyanka_M,sermoninstone,113
210867,Tweet,Shreyanka_M,desaisantosh,8
210880,Tweet,Shreyanka_M,KSchulten,58
210901,Tweet,Shreyanka_M,priyagupta999,6
210814,Tweet,Shreyanka_M,divyapal2013,7
210870,Tweet,Shreyanka_M,DerekMalcolm123,86
210839,Tweet,Shreyanka_M,BawaNaaved,59
210853,Tweet,Shreyanka_M,sermoninstone,78
210889,Tweet,Shreyanka_M,MoharBasu,15
180758,Article,digbijaymishra1,digbijaymishra1,1
180921,Article,digbijaymishra1,digbijaymishra1,1
180807,Article,digbijaymishra1,digbijaymishra1,1
180774,Article,digbijaymishra1,digbijaymishra1,1
180841,Article,digbijaymishra1,digbijaymishra1,1
180784,Article,digbijaymishra1,digbijaymishra1,1
180777,Article,digbijaymishra1,digbijaymishra1,1
180928,Article,digbijaymishra1,KapildaveTOI,3
180726,Article,digbijaymishra1,parthasinha,2
180749,Article,digbijaymishra1,har_mandeep,11
180942,Article,digbijaymishra1,digbijaymishra1,1
180727,Article,digbijaymishra1,digbijaymishra1,1
180937,Article,digbijaymishra1,digbijaymishra1,1
180952,Article,digbijaymishra1,digbijaymishra1,1
180825,Article,digbijaymishra1,digbijaymishra1,1
181018,Tweet,digbijaymishra1,SocialQPhilip,313
180987,Tweet,digbijaymishra1,sarfrazmanzoor,323
180970,Tweet,digbijaymishra1,MoharBasu,3
181030,Tweet,digbijaymishra1,KapildaveTOI,80
181060,Tweet,digbijaymishra1,john_hooper,26
181055,Tweet,digbijaymishra1,ramarkosg,3
181012,Tweet,digbijaymishra1,ramarkosg,14
180999,Tweet,digbijaymishra1,SocialQPhilip,8
181005,Tweet,digbijaymishra1,KSchulten,334
180980,Tweet,digbijaymishra1,IpsitaTOI,190
181048,Tweet,digbijaymishra1,nnougayrede,406
181052,Tweet,digbijaymishra1,pankajdoval,8
181054,Tweet,digbijaymishra1,AnushkaAsthana,69
180994,Tweet,digbijaymishra1,bencasselman,20
181051,Tweet,digbijaymishra1,aseemsgujar,2
105276,Article,IAmTimDowling,greenslader,20
105281,Article,IAmTimDowling,nicklezard,20
105417,Article,IAmTimDowling,nicklezard,7
105372,Article,IAmTimDowling,winematcher,10
105383,Article,IAmTimDowling,nicklezard,14
105469,Article,IAmTimDowling,nicklezard,20
105459,Article,IAmTimDowling,nicklezard,83
105290,Article,IAmTimDowling,damiencave,31
105283,Article,IAmTimDowling,andybrassell,213
105485,Article,IAmTimDowling,archiebland,105
105313,Article,IAmTimDowling,greenslader,7
105427,Article,IAmTimDowling,williamkeegan,18
105439,Article,IAmTimDowling,pete_wells,12
105422,Article,IAmTimDowling,davidhepworth,6
105407,Article,IAmTimDowling,greenslader,29
105750,Tweet,IAmTimDowling,ceciliakang,98
105946,Tweet,IAmTimDowling,elizabday,13
106102,Tweet,IAmTimDowling,LauraCummingArt,167
105840,Tweet,IAmTimDowling,salihughes,12
105947,Tweet,IAmTimDowling,saumyajitbTOI,140
106024,Tweet,IAmTimDowling,margaretrenkl,2
105601,Tweet,IAmTimDowling,NilsPratley,71
105927,Tweet,IAmTimDowling,mtomasky,158
105798,Tweet,IAmTimDowling,DeccaJourno,35
105598,Tweet,IAmTimDowling,andrewrawnsley,22
105919,Tweet,IAmTimDowling,michelleinbklyn,361
105934,Tweet,IAmTimDowling,joncaramanica,43
105886,Tweet,IAmTimDowling,jennydeluxe,161
105679,Tweet,IAmTimDowling,tomdyckhoff,165
105848,Tweet,IAmTimDowling,joncaramanica,20
198191,Article,NishikantkTOI,rhymetraveller,23
198137,Article,NishikantkTOI,dklavaniaTOI,11
198226,Article,NishikantkTOI,LeoHickman,7
198155,Article,NishikantkTOI,rebeccaSTOI,9
198231,Article,NishikantkTOI,vijayVsinghTOI,5
198089,Article,NishikantkTOI,SidharthB25,18
198225,Article,NishikantkTOI,vijayVsinghTOI,6
198215,Article,NishikantkTOI,vijayVsinghTOI,3
198004,Article,NishikantkTOI,NishikantkTOI,1
198152,Article,NishikantkTOI,ameliagentleman,69
198248,Article,NishikantkTOI,sunny_hundal,116
198223,Article,NishikantkTOI,sandhyanairTOI,4
198230,Article,NishikantkTOI,rebeccaSTOI,4
198085,Article,NishikantkTOI,WilbyPeter,7
198090,Article,NishikantkTOI,mateenHTOI,4
198316,Tweet,NishikantkTOI,ArthurNeslen,12
198263,Tweet,NishikantkTOI,mateenHTOI,6
198258,Tweet,NishikantkTOI,NishikantkTOI,1
198348,Tweet,NishikantkTOI,NYTimesCohen,32
198309,Tweet,NishikantkTOI,DSlotnik,55
198273,Tweet,NishikantkTOI,NishikantkTOI,1
198277,Tweet,NishikantkTOI,vijaysinghTOI,47
198317,Tweet,NishikantkTOI,ArthurNeslen,3
198310,Tweet,NishikantkTOI,naomi2009,41
198306,Tweet,NishikantkTOI,NishikantkTOI,1
198312,Tweet,NishikantkTOI,journo_vibha,14
198301,Tweet,NishikantkTOI,winematcher,10
198347,Tweet,NishikantkTOI,vijaysinghTOI,10
198256,Tweet,NishikantkTOI,saumyajitbTOI,244
198253,Tweet,NishikantkTOI,MonaChalabi,130
53852,Article,kiracochrane,jimwaterson,56
53950,Article,kiracochrane,jillfilipovic,246
53764,Article,kiracochrane,IanCobain,41
53982,Article,kiracochrane,DouthatNYT,207
53983,Article,kiracochrane,DeccaJourno,60
53842,Article,kiracochrane,OwenJones84,31
53794,Article,kiracochrane,jfordham_jazz,150
53927,Article,kiracochrane,hugolowell,137
53905,Article,kiracochrane,cdcaron,89
53925,Article,kiracochrane,JessicaValenti,121
53967,Article,kiracochrane,lyngardner,26
53801,Article,kiracochrane,JohnJCrace,78
53947,Article,kiracochrane,lyngardner,40
53921,Article,kiracochrane,OwenJones84,39
53796,Article,kiracochrane,williamkeegan,106
54338,Tweet,kiracochrane,RebeccaSeal,57
54199,Tweet,kiracochrane,andrewrawnsley,5
54123,Tweet,kiracochrane,HackneyAbbott,76
54191,Tweet,kiracochrane,alexmarshall81,110
54048,Tweet,kiracochrane,vvfriedman,68
54452,Tweet,kiracochrane,SocialQPhilip,271
54176,Tweet,kiracochrane,LFFriedman,364
54531,Tweet,kiracochrane,afuahirsch,206
54418,Tweet,kiracochrane,timlottwriter,248
54222,Tweet,kiracochrane,TristramHuntVA,25
54440,Tweet,kiracochrane,alanconnor,127
54354,Tweet,kiracochrane,SocialQPhilip,33
54100,Tweet,kiracochrane,carolecadwalla,54
54332,Tweet,kiracochrane,timlottwriter,18
54237,Tweet,kiracochrane,RaphaelMinder,364
208284,Article,SagrikaKissu,SagrikaKissu,1
208344,Article,SagrikaKissu,sandhyanairTOI,32
208314,Article,SagrikaKissu,Crime_Selvaraj,55
208232,Article,SagrikaKissu,vijayVsinghTOI,46
208328,Article,SagrikaKissu,maheshbTOI,17
208308,Article,SagrikaKissu,SidharthB25,16
208290,Article,SagrikaKissu,sandhyanairTOI,30
208337,Article,SagrikaKissu,vijaysinghTOI,10
208255,Article,SagrikaKissu,SidharthB25,8
208234,Article,SagrikaKissu,SidharthB25,5
208316,Article,SagrikaKissu,yeshikabudhwar,4
208194,Article,SagrikaKissu,AtulMathur_,34
208220,Article,SagrikaKissu,mateenHTOI,39
208270,Article,SagrikaKissu,SindhukTOI,43
208257,Article,SagrikaKissu,KanwardeepsTOI,5
208421,Tweet,SagrikaKissu,BhanupratapsTOI,58
208394,Tweet,SagrikaKissu,niyatiparikhTOI,46
208387,Tweet,SagrikaKissu,ajaysuraTOI,189
208411,Tweet,SagrikaKissu,IKershner,73
208415,Tweet,SagrikaKissu,hillhulse,268
208372,Tweet,SagrikaKissu,mateenHTOI,2
208403,Tweet,SagrikaKissu,PeterTatchell,282
208384,Tweet,SagrikaKissu,gettleman,150
208396,Tweet,SagrikaKissu,stevenerlanger,181
208380,Tweet,SagrikaKissu,priyagupta999,59
208386,Tweet,SagrikaKissu,jatinder_tur,125
208390,Tweet,SagrikaKissu,Crime_Selvaraj,15
208379,Tweet,SagrikaKissu,billicritic,185
208408,Tweet,SagrikaKissu,petleepeter,45
208407,Tweet,SagrikaKissu,IKershner,80
2880,Article,benkenigsberg,DouthatNYT,5
2858,Article,benkenigsberg,kbennhold,5
2835,Article,benkenigsberg,zwoolfe,2
2857,Article,benkenigsberg,dwightgarner,9
2813,Article,benkenigsberg,DouthatNYT,12
2895,Article,benkenigsberg,parul_sehgal,94
2802,Article,benkenigsberg,jhoffman,3
2879,Article,benkenigsberg,jimtankersley,39
2870,Article,benkenigsberg,jhoffman,3
2846,Article,benkenigsberg,FrankBruni,21
2820,Article,benkenigsberg,brooksbarnesNYT,3
2856,Article,benkenigsberg,benkenigsberg,1
2872,Article,benkenigsberg,pete_wells,29
2885,Article,benkenigsberg,sangerkatz,172
2873,Article,benkenigsberg,IKershner,21
2964,Tweet,benkenigsberg,DouthatNYT,19
2966,Tweet,benkenigsberg,fmanjoo,44
2994,Tweet,benkenigsberg,alexvtunzelmann,4
2993,Tweet,benkenigsberg,kylebuchanan,7
2912,Tweet,benkenigsberg,jhoffman,4
2978,Tweet,benkenigsberg,samsifton,4
2937,Tweet,benkenigsberg,peterbradshaw1,23
2974,Tweet,benkenigsberg,priyagupta999,3
2942,Tweet,benkenigsberg,SocialQPhilip,44
2904,Tweet,benkenigsberg,sisario,12
2922,Tweet,benkenigsberg,benkenigsberg,1
2970,Tweet,benkenigsberg,EVincentelli,29
2903,Tweet,benkenigsberg,jhoffman,9
2939,Tweet,benkenigsberg,alanconnor,6
2916,Tweet,benkenigsberg,jhoffman,3
218163,Article,TridibIANS,AraniBasuTOI,4
218193,Article,TridibIANS,Shrivathsan1437,3
218140,Article,TridibIANS,vivek9301,2
218210,Article,TridibIANS,vijayVsinghTOI,74
218171,Article,TridibIANS,NilsPratley,32
218170,Article,TridibIANS,vivek9301,3
218131,Article,TridibIANS,DanielKingChess,23
218149,Article,TridibIANS,vivek9301,4
218184,Article,TridibIANS,Shrivathsan1437,15
218125,Article,TridibIANS,Pratiks_TOI,16
218214,Article,TridibIANS,Bencjacobs,73
218129,Article,TridibIANS,jotted,14
218152,Article,TridibIANS,Shilarze_SSR,12
218112,Article,TridibIANS,margaretrenkl,4
218194,Article,TridibIANS,Pratiks_TOI,9
218265,Tweet,TridibIANS,petleepeter,6
218264,Tweet,TridibIANS,Shrivathsan1437,36
218261,Tweet,TridibIANS,andybrassell,36
218263,Tweet,TridibIANS,aditya_bh16,7
218331,Tweet,TridibIANS,sermoninstone,44
218254,Tweet,TridibIANS,vanbadham,246
218289,Tweet,TridibIANS,tomfriedman,193
218311,Tweet,TridibIANS,manvirsainiTOI,7
218317,Tweet,TridibIANS,sudeshnagTOI,22
218245,Tweet,TridibIANS,elizabday,92
218252,Tweet,TridibIANS,priyagupta999,4
218275,Tweet,TridibIANS,SindhukTOI,143
218284,Tweet,TridibIANS,aditya_bh16,3
218328,Tweet,TridibIANS,damiencave,6
218238,Tweet,TridibIANS,manujaveerappa,19
23425,Article,samsifton,melissaclark,3
23408,Article,samsifton,pete_wells,4
23438,Article,samsifton,paulkrugman,11
23444,Article,samsifton,dwightgarner,4
23409,Article,samsifton,PerriKlass,3
23454,Article,samsifton,zwoolfe,5
23430,Article,samsifton,pete_wells,5
23429,Article,samsifton,michelleinbklyn,5
23403,Article,samsifton,pete_wells,5
23453,Article,samsifton,tejalrao,4
23400,Article,samsifton,samsifton,1
23442,Article,samsifton,samsifton,1
23412,Article,samsifton,pete_wells,4
23465,Article,samsifton,pete_wells,2
23486,Article,samsifton,samsifton,1
23546,Tweet,samsifton,TimdeLisle,55
23578,Tweet,samsifton,VivianHo,232
23588,Tweet,samsifton,murarishetyeTOI,284
23562,Tweet,samsifton,jfordham_jazz,114
23561,Tweet,samsifton,wesley_morris,23
23597,Tweet,samsifton,samsifton,1
23567,Tweet,samsifton,murarishetyeTOI,263
23512,Tweet,samsifton,SocialQPhilip,28
23591,Tweet,samsifton,gailcollins,20
23551,Tweet,samsifton,nnougayrede,30
23521,Tweet,samsifton,vvfriedman,62
23584,Tweet,samsifton,pete_wells,3
23552,Tweet,samsifton,andrewrsorkin,140
23502,Tweet,samsifton,we_are_food,5
23536,Tweet,samsifton,ukigoni,208
214522,Article,SunilSubaiah,vivek9301,15
214536,Article,SunilSubaiah,rhymetraveller,3
214408,Article,SunilSubaiah,saumyajitbTOI,23
214441,Article,SunilSubaiah,KapildaveTOI,30
214423,Article,SunilSubaiah,Shrivathsan1437,5
214352,Article,SunilSubaiah,PjJoychen,18
214457,Article,SunilSubaiah,Pratiks_TOI,3
214334,Article,SunilSubaiah,LauraCummingArt,111
214476,Article,SunilSubaiah,Shrivathsan1437,8
214477,Article,SunilSubaiah,Arv_Ind_Chauhan,15
214497,Article,SunilSubaiah,yeshikabudhwar,53
214508,Article,SunilSubaiah,aniljdias,9
214356,Article,SunilSubaiah,manujaveerappa,15
214355,Article,SunilSubaiah,Pratiks_TOI,4
214385,Article,SunilSubaiah,saumyajitbTOI,23
214573,Tweet,SunilSubaiah,durgeshjhaTOI,91
214541,Tweet,SunilSubaiah,pradeeptTOI,74
214554,Tweet,SunilSubaiah,IpsitaTOI,10
214542,Tweet,SunilSubaiah,vivek9301,39
214594,Tweet,SunilSubaiah,PerriKlass,264
214628,Tweet,SunilSubaiah,SyedAkbarTOI,34
214578,Tweet,SunilSubaiah,SindhukTOI,4
214589,Tweet,SunilSubaiah,AraniBasuTOI,45
214555,Tweet,SunilSubaiah,ericschmittnyt,99
214602,Tweet,SunilSubaiah,yeshikabudhwar,48
214622,Tweet,SunilSubaiah,rjadHinduBL,16
214548,Tweet,SunilSubaiah,parthasinha,74
214586,Tweet,SunilSubaiah,meeravohraTOI,43
214581,Tweet,SunilSubaiah,pradeepjourno,103
214597,Tweet,SunilSubaiah,rajatpTOI,11
66487,Article,FranklinBlog,KateEMcCann,4
66541,Article,FranklinBlog,jennydeluxe,94
66537,Article,FranklinBlog,npwcnn,29
66586,Article,FranklinBlog,PippaCrerar,23
66481,Article,FranklinBlog,ishajainTOI,189
66590,Article,FranklinBlog,john_hooper,27
66573,Article,FranklinBlog,npwcnn,43
66427,Article,FranklinBlog,VivianHo,153
66466,Article,FranklinBlog,KomalGautham,110
66384,Article,FranklinBlog,hugolowell,121
66556,Article,FranklinBlog,PippaCrerar,22
66588,Article,FranklinBlog,afuahirsch,92
66619,Article,FranklinBlog,john_hooper,4
66623,Article,FranklinBlog,npwcnn,10
66383,Article,FranklinBlog,oliverburkeman,176
66646,Tweet,FranklinBlog,OwenJones84,100
67137,Tweet,FranklinBlog,kbennhold,235
66693,Tweet,FranklinBlog,RaphaelMinder,113
67023,Tweet,FranklinBlog,timlottwriter,197
67127,Tweet,FranklinBlog,DanielKingChess,148
66994,Tweet,FranklinBlog,jennydeluxe,20
67099,Tweet,FranklinBlog,alexvtunzelmann,113
66931,Tweet,FranklinBlog,rpogrebin,222
66769,Tweet,FranklinBlog,lauriegnyt,32
67185,Tweet,FranklinBlog,antontroian,281
67228,Tweet,FranklinBlog,kumaraswamykTOI,159
66801,Tweet,FranklinBlog,antontroian,368
66929,Tweet,FranklinBlog,ajaysuraTOI,194
66806,Tweet,FranklinBlog,divyapal2013,83
66764,Tweet,FranklinBlog,tejalrao,398
32274,Article,NikiKitsantonis,AnaSwanson,6
32295,Article,NikiKitsantonis,hillhulse,117
32238,Article,NikiKitsantonis,NikiKitsantonis,1
32266,Article,NikiKitsantonis,john_hooper,10
32271,Article,NikiKitsantonis,KapildaveTOI,15
32264,Article,NikiKitsantonis,RorySmith,13
32212,Article,NikiKitsantonis,amitanandTOI,26
32225,Article,NikiKitsantonis,jimtankersley,18
32257,Article,NikiKitsantonis,KapildaveTOI,13
32218,Article,NikiKitsantonis,adamliptak,13
32268,Article,NikiKitsantonis,ESCochrane,14
32281,Article,NikiKitsantonis,NikiKitsantonis,1
32224,Article,NikiKitsantonis,stevenerlanger,11
32244,Article,NikiKitsantonis,KapildaveTOI,26
32298,Article,NikiKitsantonis,hillhulse,20
32317,Tweet,NikiKitsantonis,NikiKitsantonis,1
32322,Tweet,NikiKitsantonis,gilestremlett,5
32371,Tweet,NikiKitsantonis,dansabbagh,9
32381,Tweet,NikiKitsantonis,NikiKitsantonis,1
32329,Tweet,NikiKitsantonis,williamkeegan,202
32313,Tweet,NikiKitsantonis,IKershner,2
32308,Tweet,NikiKitsantonis,npwcnn,3
32312,Tweet,NikiKitsantonis,andybrassell,93
32366,Tweet,NikiKitsantonis,NikiKitsantonis,1
32318,Tweet,NikiKitsantonis,andybrassell,90
32315,Tweet,NikiKitsantonis,NickAtNews,55
32383,Tweet,NikiKitsantonis,PatrickKingsley,4
32348,Tweet,NikiKitsantonis,williamkeegan,172
32374,Tweet,NikiKitsantonis,NikiKitsantonis,1
32386,Tweet,NikiKitsantonis,GlennThrush,229
5404,Article,damiencave,damiencave,1
5402,Article,damiencave,NikiKitsantonis,98
5428,Article,damiencave,damiencave,1
5477,Article,damiencave,damiencave,1
5485,Article,damiencave,ChuBailiang,24
5460,Article,damiencave,naomi2009,3
5491,Article,damiencave,damiencave,1
5407,Article,damiencave,mswainwright,9
5411,Article,damiencave,damiencave,1
5481,Article,damiencave,ChuBailiang,69
5488,Article,damiencave,damiencave,1
5424,Article,damiencave,RBReich,5
5422,Article,damiencave,damiencave,1
5454,Article,damiencave,PatrickKingsley,3
5401,Article,damiencave,williamkeegan,2
5542,Tweet,damiencave,ceciliakang,197
5599,Tweet,damiencave,tomfriedman,17
5595,Tweet,damiencave,ianrausten,26
5522,Tweet,damiencave,joshwiddicombe,141
5559,Tweet,damiencave,dipakdashTOI,179
5517,Tweet,damiencave,GiniaNYT,19
5501,Tweet,damiencave,damiencave,1
5534,Tweet,damiencave,genznyt,153
5541,Tweet,damiencave,damiencave,1
5597,Tweet,damiencave,damiencave,1
5512,Tweet,damiencave,gailcollins,322
5586,Tweet,damiencave,DouthatNYT,96
5582,Tweet,damiencave,williamkeegan,25
5513,Tweet,damiencave,FrankBruni,6
5589,Tweet,damiencave,stevenerlanger,93
15853,Article,NYTimesCohen,gettleman,2
15816,Article,NYTimesCohen,pete_wells,5
15813,Article,NYTimesCohen,paulkrugman,10
15827,Article,NYTimesCohen,saumyajitbTOI,11
15820,Article,NYTimesCohen,NYTimesCohen,1
15876,Article,NYTimesCohen,michaelcrowley,89
15854,Article,NYTimesCohen,NYTimesCohen,1
15811,Article,NYTimesCohen,NYTimesCohen,1
15858,Article,NYTimesCohen,RaphaelMinder,2
15828,Article,NYTimesCohen,PatrickKingsley,39
15812,Article,NYTimesCohen,DouthatNYT,8
15867,Article,NYTimesCohen,DouthatNYT,3
15806,Article,NYTimesCohen,stevenerlanger,25
15857,Article,NYTimesCohen,LizAldermanNYT,9
15864,Article,NYTimesCohen,pete_wells,2
15919,Tweet,NYTimesCohen,NYTimesCohen,1
15968,Tweet,NYTimesCohen,PNaveenTOI,15
15936,Tweet,NYTimesCohen,jillfilipovic,26
15993,Tweet,NYTimesCohen,julianbarnes,316
15977,Tweet,NYTimesCohen,PatrickKingsley,30
15921,Tweet,NYTimesCohen,SocialQPhilip,5
15984,Tweet,NYTimesCohen,RorySmith,3
15940,Tweet,NYTimesCohen,kbennhold,5
15941,Tweet,NYTimesCohen,williamkeegan,85
15928,Tweet,NYTimesCohen,ericschmittnyt,93
15954,Tweet,NYTimesCohen,ajaysuraTOI,23
15999,Tweet,NYTimesCohen,FrankBruni,2
15912,Tweet,NYTimesCohen,Lattif,32
15982,Tweet,NYTimesCohen,gettleman,6
15903,Tweet,NYTimesCohen,saumyajitbTOI,2
3053,Article,BenRothenberg,BenRothenberg,1
3001,Article,BenRothenberg,BenRothenberg,1
3090,Article,BenRothenberg,adamliptak,47
3060,Article,BenRothenberg,saumyajitbTOI,2
3067,Article,BenRothenberg,saumyajitbTOI,4
3002,Article,BenRothenberg,sisario,6
3051,Article,BenRothenberg,BenRothenberg,1
3038,Article,BenRothenberg,BenRothenberg,1
3071,Article,BenRothenberg,bykaren,12
3016,Article,BenRothenberg,BenRothenberg,1
3010,Article,BenRothenberg,tariqpanja,3
3007,Article,BenRothenberg,saumyajitbTOI,13
3079,Article,BenRothenberg,tariqpanja,21
3033,Article,BenRothenberg,BenRothenberg,1
3078,Article,BenRothenberg,tariqpanja,3
3167,Tweet,BenRothenberg,ByJamesWagner,92
3198,Tweet,BenRothenberg,KTVinobhaTOI,181
3149,Tweet,BenRothenberg,PatrickKingsley,61
3114,Tweet,BenRothenberg,FrankBruni,42
3137,Tweet,BenRothenberg,LFFriedman,265
3140,Tweet,BenRothenberg,toi_shailendraA,6
3174,Tweet,BenRothenberg,edvulliamy,5
3122,Tweet,BenRothenberg,rachlharris,197
3117,Tweet,BenRothenberg,sendvictorious,16
3195,Tweet,BenRothenberg,andrewrsorkin,13
3105,Tweet,BenRothenberg,LFFriedman,356
3126,Tweet,BenRothenberg,vivek9301,5
3156,Tweet,BenRothenberg,Shrivathsan1437,6
3111,Tweet,BenRothenberg,BenRothenberg,1
3103,Tweet,BenRothenberg,ggreenwald,99
177764,Article,binays1960,minatisinghaTOI,21
177809,Article,binays1960,ChaitanyadTOI,15
177633,Article,binays1960,ChaitanyadTOI,13
177602,Article,binays1960,TOISH31,230
177831,Article,binays1960,MohitaTOI,9
177625,Article,binays1960,SindhukTOI,39
177765,Article,binays1960,minatisinghaTOI,16
177705,Article,binays1960,vijayVsinghTOI,5
177641,Article,binays1960,RachelDonadio,84
177648,Article,binays1960,PrashantrTOI,8
177789,Article,binays1960,binays1960,1
177794,Article,binays1960,AlysFowler,16
177725,Article,binays1960,petleepeter,70
177718,Article,binays1960,007pandey,12
177714,Article,binays1960,vijayVsinghTOI,39
177922,Tweet,binays1960,journo_vibha,46
177845,Tweet,binays1960,binays1960,1
177863,Tweet,binays1960,polblonde,175
177870,Tweet,binays1960,ChaitanyadTOI,59
177840,Tweet,binays1960,akhileshsTOI,5
177898,Tweet,binays1960,binays1960,1
177874,Tweet,binays1960,priyagupta999,17
177867,Tweet,binays1960,binays1960,1
177884,Tweet,binays1960,journo_vibha,6
177846,Tweet,binays1960,pradeeptTOI,97
177930,Tweet,binays1960,meeravohraTOI,20
177877,Tweet,binays1960,binays1960,1
177915,Tweet,binays1960,binays1960,1
177918,Tweet,binays1960,TOISH31,194
177894,Tweet,binays1960,binays1960,1
161057,Article,edvulliamy,ggreenwald,33
161209,Article,edvulliamy,bylizrobbins,177
161151,Article,edvulliamy,afuahirsch,92
161264,Article,edvulliamy,NilsPratley,239
161060,Article,edvulliamy,lukeharding1968,7
161135,Article,edvulliamy,OwenJones84,114
161169,Article,edvulliamy,NikiKitsantonis,210
161038,Article,edvulliamy,ianrausten,38
161139,Article,edvulliamy,JessicaValenti,47
161101,Article,edvulliamy,alexvtunzelmann,46
161064,Article,edvulliamy,jimwaterson,45
161041,Article,edvulliamy,ByJamesWagner,89
161148,Article,edvulliamy,john_hooper,43
161177,Article,edvulliamy,greenslader,23
161164,Article,edvulliamy,williamkeegan,29
161321,Tweet,edvulliamy,laurenlaverne,104
161350,Tweet,edvulliamy,RorySmith,31
161829,Tweet,edvulliamy,livia_ar,24
161777,Tweet,edvulliamy,Mahafreed_Irani,62
161343,Tweet,edvulliamy,RaphaelMinder,92
161593,Tweet,edvulliamy,MarinaHyde,17
161781,Tweet,edvulliamy,RaphaelMinder,9
161420,Tweet,edvulliamy,kbennhold,97
161395,Tweet,edvulliamy,ewenmacaskill,5
161475,Tweet,edvulliamy,RorySmith,118
161274,Tweet,edvulliamy,vanbadham,200
161382,Tweet,edvulliamy,RaphaelMinder,24
161324,Tweet,edvulliamy,naomi2009,155
161771,Tweet,edvulliamy,NilsPratley,162
161703,Tweet,edvulliamy,seaningle,12
199448,Article,pankajdoval,pankajdoval,1
199529,Article,pankajdoval,pankajdoval,1
199618,Article,pankajdoval,digbijaymishra1,16
199498,Article,pankajdoval,digbijaymishra1,26
199635,Article,pankajdoval,pankajdoval,1
199455,Article,pankajdoval,pankajdoval,1
199610,Article,pankajdoval,_nicolaclark,7
199430,Article,pankajdoval,naomi2009,158
199462,Article,pankajdoval,pankajdoval,1
199460,Article,pankajdoval,pankajdoval,1
199469,Article,pankajdoval,007pandey,27
199628,Article,pankajdoval,KapildaveTOI,38
199558,Article,pankajdoval,parthasinha,6
199518,Article,pankajdoval,digbijaymishra1,115
199395,Article,pankajdoval,pankajdoval,1
199723,Tweet,pankajdoval,pankajdoval,1
199669,Tweet,pankajdoval,MoharBasu,4
199681,Tweet,pankajdoval,priyagupta999,2
199677,Tweet,pankajdoval,PjJoychen,23
199694,Tweet,pankajdoval,vijaysinghTOI,67
199718,Tweet,pankajdoval,vanbadham,331
199690,Tweet,pankajdoval,somitsenTOI,194
199727,Tweet,pankajdoval,har_mandeep,4
199715,Tweet,pankajdoval,pankajdoval,1
199683,Tweet,pankajdoval,SagrikaKissu,8
199714,Tweet,pankajdoval,ramendrasTOI,2
199644,Tweet,pankajdoval,pankajdoval,1
199680,Tweet,pankajdoval,debaratisen,2
199700,Tweet,pankajdoval,kush_junglee,210
199706,Tweet,pankajdoval,joshwiddicombe,180
101938,Article,msrachelcooke,RebeccaSeal,5
102117,Article,msrachelcooke,el_belson,274
101939,Article,msrachelcooke,FelicityCloake,40
101969,Article,msrachelcooke,FelicityCloake,3
101920,Article,msrachelcooke,thestephmerritt,8
101886,Article,msrachelcooke,oliverburkeman,18
101944,Article,msrachelcooke,ByJamesWagner,361
101916,Article,msrachelcooke,VivianHo,38
101917,Article,msrachelcooke,jimwaterson,80
101905,Article,msrachelcooke,tomdyckhoff,15
101915,Article,msrachelcooke,EricaLG,72
101947,Article,msrachelcooke,afuahirsch,41
102111,Article,msrachelcooke,LucyMangan,8
102077,Article,msrachelcooke,NesrineMalik,336
101995,Article,msrachelcooke,msrachelcooke,1
102467,Tweet,msrachelcooke,aleksk,73
102653,Tweet,msrachelcooke,laurenlaverne,10
102248,Tweet,msrachelcooke,zwoolfe,423
102601,Tweet,msrachelcooke,LauraCummingArt,8
102199,Tweet,msrachelcooke,salihughes,63
102606,Tweet,msrachelcooke,thestephmerritt,66
102661,Tweet,msrachelcooke,polblonde,256
102333,Tweet,msrachelcooke,andybrassell,26
102236,Tweet,msrachelcooke,DeccaJourno,71
102605,Tweet,msrachelcooke,billicritic,53
102679,Tweet,msrachelcooke,laurenlaverne,4
102488,Tweet,msrachelcooke,arusbridger,4
102466,Tweet,msrachelcooke,andybrassell,20
102680,Tweet,msrachelcooke,brooksbarnesNYT,392
102419,Tweet,msrachelcooke,LauraCummingArt,11
24068,Article,viasimonromero,julianbarnes,227
24099,Article,viasimonromero,ElisabethMalkin,7
24081,Article,viasimonromero,anemonanyc,371
24007,Article,viasimonromero,pete_wells,38
24045,Article,viasimonromero,NikiKitsantonis,7
24071,Article,viasimonromero,RBReich,72
24016,Article,viasimonromero,RBReich,17
24012,Article,viasimonromero,RorySmith,55
24053,Article,viasimonromero,dwightgarner,30
24010,Article,viasimonromero,SherylNYT,41
24031,Article,viasimonromero,jeannasmialek,10
24024,Article,viasimonromero,NYTimesCohen,113
24040,Article,viasimonromero,billywitz,39
24011,Article,viasimonromero,ShaneGoldmacher,33
24054,Article,viasimonromero,RaphaelMinder,184
24152,Tweet,viasimonromero,RaphaelMinder,18
24147,Tweet,viasimonromero,PNaveenTOI,207
24171,Tweet,viasimonromero,SocialQPhilip,124
24139,Tweet,viasimonromero,tripgabriel,23
24173,Tweet,viasimonromero,LFFriedman,80
24142,Tweet,viasimonromero,KTVinobhaTOI,211
24129,Tweet,viasimonromero,LizAldermanNYT,278
24140,Tweet,viasimonromero,RosySequeiraTOI,180
24144,Tweet,viasimonromero,jillfilipovic,53
24123,Tweet,viasimonromero,Lattif,152
24128,Tweet,viasimonromero,Azi,21
24104,Tweet,viasimonromero,vijaysinghTOI,323
24194,Tweet,viasimonromero,SangerNYT,41
24137,Tweet,viasimonromero,gailcollins,98
24125,Tweet,viasimonromero,viasimonromero,1
203447,Article,priyagupta999,meeravohraTOI,5
203439,Article,priyagupta999,priyagupta999,1
203558,Article,priyagupta999,priyagupta999,1
203340,Article,priyagupta999,priyagupta999,1
203323,Article,priyagupta999,MoharBasu,2
203459,Article,priyagupta999,meeravohraTOI,4
203332,Article,priyagupta999,priyagupta999,1
203424,Article,priyagupta999,sarahditum,237
203451,Article,priyagupta999,MoharBasu,2
203460,Article,priyagupta999,jfordham_jazz,15
203550,Article,priyagupta999,oliverburkeman,238
203434,Article,priyagupta999,MoharBasu,2
203519,Article,priyagupta999,aseemsgujar,67
203376,Article,priyagupta999,priyagupta999,1
203402,Article,priyagupta999,MoharBasu,2
203597,Tweet,priyagupta999,desaisantosh,2
203662,Tweet,priyagupta999,priyagupta999,1
203592,Tweet,priyagupta999,priyagupta999,1
203588,Tweet,priyagupta999,petleepeter,152
203641,Tweet,priyagupta999,priyagupta999,1
203601,Tweet,priyagupta999,AraniBasuTOI,4
203582,Tweet,priyagupta999,MoharBasu,30
203628,Tweet,priyagupta999,priyagupta999,1
203638,Tweet,priyagupta999,MoharBasu,94
203602,Tweet,priyagupta999,TristramHuntVA,11
203599,Tweet,priyagupta999,afuahirsch,24
203649,Tweet,priyagupta999,Gauraw2297,2
203640,Tweet,priyagupta999,priyagupta999,1
203650,Tweet,priyagupta999,priyagupta999,1
203595,Tweet,priyagupta999,AniltheMatrix,3
27441,Article,marywalshjourno,pete_wells,35
27405,Article,marywalshjourno,ESCochrane,40
27492,Article,marywalshjourno,NilsPratley,7
27429,Article,marywalshjourno,hugolowell,6
27472,Article,marywalshjourno,marywalshjourno,1
27437,Article,marywalshjourno,jimtankersley,11
27488,Article,marywalshjourno,ewong,3
27434,Article,marywalshjourno,andrewrsorkin,2
27406,Article,marywalshjourno,marywalshjourno,1
27435,Article,marywalshjourno,DouthatNYT,12
27432,Article,marywalshjourno,bencasselman,10
27498,Article,marywalshjourno,jameskanter,4
27418,Article,marywalshjourno,NYTimesCohen,34
27457,Article,marywalshjourno,marywalshjourno,1
27459,Article,marywalshjourno,jimtankersley,7
27527,Tweet,marywalshjourno,marywalshjourno,1
27546,Tweet,marywalshjourno,pete_wells,98
27515,Tweet,marywalshjourno,gailcollins,30
27501,Tweet,marywalshjourno,jmart,25
27574,Tweet,marywalshjourno,marywalshjourno,1
27522,Tweet,marywalshjourno,sunny_hundal,101
27508,Tweet,marywalshjourno,DSlotnik,202
27580,Tweet,marywalshjourno,paulkrugman,15
27523,Tweet,marywalshjourno,andrewrsorkin,8
27503,Tweet,marywalshjourno,marywalshjourno,1
27521,Tweet,marywalshjourno,marywalshjourno,1
27549,Tweet,marywalshjourno,andrewrsorkin,11
27568,Tweet,marywalshjourno,sangerkatz,20
27577,Tweet,marywalshjourno,RosySequeiraTOI,8
27526,Tweet,marywalshjourno,paulkrugman,7
183396,Article,durgeshjhaTOI,durgeshjhaTOI,1
183449,Article,durgeshjhaTOI,anandbodhTOI,2
183384,Article,durgeshjhaTOI,AtulMathur_,18
183390,Article,durgeshjhaTOI,AnujaJaiswalTOI,4
183564,Article,durgeshjhaTOI,dklavaniaTOI,79
183421,Article,durgeshjhaTOI,durgeshjhaTOI,1
183400,Article,durgeshjhaTOI,AshokPradhanTOI,3
183377,Article,durgeshjhaTOI,sushmi_dey,2
183519,Article,durgeshjhaTOI,SindhukTOI,2
183472,Article,durgeshjhaTOI,sunny_hundal,51
183496,Article,durgeshjhaTOI,jimwaterson,32
183493,Article,durgeshjhaTOI,alexbellos,5
183526,Article,durgeshjhaTOI,durgeshjhaTOI,1
183572,Article,durgeshjhaTOI,durgeshjhaTOI,1
183402,Article,durgeshjhaTOI,durgeshjhaTOI,1
183614,Tweet,durgeshjhaTOI,AnujaJaiswalTOI,3
183670,Tweet,durgeshjhaTOI,PNaveenTOI,122
183646,Tweet,durgeshjhaTOI,SindhukTOI,13
183581,Tweet,durgeshjhaTOI,RachelDonadio,83
183588,Tweet,durgeshjhaTOI,niyatiparikhTOI,113
183641,Tweet,durgeshjhaTOI,AnujaJaiswalTOI,2
183598,Tweet,durgeshjhaTOI,dkarthikTOI,8
183656,Tweet,durgeshjhaTOI,durgeshjhaTOI,1
183610,Tweet,durgeshjhaTOI,advityabahlTOI,5
183635,Tweet,durgeshjhaTOI,KapildaveTOI,174
183668,Tweet,durgeshjhaTOI,toi_ManujaV,158
183589,Tweet,durgeshjhaTOI,RoniNYTimes,4
183621,Tweet,durgeshjhaTOI,GRajivTOI,51
183580,Tweet,durgeshjhaTOI,jayamenon64,8
183609,Tweet,durgeshjhaTOI,niyatiparikhTOI,70
1074,Article,andrewrsorkin,andrewrsorkin,1
1067,Article,andrewrsorkin,RorySmith,2
1054,Article,andrewrsorkin,andrewrsorkin,1
1078,Article,andrewrsorkin,andrewrsorkin,1
1079,Article,andrewrsorkin,RBReich,2
1091,Article,andrewrsorkin,paulkrugman,2
1004,Article,andrewrsorkin,sangerkatz,4
1023,Article,andrewrsorkin,andrewrsorkin,1
1077,Article,andrewrsorkin,andrewrsorkin,1
1016,Article,andrewrsorkin,andrewrsorkin,1
1032,Article,andrewrsorkin,jeannasmialek,29
1096,Article,andrewrsorkin,jeannasmialek,2
1093,Article,andrewrsorkin,jameskanter,43
1089,Article,andrewrsorkin,jimwaterson,7
1076,Article,andrewrsorkin,andrewrsorkin,1
1123,Tweet,andrewrsorkin,gailcollins,2
1181,Tweet,andrewrsorkin,paulkrugman,2
1169,Tweet,andrewrsorkin,bencasselman,4
1109,Tweet,andrewrsorkin,SocialQPhilip,223
1113,Tweet,andrewrsorkin,rondakaysen,39
1173,Tweet,andrewrsorkin,melissaclark,170
1107,Tweet,andrewrsorkin,PerriKlass,58
1124,Tweet,andrewrsorkin,ggreenwald,28
1165,Tweet,andrewrsorkin,sangerkatz,56
1126,Tweet,andrewrsorkin,andrewrsorkin,1
1102,Tweet,andrewrsorkin,RBReich,2
1179,Tweet,andrewrsorkin,fmanjoo,41
1155,Tweet,andrewrsorkin,RBReich,2
1148,Tweet,andrewrsorkin,paulkrugman,2
1188,Tweet,andrewrsorkin,Azi,54
9430,Article,jeannasmialek,jeannasmialek,1
9455,Article,jeannasmialek,jeannasmialek,1
9458,Article,jeannasmialek,jeannasmialek,1
9449,Article,jeannasmialek,jeannasmialek,1
9439,Article,jeannasmialek,jeannasmialek,1
9442,Article,jeannasmialek,ESCochrane,2
9478,Article,jeannasmialek,ESCochrane,3
9446,Article,jeannasmialek,jeannasmialek,1
9445,Article,jeannasmialek,nytdavidbrooks,36
9425,Article,jeannasmialek,paulkrugman,6
9415,Article,jeannasmialek,andrewrsorkin,2
9499,Article,jeannasmialek,bencasselman,2
9447,Article,jeannasmialek,jeannasmialek,1
9428,Article,jeannasmialek,jeannasmialek,1
9420,Article,jeannasmialek,jeannasmialek,1
9503,Tweet,jeannasmialek,jeannasmialek,1
9501,Tweet,jeannasmialek,paulkrugman,4
9580,Tweet,jeannasmialek,jeannasmialek,1
9523,Tweet,jeannasmialek,JessicaValenti,85
9590,Tweet,jeannasmialek,jeannasmialek,1
9519,Tweet,jeannasmialek,jeannasmialek,1
9534,Tweet,jeannasmialek,jeannasmialek,1
9564,Tweet,jeannasmialek,paulkrugman,2
9516,Tweet,jeannasmialek,jeannasmialek,1
9507,Tweet,jeannasmialek,bencasselman,6
9548,Tweet,jeannasmialek,jeannasmialek,1
9554,Tweet,jeannasmialek,attackerman,4
9517,Tweet,jeannasmialek,jeannasmialek,1
9574,Tweet,jeannasmialek,jeannasmialek,1
9581,Tweet,jeannasmialek,jeannasmialek,1
190665,Article,lisamonteiroTOI,KapildaveTOI,29
190854,Article,lisamonteiroTOI,RosySequeiraTOI,46
190850,Article,lisamonteiroTOI,HemantaTOI,70
190819,Article,lisamonteiroTOI,KapildaveTOI,5
190789,Article,lisamonteiroTOI,richapintoi,115
190903,Article,lisamonteiroTOI,TanyaGold1,151
190668,Article,lisamonteiroTOI,payaldhawanTOI,32
190886,Article,lisamonteiroTOI,lauriegnyt,121
190727,Article,lisamonteiroTOI,RosySequeiraTOI,7
190751,Article,lisamonteiroTOI,abantika77,25
190744,Article,lisamonteiroTOI,rajendrasTOI,80
190728,Article,lisamonteiroTOI,RosySequeiraTOI,9
190813,Article,lisamonteiroTOI,MKSinghGkp,161
190713,Article,lisamonteiroTOI,hannahdev,99
190839,Article,lisamonteiroTOI,amitanandTOI,41
190996,Tweet,lisamonteiroTOI,amitanandTOI,2
191000,Tweet,lisamonteiroTOI,lisamonteiroTOI,1
190913,Tweet,lisamonteiroTOI,PjJoychen,9
190993,Tweet,lisamonteiroTOI,nytDeniseGrady,45
190968,Tweet,lisamonteiroTOI,ChaitanyadTOI,12
190948,Tweet,lisamonteiroTOI,mateenHTOI,5
190950,Tweet,lisamonteiroTOI,sangerkatz,2
190952,Tweet,lisamonteiroTOI,PrashantrTOI,2
190915,Tweet,lisamonteiroTOI,murarishetyeTOI,18
190923,Tweet,lisamonteiroTOI,polblonde,33
190991,Tweet,lisamonteiroTOI,lisamonteiroTOI,1
190985,Tweet,lisamonteiroTOI,PjJoychen,13
190989,Tweet,lisamonteiroTOI,PjJoychen,3
190964,Tweet,lisamonteiroTOI,BhanupratapsTOI,7
190995,Tweet,lisamonteiroTOI,PjJoychen,2
21290,Article,gailcollins,paulkrugman,30
21254,Article,gailcollins,pete_wells,23
21219,Article,gailcollins,hillhulse,7
21261,Article,gailcollins,NYTimesCohen,32
21224,Article,gailcollins,ASoloski,16
21220,Article,gailcollins,gailcollins,1
21256,Article,gailcollins,RorySmith,23
21273,Article,gailcollins,RBReich,26
21233,Article,gailcollins,gailcollins,1
21296,Article,gailcollins,NYTimesCohen,24
21201,Article,gailcollins,paulkrugman,20
21260,Article,gailcollins,RBReich,42
21281,Article,gailcollins,gailcollins,1
21214,Article,gailcollins,gailcollins,1
21229,Article,gailcollins,NYTimesCohen,2
21326,Tweet,gailcollins,SocialQPhilip,40
21347,Tweet,gailcollins,rachlharris,2
21357,Tweet,gailcollins,jmart,21
21301,Tweet,gailcollins,el_belson,4
21354,Tweet,gailcollins,stevenerlanger,8
21348,Tweet,gailcollins,jwpetersNYT,6
21376,Tweet,gailcollins,NYTimesCohen,63
21300,Tweet,gailcollins,samrob12,26
21356,Tweet,gailcollins,mateenHTOI,38
21374,Tweet,gailcollins,gailcollins,1
21349,Tweet,gailcollins,gailcollins,1
21399,Tweet,gailcollins,priyagupta999,182
21332,Tweet,gailcollins,GlennThrush,17
21387,Tweet,gailcollins,GlennThrush,31
21380,Tweet,gailcollins,GlennThrush,25
175538,Article,AshokPradhanTOI,toi_dhananjayM,10
175601,Article,AshokPradhanTOI,helenecooper,6
175598,Article,AshokPradhanTOI,yeshikabudhwar,13
175385,Article,AshokPradhanTOI,KapildaveTOI,10
175401,Article,AshokPradhanTOI,AshokPradhanTOI,1
175599,Article,AshokPradhanTOI,akhileshsTOI,6
175560,Article,AshokPradhanTOI,jeannasmialek,12
175460,Article,AshokPradhanTOI,AshokPradhanTOI,1
175499,Article,AshokPradhanTOI,Arun_Ram,284
175594,Article,AshokPradhanTOI,john_hooper,2
175429,Article,AshokPradhanTOI,AshokPradhanTOI,1
175503,Article,AshokPradhanTOI,AshokPradhanTOI,1
175484,Article,AshokPradhanTOI,AshokPradhanTOI,1
175584,Article,AshokPradhanTOI,AshokPradhanTOI,1
175405,Article,AshokPradhanTOI,kush_junglee,267
175690,Tweet,AshokPradhanTOI,ElisabethMalkin,353
175716,Tweet,AshokPradhanTOI,MujMash,21
175661,Tweet,AshokPradhanTOI,AshokPradhanTOI,1
175664,Tweet,AshokPradhanTOI,pete_wells,37
175701,Tweet,AshokPradhanTOI,AshokPradhanTOI,1
175633,Tweet,AshokPradhanTOI,lucywardsings,310
175628,Tweet,AshokPradhanTOI,HemantaTOI,2
175657,Tweet,AshokPradhanTOI,HemantaTOI,2
175659,Tweet,AshokPradhanTOI,KapildaveTOI,4
175707,Tweet,AshokPradhanTOI,AshokPradhanTOI,1
175687,Tweet,AshokPradhanTOI,meeravohraTOI,105
175627,Tweet,AshokPradhanTOI,KapildaveTOI,118
175666,Tweet,AshokPradhanTOI,HemantaTOI,7
175672,Tweet,AshokPradhanTOI,ChaitanyadTOI,29
175709,Tweet,AshokPradhanTOI,AshokPradhanTOI,1
193012,Article,mateenHTOI,mateenHTOI,1
192963,Article,mateenHTOI,RosySequeiraTOI,3
193158,Article,mateenHTOI,NishikantkTOI,8
192961,Article,mateenHTOI,vijayVsinghTOI,3
193137,Article,mateenHTOI,paulkrugman,19
192994,Article,mateenHTOI,NishikantkTOI,8
193186,Article,mateenHTOI,vijayVsinghTOI,7
192959,Article,mateenHTOI,Crime_Selvaraj,3
193174,Article,mateenHTOI,vijayVsinghTOI,2
192960,Article,mateenHTOI,Crime_Selvaraj,2
193140,Article,mateenHTOI,aseemsgujar,12
193191,Article,mateenHTOI,vijayVsinghTOI,5
192977,Article,mateenHTOI,durgeshjhaTOI,35
193064,Article,mateenHTOI,mateenHTOI,1
192998,Article,mateenHTOI,vijayVsinghTOI,2
193288,Tweet,mateenHTOI,mateenHTOI,1
193221,Tweet,mateenHTOI,ManjuVTOI,2
193271,Tweet,mateenHTOI,TOISH31,99
193262,Tweet,mateenHTOI,vijayVsinghTOI,9
193231,Tweet,mateenHTOI,polblonde,94
193207,Tweet,mateenHTOI,vijayVsinghTOI,3
193220,Tweet,mateenHTOI,mateenHTOI,1
193285,Tweet,mateenHTOI,AlokKNMishra,12
193241,Tweet,mateenHTOI,PNaveenTOI,3
193293,Tweet,mateenHTOI,mateenHTOI,1
193246,Tweet,mateenHTOI,mateenHTOI,1
193203,Tweet,mateenHTOI,mateenHTOI,1
193224,Tweet,mateenHTOI,MujMash,2
193266,Tweet,mateenHTOI,mateenHTOI,1
193268,Tweet,mateenHTOI,mateenHTOI,1
11675,Article,kylebuchanan,paulkrugman,36
11669,Article,kylebuchanan,JessicaValenti,8
11628,Article,kylebuchanan,leninology,209
11647,Article,kylebuchanan,DouthatNYT,13
11606,Article,kylebuchanan,kylebuchanan,1
11601,Article,kylebuchanan,DouthatNYT,11
11644,Article,kylebuchanan,jhoffman,8
11629,Article,kylebuchanan,DerekMalcolm123,199
11685,Article,kylebuchanan,ggreenwald,6
11688,Article,kylebuchanan,rondakaysen,27
11617,Article,kylebuchanan,peterbradshaw1,8
11600,Article,kylebuchanan,margaretrenkl,57
11632,Article,kylebuchanan,sisario,6
11638,Article,kylebuchanan,jhoffman,5
11666,Article,kylebuchanan,desaisantosh,322
11760,Tweet,kylebuchanan,paulmasonnews,8
11750,Tweet,kylebuchanan,RorySmith,55
11700,Tweet,kylebuchanan,vanbadham,2
11703,Tweet,kylebuchanan,peterbradshaw1,2
11779,Tweet,kylebuchanan,EVincentelli,4
11783,Tweet,kylebuchanan,DerekMalcolm123,65
11793,Tweet,kylebuchanan,vvfriedman,7
11782,Tweet,kylebuchanan,jhoffman,2
11770,Tweet,kylebuchanan,polblonde,51
11714,Tweet,kylebuchanan,DerekMalcolm123,29
11768,Tweet,kylebuchanan,antontroian,58
11749,Tweet,kylebuchanan,mateenHTOI,211
11745,Tweet,kylebuchanan,DerekMalcolm123,46
11737,Tweet,kylebuchanan,vvfriedman,5
11763,Tweet,kylebuchanan,kylebuchanan,1
222698,Article,yusrahusain,MohitaTOI,81
222671,Article,yusrahusain,rajendrasTOI,45
222480,Article,yusrahusain,rajendrasTOI,63
222641,Article,yusrahusain,rajendrasTOI,82
222509,Article,yusrahusain,KapildaveTOI,104
222652,Article,yusrahusain,durgeshjhaTOI,6
222644,Article,yusrahusain,jatinder_tur,67
222574,Article,yusrahusain,AtulMathur_,61
222531,Article,yusrahusain,rajendrasTOI,47
222543,Article,yusrahusain,bydanielvictor,164
222690,Article,yusrahusain,antontroian,211
222514,Article,yusrahusain,andrewrsorkin,39
222561,Article,yusrahusain,_nicolaclark,89
222482,Article,yusrahusain,durgeshjhaTOI,33
222679,Article,yusrahusain,petleepeter,2
222816,Tweet,yusrahusain,antontroian,27
222797,Tweet,yusrahusain,priyagupta999,74
222724,Tweet,yusrahusain,thestephmerritt,105
222746,Tweet,yusrahusain,ChaitanyadTOI,126
222723,Tweet,yusrahusain,BawaNaaved,15
222731,Tweet,yusrahusain,LauraCummingArt,175
222742,Tweet,yusrahusain,DerekMalcolm123,54
222785,Tweet,yusrahusain,priyagupta999,121
222750,Tweet,yusrahusain,NesrineMalik,391
222795,Tweet,yusrahusain,sarfrazmanzoor,87
222781,Tweet,yusrahusain,Shreyanka_M,152
222769,Tweet,yusrahusain,peterbakernyt,257
222749,Tweet,yusrahusain,andybrassell,123
222734,Tweet,yusrahusain,SwatiShindeTOI,100
222748,Tweet,yusrahusain,alexbellos,82
198380,Article,niyatiparikhTOI,manvirsainiTOI,208
198576,Article,niyatiparikhTOI,KapildaveTOI,4
198561,Article,niyatiparikhTOI,KapildaveTOI,8
198567,Article,niyatiparikhTOI,AshokPradhanTOI,24
198533,Article,niyatiparikhTOI,jeannasmialek,11
198557,Article,niyatiparikhTOI,007pandey,169
198466,Article,niyatiparikhTOI,jeannasmialek,5
198581,Article,niyatiparikhTOI,KapildaveTOI,4
198431,Article,niyatiparikhTOI,SindhukTOI,54
198398,Article,niyatiparikhTOI,paulkrugman,23
198503,Article,niyatiparikhTOI,BhanupratapsTOI,156
198448,Article,niyatiparikhTOI,pankajdoval,6
198542,Article,niyatiparikhTOI,jeannasmialek,10
198427,Article,niyatiparikhTOI,richapintoi,182
198442,Article,niyatiparikhTOI,AshokPradhanTOI,3
198606,Tweet,niyatiparikhTOI,SindhukTOI,41
198621,Tweet,niyatiparikhTOI,sermoninstone,267
198638,Tweet,niyatiparikhTOI,niyatiparikhTOI,1
198640,Tweet,niyatiparikhTOI,niyatiparikhTOI,1
198609,Tweet,niyatiparikhTOI,PjJoychen,4
198653,Tweet,niyatiparikhTOI,AnaSwanson,2
198689,Tweet,niyatiparikhTOI,niyatiparikhTOI,1
198599,Tweet,niyatiparikhTOI,PrashantrTOI,3
198687,Tweet,niyatiparikhTOI,niyatiparikhTOI,1
198612,Tweet,niyatiparikhTOI,SindhukTOI,218
198626,Tweet,niyatiparikhTOI,PrashantrTOI,2
198688,Tweet,niyatiparikhTOI,Arun_Ram,56
198694,Tweet,niyatiparikhTOI,niyatiparikhTOI,1
198686,Tweet,niyatiparikhTOI,niyatiparikhTOI,1
198675,Tweet,niyatiparikhTOI,PjJoychen,2
172775,Article,aniljdias,AraniBasuTOI,5
172908,Article,aniljdias,saumyajitbTOI,2
172966,Article,aniljdias,aseemsgujar,3
172904,Article,aniljdias,seaningle,17
172822,Article,aniljdias,bylizrobbins,48
172784,Article,aniljdias,SidharthB25,2
172834,Article,aniljdias,SidharthB25,3
172848,Article,aniljdias,saumyajitbTOI,2
172806,Article,aniljdias,debaratisen,21
172811,Article,aniljdias,parthasinha,2
172943,Article,aniljdias,parthasinha,5
172873,Article,aniljdias,durgeshjhaTOI,4
172790,Article,aniljdias,aniljdias,1
172907,Article,aniljdias,Pratiks_TOI,7
172781,Article,aniljdias,vivek9301,9
173032,Tweet,aniljdias,christophclarey,113
173083,Tweet,aniljdias,VivianHo,441
173033,Tweet,aniljdias,vivek9301,3
173055,Tweet,aniljdias,pradeeptTOI,30
173052,Tweet,aniljdias,DerekMalcolm123,4
173071,Tweet,aniljdias,NYTBen,3
173054,Tweet,aniljdias,sudeshnagTOI,14
173103,Tweet,aniljdias,RorySmith,15
173086,Tweet,aniljdias,dionnesearcey,33
173050,Tweet,aniljdias,saumyajitbTOI,2
173027,Tweet,aniljdias,TOISH31,18
173093,Tweet,aniljdias,polblonde,333
173099,Tweet,aniljdias,aniljdias,1
173076,Tweet,aniljdias,RorySmith,4
173078,Tweet,aniljdias,chrishughes,277
11087,Article,kbennhold,stevenerlanger,3
11077,Article,kbennhold,ESCochrane,119
11083,Article,kbennhold,RorySmith,4
11030,Article,kbennhold,NYTimesCohen,28
11034,Article,kbennhold,kbennhold,1
11046,Article,kbennhold,kbennhold,1
11071,Article,kbennhold,AshokPradhanTOI,31
11036,Article,kbennhold,kbennhold,1
11021,Article,kbennhold,vijayVsinghTOI,79
11073,Article,kbennhold,hillhulse,32
11000,Article,kbennhold,hillhulse,58
11096,Article,kbennhold,NYTimesCohen,8
11010,Article,kbennhold,kbennhold,1
11022,Article,kbennhold,nytDeniseGrady,13
11016,Article,kbennhold,meddynyt,5
11177,Tweet,kbennhold,DouthatNYT,5
11166,Tweet,kbennhold,nytdavidbrooks,11
11181,Tweet,kbennhold,ggreenwald,3
11131,Tweet,kbennhold,damiencave,53
11178,Tweet,kbennhold,kbennhold,1
11193,Tweet,kbennhold,jillfilipovic,79
11180,Tweet,kbennhold,MichaelPaulson,9
11141,Tweet,kbennhold,michelleinbklyn,21
11163,Tweet,kbennhold,kbennhold,1
11197,Tweet,kbennhold,tomfriedman,2
11156,Tweet,kbennhold,ggreenwald,4
11187,Tweet,kbennhold,michelleinbklyn,69
11176,Tweet,kbennhold,kbennhold,1
11160,Tweet,kbennhold,kbennhold,1
11157,Tweet,kbennhold,mtomasky,4
44764,Article,lindasgrant,chiggi,51
44778,Article,lindasgrant,elizabday,49
44834,Article,lindasgrant,VivianHo,148
44813,Article,lindasgrant,JohnJCrace,9
44721,Article,lindasgrant,FelicityCloake,9
44791,Article,lindasgrant,sunny_hundal,15
44819,Article,lindasgrant,TanyaGold1,22
44814,Article,lindasgrant,LauraCummingArt,112
44807,Article,lindasgrant,alexmarshall81,7
44763,Article,lindasgrant,JessicaValenti,156
44733,Article,lindasgrant,nicklezard,27
44858,Article,lindasgrant,AndrewSparrow,36
44867,Article,lindasgrant,mtomasky,100
44855,Article,lindasgrant,thestephmerritt,18
44820,Article,lindasgrant,davidhepworth,11
44933,Tweet,lindasgrant,AndrewSparrow,15
45464,Tweet,lindasgrant,salihughes,41
44883,Tweet,lindasgrant,gailcollins,255
45097,Tweet,lindasgrant,lyngardner,16
45460,Tweet,lindasgrant,bglendenning,37
45219,Tweet,lindasgrant,sendvictorious,16
44963,Tweet,lindasgrant,HackneyAbbott,42
44966,Tweet,lindasgrant,andrew_mueller,22
45028,Tweet,lindasgrant,billicritic,12
45154,Tweet,lindasgrant,IKershner,97
45351,Tweet,lindasgrant,peterbakernyt,275
44959,Tweet,lindasgrant,davidhepworth,23
44960,Tweet,lindasgrant,andrewrawnsley,26
45005,Tweet,lindasgrant,tomdyckhoff,11
45116,Tweet,lindasgrant,bglendenning,49
219022,Article,utejonmayamTOI,utejonmayamTOI,1
219101,Article,utejonmayamTOI,KomalGautham,22
219078,Article,utejonmayamTOI,dkarthikTOI,2
219209,Article,utejonmayamTOI,tomdyckhoff,53
219196,Article,utejonmayamTOI,utejonmayamTOI,1
219048,Article,utejonmayamTOI,hugolowell,405
219242,Article,utejonmayamTOI,Chethan_Dash,9
219182,Article,utejonmayamTOI,shafaquealamTOI,2
219217,Article,utejonmayamTOI,utejonmayamTOI,1
219161,Article,utejonmayamTOI,ramarkosg,29
219067,Article,utejonmayamTOI,Chethan_Dash,2
219056,Article,utejonmayamTOI,NilsPratley,240
219149,Article,utejonmayamTOI,27saurabhsinha,160
219042,Article,utejonmayamTOI,bencasselman,98
219248,Article,utejonmayamTOI,anandbodhTOI,51
219312,Tweet,utejonmayamTOI,pradeeptTOI,4
219291,Tweet,utejonmayamTOI,Crime_Selvaraj,2
219313,Tweet,utejonmayamTOI,DanielKingChess,3
219329,Tweet,utejonmayamTOI,SindhukTOI,10
219362,Tweet,utejonmayamTOI,bindiyachariTOI,50
219302,Tweet,utejonmayamTOI,KomalGautham,13
219275,Tweet,utejonmayamTOI,omjasvinTOI,7
219346,Tweet,utejonmayamTOI,SindhukTOI,20
219307,Tweet,utejonmayamTOI,PjJoychen,3
219303,Tweet,utejonmayamTOI,mateenHTOI,57
219294,Tweet,utejonmayamTOI,ChaitanyadTOI,32
219311,Tweet,utejonmayamTOI,utejonmayamTOI,1
219361,Tweet,utejonmayamTOI,ChaitanyadTOI,58
219290,Tweet,utejonmayamTOI,vijaysinghTOI,80
219360,Tweet,utejonmayamTOI,ChaitanyadTOI,70
170737,Article,AjayUgrasTOI,digbijaymishra1,50
170884,Article,AjayUgrasTOI,yeshikabudhwar,3
170758,Article,AjayUgrasTOI,vijaypTOI,3
170856,Article,AjayUgrasTOI,rajendrasTOI,22
170832,Article,AjayUgrasTOI,KomalGautham,5
170878,Article,AjayUgrasTOI,yeshikabudhwar,2
170937,Article,AjayUgrasTOI,AshokPradhanTOI,11
170721,Article,AjayUgrasTOI,ArthurNeslen,5
170778,Article,AjayUgrasTOI,BhanupratapsTOI,3
170871,Article,AjayUgrasTOI,yeshikabudhwar,2
170804,Article,AjayUgrasTOI,vijayVsinghTOI,30
170874,Article,AjayUgrasTOI,GRajivTOI,16
170841,Article,AjayUgrasTOI,richapintoi,75
170915,Article,AjayUgrasTOI,asrpmukeshTOI,36
170820,Article,AjayUgrasTOI,sandhyanairTOI,28
171012,Tweet,AjayUgrasTOI,ewenmacaskill,171
171028,Tweet,AjayUgrasTOI,IKershner,80
171030,Tweet,AjayUgrasTOI,binays1960,12
171018,Tweet,AjayUgrasTOI,ggreenwald,70
170957,Tweet,AjayUgrasTOI,PNaveenTOI,58
170959,Tweet,AjayUgrasTOI,priyagupta999,60
171020,Tweet,AjayUgrasTOI,vanbadham,344
170978,Tweet,AjayUgrasTOI,AlokKNMishra,21
170992,Tweet,AjayUgrasTOI,kush_junglee,31
170962,Tweet,AjayUgrasTOI,vijaysinghTOI,29
170953,Tweet,AjayUgrasTOI,meeravohraTOI,17
171029,Tweet,AjayUgrasTOI,LizAldermanNYT,87
170981,Tweet,AjayUgrasTOI,kush_junglee,23
170989,Tweet,AjayUgrasTOI,SwatiMathurTOI,24
170995,Tweet,AjayUgrasTOI,npwcnn,39
68130,Article,DeccaJourno,jfordham_jazz,53
68116,Article,DeccaJourno,paulmasonnews,78
68221,Article,DeccaJourno,shattenstone,26
68091,Article,DeccaJourno,elizabday,8
68250,Article,DeccaJourno,davidhepworth,175
68096,Article,DeccaJourno,jillfilipovic,160
68257,Article,DeccaJourno,lyngardner,13
68049,Article,DeccaJourno,AnushkaAsthana,12
68044,Article,DeccaJourno,jillfilipovic,126
68146,Article,DeccaJourno,hadleyfreeman,39
68225,Article,DeccaJourno,hugolowell,13
68213,Article,DeccaJourno,msmirandasawyer,20
68066,Article,DeccaJourno,charltonbrooker,59
68145,Article,DeccaJourno,LucyMangan,21
68185,Article,DeccaJourno,AndrewSparrow,88
68362,Tweet,DeccaJourno,DeccaJourno,1
68435,Tweet,DeccaJourno,timlottwriter,120
68322,Tweet,DeccaJourno,DeccaJourno,1
68514,Tweet,DeccaJourno,RorySmith,108
68323,Tweet,DeccaJourno,bglendenning,265
68438,Tweet,DeccaJourno,TanyaGold1,93
68353,Tweet,DeccaJourno,davidhepworth,147
68388,Tweet,DeccaJourno,alanfeuer,467
68321,Tweet,DeccaJourno,stevenpoole,263
68345,Tweet,DeccaJourno,tomdyckhoff,149
68519,Tweet,DeccaJourno,jennydeluxe,9
68307,Tweet,DeccaJourno,elizabday,2
68512,Tweet,DeccaJourno,DeccaJourno,1
68413,Tweet,DeccaJourno,DeccaJourno,1
68461,Tweet,DeccaJourno,billmpennington,460
196168,Article,nandinisgTOI,vijayVsinghTOI,95
196211,Article,nandinisgTOI,ramarkosg,3
196162,Article,nandinisgTOI,digbijaymishra1,15
196176,Article,nandinisgTOI,SidharthB25,3
196137,Article,nandinisgTOI,ramarkosg,7
196117,Article,nandinisgTOI,pankajdoval,20
196075,Article,nandinisgTOI,niyatiparikhTOI,19
196071,Article,nandinisgTOI,nandinisgTOI,1
196126,Article,nandinisgTOI,LizAldermanNYT,4
196213,Article,nandinisgTOI,pankajdoval,5
196028,Article,nandinisgTOI,KapildaveTOI,142
196155,Article,nandinisgTOI,007pandey,5
196171,Article,nandinisgTOI,digbijaymishra1,3
196205,Article,nandinisgTOI,digbijaymishra1,2
196091,Article,nandinisgTOI,ramarkosg,5
196282,Tweet,nandinisgTOI,kush_junglee,44
196377,Tweet,nandinisgTOI,priyagupta999,127
196353,Tweet,nandinisgTOI,TridibIANS,49
196371,Tweet,nandinisgTOI,vivek9301,142
196324,Tweet,nandinisgTOI,journo_vibha,111
196329,Tweet,nandinisgTOI,billmpennington,78
196355,Tweet,nandinisgTOI,ditzkoff,374
196290,Tweet,nandinisgTOI,nytDeniseGrady,210
196352,Tweet,nandinisgTOI,JessicaValenti,264
196295,Tweet,nandinisgTOI,priyagupta999,25
196288,Tweet,nandinisgTOI,aditya_bh16,157
196298,Tweet,nandinisgTOI,lukeharding1968,75
196309,Tweet,nandinisgTOI,priyagupta999,65
196333,Tweet,nandinisgTOI,toi_ManujaV,48
196370,Tweet,nandinisgTOI,hadleyfreeman,172
169285,Article,aditya_bh16,Gauraw2297,19
169212,Article,aditya_bh16,vivek9301,27
169177,Article,aditya_bh16,jbouie,45
169307,Article,aditya_bh16,tariqpanja,28
169209,Article,aditya_bh16,elizabday,28
169170,Article,aditya_bh16,aditya_bh16,1
169375,Article,aditya_bh16,vivek9301,47
169236,Article,aditya_bh16,vivek9301,24
169352,Article,aditya_bh16,MarcusMergulhao,129
169205,Article,aditya_bh16,vivek9301,8
169378,Article,aditya_bh16,vivek9301,25
169273,Article,aditya_bh16,RorySmith,171
169189,Article,aditya_bh16,paulkrugman,184
169246,Article,aditya_bh16,TimdeLisle,5
169383,Article,aditya_bh16,joshwiddicombe,19
169418,Tweet,aditya_bh16,priyagupta999,34
169449,Tweet,aditya_bh16,SyedAkbarTOI,16
169428,Tweet,aditya_bh16,lucywardsings,312
169489,Tweet,aditya_bh16,petleepeter,17
169435,Tweet,aditya_bh16,priyagupta999,25
169440,Tweet,aditya_bh16,NesrineMalik,25
169456,Tweet,aditya_bh16,toi_ManujaV,20
169454,Tweet,aditya_bh16,aniljdias,12
169425,Tweet,aditya_bh16,aditya_bh16,1
169466,Tweet,aditya_bh16,desaisantosh,140
169441,Tweet,aditya_bh16,DanielKingChess,10
169492,Tweet,aditya_bh16,pankajdoval,181
169482,Tweet,aditya_bh16,vivek9301,5
169461,Tweet,aditya_bh16,sermoninstone,13
169470,Tweet,aditya_bh16,andybrassell,24
200548,Article,payaldhawanTOI,AtulMathur_,106
200465,Article,payaldhawanTOI,yeshikabudhwar,61
200448,Article,payaldhawanTOI,jameskanter,128
200668,Article,payaldhawanTOI,KanwardeepsTOI,2
200480,Article,payaldhawanTOI,KomalGautham,74
200596,Article,payaldhawanTOI,rajendrasTOI,42
200618,Article,payaldhawanTOI,KomalGautham,71
200439,Article,payaldhawanTOI,har_mandeep,6
200472,Article,payaldhawanTOI,digbijaymishra1,2
200523,Article,payaldhawanTOI,SidharthB25,32
200503,Article,payaldhawanTOI,KapildaveTOI,94
200552,Article,payaldhawanTOI,AnaSwanson,59
200601,Article,payaldhawanTOI,payaldhawanTOI,1
200554,Article,payaldhawanTOI,vijayVsinghTOI,17
200506,Article,payaldhawanTOI,PatrickKingsley,67
200718,Tweet,payaldhawanTOI,mateenHTOI,25
200695,Tweet,payaldhawanTOI,SwatiMathurTOI,122
200769,Tweet,payaldhawanTOI,mateenHTOI,91
200697,Tweet,payaldhawanTOI,pradeeptTOI,86
200698,Tweet,payaldhawanTOI,Crime_Selvaraj,149
200742,Tweet,payaldhawanTOI,HemantaTOI,45
200721,Tweet,payaldhawanTOI,pradeeptTOI,103
200704,Tweet,payaldhawanTOI,vijaypTOI,51
200713,Tweet,payaldhawanTOI,NishikantkTOI,57
200711,Tweet,payaldhawanTOI,omjasvinTOI,52
200686,Tweet,payaldhawanTOI,shafaquealamTOI,60
200719,Tweet,payaldhawanTOI,priyagupta999,17
200761,Tweet,payaldhawanTOI,priyagupta999,109
200723,Tweet,payaldhawanTOI,SindhukTOI,39
200725,Tweet,payaldhawanTOI,journo_vibha,3
135131,Article,MarinaHyde,VivianHo,25
134995,Article,MarinaHyde,charltonbrooker,6
134998,Article,MarinaHyde,gabyhinsliff,19
135003,Article,MarinaHyde,afuahirsch,6
135107,Article,MarinaHyde,OwenJones84,7
135076,Article,MarinaHyde,PeterTatchell,64
135104,Article,MarinaHyde,jackschofield,50
135156,Article,MarinaHyde,kenanmalik,176
134993,Article,MarinaHyde,VivianHo,49
135064,Article,MarinaHyde,OwenJones84,13
135142,Article,MarinaHyde,andybrassell,33
135036,Article,MarinaHyde,aseemsgujar,107
134997,Article,MarinaHyde,alanconnor,42
135074,Article,MarinaHyde,jackschofield,25
135022,Article,MarinaHyde,andybrassell,6
135257,Tweet,MarinaHyde,elizabday,7
135269,Tweet,MarinaHyde,charltonbrooker,7
135366,Tweet,MarinaHyde,sendvictorious,25
135312,Tweet,MarinaHyde,ASoloski,27
135288,Tweet,MarinaHyde,andybrassell,14
135238,Tweet,MarinaHyde,charltonbrooker,20
135369,Tweet,MarinaHyde,elizabday,30
135237,Tweet,MarinaHyde,sendvictorious,37
135296,Tweet,MarinaHyde,desaisantosh,42
135264,Tweet,MarinaHyde,williamkeegan,191
135283,Tweet,MarinaHyde,el_belson,197
135289,Tweet,MarinaHyde,AshokPradhanTOI,409
135353,Tweet,MarinaHyde,TristramHuntVA,18
135280,Tweet,MarinaHyde,benkenigsberg,151
135246,Tweet,MarinaHyde,bglendenning,23
188712,Article,KanwardeepsTOI,KanwardeepsTOI,1
188607,Article,KanwardeepsTOI,SidharthB25,4
188678,Article,KanwardeepsTOI,AmritadTOI,6
188648,Article,KanwardeepsTOI,KanwardeepsTOI,1
188753,Article,KanwardeepsTOI,SidharthB25,21
188781,Article,KanwardeepsTOI,SindhukTOI,11
188743,Article,KanwardeepsTOI,har_mandeep,12
188758,Article,KanwardeepsTOI,PNaveenTOI,3
188590,Article,KanwardeepsTOI,PNaveenTOI,5
188784,Article,KanwardeepsTOI,rishachitlangia,55
188628,Article,KanwardeepsTOI,ThevarSteffy,13
188811,Article,KanwardeepsTOI,KanwardeepsTOI,1
188615,Article,KanwardeepsTOI,vijayVsinghTOI,53
188602,Article,KanwardeepsTOI,niyatiparikhTOI,3
188778,Article,KanwardeepsTOI,vijayVsinghTOI,102
188855,Tweet,KanwardeepsTOI,MonaChalabi,351
188896,Tweet,KanwardeepsTOI,NYTimesCohen,95
188856,Tweet,KanwardeepsTOI,mateenHTOI,106
188839,Tweet,KanwardeepsTOI,SindhukTOI,27
188886,Tweet,KanwardeepsTOI,sio_burke,73
188853,Tweet,KanwardeepsTOI,har_mandeep,22
188884,Tweet,KanwardeepsTOI,Banjotkaur,35
188852,Tweet,KanwardeepsTOI,PrashantrTOI,2
188888,Tweet,KanwardeepsTOI,KapildaveTOI,39
188900,Tweet,KanwardeepsTOI,durgeshjhaTOI,154
188899,Tweet,KanwardeepsTOI,priyagupta999,25
188866,Tweet,KanwardeepsTOI,Crime_Selvaraj,81
188849,Tweet,KanwardeepsTOI,PerriKlass,82
188906,Tweet,KanwardeepsTOI,PNaveenTOI,56
188917,Tweet,KanwardeepsTOI,omjasvinTOI,38
21417,Article,ginakolata,apoorva_nyc,23
21406,Article,ginakolata,rondakaysen,5
21465,Article,ginakolata,RoniNYTimes,10
21405,Article,ginakolata,MonaChalabi,5
21493,Article,ginakolata,apoorva_nyc,3
21429,Article,ginakolata,NikiKitsantonis,34
21436,Article,ginakolata,williamkeegan,12
21479,Article,ginakolata,hillhulse,49
21483,Article,ginakolata,EVincentelli,41
21426,Article,ginakolata,rjadHinduBL,69
21463,Article,ginakolata,durgeshjhaTOI,16
21486,Article,ginakolata,jimwaterson,249
21445,Article,ginakolata,apoorva_nyc,9
21498,Article,ginakolata,NikiKitsantonis,227
21476,Article,ginakolata,apoorva_nyc,12
21594,Tweet,ginakolata,LeoHickman,23
21512,Tweet,ginakolata,ginakolata,1
21573,Tweet,ginakolata,DSlotnik,11
21516,Tweet,ginakolata,hannahdev,64
21589,Tweet,ginakolata,RosySequeiraTOI,2
21543,Tweet,ginakolata,ArthurNeslen,35
21523,Tweet,ginakolata,nytDeniseGrady,2
21595,Tweet,ginakolata,timlottwriter,126
21534,Tweet,ginakolata,SocialQPhilip,139
21587,Tweet,ginakolata,desaisantosh,374
21537,Tweet,ginakolata,SocialQPhilip,17
21581,Tweet,ginakolata,genznyt,112
21554,Tweet,ginakolata,nytDeniseGrady,5
21505,Tweet,ginakolata,aleksk,14
21535,Tweet,ginakolata,billicritic,32
129479,Article,LeoHickman,jameskanter,196
129475,Article,LeoHickman,npwcnn,6
129419,Article,LeoHickman,DawnHFoster,21
129438,Article,LeoHickman,jillfilipovic,285
129497,Article,LeoHickman,anandbodhTOI,52
129457,Article,LeoHickman,jamesrbuk,127
129584,Article,LeoHickman,npwcnn,10
129462,Article,LeoHickman,ArthurNeslen,39
129531,Article,LeoHickman,jfordham_jazz,100
129456,Article,LeoHickman,nicholaswatt,9
129549,Article,LeoHickman,lucysiegle,4
129559,Article,LeoHickman,thestephmerritt,10
129528,Article,LeoHickman,LeoHickman,1
129396,Article,LeoHickman,sandhyanairTOI,18
129569,Article,LeoHickman,williamkeegan,99
129986,Tweet,LeoHickman,kbennhold,139
129691,Tweet,LeoHickman,ArthurNeslen,2
129760,Tweet,LeoHickman,lucysiegle,8
130089,Tweet,LeoHickman,gailcollins,329
129793,Tweet,LeoHickman,lucywardsings,17
129950,Tweet,LeoHickman,williamkeegan,3
130127,Tweet,LeoHickman,benkenigsberg,57
129949,Tweet,LeoHickman,LizAldermanNYT,26
129922,Tweet,LeoHickman,LeoHickman,1
129980,Tweet,LeoHickman,LeoHickman,1
129755,Tweet,LeoHickman,kbennhold,342
130086,Tweet,LeoHickman,polblonde,102
129732,Tweet,LeoHickman,mohuadazz,108
129715,Tweet,LeoHickman,lucysiegle,58
129999,Tweet,LeoHickman,journo_vibha,128
16671,Article,peterbakernyt,ESCochrane,20
16623,Article,peterbakernyt,peterbakernyt,1
16659,Article,peterbakernyt,pete_wells,21
16696,Article,peterbakernyt,npfandos,22
16682,Article,peterbakernyt,tripgabriel,15
16654,Article,peterbakernyt,jbouie,3
16673,Article,peterbakernyt,SangerNYT,4
16614,Article,peterbakernyt,dwightgarner,25
16663,Article,peterbakernyt,IKershner,29
16675,Article,peterbakernyt,hillhulse,26
16662,Article,peterbakernyt,helenecooper,11
16638,Article,peterbakernyt,paulkrugman,16
16677,Article,peterbakernyt,oliverburkeman,367
16624,Article,peterbakernyt,npfandos,20
16615,Article,peterbakernyt,anniekarni,3
16782,Tweet,peterbakernyt,RaphaelMinder,162
16762,Tweet,peterbakernyt,Bencjacobs,27
16728,Tweet,peterbakernyt,alexanderburns,22
16746,Tweet,peterbakernyt,ByJamesWagner,125
16714,Tweet,peterbakernyt,jillfilipovic,68
16709,Tweet,peterbakernyt,ShaneGoldmacher,23
16774,Tweet,peterbakernyt,nytmike,31
16748,Tweet,peterbakernyt,RaphaelMinder,101
16702,Tweet,peterbakernyt,meddynyt,308
16786,Tweet,peterbakernyt,jeannasmialek,83
16790,Tweet,peterbakernyt,el_belson,22
16756,Tweet,peterbakernyt,IKershner,29
16771,Tweet,peterbakernyt,jeannasmialek,43
16779,Tweet,peterbakernyt,tripgabriel,29
16795,Tweet,peterbakernyt,hillhulse,26
205005,Article,ramarkosg,peterbakernyt,305
204949,Article,ramarkosg,andybrassell,64
204973,Article,ramarkosg,bagishjhaTOI,108
204967,Article,ramarkosg,ramarkosg,1
204999,Article,ramarkosg,aseemsgujar,12
204997,Article,ramarkosg,pradeeptTOI,5
205040,Article,ramarkosg,digbijaymishra1,301
205036,Article,ramarkosg,digbijaymishra1,19
204974,Article,ramarkosg,aseemsgujar,5
205038,Article,ramarkosg,ramarkosg,1
205048,Article,ramarkosg,davidhepworth,65
205018,Article,ramarkosg,ramarkosg,1
204994,Article,ramarkosg,ramarkosg,1
204975,Article,ramarkosg,ramarkosg,1
205033,Article,ramarkosg,ramarkosg,1
205134,Tweet,ramarkosg,desaisantosh,28
205098,Tweet,ramarkosg,pradeeptTOI,7
205138,Tweet,ramarkosg,alexbellos,202
205147,Tweet,ramarkosg,smita_mishra,5
205131,Tweet,ramarkosg,RosySequeiraTOI,243
205099,Tweet,ramarkosg,digbijaymishra1,4
205129,Tweet,ramarkosg,ramarkosg,1
205062,Tweet,ramarkosg,AniltheMatrix,23
205141,Tweet,ramarkosg,priyagupta999,204
205107,Tweet,ramarkosg,debaratisen,2
205142,Tweet,ramarkosg,tushhaikhush,204
205125,Tweet,ramarkosg,ramarkosg,1
205078,Tweet,ramarkosg,RosySequeiraTOI,12
205135,Tweet,ramarkosg,ditzkoff,369
205137,Tweet,ramarkosg,priyagupta999,42
36206,Article,GiniaNYT,MoharBasu,286
36225,Article,GiniaNYT,DouthatNYT,82
36272,Article,GiniaNYT,ewong,203
36216,Article,GiniaNYT,afuahirsch,169
36253,Article,GiniaNYT,EmilyAnthes,11
36240,Article,GiniaNYT,RorySmith,22
36209,Article,GiniaNYT,vvfriedman,11
36235,Article,GiniaNYT,IKershner,388
36246,Article,GiniaNYT,pete_wells,16
36277,Article,GiniaNYT,andybrassell,229
36283,Article,GiniaNYT,JessicaValenti,145
36275,Article,GiniaNYT,marywalshjourno,250
36262,Article,GiniaNYT,dwightgarner,66
36276,Article,GiniaNYT,paulkrugman,194
36264,Article,GiniaNYT,melissaclark,28
36360,Tweet,GiniaNYT,gailcollins,201
36370,Tweet,GiniaNYT,davidhepworth,57
36330,Tweet,GiniaNYT,vvfriedman,42
36384,Tweet,GiniaNYT,gailcollins,12
36300,Tweet,GiniaNYT,john_hooper,74
36386,Tweet,GiniaNYT,alexmarshall81,5
36350,Tweet,GiniaNYT,priyagupta999,158
36392,Tweet,GiniaNYT,brooksbarnesNYT,52
36382,Tweet,GiniaNYT,nytdavidbrooks,18
36373,Tweet,GiniaNYT,sisario,106
36326,Tweet,GiniaNYT,kylebuchanan,75
36352,Tweet,GiniaNYT,DouthatNYT,62
36372,Tweet,GiniaNYT,desaisantosh,10
36395,Tweet,GiniaNYT,kylebuchanan,55
36341,Tweet,GiniaNYT,joshwiddicombe,23
171479,Article,AlokKNMishra,vijayVsinghTOI,95
171562,Article,AlokKNMishra,AtulMathur_,4
171557,Article,AlokKNMishra,niyatiparikhTOI,6
171503,Article,AlokKNMishra,AlokKNMishra,1
171528,Article,AlokKNMishra,AmritadTOI,2
171580,Article,AlokKNMishra,naomi2009,78
171624,Article,AlokKNMishra,vivek9301,46
171398,Article,AlokKNMishra,AtulMathur_,6
171585,Article,AlokKNMishra,john_hooper,45
171604,Article,AlokKNMishra,gettleman,78
171514,Article,AlokKNMishra,AmritadTOI,15
171589,Article,AlokKNMishra,durgeshjhaTOI,9
171412,Article,AlokKNMishra,ameliagentleman,23
171438,Article,AlokKNMishra,rajendrasTOI,14
171390,Article,AlokKNMishra,SindhukTOI,10
171638,Tweet,AlokKNMishra,AlokKNMishra,1
171636,Tweet,AlokKNMishra,gailcollins,188
171655,Tweet,AlokKNMishra,AlokKNMishra,1
171648,Tweet,AlokKNMishra,MujMash,8
171647,Tweet,AlokKNMishra,AlokKNMishra,1
171682,Tweet,AlokKNMishra,MujMash,3
171673,Tweet,AlokKNMishra,PatrickKingsley,89
171714,Tweet,AlokKNMishra,AlokKNMishra,1
171704,Tweet,AlokKNMishra,AshokPradhanTOI,13
171680,Tweet,AlokKNMishra,MujMash,49
171710,Tweet,AlokKNMishra,AlokKNMishra,1
171657,Tweet,AlokKNMishra,journo_vibha,9
171703,Tweet,AlokKNMishra,MarinaOLoughlin,91
171720,Tweet,AlokKNMishra,AlokKNMishra,1
171683,Tweet,AlokKNMishra,journo_vibha,3
114947,Article,mswainwright,AndrewSparrow,59
114852,Article,mswainwright,petleepeter,347
114812,Article,mswainwright,alexbellos,53
114874,Article,mswainwright,davidhepworth,51
114809,Article,mswainwright,AndrewSparrow,42
114974,Article,mswainwright,alanconnor,80
114862,Article,mswainwright,davidhepworth,53
114773,Article,mswainwright,lyngardner,32
114834,Article,mswainwright,ArthurNeslen,84
114873,Article,mswainwright,KateEMcCann,42
114927,Article,mswainwright,davidhepworth,74
115005,Article,mswainwright,msmirandasawyer,10
114775,Article,mswainwright,AndrewSparrow,43
114973,Article,mswainwright,AndrewSparrow,80
114935,Article,mswainwright,ewenmacaskill,45
115064,Tweet,mswainwright,we_are_food,36
115167,Tweet,mswainwright,TristramHuntVA,9
115416,Tweet,mswainwright,mswainwright,1
115040,Tweet,mswainwright,charltonbrooker,42
115398,Tweet,mswainwright,DawnHFoster,67
115077,Tweet,mswainwright,steve_hewlett,32
115348,Tweet,mswainwright,vvfriedman,5
115186,Tweet,mswainwright,billicritic,5
115449,Tweet,mswainwright,alanconnor,72
115099,Tweet,mswainwright,afuahirsch,76
115124,Tweet,mswainwright,lyngardner,61
115433,Tweet,mswainwright,mswainwright,1
115043,Tweet,mswainwright,davidleighx,200
115328,Tweet,mswainwright,mariellaf1,26
115216,Tweet,mswainwright,andrewrawnsley,135
12085,Article,LFFriedman,npfandos,10
12073,Article,LFFriedman,michelleinbklyn,27
12024,Article,LFFriedman,Bencjacobs,8
12087,Article,LFFriedman,LFFriedman,1
12039,Article,LFFriedman,helenecooper,9
12047,Article,LFFriedman,LFFriedman,1
12086,Article,LFFriedman,pete_wells,264
12089,Article,LFFriedman,oliverburkeman,90
12030,Article,LFFriedman,SwatiMathurTOI,31
12091,Article,LFFriedman,LFFriedman,1
12014,Article,LFFriedman,oliverburkeman,90
12043,Article,LFFriedman,Bencjacobs,25
12070,Article,LFFriedman,ArthurNeslen,26
12098,Article,LFFriedman,LFFriedman,1
12021,Article,LFFriedman,JessicaValenti,16
12125,Tweet,LFFriedman,fmanjoo,217
12160,Tweet,LFFriedman,JessicaValenti,259
12116,Tweet,LFFriedman,samrob12,3
12106,Tweet,LFFriedman,hillhulse,31
12149,Tweet,LFFriedman,michaelcrowley,16
12154,Tweet,LFFriedman,jbouie,205
12155,Tweet,LFFriedman,ArthurNeslen,2
12150,Tweet,LFFriedman,lucysiegle,24
12171,Tweet,LFFriedman,gailcollins,33
12104,Tweet,LFFriedman,lauriegnyt,20
12129,Tweet,LFFriedman,LFFriedman,1
12138,Tweet,LFFriedman,fmanjoo,64
12146,Tweet,LFFriedman,SwatiShindeTOI,323
12174,Tweet,LFFriedman,paulmasonnews,2
12185,Tweet,LFFriedman,AshokPradhanTOI,308
103654,Article,richardwolffedc,oliverburkeman,54
103696,Article,richardwolffedc,brooksbarnesNYT,133
103673,Article,richardwolffedc,andybrassell,222
103652,Article,richardwolffedc,Gauraw2297,105
103799,Article,richardwolffedc,RorySmith,75
103649,Article,richardwolffedc,Bencjacobs,31
103755,Article,richardwolffedc,jeannasmialek,97
103597,Article,richardwolffedc,jeannasmialek,43
103804,Article,richardwolffedc,paulkrugman,60
103643,Article,richardwolffedc,Bencjacobs,95
103820,Article,richardwolffedc,hadleyfreeman,53
103693,Article,richardwolffedc,ggreenwald,75
103690,Article,richardwolffedc,jillfilipovic,33
103596,Article,richardwolffedc,williamkeegan,76
103722,Article,richardwolffedc,charltonbrooker,116
104389,Tweet,richardwolffedc,stevenpoole,88
104255,Tweet,richardwolffedc,gailcollins,9
104320,Tweet,richardwolffedc,tripgabriel,16
104304,Tweet,richardwolffedc,LizAldermanNYT,227
103949,Tweet,richardwolffedc,SocialQPhilip,43
104340,Tweet,richardwolffedc,davidleighx,272
104324,Tweet,richardwolffedc,NYTimesCohen,244
104005,Tweet,richardwolffedc,joncaramanica,112
103893,Tweet,richardwolffedc,DouthatNYT,20
104050,Tweet,richardwolffedc,FrankBruni,31
104222,Tweet,richardwolffedc,NYTimesCohen,96
104193,Tweet,richardwolffedc,martcrossy,148
103931,Tweet,richardwolffedc,DouthatNYT,14
104315,Tweet,richardwolffedc,GioRussonello,48
104230,Tweet,richardwolffedc,richardwolffedc,1
33441,Article,vwang3,patrickwintour,85
33464,Article,vwang3,RaphaelMinder,22
33489,Article,vwang3,hillhulse,103
33481,Article,vwang3,NYTBen,12
33429,Article,vwang3,helenecooper,57
33402,Article,vwang3,ChuBailiang,7
33415,Article,vwang3,tripgabriel,88
33428,Article,vwang3,ChuBailiang,4
33450,Article,vwang3,ChuBailiang,3
33483,Article,vwang3,NYTBen,2
33472,Article,vwang3,michaelcrowley,71
33439,Article,vwang3,jasondhorowitz,41
33407,Article,vwang3,lukebroadwater,48
33418,Article,vwang3,hillhulse,80
33448,Article,vwang3,EllenBarryNYT,28
33588,Tweet,vwang3,NYTimesCohen,81
33564,Tweet,vwang3,julianbarnes,43
33524,Tweet,vwang3,SocialQPhilip,176
33540,Tweet,vwang3,AnaSwanson,34
33502,Tweet,vwang3,jennydeluxe,371
33542,Tweet,vwang3,RaphaelMinder,3
33599,Tweet,vwang3,dionnesearcey,13
33577,Tweet,vwang3,nytDeniseGrady,35
33576,Tweet,vwang3,gettinviggy,158
33566,Tweet,vwang3,dklavaniaTOI,18
33558,Tweet,vwang3,kenvogel,67
33547,Tweet,vwang3,aleksk,254
33546,Tweet,vwang3,EricaLG,213
33531,Tweet,vwang3,npwcnn,51
33544,Tweet,vwang3,journo_vibha,136
22612,Article,melissaclark,pete_wells,4
22619,Article,melissaclark,pete_wells,3
22690,Article,melissaclark,pete_wells,2
22645,Article,melissaclark,pete_wells,4
22665,Article,melissaclark,pete_wells,4
22611,Article,melissaclark,rondakaysen,5
22604,Article,melissaclark,pete_wells,7
22680,Article,melissaclark,pete_wells,3
22661,Article,melissaclark,pete_wells,4
22625,Article,melissaclark,RorySmith,15
22651,Article,melissaclark,pete_wells,4
22644,Article,melissaclark,pete_wells,9
22658,Article,melissaclark,pete_wells,5
22663,Article,melissaclark,pete_wells,3
22691,Article,melissaclark,akhileshsTOI,63
22772,Tweet,melissaclark,andrewrawnsley,375
22762,Tweet,melissaclark,andybrassell,39
22728,Tweet,melissaclark,elizabday,208
22777,Tweet,melissaclark,RowennaDavis,312
22794,Tweet,melissaclark,jhoffman,12
22758,Tweet,melissaclark,LFFriedman,6
22750,Tweet,melissaclark,elizabday,137
22733,Tweet,melissaclark,rachshabi,33
22739,Tweet,melissaclark,NYTLiz,54
22723,Tweet,melissaclark,tejalrao,5
22730,Tweet,melissaclark,ottolenghi,8
22749,Tweet,melissaclark,elizabday,103
22707,Tweet,melissaclark,SocialQPhilip,314
22793,Tweet,melissaclark,MarinaHyde,185
22715,Tweet,melissaclark,priyagupta999,176
220287,Article,vijaypTOI,PippaCrerar,67
220235,Article,vijaypTOI,sandhyanairTOI,43
220278,Article,vijaypTOI,KTVinobhaTOI,5
220272,Article,vijaypTOI,sandhyanairTOI,73
220073,Article,vijaypTOI,vijayVsinghTOI,37
220290,Article,vijaypTOI,Chethan_Dash,23
220076,Article,vijaypTOI,ThevarSteffy,3
220240,Article,vijaypTOI,advityabahlTOI,126
220128,Article,vijaypTOI,yeshikabudhwar,3
220207,Article,vijaypTOI,GRajivTOI,7
220208,Article,vijaypTOI,PNaveenTOI,22
220150,Article,vijaypTOI,niyatiparikhTOI,91
220140,Article,vijaypTOI,RosySequeiraTOI,23
220196,Article,vijaypTOI,amitanandTOI,38
220199,Article,vijaypTOI,UttaraVarmaTOI,3
220367,Tweet,vijaypTOI,desaisantosh,222
220339,Tweet,vijaypTOI,kush_junglee,14
220352,Tweet,vijaypTOI,bindiyachariTOI,145
220392,Tweet,vijaypTOI,davidhepworth,301
220386,Tweet,vijaypTOI,Crime_Selvaraj,208
220389,Tweet,vijaypTOI,RoniNYTimes,8
220378,Tweet,vijaypTOI,ChaitanyadTOI,24
220358,Tweet,vijaypTOI,kush_junglee,157
220359,Tweet,vijaypTOI,journo_vibha,4
220323,Tweet,vijaypTOI,PjJoychen,25
220354,Tweet,vijaypTOI,kush_junglee,40
220400,Tweet,vijaypTOI,GRajivTOI,7
220388,Tweet,vijaypTOI,smita_mishra,139
220398,Tweet,vijaypTOI,AlokKNMishra,46
220345,Tweet,vijaypTOI,ArthurNeslen,46
36039,Article,jennyschuessler,DouthatNYT,51
36066,Article,jennyschuessler,NYTimesCohen,86
36058,Article,jennyschuessler,SocialQPhilip,15
36056,Article,jennyschuessler,DouthatNYT,112
36017,Article,jennyschuessler,pete_wells,54
36088,Article,jennyschuessler,NYTBen,288
36041,Article,jennyschuessler,alexmarshall81,30
36042,Article,jennyschuessler,pete_wells,195
36034,Article,jennyschuessler,PerriKlass,56
36029,Article,jennyschuessler,jillfilipovic,105
36030,Article,jennyschuessler,NYTimesCohen,160
36033,Article,jennyschuessler,RorySmith,62
36086,Article,jennyschuessler,dwightgarner,16
36015,Article,jennyschuessler,DouthatNYT,72
36083,Article,jennyschuessler,tripgabriel,133
36171,Tweet,jennyschuessler,JessicaValenti,53
36177,Tweet,jennyschuessler,lisamonteiroTOI,56
36153,Tweet,jennyschuessler,elizabday,141
36112,Tweet,jennyschuessler,afuahirsch,63
36161,Tweet,jennyschuessler,andybrassell,50
36168,Tweet,jennyschuessler,nnougayrede,118
36110,Tweet,jennyschuessler,afuahirsch,31
36115,Tweet,jennyschuessler,DerekMalcolm123,232
36179,Tweet,jennyschuessler,jbouie,18
36197,Tweet,jennyschuessler,timatkin,278
36192,Tweet,jennyschuessler,kenvogel,151
36187,Tweet,jennyschuessler,andybrassell,83
36146,Tweet,jennyschuessler,jonpareles,67
36114,Tweet,jennyschuessler,afuahirsch,70
36109,Tweet,jennyschuessler,JessicaValenti,53
195184,Article,mohuadazz,petleepeter,81
195212,Article,mohuadazz,AnujaJaiswalTOI,8
195168,Article,mohuadazz,durgeshjhaTOI,6
195060,Article,mohuadazz,RachelDonadio,109
195217,Article,mohuadazz,durgeshjhaTOI,19
195053,Article,mohuadazz,DerekMalcolm123,92
195177,Article,mohuadazz,RosySequeiraTOI,130
195178,Article,mohuadazz,jennydeluxe,34
195111,Article,mohuadazz,hannahdev,24
195235,Article,mohuadazz,ramarkosg,113
195145,Article,mohuadazz,UttaraVarmaTOI,2
195056,Article,mohuadazz,digbijaymishra1,77
195102,Article,mohuadazz,vijaysinghTOI,98
195147,Article,mohuadazz,mateenHTOI,71
195174,Article,mohuadazz,shiba_kurian,34
195308,Tweet,mohuadazz,Shreyanka_M,47
195301,Tweet,mohuadazz,SindhukTOI,65
195327,Tweet,mohuadazz,vijaysinghTOI,6
195245,Tweet,mohuadazz,BawaNaaved,69
195302,Tweet,mohuadazz,smita_mishra,82
195328,Tweet,mohuadazz,andybrassell,30
195299,Tweet,mohuadazz,PNaveenTOI,23
195329,Tweet,mohuadazz,PNaveenTOI,159
195273,Tweet,mohuadazz,smita_mishra,10
195285,Tweet,mohuadazz,divyapal2013,263
195334,Tweet,mohuadazz,petleepeter,7
195315,Tweet,mohuadazz,polblonde,288
195321,Tweet,mohuadazz,genznyt,273
195325,Tweet,mohuadazz,ramarkosg,7
195255,Tweet,mohuadazz,HinaRohtaki,76
179315,Article,Chethan_Dash,sandhyanairTOI,63
179288,Article,Chethan_Dash,Chethan_Dash,1
179455,Article,Chethan_Dash,Chethan_Dash,1
179239,Article,Chethan_Dash,aseemsgujar,2
179319,Article,Chethan_Dash,alexbellos,3
179459,Article,Chethan_Dash,naomi2009,235
179275,Article,Chethan_Dash,rajatpTOI,19
179234,Article,Chethan_Dash,Chethan_Dash,1
179224,Article,Chethan_Dash,pradeeptTOI,119
179317,Article,Chethan_Dash,palaknandiTOI,34
179343,Article,Chethan_Dash,durgeshjhaTOI,5
179391,Article,Chethan_Dash,aseemsgujar,7
179340,Article,Chethan_Dash,aleksk,96
179240,Article,Chethan_Dash,Chethan_Dash,1
179356,Article,Chethan_Dash,RosySequeiraTOI,36
179503,Tweet,Chethan_Dash,Chethan_Dash,1
179514,Tweet,Chethan_Dash,Chethan_Dash,1
179489,Tweet,Chethan_Dash,Chethan_Dash,1
179510,Tweet,Chethan_Dash,Chethan_Dash,1
179546,Tweet,Chethan_Dash,Chethan_Dash,1
179559,Tweet,Chethan_Dash,Chethan_Dash,1
179475,Tweet,Chethan_Dash,Chethan_Dash,1
179469,Tweet,Chethan_Dash,Chethan_Dash,1
179547,Tweet,Chethan_Dash,Chethan_Dash,1
179555,Tweet,Chethan_Dash,polblonde,383
179465,Tweet,Chethan_Dash,Chethan_Dash,1
179476,Tweet,Chethan_Dash,priyagupta999,5
179536,Tweet,Chethan_Dash,Chethan_Dash,1
179474,Tweet,Chethan_Dash,Chethan_Dash,1
179464,Tweet,Chethan_Dash,timlottwriter,11
170390,Article,ajaysuraTOI,amitanandTOI,3
170497,Article,ajaysuraTOI,tomfriedman,4
170395,Article,ajaysuraTOI,toi_dhananjayM,4
170476,Article,ajaysuraTOI,RosySequeiraTOI,4
170362,Article,ajaysuraTOI,ajaysuraTOI,1
170573,Article,ajaysuraTOI,itsshibuthomas,8
170465,Article,ajaysuraTOI,RosySequeiraTOI,3
170468,Article,ajaysuraTOI,vijayVsinghTOI,7
170565,Article,ajaysuraTOI,parthasinha,48
170359,Article,ajaysuraTOI,ajaysuraTOI,1
170488,Article,ajaysuraTOI,KapildaveTOI,24
170351,Article,ajaysuraTOI,ajaysuraTOI,1
170512,Article,ajaysuraTOI,toi_dhananjayM,5
170521,Article,ajaysuraTOI,007pandey,18
170356,Article,ajaysuraTOI,AditiZero,129
170608,Tweet,ajaysuraTOI,pradeeptTOI,5
170626,Tweet,ajaysuraTOI,lukeharding1968,16
170667,Tweet,ajaysuraTOI,aditya_bh16,125
170642,Tweet,ajaysuraTOI,IKershner,24
170638,Tweet,ajaysuraTOI,polblonde,4
170629,Tweet,ajaysuraTOI,PeterTatchell,5
170691,Tweet,ajaysuraTOI,polblonde,4
170645,Tweet,ajaysuraTOI,polblonde,3
170657,Tweet,ajaysuraTOI,polblonde,3
170595,Tweet,ajaysuraTOI,polblonde,3
170633,Tweet,ajaysuraTOI,polblonde,4
170663,Tweet,ajaysuraTOI,polblonde,3
170684,Tweet,ajaysuraTOI,PNaveenTOI,70
170646,Tweet,ajaysuraTOI,AtulMathur_,109
170600,Tweet,ajaysuraTOI,PjJoychen,113
11890,Article,Lattif,antontroian,123
11816,Article,Lattif,PrashantrTOI,170
11801,Article,Lattif,gettleman,41
11883,Article,Lattif,patrickwintour,134
11882,Article,Lattif,nicholaswatt,15
11832,Article,Lattif,NikiKitsantonis,10
11888,Article,Lattif,aurelienbrd,3
11809,Article,Lattif,MujMash,16
11885,Article,Lattif,yeshikabudhwar,121
11851,Article,Lattif,afuahirsch,105
11879,Article,Lattif,patrickwintour,17
11812,Article,Lattif,afuahirsch,12
11839,Article,Lattif,kush_junglee,217
11808,Article,Lattif,antontroian,38
11858,Article,Lattif,lucysiegle,277
11971,Tweet,Lattif,ericschmittnyt,10
11978,Tweet,Lattif,jorifinkel,142
11955,Tweet,Lattif,RaphaelMinder,13
11995,Tweet,Lattif,lisamonteiroTOI,27
11958,Tweet,Lattif,PeterTatchell,42
11975,Tweet,Lattif,antontroian,5
11949,Tweet,Lattif,brooksbarnesNYT,149
11992,Tweet,Lattif,hugolowell,36
11998,Tweet,Lattif,lukebroadwater,91
11901,Tweet,Lattif,antontroian,6
11967,Tweet,Lattif,npwcnn,62
11903,Tweet,Lattif,OfficeGSBrown,79
11930,Tweet,Lattif,michaelcrowley,77
11997,Tweet,Lattif,philipoltermann,16
11965,Tweet,Lattif,bylizrobbins,113
216235,Article,ThevarSteffy,naomi2009,49
216197,Article,ThevarSteffy,durgeshjhaTOI,4
216234,Article,ThevarSteffy,AmritadTOI,6
216173,Article,ThevarSteffy,journo_vibha,11
216130,Article,ThevarSteffy,MoharBasu,16
216174,Article,ThevarSteffy,ggreenwald,23
216095,Article,ThevarSteffy,RoniNYTimes,2
216209,Article,ThevarSteffy,ThevarSteffy,1
216075,Article,ThevarSteffy,durgeshjhaTOI,3
216245,Article,ThevarSteffy,manujaveerappa,6
216092,Article,ThevarSteffy,ThevarSteffy,1
216153,Article,ThevarSteffy,ThevarSteffy,1
216223,Article,ThevarSteffy,durgeshjhaTOI,76
216217,Article,ThevarSteffy,durgeshjhaTOI,70
216042,Article,ThevarSteffy,ThevarSteffy,1
216366,Tweet,ThevarSteffy,williamkeegan,197
216346,Tweet,ThevarSteffy,meeravohraTOI,31
216302,Tweet,ThevarSteffy,BawaNaaved,11
216354,Tweet,ThevarSteffy,alexbellos,45
216344,Tweet,ThevarSteffy,petleepeter,27
216271,Tweet,ThevarSteffy,joncaramanica,71
216342,Tweet,ThevarSteffy,Crime_Selvaraj,68
216343,Tweet,ThevarSteffy,mohuadazz,18
216282,Tweet,ThevarSteffy,ChaitanyadTOI,60
216360,Tweet,ThevarSteffy,SyedAkbarTOI,186
216297,Tweet,ThevarSteffy,LeoHickman,2
216347,Tweet,ThevarSteffy,kush_junglee,17
216306,Tweet,ThevarSteffy,SindhukTOI,7
216309,Tweet,ThevarSteffy,hannahdev,76
216284,Tweet,ThevarSteffy,DekaJayanta,7
217451,Article,toi_rohanA,NYTimesCohen,28
217471,Article,toi_rohanA,vivek9301,7
217476,Article,toi_rohanA,billmpennington,11
217517,Article,toi_rohanA,bykaren,5
217524,Article,toi_rohanA,vivek9301,7
217582,Article,toi_rohanA,aniljdias,3
217445,Article,toi_rohanA,saumyajitbTOI,10
217568,Article,toi_rohanA,bykaren,10
217560,Article,toi_rohanA,DerekMalcolm123,20
217628,Article,toi_rohanA,MarcusMergulhao,4
217575,Article,toi_rohanA,bglendenning,144
217654,Article,toi_rohanA,saumyajitbTOI,8
217515,Article,toi_rohanA,aniljdias,3
217564,Article,toi_rohanA,MarcusMergulhao,8
217415,Article,toi_rohanA,toi_rohanA,1
217704,Tweet,toi_rohanA,priyagupta999,10
217749,Tweet,toi_rohanA,jhoffman,184
217713,Tweet,toi_rohanA,kumaraswamykTOI,12
217723,Tweet,toi_rohanA,aniljdias,21
217735,Tweet,toi_rohanA,sudeshnagTOI,16
217745,Tweet,toi_rohanA,joncaramanica,210
217681,Tweet,toi_rohanA,MoharBasu,152
217710,Tweet,toi_rohanA,vivek9301,15
217737,Tweet,toi_rohanA,Pratiks_TOI,7
217693,Tweet,toi_rohanA,toi_rohanA,1
217699,Tweet,toi_rohanA,BenRothenberg,29
217714,Tweet,toi_rohanA,alexvtunzelmann,247
217675,Tweet,toi_rohanA,SwatiShindeTOI,177
217733,Tweet,toi_rohanA,MujMash,4
217722,Tweet,toi_rohanA,Shrivathsan1437,12
14071,Article,mikeives,KeithBradsher,30
14027,Article,mikeives,paulkrugman,256
14023,Article,mikeives,IKershner,11
14058,Article,mikeives,RBReich,42
14037,Article,mikeives,ChuBailiang,7
14019,Article,mikeives,petleepeter,53
14033,Article,mikeives,AtulMathur_,47
14062,Article,mikeives,PjJoychen,40
14081,Article,mikeives,KeithBradsher,5
14034,Article,mikeives,pete_wells,122
14002,Article,mikeives,saumyajitbTOI,118
14089,Article,mikeives,gettleman,29
14051,Article,mikeives,ChuBailiang,7
14044,Article,mikeives,pete_wells,162
14017,Article,mikeives,NYTimesCohen,320
14120,Tweet,mikeives,laurenlaverne,367
14124,Tweet,mikeives,AnujaJaiswalTOI,264
14105,Tweet,mikeives,PrashantrTOI,4
14153,Tweet,mikeives,mateenHTOI,171
14127,Tweet,mikeives,kush_junglee,19
14182,Tweet,mikeives,samrob12,2
14138,Tweet,mikeives,ericschmittnyt,2
14197,Tweet,mikeives,ericschmittnyt,33
14156,Tweet,mikeives,mikeives,1
14190,Tweet,mikeives,FranklinBlog,6
14132,Tweet,mikeives,ArthurNeslen,213
14134,Tweet,mikeives,polblonde,93
14148,Tweet,mikeives,melissaclark,299
14170,Tweet,mikeives,nytdavidbrooks,146
14177,Tweet,mikeives,gettinviggy,10
197722,Article,NirupaTOI,parthasinha,42
197701,Article,NirupaTOI,AraniBasuTOI,12
197888,Article,NirupaTOI,NirupaTOI,1
197760,Article,NirupaTOI,jeannasmialek,80
197729,Article,NirupaTOI,AtulMathur_,53
197715,Article,NirupaTOI,RosySequeiraTOI,22
197889,Article,NirupaTOI,Chethan_Dash,20
197830,Article,NirupaTOI,rajendrasTOI,18
197831,Article,NirupaTOI,lucywardsings,39
197870,Article,NirupaTOI,dkarthikTOI,12
197906,Article,NirupaTOI,007pandey,45
197816,Article,NirupaTOI,digbijaymishra1,23
197832,Article,NirupaTOI,mikeives,38
197668,Article,NirupaTOI,KapildaveTOI,2
197825,Article,NirupaTOI,Crime_Selvaraj,6
197964,Tweet,NirupaTOI,PjJoychen,27
197936,Tweet,NirupaTOI,ChaitanyadTOI,2
197973,Tweet,NirupaTOI,ishajainTOI,21
197957,Tweet,NirupaTOI,billicritic,2
197986,Tweet,NirupaTOI,KapildaveTOI,40
197956,Tweet,NirupaTOI,NirupaTOI,1
197949,Tweet,NirupaTOI,smita_mishra,43
197933,Tweet,NirupaTOI,ChaitanyadTOI,5
197979,Tweet,NirupaTOI,laurenlaverne,17
197963,Tweet,NirupaTOI,alanconnor,17
197990,Tweet,NirupaTOI,PjJoychen,5
197981,Tweet,NirupaTOI,lucysiegle,250
197922,Tweet,NirupaTOI,SindhukTOI,55
197977,Tweet,NirupaTOI,NirupaTOI,1
197938,Tweet,NirupaTOI,ChaitanyadTOI,15
188110,Article,journo_vibha,rajendrasTOI,14
188034,Article,journo_vibha,toi_dhananjayM,92
188043,Article,journo_vibha,har_mandeep,8
187992,Article,journo_vibha,journo_vibha,1
187896,Article,journo_vibha,mateenHTOI,15
187930,Article,journo_vibha,KapildaveTOI,28
188021,Article,journo_vibha,AtulMathur_,4
187932,Article,journo_vibha,yeshikabudhwar,72
188081,Article,journo_vibha,BhanupratapsTOI,19
187953,Article,journo_vibha,007pandey,7
187970,Article,journo_vibha,rajendrasTOI,141
188002,Article,journo_vibha,shafaquealamTOI,13
187940,Article,journo_vibha,AtulMathur_,10
187950,Article,journo_vibha,KapildaveTOI,74
187933,Article,journo_vibha,niyatiparikhTOI,126
188184,Tweet,journo_vibha,journo_vibha,1
188145,Tweet,journo_vibha,AlokKNMishra,5
188181,Tweet,journo_vibha,AlokKNMishra,13
188166,Tweet,journo_vibha,journo_vibha,1
188134,Tweet,journo_vibha,journo_vibha,1
188131,Tweet,journo_vibha,PjJoychen,78
188224,Tweet,journo_vibha,journo_vibha,1
188212,Tweet,journo_vibha,journo_vibha,1
188156,Tweet,journo_vibha,vvfriedman,3
188163,Tweet,journo_vibha,ChaitanyadTOI,2
188155,Tweet,journo_vibha,KapildaveTOI,3
188152,Tweet,journo_vibha,journo_vibha,1
188198,Tweet,journo_vibha,lukebroadwater,7
188159,Tweet,journo_vibha,ChaitanyadTOI,19
188158,Tweet,journo_vibha,sangerkatz,25
221496,Article,vivek9301,manujaveerappa,4
221514,Article,vivek9301,Pratiks_TOI,7
221641,Article,vivek9301,sudhanshub16,2
221643,Article,vivek9301,KapildaveTOI,82
221677,Article,vivek9301,Shilarze_SSR,4
221648,Article,vivek9301,parthasinha,53
221477,Article,vivek9301,vivek9301,1
221536,Article,vivek9301,desaisantosh,16
221487,Article,vivek9301,vivek9301,1
221667,Article,vivek9301,ByJamesWagner,284
221675,Article,vivek9301,vivek9301,1
221516,Article,vivek9301,sendvictorious,19
221493,Article,vivek9301,Pratiks_TOI,11
221490,Article,vivek9301,aniljdias,3
221694,Article,vivek9301,vivek9301,1
221769,Tweet,vivek9301,andybrassell,40
221791,Tweet,vivek9301,DerekMalcolm123,29
221761,Tweet,vivek9301,PNaveenTOI,200
221725,Tweet,vivek9301,ChaitanyadTOI,11
221733,Tweet,vivek9301,vivek9301,1
221705,Tweet,vivek9301,desaisantosh,8
221718,Tweet,vivek9301,vivek9301,1
221727,Tweet,vivek9301,AraniBasuTOI,2
221719,Tweet,vivek9301,AraniBasuTOI,4
221713,Tweet,vivek9301,williamkeegan,38
221728,Tweet,vivek9301,vivek9301,1
221785,Tweet,vivek9301,Shrivathsan1437,7
221734,Tweet,vivek9301,Pratiks_TOI,5
221756,Tweet,vivek9301,tomfriedman,3
221778,Tweet,vivek9301,vivek9301,1
36466,Article,ElisabethMalkin,afuahirsch,10
36443,Article,ElisabethMalkin,ElisabethMalkin,1
36460,Article,ElisabethMalkin,IKershner,46
36456,Article,ElisabethMalkin,rebeccaSTOI,105
36408,Article,ElisabethMalkin,hillhulse,105
36442,Article,ElisabethMalkin,IKershner,2
36429,Article,ElisabethMalkin,NikiKitsantonis,11
36433,Article,ElisabethMalkin,bencasselman,40
36497,Article,ElisabethMalkin,PatriciaMazzei,144
36474,Article,ElisabethMalkin,helenecooper,31
36471,Article,ElisabethMalkin,NYTimesCohen,9
36496,Article,ElisabethMalkin,RachelDonadio,2
36468,Article,ElisabethMalkin,timlottwriter,374
36448,Article,ElisabethMalkin,ESCochrane,115
36406,Article,ElisabethMalkin,NYTBen,21
36518,Tweet,ElisabethMalkin,MonaChalabi,435
36550,Tweet,ElisabethMalkin,afuahirsch,69
36591,Tweet,ElisabethMalkin,JessicaValenti,31
36580,Tweet,ElisabethMalkin,nauzerbTOI,384
36500,Tweet,ElisabethMalkin,richardwolffedc,113
36537,Tweet,ElisabethMalkin,gailcollins,146
36511,Tweet,ElisabethMalkin,AlokKNMishra,44
36519,Tweet,ElisabethMalkin,polblonde,295
36530,Tweet,ElisabethMalkin,benkenigsberg,19
36561,Tweet,ElisabethMalkin,mateenHTOI,135
36524,Tweet,ElisabethMalkin,vanbadham,160
36548,Tweet,ElisabethMalkin,SocialQPhilip,130
36593,Tweet,ElisabethMalkin,NickAtNews,11
36528,Tweet,ElisabethMalkin,Shilarze_SSR,323
36585,Tweet,ElisabethMalkin,suilee,17
19610,Article,SocialQPhilip,SocialQPhilip,1
19645,Article,SocialQPhilip,RBReich,48
19605,Article,SocialQPhilip,JessicaValenti,6
19603,Article,SocialQPhilip,SocialQPhilip,1
19634,Article,SocialQPhilip,SocialQPhilip,1
19651,Article,SocialQPhilip,RorySmith,21
19618,Article,SocialQPhilip,DouthatNYT,19
19684,Article,SocialQPhilip,TanyaGold1,7
19688,Article,SocialQPhilip,pete_wells,8
19658,Article,SocialQPhilip,timlottwriter,3
19648,Article,SocialQPhilip,oliverburkeman,2
19616,Article,SocialQPhilip,nytdavidbrooks,16
19602,Article,SocialQPhilip,oliverburkeman,7
19653,Article,SocialQPhilip,timlottwriter,2
19612,Article,SocialQPhilip,jwpetersNYT,2
19722,Tweet,SocialQPhilip,DouthatNYT,60
19756,Tweet,SocialQPhilip,andrewrsorkin,207
19759,Tweet,SocialQPhilip,PerriKlass,17
19742,Tweet,SocialQPhilip,andrewrsorkin,60
19728,Tweet,SocialQPhilip,oliverburkeman,3
19716,Tweet,SocialQPhilip,SocialQPhilip,1
19775,Tweet,SocialQPhilip,TanyaGold1,4
19790,Tweet,SocialQPhilip,MichaelPaulson,17
19720,Tweet,SocialQPhilip,ChaitanyadTOI,6
19714,Tweet,SocialQPhilip,damiencave,2
19776,Tweet,SocialQPhilip,RorySmith,61
19706,Tweet,SocialQPhilip,ChaitanyadTOI,23
19795,Tweet,SocialQPhilip,GiniaNYT,71
19786,Tweet,SocialQPhilip,SocialQPhilip,1
19794,Tweet,SocialQPhilip,ASoloski,67
10241,Article,jotted,KeithBradsher,3
10245,Article,jotted,jimwaterson,109
10259,Article,jotted,PatrickKingsley,18
10261,Article,jotted,bencasselman,20
10200,Article,jotted,ewong,29
10216,Article,jotted,nicholaswatt,170
10289,Article,jotted,ChuBailiang,8
10219,Article,jotted,stevenerlanger,39
10229,Article,jotted,NYTimesCohen,65
10205,Article,jotted,helenecooper,34
10295,Article,jotted,julianbarnes,18
10244,Article,jotted,stevenerlanger,39
10262,Article,jotted,NilsPratley,15
10253,Article,jotted,ewong,22
10260,Article,jotted,mateenHTOI,24
10301,Tweet,jotted,IanCobain,115
10368,Tweet,jotted,ElisabethMalkin,13
10321,Tweet,jotted,mikeives,20
10386,Tweet,jotted,jessbidgood,236
10381,Tweet,jotted,sarahlyall,55
10346,Tweet,jotted,andrewrsorkin,75
10341,Tweet,jotted,anemonanyc,25
10332,Tweet,jotted,kenanmalik,175
10303,Tweet,jotted,PeterTatchell,20
10323,Tweet,jotted,declanwalsh,9
10357,Tweet,jotted,NYTimesCohen,7
10324,Tweet,jotted,SocialQPhilip,3
10396,Tweet,jotted,PNaveenTOI,57
10375,Tweet,jotted,PjJoychen,144
10318,Tweet,jotted,hillhulse,47
213844,Article,sudhanshub16,DekaJayanta,140
213772,Article,sudhanshub16,vivek9301,5
213837,Article,sudhanshub16,aniljdias,8
213821,Article,sudhanshub16,TOISH31,49
213827,Article,sudhanshub16,gmorgenson,266
213810,Article,sudhanshub16,rajendrasTOI,157
213779,Article,sudhanshub16,aniljdias,19
213767,Article,sudhanshub16,PNaveenTOI,11
213823,Article,sudhanshub16,Pratiks_TOI,15
213825,Article,sudhanshub16,RachelDonadio,128
213795,Article,sudhanshub16,MoharBasu,70
213774,Article,sudhanshub16,NYTimesCohen,205
213839,Article,sudhanshub16,Pratiks_TOI,7
213842,Article,sudhanshub16,aniljdias,19
213843,Article,sudhanshub16,aniljdias,5
213867,Tweet,sudhanshub16,MoharBasu,21
213916,Tweet,sudhanshub16,AlokKNMishra,55
213938,Tweet,sudhanshub16,joncaramanica,160
213909,Tweet,sudhanshub16,priyagupta999,5
213927,Tweet,sudhanshub16,rajatpTOI,221
213847,Tweet,sudhanshub16,vivek9301,4
213913,Tweet,sudhanshub16,petleepeter,94
213902,Tweet,sudhanshub16,desaisantosh,3
213863,Tweet,sudhanshub16,divyapal2013,19
213925,Tweet,sudhanshub16,gettleman,61
213891,Tweet,sudhanshub16,DerekMalcolm123,145
213919,Tweet,sudhanshub16,BenRothenberg,69
213894,Tweet,sudhanshub16,ChaitanyadTOI,10
213848,Tweet,sudhanshub16,polblonde,174
213917,Tweet,sudhanshub16,ChaitanyadTOI,22
17463,Article,RichardFausset,hillhulse,25
17450,Article,RichardFausset,ESCochrane,35
17468,Article,RichardFausset,lisamonteiroTOI,172
17402,Article,RichardFausset,PatriciaMazzei,47
17464,Article,RichardFausset,RichardFausset,1
17413,Article,RichardFausset,samrob12,73
17477,Article,RichardFausset,kbennhold,178
17472,Article,RichardFausset,hugolowell,75
17439,Article,RichardFausset,adamliptak,7
17400,Article,RichardFausset,hugolowell,91
17423,Article,RichardFausset,hugolowell,5
17451,Article,RichardFausset,IKershner,32
17482,Article,RichardFausset,ESCochrane,29
17440,Article,RichardFausset,RichardFausset,1
17406,Article,RichardFausset,ESCochrane,33
17511,Tweet,RichardFausset,Bencjacobs,131
17571,Tweet,RichardFausset,GlennThrush,38
17539,Tweet,RichardFausset,gailcollins,16
17596,Tweet,RichardFausset,vijaysinghTOI,244
17579,Tweet,RichardFausset,RichardFausset,1
17527,Tweet,RichardFausset,hugolowell,9
17586,Tweet,RichardFausset,npfandos,16
17510,Tweet,RichardFausset,tripgabriel,3
17551,Tweet,RichardFausset,brooksbarnesNYT,195
17503,Tweet,RichardFausset,toi_dhananjayM,16
17561,Tweet,RichardFausset,jackschofield,149
17570,Tweet,RichardFausset,tripgabriel,3
17537,Tweet,RichardFausset,LFFriedman,5
17592,Tweet,RichardFausset,margaretrenkl,2
17525,Tweet,RichardFausset,Bencjacobs,38
6458,Article,DouthatNYT,RBReich,2
6409,Article,DouthatNYT,michelleinbklyn,4
6433,Article,DouthatNYT,williamkeegan,13
6428,Article,DouthatNYT,DouthatNYT,1
6423,Article,DouthatNYT,paulkrugman,2
6481,Article,DouthatNYT,dwightgarner,4
6462,Article,DouthatNYT,DouthatNYT,1
6448,Article,DouthatNYT,jwpetersNYT,16
6408,Article,DouthatNYT,RBReich,2
6427,Article,DouthatNYT,DouthatNYT,1
6470,Article,DouthatNYT,DouthatNYT,1
6429,Article,DouthatNYT,DouthatNYT,1
6493,Article,DouthatNYT,dwightgarner,7
6492,Article,DouthatNYT,marywalshjourno,30
6402,Article,DouthatNYT,DouthatNYT,1
6532,Tweet,DouthatNYT,DouthatNYT,1
6545,Tweet,DouthatNYT,DouthatNYT,1
6519,Tweet,DouthatNYT,wesley_morris,9
6509,Tweet,DouthatNYT,DouthatNYT,1
6505,Tweet,DouthatNYT,DouthatNYT,1
6518,Tweet,DouthatNYT,paulkrugman,2
6524,Tweet,DouthatNYT,DouthatNYT,1
6543,Tweet,DouthatNYT,brooksbarnesNYT,5
6579,Tweet,DouthatNYT,jhoffman,10
6578,Tweet,DouthatNYT,michelleinbklyn,8
6587,Tweet,DouthatNYT,ggreenwald,3
6563,Tweet,DouthatNYT,gailcollins,8
6557,Tweet,DouthatNYT,DouthatNYT,1
6539,Tweet,DouthatNYT,sunny_hundal,43
6589,Tweet,DouthatNYT,DouthatNYT,1
29013,Article,parul_sehgal,Mahafreed_Irani,197
29021,Article,parul_sehgal,SocialQPhilip,11
29095,Article,parul_sehgal,SocialQPhilip,2
29054,Article,parul_sehgal,parul_sehgal,1
29063,Article,parul_sehgal,nicklezard,9
29065,Article,parul_sehgal,dwightgarner,5
29071,Article,parul_sehgal,parul_sehgal,1
29094,Article,parul_sehgal,dwightgarner,3
29022,Article,parul_sehgal,dwightgarner,4
29038,Article,parul_sehgal,SangerNYT,54
29014,Article,parul_sehgal,michelleinbklyn,37
29049,Article,parul_sehgal,NYTimesCohen,4
29097,Article,parul_sehgal,fmanjoo,24
29055,Article,parul_sehgal,DouthatNYT,4
29025,Article,parul_sehgal,dwightgarner,9
29123,Tweet,parul_sehgal,LauraCummingArt,22
29145,Tweet,parul_sehgal,vanbadham,155
29161,Tweet,parul_sehgal,vvfriedman,310
29118,Tweet,parul_sehgal,jillfilipovic,288
29173,Tweet,parul_sehgal,RorySmith,2
29176,Tweet,parul_sehgal,andrewrawnsley,138
29171,Tweet,parul_sehgal,ByJamesWagner,30
29192,Tweet,parul_sehgal,RachelDonadio,108
29113,Tweet,parul_sehgal,hannahdev,214
29142,Tweet,parul_sehgal,charltonbrooker,305
29137,Tweet,parul_sehgal,priyagupta999,272
29160,Tweet,parul_sehgal,vanbadham,179
29157,Tweet,parul_sehgal,bylizrobbins,84
29198,Tweet,parul_sehgal,alexmarshall81,5
29150,Tweet,parul_sehgal,polblonde,281
22040,Article,jestei,ianrausten,108
22034,Article,jestei,jimtankersley,34
22031,Article,jestei,meddynyt,39
22005,Article,jestei,helenecooper,4
22097,Article,jestei,pete_wells,47
22044,Article,jestei,pete_wells,57
22095,Article,jestei,ericschmittnyt,34
22041,Article,jestei,antontroian,41
22092,Article,jestei,andrewrsorkin,47
22016,Article,jestei,jestei,1
22043,Article,jestei,DouthatNYT,153
22042,Article,jestei,apoorva_nyc,170
22066,Article,jestei,jeannasmialek,35
22056,Article,jestei,pete_wells,70
22009,Article,jestei,ESCochrane,20
22169,Tweet,jestei,salihughes,422
22123,Tweet,jestei,hannahdev,375
22148,Tweet,jestei,nnougayrede,287
22168,Tweet,jestei,mikeives,159
22117,Tweet,jestei,lukebroadwater,70
22170,Tweet,jestei,DerekMalcolm123,228
22147,Tweet,jestei,brooksbarnesNYT,38
22143,Tweet,jestei,mateenHTOI,63
22139,Tweet,jestei,jennydeluxe,229
22144,Tweet,jestei,SocialQPhilip,105
22167,Tweet,jestei,wesley_morris,79
22164,Tweet,jestei,joncaramanica,159
22153,Tweet,jestei,apoorva_nyc,232
22152,Tweet,jestei,dwightgarner,262
22163,Tweet,jestei,ShaneGoldmacher,58
18878,Article,SharonLNYT,jeannasmialek,12
18872,Article,SharonLNYT,hillhulse,2
18847,Article,SharonLNYT,NYTBen,47
18868,Article,SharonLNYT,RBReich,2
18805,Article,SharonLNYT,lukebroadwater,9
18809,Article,SharonLNYT,jwpetersNYT,20
18817,Article,SharonLNYT,EricaLG,55
18896,Article,SharonLNYT,lukebroadwater,17
18815,Article,SharonLNYT,nytmike,20
18839,Article,SharonLNYT,npfandos,23
18802,Article,SharonLNYT,marywalshjourno,28
18811,Article,SharonLNYT,SharonLNYT,1
18879,Article,SharonLNYT,hillhulse,30
18852,Article,SharonLNYT,npfandos,30
18837,Article,SharonLNYT,ESCochrane,12
18976,Tweet,SharonLNYT,apoorva_nyc,5
18953,Tweet,SharonLNYT,gailcollins,32
18990,Tweet,SharonLNYT,hannahdev,141
18908,Tweet,SharonLNYT,rishachitlangia,206
18997,Tweet,SharonLNYT,sangerkatz,11
18923,Tweet,SharonLNYT,nytDeniseGrady,15
18964,Tweet,SharonLNYT,el_belson,71
18913,Tweet,SharonLNYT,lukebroadwater,26
18906,Tweet,SharonLNYT,anniekarni,18
18962,Tweet,SharonLNYT,PamBelluck,2
18973,Tweet,SharonLNYT,ShaneGoldmacher,7
18984,Tweet,SharonLNYT,ArthurNeslen,445
18999,Tweet,SharonLNYT,ESCochrane,26
18987,Tweet,SharonLNYT,marywalshjourno,30
18958,Tweet,SharonLNYT,adamliptak,57
180071,Article,debaratisen,andybrassell,53
179967,Article,debaratisen,DerekMalcolm123,27
180029,Article,debaratisen,debaratisen,1
180106,Article,debaratisen,meeravohraTOI,6
180144,Article,debaratisen,Shreyanka_M,2
179924,Article,debaratisen,jfordham_jazz,3
180076,Article,debaratisen,debaratisen,1
180070,Article,debaratisen,debaratisen,1
179960,Article,debaratisen,parthasinha,60
180103,Article,debaratisen,debaratisen,1
179922,Article,debaratisen,debaratisen,1
180010,Article,debaratisen,debaratisen,1
180021,Article,debaratisen,ramendrasTOI,135
179927,Article,debaratisen,debaratisen,1
180003,Article,debaratisen,debaratisen,1
180179,Tweet,debaratisen,debaratisen,1
180187,Tweet,debaratisen,psangeetha2112,34
180201,Tweet,debaratisen,EricaLG,62
180194,Tweet,debaratisen,lucysiegle,137
180228,Tweet,debaratisen,meeravohraTOI,5
180250,Tweet,debaratisen,RosySequeiraTOI,7
180168,Tweet,debaratisen,debaratisen,1
180226,Tweet,debaratisen,TOISH31,5
180191,Tweet,debaratisen,meeravohraTOI,2
180183,Tweet,debaratisen,SocialQPhilip,32
180227,Tweet,debaratisen,priyagupta999,6
180219,Tweet,debaratisen,priyagupta999,11
180235,Tweet,debaratisen,ChaitanyadTOI,43
180198,Tweet,debaratisen,petleepeter,9
180177,Tweet,debaratisen,Shreyanka_M,2
27837,Article,ceciliakang,anandbodhTOI,28
27897,Article,ceciliakang,FlitterOnFraud,6
27806,Article,ceciliakang,hillhulse,76
27839,Article,ceciliakang,ChuBailiang,54
27855,Article,ceciliakang,andrewrsorkin,13
27896,Article,ceciliakang,jeannasmialek,42
27863,Article,ceciliakang,hugolowell,12
27804,Article,ceciliakang,andrewrsorkin,83
27877,Article,ceciliakang,SangerNYT,68
27835,Article,ceciliakang,ggreenwald,189
27812,Article,ceciliakang,lukebroadwater,32
27832,Article,ceciliakang,digbijaymishra1,138
27885,Article,ceciliakang,llerer,5
27879,Article,ceciliakang,jimtankersley,5
27825,Article,ceciliakang,vijayVsinghTOI,38
27926,Tweet,ceciliakang,andrewrawnsley,321
27976,Tweet,ceciliakang,jbouie,174
27906,Tweet,ceciliakang,jennydeluxe,227
27913,Tweet,ceciliakang,GiniaNYT,127
27933,Tweet,ceciliakang,wesley_morris,125
27911,Tweet,ceciliakang,ajaysuraTOI,51
27956,Tweet,ceciliakang,Freedland,105
27945,Tweet,ceciliakang,vijaypTOI,203
27923,Tweet,ceciliakang,bylizrobbins,68
27951,Tweet,ceciliakang,fmanjoo,15
27990,Tweet,ceciliakang,MujMash,325
27924,Tweet,ceciliakang,gailcollins,90
27903,Tweet,ceciliakang,jennydeluxe,127
27984,Tweet,ceciliakang,rondakaysen,133
27964,Tweet,ceciliakang,jillfilipovic,48
480,Article,alexanderburns,ESCochrane,3
458,Article,alexanderburns,ESCochrane,2
452,Article,alexanderburns,Bencjacobs,7
457,Article,alexanderburns,hillhulse,5
440,Article,alexanderburns,Bencjacobs,4
438,Article,alexanderburns,hillhulse,7
489,Article,alexanderburns,FlitterOnFraud,21
412,Article,alexanderburns,Bencjacobs,9
453,Article,alexanderburns,IKershner,12
439,Article,alexanderburns,lukebroadwater,7
428,Article,alexanderburns,ESCochrane,9
462,Article,alexanderburns,AnaSwanson,34
445,Article,alexanderburns,ESCochrane,14
499,Article,alexanderburns,DouthatNYT,38
442,Article,alexanderburns,hillhulse,12
540,Tweet,alexanderburns,Bencjacobs,11
558,Tweet,alexanderburns,ShaneGoldmacher,2
539,Tweet,alexanderburns,reidepstein,4
591,Tweet,alexanderburns,kenvogel,25
554,Tweet,alexanderburns,alexanderburns,1
512,Tweet,alexanderburns,Bencjacobs,2
598,Tweet,alexanderburns,alexanderburns,1
532,Tweet,alexanderburns,lukebroadwater,9
524,Tweet,alexanderburns,RBReich,9
562,Tweet,alexanderburns,nytDeniseGrady,98
545,Tweet,alexanderburns,joecoscarelli,19
583,Tweet,alexanderburns,ggreenwald,15
570,Tweet,alexanderburns,rachlharris,10
573,Tweet,alexanderburns,alexanderburns,1
515,Tweet,alexanderburns,ChuBailiang,126
71819,Article,Bencjacobs,Bencjacobs,1
71866,Article,Bencjacobs,RBReich,3
71785,Article,Bencjacobs,jbouie,75
71978,Article,Bencjacobs,AnushkaAsthana,11
71852,Article,Bencjacobs,ESCochrane,2
71989,Article,Bencjacobs,RichardFausset,14
72009,Article,Bencjacobs,hugolowell,3
71949,Article,Bencjacobs,hillhulse,2
71914,Article,Bencjacobs,el_belson,25
71994,Article,Bencjacobs,hugolowell,2
71959,Article,Bencjacobs,hillhulse,10
71805,Article,Bencjacobs,hugolowell,2
71974,Article,Bencjacobs,jimwaterson,40
71783,Article,Bencjacobs,hugolowell,2
71943,Article,Bencjacobs,Bencjacobs,1
72083,Tweet,Bencjacobs,jwpetersNYT,78
72255,Tweet,Bencjacobs,Shilarze_SSR,483
72203,Tweet,Bencjacobs,parthasinha,488
72268,Tweet,Bencjacobs,jbouie,37
72098,Tweet,Bencjacobs,jwpetersNYT,26
72142,Tweet,Bencjacobs,hugolowell,2
72017,Tweet,Bencjacobs,lukebroadwater,12
72238,Tweet,Bencjacobs,melissaclark,435
72097,Tweet,Bencjacobs,stevenerlanger,369
72079,Tweet,Bencjacobs,el_belson,42
72267,Tweet,Bencjacobs,mateenHTOI,191
72044,Tweet,Bencjacobs,marywalshjourno,134
72208,Tweet,Bencjacobs,lukebroadwater,16
72257,Tweet,Bencjacobs,hillhulse,18
72076,Tweet,Bencjacobs,vanbadham,34
17868,Article,rondakaysen,samsifton,9
17843,Article,rondakaysen,parul_sehgal,111
17867,Article,rondakaysen,fmanjoo,6
17800,Article,rondakaysen,PerriKlass,2
17801,Article,rondakaysen,RBReich,8
17824,Article,rondakaysen,chrishughes,6
17827,Article,rondakaysen,DouthatNYT,62
17805,Article,rondakaysen,brooksbarnesNYT,11
17828,Article,rondakaysen,aseemsgujar,300
17830,Article,rondakaysen,parthasinha,8
17882,Article,rondakaysen,ishajainTOI,179
17847,Article,rondakaysen,rondakaysen,1
17811,Article,rondakaysen,rondakaysen,1
17821,Article,rondakaysen,andrewrsorkin,10
17857,Article,rondakaysen,andrewrsorkin,13
17964,Tweet,rondakaysen,marywalshjourno,97
17915,Tweet,rondakaysen,JessicaValenti,2
17981,Tweet,rondakaysen,andrewrsorkin,17
17977,Tweet,rondakaysen,rondakaysen,1
17972,Tweet,rondakaysen,timlottwriter,182
17943,Tweet,rondakaysen,PerriKlass,11
17982,Tweet,rondakaysen,tejalrao,3
17965,Tweet,rondakaysen,SocialQPhilip,88
17989,Tweet,rondakaysen,DanBilefsky,149
17969,Tweet,rondakaysen,cdcaron,9
17983,Tweet,rondakaysen,jillfilipovic,23
17949,Tweet,rondakaysen,tejalrao,15
17923,Tweet,rondakaysen,jonpareles,73
17904,Tweet,rondakaysen,brooksbarnesNYT,15
17910,Tweet,rondakaysen,fmanjoo,35
5650,Article,DanBilefsky,lukeharding1968,51
5629,Article,DanBilefsky,NYTimesCohen,5
5648,Article,DanBilefsky,pete_wells,96
5617,Article,DanBilefsky,charlie_savage,149
5612,Article,DanBilefsky,JessicaValenti,206
5651,Article,DanBilefsky,CarolineLucas,197
5678,Article,DanBilefsky,patrickwintour,81
5630,Article,DanBilefsky,NeilMacFarquhar,9
5680,Article,DanBilefsky,ChuBailiang,23
5660,Article,DanBilefsky,NYTimesCohen,20
5613,Article,DanBilefsky,mariellaf1,219
5604,Article,DanBilefsky,aurelienbrd,4
5619,Article,DanBilefsky,rondakaysen,67
5684,Article,DanBilefsky,ChuBailiang,30
5682,Article,DanBilefsky,ericschmittnyt,55
5770,Tweet,DanBilefsky,michaelcrowley,33
5754,Tweet,DanBilefsky,SocialQPhilip,340
5782,Tweet,DanBilefsky,zwoolfe,12
5778,Tweet,DanBilefsky,NickAtNews,186
5797,Tweet,DanBilefsky,kylebuchanan,23
5744,Tweet,DanBilefsky,Lattif,17
5791,Tweet,DanBilefsky,rachlharris,216
5743,Tweet,DanBilefsky,shiba_kurian,197
5793,Tweet,DanBilefsky,kenanmalik,46
5713,Tweet,DanBilefsky,michaelcrowley,59
5750,Tweet,DanBilefsky,aurelienbrd,54
5712,Tweet,DanBilefsky,pete_wells,10
5724,Tweet,DanBilefsky,gettinviggy,202
5775,Tweet,DanBilefsky,LizAldermanNYT,43
5786,Tweet,DanBilefsky,BellaKwai,4
27260,Article,kannoyoungs,tariqpanja,3
27209,Article,kannoyoungs,Bencjacobs,5
27222,Article,kannoyoungs,lukebroadwater,5
27273,Article,kannoyoungs,farnazfassihi,155
27298,Article,kannoyoungs,livia_ar,39
27297,Article,kannoyoungs,helenecooper,2
27257,Article,kannoyoungs,stevenerlanger,19
27210,Article,kannoyoungs,bencasselman,103
27213,Article,kannoyoungs,hugolowell,11
27254,Article,kannoyoungs,jameskanter,18
27206,Article,kannoyoungs,DouthatNYT,56
27279,Article,kannoyoungs,hillhulse,2
27219,Article,kannoyoungs,charlie_savage,9
27227,Article,kannoyoungs,jeannasmialek,28
27214,Article,kannoyoungs,marywalshjourno,14
27334,Tweet,kannoyoungs,jeannasmialek,38
27305,Tweet,kannoyoungs,lukebroadwater,18
27394,Tweet,kannoyoungs,jennydeluxe,422
27335,Tweet,kannoyoungs,npwcnn,205
27300,Tweet,kannoyoungs,ShaneGoldmacher,31
27379,Tweet,kannoyoungs,reidepstein,20
27368,Tweet,kannoyoungs,jwpetersNYT,79
27382,Tweet,kannoyoungs,SharonLNYT,10
27349,Tweet,kannoyoungs,thestephmerritt,433
27320,Tweet,kannoyoungs,gettinviggy,87
27370,Tweet,kannoyoungs,michaelcrowley,9
27376,Tweet,kannoyoungs,Bencjacobs,90
27383,Tweet,kannoyoungs,DeccaJourno,374
27306,Tweet,kannoyoungs,AnaSwanson,29
27328,Tweet,kannoyoungs,jennydeluxe,81
176903,Article,Banjotkaur,AditiZero,2
176795,Article,Banjotkaur,SidharthB25,6
176983,Article,Banjotkaur,rjadHinduBL,2
176956,Article,Banjotkaur,psangeetha2112,10
176777,Article,Banjotkaur,durgeshjhaTOI,4
176772,Article,Banjotkaur,durgeshjhaTOI,17
176810,Article,Banjotkaur,durgeshjhaTOI,4
176976,Article,Banjotkaur,HemantaTOI,15
176782,Article,Banjotkaur,GRajivTOI,73
176812,Article,Banjotkaur,DawnHFoster,55
176827,Article,Banjotkaur,sisario,65
176938,Article,Banjotkaur,MKSinghGkp,42
176992,Article,Banjotkaur,durgeshjhaTOI,7
176923,Article,Banjotkaur,DekaJayanta,21
176977,Article,Banjotkaur,AditiZero,39
177025,Tweet,Banjotkaur,nytDeniseGrady,53
177027,Tweet,Banjotkaur,divyapal2013,67
177038,Tweet,Banjotkaur,ChaitanyadTOI,41
177015,Tweet,Banjotkaur,mateenHTOI,40
177089,Tweet,Banjotkaur,amitanandTOI,79
177053,Tweet,Banjotkaur,Chethan_Dash,16
177077,Tweet,Banjotkaur,MujMash,129
177058,Tweet,Banjotkaur,davidhepworth,74
177019,Tweet,Banjotkaur,sermoninstone,55
177051,Tweet,Banjotkaur,PerriKlass,21
177050,Tweet,Banjotkaur,Gauraw2297,42
177026,Tweet,Banjotkaur,aniljdias,54
177028,Tweet,Banjotkaur,pradeeptTOI,23
177056,Tweet,Banjotkaur,toi_ManujaV,24
177060,Tweet,Banjotkaur,pete_wells,106
17046,Article,RaphaelMinder,gilestremlett,14
17002,Article,RaphaelMinder,NYTimesCohen,3
17075,Article,RaphaelMinder,kbennhold,42
17026,Article,RaphaelMinder,patrickwintour,13
17073,Article,RaphaelMinder,patrickwintour,6
17093,Article,RaphaelMinder,gilestremlett,11
17027,Article,RaphaelMinder,NikiKitsantonis,32
17022,Article,RaphaelMinder,andrewrsorkin,33
17007,Article,RaphaelMinder,pete_wells,2
17098,Article,RaphaelMinder,tariqpanja,8
17070,Article,RaphaelMinder,RaphaelMinder,1
17032,Article,RaphaelMinder,PatrickKingsley,6
17067,Article,RaphaelMinder,kbennhold,11
17077,Article,RaphaelMinder,gilestremlett,48
17031,Article,RaphaelMinder,pete_wells,78
17156,Tweet,RaphaelMinder,Crime_Selvaraj,40
17155,Tweet,RaphaelMinder,benkenigsberg,40
17170,Tweet,RaphaelMinder,RaphaelMinder,1
17109,Tweet,RaphaelMinder,paulmasonnews,31
17110,Tweet,RaphaelMinder,antontroian,3
17136,Tweet,RaphaelMinder,stevenpoole,30
17166,Tweet,RaphaelMinder,gettleman,122
17198,Tweet,RaphaelMinder,williamkeegan,12
17197,Tweet,RaphaelMinder,kbennhold,52
17118,Tweet,RaphaelMinder,RaphaelMinder,1
17112,Tweet,RaphaelMinder,kbennhold,2
17100,Tweet,RaphaelMinder,billmpennington,8
17140,Tweet,RaphaelMinder,ArthurNeslen,124
17182,Tweet,RaphaelMinder,NYTimesCohen,6
17114,Tweet,RaphaelMinder,RaphaelMinder,1
29607,Article,EmilyAnthes,timlottwriter,43
29685,Article,EmilyAnthes,apoorva_nyc,32
29606,Article,EmilyAnthes,RBReich,15
29666,Article,EmilyAnthes,jimwaterson,116
29619,Article,EmilyAnthes,RBReich,36
29636,Article,EmilyAnthes,KomalGautham,136
29684,Article,EmilyAnthes,ByJamesWagner,70
29627,Article,EmilyAnthes,RBReich,76
29655,Article,EmilyAnthes,apoorva_nyc,160
29688,Article,EmilyAnthes,EmilyAnthes,1
29692,Article,EmilyAnthes,apoorva_nyc,6
29623,Article,EmilyAnthes,apoorva_nyc,13
29602,Article,EmilyAnthes,sangerkatz,18
29635,Article,EmilyAnthes,apoorva_nyc,7
29618,Article,EmilyAnthes,RBReich,144
29702,Tweet,EmilyAnthes,joncaramanica,21
29706,Tweet,EmilyAnthes,carlzimmer,3
29745,Tweet,EmilyAnthes,andrewrawnsley,54
29769,Tweet,EmilyAnthes,GiniaNYT,9
29710,Tweet,EmilyAnthes,sangerkatz,17
29716,Tweet,EmilyAnthes,pete_wells,125
29759,Tweet,EmilyAnthes,vijaysinghTOI,22
29750,Tweet,EmilyAnthes,jennydeluxe,110
29703,Tweet,EmilyAnthes,RoniNYTimes,4
29718,Tweet,EmilyAnthes,genznyt,8
29725,Tweet,EmilyAnthes,desaisantosh,224
29717,Tweet,EmilyAnthes,desaisantosh,152
29795,Tweet,EmilyAnthes,GeorgeMonbiot,179
29787,Tweet,EmilyAnthes,KSchulten,27
29720,Tweet,EmilyAnthes,genznyt,7
15684,Article,nytdavidbrooks,DouthatNYT,2
15670,Article,nytdavidbrooks,NYTimesCohen,16
15689,Article,nytdavidbrooks,nytdavidbrooks,1
15630,Article,nytdavidbrooks,DouthatNYT,57
15629,Article,nytdavidbrooks,PerriKlass,9
15631,Article,nytdavidbrooks,DouthatNYT,13
15681,Article,nytdavidbrooks,DouthatNYT,62
15626,Article,nytdavidbrooks,RorySmith,22
15661,Article,nytdavidbrooks,michelleinbklyn,21
15682,Article,nytdavidbrooks,paulkrugman,6
15673,Article,nytdavidbrooks,DouthatNYT,21
15615,Article,nytdavidbrooks,parul_sehgal,2
15657,Article,nytdavidbrooks,hillhulse,38
15665,Article,nytdavidbrooks,DouthatNYT,2
15677,Article,nytdavidbrooks,andrewrsorkin,7
15708,Tweet,nytdavidbrooks,paulkrugman,13
15753,Tweet,nytdavidbrooks,paulmasonnews,129
15774,Tweet,nytdavidbrooks,sangerkatz,39
15714,Tweet,nytdavidbrooks,dwightgarner,4
15766,Tweet,nytdavidbrooks,SocialQPhilip,24
15790,Tweet,nytdavidbrooks,richardwolffedc,7
15725,Tweet,nytdavidbrooks,genznyt,72
15731,Tweet,nytdavidbrooks,lisamonteiroTOI,35
15778,Tweet,nytdavidbrooks,ggreenwald,10
15756,Tweet,nytdavidbrooks,RorySmith,56
15739,Tweet,nytdavidbrooks,RBReich,70
15773,Tweet,nytdavidbrooks,MichaelPaulson,29
15788,Tweet,nytdavidbrooks,williamkeegan,34
15705,Tweet,nytdavidbrooks,sangerkatz,3
15734,Tweet,nytdavidbrooks,nytdavidbrooks,1
184159,Article,GovindKMaadTOI,RBReich,88
184106,Article,GovindKMaadTOI,vijayVsinghTOI,173
184197,Article,GovindKMaadTOI,TristramHuntVA,249
184230,Article,GovindKMaadTOI,KapildaveTOI,68
184187,Article,GovindKMaadTOI,AtulMathur_,85
184151,Article,GovindKMaadTOI,PippaCrerar,117
184047,Article,GovindKMaadTOI,nauzerbTOI,140
184023,Article,GovindKMaadTOI,sudhanshub16,2
184119,Article,GovindKMaadTOI,BhanupratapsTOI,34
184144,Article,GovindKMaadTOI,yusrahusain,39
184209,Article,GovindKMaadTOI,vijayVsinghTOI,148
184129,Article,GovindKMaadTOI,sangerkatz,233
184078,Article,GovindKMaadTOI,SidharthB25,75
184037,Article,GovindKMaadTOI,SidharthB25,10
184172,Article,GovindKMaadTOI,Mahafreed_Irani,10
184340,Tweet,GovindKMaadTOI,smita_mishra,11
184313,Tweet,GovindKMaadTOI,omjasvinTOI,182
184345,Tweet,GovindKMaadTOI,gailcollins,112
184317,Tweet,GovindKMaadTOI,vijaysinghTOI,121
184338,Tweet,GovindKMaadTOI,bindiyachariTOI,71
184356,Tweet,GovindKMaadTOI,HemantaTOI,11
184310,Tweet,GovindKMaadTOI,journo_vibha,44
184335,Tweet,GovindKMaadTOI,damiencave,246
184321,Tweet,GovindKMaadTOI,saumyajitbTOI,11
184329,Tweet,GovindKMaadTOI,journo_vibha,21
184307,Tweet,GovindKMaadTOI,akhileshsTOI,54
184339,Tweet,GovindKMaadTOI,LFFriedman,257
184341,Tweet,GovindKMaadTOI,bindiyachariTOI,11
184347,Tweet,GovindKMaadTOI,aleksk,429
184283,Tweet,GovindKMaadTOI,bindiyachariTOI,5
201152,Article,PhanindraP_TNIE,Crime_Selvaraj,4
201191,Article,PhanindraP_TNIE,pradeeptTOI,30
201254,Article,PhanindraP_TNIE,anandbodhTOI,43
201232,Article,PhanindraP_TNIE,asrpmukeshTOI,101
201194,Article,PhanindraP_TNIE,AmritadTOI,3
201229,Article,PhanindraP_TNIE,utejonmayamTOI,34
201141,Article,PhanindraP_TNIE,niyatiparikhTOI,7
201199,Article,PhanindraP_TNIE,NYTBen,141
201164,Article,PhanindraP_TNIE,PjJoychen,7
201233,Article,PhanindraP_TNIE,SidharthB25,44
201253,Article,PhanindraP_TNIE,amitanandTOI,10
201151,Article,PhanindraP_TNIE,SindhukTOI,22
201183,Article,PhanindraP_TNIE,dkarthikTOI,16
201133,Article,PhanindraP_TNIE,SribaalaVTOI,31
201222,Article,PhanindraP_TNIE,GRajivTOI,8
201317,Tweet,PhanindraP_TNIE,nauzerbTOI,296
201269,Tweet,PhanindraP_TNIE,aditya_bh16,172
201263,Tweet,PhanindraP_TNIE,TOISH31,51
201259,Tweet,PhanindraP_TNIE,priyagupta999,161
201275,Tweet,PhanindraP_TNIE,PatrickKingsley,171
201291,Tweet,PhanindraP_TNIE,SindhukTOI,23
201272,Tweet,PhanindraP_TNIE,sermoninstone,128
201300,Tweet,PhanindraP_TNIE,RosySequeiraTOI,75
201292,Tweet,PhanindraP_TNIE,NishikantkTOI,24
201283,Tweet,PhanindraP_TNIE,utejonmayamTOI,59
201286,Tweet,PhanindraP_TNIE,kannoyoungs,136
201301,Tweet,PhanindraP_TNIE,aditya_bh16,73
201280,Tweet,PhanindraP_TNIE,PjJoychen,22
201307,Tweet,PhanindraP_TNIE,naomi2009,27
201279,Tweet,PhanindraP_TNIE,journo_vibha,40
26467,Article,michaelcrowley,michaelcrowley,1
26411,Article,michaelcrowley,ericschmittnyt,4
26433,Article,michaelcrowley,michaelcrowley,1
26461,Article,michaelcrowley,ElisabethMalkin,17
26407,Article,michaelcrowley,NikiKitsantonis,21
26409,Article,michaelcrowley,tariqpanja,2
26405,Article,michaelcrowley,michaelcrowley,1
26421,Article,michaelcrowley,stevenerlanger,2
26423,Article,michaelcrowley,IKershner,7
26434,Article,michaelcrowley,michaelcrowley,1
26424,Article,michaelcrowley,jimtankersley,25
26455,Article,michaelcrowley,IKershner,12
26417,Article,michaelcrowley,tripgabriel,32
26408,Article,michaelcrowley,RachelDonadio,45
26426,Article,michaelcrowley,jimtankersley,17
26592,Tweet,michaelcrowley,antontroian,23
26597,Tweet,michaelcrowley,nytdavidbrooks,324
26589,Tweet,michaelcrowley,polblonde,447
26515,Tweet,michaelcrowley,michelleinbklyn,61
26586,Tweet,michaelcrowley,Bencjacobs,119
26504,Tweet,michaelcrowley,RaphaelMinder,57
26505,Tweet,michaelcrowley,nandinisgTOI,149
26527,Tweet,michaelcrowley,GlennThrush,180
26578,Tweet,michaelcrowley,ChuBailiang,19
26579,Tweet,michaelcrowley,polblonde,472
26583,Tweet,michaelcrowley,Crime_Selvaraj,5
26539,Tweet,michaelcrowley,attackerman,24
26573,Tweet,michaelcrowley,IKershner,24
26584,Tweet,michaelcrowley,juliemTOI,6
26598,Tweet,michaelcrowley,suilee,72
14230,Article,mlevenson,NickAtNews,88
14273,Article,mlevenson,livia_ar,2
14259,Article,mlevenson,ChuBailiang,67
14290,Article,mlevenson,paulkrugman,111
14268,Article,mlevenson,charlie_savage,24
14288,Article,mlevenson,JessicaValenti,198
14236,Article,mlevenson,cdcaron,9
14208,Article,mlevenson,tariqpanja,55
14210,Article,mlevenson,hugolowell,88
14248,Article,mlevenson,SocialQPhilip,65
14238,Article,mlevenson,EricaLG,51
14286,Article,mlevenson,RBReich,38
14232,Article,mlevenson,PippaCrerar,178
14203,Article,mlevenson,lukebroadwater,69
14242,Article,mlevenson,cdcaron,49
14349,Tweet,mlevenson,zwoolfe,26
14331,Tweet,mlevenson,vvfriedman,21
14335,Tweet,mlevenson,nnougayrede,10
14316,Tweet,mlevenson,Bencjacobs,85
14329,Tweet,mlevenson,sangerkatz,66
14307,Tweet,mlevenson,paulmasonnews,121
14389,Tweet,mlevenson,RaphaelMinder,192
14398,Tweet,mlevenson,BhanupratapsTOI,176
14395,Tweet,mlevenson,noamscheiber,53
14310,Tweet,mlevenson,LFFriedman,50
14380,Tweet,mlevenson,genznyt,14
14375,Tweet,mlevenson,DSlotnik,21
14323,Tweet,mlevenson,vijayVsinghTOI,16
14315,Tweet,mlevenson,jorifinkel,33
14317,Tweet,mlevenson,vijayVsinghTOI,109
13613,Article,MichaelPaulson,AnushkaAsthana,47
13681,Article,MichaelPaulson,paulkrugman,64
13622,Article,MichaelPaulson,paulmasonnews,128
13639,Article,MichaelPaulson,KapildaveTOI,12
13610,Article,MichaelPaulson,FrankBruni,19
13617,Article,MichaelPaulson,EVincentelli,38
13659,Article,MichaelPaulson,naomi2009,142
13645,Article,MichaelPaulson,andrewrsorkin,11
13623,Article,MichaelPaulson,stevenpoole,58
13677,Article,MichaelPaulson,dwightgarner,19
13605,Article,MichaelPaulson,IKershner,4
13674,Article,MichaelPaulson,ASoloski,11
13606,Article,MichaelPaulson,FelicityCloake,165
13658,Article,MichaelPaulson,ThevarSteffy,292
13646,Article,MichaelPaulson,williamnhutton,39
13751,Tweet,MichaelPaulson,27saurabhsinha,7
13746,Tweet,MichaelPaulson,samrob12,15
13729,Tweet,MichaelPaulson,AshokPradhanTOI,158
13787,Tweet,MichaelPaulson,MichaelPaulson,1
13771,Tweet,MichaelPaulson,williamnhutton,207
13737,Tweet,MichaelPaulson,jmart,3
13777,Tweet,MichaelPaulson,priyagupta999,2
13708,Tweet,MichaelPaulson,jillfilipovic,25
13793,Tweet,MichaelPaulson,kbennhold,189
13786,Tweet,MichaelPaulson,pete_wells,31
13721,Tweet,MichaelPaulson,MichaelPaulson,1
13795,Tweet,MichaelPaulson,RosySequeiraTOI,19
13752,Tweet,MichaelPaulson,priyagupta999,10
13753,Tweet,MichaelPaulson,rishachitlangia,31
13766,Tweet,MichaelPaulson,philipoltermann,31
30235,Article,smervosh,marywalshjourno,22
30239,Article,smervosh,RichSandomir,90
30290,Article,smervosh,hugolowell,30
30284,Article,smervosh,brooksbarnesNYT,35
30250,Article,smervosh,gilestremlett,73
30258,Article,smervosh,nytmike,11
30202,Article,smervosh,RachelDonadio,35
30207,Article,smervosh,AmritadTOI,453
30221,Article,smervosh,RBReich,45
30274,Article,smervosh,SherylNYT,3
30276,Article,smervosh,EricaLG,11
30246,Article,smervosh,tripgabriel,41
30252,Article,smervosh,AtulMathur_,110
30222,Article,smervosh,dwightgarner,105
30209,Article,smervosh,jillfilipovic,39
30339,Tweet,smervosh,gailcollins,49
30397,Tweet,smervosh,jennydeluxe,111
30324,Tweet,smervosh,jorifinkel,147
30385,Tweet,smervosh,apoorva_nyc,16
30371,Tweet,smervosh,archiebland,26
30302,Tweet,smervosh,gailcollins,80
30354,Tweet,smervosh,PerriKlass,79
30309,Tweet,smervosh,LFFriedman,15
30319,Tweet,smervosh,gailcollins,34
30395,Tweet,smervosh,sangerkatz,4
30343,Tweet,smervosh,TristramHuntVA,153
30373,Tweet,smervosh,RosySequeiraTOI,417
30356,Tweet,smervosh,RachelDonadio,225
30327,Tweet,smervosh,marywalshjourno,39
30380,Tweet,smervosh,FrancesRobles,25
181457,Article,divyadubey_,nandinisgTOI,17
181512,Article,divyadubey_,sandhyanairTOI,71
181444,Article,divyadubey_,SagrikaKissu,104
181459,Article,divyadubey_,TOISH31,112
181507,Article,divyadubey_,007pandey,5
181466,Article,divyadubey_,007pandey,79
181469,Article,divyadubey_,ishajainTOI,22
181447,Article,divyadubey_,nytDeniseGrady,49
181478,Article,divyadubey_,ramarkosg,15
181504,Article,divyadubey_,tomdyckhoff,78
181476,Article,divyadubey_,smita_mishra,8
181500,Article,divyadubey_,jatinder_tur,27
181489,Article,divyadubey_,niyatiparikhTOI,64
181462,Article,divyadubey_,007pandey,11
181505,Article,divyadubey_,AshokPradhanTOI,72
181553,Tweet,divyadubey_,AraniBasuTOI,28
181590,Tweet,divyadubey_,nnougayrede,203
181582,Tweet,divyadubey_,BhanupratapsTOI,23
181557,Tweet,divyadubey_,suilee,62
181575,Tweet,divyadubey_,PjJoychen,74
181570,Tweet,divyadubey_,AlokKNMishra,72
181604,Tweet,divyadubey_,andybrassell,43
181542,Tweet,divyadubey_,KTVinobhaTOI,57
181538,Tweet,divyadubey_,AshokPradhanTOI,106
181566,Tweet,divyadubey_,smita_mishra,7
181600,Tweet,divyadubey_,anandbodhTOI,42
181560,Tweet,divyadubey_,toi_dhananjayM,50
181610,Tweet,divyadubey_,AraniBasuTOI,24
181565,Tweet,divyadubey_,tushhaikhush,27
181568,Tweet,divyadubey_,AnaSwanson,215
25687,Article,farnazfassihi,patrickwintour,15
25694,Article,farnazfassihi,NikiKitsantonis,3
25661,Article,farnazfassihi,NikiKitsantonis,2
25617,Article,farnazfassihi,farnazfassihi,1
25638,Article,farnazfassihi,AnaSwanson,26
25676,Article,farnazfassihi,farnazfassihi,1
25651,Article,farnazfassihi,farnazfassihi,1
25672,Article,farnazfassihi,IKershner,15
25662,Article,farnazfassihi,hugolowell,74
25648,Article,farnazfassihi,farnazfassihi,1
25650,Article,farnazfassihi,NikiKitsantonis,13
25680,Article,farnazfassihi,IKershner,4
25637,Article,farnazfassihi,IKershner,8
25626,Article,farnazfassihi,NikiKitsantonis,2
25605,Article,farnazfassihi,ewong,26
25731,Tweet,farnazfassihi,rpogrebin,147
25748,Tweet,farnazfassihi,NYTimesCohen,56
25715,Tweet,farnazfassihi,lauriegnyt,68
25758,Tweet,farnazfassihi,Lattif,126
25749,Tweet,farnazfassihi,elizabday,207
25792,Tweet,farnazfassihi,DouthatNYT,147
25734,Tweet,farnazfassihi,DouthatNYT,21
25711,Tweet,farnazfassihi,antontroian,126
25751,Tweet,farnazfassihi,antontroian,29
25793,Tweet,farnazfassihi,davidleighx,333
25778,Tweet,farnazfassihi,antontroian,13
25724,Tweet,farnazfassihi,NYTimesCohen,52
25717,Tweet,farnazfassihi,billmpennington,80
25770,Tweet,farnazfassihi,zwoolfe,132
25740,Tweet,farnazfassihi,afuahirsch,121
173254,Article,AniltheMatrix,rajendrasTOI,33
173138,Article,AniltheMatrix,KapildaveTOI,23
173331,Article,AniltheMatrix,har_mandeep,30
173177,Article,AniltheMatrix,Crime_Selvaraj,195
173248,Article,AniltheMatrix,BhanupratapsTOI,15
173237,Article,AniltheMatrix,BhanupratapsTOI,14
173346,Article,AniltheMatrix,asrpmukeshTOI,91
173333,Article,AniltheMatrix,vijayVsinghTOI,105
173232,Article,AniltheMatrix,SribaalaVTOI,29
173242,Article,AniltheMatrix,AshokPradhanTOI,47
173348,Article,AniltheMatrix,KapildaveTOI,32
173221,Article,AniltheMatrix,vijayVsinghTOI,89
173302,Article,AniltheMatrix,rajendrasTOI,60
173328,Article,AniltheMatrix,ShrinivasaMTOI,25
173293,Article,AniltheMatrix,akhileshsTOI,10
173399,Tweet,AniltheMatrix,vivek9301,4
173430,Tweet,AniltheMatrix,vivek9301,4
173442,Tweet,AniltheMatrix,SiwachSukhbir,27
173456,Tweet,AniltheMatrix,tushhaikhush,13
173374,Tweet,AniltheMatrix,AraniBasuTOI,12
173412,Tweet,AniltheMatrix,toi_shailendraA,16
173382,Tweet,AniltheMatrix,vanbadham,12
173390,Tweet,AniltheMatrix,toi_ManujaV,4
173395,Tweet,AniltheMatrix,gailcollins,89
173406,Tweet,AniltheMatrix,sudhanshub16,10
173462,Tweet,AniltheMatrix,andybrassell,147
173398,Tweet,AniltheMatrix,jhoffman,63
173383,Tweet,AniltheMatrix,andybrassell,17
173376,Tweet,AniltheMatrix,AniltheMatrix,1
173464,Tweet,AniltheMatrix,parul_sehgal,211
1230,Article,anniekarni,peterbakernyt,3
1270,Article,anniekarni,ewong,15
1299,Article,anniekarni,hillhulse,34
1206,Article,anniekarni,jwpetersNYT,2
1252,Article,anniekarni,anniekarni,1
1282,Article,anniekarni,charlie_savage,26
1234,Article,anniekarni,NikiKitsantonis,290
1205,Article,anniekarni,jwpetersNYT,5
1274,Article,anniekarni,RBReich,121
1286,Article,anniekarni,helenecooper,8
1227,Article,anniekarni,ESCochrane,21
1228,Article,anniekarni,PatriciaMazzei,30
1201,Article,anniekarni,FrankBruni,40
1261,Article,anniekarni,ESCochrane,20
1283,Article,anniekarni,farnazfassihi,187
1392,Tweet,anniekarni,ESCochrane,24
1360,Tweet,anniekarni,hillhulse,14
1325,Tweet,anniekarni,vanbadham,221
1331,Tweet,anniekarni,ShaneGoldmacher,20
1312,Tweet,anniekarni,GlennThrush,4
1370,Tweet,anniekarni,noamscheiber,19
1310,Tweet,anniekarni,alexanderburns,6
1379,Tweet,anniekarni,jmart,11
1313,Tweet,anniekarni,gailcollins,16
1301,Tweet,anniekarni,reidepstein,12
1386,Tweet,anniekarni,tripgabriel,18
1302,Tweet,anniekarni,Bencjacobs,16
1362,Tweet,anniekarni,AshokPradhanTOI,272
1358,Tweet,anniekarni,jwpetersNYT,7
1359,Tweet,anniekarni,SocialQPhilip,27
189341,Article,KomalGautham,anandbodhTOI,3
189293,Article,KomalGautham,Banjotkaur,7
189414,Article,KomalGautham,SindhukTOI,10
189353,Article,KomalGautham,KomalGautham,1
189487,Article,KomalGautham,maheshbTOI,47
189384,Article,KomalGautham,aseemsgujar,50
189278,Article,KomalGautham,KomalGautham,1
189333,Article,KomalGautham,Crime_Selvaraj,26
189325,Article,KomalGautham,Crime_Selvaraj,3
189286,Article,KomalGautham,KomalGautham,1
189403,Article,KomalGautham,rishachitlangia,5
189312,Article,KomalGautham,KomalGautham,1
189405,Article,KomalGautham,kush_junglee,9
189404,Article,KomalGautham,MiriamElder,18
189454,Article,KomalGautham,Banjotkaur,15
189534,Tweet,KomalGautham,meddynyt,50
189597,Tweet,KomalGautham,SindhukTOI,7
189603,Tweet,KomalGautham,tomfriedman,40
189583,Tweet,KomalGautham,Crime_Selvaraj,21
189535,Tweet,KomalGautham,psangeetha2112,6
189608,Tweet,KomalGautham,MujMash,33
189576,Tweet,KomalGautham,rpogrebin,320
189520,Tweet,KomalGautham,NishikantkTOI,103
189582,Tweet,KomalGautham,NYTimesCohen,170
189538,Tweet,KomalGautham,SindhukTOI,6
189568,Tweet,KomalGautham,LauraCummingArt,131
189604,Tweet,KomalGautham,ewong,362
189559,Tweet,KomalGautham,naomi2009,50
189600,Tweet,KomalGautham,naomi2009,95
189617,Tweet,KomalGautham,suilee,67
204287,Article,rajatpTOI,rajatpTOI,1
204444,Article,rajatpTOI,rajatpTOI,1
204303,Article,rajatpTOI,rajatpTOI,1
204255,Article,rajatpTOI,KapildaveTOI,2
204401,Article,rajatpTOI,rajatpTOI,1
204382,Article,rajatpTOI,KapildaveTOI,3
204393,Article,rajatpTOI,rajatpTOI,1
204398,Article,rajatpTOI,rajatpTOI,1
204308,Article,rajatpTOI,rajatpTOI,1
204399,Article,rajatpTOI,rajatpTOI,1
204370,Article,rajatpTOI,rajatpTOI,1
204386,Article,rajatpTOI,AnaSwanson,31
204414,Article,rajatpTOI,rajatpTOI,1
204332,Article,rajatpTOI,jatinder_tur,2
204292,Article,rajatpTOI,jatinder_tur,2
204566,Tweet,rajatpTOI,ChaitanyadTOI,188
204516,Tweet,rajatpTOI,meeravohraTOI,2
204564,Tweet,rajatpTOI,sudhanshub16,72
204536,Tweet,rajatpTOI,damiencave,113
204571,Tweet,rajatpTOI,PeterTatchell,394
204504,Tweet,rajatpTOI,PNaveenTOI,5
204553,Tweet,rajatpTOI,MoharBasu,34
204578,Tweet,rajatpTOI,NilsPratley,365
204584,Tweet,rajatpTOI,jatinder_tur,3
204588,Tweet,rajatpTOI,rajatpTOI,1
204502,Tweet,rajatpTOI,rajatpTOI,1
204562,Tweet,rajatpTOI,ChaitanyadTOI,71
204558,Tweet,rajatpTOI,anandbodhTOI,10
204518,Tweet,rajatpTOI,SribaalaVTOI,88
204590,Tweet,rajatpTOI,rachshabi,250
218335,Article,tushhaikhush,jotted,294
218555,Article,tushhaikhush,jotted,370
218353,Article,tushhaikhush,Pratiks_TOI,121
218417,Article,tushhaikhush,AshokPradhanTOI,41
218535,Article,tushhaikhush,TOISH31,36
218512,Article,tushhaikhush,Shilarze_SSR,28
218375,Article,tushhaikhush,saumyajitbTOI,116
218336,Article,tushhaikhush,parthasinha,32
218398,Article,tushhaikhush,richapintoi,35
218360,Article,tushhaikhush,rajatpTOI,9
218527,Article,tushhaikhush,priyagupta999,211
218443,Article,tushhaikhush,NesrineMalik,98
218355,Article,tushhaikhush,rjadHinduBL,178
218567,Article,tushhaikhush,tomfriedman,109
218504,Article,tushhaikhush,rajatpTOI,155
218667,Tweet,tushhaikhush,LauraCummingArt,91
218648,Tweet,tushhaikhush,aditya_bh16,19
218662,Tweet,tushhaikhush,andybrassell,2
218675,Tweet,tushhaikhush,antontroian,161
218669,Tweet,tushhaikhush,dwightgarner,114
218597,Tweet,tushhaikhush,nytDeniseGrady,459
218647,Tweet,tushhaikhush,andybrassell,16
218679,Tweet,tushhaikhush,RachelDonadio,12
218677,Tweet,tushhaikhush,TOISH31,17
218658,Tweet,tushhaikhush,jennydeluxe,15
218588,Tweet,tushhaikhush,tushhaikhush,1
218678,Tweet,tushhaikhush,toi_ManujaV,5
218664,Tweet,tushhaikhush,peterbradshaw1,126
218629,Tweet,tushhaikhush,tushhaikhush,1
218593,Tweet,tushhaikhush,TridibIANS,4
210192,Article,Shilarze_SSR,martcrossy,36
210128,Article,Shilarze_SSR,vivek9301,20
210253,Article,Shilarze_SSR,Shilarze_SSR,1
210146,Article,Shilarze_SSR,tariqpanja,145
210267,Article,Shilarze_SSR,aniljdias,11
210169,Article,Shilarze_SSR,TOISH31,7
210195,Article,Shilarze_SSR,TOISH31,8
210119,Article,Shilarze_SSR,Pratiks_TOI,50
210122,Article,Shilarze_SSR,vivek9301,23
210074,Article,Shilarze_SSR,aniljdias,52
210193,Article,Shilarze_SSR,vivek9301,51
210095,Article,Shilarze_SSR,tariqpanja,2
210091,Article,Shilarze_SSR,Shilarze_SSR,1
210083,Article,Shilarze_SSR,vivek9301,18
210072,Article,Shilarze_SSR,FabrizioRomano,7
210356,Tweet,Shilarze_SSR,tariqpanja,87
210366,Tweet,Shilarze_SSR,TOISH31,38
210338,Tweet,Shilarze_SSR,christophclarey,17
210299,Tweet,Shilarze_SSR,ChaitanyadTOI,153
210340,Tweet,Shilarze_SSR,bykaren,22
210327,Tweet,Shilarze_SSR,RorySmith,62
210380,Tweet,Shilarze_SSR,FrankBruni,50
210298,Tweet,Shilarze_SSR,ASoloski,187
210334,Tweet,Shilarze_SSR,andybrassell,2
210358,Tweet,Shilarze_SSR,RorySmith,2
210352,Tweet,Shilarze_SSR,bglendenning,22
210324,Tweet,Shilarze_SSR,Shilarze_SSR,1
210359,Tweet,Shilarze_SSR,TOISH31,6
210341,Tweet,Shilarze_SSR,saumyajitbTOI,81
210368,Tweet,Shilarze_SSR,TimdeLisle,60
194451,Article,MoharBasu,MoharBasu,1
194498,Article,MoharBasu,brooksbarnesNYT,135
194555,Article,MoharBasu,MoharBasu,1
194349,Article,MoharBasu,MoharBasu,1
194577,Article,MoharBasu,MoharBasu,1
194442,Article,MoharBasu,MoharBasu,1
194370,Article,MoharBasu,wesley_morris,70
194586,Article,MoharBasu,MoharBasu,1
194409,Article,MoharBasu,MoharBasu,1
194395,Article,MoharBasu,MoharBasu,1
194578,Article,MoharBasu,MoharBasu,1
194481,Article,MoharBasu,MoharBasu,1
194516,Article,MoharBasu,divyapal2013,23
194358,Article,MoharBasu,MoharBasu,1
194373,Article,MoharBasu,MoharBasu,1
194657,Tweet,MoharBasu,priyagupta999,2
194617,Tweet,MoharBasu,jhoffman,2
194601,Tweet,MoharBasu,PatrickKingsley,243
194681,Tweet,MoharBasu,sermoninstone,6
194609,Tweet,MoharBasu,jennydeluxe,14
194641,Tweet,MoharBasu,smita_mishra,9
194640,Tweet,MoharBasu,timlottwriter,93
194627,Tweet,MoharBasu,MoharBasu,1
194687,Tweet,MoharBasu,desaisantosh,228
194602,Tweet,MoharBasu,tushhaikhush,13
194647,Tweet,MoharBasu,sermoninstone,3
194686,Tweet,MoharBasu,elizabday,167
194646,Tweet,MoharBasu,debaratisen,11
194664,Tweet,MoharBasu,sermoninstone,4
194659,Tweet,MoharBasu,jillfilipovic,434
207348,Article,ronojoy_sen,Banjotkaur,3
207371,Article,ronojoy_sen,ChaitanyadTOI,28
207372,Article,ronojoy_sen,KateEMcCann,10
207379,Article,ronojoy_sen,pradeepjourno,4
207363,Article,ronojoy_sen,toi_dhananjayM,71
207359,Article,ronojoy_sen,jbouie,165
207362,Article,ronojoy_sen,divyapal2013,133
207338,Article,ronojoy_sen,DeccaJourno,28
207369,Article,ronojoy_sen,desaisantosh,68
207343,Article,ronojoy_sen,shattenstone,306
207391,Article,ronojoy_sen,pete_wells,95
207354,Article,ronojoy_sen,saumyajitbTOI,41
207370,Article,ronojoy_sen,tomfriedman,55
207352,Article,ronojoy_sen,kush_junglee,64
207398,Article,ronojoy_sen,pete_wells,373
207468,Tweet,ronojoy_sen,LauraCummingArt,9
207404,Tweet,ronojoy_sen,journo_vibha,46
207432,Tweet,ronojoy_sen,debaratisen,69
207465,Tweet,ronojoy_sen,desaisantosh,2
207486,Tweet,ronojoy_sen,desaisantosh,4
207467,Tweet,ronojoy_sen,BawaNaaved,22
207417,Tweet,ronojoy_sen,AraniBasuTOI,25
207466,Tweet,ronojoy_sen,kumaraswamykTOI,2
207435,Tweet,ronojoy_sen,GlennThrush,321
207421,Tweet,ronojoy_sen,LauraCummingArt,10
207479,Tweet,ronojoy_sen,desaisantosh,3
207427,Tweet,ronojoy_sen,desaisantosh,28
207431,Tweet,ronojoy_sen,tomfriedman,55
207451,Tweet,ronojoy_sen,desaisantosh,4
207476,Tweet,ronojoy_sen,KTVinobhaTOI,72
5272,Article,ChuBailiang,AnaSwanson,56
5209,Article,ChuBailiang,ewong,43
5204,Article,ChuBailiang,antontroian,2
5274,Article,ChuBailiang,stevenerlanger,8
5277,Article,ChuBailiang,ChuBailiang,1
5241,Article,ChuBailiang,ChuBailiang,1
5220,Article,ChuBailiang,NeilMacFarquhar,50
5247,Article,ChuBailiang,patrickwintour,6
5232,Article,ChuBailiang,antontroian,23
5267,Article,ChuBailiang,ChuBailiang,1
5256,Article,ChuBailiang,antontroian,10
5246,Article,ChuBailiang,farnazfassihi,16
5280,Article,ChuBailiang,stevenerlanger,21
5243,Article,ChuBailiang,IKershner,20
5201,Article,ChuBailiang,patrickwintour,12
5377,Tweet,ChuBailiang,AnaSwanson,8
5316,Tweet,ChuBailiang,jillfilipovic,357
5319,Tweet,ChuBailiang,LizAldermanNYT,107
5303,Tweet,ChuBailiang,npwcnn,39
5310,Tweet,ChuBailiang,vwang3,2
5385,Tweet,ChuBailiang,livia_ar,62
5362,Tweet,ChuBailiang,DouthatNYT,2
5376,Tweet,ChuBailiang,Crime_Selvaraj,2
5386,Tweet,ChuBailiang,shafaquealamTOI,51
5311,Tweet,ChuBailiang,Mahafreed_Irani,186
5339,Tweet,ChuBailiang,DSlotnik,3
5371,Tweet,ChuBailiang,vvfriedman,235
5369,Tweet,ChuBailiang,ChaitanyadTOI,323
5315,Tweet,ChuBailiang,michaelcrowley,29
5322,Tweet,ChuBailiang,noamscheiber,93
194940,Article,MohitaTOI,MKSinghGkp,22
194878,Article,MohitaTOI,PhanindraP_TNIE,9
194778,Article,MohitaTOI,binays1960,57
194775,Article,MohitaTOI,SumitraDebRoy,32
194769,Article,MohitaTOI,KapildaveTOI,2
194805,Article,MohitaTOI,DouthatNYT,254
194807,Article,MohitaTOI,utejonmayamTOI,25
194936,Article,MohitaTOI,ishajainTOI,2
194787,Article,MohitaTOI,saumyajitbTOI,45
194939,Article,MohitaTOI,durgeshjhaTOI,222
194934,Article,MohitaTOI,MohitaTOI,1
194912,Article,MohitaTOI,minatisinghaTOI,19
194836,Article,MohitaTOI,anemonanyc,133
194901,Article,MohitaTOI,digbijaymishra1,149
194736,Article,MohitaTOI,kush_junglee,17
194991,Tweet,MohitaTOI,desaisantosh,50
194946,Tweet,MohitaTOI,manujaveerappa,66
194959,Tweet,MohitaTOI,Gauraw2297,10
194976,Tweet,MohitaTOI,DekaJayanta,27
195026,Tweet,MohitaTOI,sermoninstone,3
194990,Tweet,MohitaTOI,desaisantosh,79
195039,Tweet,MohitaTOI,meeravohraTOI,5
194993,Tweet,MohitaTOI,SwatiShindeTOI,16
195017,Tweet,MohitaTOI,digbijaymishra1,41
195024,Tweet,MohitaTOI,polblonde,298
195023,Tweet,MohitaTOI,NewtonSTOI,90
195030,Tweet,MohitaTOI,IKershner,22
195018,Tweet,MohitaTOI,priyagupta999,52
194982,Tweet,MohitaTOI,Shreyanka_M,8
194964,Tweet,MohitaTOI,andybrassell,318
195742,Article,murarishetyeTOI,SidharthB25,26
195827,Article,murarishetyeTOI,HemantaTOI,34
195705,Article,murarishetyeTOI,toi_dhananjayM,12
195703,Article,murarishetyeTOI,RosySequeiraTOI,13
195861,Article,murarishetyeTOI,vijayVsinghTOI,18
195878,Article,murarishetyeTOI,Shilarze_SSR,374
195798,Article,murarishetyeTOI,AtulMathur_,16
195903,Article,murarishetyeTOI,greenslader,228
195769,Article,murarishetyeTOI,sangerkatz,20
195707,Article,murarishetyeTOI,john_hooper,25
195914,Article,murarishetyeTOI,mateenHTOI,29
195716,Article,murarishetyeTOI,mariellaf1,68
195849,Article,murarishetyeTOI,007pandey,3
195704,Article,murarishetyeTOI,AshokPradhanTOI,48
195754,Article,murarishetyeTOI,naomi2009,31
195947,Tweet,murarishetyeTOI,murarishetyeTOI,1
195996,Tweet,murarishetyeTOI,murarishetyeTOI,1
196011,Tweet,murarishetyeTOI,murarishetyeTOI,1
195980,Tweet,murarishetyeTOI,PjJoychen,33
196008,Tweet,murarishetyeTOI,murarishetyeTOI,1
195991,Tweet,murarishetyeTOI,murarishetyeTOI,1
196009,Tweet,murarishetyeTOI,murarishetyeTOI,1
196002,Tweet,murarishetyeTOI,murarishetyeTOI,1
195928,Tweet,murarishetyeTOI,vijaysinghTOI,5
195943,Tweet,murarishetyeTOI,murarishetyeTOI,1
195988,Tweet,murarishetyeTOI,murarishetyeTOI,1
195985,Tweet,murarishetyeTOI,murarishetyeTOI,1
195995,Tweet,murarishetyeTOI,murarishetyeTOI,1
195934,Tweet,murarishetyeTOI,vijaysinghTOI,74
195964,Tweet,murarishetyeTOI,murarishetyeTOI,1
12633,Article,MaggieAstor,ESCochrane,22
12607,Article,MaggieAstor,SherylNYT,38
12655,Article,MaggieAstor,sarahlyall,297
12666,Article,MaggieAstor,FrankBruni,43
12648,Article,MaggieAstor,ESCochrane,17
12630,Article,MaggieAstor,hillhulse,48
12676,Article,MaggieAstor,llerer,48
12651,Article,MaggieAstor,npfandos,78
12683,Article,MaggieAstor,ESCochrane,38
12684,Article,MaggieAstor,llerer,30
12605,Article,MaggieAstor,kbennhold,47
12689,Article,MaggieAstor,Bencjacobs,16
12677,Article,MaggieAstor,ESCochrane,15
12642,Article,MaggieAstor,ditzkoff,8
12622,Article,MaggieAstor,ESCochrane,25
12743,Tweet,MaggieAstor,JessicaValenti,11
12799,Tweet,MaggieAstor,LFFriedman,61
12729,Tweet,MaggieAstor,LFFriedman,31
12797,Tweet,MaggieAstor,JessicaValenti,13
12785,Tweet,MaggieAstor,ggreenwald,18
12763,Tweet,MaggieAstor,nytdavidbrooks,152
12792,Tweet,MaggieAstor,ggreenwald,7
12732,Tweet,MaggieAstor,vvfriedman,135
12770,Tweet,MaggieAstor,sarahditum,100
12761,Tweet,MaggieAstor,sangerkatz,6
12741,Tweet,MaggieAstor,RaphaelMinder,149
12738,Tweet,MaggieAstor,jimwaterson,178
12758,Tweet,MaggieAstor,ggreenwald,24
12755,Tweet,MaggieAstor,nicklezard,277
12787,Tweet,MaggieAstor,RBReich,23
198755,Article,omjasvinTOI,GRajivTOI,3
198844,Article,omjasvinTOI,anandbodhTOI,15
198911,Article,omjasvinTOI,Crime_Selvaraj,32
198708,Article,omjasvinTOI,KomalGautham,2
198746,Article,omjasvinTOI,omjasvinTOI,1
198796,Article,omjasvinTOI,dkarthikTOI,11
198722,Article,omjasvinTOI,naomi2009,20
198758,Article,omjasvinTOI,KomalGautham,4
198731,Article,omjasvinTOI,Crime_Selvaraj,9
198847,Article,omjasvinTOI,AmritadTOI,5
198748,Article,omjasvinTOI,SindhukTOI,2
198894,Article,omjasvinTOI,SagrikaKissu,14
198837,Article,omjasvinTOI,Crime_Selvaraj,8
198821,Article,omjasvinTOI,KomalGautham,2
198705,Article,omjasvinTOI,KomalGautham,8
199022,Tweet,omjasvinTOI,Crime_Selvaraj,9
199031,Tweet,omjasvinTOI,tomfriedman,116
198983,Tweet,omjasvinTOI,GlennThrush,137
198971,Tweet,omjasvinTOI,meeravohraTOI,266
198959,Tweet,omjasvinTOI,livia_ar,456
198968,Tweet,omjasvinTOI,dubeyavishek,23
198949,Tweet,omjasvinTOI,omjasvinTOI,1
199036,Tweet,omjasvinTOI,AshokPradhanTOI,426
199018,Tweet,omjasvinTOI,utejonmayamTOI,3
198950,Tweet,omjasvinTOI,ChaitanyadTOI,4
198976,Tweet,omjasvinTOI,nnougayrede,2
199007,Tweet,omjasvinTOI,SribaalaVTOI,8
199006,Tweet,omjasvinTOI,mariellaf1,6
198972,Tweet,omjasvinTOI,TOISH31,170
198954,Tweet,omjasvinTOI,stevenpoole,16
6670,Article,DSlotnik,kbennhold,33
6650,Article,DSlotnik,DSlotnik,1
6682,Article,DSlotnik,RBReich,7
6615,Article,DSlotnik,lauriegnyt,29
6669,Article,DSlotnik,RichSandomir,57
6629,Article,DSlotnik,laurenlaverne,35
6638,Article,DSlotnik,DerekMalcolm123,8
6675,Article,DSlotnik,ASoloski,27
6684,Article,DSlotnik,DerekMalcolm123,52
6648,Article,DSlotnik,laurenlaverne,81
6636,Article,DSlotnik,anemonanyc,230
6605,Article,DSlotnik,rajendrasTOI,188
6656,Article,DSlotnik,nicholaswatt,6
6660,Article,DSlotnik,kbennhold,66
6661,Article,DSlotnik,jeannasmialek,39
6705,Tweet,DSlotnik,apoorva_nyc,14
6732,Tweet,DSlotnik,apoorva_nyc,31
6744,Tweet,DSlotnik,damiencave,260
6702,Tweet,DSlotnik,apoorva_nyc,3
6701,Tweet,DSlotnik,SocialQPhilip,101
6726,Tweet,DSlotnik,ESCochrane,70
6775,Tweet,DSlotnik,aleksk,273
6735,Tweet,DSlotnik,el_belson,113
6784,Tweet,DSlotnik,yeshikabudhwar,71
6714,Tweet,DSlotnik,reidepstein,36
6762,Tweet,DSlotnik,NYTimesCohen,26
6706,Tweet,DSlotnik,apoorva_nyc,43
6786,Tweet,DSlotnik,SharonLNYT,27
6769,Tweet,DSlotnik,tripgabriel,15
6751,Tweet,DSlotnik,JessicaValenti,303
10453,Article,julianbarnes,julianbarnes,1
10438,Article,julianbarnes,gilestremlett,9
10467,Article,julianbarnes,charlie_savage,36
10403,Article,julianbarnes,hugolowell,5
10470,Article,julianbarnes,gilestremlett,44
10406,Article,julianbarnes,julianbarnes,1
10405,Article,julianbarnes,ewong,4
10489,Article,julianbarnes,ericschmittnyt,5
10476,Article,julianbarnes,npfandos,3
10428,Article,julianbarnes,ewong,7
10484,Article,julianbarnes,npfandos,14
10427,Article,julianbarnes,AnaSwanson,5
10424,Article,julianbarnes,ericschmittnyt,2
10419,Article,julianbarnes,ChuBailiang,2
10451,Article,julianbarnes,SribaalaVTOI,9
10529,Tweet,julianbarnes,declanwalsh,5
10523,Tweet,julianbarnes,toi_dhananjayM,8
10581,Tweet,julianbarnes,ewong,6
10594,Tweet,julianbarnes,benkenigsberg,171
10589,Tweet,julianbarnes,npfandos,3
10590,Tweet,julianbarnes,Arun_Ram,35
10527,Tweet,julianbarnes,julianbarnes,1
10595,Tweet,julianbarnes,ESCochrane,52
10571,Tweet,julianbarnes,charlie_savage,2
10528,Tweet,julianbarnes,alexanderburns,22
10503,Tweet,julianbarnes,RosySequeiraTOI,146
10592,Tweet,julianbarnes,nicklezard,76
10556,Tweet,julianbarnes,hugolowell,39
10566,Tweet,julianbarnes,gailcollins,220
10574,Tweet,julianbarnes,ajaysuraTOI,95
16257,Article,PatrickKingsley,antontroian,6
16261,Article,PatrickKingsley,HackneyAbbott,104
16242,Article,PatrickKingsley,ameliagentleman,64
16258,Article,PatrickKingsley,IKershner,2
16269,Article,PatrickKingsley,ESCochrane,13
16233,Article,PatrickKingsley,PatrickKingsley,1
16273,Article,PatrickKingsley,IKershner,2
16232,Article,PatrickKingsley,RorySmith,21
16235,Article,PatrickKingsley,RaphaelMinder,19
16210,Article,PatrickKingsley,PatrickKingsley,1
16211,Article,PatrickKingsley,IKershner,2
16298,Article,PatrickKingsley,BhanupratapsTOI,9
16282,Article,PatrickKingsley,IKershner,3
16285,Article,PatrickKingsley,IKershner,2
16294,Article,PatrickKingsley,NikiKitsantonis,3
16311,Tweet,PatrickKingsley,GlennThrush,82
16317,Tweet,PatrickKingsley,CeylanWrites,13
16392,Tweet,PatrickKingsley,ericschmittnyt,68
16388,Tweet,PatrickKingsley,julianbarnes,60
16305,Tweet,PatrickKingsley,charlie_savage,16
16380,Tweet,PatrickKingsley,RBReich,41
16390,Tweet,PatrickKingsley,GiniaNYT,182
16340,Tweet,PatrickKingsley,GlennThrush,89
16379,Tweet,PatrickKingsley,llerer,20
16378,Tweet,PatrickKingsley,FabrizioRomano,72
16376,Tweet,PatrickKingsley,kbennhold,11
16384,Tweet,PatrickKingsley,NYTimesCohen,6
16332,Tweet,PatrickKingsley,IKershner,3
16365,Tweet,PatrickKingsley,PatrickKingsley,1
16334,Tweet,PatrickKingsley,kbennhold,16
26289,Article,margaretrenkl,DouthatNYT,48
26226,Article,margaretrenkl,kbennhold,104
26267,Article,margaretrenkl,margaretrenkl,1
26275,Article,margaretrenkl,margaretrenkl,1
26208,Article,margaretrenkl,NYTimesCohen,2
26235,Article,margaretrenkl,samsifton,8
26229,Article,margaretrenkl,RebeccaSeal,12
26239,Article,margaretrenkl,paulkrugman,32
26265,Article,margaretrenkl,smbahr14,3
26231,Article,margaretrenkl,FrankBruni,8
26281,Article,margaretrenkl,NYTimesCohen,7
26256,Article,margaretrenkl,williamkeegan,8
26212,Article,margaretrenkl,pankajdoval,81
26261,Article,margaretrenkl,pete_wells,31
26296,Article,margaretrenkl,RorySmith,12
26320,Tweet,margaretrenkl,margaretrenkl,1
26378,Tweet,margaretrenkl,DerekMalcolm123,154
26384,Tweet,margaretrenkl,aleksk,189
26330,Tweet,margaretrenkl,pete_wells,35
26398,Tweet,margaretrenkl,margaretrenkl,1
26395,Tweet,margaretrenkl,melissaclark,37
26360,Tweet,margaretrenkl,ianrausten,35
26344,Tweet,margaretrenkl,andybrassell,386
26387,Tweet,margaretrenkl,tomfriedman,25
26355,Tweet,margaretrenkl,andybrassell,272
26324,Tweet,margaretrenkl,cdcaron,132
26399,Tweet,margaretrenkl,parthasinha,312
26386,Tweet,margaretrenkl,wesley_morris,13
26369,Tweet,margaretrenkl,SearleAdrian,8
26317,Tweet,margaretrenkl,GiniaNYT,2
172227,Article,AmritadTOI,SidharthB25,2
172199,Article,AmritadTOI,durgeshjhaTOI,37
172110,Article,AmritadTOI,DerekMalcolm123,191
172311,Article,AmritadTOI,AmritadTOI,1
172224,Article,AmritadTOI,AmritadTOI,1
172273,Article,AmritadTOI,ChaitanyadTOI,25
172148,Article,AmritadTOI,AmritadTOI,1
172202,Article,AmritadTOI,SindhukTOI,2
172238,Article,AmritadTOI,AmritadTOI,1
172183,Article,AmritadTOI,AmritadTOI,1
172170,Article,AmritadTOI,AmritadTOI,1
172279,Article,AmritadTOI,GRajivTOI,2
172256,Article,AmritadTOI,ThevarSteffy,37
172214,Article,AmritadTOI,hannahdev,14
172218,Article,AmritadTOI,DekaJayanta,84
172401,Tweet,AmritadTOI,AmritadTOI,1
172338,Tweet,AmritadTOI,journo_vibha,230
172421,Tweet,AmritadTOI,SumitraDebRoy,22
172390,Tweet,AmritadTOI,AmritadTOI,1
172342,Tweet,AmritadTOI,sangerkatz,107
172409,Tweet,AmritadTOI,PatrickKingsley,4
172399,Tweet,AmritadTOI,AlokKNMishra,2
172329,Tweet,AmritadTOI,nnougayrede,392
172356,Tweet,AmritadTOI,SribaalaVTOI,7
172362,Tweet,AmritadTOI,meeravohraTOI,123
172367,Tweet,AmritadTOI,meeravohraTOI,3
172410,Tweet,AmritadTOI,AmritadTOI,1
172424,Tweet,AmritadTOI,ChaitanyadTOI,29
172384,Tweet,AmritadTOI,AmritadTOI,1
172379,Tweet,AmritadTOI,AmritadTOI,1
188260,Article,juliemTOI,rajendrasTOI,2
188326,Article,juliemTOI,anandbodhTOI,3
188323,Article,juliemTOI,juliemTOI,1
188270,Article,juliemTOI,rajendrasTOI,4
188250,Article,juliemTOI,SindhukTOI,39
188467,Article,juliemTOI,juliemTOI,1
188334,Article,juliemTOI,NikiKitsantonis,4
188429,Article,juliemTOI,rajendrasTOI,2
188321,Article,juliemTOI,SribaalaVTOI,4
188318,Article,juliemTOI,naomi2009,9
188288,Article,juliemTOI,akhileshsTOI,8
188373,Article,juliemTOI,Crime_Selvaraj,29
188439,Article,juliemTOI,durgeshjhaTOI,6
188258,Article,juliemTOI,juliemTOI,1
188240,Article,juliemTOI,SribaalaVTOI,4
188564,Tweet,juliemTOI,vanbadham,332
188536,Tweet,juliemTOI,PjJoychen,2
188570,Tweet,juliemTOI,AshokPradhanTOI,15
188559,Tweet,juliemTOI,AnushkaAsthana,27
188486,Tweet,juliemTOI,polblonde,53
188542,Tweet,juliemTOI,naomi2009,36
188515,Tweet,juliemTOI,AshokPradhanTOI,44
188540,Tweet,juliemTOI,farnazfassihi,3
188557,Tweet,juliemTOI,RosySequeiraTOI,18
188572,Tweet,juliemTOI,polblonde,80
188484,Tweet,juliemTOI,HemantaTOI,11
188521,Tweet,juliemTOI,sisario,148
188537,Tweet,juliemTOI,MujMash,23
188562,Tweet,juliemTOI,polblonde,120
188504,Tweet,juliemTOI,billicritic,41
173992,Article,AraniBasuTOI,naomi2009,52
173817,Article,AraniBasuTOI,manujaveerappa,4
173970,Article,AraniBasuTOI,vivek9301,4
173895,Article,AraniBasuTOI,007pandey,53
173991,Article,AraniBasuTOI,aniljdias,8
173782,Article,AraniBasuTOI,Pratiks_TOI,5
173871,Article,AraniBasuTOI,aniljdias,4
173918,Article,AraniBasuTOI,saumyajitbTOI,42
173888,Article,AraniBasuTOI,saumyajitbTOI,6
173977,Article,AraniBasuTOI,vivek9301,3
173923,Article,AraniBasuTOI,saumyajitbTOI,4
173922,Article,AraniBasuTOI,vivek9301,2
173783,Article,AraniBasuTOI,AraniBasuTOI,1
173955,Article,AraniBasuTOI,vivek9301,4
173983,Article,AraniBasuTOI,AraniBasuTOI,1
174059,Tweet,AraniBasuTOI,parul_sehgal,37
174037,Tweet,AraniBasuTOI,fmanjoo,66
174022,Tweet,AraniBasuTOI,tomfriedman,12
174075,Tweet,AraniBasuTOI,vijaypTOI,11
174051,Tweet,AraniBasuTOI,sudeshnagTOI,10
174053,Tweet,AraniBasuTOI,Shreyanka_M,103
174107,Tweet,AraniBasuTOI,andrewrawnsley,48
174087,Tweet,AraniBasuTOI,vvfriedman,37
174089,Tweet,AraniBasuTOI,AraniBasuTOI,1
174043,Tweet,AraniBasuTOI,andybrassell,12
174021,Tweet,AraniBasuTOI,andrewrawnsley,5
174096,Tweet,AraniBasuTOI,toi_shailendraA,18
174050,Tweet,AraniBasuTOI,MarcusMergulhao,9
174024,Tweet,AraniBasuTOI,allegramcevedy,18
174103,Tweet,AraniBasuTOI,Shrivathsan1437,16
191263,Article,maheshbTOI,SidharthB25,25
191458,Article,maheshbTOI,mateenHTOI,3
191456,Article,maheshbTOI,Crime_Selvaraj,11
191383,Article,maheshbTOI,SidharthB25,6
191332,Article,maheshbTOI,mateenHTOI,6
191418,Article,maheshbTOI,PNaveenTOI,5
191459,Article,maheshbTOI,SidharthB25,2
191231,Article,maheshbTOI,SagrikaKissu,13
191394,Article,maheshbTOI,dubeyavishek,8
191389,Article,maheshbTOI,vijayVsinghTOI,3
191403,Article,maheshbTOI,SidharthB25,7
191446,Article,maheshbTOI,vijayVsinghTOI,20
191297,Article,maheshbTOI,SidharthB25,33
191298,Article,maheshbTOI,Crime_Selvaraj,5
191237,Article,maheshbTOI,Crime_Selvaraj,13
191537,Tweet,maheshbTOI,jatinder_tur,20
191500,Tweet,maheshbTOI,priyagupta999,4
191518,Tweet,maheshbTOI,RosySequeiraTOI,143
191548,Tweet,maheshbTOI,AndrewSparrow,31
191514,Tweet,maheshbTOI,SindhukTOI,2
191545,Tweet,maheshbTOI,AnujaJaiswalTOI,6
191467,Tweet,maheshbTOI,NickAtNews,250
191474,Tweet,maheshbTOI,SindhukTOI,3
191560,Tweet,maheshbTOI,hannahdev,288
191524,Tweet,maheshbTOI,AmritadTOI,4
191563,Tweet,maheshbTOI,lenoretaylor,36
191533,Tweet,maheshbTOI,KapildaveTOI,62
191477,Tweet,maheshbTOI,PatrickKingsley,2
191486,Tweet,maheshbTOI,SindhukTOI,2
191507,Tweet,maheshbTOI,SindhukTOI,19
178747,Article,ChaitanyadTOI,amitanandTOI,234
178664,Article,ChaitanyadTOI,durgeshjhaTOI,57
178851,Article,ChaitanyadTOI,ChaitanyadTOI,1
178842,Article,ChaitanyadTOI,ChaitanyadTOI,1
178782,Article,ChaitanyadTOI,NishikantkTOI,108
178767,Article,ChaitanyadTOI,SindhukTOI,4
178648,Article,ChaitanyadTOI,SyedAkbarTOI,8
178674,Article,ChaitanyadTOI,digbijaymishra1,105
178871,Article,ChaitanyadTOI,parul_sehgal,16
178742,Article,ChaitanyadTOI,mateenHTOI,48
178644,Article,ChaitanyadTOI,priyagupta999,6
178733,Article,ChaitanyadTOI,RoniNYTimes,46
178653,Article,ChaitanyadTOI,AnujaJaiswalTOI,35
178779,Article,ChaitanyadTOI,SumitraDebRoy,4
178864,Article,ChaitanyadTOI,SyedAkbarTOI,37
178952,Tweet,ChaitanyadTOI,ChaitanyadTOI,1
178884,Tweet,ChaitanyadTOI,sermoninstone,2
178944,Tweet,ChaitanyadTOI,ChaitanyadTOI,1
178898,Tweet,ChaitanyadTOI,ChaitanyadTOI,1
178890,Tweet,ChaitanyadTOI,IKershner,69
178923,Tweet,ChaitanyadTOI,PrashantrTOI,12
178879,Tweet,ChaitanyadTOI,desaisantosh,18
178886,Tweet,ChaitanyadTOI,Gauraw2297,9
178971,Tweet,ChaitanyadTOI,Gauraw2297,6
178957,Tweet,ChaitanyadTOI,ChaitanyadTOI,1
178928,Tweet,ChaitanyadTOI,nnougayrede,237
178891,Tweet,ChaitanyadTOI,vvfriedman,319
178918,Tweet,ChaitanyadTOI,vvfriedman,389
178889,Tweet,ChaitanyadTOI,ChaitanyadTOI,1
178963,Tweet,ChaitanyadTOI,vijaysinghTOI,169
191635,Article,ManjuVTOI,AmritadTOI,208
191634,Article,ManjuVTOI,AshokPradhanTOI,19
191716,Article,ManjuVTOI,007pandey,5
191750,Article,ManjuVTOI,aseemsgujar,41
191677,Article,ManjuVTOI,andrewrsorkin,42
191638,Article,ManjuVTOI,andybrassell,216
191764,Article,ManjuVTOI,ManjuVTOI,1
191573,Article,ManjuVTOI,parthasinha,3
191591,Article,ManjuVTOI,parthasinha,6
191799,Article,ManjuVTOI,ManjuVTOI,1
191697,Article,ManjuVTOI,AshokPradhanTOI,11
191583,Article,ManjuVTOI,aseemsgujar,12
191631,Article,ManjuVTOI,yeshikabudhwar,45
191805,Article,ManjuVTOI,NilsPratley,14
191770,Article,ManjuVTOI,ManjuVTOI,1
191842,Tweet,ManjuVTOI,pete_wells,24
191888,Tweet,ManjuVTOI,mateenHTOI,54
191872,Tweet,ManjuVTOI,AlokKNMishra,58
191891,Tweet,ManjuVTOI,sudhanshub16,59
191901,Tweet,ManjuVTOI,yeshikabudhwar,69
191832,Tweet,ManjuVTOI,divyapal2013,23
191907,Tweet,ManjuVTOI,naomi2009,42
191881,Tweet,ManjuVTOI,PNaveenTOI,32
191913,Tweet,ManjuVTOI,carlzimmer,198
191875,Tweet,ManjuVTOI,KapildaveTOI,16
191846,Tweet,ManjuVTOI,nauzerbTOI,6
191910,Tweet,ManjuVTOI,SyedAkbarTOI,7
191879,Tweet,ManjuVTOI,naomi2009,3
191852,Tweet,ManjuVTOI,advityabahlTOI,70
191870,Tweet,ManjuVTOI,ianrausten,177
24493,Article,tomfriedman,hillhulse,39
24450,Article,tomfriedman,AnaSwanson,10
24406,Article,tomfriedman,RaphaelMinder,15
24414,Article,tomfriedman,pete_wells,4
24417,Article,tomfriedman,jwpetersNYT,7
24411,Article,tomfriedman,IKershner,13
24419,Article,tomfriedman,pete_wells,13
24481,Article,tomfriedman,michelleinbklyn,7
24449,Article,tomfriedman,bykaren,7
24471,Article,tomfriedman,paulkrugman,26
24441,Article,tomfriedman,paulkrugman,16
24459,Article,tomfriedman,NilsPratley,94
24401,Article,tomfriedman,ajaysuraTOI,50
24430,Article,tomfriedman,oliverburkeman,42
24452,Article,tomfriedman,dwightgarner,14
24568,Tweet,tomfriedman,kbennhold,4
24553,Tweet,tomfriedman,mateenHTOI,7
24525,Tweet,tomfriedman,nytDeniseGrady,12
24566,Tweet,tomfriedman,parthasinha,2
24571,Tweet,tomfriedman,pradeeptTOI,88
24501,Tweet,tomfriedman,IKershner,14
24546,Tweet,tomfriedman,DouthatNYT,8
24550,Tweet,tomfriedman,jwpetersNYT,10
24563,Tweet,tomfriedman,gailcollins,34
24564,Tweet,tomfriedman,jwpetersNYT,78
24502,Tweet,tomfriedman,DouthatNYT,13
24559,Tweet,tomfriedman,ByMattStevens,317
24578,Tweet,tomfriedman,ShaneGoldmacher,198
24580,Tweet,tomfriedman,IKershner,262
24520,Tweet,tomfriedman,EmilyAnthes,27
29259,Article,FrancesRobles,mlevenson,49
29291,Article,FrancesRobles,philipoltermann,91
29230,Article,FrancesRobles,NYTimesCohen,32
29226,Article,FrancesRobles,archiebland,354
29209,Article,FrancesRobles,Bencjacobs,7
29216,Article,FrancesRobles,tariqpanja,23
29288,Article,FrancesRobles,LizAldermanNYT,94
29251,Article,FrancesRobles,jeannasmialek,40
29236,Article,FrancesRobles,patrickwintour,155
29228,Article,FrancesRobles,NickAtNews,42
29219,Article,FrancesRobles,RBReich,15
29264,Article,FrancesRobles,ewong,16
29270,Article,FrancesRobles,RaphaelMinder,40
29273,Article,FrancesRobles,julianbarnes,42
29274,Article,FrancesRobles,nicholaswatt,107
29338,Tweet,FrancesRobles,williamkeegan,276
29302,Tweet,FrancesRobles,polblonde,15
29355,Tweet,FrancesRobles,ArthurNeslen,148
29310,Tweet,FrancesRobles,gailcollins,24
29377,Tweet,FrancesRobles,parthasinha,289
29367,Tweet,FrancesRobles,petleepeter,253
29351,Tweet,FrancesRobles,DanielKingChess,128
29328,Tweet,FrancesRobles,ajaysuraTOI,11
29383,Tweet,FrancesRobles,karenzraick,176
29301,Tweet,FrancesRobles,ElisabethMalkin,23
29357,Tweet,FrancesRobles,gailcollins,15
29386,Tweet,FrancesRobles,karenzraick,13
29316,Tweet,FrancesRobles,jorifinkel,204
29391,Tweet,FrancesRobles,FrancesRobles,1
29359,Tweet,FrancesRobles,archiebland,44
16018,Article,PatriciaMazzei,SherylNYT,3
16005,Article,PatriciaMazzei,hillhulse,2
16069,Article,PatriciaMazzei,NYTBen,41
16014,Article,PatriciaMazzei,NikiKitsantonis,63
16017,Article,PatriciaMazzei,mtomasky,280
16071,Article,PatriciaMazzei,mikeives,59
16093,Article,PatriciaMazzei,RBReich,30
16010,Article,PatriciaMazzei,sangerkatz,12
16059,Article,PatriciaMazzei,KapildaveTOI,16
16084,Article,PatriciaMazzei,ESCochrane,6
16091,Article,PatriciaMazzei,RorySmith,126
16023,Article,PatriciaMazzei,williamkeegan,138
16008,Article,PatriciaMazzei,jillfilipovic,67
16087,Article,PatriciaMazzei,RBReich,36
16032,Article,PatriciaMazzei,NikiKitsantonis,2
16123,Tweet,PatriciaMazzei,joecoscarelli,131
16148,Tweet,PatriciaMazzei,LFFriedman,16
16177,Tweet,PatriciaMazzei,liamstack,25
16115,Tweet,PatriciaMazzei,hillhulse,9
16169,Tweet,PatriciaMazzei,adamliptak,24
16140,Tweet,PatriciaMazzei,hugolowell,46
16122,Tweet,PatriciaMazzei,jmart,28
16175,Tweet,PatriciaMazzei,RBReich,5
16155,Tweet,PatriciaMazzei,anemonanyc,40
16104,Tweet,PatriciaMazzei,npfandos,30
16144,Tweet,PatriciaMazzei,NYTimesCohen,73
16114,Tweet,PatriciaMazzei,tripgabriel,28
16131,Tweet,PatriciaMazzei,LFFriedman,13
16130,Tweet,PatriciaMazzei,dionnesearcey,35
16105,Tweet,PatriciaMazzei,ShaneGoldmacher,22
182459,Article,dklavaniaTOI,stevenerlanger,147
182510,Article,dklavaniaTOI,rebeccaSTOI,30
182344,Article,dklavaniaTOI,KanwardeepsTOI,10
182466,Article,dklavaniaTOI,durgeshjhaTOI,103
182442,Article,dklavaniaTOI,petleepeter,5
182355,Article,dklavaniaTOI,ericschmittnyt,84
182527,Article,dklavaniaTOI,akhileshsTOI,23
182406,Article,dklavaniaTOI,NewtonSTOI,38
182346,Article,dklavaniaTOI,SribaalaVTOI,37
182518,Article,dklavaniaTOI,mateenHTOI,31
182329,Article,dklavaniaTOI,SagrikaKissu,18
182493,Article,dklavaniaTOI,ceciliakang,113
182390,Article,dklavaniaTOI,kush_junglee,3
182368,Article,dklavaniaTOI,KanwardeepsTOI,19
182365,Article,dklavaniaTOI,akhileshsTOI,9
182584,Tweet,dklavaniaTOI,journo_vibha,6
182569,Tweet,dklavaniaTOI,ShaneGoldmacher,55
182575,Tweet,dklavaniaTOI,npfandos,104
182589,Tweet,dklavaniaTOI,vaibhavgTOI,3
182646,Tweet,dklavaniaTOI,BenWeiserNYT,155
182617,Tweet,dklavaniaTOI,benkenigsberg,32
182609,Tweet,dklavaniaTOI,mswainwright,15
182656,Tweet,dklavaniaTOI,AmritadTOI,19
182641,Tweet,dklavaniaTOI,sangerkatz,132
182638,Tweet,dklavaniaTOI,sangerkatz,57
182637,Tweet,dklavaniaTOI,stevenerlanger,91
182598,Tweet,dklavaniaTOI,priyagupta999,12
182622,Tweet,dklavaniaTOI,RoniNYTimes,11
182578,Tweet,dklavaniaTOI,27saurabhsinha,2
182661,Tweet,dklavaniaTOI,PjJoychen,23
9090,Article,IKershner,IKershner,1
9023,Article,IKershner,IKershner,1
9082,Article,IKershner,PatrickKingsley,2
9056,Article,IKershner,IKershner,1
9066,Article,IKershner,IKershner,1
9043,Article,IKershner,IKershner,1
9021,Article,IKershner,IKershner,1
9096,Article,IKershner,IKershner,1
9010,Article,IKershner,IKershner,1
9058,Article,IKershner,IKershner,1
9012,Article,IKershner,IKershner,1
9047,Article,IKershner,IKershner,1
9053,Article,IKershner,patrickwintour,37
9024,Article,IKershner,IKershner,1
9007,Article,IKershner,IKershner,1
9168,Tweet,IKershner,IKershner,1
9110,Tweet,IKershner,vijaysinghTOI,66
9154,Tweet,IKershner,CarolineLucas,15
9192,Tweet,IKershner,IKershner,1
9103,Tweet,IKershner,HinaRohtaki,20
9193,Tweet,IKershner,ChaitanyadTOI,11
9119,Tweet,IKershner,IKershner,1
9137,Tweet,IKershner,IKershner,1
9108,Tweet,IKershner,IKershner,1
9113,Tweet,IKershner,RaphaelMinder,50
9149,Tweet,IKershner,IKershner,1
9159,Tweet,IKershner,IKershner,1
9140,Tweet,IKershner,richardwolffedc,228
9102,Tweet,IKershner,IKershner,1
9195,Tweet,IKershner,JoshuaRozenberg,13
20895,Article,EllenBarryNYT,EllenBarryNYT,1
20812,Article,EllenBarryNYT,VivianHo,178
20824,Article,EllenBarryNYT,NikiKitsantonis,141
20885,Article,EllenBarryNYT,farnazfassihi,77
20815,Article,EllenBarryNYT,EllenBarryNYT,1
20819,Article,EllenBarryNYT,NYTimesCohen,79
20866,Article,EllenBarryNYT,EllenBarryNYT,1
20882,Article,EllenBarryNYT,dwightgarner,96
20862,Article,EllenBarryNYT,IKershner,60
20801,Article,EllenBarryNYT,EllenBarryNYT,1
20873,Article,EllenBarryNYT,EllenBarryNYT,1
20837,Article,EllenBarryNYT,PatrickKingsley,15
20822,Article,EllenBarryNYT,pete_wells,289
20850,Article,EllenBarryNYT,EllenBarryNYT,1
20856,Article,EllenBarryNYT,EllenBarryNYT,1
20975,Tweet,EllenBarryNYT,LauraCummingArt,58
20970,Tweet,EllenBarryNYT,davidhepworth,451
20983,Tweet,EllenBarryNYT,RorySmith,137
20902,Tweet,EllenBarryNYT,andybrassell,94
20990,Tweet,EllenBarryNYT,GiniaNYT,353
20964,Tweet,EllenBarryNYT,parul_sehgal,96
20963,Tweet,EllenBarryNYT,gettinviggy,168
20952,Tweet,EllenBarryNYT,SocialQPhilip,282
20945,Tweet,EllenBarryNYT,samrob12,242
20948,Tweet,EllenBarryNYT,nauzerbTOI,123
20938,Tweet,EllenBarryNYT,ChaitanyadTOI,354
20961,Tweet,EllenBarryNYT,RBReich,247
20954,Tweet,EllenBarryNYT,DouthatNYT,87
20987,Tweet,EllenBarryNYT,tomfriedman,173
20921,Tweet,EllenBarryNYT,greenslader,346
8008,Article,gettinviggy,pete_wells,80
8048,Article,gettinviggy,jennydeluxe,224
8029,Article,gettinviggy,jameskanter,50
8051,Article,gettinviggy,NickAtNews,17
8073,Article,gettinviggy,tripgabriel,13
8042,Article,gettinviggy,LFFriedman,61
8012,Article,gettinviggy,jeannasmialek,90
8050,Article,gettinviggy,JessicaValenti,32
8015,Article,gettinviggy,jimtankersley,19
8018,Article,gettinviggy,hillhulse,12
8026,Article,gettinviggy,NewtonSTOI,214
8035,Article,gettinviggy,jennydeluxe,51
8010,Article,gettinviggy,ESCochrane,9
8005,Article,gettinviggy,reidepstein,20
8094,Article,gettinviggy,bydanielvictor,24
8102,Tweet,gettinviggy,hillhulse,16
8101,Tweet,gettinviggy,noamscheiber,29
8125,Tweet,gettinviggy,SharonLNYT,16
8160,Tweet,gettinviggy,AnujaJaiswalTOI,211
8170,Tweet,gettinviggy,nytdavidbrooks,108
8177,Tweet,gettinviggy,npfandos,20
8117,Tweet,gettinviggy,alexanderburns,41
8147,Tweet,gettinviggy,samrob12,24
8123,Tweet,gettinviggy,cdcaron,6
8167,Tweet,gettinviggy,genznyt,277
8157,Tweet,gettinviggy,marcatracy,46
8154,Tweet,gettinviggy,llerer,12
8189,Tweet,gettinviggy,reidepstein,8
8179,Tweet,gettinviggy,ESCochrane,13
8115,Tweet,gettinviggy,NickAtNews,13
13400,Article,meddynyt,IKershner,10
13461,Article,meddynyt,meddynyt,1
13446,Article,meddynyt,gailcollins,23
13421,Article,meddynyt,meddynyt,1
13484,Article,meddynyt,philipoltermann,133
13478,Article,meddynyt,jeannasmialek,119
13419,Article,meddynyt,vijayVsinghTOI,38
13479,Article,meddynyt,Bencjacobs,27
13454,Article,meddynyt,SherylNYT,62
13440,Article,meddynyt,PatrickKingsley,3
13465,Article,meddynyt,Lattif,108
13463,Article,meddynyt,hillhulse,15
13474,Article,meddynyt,jameskanter,24
13472,Article,meddynyt,AnaSwanson,6
13476,Article,meddynyt,williamkeegan,21
13516,Tweet,meddynyt,kbennhold,6
13509,Tweet,meddynyt,saumyajitbTOI,71
13512,Tweet,meddynyt,Lattif,51
13537,Tweet,meddynyt,damiencave,95
13549,Tweet,meddynyt,jillfilipovic,86
13561,Tweet,meddynyt,ericschmittnyt,140
13517,Tweet,meddynyt,desaisantosh,148
13577,Tweet,meddynyt,mikeives,3
13503,Tweet,meddynyt,TOISH31,49
13557,Tweet,meddynyt,kbennhold,12
13521,Tweet,meddynyt,mtomasky,48
13576,Tweet,meddynyt,RBReich,51
13522,Tweet,meddynyt,jonpareles,402
13591,Tweet,meddynyt,GlennThrush,148
13501,Tweet,meddynyt,kbennhold,8
208610,Article,sandhyanairTOI,naomi2009,5
208508,Article,sandhyanairTOI,maheshbTOI,3
208659,Article,sandhyanairTOI,sandhyanairTOI,1
208453,Article,sandhyanairTOI,SidharthB25,7
208550,Article,sandhyanairTOI,AtulMathur_,16
208533,Article,sandhyanairTOI,AmritadTOI,3
208476,Article,sandhyanairTOI,NewtonSTOI,4
208584,Article,sandhyanairTOI,SumitraDebRoy,16
208437,Article,sandhyanairTOI,sandhyanairTOI,1
208468,Article,sandhyanairTOI,PamBelluck,10
208433,Article,sandhyanairTOI,KapildaveTOI,21
208457,Article,sandhyanairTOI,vijayVsinghTOI,6
208574,Article,sandhyanairTOI,stevenpoole,49
208573,Article,sandhyanairTOI,SidharthB25,3
208557,Article,sandhyanairTOI,RosySequeiraTOI,15
208746,Tweet,sandhyanairTOI,mateenHTOI,2
208719,Tweet,sandhyanairTOI,PrashantrTOI,4
208733,Tweet,sandhyanairTOI,MujMash,9
208748,Tweet,sandhyanairTOI,parthasinha,22
208774,Tweet,sandhyanairTOI,ianrausten,107
208725,Tweet,sandhyanairTOI,ArthurNeslen,7
208752,Tweet,sandhyanairTOI,ramendrasTOI,13
208771,Tweet,sandhyanairTOI,PrashantrTOI,16
208728,Tweet,sandhyanairTOI,vijaysinghTOI,38
208757,Tweet,sandhyanairTOI,genznyt,4
208739,Tweet,sandhyanairTOI,PNaveenTOI,20
208761,Tweet,sandhyanairTOI,polblonde,188
208755,Tweet,sandhyanairTOI,DerekMalcolm123,21
208693,Tweet,sandhyanairTOI,vijaysinghTOI,23
208696,Tweet,sandhyanairTOI,ChaitanyadTOI,11
27688,Article,karenzraick,RichardFausset,55
27682,Article,karenzraick,afuahirsch,343
27642,Article,karenzraick,stevenerlanger,130
27609,Article,karenzraick,_nicolaclark,147
27634,Article,karenzraick,pete_wells,244
27697,Article,karenzraick,RoniNYTimes,213
27699,Article,karenzraick,hillhulse,83
27606,Article,karenzraick,RachelDonadio,339
27652,Article,karenzraick,RBReich,119
27602,Article,karenzraick,Crime_Selvaraj,196
27615,Article,karenzraick,jennydeluxe,134
27655,Article,karenzraick,ESCochrane,95
27695,Article,karenzraick,bydanielvictor,53
27626,Article,karenzraick,ewong,340
27630,Article,karenzraick,bencasselman,138
27747,Tweet,karenzraick,aniljdias,176
27739,Tweet,karenzraick,MoharBasu,456
27728,Tweet,karenzraick,aseemsgujar,169
27782,Tweet,karenzraick,elizabday,217
27798,Tweet,karenzraick,ggreenwald,49
27733,Tweet,karenzraick,RosySequeiraTOI,147
27763,Tweet,karenzraick,desaisantosh,71
27736,Tweet,karenzraick,annanorthtweets,69
27784,Tweet,karenzraick,jennydeluxe,24
27776,Tweet,karenzraick,jorifinkel,52
27771,Tweet,karenzraick,samrob12,29
27779,Tweet,karenzraick,RaphaelMinder,267
27722,Tweet,karenzraick,jennydeluxe,16
27797,Tweet,karenzraick,BenWeiserNYT,158
27789,Tweet,karenzraick,gmorgenson,177
19011,Article,SherylNYT,hugolowell,92
19026,Article,SherylNYT,ESCochrane,10
19010,Article,SherylNYT,IKershner,150
19051,Article,SherylNYT,Bencjacobs,55
19074,Article,SherylNYT,sangerkatz,28
19079,Article,SherylNYT,hillhulse,12
19048,Article,SherylNYT,ESCochrane,27
19044,Article,SherylNYT,ESCochrane,5
19007,Article,SherylNYT,RBReich,47
19022,Article,SherylNYT,ESCochrane,18
19031,Article,SherylNYT,michaelcrowley,4
19080,Article,SherylNYT,lukebroadwater,54
19000,Article,SherylNYT,FrankBruni,56
19069,Article,SherylNYT,ESCochrane,3
19014,Article,SherylNYT,ESCochrane,6
19155,Tweet,SherylNYT,dwightgarner,126
19113,Tweet,SherylNYT,SherylNYT,1
19100,Tweet,SherylNYT,marywalshjourno,25
19153,Tweet,SherylNYT,hillhulse,3
19103,Tweet,SherylNYT,sangerkatz,40
19188,Tweet,SherylNYT,ESCochrane,20
19130,Tweet,SherylNYT,AshokPradhanTOI,83
19104,Tweet,SherylNYT,ThevarSteffy,15
19141,Tweet,SherylNYT,ShaneGoldmacher,11
19137,Tweet,SherylNYT,DSlotnik,4
19127,Tweet,SherylNYT,damiencave,68
19181,Tweet,SherylNYT,LeoHickman,98
19176,Tweet,SherylNYT,rachlharris,150
19122,Tweet,SherylNYT,NYTimesCohen,29
19158,Tweet,SherylNYT,nytDeniseGrady,30
217968,Article,toi_shailendraA,toi_shailendraA,1
217761,Article,toi_shailendraA,pradeeptTOI,22
217909,Article,toi_shailendraA,aniljdias,9
217916,Article,toi_shailendraA,toi_shailendraA,1
217888,Article,toi_shailendraA,SiwachSukhbir,17
217818,Article,toi_shailendraA,damiencave,34
217813,Article,toi_shailendraA,martcrossy,2
217986,Article,toi_shailendraA,julianbarnes,11
217942,Article,toi_shailendraA,adwaidh,26
217914,Article,toi_shailendraA,alexvtunzelmann,46
217784,Article,toi_shailendraA,toi_shailendraA,1
217911,Article,toi_shailendraA,vivek9301,5
217845,Article,toi_shailendraA,tomfriedman,22
217928,Article,toi_shailendraA,toi_shailendraA,1
217997,Article,toi_shailendraA,toi_shailendraA,1
218035,Tweet,toi_shailendraA,ChaitanyadTOI,158
218060,Tweet,toi_shailendraA,LFFriedman,334
218042,Tweet,toi_shailendraA,vijayVsinghTOI,171
218090,Tweet,toi_shailendraA,NilsPratley,7
218067,Tweet,toi_shailendraA,MujMash,145
218025,Tweet,toi_shailendraA,billmpennington,56
218028,Tweet,toi_shailendraA,toi_shailendraA,1
218013,Tweet,toi_shailendraA,RorySmith,17
218043,Tweet,toi_shailendraA,toi_shailendraA,1
218048,Tweet,toi_shailendraA,MohitaTOI,19
218047,Tweet,toi_shailendraA,HackneyAbbott,92
218100,Tweet,toi_shailendraA,LeoHickman,95
218045,Tweet,toi_shailendraA,saumyajitbTOI,3
218094,Tweet,toi_shailendraA,hugolowell,354
218097,Tweet,toi_shailendraA,EVincentelli,42
16851,Article,pete_wells,HackneyAbbott,353
16861,Article,pete_wells,pete_wells,1
16862,Article,pete_wells,pete_wells,1
16879,Article,pete_wells,pete_wells,1
16844,Article,pete_wells,pete_wells,1
16805,Article,pete_wells,pete_wells,1
16818,Article,pete_wells,pete_wells,1
16893,Article,pete_wells,john_hooper,8
16896,Article,pete_wells,DouthatNYT,8
16808,Article,pete_wells,pete_wells,1
16828,Article,pete_wells,pete_wells,1
16875,Article,pete_wells,pete_wells,1
16881,Article,pete_wells,pete_wells,1
16883,Article,pete_wells,pete_wells,1
16833,Article,pete_wells,pete_wells,1
16994,Tweet,pete_wells,bglendenning,75
16924,Tweet,pete_wells,melissaclark,2
16982,Tweet,pete_wells,RBReich,4
16910,Tweet,pete_wells,paulkrugman,2
16967,Tweet,pete_wells,pete_wells,1
16926,Tweet,pete_wells,VivianHo,418
16929,Tweet,pete_wells,pete_wells,1
16903,Tweet,pete_wells,melissaclark,3
16938,Tweet,pete_wells,LFFriedman,221
16916,Tweet,pete_wells,noamscheiber,16
16911,Tweet,pete_wells,GlennThrush,60
16966,Tweet,pete_wells,andrewrsorkin,7
16917,Tweet,pete_wells,MonaChalabi,34
16977,Tweet,pete_wells,vijaysinghTOI,226
16934,Tweet,pete_wells,RBReich,95
24241,Article,stevenerlanger,stevenerlanger,1
24211,Article,stevenerlanger,farnazfassihi,2
24225,Article,stevenerlanger,billicritic,135
24237,Article,stevenerlanger,NYTimesCohen,3
24238,Article,stevenerlanger,andrewrsorkin,29
24227,Article,stevenerlanger,stevenerlanger,1
24293,Article,stevenerlanger,jameskanter,2
24232,Article,stevenerlanger,AnushkaAsthana,41
24243,Article,stevenerlanger,ericschmittnyt,8
24224,Article,stevenerlanger,AnushkaAsthana,33
24287,Article,stevenerlanger,naomi2009,8
24249,Article,stevenerlanger,stevenerlanger,1
24221,Article,stevenerlanger,AshokPradhanTOI,18
24295,Article,stevenerlanger,kbennhold,2
24250,Article,stevenerlanger,stevenerlanger,1
24307,Tweet,stevenerlanger,bykaren,65
24302,Tweet,stevenerlanger,adamliptak,136
24370,Tweet,stevenerlanger,nytmike,18
24335,Tweet,stevenerlanger,mateenHTOI,83
24306,Tweet,stevenerlanger,lucywardsings,132
24327,Tweet,stevenerlanger,jorifinkel,18
24351,Tweet,stevenerlanger,polblonde,115
24318,Tweet,stevenerlanger,IKershner,90
24367,Tweet,stevenerlanger,stevenerlanger,1
24354,Tweet,stevenerlanger,NYTimesCohen,72
24394,Tweet,stevenerlanger,vvfriedman,64
24358,Tweet,stevenerlanger,tomfriedman,18
24341,Tweet,stevenerlanger,nytDeniseGrady,230
24350,Tweet,stevenerlanger,gmorgenson,211
24385,Tweet,stevenerlanger,farnazfassihi,8
177466,Article,BhanupratapsTOI,BhanupratapsTOI,1
177497,Article,BhanupratapsTOI,rajatpTOI,15
177511,Article,BhanupratapsTOI,KapildaveTOI,22
177394,Article,BhanupratapsTOI,KapildaveTOI,63
177431,Article,BhanupratapsTOI,palaknandiTOI,2
177494,Article,BhanupratapsTOI,AlokKNMishra,25
177321,Article,BhanupratapsTOI,yeshikabudhwar,49
177435,Article,BhanupratapsTOI,PjJoychen,31
177358,Article,BhanupratapsTOI,BhanupratapsTOI,1
177320,Article,BhanupratapsTOI,SribaalaVTOI,2
177287,Article,BhanupratapsTOI,rajendrasTOI,60
177369,Article,BhanupratapsTOI,BhanupratapsTOI,1
177387,Article,BhanupratapsTOI,vijayVsinghTOI,56
177503,Article,BhanupratapsTOI,yeshikabudhwar,10
177442,Article,BhanupratapsTOI,BhanupratapsTOI,1
177559,Tweet,BhanupratapsTOI,priyagupta999,31
177550,Tweet,BhanupratapsTOI,desaisantosh,249
177576,Tweet,BhanupratapsTOI,BhanupratapsTOI,1
177569,Tweet,BhanupratapsTOI,AlokKNMishra,9
177543,Tweet,BhanupratapsTOI,yeshikabudhwar,21
177530,Tweet,BhanupratapsTOI,palaknandiTOI,35
177581,Tweet,BhanupratapsTOI,vijayVsinghTOI,81
177568,Tweet,BhanupratapsTOI,jeannasmialek,16
177577,Tweet,BhanupratapsTOI,tushhaikhush,41
177542,Tweet,BhanupratapsTOI,jayamenon64,88
177578,Tweet,BhanupratapsTOI,BawaNaaved,46
177555,Tweet,BhanupratapsTOI,dipakdashTOI,27
177537,Tweet,BhanupratapsTOI,BhanupratapsTOI,1
177529,Tweet,BhanupratapsTOI,Gauraw2297,3
177574,Tweet,BhanupratapsTOI,akhileshsTOI,3
1655,Article,apoorva_nyc,llerer,30
1613,Article,apoorva_nyc,apoorva_nyc,1
1620,Article,apoorva_nyc,apoorva_nyc,1
1698,Article,apoorva_nyc,apoorva_nyc,1
1626,Article,apoorva_nyc,RBReich,4
1673,Article,apoorva_nyc,hannahdev,10
1687,Article,apoorva_nyc,DouthatNYT,9
1654,Article,apoorva_nyc,ESCochrane,68
1601,Article,apoorva_nyc,apoorva_nyc,1
1624,Article,apoorva_nyc,pete_wells,2
1615,Article,apoorva_nyc,apoorva_nyc,1
1672,Article,apoorva_nyc,RBReich,14
1649,Article,apoorva_nyc,apoorva_nyc,1
1684,Article,apoorva_nyc,apoorva_nyc,1
1612,Article,apoorva_nyc,apoorva_nyc,1
1712,Tweet,apoorva_nyc,andrewrsorkin,37
1771,Tweet,apoorva_nyc,apoorva_nyc,1
1711,Tweet,apoorva_nyc,apoorva_nyc,1
1782,Tweet,apoorva_nyc,hadleyfreeman,170
1789,Tweet,apoorva_nyc,PerriKlass,207
1770,Tweet,apoorva_nyc,apoorva_nyc,1
1781,Tweet,apoorva_nyc,DSlotnik,2
1778,Tweet,apoorva_nyc,jillfilipovic,24
1779,Tweet,apoorva_nyc,MichaelPaulson,43
1701,Tweet,apoorva_nyc,PerriKlass,4
1749,Tweet,apoorva_nyc,apoorva_nyc,1
1721,Tweet,apoorva_nyc,apoorva_nyc,1
1746,Tweet,apoorva_nyc,EVincentelli,253
1760,Tweet,apoorva_nyc,PatrickKingsley,291
1718,Tweet,apoorva_nyc,apoorva_nyc,1
35275,Article,bylizrobbins,RorySmith,248
35240,Article,bylizrobbins,pete_wells,339
35281,Article,bylizrobbins,el_belson,97
35219,Article,bylizrobbins,el_belson,12
35237,Article,bylizrobbins,ByJamesWagner,16
35257,Article,bylizrobbins,ByJamesWagner,13
35288,Article,bylizrobbins,farnazfassihi,299
35245,Article,bylizrobbins,RBReich,183
35231,Article,bylizrobbins,EricaLG,3
35273,Article,bylizrobbins,charlie_savage,25
35294,Article,bylizrobbins,ByJamesWagner,31
35224,Article,bylizrobbins,RorySmith,95
35221,Article,bylizrobbins,tariqpanja,97
35216,Article,bylizrobbins,reidepstein,61
35239,Article,bylizrobbins,alexanderburns,26
35397,Tweet,bylizrobbins,samrob12,14
35335,Tweet,bylizrobbins,KSchulten,4
35343,Tweet,bylizrobbins,cdcaron,10
35329,Tweet,bylizrobbins,gailcollins,179
35325,Tweet,bylizrobbins,joshwiddicombe,25
35337,Tweet,bylizrobbins,GiniaNYT,99
35364,Tweet,bylizrobbins,dionnesearcey,225
35398,Tweet,bylizrobbins,joshwiddicombe,179
35311,Tweet,bylizrobbins,jennydeluxe,5
35336,Tweet,bylizrobbins,billmpennington,20
35369,Tweet,bylizrobbins,kbennhold,58
35313,Tweet,bylizrobbins,vvfriedman,9
35383,Tweet,bylizrobbins,billywitz,7
35377,Tweet,bylizrobbins,el_belson,3
35309,Tweet,bylizrobbins,priyagupta999,18
3246,Article,BenWeiserNYT,jimtankersley,23
3235,Article,BenWeiserNYT,BenWeiserNYT,1
3216,Article,BenWeiserNYT,marcatracy,5
3266,Article,BenWeiserNYT,hugolowell,5
3219,Article,BenWeiserNYT,sangerkatz,95
3269,Article,BenWeiserNYT,nytmike,4
3274,Article,BenWeiserNYT,kenvogel,5
3217,Article,BenWeiserNYT,stevenerlanger,3
3255,Article,BenWeiserNYT,hugolowell,20
3249,Article,BenWeiserNYT,hugolowell,5
3287,Article,BenWeiserNYT,NYTBen,66
3220,Article,BenWeiserNYT,llerer,2
3204,Article,BenWeiserNYT,FrancesRobles,4
3278,Article,BenWeiserNYT,farnazfassihi,6
3271,Article,BenWeiserNYT,SherylNYT,7
3393,Tweet,BenWeiserNYT,dansabbagh,6
3324,Tweet,BenWeiserNYT,charlie_savage,13
3359,Tweet,BenWeiserNYT,dklavaniaTOI,3
3376,Tweet,BenWeiserNYT,NishikantkTOI,205
3390,Tweet,BenWeiserNYT,ArthurNeslen,398
3349,Tweet,BenWeiserNYT,GlennThrush,25
3340,Tweet,BenWeiserNYT,npfandos,21
3313,Tweet,BenWeiserNYT,vvfriedman,64
3338,Tweet,BenWeiserNYT,meddynyt,138
3351,Tweet,BenWeiserNYT,adamliptak,15
3373,Tweet,BenWeiserNYT,stevenpoole,78
3345,Tweet,BenWeiserNYT,alanfeuer,19
3329,Tweet,BenWeiserNYT,NickAtNews,24
3384,Tweet,BenWeiserNYT,GlennThrush,7
3355,Tweet,BenWeiserNYT,npwcnn,29
34605,Article,nytDeniseGrady,NYTimesCohen,35
34668,Article,nytDeniseGrady,dwightgarner,205
34644,Article,nytDeniseGrady,peterbakernyt,330
34690,Article,nytDeniseGrady,pete_wells,46
34602,Article,nytDeniseGrady,JessicaValenti,65
34657,Article,nytDeniseGrady,ChuBailiang,4
34662,Article,nytDeniseGrady,PatriciaMazzei,104
34613,Article,nytDeniseGrady,noamscheiber,111
34646,Article,nytDeniseGrady,sangerkatz,33
34618,Article,nytDeniseGrady,RoniNYTimes,3
34620,Article,nytDeniseGrady,michelleinbklyn,227
34631,Article,nytDeniseGrady,apoorva_nyc,2
34675,Article,nytDeniseGrady,pete_wells,43
34612,Article,nytDeniseGrady,jennydeluxe,362
34637,Article,nytDeniseGrady,hadleyfreeman,271
34768,Tweet,nytDeniseGrady,Bencjacobs,283
34775,Tweet,nytDeniseGrady,jorifinkel,241
34790,Tweet,nytDeniseGrady,marywalshjourno,4
34778,Tweet,nytDeniseGrady,ArthurNeslen,360
34750,Tweet,nytDeniseGrady,laurenlaverne,3
34721,Tweet,nytDeniseGrady,sandhyanairTOI,11
34701,Tweet,nytDeniseGrady,sangerkatz,32
34785,Tweet,nytDeniseGrady,nytDeniseGrady,1
34715,Tweet,nytDeniseGrady,lyngardner,475
34736,Tweet,nytDeniseGrady,DSlotnik,33
34757,Tweet,nytDeniseGrady,ginakolata,117
34767,Tweet,nytDeniseGrady,SocialQPhilip,5
34754,Tweet,nytDeniseGrady,ginakolata,5
34788,Tweet,nytDeniseGrady,elizabday,495
34791,Tweet,nytDeniseGrady,timlottwriter,3
35628,Article,lauriegnyt,RachelDonadio,44
35670,Article,lauriegnyt,jimtankersley,27
35640,Article,lauriegnyt,ericschmittnyt,41
35671,Article,lauriegnyt,NYTimesCohen,278
35683,Article,lauriegnyt,pete_wells,41
35611,Article,lauriegnyt,paulkrugman,187
35632,Article,lauriegnyt,adamliptak,34
35612,Article,lauriegnyt,ESCochrane,52
35604,Article,lauriegnyt,hillhulse,50
35645,Article,lauriegnyt,sangerkatz,26
35622,Article,lauriegnyt,RachelDonadio,6
35619,Article,lauriegnyt,DouthatNYT,14
35672,Article,lauriegnyt,hillhulse,25
35618,Article,lauriegnyt,DouthatNYT,26
35650,Article,lauriegnyt,jimtankersley,3
35747,Tweet,lauriegnyt,sendvictorious,183
35721,Tweet,lauriegnyt,gailcollins,55
35763,Tweet,lauriegnyt,andrewrsorkin,257
35727,Tweet,lauriegnyt,bykaren,21
35737,Tweet,lauriegnyt,livia_ar,8
35768,Tweet,lauriegnyt,andrewrawnsley,315
35706,Tweet,lauriegnyt,lauriegnyt,1
35718,Tweet,lauriegnyt,_nicolaclark,2
35791,Tweet,lauriegnyt,bylizrobbins,2
35774,Tweet,lauriegnyt,jennydeluxe,150
35720,Tweet,lauriegnyt,sendvictorious,281
35777,Tweet,lauriegnyt,hugolowell,8
35713,Tweet,lauriegnyt,NYTimesCohen,154
35711,Tweet,lauriegnyt,bykaren,5
35717,Tweet,lauriegnyt,bykaren,20
107096,Article,CarolineLucas,CarolineLucas,1
107147,Article,CarolineLucas,HackneyAbbott,6
107037,Article,CarolineLucas,williamkeegan,25
107123,Article,CarolineLucas,GeorgeMonbiot,2
107161,Article,CarolineLucas,gilestremlett,144
107128,Article,CarolineLucas,paulmasonnews,4
107099,Article,CarolineLucas,NilsPratley,3
107122,Article,CarolineLucas,GeorgeMonbiot,4
107119,Article,CarolineLucas,HackneyAbbott,5
107105,Article,CarolineLucas,paulmasonnews,14
106999,Article,CarolineLucas,CarolineLucas,1
107094,Article,CarolineLucas,williamkeegan,5
107051,Article,CarolineLucas,HackneyAbbott,5
107041,Article,CarolineLucas,NilsPratley,13
107143,Article,CarolineLucas,HackneyAbbott,10
107302,Tweet,CarolineLucas,anandbodhTOI,15
107666,Tweet,CarolineLucas,Lattif,2
107218,Tweet,CarolineLucas,winematcher,35
107605,Tweet,CarolineLucas,ASoloski,99
107422,Tweet,CarolineLucas,TristramHuntVA,24
107274,Tweet,CarolineLucas,damiencave,7
107332,Tweet,CarolineLucas,lukeharding1968,25
107598,Tweet,CarolineLucas,ArthurNeslen,46
107189,Tweet,CarolineLucas,lucysiegle,2
107481,Tweet,CarolineLucas,ggreenwald,217
107524,Tweet,CarolineLucas,williamnhutton,6
107233,Tweet,CarolineLucas,paulmasonnews,2
107588,Tweet,CarolineLucas,LeoHickman,16
107734,Tweet,CarolineLucas,winematcher,9
107277,Tweet,CarolineLucas,steve_hewlett,10
10099,Article,joecoscarelli,ggreenwald,9
10008,Article,joecoscarelli,RBReich,14
10007,Article,joecoscarelli,joecoscarelli,1
10072,Article,joecoscarelli,el_belson,45
10088,Article,joecoscarelli,aseemsgujar,20
10098,Article,joecoscarelli,nytdavidbrooks,30
10060,Article,joecoscarelli,adamliptak,103
10029,Article,joecoscarelli,jwpetersNYT,75
10054,Article,joecoscarelli,hugolowell,16
10041,Article,joecoscarelli,sisario,7
10052,Article,joecoscarelli,mtomasky,19
10034,Article,joecoscarelli,vijayVsinghTOI,11
10068,Article,joecoscarelli,mtomasky,8
10048,Article,joecoscarelli,dwightgarner,36
10021,Article,joecoscarelli,ggreenwald,10
10105,Tweet,joecoscarelli,joncaramanica,2
10188,Tweet,joecoscarelli,laurenlaverne,91
10194,Tweet,joecoscarelli,kylebuchanan,36
10145,Tweet,joecoscarelli,sisario,7
10162,Tweet,joecoscarelli,joecoscarelli,1
10142,Tweet,joecoscarelli,JessicaValenti,3
10140,Tweet,joecoscarelli,aleksk,3
10170,Tweet,joecoscarelli,joecoscarelli,1
10199,Tweet,joecoscarelli,Shreyanka_M,143
10119,Tweet,joecoscarelli,jennydeluxe,12
10172,Tweet,joecoscarelli,aleksk,2
10143,Tweet,joecoscarelli,jennydeluxe,9
10113,Tweet,joecoscarelli,joecoscarelli,1
10163,Tweet,joecoscarelli,joncaramanica,2
10195,Tweet,joecoscarelli,joecoscarelli,1
15271,Article,npfandos,npfandos,1
15284,Article,npfandos,npfandos,1
15253,Article,npfandos,npfandos,1
15205,Article,npfandos,hugolowell,9
15258,Article,npfandos,ESCochrane,4
15235,Article,npfandos,hugolowell,4
15227,Article,npfandos,npfandos,1
15268,Article,npfandos,ESCochrane,2
15216,Article,npfandos,hugolowell,2
15209,Article,npfandos,npfandos,1
15243,Article,npfandos,ESCochrane,3
15262,Article,npfandos,ESCochrane,2
15240,Article,npfandos,ESCochrane,6
15290,Article,npfandos,lukebroadwater,3
15233,Article,npfandos,npfandos,1
15339,Tweet,npfandos,npfandos,1
15390,Tweet,npfandos,alexanderburns,3
15399,Tweet,npfandos,LFFriedman,7
15391,Tweet,npfandos,jmart,5
15312,Tweet,npfandos,hugolowell,2
15351,Tweet,npfandos,npfandos,1
15318,Tweet,npfandos,NeilMacFarquhar,43
15389,Tweet,npfandos,LFFriedman,8
15385,Tweet,npfandos,rachlharris,22
15368,Tweet,npfandos,AndrewSparrow,7
15361,Tweet,npfandos,LFFriedman,3
15333,Tweet,npfandos,alexanderburns,5
15387,Tweet,npfandos,Bencjacobs,22
15349,Tweet,npfandos,mlevenson,8
15325,Tweet,npfandos,adamliptak,98
10677,Article,juliarebeccaj,marcatracy,117
10605,Article,juliarebeccaj,tariqpanja,222
10607,Article,juliarebeccaj,DerekMalcolm123,251
10688,Article,juliarebeccaj,hillhulse,48
10634,Article,juliarebeccaj,leninology,131
10692,Article,juliarebeccaj,DawnHFoster,145
10614,Article,juliarebeccaj,hugolowell,137
10681,Article,juliarebeccaj,PatriciaMazzei,103
10662,Article,juliarebeccaj,adamliptak,113
10673,Article,juliarebeccaj,RorySmith,154
10696,Article,juliarebeccaj,williamkeegan,183
10675,Article,juliarebeccaj,hillhulse,95
10632,Article,juliarebeccaj,helenecooper,282
10624,Article,juliarebeccaj,sisario,60
10689,Article,juliarebeccaj,marcatracy,194
10775,Tweet,juliarebeccaj,NickAtNews,38
10792,Tweet,juliarebeccaj,gettinviggy,14
10752,Tweet,juliarebeccaj,debaratisen,215
10734,Tweet,juliarebeccaj,gailcollins,38
10705,Tweet,juliarebeccaj,PNaveenTOI,147
10761,Tweet,juliarebeccaj,genznyt,11
10711,Tweet,juliarebeccaj,Bencjacobs,71
10770,Tweet,juliarebeccaj,gettinviggy,81
10757,Tweet,juliarebeccaj,RBReich,68
10724,Tweet,juliarebeccaj,leninology,246
10790,Tweet,juliarebeccaj,edvulliamy,268
10717,Tweet,juliarebeccaj,marcatracy,26
10751,Tweet,juliarebeccaj,journo_vibha,8
10793,Tweet,juliarebeccaj,charltonbrooker,82
10755,Tweet,juliarebeccaj,SocialQPhilip,17
9874,Article,jmart,ESCochrane,8
9897,Article,jmart,npfandos,6
9844,Article,jmart,hillhulse,4
9852,Article,jmart,hillhulse,16
9877,Article,jmart,hillhulse,17
9834,Article,jmart,jimtankersley,4
9803,Article,jmart,ESCochrane,5
9869,Article,jmart,ESCochrane,2
9819,Article,jmart,reidepstein,3
9883,Article,jmart,adamliptak,60
9813,Article,jmart,alexanderburns,4
9887,Article,jmart,ESCochrane,4
9814,Article,jmart,Bencjacobs,15
9825,Article,jmart,ESCochrane,8
9833,Article,jmart,ESCochrane,5
9972,Tweet,jmart,hillhulse,11
9949,Tweet,jmart,jmart,1
9947,Tweet,jmart,gailcollins,39
9999,Tweet,jmart,michelleinbklyn,31
9935,Tweet,jmart,el_belson,21
9979,Tweet,jmart,SherylNYT,5
9930,Tweet,jmart,peterbradshaw1,306
9980,Tweet,jmart,jimtankersley,15
9921,Tweet,jmart,VivianHo,67
9967,Tweet,jmart,jmart,1
9907,Tweet,jmart,margaretrenkl,363
9976,Tweet,jmart,tripgabriel,3
9902,Tweet,jmart,reidepstein,4
9989,Tweet,jmart,RaphaelMinder,382
9916,Tweet,jmart,jeannasmialek,9
34059,Article,jorifinkel,NYTimesCohen,21
34065,Article,jorifinkel,rajatpTOI,25
34044,Article,jorifinkel,jorifinkel,1
34073,Article,jorifinkel,smbahr14,12
34082,Article,jorifinkel,NYTimesCohen,8
34093,Article,jorifinkel,kylebuchanan,3
34055,Article,jorifinkel,bydanielvictor,4
34091,Article,jorifinkel,NYTimesCohen,101
34022,Article,jorifinkel,PatrickKingsley,30
34009,Article,jorifinkel,RaphaelMinder,31
34030,Article,jorifinkel,pete_wells,2
34070,Article,jorifinkel,zwoolfe,307
34049,Article,jorifinkel,rondakaysen,9
34037,Article,jorifinkel,melissaclark,8
34035,Article,jorifinkel,fmanjoo,61
34122,Tweet,jorifinkel,bglendenning,182
34137,Tweet,jorifinkel,vijaysinghTOI,4
34147,Tweet,jorifinkel,laurenlaverne,98
34100,Tweet,jorifinkel,ChaitanyadTOI,25
34124,Tweet,jorifinkel,jennydeluxe,271
34169,Tweet,jorifinkel,Mahafreed_Irani,2
34157,Tweet,jorifinkel,JessicaValenti,198
34165,Tweet,jorifinkel,vijaysinghTOI,71
34121,Tweet,jorifinkel,genznyt,4
34133,Tweet,jorifinkel,genznyt,38
34191,Tweet,jorifinkel,RBReich,348
34167,Tweet,jorifinkel,ChaitanyadTOI,4
34106,Tweet,jorifinkel,andrewrsorkin,197
34193,Tweet,jorifinkel,dwightgarner,13
34146,Tweet,jorifinkel,margaretrenkl,217
12292,Article,liamstack,noamscheiber,99
12240,Article,liamstack,kbennhold,57
12288,Article,liamstack,IKershner,41
12225,Article,liamstack,adamliptak,34
12244,Article,liamstack,hillhulse,28
12275,Article,liamstack,ESCochrane,63
12232,Article,liamstack,NeilMacFarquhar,65
12220,Article,liamstack,marcatracy,57
12209,Article,liamstack,adamliptak,62
12205,Article,liamstack,hugolowell,22
12263,Article,liamstack,RBReich,69
12270,Article,liamstack,NYTimesCohen,102
12258,Article,liamstack,KSchulten,115
12268,Article,liamstack,farnazfassihi,155
12284,Article,liamstack,LizAldermanNYT,163
12301,Tweet,liamstack,RBReich,25
12351,Tweet,liamstack,paulmasonnews,166
12342,Tweet,liamstack,RosySequeiraTOI,125
12337,Tweet,liamstack,mtomasky,148
12375,Tweet,liamstack,jillfilipovic,16
12325,Tweet,liamstack,RBReich,38
12320,Tweet,liamstack,ggreenwald,6
12366,Tweet,liamstack,jmart,20
12354,Tweet,liamstack,GiniaNYT,173
12380,Tweet,liamstack,NYTimesCohen,21
12381,Tweet,liamstack,ggreenwald,54
12378,Tweet,liamstack,BenWeiserNYT,29
12389,Tweet,liamstack,JessicaValenti,77
12336,Tweet,liamstack,SocialQPhilip,18
12340,Tweet,liamstack,marywalshjourno,75
31856,Article,PamBelluck,reidepstein,57
31820,Article,PamBelluck,adamliptak,86
31816,Article,PamBelluck,NYTimesCohen,162
31828,Article,PamBelluck,apoorva_nyc,99
31891,Article,PamBelluck,NikiKitsantonis,85
31829,Article,PamBelluck,KapildaveTOI,137
31894,Article,PamBelluck,adamliptak,41
31862,Article,PamBelluck,ChaitanyadTOI,291
31893,Article,PamBelluck,hannahdev,201
31869,Article,PamBelluck,ESCochrane,131
31879,Article,PamBelluck,michelleinbklyn,85
31841,Article,PamBelluck,pete_wells,142
31806,Article,PamBelluck,adamliptak,40
31899,Article,PamBelluck,jimtankersley,118
31835,Article,PamBelluck,hillhulse,63
31992,Tweet,PamBelluck,PerriKlass,11
31913,Tweet,PamBelluck,andrewrsorkin,258
31941,Tweet,PamBelluck,apoorva_nyc,41
31954,Tweet,PamBelluck,priyagupta999,5
31973,Tweet,PamBelluck,jmart,13
31955,Tweet,PamBelluck,elizabday,281
31914,Tweet,PamBelluck,charlie_savage,5
31970,Tweet,PamBelluck,tripgabriel,54
31909,Tweet,PamBelluck,adamliptak,10
31935,Tweet,PamBelluck,jennydeluxe,33
31921,Tweet,PamBelluck,nytDeniseGrady,17
31963,Tweet,PamBelluck,sio_burke,189
31949,Tweet,PamBelluck,jillfilipovic,86
31984,Tweet,PamBelluck,nytDeniseGrady,39
31960,Tweet,PamBelluck,jillfilipovic,64
5014,Article,christophclarey,seaningle,16
5060,Article,christophclarey,RorySmith,5
5067,Article,christophclarey,BenRothenberg,28
5052,Article,christophclarey,bykaren,5
5051,Article,christophclarey,RorySmith,4
5044,Article,christophclarey,RorySmith,6
5077,Article,christophclarey,RorySmith,44
5009,Article,christophclarey,NeilMacFarquhar,73
5050,Article,christophclarey,BenRothenberg,4
5016,Article,christophclarey,tariqpanja,34
5035,Article,christophclarey,tariqpanja,28
5086,Article,christophclarey,BenRothenberg,10
5054,Article,christophclarey,dwightgarner,23
5066,Article,christophclarey,BenRothenberg,69
5031,Article,christophclarey,RorySmith,85
5137,Tweet,christophclarey,ukigoni,4
5154,Tweet,christophclarey,BenRothenberg,3
5163,Tweet,christophclarey,thrasherxy,39
5132,Tweet,christophclarey,billywitz,54
5106,Tweet,christophclarey,DerekMalcolm123,190
5138,Tweet,christophclarey,JessicaValenti,19
5130,Tweet,christophclarey,lenoretaylor,14
5157,Tweet,christophclarey,polblonde,2
5114,Tweet,christophclarey,nnougayrede,5
5115,Tweet,christophclarey,polblonde,46
5173,Tweet,christophclarey,BenRothenberg,8
5187,Tweet,christophclarey,MattFutterman,2
5101,Tweet,christophclarey,RorySmith,35
5180,Tweet,christophclarey,davidleighx,6
5158,Tweet,christophclarey,vijaysinghTOI,122
18279,Article,rpogrebin,nicholaswatt,255
18269,Article,rpogrebin,PatrickKingsley,213
18214,Article,rpogrebin,kannoyoungs,75
18254,Article,rpogrebin,TanyaGold1,115
18206,Article,rpogrebin,stevenerlanger,162
18237,Article,rpogrebin,SocialQPhilip,34
18258,Article,rpogrebin,brooksbarnesNYT,49
18219,Article,rpogrebin,ditzkoff,32
18250,Article,rpogrebin,damiencave,254
18257,Article,rpogrebin,smbahr14,16
18259,Article,rpogrebin,jmart,47
18213,Article,rpogrebin,SagrikaKissu,318
18273,Article,rpogrebin,paulmasonnews,143
18294,Article,rpogrebin,PatrickKingsley,168
18233,Article,rpogrebin,margaretrenkl,109
18384,Tweet,rpogrebin,brooksbarnesNYT,74
18379,Tweet,rpogrebin,IKershner,126
18374,Tweet,rpogrebin,ishajainTOI,330
18385,Tweet,rpogrebin,gailcollins,32
18386,Tweet,rpogrebin,samrob12,2
18312,Tweet,rpogrebin,BhanupratapsTOI,190
18318,Tweet,rpogrebin,priyagupta999,234
18391,Tweet,rpogrebin,rpogrebin,1
18317,Tweet,rpogrebin,JoshuaRozenberg,288
18380,Tweet,rpogrebin,jorifinkel,3
18358,Tweet,rpogrebin,vvfriedman,2
18355,Tweet,rpogrebin,genznyt,185
18365,Tweet,rpogrebin,alexmarshall81,44
18370,Tweet,rpogrebin,LFFriedman,247
18328,Tweet,rpogrebin,lauriegnyt,97
185531,Article,HinaRohtaki,naomi2009,67
185457,Article,HinaRohtaki,saumyajitbTOI,64
185455,Article,HinaRohtaki,AmritadTOI,14
185500,Article,HinaRohtaki,ipsinghTOI,2
185548,Article,HinaRohtaki,HinaRohtaki,1
185441,Article,HinaRohtaki,naomi2009,8
185397,Article,HinaRohtaki,007pandey,38
185517,Article,HinaRohtaki,maheshbTOI,7
185557,Article,HinaRohtaki,payaldhawanTOI,10
185507,Article,HinaRohtaki,007pandey,30
185488,Article,HinaRohtaki,SidharthB25,3
185401,Article,HinaRohtaki,SidharthB25,21
185414,Article,HinaRohtaki,bishnoiarvind11,30
185494,Article,HinaRohtaki,SidharthB25,3
185463,Article,HinaRohtaki,FranklinBlog,55
185638,Tweet,HinaRohtaki,HinaRohtaki,1
185619,Tweet,HinaRohtaki,bishnoiarvind11,5
185599,Tweet,HinaRohtaki,divyapal2013,7
185592,Tweet,HinaRohtaki,HinaRohtaki,1
185644,Tweet,HinaRohtaki,suilee,73
185565,Tweet,HinaRohtaki,priyagupta999,4
185627,Tweet,HinaRohtaki,AlokKNMishra,126
185628,Tweet,HinaRohtaki,ChaitanyadTOI,5
185574,Tweet,HinaRohtaki,ipsinghTOI,6
185626,Tweet,HinaRohtaki,nnougayrede,2
185630,Tweet,HinaRohtaki,DerekMalcolm123,118
185617,Tweet,HinaRohtaki,vijaysinghTOI,17
185563,Tweet,HinaRohtaki,desaisantosh,268
185650,Tweet,HinaRohtaki,HemantaTOI,33
185573,Tweet,HinaRohtaki,ChaitanyadTOI,51
33847,Article,annanorthtweets,RoniNYTimes,19
33887,Article,annanorthtweets,DouthatNYT,240
33835,Article,annanorthtweets,pete_wells,112
33850,Article,annanorthtweets,rachshabi,185
33898,Article,annanorthtweets,jennydeluxe,5
33839,Article,annanorthtweets,andrewrsorkin,124
33895,Article,annanorthtweets,oliverburkeman,84
33879,Article,annanorthtweets,SocialQPhilip,25
33896,Article,annanorthtweets,nytDeniseGrady,102
33874,Article,annanorthtweets,jwpetersNYT,237
33816,Article,annanorthtweets,JessicaValenti,213
33833,Article,annanorthtweets,brooksbarnesNYT,338
33883,Article,annanorthtweets,laurenlaverne,40
33875,Article,annanorthtweets,hillhulse,265
33800,Article,annanorthtweets,AlysFowler,264
33961,Tweet,annanorthtweets,farnazfassihi,36
33906,Tweet,annanorthtweets,annanorthtweets,1
33970,Tweet,annanorthtweets,aleksk,2
33991,Tweet,annanorthtweets,jonronson,36
33988,Tweet,annanorthtweets,jennydeluxe,2
33941,Tweet,annanorthtweets,gailcollins,275
33908,Tweet,annanorthtweets,NYTimesCohen,213
33947,Tweet,annanorthtweets,andybrassell,8
33976,Tweet,annanorthtweets,kylebuchanan,118
33953,Tweet,annanorthtweets,JessicaValenti,60
33974,Tweet,annanorthtweets,SocialQPhilip,4
33901,Tweet,annanorthtweets,RBReich,18
33948,Tweet,annanorthtweets,ChaitanyadTOI,268
33986,Tweet,annanorthtweets,jennydeluxe,5
33903,Tweet,annanorthtweets,RBReich,86
4893,Article,charlie_savage,kenvogel,4
4863,Article,charlie_savage,hugolowell,13
4814,Article,charlie_savage,julianbarnes,14
4825,Article,charlie_savage,npfandos,6
4899,Article,charlie_savage,npfandos,16
4838,Article,charlie_savage,hillhulse,8
4818,Article,charlie_savage,nytmike,12
4852,Article,charlie_savage,patrickwintour,96
4819,Article,charlie_savage,peterbakernyt,2
4827,Article,charlie_savage,hugolowell,7
4830,Article,charlie_savage,adamliptak,4
4805,Article,charlie_savage,farnazfassihi,6
4877,Article,charlie_savage,npfandos,3
4854,Article,charlie_savage,julianbarnes,8
4892,Article,charlie_savage,adamliptak,5
4935,Tweet,charlie_savage,marywalshjourno,14
4951,Tweet,charlie_savage,charlie_savage,1
4992,Tweet,charlie_savage,JoshuaRozenberg,47
4987,Tweet,charlie_savage,LFFriedman,58
4919,Tweet,charlie_savage,charltonbrooker,452
4945,Tweet,charlie_savage,FlitterOnFraud,2
4912,Tweet,charlie_savage,andybrassell,204
4947,Tweet,charlie_savage,Lattif,87
4940,Tweet,charlie_savage,alanfeuer,2
4902,Tweet,charlie_savage,hugolowell,2
4956,Tweet,charlie_savage,charlie_savage,1
4941,Tweet,charlie_savage,reidepstein,9
4993,Tweet,charlie_savage,hugolowell,6
4967,Tweet,charlie_savage,charlie_savage,1
4930,Tweet,charlie_savage,charlie_savage,1
25895,Article,jbouie,DouthatNYT,16
25885,Article,jbouie,paulkrugman,9
25845,Article,jbouie,RBReich,8
25891,Article,jbouie,michelleinbklyn,6
25860,Article,jbouie,jimtankersley,49
25855,Article,jbouie,jwpetersNYT,12
25843,Article,jbouie,michelleinbklyn,17
25804,Article,jbouie,DouthatNYT,3
25837,Article,jbouie,jbouie,1
25835,Article,jbouie,paulkrugman,32
25832,Article,jbouie,paulkrugman,10
25826,Article,jbouie,DouthatNYT,6
25877,Article,jbouie,DouthatNYT,15
25836,Article,jbouie,michelleinbklyn,3
25858,Article,jbouie,jwpetersNYT,74
25977,Tweet,jbouie,mtomasky,3
25938,Tweet,jbouie,andybrassell,87
25933,Tweet,jbouie,joncaramanica,13
25907,Tweet,jbouie,elizabday,161
25901,Tweet,jbouie,JessicaValenti,8
25961,Tweet,jbouie,jennydeluxe,102
25986,Tweet,jbouie,ggreenwald,6
25914,Tweet,jbouie,kylebuchanan,6
25964,Tweet,jbouie,VivianHo,5
25952,Tweet,jbouie,andrewrsorkin,7
25980,Tweet,jbouie,sangerkatz,64
25919,Tweet,jbouie,genznyt,248
25925,Tweet,jbouie,GiniaNYT,152
25999,Tweet,jbouie,gabyhinsliff,27
25990,Tweet,jbouie,thrasherxy,15
286,Article,alanfeuer,hillhulse,47
226,Article,alanfeuer,maheshbTOI,185
246,Article,alanfeuer,lukebroadwater,39
252,Article,alanfeuer,hugolowell,33
225,Article,alanfeuer,nytmike,31
229,Article,alanfeuer,andrewrsorkin,184
273,Article,alanfeuer,ESCochrane,43
236,Article,alanfeuer,hugolowell,9
250,Article,alanfeuer,hugolowell,16
291,Article,alanfeuer,NYTBen,10
243,Article,alanfeuer,jameskanter,172
289,Article,alanfeuer,NickAtNews,25
263,Article,alanfeuer,hugolowell,17
295,Article,alanfeuer,ESCochrane,34
234,Article,alanfeuer,attackerman,33
369,Tweet,alanfeuer,vvfriedman,5
310,Tweet,alanfeuer,charlie_savage,9
395,Tweet,alanfeuer,SocialQPhilip,134
365,Tweet,alanfeuer,NickAtNews,10
308,Tweet,alanfeuer,npfandos,64
333,Tweet,alanfeuer,nytmike,18
359,Tweet,alanfeuer,alexanderburns,2
388,Tweet,alanfeuer,mtomasky,37
398,Tweet,alanfeuer,sangerkatz,194
363,Tweet,alanfeuer,hillhulse,12
350,Tweet,alanfeuer,FrankBruni,3
349,Tweet,alanfeuer,noamscheiber,23
322,Tweet,alanfeuer,NickAtNews,3
362,Tweet,alanfeuer,hugolowell,9
313,Tweet,alanfeuer,MaggieAstor,21
12487,Article,lukebroadwater,lukebroadwater,1
12468,Article,lukebroadwater,npfandos,2
12444,Article,lukebroadwater,hugolowell,3
12446,Article,lukebroadwater,jbouie,39
12476,Article,lukebroadwater,ShaneGoldmacher,2
12417,Article,lukebroadwater,ESCochrane,2
12457,Article,lukebroadwater,ESCochrane,12
12472,Article,lukebroadwater,lukebroadwater,1
12414,Article,lukebroadwater,ESCochrane,10
12438,Article,lukebroadwater,hugolowell,2
12418,Article,lukebroadwater,tariqpanja,58
12436,Article,lukebroadwater,hugolowell,3
12479,Article,lukebroadwater,ESCochrane,8
12478,Article,lukebroadwater,PatriciaMazzei,52
12403,Article,lukebroadwater,npfandos,3
12588,Tweet,lukebroadwater,npfandos,9
12562,Tweet,lukebroadwater,gailcollins,214
12583,Tweet,lukebroadwater,hugolowell,8
12596,Tweet,lukebroadwater,ShaneGoldmacher,2
12558,Tweet,lukebroadwater,lukebroadwater,1
12556,Tweet,lukebroadwater,hugolowell,11
12507,Tweet,lukebroadwater,npfandos,5
12566,Tweet,lukebroadwater,anniekarni,14
12581,Tweet,lukebroadwater,RosySequeiraTOI,94
12571,Tweet,lukebroadwater,hillhulse,9
12567,Tweet,lukebroadwater,Azi,4
12529,Tweet,lukebroadwater,LFFriedman,2
12538,Tweet,lukebroadwater,marcatracy,18
12548,Tweet,lukebroadwater,lukebroadwater,1
12577,Tweet,lukebroadwater,hugolowell,2
28088,Article,jameskanter,jameskanter,1
28039,Article,jameskanter,hillhulse,6
28093,Article,jameskanter,ESCochrane,4
28046,Article,jameskanter,ESCochrane,2
28008,Article,jameskanter,petleepeter,46
28058,Article,jameskanter,Bencjacobs,3
28043,Article,jameskanter,AtulMathur_,9
28075,Article,jameskanter,ESCochrane,6
28052,Article,jameskanter,stevenerlanger,7
28041,Article,jameskanter,peterbakernyt,2
28050,Article,jameskanter,jameskanter,1
28035,Article,jameskanter,jameskanter,1
28016,Article,jameskanter,stevenerlanger,2
28089,Article,jameskanter,NikiKitsantonis,25
28070,Article,jameskanter,stevenerlanger,3
28144,Tweet,jameskanter,durgeshjhaTOI,107
28104,Tweet,jameskanter,nnougayrede,23
28196,Tweet,jameskanter,jameskanter,1
28117,Tweet,jameskanter,RaphaelMinder,20
28132,Tweet,jameskanter,npwcnn,27
28168,Tweet,jameskanter,jimwaterson,86
28193,Tweet,jameskanter,alanconnor,301
28125,Tweet,jameskanter,RaphaelMinder,239
28150,Tweet,jameskanter,jameskanter,1
28128,Tweet,jameskanter,saumyajitbTOI,295
28130,Tweet,jameskanter,gailcollins,110
28120,Tweet,jameskanter,ramendrasTOI,72
28184,Tweet,jameskanter,emilybell,244
28151,Tweet,jameskanter,toi_dhananjayM,20
28199,Tweet,jameskanter,polblonde,331
7081,Article,el_belson,el_belson,1
7075,Article,el_belson,el_belson,1
7003,Article,el_belson,el_belson,1
7041,Article,el_belson,el_belson,1
7080,Article,el_belson,mtomasky,4
7035,Article,el_belson,hillhulse,14
7001,Article,el_belson,kylebuchanan,20
7074,Article,el_belson,andrewrsorkin,48
7057,Article,el_belson,el_belson,1
7082,Article,el_belson,noamscheiber,3
7026,Article,el_belson,el_belson,1
7037,Article,el_belson,NikiKitsantonis,316
7071,Article,el_belson,marcatracy,2
7056,Article,el_belson,wesley_morris,16
7023,Article,el_belson,el_belson,1
7131,Tweet,el_belson,el_belson,1
7149,Tweet,el_belson,wesley_morris,4
7103,Tweet,el_belson,el_belson,1
7166,Tweet,el_belson,GlennThrush,70
7184,Tweet,el_belson,billywitz,5
7187,Tweet,el_belson,el_belson,1
7150,Tweet,el_belson,lucywardsings,6
7146,Tweet,el_belson,priyagupta999,47
7144,Tweet,el_belson,paulkrugman,97
7195,Tweet,el_belson,nmcintosh,3
7101,Tweet,el_belson,el_belson,1
7181,Tweet,el_belson,el_belson,1
7142,Tweet,el_belson,el_belson,1
7183,Tweet,el_belson,el_belson,1
7180,Tweet,el_belson,el_belson,1
6820,Article,ElianPeltier,ESCochrane,29
6880,Article,ElianPeltier,patrickwintour,22
6835,Article,ElianPeltier,NikiKitsantonis,45
6846,Article,ElianPeltier,saumyajitbTOI,43
6891,Article,ElianPeltier,aurelienbrd,21
6811,Article,ElianPeltier,ESCochrane,30
6810,Article,ElianPeltier,jimwaterson,356
6862,Article,ElianPeltier,LizAldermanNYT,40
6855,Article,ElianPeltier,NikiKitsantonis,29
6828,Article,ElianPeltier,declanwalsh,41
6825,Article,ElianPeltier,PatrickKingsley,25
6830,Article,ElianPeltier,aurelienbrd,33
6899,Article,ElianPeltier,AndrewSparrow,71
6839,Article,ElianPeltier,farnazfassihi,6
6896,Article,ElianPeltier,jimwaterson,25
6913,Tweet,ElianPeltier,NYTimesCohen,72
6963,Tweet,ElianPeltier,zwoolfe,168
6985,Tweet,ElianPeltier,AtulMathur_,87
6923,Tweet,ElianPeltier,EllenBarryNYT,58
6924,Tweet,ElianPeltier,JessicaValenti,167
6957,Tweet,ElianPeltier,ArthurNeslen,85
6979,Tweet,ElianPeltier,joncaramanica,167
6933,Tweet,ElianPeltier,bylizrobbins,78
6947,Tweet,ElianPeltier,murarishetyeTOI,28
6942,Tweet,ElianPeltier,NikiKitsantonis,74
6996,Tweet,ElianPeltier,livia_ar,211
6916,Tweet,ElianPeltier,ericschmittnyt,44
6928,Tweet,ElianPeltier,Lattif,56
6919,Tweet,ElianPeltier,nnougayrede,21
6921,Tweet,ElianPeltier,NYTimesCohen,96
35849,Article,KSchulten,jonpareles,245
35830,Article,KSchulten,jennydeluxe,6
35801,Article,KSchulten,AnaSwanson,205
35812,Article,KSchulten,debaratisen,68
35870,Article,KSchulten,sermoninstone,2
35852,Article,KSchulten,DerekMalcolm123,456
35807,Article,KSchulten,nytdavidbrooks,117
35850,Article,KSchulten,PerriKlass,45
35820,Article,KSchulten,davidhepworth,240
35864,Article,KSchulten,RachelDonadio,71
35829,Article,KSchulten,andrewrsorkin,5
35898,Article,KSchulten,tariqpanja,295
35899,Article,KSchulten,KSchulten,1
35814,Article,KSchulten,afuahirsch,5
35879,Article,KSchulten,nmcintosh,362
35948,Tweet,KSchulten,salihughes,10
35961,Tweet,KSchulten,vvfriedman,3
35985,Tweet,KSchulten,joshwiddicombe,400
35942,Tweet,KSchulten,elizabday,35
35913,Tweet,KSchulten,jennydeluxe,9
35949,Tweet,KSchulten,andybrassell,19
35953,Tweet,KSchulten,KSchulten,1
35991,Tweet,KSchulten,debaratisen,20
35932,Tweet,KSchulten,oliverburkeman,153
35998,Tweet,KSchulten,jackschofield,4
35935,Tweet,KSchulten,joncaramanica,90
35946,Tweet,KSchulten,andybrassell,11
35958,Tweet,KSchulten,elizabday,4
35957,Tweet,KSchulten,margaretrenkl,396
35975,Tweet,KSchulten,KSchulten,1
32884,Article,RoniNYTimes,sangerkatz,28
32820,Article,RoniNYTimes,apoorva_nyc,5
32862,Article,RoniNYTimes,apoorva_nyc,5
32824,Article,RoniNYTimes,IKershner,160
32827,Article,RoniNYTimes,sushmi_dey,2
32840,Article,RoniNYTimes,AndrewSparrow,64
32875,Article,RoniNYTimes,JoshuaRozenberg,9
32893,Article,RoniNYTimes,marywalshjourno,6
32837,Article,RoniNYTimes,RBReich,29
32832,Article,RoniNYTimes,RBReich,50
32801,Article,RoniNYTimes,billmpennington,365
32856,Article,RoniNYTimes,sangerkatz,8
32855,Article,RoniNYTimes,pete_wells,28
32876,Article,RoniNYTimes,apoorva_nyc,2
32877,Article,RoniNYTimes,ESCochrane,189
32994,Tweet,RoniNYTimes,ArthurNeslen,26
32968,Tweet,RoniNYTimes,PNaveenTOI,217
32911,Tweet,RoniNYTimes,nytmike,9
32908,Tweet,RoniNYTimes,polblonde,15
32926,Tweet,RoniNYTimes,carlzimmer,53
32907,Tweet,RoniNYTimes,ditzkoff,255
32918,Tweet,RoniNYTimes,DSlotnik,2
32969,Tweet,RoniNYTimes,apoorva_nyc,2
32913,Tweet,RoniNYTimes,polblonde,390
32938,Tweet,RoniNYTimes,apoorva_nyc,6
32904,Tweet,RoniNYTimes,sangerkatz,24
32953,Tweet,RoniNYTimes,alanconnor,229
32900,Tweet,RoniNYTimes,ChaitanyadTOI,12
32995,Tweet,RoniNYTimes,SumitraDebRoy,5
32982,Tweet,RoniNYTimes,MujMash,387
196834,Article,nauzerbTOI,vijayVsinghTOI,16
196940,Article,nauzerbTOI,nauzerbTOI,1
196904,Article,nauzerbTOI,SidharthB25,2
196898,Article,nauzerbTOI,007pandey,11
196949,Article,nauzerbTOI,AshokPradhanTOI,10
196959,Article,nauzerbTOI,nauzerbTOI,1
196824,Article,nauzerbTOI,saumyajitbTOI,50
196731,Article,nauzerbTOI,nauzerbTOI,1
196801,Article,nauzerbTOI,PatrickKingsley,13
196730,Article,nauzerbTOI,rebeccaSTOI,2
196924,Article,nauzerbTOI,rajendrasTOI,19
196936,Article,nauzerbTOI,KapildaveTOI,15
196896,Article,nauzerbTOI,ThevarSteffy,43
196789,Article,nauzerbTOI,RosySequeiraTOI,11
196816,Article,nauzerbTOI,rajatpTOI,4
197046,Tweet,nauzerbTOI,elizabday,204
197063,Tweet,nauzerbTOI,NesrineMalik,163
196989,Tweet,nauzerbTOI,desaisantosh,74
197049,Tweet,nauzerbTOI,vivek9301,84
196991,Tweet,nauzerbTOI,durgeshjhaTOI,3
197041,Tweet,nauzerbTOI,smita_mishra,25
197030,Tweet,nauzerbTOI,paulmasonnews,7
196997,Tweet,nauzerbTOI,damiencave,53
196974,Tweet,nauzerbTOI,petleepeter,15
196979,Tweet,nauzerbTOI,ChaitanyadTOI,59
197001,Tweet,nauzerbTOI,petleepeter,35
197068,Tweet,nauzerbTOI,nytdavidbrooks,333
196976,Tweet,nauzerbTOI,priyagupta999,91
196982,Tweet,nauzerbTOI,msrachelcooke,279
196990,Tweet,nauzerbTOI,journo_vibha,109
15474,Article,NYTBen,jamesrbuk,17
15471,Article,NYTBen,NYTimesCohen,2
15486,Article,NYTBen,dwightgarner,26
15485,Article,NYTBen,hugolowell,49
15450,Article,NYTBen,meddynyt,2
15487,Article,NYTBen,NYTBen,1
15497,Article,NYTBen,PatrickKingsley,3
15418,Article,NYTBen,NYTBen,1
15409,Article,NYTBen,ewong,9
15443,Article,NYTBen,IKershner,5
15439,Article,NYTBen,NYTBen,1
15495,Article,NYTBen,michaelcrowley,3
15457,Article,NYTBen,NYTBen,1
15434,Article,NYTBen,IKershner,9
15413,Article,NYTBen,ewong,44
15508,Tweet,NYTBen,NYTBen,1
15588,Tweet,NYTBen,nytdavidbrooks,52
15544,Tweet,NYTBen,ASoloski,440
15509,Tweet,NYTBen,tariqpanja,45
15594,Tweet,NYTBen,rpogrebin,73
15530,Tweet,NYTBen,ewong,5
15559,Tweet,NYTBen,ditzkoff,74
15537,Tweet,NYTBen,suilee,18
15560,Tweet,NYTBen,FrankBruni,6
15569,Tweet,NYTBen,RBReich,20
15574,Tweet,NYTBen,ukigoni,35
15504,Tweet,NYTBen,PatrickKingsley,2
15519,Tweet,NYTBen,palaknandiTOI,196
15573,Tweet,NYTBen,timatkin,364
15580,Tweet,NYTBen,ewong,7
3870,Article,brooksbarnesNYT,jhoffman,2
3897,Article,brooksbarnesNYT,RorySmith,105
3896,Article,brooksbarnesNYT,TanyaGold1,27
3803,Article,brooksbarnesNYT,GioRussonello,12
3817,Article,brooksbarnesNYT,fmanjoo,3
3827,Article,brooksbarnesNYT,bencasselman,114
3886,Article,brooksbarnesNYT,tariqpanja,112
3811,Article,brooksbarnesNYT,nicholaswatt,196
3818,Article,brooksbarnesNYT,NilsPratley,66
3835,Article,brooksbarnesNYT,sisario,2
3883,Article,brooksbarnesNYT,hugolowell,30
3845,Article,brooksbarnesNYT,andrewrsorkin,116
3839,Article,brooksbarnesNYT,jeannasmialek,49
3855,Article,brooksbarnesNYT,hugolowell,166
3832,Article,brooksbarnesNYT,DouthatNYT,71
3987,Tweet,brooksbarnesNYT,vijayVsinghTOI,68
3957,Tweet,brooksbarnesNYT,jhoffman,4
3966,Tweet,brooksbarnesNYT,jeannasmialek,68
3936,Tweet,brooksbarnesNYT,brooksbarnesNYT,1
3995,Tweet,brooksbarnesNYT,PrashantrTOI,477
3952,Tweet,brooksbarnesNYT,brooksbarnesNYT,1
3920,Tweet,brooksbarnesNYT,jeannasmialek,22
3989,Tweet,brooksbarnesNYT,alexmarshall81,27
3921,Tweet,brooksbarnesNYT,jhoffman,14
3912,Tweet,brooksbarnesNYT,mtomasky,12
3900,Tweet,brooksbarnesNYT,alexvtunzelmann,5
3949,Tweet,brooksbarnesNYT,brooksbarnesNYT,1
3940,Tweet,brooksbarnesNYT,richardwolffedc,69
3959,Tweet,brooksbarnesNYT,brooksbarnesNYT,1
3947,Tweet,brooksbarnesNYT,brooksbarnesNYT,1
27056,Article,wesley_morris,benkenigsberg,42
27031,Article,wesley_morris,wesley_morris,1
27009,Article,wesley_morris,DerekMalcolm123,4
27059,Article,wesley_morris,RorySmith,2
27091,Article,wesley_morris,kylebuchanan,6
27097,Article,wesley_morris,oliverburkeman,8
27029,Article,wesley_morris,DouthatNYT,22
27032,Article,wesley_morris,benkenigsberg,3
27084,Article,wesley_morris,pete_wells,28
27078,Article,wesley_morris,nytDeniseGrady,4
27076,Article,wesley_morris,NYTimesCohen,6
27017,Article,wesley_morris,marcatracy,60
27062,Article,wesley_morris,RorySmith,198
27083,Article,wesley_morris,RorySmith,2
27080,Article,wesley_morris,parul_sehgal,30
27150,Tweet,wesley_morris,brooksbarnesNYT,8
27197,Tweet,wesley_morris,elizabday,332
27170,Tweet,wesley_morris,DerekMalcolm123,235
27124,Tweet,wesley_morris,RorySmith,248
27106,Tweet,wesley_morris,kbennhold,45
27141,Tweet,wesley_morris,MoharBasu,322
27103,Tweet,wesley_morris,ASoloski,29
27127,Tweet,wesley_morris,vvfriedman,17
27104,Tweet,wesley_morris,vanbadham,8
27194,Tweet,wesley_morris,debaratisen,103
27108,Tweet,wesley_morris,DouthatNYT,10
27166,Tweet,wesley_morris,wesley_morris,1
27113,Tweet,wesley_morris,ChaitanyadTOI,241
27182,Tweet,wesley_morris,jonpareles,14
27139,Tweet,wesley_morris,wesley_morris,1
13805,Article,michelleinbklyn,DouthatNYT,3
13848,Article,michelleinbklyn,cdcaron,22
13847,Article,michelleinbklyn,RBReich,7
13836,Article,michelleinbklyn,paulkrugman,2
13858,Article,michelleinbklyn,nytmike,82
13819,Article,michelleinbklyn,DouthatNYT,2
13853,Article,michelleinbklyn,ggreenwald,7
13889,Article,michelleinbklyn,michelleinbklyn,1
13800,Article,michelleinbklyn,charlie_savage,28
13843,Article,michelleinbklyn,RBReich,8
13841,Article,michelleinbklyn,jbouie,27
13842,Article,michelleinbklyn,ggreenwald,4
13838,Article,michelleinbklyn,RBReich,8
13828,Article,michelleinbklyn,RBReich,9
13850,Article,michelleinbklyn,pete_wells,4
13988,Tweet,michelleinbklyn,hannahdev,363
13917,Tweet,michelleinbklyn,DouthatNYT,3
13912,Tweet,michelleinbklyn,SocialQPhilip,8
13921,Tweet,michelleinbklyn,msmirandasawyer,118
13946,Tweet,michelleinbklyn,apoorva_nyc,8
13982,Tweet,michelleinbklyn,DouthatNYT,3
13938,Tweet,michelleinbklyn,jbouie,16
13995,Tweet,michelleinbklyn,SocialQPhilip,22
13959,Tweet,michelleinbklyn,fmanjoo,7
13908,Tweet,michelleinbklyn,mtomasky,25
13927,Tweet,michelleinbklyn,DouthatNYT,5
13957,Tweet,michelleinbklyn,julianbarnes,29
13967,Tweet,michelleinbklyn,jmart,19
13993,Tweet,michelleinbklyn,sangerkatz,3
13934,Tweet,michelleinbklyn,paulkrugman,15
215476,Article,SwatiShindeTOI,payaldhawanTOI,22
215514,Article,SwatiShindeTOI,sandhyanairTOI,153
215544,Article,SwatiShindeTOI,digbijaymishra1,14
215565,Article,SwatiShindeTOI,IKershner,320
215518,Article,SwatiShindeTOI,SwatiShindeTOI,1
215409,Article,SwatiShindeTOI,payaldhawanTOI,3
215390,Article,SwatiShindeTOI,tarasbernard,98
215539,Article,SwatiShindeTOI,DawnHFoster,38
215412,Article,SwatiShindeTOI,bencasselman,189
215330,Article,SwatiShindeTOI,juliarebeccaj,2
215395,Article,SwatiShindeTOI,dubeyavishek,183
215389,Article,SwatiShindeTOI,lisamonteiroTOI,29
215488,Article,SwatiShindeTOI,fmanjoo,4
215531,Article,SwatiShindeTOI,RosySequeiraTOI,19
215463,Article,SwatiShindeTOI,HinaRohtaki,120
215582,Tweet,SwatiShindeTOI,debaratisen,36
215653,Tweet,SwatiShindeTOI,pankajdoval,5
215595,Tweet,SwatiShindeTOI,RosySequeiraTOI,8
215652,Tweet,SwatiShindeTOI,SwatiShindeTOI,1
215625,Tweet,SwatiShindeTOI,mohuadazz,10
215649,Tweet,SwatiShindeTOI,toi_ManujaV,30
215669,Tweet,SwatiShindeTOI,SwatiShindeTOI,1
215670,Tweet,SwatiShindeTOI,tomdyckhoff,288
215593,Tweet,SwatiShindeTOI,carlzimmer,44
215613,Tweet,SwatiShindeTOI,priyagupta999,30
215667,Tweet,SwatiShindeTOI,afuahirsch,57
215580,Tweet,SwatiShindeTOI,ChaitanyadTOI,4
215660,Tweet,SwatiShindeTOI,BawaNaaved,126
215605,Tweet,SwatiShindeTOI,SwatiShindeTOI,1
215600,Tweet,SwatiShindeTOI,toi_dhananjayM,360
209131,Article,sermoninstone,debaratisen,4
209156,Article,sermoninstone,PrashantrTOI,4
209143,Article,sermoninstone,sermoninstone,1
209179,Article,sermoninstone,DerekMalcolm123,204
209200,Article,sermoninstone,PrashantrTOI,9
209178,Article,sermoninstone,desaisantosh,2
209132,Article,sermoninstone,timlottwriter,40
209125,Article,sermoninstone,JessicaValenti,199
209185,Article,sermoninstone,Chethan_Dash,5
209216,Article,sermoninstone,sermoninstone,1
209170,Article,sermoninstone,meeravohraTOI,3
209165,Article,sermoninstone,sermoninstone,1
209201,Article,sermoninstone,divyapal2013,65
209191,Article,sermoninstone,debaratisen,18
209213,Article,sermoninstone,sermoninstone,1
209282,Tweet,sermoninstone,KSchulten,12
209312,Tweet,sermoninstone,sermoninstone,1
209243,Tweet,sermoninstone,sermoninstone,1
209270,Tweet,sermoninstone,bglendenning,135
209261,Tweet,sermoninstone,RorySmith,340
209324,Tweet,sermoninstone,andybrassell,11
209319,Tweet,sermoninstone,elizabday,5
209256,Tweet,sermoninstone,wesley_morris,179
209330,Tweet,sermoninstone,naomi2009,196
209264,Tweet,sermoninstone,sermoninstone,1
209298,Tweet,sermoninstone,VivianHo,42
209297,Tweet,sermoninstone,RosySequeiraTOI,220
209272,Tweet,sermoninstone,charltonbrooker,150
209290,Tweet,sermoninstone,priyagupta999,19
209322,Tweet,sermoninstone,JessicaValenti,114
31402,Article,sangerkatz,sangerkatz,1
31484,Article,sangerkatz,hillhulse,10
31426,Article,sangerkatz,hillhulse,17
31448,Article,sangerkatz,hillhulse,6
31499,Article,sangerkatz,jimtankersley,2
31487,Article,sangerkatz,DouthatNYT,6
31401,Article,sangerkatz,sangerkatz,1
31416,Article,sangerkatz,sangerkatz,1
31459,Article,sangerkatz,sangerkatz,1
31475,Article,sangerkatz,RBReich,4
31425,Article,sangerkatz,jimtankersley,3
31417,Article,sangerkatz,sangerkatz,1
31498,Article,sangerkatz,jeannasmialek,3
31461,Article,sangerkatz,ditzkoff,33
31407,Article,sangerkatz,ESCochrane,9
31519,Tweet,sangerkatz,ESCochrane,40
31549,Tweet,sangerkatz,fmanjoo,101
31536,Tweet,sangerkatz,nytdavidbrooks,9
31510,Tweet,sangerkatz,sangerkatz,1
31560,Tweet,sangerkatz,EmilyAnthes,254
31513,Tweet,sangerkatz,tripgabriel,5
31507,Tweet,sangerkatz,andrewrsorkin,4
31533,Tweet,sangerkatz,benkenigsberg,54
31569,Tweet,sangerkatz,jillfilipovic,4
31523,Tweet,sangerkatz,FrankBruni,6
31559,Tweet,sangerkatz,ArthurNeslen,167
31515,Tweet,sangerkatz,paulkrugman,3
31575,Tweet,sangerkatz,paulkrugman,7
31506,Tweet,sangerkatz,RBReich,11
31588,Tweet,sangerkatz,sangerkatz,1
173615,Article,AnujaJaiswalTOI,AnujaJaiswalTOI,1
173508,Article,AnujaJaiswalTOI,PhanindraP_TNIE,18
173677,Article,AnujaJaiswalTOI,rajendrasTOI,110
173515,Article,AnujaJaiswalTOI,digbijaymishra1,78
173494,Article,AnujaJaiswalTOI,Banjotkaur,14
173479,Article,AnujaJaiswalTOI,AtulMathur_,73
173648,Article,AnujaJaiswalTOI,rajendrasTOI,115
173686,Article,AnujaJaiswalTOI,AtulMathur_,72
173647,Article,AnujaJaiswalTOI,Crime_Selvaraj,15
173707,Article,AnujaJaiswalTOI,Banjotkaur,2
173679,Article,AnujaJaiswalTOI,naomi2009,36
173534,Article,AnujaJaiswalTOI,ThevarSteffy,4
173710,Article,AnujaJaiswalTOI,PrashantrTOI,100
173629,Article,AnujaJaiswalTOI,PrashantrTOI,17
173691,Article,AnujaJaiswalTOI,AnujaJaiswalTOI,1
173729,Tweet,AnujaJaiswalTOI,AlokKNMishra,40
173725,Tweet,AnujaJaiswalTOI,polblonde,231
173730,Tweet,AnujaJaiswalTOI,AlokKNMishra,101
173748,Tweet,AnujaJaiswalTOI,RoniNYTimes,3
173733,Tweet,AnujaJaiswalTOI,CeylanWrites,6
173756,Tweet,AnujaJaiswalTOI,ChaitanyadTOI,41
173727,Tweet,AnujaJaiswalTOI,vijaysinghTOI,16
173743,Tweet,AnujaJaiswalTOI,PeterTatchell,80
173772,Tweet,AnujaJaiswalTOI,AnujaJaiswalTOI,1
173745,Tweet,AnujaJaiswalTOI,brooksbarnesNYT,444
173734,Tweet,AnujaJaiswalTOI,Crime_Selvaraj,45
173762,Tweet,AnujaJaiswalTOI,williamkeegan,59
173744,Tweet,AnujaJaiswalTOI,ewenmacaskill,38
173751,Tweet,AnujaJaiswalTOI,journo_vibha,4
173752,Tweet,AnujaJaiswalTOI,FelicityCloake,29
21688,Article,helenecooper,AnaSwanson,4
21656,Article,helenecooper,MujMash,28
21685,Article,helenecooper,ericschmittnyt,24
21607,Article,helenecooper,patrickwintour,24
21678,Article,helenecooper,jameskanter,40
21615,Article,helenecooper,ericschmittnyt,5
21665,Article,helenecooper,npfandos,3
21645,Article,helenecooper,ericschmittnyt,2
21625,Article,helenecooper,helenecooper,1
21641,Article,helenecooper,helenecooper,1
21658,Article,helenecooper,helenecooper,1
21670,Article,helenecooper,tariqpanja,2
21654,Article,helenecooper,ericschmittnyt,2
21606,Article,helenecooper,npfandos,2
21648,Article,helenecooper,RBReich,9
21794,Tweet,helenecooper,samsifton,144
21735,Tweet,helenecooper,polblonde,134
21769,Tweet,helenecooper,vvfriedman,148
21786,Tweet,helenecooper,saumyajitbTOI,87
21783,Tweet,helenecooper,NYTLiz,4
21711,Tweet,helenecooper,parthasinha,310
21753,Tweet,helenecooper,NilsPratley,111
21798,Tweet,helenecooper,sisario,54
21708,Tweet,helenecooper,apoorva_nyc,474
21795,Tweet,helenecooper,lucywardsings,328
21787,Tweet,helenecooper,PerriKlass,401
21790,Tweet,helenecooper,mtomasky,162
21745,Tweet,helenecooper,charltonbrooker,380
21748,Tweet,helenecooper,AlysFowler,409
21742,Tweet,helenecooper,ASoloski,64
26007,Article,kenvogel,IKershner,55
26008,Article,kenvogel,jimtankersley,24
26088,Article,kenvogel,charlie_savage,3
26031,Article,kenvogel,ewong,14
26006,Article,kenvogel,npfandos,11
26009,Article,kenvogel,ESCochrane,20
26018,Article,kenvogel,jimtankersley,21
26055,Article,kenvogel,AnaSwanson,10
26016,Article,kenvogel,DouthatNYT,15
26061,Article,kenvogel,llerer,2
26091,Article,kenvogel,Bencjacobs,28
26086,Article,kenvogel,nytmike,5
26042,Article,kenvogel,hillhulse,6
26092,Article,kenvogel,BenWeiserNYT,7
26044,Article,kenvogel,sangerkatz,13
26169,Tweet,kenvogel,billywitz,111
26143,Tweet,kenvogel,digbijaymishra1,452
26155,Tweet,kenvogel,andybrassell,219
26130,Tweet,kenvogel,hannahdev,363
26107,Tweet,kenvogel,billywitz,94
26183,Tweet,kenvogel,JessicaValenti,201
26129,Tweet,kenvogel,ShaneGoldmacher,2
26121,Tweet,kenvogel,gailcollins,51
26109,Tweet,kenvogel,charlie_savage,12
26145,Tweet,kenvogel,alanfeuer,18
26186,Tweet,kenvogel,carolecadwalla,224
26118,Tweet,kenvogel,bencasselman,28
26135,Tweet,kenvogel,peterbradshaw1,431
26180,Tweet,kenvogel,jillfilipovic,51
26152,Tweet,kenvogel,alexanderburns,7
23097,Article,genznyt,FabrizioRomano,18
23026,Article,genznyt,tripgabriel,293
23064,Article,genznyt,genznyt,1
23036,Article,genznyt,mariellaf1,2
23068,Article,genznyt,samrob12,5
23086,Article,genznyt,FabrizioRomano,20
23092,Article,genznyt,samrob12,2
23031,Article,genznyt,genznyt,1
23017,Article,genznyt,tripgabriel,202
23066,Article,genznyt,DSlotnik,2
23046,Article,genznyt,stevenpoole,32
23011,Article,genznyt,sarahditum,11
23099,Article,genznyt,nicholaswatt,19
23051,Article,genznyt,RaphaelMinder,5
23057,Article,genznyt,genznyt,1
23189,Tweet,genznyt,viasimonromero,76
23192,Tweet,genznyt,sarahlyall,293
23162,Tweet,genznyt,andrewrawnsley,200
23165,Tweet,genznyt,TanyaGold1,278
23174,Tweet,genznyt,jackschofield,230
23178,Tweet,genznyt,RosySequeiraTOI,117
23170,Tweet,genznyt,genznyt,1
23146,Tweet,genznyt,hillhulse,176
23139,Tweet,genznyt,lenoretaylor,45
23138,Tweet,genznyt,TristramHuntVA,8
23186,Tweet,genznyt,LFFriedman,225
23118,Tweet,genznyt,genznyt,1
23150,Tweet,genznyt,genznyt,1
23122,Tweet,genznyt,polblonde,3
23184,Tweet,genznyt,NYTimesCohen,164
20229,Article,ditzkoff,oliverburkeman,2
20211,Article,ditzkoff,sio_burke,22
20243,Article,ditzkoff,brooksbarnesNYT,2
20237,Article,ditzkoff,RichSandomir,9
20251,Article,ditzkoff,brooksbarnesNYT,26
20254,Article,ditzkoff,kylebuchanan,2
20262,Article,ditzkoff,NYTimesCohen,43
20294,Article,ditzkoff,RorySmith,77
20273,Article,ditzkoff,brooksbarnesNYT,4
20279,Article,ditzkoff,PerriKlass,23
20220,Article,ditzkoff,DouthatNYT,12
20270,Article,ditzkoff,pete_wells,42
20278,Article,ditzkoff,ditzkoff,1
20281,Article,ditzkoff,aleksk,139
20224,Article,ditzkoff,cdcaron,97
20349,Tweet,ditzkoff,polblonde,43
20358,Tweet,ditzkoff,vvfriedman,123
20355,Tweet,ditzkoff,aleksk,27
20327,Tweet,ditzkoff,jfordham_jazz,12
20312,Tweet,ditzkoff,ditzkoff,1
20325,Tweet,ditzkoff,LauraCummingArt,37
20342,Tweet,ditzkoff,thrasherxy,74
20383,Tweet,ditzkoff,joncaramanica,30
20360,Tweet,ditzkoff,joncaramanica,7
20393,Tweet,ditzkoff,polblonde,366
20311,Tweet,ditzkoff,christophclarey,15
20386,Tweet,ditzkoff,jennydeluxe,7
20333,Tweet,ditzkoff,OwenJones84,34
20387,Tweet,ditzkoff,joncaramanica,19
20368,Tweet,ditzkoff,ajaysuraTOI,62
5867,Article,DavidWaldstein,BenRothenberg,24
5877,Article,DavidWaldstein,bykaren,3
5875,Article,DavidWaldstein,ByJamesWagner,4
5873,Article,DavidWaldstein,saumyajitbTOI,80
5891,Article,DavidWaldstein,parul_sehgal,321
5894,Article,DavidWaldstein,BenRothenberg,6
5856,Article,DavidWaldstein,ByJamesWagner,4
5845,Article,DavidWaldstein,ByJamesWagner,2
5802,Article,DavidWaldstein,BenRothenberg,19
5840,Article,DavidWaldstein,ByJamesWagner,2
5866,Article,DavidWaldstein,RorySmith,12
5874,Article,DavidWaldstein,ByJamesWagner,3
5899,Article,DavidWaldstein,andybrassell,309
5825,Article,DavidWaldstein,jennydeluxe,194
5885,Article,DavidWaldstein,ByJamesWagner,3
5910,Tweet,DavidWaldstein,ByJamesWagner,12
5921,Tweet,DavidWaldstein,HackneyAbbott,136
5932,Tweet,DavidWaldstein,RichSandomir,152
5949,Tweet,DavidWaldstein,pete_wells,12
5963,Tweet,DavidWaldstein,DavidWaldstein,1
5911,Tweet,DavidWaldstein,ByJamesWagner,2
5964,Tweet,DavidWaldstein,RorySmith,7
5991,Tweet,DavidWaldstein,dionnesearcey,203
5973,Tweet,DavidWaldstein,bykaren,4
5941,Tweet,DavidWaldstein,christophclarey,10
5913,Tweet,DavidWaldstein,DavidWaldstein,1
5974,Tweet,DavidWaldstein,billywitz,12
5930,Tweet,DavidWaldstein,billmpennington,2
5956,Tweet,DavidWaldstein,zwoolfe,321
5946,Tweet,DavidWaldstein,saumyajitbTOI,18
10875,Article,jwpetersNYT,sangerkatz,11
10846,Article,jwpetersNYT,jimtankersley,15
10816,Article,jwpetersNYT,nytdavidbrooks,12
10892,Article,jwpetersNYT,FrankBruni,8
10821,Article,jwpetersNYT,Bencjacobs,65
10828,Article,jwpetersNYT,hillhulse,2
10884,Article,jwpetersNYT,mtomasky,12
10893,Article,jwpetersNYT,oliverburkeman,84
10803,Article,jwpetersNYT,hillhulse,23
10866,Article,jwpetersNYT,hillhulse,24
10823,Article,jwpetersNYT,farnazfassihi,220
10888,Article,jwpetersNYT,tripgabriel,10
10832,Article,jwpetersNYT,tripgabriel,17
10858,Article,jwpetersNYT,ESCochrane,59
10859,Article,jwpetersNYT,paulkrugman,6
10921,Tweet,jwpetersNYT,DouthatNYT,41
10900,Tweet,jwpetersNYT,jmart,15
10993,Tweet,jwpetersNYT,nytdavidbrooks,19
10906,Tweet,jwpetersNYT,DouthatNYT,41
10932,Tweet,jwpetersNYT,dwightgarner,4
10979,Tweet,jwpetersNYT,tripgabriel,97
10974,Tweet,jwpetersNYT,kenvogel,19
10965,Tweet,jwpetersNYT,jillfilipovic,40
10927,Tweet,jwpetersNYT,SherylNYT,14
10970,Tweet,jwpetersNYT,livia_ar,88
10929,Tweet,jwpetersNYT,joncaramanica,8
10953,Tweet,jwpetersNYT,nytmike,24
10999,Tweet,jwpetersNYT,DouthatNYT,4
10940,Tweet,jwpetersNYT,hillhulse,40
10923,Tweet,jwpetersNYT,mtomasky,25
15011,Article,noamscheiber,jeannasmialek,2
15079,Article,noamscheiber,hugolowell,9
15007,Article,noamscheiber,noamscheiber,1
15001,Article,noamscheiber,ByJamesWagner,44
15074,Article,noamscheiber,andrewrsorkin,11
15042,Article,noamscheiber,reidepstein,3
15094,Article,noamscheiber,paulkrugman,5
15062,Article,noamscheiber,jeannasmialek,5
15005,Article,noamscheiber,jeannasmialek,3
15057,Article,noamscheiber,jeannasmialek,3
15022,Article,noamscheiber,jeannasmialek,7
15070,Article,noamscheiber,DouthatNYT,23
15084,Article,noamscheiber,hugolowell,12
15064,Article,noamscheiber,marywalshjourno,11
15029,Article,noamscheiber,jeannasmialek,6
15133,Tweet,noamscheiber,paulkrugman,9
15167,Tweet,noamscheiber,melissaclark,148
15192,Tweet,noamscheiber,charltonbrooker,101
15143,Tweet,noamscheiber,paulkrugman,8
15161,Tweet,noamscheiber,hillhulse,5
15120,Tweet,noamscheiber,jonpareles,32
15157,Tweet,noamscheiber,SidharthB25,120
15126,Tweet,noamscheiber,LFFriedman,8
15159,Tweet,noamscheiber,LFFriedman,2
15173,Tweet,noamscheiber,paulkrugman,7
15183,Tweet,noamscheiber,jfordham_jazz,406
15139,Tweet,noamscheiber,hillhulse,2
15193,Tweet,noamscheiber,paulkrugman,3
15153,Tweet,noamscheiber,ESCochrane,6
15136,Tweet,noamscheiber,noamscheiber,1
8694,Article,hillhulse,ESCochrane,2
8642,Article,hillhulse,hillhulse,1
8697,Article,hillhulse,hillhulse,1
8680,Article,hillhulse,ESCochrane,2
8606,Article,hillhulse,NYTimesCohen,12
8672,Article,hillhulse,hillhulse,1
8652,Article,hillhulse,npfandos,2
8647,Article,hillhulse,llerer,5
8689,Article,hillhulse,npfandos,3
8696,Article,hillhulse,hillhulse,1
8656,Article,hillhulse,hillhulse,1
8613,Article,hillhulse,PatrickKingsley,20
8607,Article,hillhulse,hillhulse,1
8600,Article,hillhulse,ESCochrane,3
8629,Article,hillhulse,hillhulse,1
8780,Tweet,hillhulse,hillhulse,1
8771,Tweet,hillhulse,ESCochrane,3
8737,Tweet,hillhulse,ggreenwald,2
8790,Tweet,hillhulse,sangerkatz,2
8715,Tweet,hillhulse,jmart,5
8757,Tweet,hillhulse,ggreenwald,2
8720,Tweet,hillhulse,rachlharris,120
8730,Tweet,hillhulse,hillhulse,1
8753,Tweet,hillhulse,jmart,3
8743,Tweet,hillhulse,el_belson,96
8758,Tweet,hillhulse,PatriciaMazzei,15
8742,Tweet,hillhulse,hillhulse,1
8793,Tweet,hillhulse,andrewrsorkin,16
8719,Tweet,hillhulse,tomfriedman,84
8732,Tweet,hillhulse,Bencjacobs,28
