id,genre,label,prediction,rank,shortlist_hit
122567,Article,MiriamElder,Azi,54,False
122705,Article,MiriamElder,PeterTatchell,18,True
122616,Article,MiriamElder,ChuBailiang,56,False
122635,Article,MiriamElder,jasondhorowitz,129,False
122610,Article,MiriamElder,mikeives,46,False
122716,Article,MiriamElder,bindiyachariTOI,210,False
122761,Article,MiriamElder,dansabbagh,25,True
122730,Article,MiriamElder,NikiKitsantonis,112,False
122725,Article,MiriamElder,NikiKitsantonis,23,True
122784,Article,MiriamElder,kbennhold,40,False
122801,Article,MiriamElder,NeilMacFarquhar,65,False
122760,Article,MiriamElder,JessicaValenti,13,True
122622,Article,MiriamElder,jbouie,200,False
122590,Article,MiriamElder,NikiKitsantonis,16,True
122592,Article,MiriamElder,ChuBailiang,54,False
123083,Tweet,MiriamElder,alexvtunzelmann,211,False
123165,Tweet,MiriamElder,jamesrbuk,107,False
123022,Tweet,MiriamElder,LauraCummingArt,14,True
123096,Tweet,MiriamElder,richardwolffedc,177,False
122820,Tweet,MiriamElder,DanielKingChess,173,False
122862,Tweet,MiriamElder,jhoffman,205,False
122971,Tweet,MiriamElder,aleksk,40,False
123275,Tweet,MiriamElder,LauraCummingArt,20,True
123118,Tweet,MiriamElder,MattFutterman,92,False
123268,Tweet,MiriamElder,vivek9301,412,False
123095,Tweet,MiriamElder,rachshabi,81,False
123320,Tweet,MiriamElder,007pandey,247,False
122828,Tweet,MiriamElder,Shilarze_SSR,133,False
123337,Tweet,MiriamElder,charltonbrooker,50,False
123151,Tweet,MiriamElder,jeannasmialek,165,False
51369,Article,NesrineMalik,DouthatNYT,23,True
51334,Article,NesrineMalik,rondakaysen,26,True
51258,Article,NesrineMalik,jbouie,47,False
51429,Article,NesrineMalik,hannahdev,26,True
51263,Article,NesrineMalik,jennydeluxe,14,True
51274,Article,NesrineMalik,DouthatNYT,89,False
51271,Article,NesrineMalik,ameliagentleman,26,True
51321,Article,NesrineMalik,MarinaOLoughlin,7,True
51474,Article,NesrineMalik,sarahditum,31,True
51265,Article,NesrineMalik,rachshabi,25,True
51432,Article,NesrineMalik,jennydeluxe,13,True
51308,Article,NesrineMalik,MiriamElder,14,True
51309,Article,NesrineMalik,NikiKitsantonis,12,True
51427,Article,NesrineMalik,jimwaterson,42,False
51232,Article,NesrineMalik,jennydeluxe,19,True
52050,Tweet,NesrineMalik,shattenstone,21,True
51968,Tweet,NesrineMalik,jonronson,347,False
52046,Tweet,NesrineMalik,axrenton,94,False
51757,Tweet,NesrineMalik,greenslader,156,False
52057,Tweet,NesrineMalik,LucyMangan,283,False
51637,Tweet,NesrineMalik,rebeccaSTOI,164,False
51924,Tweet,NesrineMalik,saumyajitbTOI,171,False
51928,Tweet,NesrineMalik,MonaChalabi,230,False
51557,Tweet,NesrineMalik,patrickwintour,59,False
51921,Tweet,NesrineMalik,DerekMalcolm123,129,False
51488,Tweet,NesrineMalik,jfordham_jazz,5,True
51964,Tweet,NesrineMalik,mtomasky,4,True
51865,Tweet,NesrineMalik,IAmTimDowling,166,False
51722,Tweet,NesrineMalik,kenanmalik,195,False
51674,Tweet,NesrineMalik,DanielKingChess,94,False
91048,Article,Freedland,michelleinbklyn,329,False
90991,Article,Freedland,noamscheiber,120,False
91101,Article,Freedland,NikiKitsantonis,27,True
91022,Article,Freedland,PatrickKingsley,19,True
91068,Article,Freedland,JessicaValenti,12,True
91087,Article,Freedland,EricaLG,66,False
90955,Article,Freedland,MonaChalabi,16,True
91197,Article,Freedland,elizabday,76,False
90993,Article,Freedland,kenanmalik,36,False
91041,Article,Freedland,ESCochrane,18,True
91180,Article,Freedland,msrachelcooke,44,False
90954,Article,Freedland,sarahditum,19,True
91170,Article,Freedland,jbouie,90,False
91105,Article,Freedland,marthakelner,157,False
90962,Article,Freedland,JessicaValenti,28,True
91502,Tweet,Freedland,MiriamElder,26,True
91364,Tweet,Freedland,allegramcevedy,74,False
91456,Tweet,Freedland,timatkin,286,False
91542,Tweet,Freedland,Mahafreed_Irani,166,False
91608,Tweet,Freedland,aditya_bh16,20,True
91391,Tweet,Freedland,toi_rohanA,246,False
91758,Tweet,Freedland,ollywainwright,29,True
91635,Tweet,Freedland,TridibIANS,249,False
91282,Tweet,Freedland,FranklinBlog,3,True
91216,Tweet,Freedland,kiracochrane,27,True
91328,Tweet,Freedland,timatkin,233,False
91300,Tweet,Freedland,andybrassell,18,True
91512,Tweet,Freedland,saumyajitbTOI,21,True
91270,Tweet,Freedland,sermoninstone,17,True
91704,Tweet,Freedland,ggreenwald,89,False
30807,Article,rachlharris,cdcaron,157,False
30832,Article,rachlharris,dwightgarner,29,True
30800,Article,rachlharris,ShaneGoldmacher,80,False
30802,Article,rachlharris,jennydeluxe,3,True
30877,Article,rachlharris,smbahr14,109,False
30833,Article,rachlharris,MujMash,370,False
30824,Article,rachlharris,DekaJayanta,207,False
30858,Article,rachlharris,adamliptak,200,False
30862,Article,rachlharris,aurelienbrd,352,False
30821,Article,rachlharris,VivianHo,52,False
30882,Article,rachlharris,oliverburkeman,84,False
30866,Article,rachlharris,IKershner,217,False
30886,Article,rachlharris,SribaalaVTOI,325,False
30801,Article,rachlharris,alexanderburns,61,False
30851,Article,rachlharris,gettinviggy,35,False
30936,Tweet,rachlharris,laurenlaverne,145,False
30960,Tweet,rachlharris,FranklinBlog,49,False
30922,Tweet,rachlharris,lisamonteiroTOI,68,False
30908,Tweet,rachlharris,vanbadham,41,False
30967,Tweet,rachlharris,samsifton,61,False
30914,Tweet,rachlharris,wesley_morris,19,True
30920,Tweet,rachlharris,ThevarSteffy,25,True
30973,Tweet,rachlharris,JessicaValenti,77,False
30910,Tweet,rachlharris,parthshastriTOI,98,False
30932,Tweet,rachlharris,ramendrasTOI,24,True
30906,Tweet,rachlharris,shiba_kurian,23,True
30940,Tweet,rachlharris,payaldhawanTOI,24,True
30934,Tweet,rachlharris,smita_mishra,217,False
30911,Tweet,rachlharris,Shreyanka_M,27,True
30951,Tweet,rachlharris,ceciliakang,29,True
40028,Article,john_hooper,KateEMcCann,31,True
40116,Article,john_hooper,jameskanter,30,True
41049,Article,john_hooper,patrickwintour,27,True
38892,Article,john_hooper,PatrickKingsley,21,True
40147,Article,john_hooper,AnushkaAsthana,30,True
39484,Article,john_hooper,ChuBailiang,11,True
40313,Article,john_hooper,RichSandomir,78,False
40052,Article,john_hooper,carolecadwalla,28,True
40688,Article,john_hooper,sendvictorious,32,True
40393,Article,john_hooper,GeorgeMonbiot,29,True
39065,Article,john_hooper,ditzkoff,289,False
39503,Article,john_hooper,RebeccaSeal,30,True
39730,Article,john_hooper,sendvictorious,31,True
40865,Article,john_hooper,patrickwintour,32,True
40800,Article,john_hooper,NeilMacFarquhar,32,True
41813,Tweet,john_hooper,har_mandeep,215,False
42111,Tweet,john_hooper,CarolineLucas,17,True
42076,Tweet,john_hooper,toi_rohanA,287,False
41618,Tweet,john_hooper,rebeccaSTOI,5,True
42078,Tweet,john_hooper,007pandey,111,False
41647,Tweet,john_hooper,alanconnor,10,True
41632,Tweet,john_hooper,ramarkosg,13,True
41786,Tweet,john_hooper,alexbellos,18,True
42054,Tweet,john_hooper,pradeeptTOI,16,True
41980,Tweet,john_hooper,DerekMalcolm123,17,True
42022,Tweet,john_hooper,vijaysinghTOI,181,False
41758,Tweet,john_hooper,ameliagentleman,5,True
41913,Tweet,john_hooper,parthasinha,49,False
41578,Tweet,john_hooper,NilsPratley,58,False
42114,Tweet,john_hooper,omjasvinTOI,11,True
140618,Article,bindelj,chiggi,22,True
140636,Article,bindelj,KateEMcCann,117,False
140607,Article,bindelj,arusbridger,30,True
140510,Article,bindelj,williamnhutton,28,True
140622,Article,bindelj,aleksk,18,True
140529,Article,bindelj,KateEMcCann,30,True
140511,Article,bindelj,OwenJones84,12,True
140624,Article,bindelj,jimwaterson,31,True
140545,Article,bindelj,KateEMcCann,10,True
140585,Article,bindelj,FabrizioRomano,18,True
140647,Article,bindelj,naomi2009,23,True
140559,Article,bindelj,ewenmacaskill,25,True
140601,Article,bindelj,michelleinbklyn,184,False
140530,Article,bindelj,timlottwriter,28,True
140532,Article,bindelj,axrenton,20,True
140902,Tweet,bindelj,Bencjacobs,138,False
141092,Tweet,bindelj,LeoHickman,12,True
141296,Tweet,bindelj,laurenlaverne,24,True
141204,Tweet,bindelj,afuahirsch,59,False
141164,Tweet,bindelj,neelam_raaj,109,False
141175,Tweet,bindelj,LauraCummingArt,52,False
140847,Tweet,bindelj,SearleAdrian,18,True
140995,Tweet,bindelj,stevenpoole,10,True
141288,Tweet,bindelj,mariellaf1,4,True
141209,Tweet,bindelj,jhoffman,352,False
141268,Tweet,bindelj,ameliagentleman,33,False
140890,Tweet,bindelj,nmcintosh,24,True
140874,Tweet,bindelj,VivianHo,35,False
141132,Tweet,bindelj,LauraCummingArt,18,True
140805,Tweet,bindelj,VivianHo,28,True
121918,Article,RebeccaSeal,DouthatNYT,62,False
121831,Article,RebeccaSeal,KateEMcCann,42,False
121915,Article,RebeccaSeal,AnushkaAsthana,16,True
121889,Article,RebeccaSeal,DouthatNYT,112,False
121891,Article,RebeccaSeal,msrachelcooke,22,True
121905,Article,RebeccaSeal,msmirandasawyer,46,False
121885,Article,RebeccaSeal,SearleAdrian,35,False
121772,Article,RebeccaSeal,williamkeegan,19,True
121913,Article,RebeccaSeal,mariellaf1,45,False
121826,Article,RebeccaSeal,allegramcevedy,56,False
121813,Article,RebeccaSeal,KateEMcCann,32,True
121755,Article,RebeccaSeal,pete_wells,17,True
121830,Article,RebeccaSeal,LucyMangan,11,True
121763,Article,RebeccaSeal,HackneyAbbott,10,True
121723,Article,RebeccaSeal,wesley_morris,234,False
122151,Tweet,RebeccaSeal,IAmTimDowling,38,False
122324,Tweet,RebeccaSeal,dkarthikTOI,79,False
122159,Tweet,RebeccaSeal,jonronson,22,True
122001,Tweet,RebeccaSeal,alexbellos,67,False
122195,Tweet,RebeccaSeal,jonathanwatts,22,True
122011,Tweet,RebeccaSeal,patrickwintour,206,False
122188,Tweet,RebeccaSeal,aniljdias,103,False
122238,Tweet,RebeccaSeal,desaisantosh,71,False
122148,Tweet,RebeccaSeal,DanielKingChess,15,True
122516,Tweet,RebeccaSeal,stevenpoole,67,False
122104,Tweet,RebeccaSeal,NilsPratley,26,True
122317,Tweet,RebeccaSeal,vijaysinghTOI,219,False
122408,Tweet,RebeccaSeal,AlysFowler,27,True
122504,Tweet,RebeccaSeal,ollywainwright,158,False
122077,Tweet,RebeccaSeal,JoshuaRozenberg,267,False
205936,Article,rebeccaSTOI,nauzerbTOI,10,True
206059,Article,rebeccaSTOI,paulmasonnews,28,True
205880,Article,rebeccaSTOI,jameskanter,28,True
205952,Article,rebeccaSTOI,NickAtNews,23,True
205928,Article,rebeccaSTOI,ajaykanth7,29,True
206041,Article,rebeccaSTOI,toi_dhananjayM,17,True
205842,Article,rebeccaSTOI,ajaykanth7,16,True
205853,Article,rebeccaSTOI,rhymetraveller,30,True
205875,Article,rebeccaSTOI,sandhyanairTOI,23,True
205889,Article,rebeccaSTOI,jameskanter,14,True
205970,Article,rebeccaSTOI,vaibhavgTOI,18,True
205817,Article,rebeccaSTOI,ajaykanth7,19,True
206010,Article,rebeccaSTOI,ajaykanth7,24,True
205814,Article,rebeccaSTOI,noamscheiber,27,True
205819,Article,rebeccaSTOI,WilbyPeter,19,True
206148,Tweet,rebeccaSTOI,andrew_mueller,121,False
206149,Tweet,rebeccaSTOI,mswainwright,253,False
206103,Tweet,rebeccaSTOI,dipakdashTOI,2,True
206065,Tweet,rebeccaSTOI,ChaitanyadTOI,160,False
206132,Tweet,rebeccaSTOI,ajaykanth7,11,True
206067,Tweet,rebeccaSTOI,TridibIANS,136,False
206126,Tweet,rebeccaSTOI,NewtonSTOI,12,True
206118,Tweet,rebeccaSTOI,Pratiks_TOI,9,True
206078,Tweet,rebeccaSTOI,murarishetyeTOI,4,True
206097,Tweet,rebeccaSTOI,npwcnn,6,True
206146,Tweet,rebeccaSTOI,aditya_bh16,88,False
206093,Tweet,rebeccaSTOI,SribaalaVTOI,99,False
206125,Tweet,rebeccaSTOI,SumitraDebRoy,56,False
206141,Tweet,rebeccaSTOI,murarishetyeTOI,28,True
206128,Tweet,rebeccaSTOI,ajaysuraTOI,57,False
168205,Article,abantika77,marthakelner,9,True
168216,Article,abantika77,jameskanter,35,False
168307,Article,abantika77,AmritadTOI,67,False
168189,Article,abantika77,minatisinghaTOI,20,True
168180,Article,abantika77,SwatiMathurTOI,19,True
168130,Article,abantika77,IKershner,68,False
168126,Article,abantika77,DSandip_TOI,31,True
168161,Article,abantika77,jameskanter,6,True
168144,Article,abantika77,akhileshsTOI,37,False
168100,Article,abantika77,naomi2009,82,False
168251,Article,abantika77,davidhepworth,63,False
168155,Article,abantika77,DSandip_TOI,29,True
168157,Article,abantika77,toi_dhananjayM,32,True
168255,Article,abantika77,akhileshsTOI,29,True
168231,Article,abantika77,SagrikaKissu,69,False
168374,Tweet,abantika77,AtulMathur_,62,False
168406,Tweet,abantika77,vijaysinghTOI,45,False
168389,Tweet,abantika77,SwatiShindeTOI,40,False
168446,Tweet,abantika77,KomalGautham,41,False
168426,Tweet,abantika77,smita_mishra,155,False
168379,Tweet,abantika77,somitsenTOI,96,False
168395,Tweet,abantika77,MoharBasu,165,False
168368,Tweet,abantika77,neelam_raaj,27,True
168373,Tweet,abantika77,psangeetha2112,107,False
168366,Tweet,abantika77,psangeetha2112,185,False
168351,Tweet,abantika77,PamBelluck,141,False
168388,Tweet,abantika77,Crime_Selvaraj,51,False
168424,Tweet,abantika77,advityabahlTOI,176,False
168414,Tweet,abantika77,tushhaikhush,60,False
168439,Tweet,abantika77,maevesther,132,False
49755,Article,jimwaterson,RorySmith,31,True
49711,Article,jimwaterson,elizabday,33,False
49549,Article,jimwaterson,nicholaswatt,30,True
49620,Article,jimwaterson,carolecadwalla,26,True
49744,Article,jimwaterson,KateEMcCann,23,True
49583,Article,jimwaterson,KateEMcCann,27,True
49635,Article,jimwaterson,NikiKitsantonis,13,True
49548,Article,jimwaterson,charltonbrooker,16,True
49662,Article,jimwaterson,CarolineLucas,18,True
49690,Article,jimwaterson,peterbakernyt,91,False
49591,Article,jimwaterson,williamnhutton,19,True
49761,Article,jimwaterson,elizabday,11,True
49785,Article,jimwaterson,KateEMcCann,17,True
49553,Article,jimwaterson,KateEMcCann,29,True
49762,Article,jimwaterson,michelleinbklyn,53,False
49986,Tweet,jimwaterson,alexbellos,166,False
50002,Tweet,jimwaterson,davidhepworth,27,True
49971,Tweet,jimwaterson,ajaysuraTOI,173,False
50321,Tweet,jimwaterson,steve_hewlett,28,True
49886,Tweet,jimwaterson,davidhepworth,56,False
49878,Tweet,jimwaterson,billicritic,221,False
50338,Tweet,jimwaterson,ukigoni,24,True
50248,Tweet,jimwaterson,parthasinha,162,False
50334,Tweet,jimwaterson,toi_dhananjayM,43,False
49938,Tweet,jimwaterson,maevesther,161,False
50083,Tweet,jimwaterson,KSchulten,82,False
49858,Tweet,jimwaterson,bindelj,20,True
50061,Tweet,jimwaterson,parthasinha,26,True
49997,Tweet,jimwaterson,alanconnor,88,False
50336,Tweet,jimwaterson,PeterTatchell,102,False
109481,Article,IanCobain,CarolineLucas,18,True
109588,Article,IanCobain,charltonbrooker,8,True
109573,Article,IanCobain,MaggieAstor,20,True
109648,Article,IanCobain,aleksk,9,True
109673,Article,IanCobain,wesley_morris,168,False
109492,Article,IanCobain,KateEMcCann,13,True
109583,Article,IanCobain,PatrickKingsley,50,False
109521,Article,IanCobain,michelleinbklyn,213,False
109688,Article,IanCobain,ajaykanth7,24,True
109705,Article,IanCobain,CeylanWrites,24,True
109638,Article,IanCobain,carolecadwalla,11,True
109487,Article,IanCobain,CeylanWrites,13,True
109533,Article,IanCobain,dwightgarner,39,False
109634,Article,IanCobain,jimwaterson,5,True
109678,Article,IanCobain,Markbeaumontuk,8,True
109796,Tweet,IanCobain,marthakelner,22,True
109946,Tweet,IanCobain,peterbradshaw1,327,False
110100,Tweet,IanCobain,mateenHTOI,75,False
109746,Tweet,IanCobain,TridibIANS,408,False
110202,Tweet,IanCobain,ajaykanth7,46,False
110175,Tweet,IanCobain,ajaysuraTOI,77,False
110258,Tweet,IanCobain,davidhepworth,65,False
110158,Tweet,IanCobain,desaisantosh,217,False
109757,Tweet,IanCobain,alexvtunzelmann,196,False
110214,Tweet,IanCobain,polblonde,22,True
110141,Tweet,IanCobain,neelam_raaj,236,False
110113,Tweet,IanCobain,saumyajitbTOI,91,False
110030,Tweet,IanCobain,SearleAdrian,60,False
109886,Tweet,IanCobain,aditya_bh16,178,False
109929,Tweet,IanCobain,TridibIANS,266,False
57338,Article,steve_hewlett,stevenpoole,23,True
57327,Article,steve_hewlett,jimwaterson,21,True
57228,Article,steve_hewlett,timlottwriter,14,True
57334,Article,steve_hewlett,greenslader,24,True
57401,Article,steve_hewlett,greenslader,22,True
57348,Article,steve_hewlett,williamnhutton,11,True
57281,Article,steve_hewlett,KateEMcCann,19,True
57164,Article,steve_hewlett,bglendenning,20,True
57284,Article,steve_hewlett,jimwaterson,29,True
57366,Article,steve_hewlett,sendvictorious,14,True
57169,Article,steve_hewlett,bglendenning,15,True
57385,Article,steve_hewlett,axrenton,20,True
57286,Article,steve_hewlett,KateEMcCann,21,True
57210,Article,steve_hewlett,RebeccaSeal,28,True
57233,Article,steve_hewlett,sendvictorious,30,True
57561,Tweet,steve_hewlett,jatinder_tur,23,True
57708,Tweet,steve_hewlett,lucysiegle,63,False
57873,Tweet,steve_hewlett,toi_shailendraA,36,False
57920,Tweet,steve_hewlett,mswainwright,23,True
57952,Tweet,steve_hewlett,rpogrebin,356,False
57886,Tweet,steve_hewlett,mariellaf1,17,True
57733,Tweet,steve_hewlett,jackschofield,437,False
57781,Tweet,steve_hewlett,NilsPratley,5,True
57986,Tweet,steve_hewlett,LauraCummingArt,152,False
57815,Tweet,steve_hewlett,sermoninstone,57,False
57752,Tweet,steve_hewlett,allegramcevedy,11,True
57645,Tweet,steve_hewlett,allegramcevedy,15,True
57611,Tweet,steve_hewlett,TridibIANS,323,False
57722,Tweet,steve_hewlett,mswainwright,17,True
57841,Tweet,steve_hewlett,PeterTatchell,15,True
90420,Article,joshwiddicombe,KateEMcCann,39,False
90287,Article,joshwiddicombe,RosySequeiraTOI,329,False
90374,Article,joshwiddicombe,shattenstone,27,True
90264,Article,joshwiddicombe,hadleyfreeman,144,False
90393,Article,joshwiddicombe,OwenJones84,34,False
90359,Article,joshwiddicombe,philipoltermann,18,True
90385,Article,joshwiddicombe,naomi2009,34,False
90323,Article,joshwiddicombe,fmanjoo,107,False
90362,Article,joshwiddicombe,rachshabi,100,False
90386,Article,joshwiddicombe,toi_dhananjayM,289,False
90281,Article,joshwiddicombe,axrenton,133,False
90366,Article,joshwiddicombe,ewenmacaskill,27,True
90361,Article,joshwiddicombe,sermoninstone,236,False
90382,Article,joshwiddicombe,shattenstone,31,True
90300,Article,joshwiddicombe,hadleyfreeman,144,False
90740,Tweet,joshwiddicombe,msmirandasawyer,13,True
90914,Tweet,joshwiddicombe,sendvictorious,11,True
90904,Tweet,joshwiddicombe,DerekMalcolm123,78,False
90898,Tweet,joshwiddicombe,karenzraick,124,False
90556,Tweet,joshwiddicombe,alanconnor,126,False
90568,Tweet,joshwiddicombe,jfordham_jazz,65,False
90702,Tweet,joshwiddicombe,billicritic,184,False
90477,Tweet,joshwiddicombe,Shreyanka_M,82,False
90540,Tweet,joshwiddicombe,lindasgrant,99,False
90602,Tweet,joshwiddicombe,sarahchurchwell,101,False
90889,Tweet,joshwiddicombe,maevesther,72,False
90716,Tweet,joshwiddicombe,bishnoiarvind11,30,True
90471,Tweet,joshwiddicombe,msmirandasawyer,10,True
90638,Tweet,joshwiddicombe,lyngardner,25,True
90664,Tweet,joshwiddicombe,Pratiks_TOI,27,True
151315,Article,ottolenghi,lindasgrant,5,True
151520,Article,ottolenghi,lindasgrant,19,True
151400,Article,ottolenghi,melissaclark,15,True
151319,Article,ottolenghi,hadleyfreeman,166,False
151540,Article,ottolenghi,john_hooper,20,True
151385,Article,ottolenghi,lindasgrant,4,True
151330,Article,ottolenghi,PippaCrerar,2,True
151428,Article,ottolenghi,KateEMcCann,30,True
151317,Article,ottolenghi,saumyajitbTOI,18,True
151356,Article,ottolenghi,we_are_food,23,True
151411,Article,ottolenghi,melissaclark,2,True
151512,Article,ottolenghi,ASoloski,13,True
151447,Article,ottolenghi,KateEMcCann,10,True
151466,Article,ottolenghi,RowennaDavis,11,True
151354,Article,ottolenghi,AmritadTOI,8,True
151635,Tweet,ottolenghi,meeravohraTOI,25,True
151717,Tweet,ottolenghi,elizabday,174,False
151919,Tweet,ottolenghi,RebeccaSeal,25,True
152158,Tweet,ottolenghi,AshokPradhanTOI,31,True
151941,Tweet,ottolenghi,smita_mishra,11,True
151952,Tweet,ottolenghi,ollywainwright,16,True
152067,Tweet,ottolenghi,mswainwright,25,True
151897,Tweet,ottolenghi,nauzerbTOI,195,False
152078,Tweet,ottolenghi,manvirsainiTOI,9,True
151626,Tweet,ottolenghi,divyapal2013,21,True
151810,Tweet,ottolenghi,bagishjhaTOI,23,True
151774,Tweet,ottolenghi,MohitaTOI,29,True
152055,Tweet,ottolenghi,Banjotkaur,28,True
152109,Tweet,ottolenghi,TimdeLisle,21,True
152142,Tweet,ottolenghi,ArthurNeslen,118,False
83903,Article,jhoffman,msrachelcooke,186,False
84072,Article,jhoffman,SangerNYT,28,True
84102,Article,jhoffman,DouthatNYT,28,True
84108,Article,jhoffman,ggreenwald,29,True
83981,Article,jhoffman,arusbridger,19,True
83998,Article,jhoffman,Markbeaumontuk,28,True
84081,Article,jhoffman,jackschofield,21,True
84039,Article,jhoffman,michelleinbklyn,30,True
84046,Article,jhoffman,ggreenwald,28,True
84031,Article,jhoffman,wesley_morris,28,True
84122,Article,jhoffman,greenslader,26,True
84111,Article,jhoffman,DouthatNYT,31,True
83944,Article,jhoffman,ditzkoff,30,True
83962,Article,jhoffman,wesley_morris,26,True
84129,Article,jhoffman,kenvogel,30,True
84582,Tweet,jhoffman,RaphaelMinder,49,False
84337,Tweet,jhoffman,aseemsgujar,35,False
84338,Tweet,jhoffman,mtomasky,70,False
84497,Tweet,jhoffman,FabrizioRomano,178,False
84335,Tweet,jhoffman,samsifton,24,True
84576,Tweet,jhoffman,jhoffman,1,True
84208,Tweet,jhoffman,nytdavidbrooks,35,False
84169,Tweet,jhoffman,paulmasonnews,27,True
84483,Tweet,jhoffman,divyapal2013,175,False
84265,Tweet,jhoffman,FabrizioRomano,101,False
84393,Tweet,jhoffman,BawaNaaved,3,True
84333,Tweet,jhoffman,TristramHuntVA,25,True
84154,Tweet,jhoffman,har_mandeep,45,False
84452,Tweet,jhoffman,jorifinkel,20,True
84238,Tweet,jhoffman,elizabday,59,False
97769,Article,andrewrawnsley,martcrossy,9,True
97676,Article,andrewrawnsley,fmanjoo,104,False
97764,Article,andrewrawnsley,jimtankersley,129,False
97870,Article,andrewrawnsley,LucyMangan,27,True
97713,Article,andrewrawnsley,kbennhold,161,False
97694,Article,andrewrawnsley,jayrayner1,135,False
97661,Article,andrewrawnsley,sarahditum,62,False
97644,Article,andrewrawnsley,CarolineLucas,27,True
97741,Article,andrewrawnsley,MarinaOLoughlin,49,False
97678,Article,andrewrawnsley,joecoscarelli,69,False
97854,Article,andrewrawnsley,salihughes,47,False
97781,Article,andrewrawnsley,jonronson,57,False
97695,Article,andrewrawnsley,AnushkaAsthana,38,False
97874,Article,andrewrawnsley,Freedland,22,True
97683,Article,andrewrawnsley,jamesrbuk,39,False
98209,Tweet,andrewrawnsley,alanfeuer,30,True
98186,Tweet,andrewrawnsley,seaningle,30,True
98082,Tweet,andrewrawnsley,emilybell,21,True
97912,Tweet,andrewrawnsley,DerekMalcolm123,19,True
98072,Tweet,andrewrawnsley,jackschofield,29,True
98151,Tweet,andrewrawnsley,RichSandomir,27,True
98484,Tweet,andrewrawnsley,NickAtNews,31,True
98016,Tweet,andrewrawnsley,adwaidh,15,True
98407,Tweet,andrewrawnsley,AraniBasuTOI,26,True
98111,Tweet,andrewrawnsley,AraniBasuTOI,29,True
98342,Tweet,andrewrawnsley,rpogrebin,32,True
98370,Tweet,andrewrawnsley,emilybell,25,True
98341,Tweet,andrewrawnsley,AraniBasuTOI,29,True
98204,Tweet,andrewrawnsley,greenslader,28,True
97978,Tweet,andrewrawnsley,alanconnor,30,True
119192,Article,andrew_mueller,ewenmacaskill,28,True
119387,Article,andrew_mueller,sarahlyall,37,False
119254,Article,andrew_mueller,carolecadwalla,108,False
119365,Article,andrew_mueller,KateEMcCann,29,True
119221,Article,andrew_mueller,KateEMcCann,15,True
119284,Article,andrew_mueller,KateEMcCann,30,True
119378,Article,andrew_mueller,naomi2009,22,True
119267,Article,andrew_mueller,KateEMcCann,16,True
119388,Article,andrew_mueller,chiggi,252,False
119281,Article,andrew_mueller,rachshabi,125,False
119270,Article,andrew_mueller,KateEMcCann,26,True
119280,Article,andrew_mueller,shattenstone,144,False
119333,Article,andrew_mueller,mariellaf1,29,True
119394,Article,andrew_mueller,DerekMalcolm123,21,True
119169,Article,andrew_mueller,KateEMcCann,18,True
119575,Tweet,andrew_mueller,NilsPratley,54,False
119758,Tweet,andrew_mueller,greenslader,7,True
119628,Tweet,andrew_mueller,alexbellos,4,True
119721,Tweet,andrew_mueller,DerekMalcolm123,38,False
119425,Tweet,andrew_mueller,TanyaGold1,13,True
119473,Tweet,andrew_mueller,jfordham_jazz,15,True
119500,Tweet,andrew_mueller,debaratisen,35,False
119553,Tweet,andrew_mueller,NishikantkTOI,174,False
119802,Tweet,andrew_mueller,martcrossy,11,True
119604,Tweet,andrew_mueller,alexvtunzelmann,118,False
119895,Tweet,andrew_mueller,TristramHuntVA,23,True
119726,Tweet,andrew_mueller,DerekMalcolm123,19,True
119491,Tweet,andrew_mueller,NilsPratley,13,True
119793,Tweet,andrew_mueller,NilsPratley,8,True
119458,Tweet,andrew_mueller,nnougayrede,123,False
219532,Article,UttaraVarmaTOI,bindiyachariTOI,30,True
219516,Article,UttaraVarmaTOI,SunilSubaiah,61,False
219574,Article,UttaraVarmaTOI,AlokKNMishra,58,False
219499,Article,UttaraVarmaTOI,toi_dhananjayM,88,False
219488,Article,UttaraVarmaTOI,murarishetye,44,False
219497,Article,UttaraVarmaTOI,jameskanter,71,False
219583,Article,UttaraVarmaTOI,AlokKNMishra,31,True
219575,Article,UttaraVarmaTOI,jeannasmialek,170,False
219439,Article,UttaraVarmaTOI,gettleman,32,True
219493,Article,UttaraVarmaTOI,dipakdashTOI,23,True
219567,Article,UttaraVarmaTOI,bindiyachariTOI,22,True
219530,Article,UttaraVarmaTOI,jasondhorowitz,41,False
219523,Article,UttaraVarmaTOI,akhileshsTOI,53,False
219529,Article,UttaraVarmaTOI,bagishjhaTOI,8,True
219520,Article,UttaraVarmaTOI,har_mandeep,55,False
219705,Tweet,UttaraVarmaTOI,divyapal2013,62,False
219693,Tweet,UttaraVarmaTOI,ajaykanth7,54,False
219691,Tweet,UttaraVarmaTOI,vijaypTOI,21,True
219694,Tweet,UttaraVarmaTOI,mohuadazz,17,True
219636,Tweet,UttaraVarmaTOI,vijaypTOI,19,True
219640,Tweet,UttaraVarmaTOI,pankajdoval,136,False
219611,Tweet,UttaraVarmaTOI,KomalGautham,54,False
219680,Tweet,UttaraVarmaTOI,saumyajitbTOI,224,False
219627,Tweet,UttaraVarmaTOI,RosySequeiraTOI,129,False
219631,Tweet,UttaraVarmaTOI,RosySequeiraTOI,26,True
219675,Tweet,UttaraVarmaTOI,TimdeLisle,239,False
219697,Tweet,UttaraVarmaTOI,meeravohraTOI,157,False
219660,Tweet,UttaraVarmaTOI,LauraCummingArt,88,False
219699,Tweet,UttaraVarmaTOI,oliverburkeman,252,False
219689,Tweet,UttaraVarmaTOI,Chethan_Dash,25,True
222249,Article,yeshikabudhwar,vijayVsinghTOI,16,True
222137,Article,yeshikabudhwar,SidharthB25,20,True
222221,Article,yeshikabudhwar,toi_dhananjayM,24,True
222283,Article,yeshikabudhwar,KateEMcCann,5,True
222197,Article,yeshikabudhwar,AjayUgrasTOI,27,True
222153,Article,yeshikabudhwar,jameskanter,107,False
222294,Article,yeshikabudhwar,AmritadTOI,22,True
222161,Article,yeshikabudhwar,CeylanWrites,36,False
222329,Article,yeshikabudhwar,KateEMcCann,24,True
222189,Article,yeshikabudhwar,rajatpTOI,7,True
222235,Article,yeshikabudhwar,sandhyanairTOI,12,True
222187,Article,yeshikabudhwar,DSandip_TOI,9,True
222206,Article,yeshikabudhwar,ajaykanth7,2,True
222321,Article,yeshikabudhwar,livia_ar,41,False
222133,Article,yeshikabudhwar,rashmidTOI,21,True
222422,Tweet,yeshikabudhwar,IpsitaTOI,69,False
222448,Tweet,yeshikabudhwar,aleksk,43,False
222466,Tweet,yeshikabudhwar,FranklinBlog,165,False
222395,Tweet,yeshikabudhwar,debaratisen,153,False
222418,Tweet,yeshikabudhwar,LauraCummingArt,59,False
222435,Tweet,yeshikabudhwar,NYTimesCohen,438,False
222408,Tweet,yeshikabudhwar,nauzerbTOI,51,False
222390,Tweet,yeshikabudhwar,jhoffman,149,False
222444,Tweet,yeshikabudhwar,jackschofield,237,False
222407,Tweet,yeshikabudhwar,smita_mishra,290,False
222457,Tweet,yeshikabudhwar,divyapal2013,148,False
222454,Tweet,yeshikabudhwar,brooksbarnesNYT,88,False
222460,Tweet,yeshikabudhwar,journo_vibha,61,False
222371,Tweet,yeshikabudhwar,ByJamesWagner,29,True
222427,Tweet,yeshikabudhwar,jackschofield,182,False
20093,Article,chrishughes,jeannasmialek,9,True
20068,Article,chrishughes,jeannasmialek,9,True
20070,Article,chrishughes,jeannasmialek,9,True
20059,Article,chrishughes,jeannasmialek,9,True
20027,Article,chrishughes,jeannasmialek,9,True
20096,Article,chrishughes,samsifton,174,False
20097,Article,chrishughes,jeannasmialek,9,True
20049,Article,chrishughes,jeannasmialek,9,True
20066,Article,chrishughes,jeannasmialek,9,True
20075,Article,chrishughes,jeannasmialek,9,True
20008,Article,chrishughes,jeannasmialek,9,True
20072,Article,chrishughes,jeannasmialek,9,True
20000,Article,chrishughes,melissaclark,427,False
20010,Article,chrishughes,_nicolaclark,311,False
20088,Article,chrishughes,jeannasmialek,9,True
20161,Tweet,chrishughes,Bencjacobs,45,False
20191,Tweet,chrishughes,timatkin,397,False
20162,Tweet,chrishughes,richapintoi,210,False
20107,Tweet,chrishughes,GlennThrush,122,False
20139,Tweet,chrishughes,MonaChalabi,60,False
20130,Tweet,chrishughes,richardwolffedc,188,False
20144,Tweet,chrishughes,thrasherxy,16,True
20197,Tweet,chrishughes,lenoretaylor,456,False
20108,Tweet,chrishughes,jackschofield,208,False
20117,Tweet,chrishughes,RBReich,20,True
20118,Tweet,chrishughes,ajaysuraTOI,457,False
20157,Tweet,chrishughes,Shilarze_SSR,15,True
20194,Tweet,chrishughes,ggreenwald,29,True
20198,Tweet,chrishughes,bylizrobbins,182,False
20176,Tweet,chrishughes,ggreenwald,16,True
47855,Article,kenanmalik,GeorgeMonbiot,7,True
47966,Article,kenanmalik,hannahdev,8,True
48075,Article,kenanmalik,RebeccaSeal,27,True
47919,Article,kenanmalik,KateEMcCann,44,False
47846,Article,kenanmalik,jeannasmialek,293,False
48094,Article,kenanmalik,RebeccaSeal,27,True
47981,Article,kenanmalik,jimwaterson,30,True
47917,Article,kenanmalik,aurelienbrd,25,True
47881,Article,kenanmalik,GeorgeMonbiot,130,False
47987,Article,kenanmalik,sudeshnagTOI,20,True
48077,Article,kenanmalik,DouthatNYT,27,True
47847,Article,kenanmalik,marcatracy,73,False
48020,Article,kenanmalik,jimwaterson,29,True
48089,Article,kenanmalik,durgeshjhaTOI,32,True
48033,Article,kenanmalik,sendvictorious,30,True
48165,Tweet,kenanmalik,bindelj,202,False
48493,Tweet,kenanmalik,steve_hewlett,38,False
48307,Tweet,kenanmalik,stevenpoole,24,True
48571,Tweet,kenanmalik,kylebuchanan,129,False
48634,Tweet,kenanmalik,FabrizioRomano,21,True
48185,Tweet,kenanmalik,Bencjacobs,167,False
48345,Tweet,kenanmalik,sendvictorious,135,False
48582,Tweet,kenanmalik,DerekMalcolm123,53,False
48386,Tweet,kenanmalik,TimdeLisle,92,False
48478,Tweet,kenanmalik,IpsitaTOI,77,False
48435,Tweet,kenanmalik,alanfeuer,335,False
48161,Tweet,kenanmalik,jfordham_jazz,244,False
48501,Tweet,kenanmalik,TimdeLisle,115,False
48579,Tweet,kenanmalik,rachshabi,46,False
48524,Tweet,kenanmalik,DerekMalcolm123,24,True
210533,Article,ShoebKhanTOI,jameskanter,76,False
210600,Article,ShoebKhanTOI,akhileshsTOI,41,False
210531,Article,ShoebKhanTOI,melissaclark,39,False
210449,Article,ShoebKhanTOI,KapildaveTOI,31,True
210596,Article,ShoebKhanTOI,KTVinobhaTOI,18,True
210418,Article,ShoebKhanTOI,bindiyachariTOI,28,True
210575,Article,ShoebKhanTOI,ipsinghTOI,14,True
210514,Article,ShoebKhanTOI,CeylanWrites,20,True
210611,Article,ShoebKhanTOI,gmorgenson,16,True
210553,Article,ShoebKhanTOI,PjJoychen,30,True
210416,Article,ShoebKhanTOI,SunilSubaiah,21,True
210623,Article,ShoebKhanTOI,andrewrsorkin,128,False
210562,Article,ShoebKhanTOI,SidharthB25,20,True
210498,Article,ShoebKhanTOI,PNaveenTOI,96,False
210572,Article,ShoebKhanTOI,NilsPratley,88,False
210702,Tweet,ShoebKhanTOI,parthshastriTOI,29,True
210685,Tweet,ShoebKhanTOI,vijaypTOI,10,True
210665,Tweet,ShoebKhanTOI,JessicaValenti,457,False
210651,Tweet,ShoebKhanTOI,har_mandeep,13,True
210715,Tweet,ShoebKhanTOI,lisamonteiroTOI,13,True
210696,Tweet,ShoebKhanTOI,shafaquealamTOI,3,True
210707,Tweet,ShoebKhanTOI,AjayUgrasTOI,27,True
210667,Tweet,ShoebKhanTOI,Arun_Ram,99,False
210730,Tweet,ShoebKhanTOI,toi_shailendraA,3,True
210677,Tweet,ShoebKhanTOI,PhanindraP_TNIE,16,True
210636,Tweet,ShoebKhanTOI,AditiZero,30,True
210721,Tweet,ShoebKhanTOI,BawaNaaved,6,True
210644,Tweet,ShoebKhanTOI,adwaidh,147,False
210727,Tweet,ShoebKhanTOI,saumyajitbTOI,7,True
210672,Tweet,ShoebKhanTOI,vijaysinghTOI,9,True
208014,Article,Rupalijee,rjadHinduBL,12,True
208021,Article,Rupalijee,EVincentelli,28,True
207867,Article,Rupalijee,bindiyachariTOI,11,True
207952,Article,Rupalijee,NewtonSTOI,12,True
207903,Article,Rupalijee,asrpmukeshTOI,25,True
208055,Article,Rupalijee,Banjotkaur,19,True
207908,Article,Rupalijee,SagrikaKissu,4,True
208013,Article,Rupalijee,NewtonSTOI,20,True
207938,Article,Rupalijee,vijaypTOI,13,True
208027,Article,Rupalijee,bencasselman,26,True
207893,Article,Rupalijee,rajendrasTOI,30,True
207932,Article,Rupalijee,anandbodhTOI,9,True
208092,Article,Rupalijee,niyatiparikhTOI,14,True
208057,Article,Rupalijee,bencasselman,10,True
207990,Article,Rupalijee,sisario,26,True
208167,Tweet,Rupalijee,ajaysuraTOI,58,False
208186,Tweet,Rupalijee,Pratiks_TOI,2,True
208121,Tweet,Rupalijee,journo_vibha,54,False
208136,Tweet,Rupalijee,somitsenTOI,258,False
208125,Tweet,Rupalijee,SiwachSukhbir,63,False
208174,Tweet,Rupalijee,williamkeegan,18,True
208115,Tweet,Rupalijee,kumaraswamykTOI,69,False
208094,Tweet,Rupalijee,KomalGautham,14,True
208107,Tweet,Rupalijee,SyedAkbarTOI,153,False
208165,Tweet,Rupalijee,jatinder_tur,15,True
208154,Tweet,Rupalijee,ChaitanyadTOI,15,True
208129,Tweet,Rupalijee,priyagupta999,78,False
208127,Tweet,Rupalijee,vaibhavgTOI,67,False
208103,Tweet,Rupalijee,AraniBasuTOI,41,False
208187,Tweet,Rupalijee,vanbadham,241,False
65685,Article,davidleighx,hadleyfreeman,184,False
65609,Article,davidleighx,DouthatNYT,12,True
65772,Article,davidleighx,KateEMcCann,10,True
65776,Article,davidleighx,KateEMcCann,8,True
65680,Article,davidleighx,KeithBradsher,21,True
65741,Article,davidleighx,ggreenwald,25,True
65546,Article,davidleighx,noamscheiber,90,False
65597,Article,davidleighx,KateEMcCann,16,True
65715,Article,davidleighx,farnazfassihi,12,True
65655,Article,davidleighx,NeilMacFarquhar,30,True
65758,Article,davidleighx,carolecadwalla,26,True
65726,Article,davidleighx,livia_ar,232,False
65536,Article,davidleighx,bencasselman,227,False
65642,Article,davidleighx,KateEMcCann,20,True
65763,Article,davidleighx,charltonbrooker,15,True
66092,Tweet,davidleighx,emilybell,24,True
66168,Tweet,davidleighx,dansabbagh,2,True
66257,Tweet,davidleighx,nmcintosh,30,True
65936,Tweet,davidleighx,ajaysuraTOI,4,True
66082,Tweet,davidleighx,thrasherxy,230,False
66184,Tweet,davidleighx,ewenmacaskill,24,True
65946,Tweet,davidleighx,itsshibuthomas,21,True
65947,Tweet,davidleighx,SarahMaslinNir,92,False
66109,Tweet,davidleighx,ukigoni,11,True
65810,Tweet,davidleighx,emilybell,30,True
66340,Tweet,davidleighx,alexvtunzelmann,68,False
66356,Tweet,davidleighx,jackschofield,26,True
66153,Tweet,davidleighx,alexbellos,51,False
65959,Tweet,davidleighx,nauzerbTOI,130,False
66274,Tweet,davidleighx,kiracochrane,31,True
20443,Article,dwightgarner,DouthatNYT,23,True
20448,Article,dwightgarner,DerekMalcolm123,14,True
20462,Article,dwightgarner,andrewrsorkin,29,True
20422,Article,dwightgarner,DerekMalcolm123,16,True
20447,Article,dwightgarner,shiba_kurian,22,True
20424,Article,dwightgarner,NYTimesCohen,5,True
20433,Article,dwightgarner,bydanielvictor,17,True
20452,Article,dwightgarner,RaphaelMinder,15,True
20477,Article,dwightgarner,KeithBradsher,3,True
20444,Article,dwightgarner,williamkeegan,135,False
20421,Article,dwightgarner,MujMash,29,True
20449,Article,dwightgarner,EVincentelli,10,True
20463,Article,dwightgarner,PerriKlass,32,True
20403,Article,dwightgarner,DouthatNYT,32,True
20458,Article,dwightgarner,arusbridger,8,True
20546,Tweet,dwightgarner,sarahchurchwell,45,False
20515,Tweet,dwightgarner,IanCobain,206,False
20584,Tweet,dwightgarner,thrasherxy,25,True
20588,Tweet,dwightgarner,smita_mishra,368,False
20520,Tweet,dwightgarner,nicholaswatt,348,False
20587,Tweet,dwightgarner,ggreenwald,20,True
20549,Tweet,dwightgarner,jonpareles,13,True
20599,Tweet,dwightgarner,FrankBruni,14,True
20555,Tweet,dwightgarner,NYTimesCohen,17,True
20594,Tweet,dwightgarner,nnougayrede,131,False
20509,Tweet,dwightgarner,Markbeaumontuk,240,False
20527,Tweet,dwightgarner,attackerman,48,False
20523,Tweet,dwightgarner,questingvole,244,False
20597,Tweet,dwightgarner,toi_rohanA,98,False
20542,Tweet,dwightgarner,jillfilipovic,144,False
192282,Article,manvirsainiTOI,NilsPratley,97,False
192504,Article,manvirsainiTOI,naomi2009,61,False
192360,Article,manvirsainiTOI,AnaSwanson,12,True
192298,Article,manvirsainiTOI,AndrewSparrow,83,False
192344,Article,manvirsainiTOI,DekaJayanta,159,False
192295,Article,manvirsainiTOI,AlysFowler,265,False
192329,Article,manvirsainiTOI,AmritadTOI,25,True
192361,Article,manvirsainiTOI,AnaSwanson,27,True
192372,Article,manvirsainiTOI,FlitterOnFraud,176,False
192423,Article,manvirsainiTOI,AniltheMatrix,67,False
192371,Article,manvirsainiTOI,charltonbrooker,113,False
192418,Article,manvirsainiTOI,durgeshjhaTOI,278,False
192306,Article,manvirsainiTOI,michaelcrowley,141,False
192475,Article,manvirsainiTOI,vaibhavgTOI,38,False
192448,Article,manvirsainiTOI,toi_dhananjayM,95,False
192601,Tweet,manvirsainiTOI,rajatpTOI,80,False
192599,Tweet,manvirsainiTOI,manvirsainiTOI,1,True
192547,Tweet,manvirsainiTOI,priyagupta999,2,True
192527,Tweet,manvirsainiTOI,ChaithanyaSwamy,2,True
192570,Tweet,manvirsainiTOI,SindhukTOI,110,False
192513,Tweet,manvirsainiTOI,itsshibuthomas,113,False
192515,Tweet,manvirsainiTOI,murarishetye,66,False
192535,Tweet,manvirsainiTOI,somitsenTOI,5,True
192574,Tweet,manvirsainiTOI,manvirsainiTOI,1,True
192585,Tweet,manvirsainiTOI,SwatiMathurTOI,4,True
192533,Tweet,manvirsainiTOI,IpsitaTOI,3,True
192563,Tweet,manvirsainiTOI,007pandey,64,False
192554,Tweet,manvirsainiTOI,BhanupratapsTOI,2,True
192596,Tweet,manvirsainiTOI,dubeyavishek,2,True
192580,Tweet,manvirsainiTOI,somitsenTOI,3,True
123499,Article,AlysFowler,stevenpoole,29,True
123585,Article,AlysFowler,DekaJayanta,10,True
123481,Article,AlysFowler,DekaJayanta,10,True
123446,Article,AlysFowler,KateEMcCann,27,True
123502,Article,AlysFowler,SearleAdrian,13,True
123575,Article,AlysFowler,pete_wells,30,True
123514,Article,AlysFowler,lindasgrant,39,False
123550,Article,AlysFowler,melissaclark,24,True
123619,Article,AlysFowler,ipsinghTOI,9,True
123565,Article,AlysFowler,steve_hewlett,26,True
123629,Article,AlysFowler,steve_hewlett,25,True
123546,Article,AlysFowler,DouthatNYT,16,True
123517,Article,AlysFowler,pete_wells,28,True
123552,Article,AlysFowler,FelicityCloake,9,True
123452,Article,AlysFowler,lindasgrant,10,True
124070,Tweet,AlysFowler,NewtonSTOI,102,False
123768,Tweet,AlysFowler,adwaidh,77,False
124181,Tweet,AlysFowler,LauraCummingArt,122,False
124228,Tweet,AlysFowler,jatinder_tur,3,True
123712,Tweet,AlysFowler,NYTLiz,261,False
123946,Tweet,AlysFowler,jamesrbuk,480,False
124024,Tweet,AlysFowler,smita_mishra,24,True
123940,Tweet,AlysFowler,AlysFowler,1,True
123758,Tweet,AlysFowler,LucyMangan,13,True
123872,Tweet,AlysFowler,parul_sehgal,163,False
123880,Tweet,AlysFowler,AraniBasuTOI,62,False
124179,Tweet,AlysFowler,Freedland,134,False
123905,Tweet,AlysFowler,jatinder_tur,4,True
123778,Tweet,AlysFowler,toi_dhananjayM,252,False
123725,Tweet,AlysFowler,vijaysinghTOI,122,False
52975,Article,alanconnor,axrenton,19,True
52914,Article,alanconnor,williamkeegan,24,True
53026,Article,alanconnor,timlottwriter,28,True
53112,Article,alanconnor,jayrayner1,30,True
52919,Article,alanconnor,sendvictorious,15,True
53116,Article,alanconnor,SearleAdrian,20,True
52997,Article,alanconnor,msrachelcooke,92,False
52988,Article,alanconnor,arusbridger,25,True
53056,Article,alanconnor,nmcintosh,20,True
53119,Article,alanconnor,SearleAdrian,10,True
53133,Article,alanconnor,jayrayner1,25,True
52946,Article,alanconnor,nmcintosh,22,True
53083,Article,alanconnor,Markbeaumontuk,24,True
53000,Article,alanconnor,sarahditum,24,True
53131,Article,alanconnor,KateEMcCann,23,True
53350,Tweet,alanconnor,Chethan_Dash,53,False
53734,Tweet,alanconnor,Chethan_Dash,65,False
53421,Tweet,alanconnor,bishnoiarvind11,8,True
53374,Tweet,alanconnor,benkenigsberg,18,True
53450,Tweet,alanconnor,DanielKingChess,18,True
53708,Tweet,alanconnor,MiriamElder,133,False
53468,Tweet,alanconnor,archiebland,217,False
53488,Tweet,alanconnor,FabrizioRomano,243,False
53729,Tweet,alanconnor,ollywainwright,75,False
53252,Tweet,alanconnor,archiebland,270,False
53275,Tweet,alanconnor,jimwaterson,8,True
53280,Tweet,alanconnor,SearleAdrian,38,False
53585,Tweet,alanconnor,HemantaTOI,41,False
53753,Tweet,alanconnor,lucysiegle,26,True
53403,Tweet,alanconnor,kenanmalik,66,False
87327,Article,lyngardner,sarfrazmanzoor,27,True
87440,Article,lyngardner,KateEMcCann,28,True
87526,Article,lyngardner,lindasgrant,23,True
87426,Article,lyngardner,cdcaron,490,False
87388,Article,lyngardner,msrachelcooke,31,True
87411,Article,lyngardner,mariellaf1,4,True
87420,Article,lyngardner,SearleAdrian,27,True
87459,Article,lyngardner,KateEMcCann,22,True
87422,Article,lyngardner,arusbridger,19,True
87454,Article,lyngardner,arusbridger,32,True
87549,Article,lyngardner,jbouie,44,False
87497,Article,lyngardner,lindasgrant,32,True
87328,Article,lyngardner,laurenlaverne,123,False
87381,Article,lyngardner,LucyMangan,149,False
87391,Article,lyngardner,dansabbagh,467,False
87718,Tweet,lyngardner,vishwamTOI,11,True
87696,Tweet,lyngardner,Markbeaumontuk,23,True
87630,Tweet,lyngardner,DanielKingChess,89,False
87662,Tweet,lyngardner,lyngardner,1,True
87579,Tweet,lyngardner,vijaysinghTOI,44,False
87674,Tweet,lyngardner,john_hooper,9,True
87604,Tweet,lyngardner,GeorgeMonbiot,24,True
87566,Tweet,lyngardner,nmcintosh,58,False
87734,Tweet,lyngardner,smita_mishra,14,True
87657,Tweet,lyngardner,ChaitanyadTOI,17,True
87553,Tweet,lyngardner,rjadHinduBL,23,True
87670,Tweet,lyngardner,FranklinBlog,113,False
87639,Tweet,lyngardner,PeterTatchell,62,False
87680,Tweet,lyngardner,emilybell,110,False
87592,Tweet,lyngardner,sermoninstone,105,False
127747,Article,RowanMoore,elizabday,53,False
127753,Article,RowanMoore,sarahditum,12,True
127768,Article,RowanMoore,sermoninstone,8,True
127771,Article,RowanMoore,AnushkaAsthana,54,False
127764,Article,RowanMoore,MarinaOLoughlin,6,True
127871,Article,RowanMoore,lucysiegle,84,False
127843,Article,RowanMoore,RowanMoore,1,True
127681,Article,RowanMoore,PrashantrTOI,120,False
127826,Article,RowanMoore,nicholaswatt,61,False
127649,Article,RowanMoore,emmabrockes,14,True
127656,Article,RowanMoore,CarolineLucas,4,True
127709,Article,RowanMoore,winematcher,10,True
127879,Article,RowanMoore,NikiKitsantonis,45,False
127775,Article,RowanMoore,jennydeluxe,10,True
127738,Article,RowanMoore,RoniNYTimes,87,False
128171,Tweet,RowanMoore,abantika77,253,False
128125,Tweet,RowanMoore,emilybell,30,True
128359,Tweet,RowanMoore,Freedland,39,False
127981,Tweet,RowanMoore,saumyajitbTOI,54,False
128378,Tweet,RowanMoore,thrasherxy,68,False
128411,Tweet,RowanMoore,CarolineLucas,117,False
128449,Tweet,RowanMoore,stevenpoole,4,True
128099,Tweet,RowanMoore,umamahesh_ToI,347,False
128286,Tweet,RowanMoore,lyngardner,123,False
127972,Tweet,RowanMoore,jackschofield,184,False
128016,Tweet,RowanMoore,philipoltermann,245,False
128144,Tweet,RowanMoore,timatkin,310,False
128371,Tweet,RowanMoore,RowanMoore,1,True
127969,Tweet,RowanMoore,sunny_hundal,22,True
128202,Tweet,RowanMoore,arusbridger,12,True
78129,Article,jackschofield,RowennaDavis,79,False
78122,Article,jackschofield,StacyCowley,97,False
78109,Article,jackschofield,kylebuchanan,18,True
78253,Article,jackschofield,timatkin,10,True
78043,Article,jackschofield,jennydeluxe,26,True
78057,Article,jackschofield,OwenJones84,24,True
78213,Article,jackschofield,nauzerbTOI,21,True
78270,Article,jackschofield,timatkin,54,False
78281,Article,jackschofield,NickAtNews,3,True
78116,Article,jackschofield,shattenstone,22,True
78134,Article,jackschofield,sarahditum,17,True
78241,Article,jackschofield,bydanielvictor,75,False
78073,Article,jackschofield,allegramcevedy,5,True
78108,Article,jackschofield,MonaChalabi,36,False
78060,Article,jackschofield,utejonmayamTOI,230,False
78759,Tweet,jackschofield,ceciliakang,48,False
78608,Tweet,jackschofield,peterbradshaw1,82,False
78534,Tweet,jackschofield,leninology,40,False
78732,Tweet,jackschofield,SidharthB25,84,False
78803,Tweet,jackschofield,SocialQPhilip,3,True
78785,Tweet,jackschofield,sangerkatz,121,False
78379,Tweet,jackschofield,priyagupta999,159,False
78363,Tweet,jackschofield,alexbellos,55,False
78480,Tweet,jackschofield,DanBilefsky,134,False
78479,Tweet,jackschofield,oliverburkeman,84,False
78589,Tweet,jackschofield,alexvtunzelmann,193,False
78629,Tweet,jackschofield,benkenigsberg,125,False
78598,Tweet,jackschofield,007pandey,134,False
78666,Tweet,jackschofield,richardwolffedc,169,False
78472,Tweet,jackschofield,arusbridger,107,False
194053,Article,MKSinghGkp,dipakdashTOI,9,True
194086,Article,MKSinghGkp,leninology,101,False
194229,Article,MKSinghGkp,GeorgeMonbiot,14,True
194040,Article,MKSinghGkp,bencasselman,91,False
194001,Article,MKSinghGkp,RowanMoore,240,False
194219,Article,MKSinghGkp,toi_dhananjayM,12,True
194127,Article,MKSinghGkp,_nicolaclark,32,True
194187,Article,MKSinghGkp,jameskanter,17,True
194141,Article,MKSinghGkp,rajendrasTOI,20,True
194124,Article,MKSinghGkp,NewtonSTOI,26,True
194027,Article,MKSinghGkp,gmorgenson,20,True
194077,Article,MKSinghGkp,Crime_Selvaraj,20,True
194008,Article,MKSinghGkp,jameskanter,46,False
194212,Article,MKSinghGkp,SidharthB25,40,False
194160,Article,MKSinghGkp,CeylanWrites,34,False
194295,Tweet,MKSinghGkp,smita_mishra,253,False
194324,Tweet,MKSinghGkp,mohuadazz,11,True
194323,Tweet,MKSinghGkp,MohitaTOI,118,False
194273,Tweet,MKSinghGkp,ByJamesWagner,107,False
194260,Tweet,MKSinghGkp,mohuadazz,177,False
194276,Tweet,MKSinghGkp,oliverburkeman,342,False
194272,Tweet,MKSinghGkp,Gauraw2297,102,False
194340,Tweet,MKSinghGkp,MarcusMergulhao,61,False
194332,Tweet,MKSinghGkp,toi_ManujaV,19,True
194306,Tweet,MKSinghGkp,manujaveerappa,11,True
194346,Tweet,MKSinghGkp,BawaNaaved,32,True
194280,Tweet,MKSinghGkp,MarcusMergulhao,10,True
194251,Tweet,MKSinghGkp,KapildaveTOI,90,False
194329,Tweet,MKSinghGkp,BawaNaaved,31,True
194337,Tweet,MKSinghGkp,aditya_bh16,32,True
158096,Article,leninology,MaggieAstor,87,False
158060,Article,leninology,arusbridger,23,True
158085,Article,leninology,timlottwriter,38,False
157995,Article,leninology,ditzkoff,32,True
158025,Article,leninology,fmanjoo,32,True
158007,Article,leninology,aurelienbrd,39,False
158074,Article,leninology,bydanielvictor,153,False
158036,Article,leninology,timlottwriter,25,True
158064,Article,leninology,GeorgeMonbiot,42,False
158029,Article,leninology,JessicaValenti,26,True
157991,Article,leninology,kbennhold,32,True
158057,Article,leninology,cdcaron,339,False
158094,Article,leninology,gabyhinsliff,30,True
158073,Article,leninology,VivianHo,46,False
158032,Article,leninology,timlottwriter,27,True
158690,Tweet,leninology,leninology,1,True
158352,Tweet,leninology,AnujaJaiswalTOI,255,False
158587,Tweet,leninology,paulmasonnews,22,True
158649,Tweet,leninology,vijaysinghTOI,4,True
158455,Tweet,leninology,DanielKingChess,19,True
158519,Tweet,leninology,alexvtunzelmann,45,False
158161,Tweet,leninology,lyngardner,120,False
158520,Tweet,leninology,nicklezard,5,True
158687,Tweet,leninology,nicklezard,50,False
158623,Tweet,leninology,007pandey,18,True
158706,Tweet,leninology,sarahchurchwell,9,True
158205,Tweet,leninology,JoshuaRozenberg,93,False
158537,Tweet,leninology,NilsPratley,29,True
158442,Tweet,leninology,ewenmacaskill,24,True
158646,Tweet,leninology,polblonde,194,False
192688,Article,MarcusMergulhao,gmorgenson,32,True
192741,Article,MarcusMergulhao,jimtankersley,40,False
192775,Article,MarcusMergulhao,farnazfassihi,20,True
192820,Article,MarcusMergulhao,timlottwriter,26,True
192699,Article,MarcusMergulhao,bglendenning,16,True
192615,Article,MarcusMergulhao,NewtonSTOI,30,True
192661,Article,MarcusMergulhao,sarfrazmanzoor,72,False
192667,Article,MarcusMergulhao,bykaren,27,True
192815,Article,MarcusMergulhao,sunny_hundal,30,True
192768,Article,MarcusMergulhao,naomi2009,13,True
192745,Article,MarcusMergulhao,meddynyt,29,True
192719,Article,MarcusMergulhao,kannoyoungs,27,True
192743,Article,MarcusMergulhao,naomi2009,11,True
192675,Article,MarcusMergulhao,PatrickKingsley,32,True
192761,Article,MarcusMergulhao,andrewrsorkin,24,True
192882,Tweet,MarcusMergulhao,DerekMalcolm123,17,True
192871,Tweet,MarcusMergulhao,ajaysuraTOI,63,False
192919,Tweet,MarcusMergulhao,manvirsainiTOI,8,True
192953,Tweet,MarcusMergulhao,michelleinbklyn,171,False
192911,Tweet,MarcusMergulhao,Markbeaumontuk,106,False
192864,Tweet,MarcusMergulhao,lyngardner,117,False
192907,Tweet,MarcusMergulhao,kenanmalik,27,True
192870,Tweet,MarcusMergulhao,smita_mishra,3,True
192906,Tweet,MarcusMergulhao,debaratisen,15,True
192896,Tweet,MarcusMergulhao,TOISH31,5,True
192909,Tweet,MarcusMergulhao,GeorgeMonbiot,27,True
192875,Tweet,MarcusMergulhao,ggreenwald,245,False
192945,Tweet,MarcusMergulhao,somitsenTOI,31,True
192867,Tweet,MarcusMergulhao,toi_dhananjayM,4,True
192944,Tweet,MarcusMergulhao,psangeetha2112,4,True
52218,Article,KateEMcCann,andrew_mueller,30,True
52304,Article,KateEMcCann,timlottwriter,21,True
52109,Article,KateEMcCann,jayrayner1,15,True
52221,Article,KateEMcCann,DerekMalcolm123,20,True
52142,Article,KateEMcCann,GeorgeMonbiot,29,True
52268,Article,KateEMcCann,VivianHo,63,False
52087,Article,KateEMcCann,DanielKingChess,61,False
52135,Article,KateEMcCann,RowennaDavis,20,True
52290,Article,KateEMcCann,gettleman,20,True
52288,Article,KateEMcCann,EVincentelli,24,True
52188,Article,KateEMcCann,LucyMangan,27,True
52241,Article,KateEMcCann,MarinaOLoughlin,162,False
52191,Article,KateEMcCann,stevenpoole,17,True
52211,Article,KateEMcCann,kannoyoungs,383,False
52083,Article,KateEMcCann,hadleyfreeman,217,False
52740,Tweet,KateEMcCann,ThevarSteffy,360,False
52484,Tweet,KateEMcCann,HemantaTOI,47,False
52444,Tweet,KateEMcCann,JoshuaRozenberg,24,True
52639,Tweet,KateEMcCann,NilsPratley,18,True
52437,Tweet,KateEMcCann,davidleighx,27,True
52399,Tweet,KateEMcCann,jayrayner1,16,True
52672,Tweet,KateEMcCann,FabrizioRomano,23,True
52350,Tweet,KateEMcCann,JohnJCrace,143,False
52596,Tweet,KateEMcCann,adwaidh,44,False
52730,Tweet,KateEMcCann,paulmasonnews,97,False
52456,Tweet,KateEMcCann,alexvtunzelmann,77,False
52643,Tweet,KateEMcCann,lucywardsings,26,True
52554,Tweet,KateEMcCann,ewenmacaskill,36,False
52835,Tweet,KateEMcCann,sushmi_dey,32,True
52889,Tweet,KateEMcCann,OLIVERBALCH,234,False
152190,Article,sarahchurchwell,dwightgarner,19,True
152265,Article,sarahchurchwell,MujMash,100,False
152268,Article,sarahchurchwell,jbouie,256,False
152214,Article,sarahchurchwell,sarahditum,36,False
152260,Article,sarahchurchwell,EVincentelli,47,False
152226,Article,sarahchurchwell,DeccaJourno,58,False
152196,Article,sarahchurchwell,AnushkaAsthana,298,False
152283,Article,sarahchurchwell,DouthatNYT,24,True
152168,Article,sarahchurchwell,RowanMoore,61,False
152194,Article,sarahchurchwell,michelleinbklyn,183,False
152173,Article,sarahchurchwell,RebeccaSeal,69,False
152267,Article,sarahchurchwell,kbennhold,24,True
152216,Article,sarahchurchwell,aleksk,107,False
152264,Article,sarahchurchwell,sudeshnagTOI,4,True
152253,Article,sarahchurchwell,JessicaValenti,101,False
152699,Tweet,sarahchurchwell,davidhepworth,54,False
152369,Tweet,sarahchurchwell,LauraCummingArt,188,False
152315,Tweet,sarahchurchwell,nauzerbTOI,64,False
152556,Tweet,sarahchurchwell,LauraCummingArt,129,False
152756,Tweet,sarahchurchwell,SwatiShindeTOI,47,False
152720,Tweet,sarahchurchwell,saumyajitbTOI,45,False
152577,Tweet,sarahchurchwell,nauzerbTOI,51,False
152340,Tweet,sarahchurchwell,LauraCummingArt,151,False
152565,Tweet,sarahchurchwell,DerekMalcolm123,26,True
152866,Tweet,sarahchurchwell,vvfriedman,125,False
152693,Tweet,sarahchurchwell,samsifton,238,False
152653,Tweet,sarahchurchwell,mtomasky,106,False
152810,Tweet,sarahchurchwell,FabrizioRomano,8,True
152413,Tweet,sarahchurchwell,joshwiddicombe,17,True
152483,Tweet,sarahchurchwell,carolecadwalla,160,False
200791,Article,petleepeter,kush_junglee,7,True
200984,Article,petleepeter,jameskanter,58,False
200810,Article,petleepeter,toi_dhananjayM,83,False
200851,Article,petleepeter,nauzerbTOI,13,True
200911,Article,petleepeter,sushmi_dey,19,True
200854,Article,petleepeter,sandhyanairTOI,59,False
200994,Article,petleepeter,kush_junglee,2,True
200961,Article,petleepeter,priyangiTOI,80,False
200855,Article,petleepeter,ajaykanth7,48,False
200963,Article,petleepeter,mateenHTOI,11,True
200930,Article,petleepeter,mohuadazz,2,True
200845,Article,petleepeter,melissaclark,38,False
200938,Article,petleepeter,ramendrasTOI,14,True
200799,Article,petleepeter,ajaysuraTOI,111,False
200982,Article,petleepeter,ManjuVTOI,54,False
201030,Tweet,petleepeter,aditya_bh16,9,True
201037,Tweet,petleepeter,parthshastriTOI,191,False
201100,Tweet,petleepeter,neelam_raaj,59,False
201041,Tweet,petleepeter,AtulMathur_,23,True
201110,Tweet,petleepeter,NishikantkTOI,212,False
201026,Tweet,petleepeter,kumaraswamykTOI,17,True
201043,Tweet,petleepeter,sermoninstone,27,True
201082,Tweet,petleepeter,SagrikaKissu,127,False
201036,Tweet,petleepeter,ManjuVTOI,93,False
201023,Tweet,petleepeter,aditya_bh16,14,True
201035,Tweet,petleepeter,Mahafreed_Irani,134,False
201097,Tweet,petleepeter,FabrizioRomano,260,False
201111,Tweet,petleepeter,AtulMathur_,21,True
201027,Tweet,petleepeter,ishajainTOI,14,True
201105,Tweet,petleepeter,adwaidh,29,True
130437,Article,ArthurNeslen,ewenmacaskill,16,True
130359,Article,ArthurNeslen,noamscheiber,16,True
130434,Article,ArthurNeslen,CarolineLucas,11,True
130305,Article,ArthurNeslen,KateEMcCann,14,True
130402,Article,ArthurNeslen,jmart,23,True
130278,Article,ArthurNeslen,bindiyachariTOI,32,True
130217,Article,ArthurNeslen,AndrewSparrow,21,True
130409,Article,ArthurNeslen,CarolineLucas,15,True
130426,Article,ArthurNeslen,helenecooper,115,False
130358,Article,ArthurNeslen,bindiyachariTOI,17,True
130380,Article,ArthurNeslen,KateEMcCann,18,True
130347,Article,ArthurNeslen,hillhulse,89,False
130224,Article,ArthurNeslen,DeccaJourno,24,True
130320,Article,ArthurNeslen,jameskanter,17,True
130214,Article,ArthurNeslen,KateEMcCann,32,True
130479,Tweet,ArthurNeslen,CarolineLucas,24,True
130780,Tweet,ArthurNeslen,PrashantrTOI,46,False
130969,Tweet,ArthurNeslen,PeterTatchell,15,True
130556,Tweet,ArthurNeslen,marthakelner,380,False
130909,Tweet,ArthurNeslen,itsshibuthomas,3,True
130862,Tweet,ArthurNeslen,AjayUgrasTOI,16,True
130622,Tweet,ArthurNeslen,paulmasonnews,24,True
130774,Tweet,ArthurNeslen,ArthurNeslen,1,True
130677,Tweet,ArthurNeslen,pradeepjourno,24,True
130849,Tweet,ArthurNeslen,naomi2009,84,False
130647,Tweet,ArthurNeslen,alexvtunzelmann,122,False
130872,Tweet,ArthurNeslen,vijaysinghTOI,11,True
130701,Tweet,ArthurNeslen,mohuadazz,296,False
130871,Tweet,ArthurNeslen,nicklezard,425,False
130624,Tweet,ArthurNeslen,patrickwintour,115,False
161937,Article,jfordham_jazz,FelicityCloake,102,False
162073,Article,jfordham_jazz,MichaelPaulson,186,False
162084,Article,jfordham_jazz,dkarthikTOI,72,False
161911,Article,jfordham_jazz,paulmasonnews,21,True
162077,Article,jfordham_jazz,questingvole,238,False
161933,Article,jfordham_jazz,leninology,11,True
162108,Article,jfordham_jazz,reidepstein,79,False
162070,Article,jfordham_jazz,jbouie,26,True
162092,Article,jfordham_jazz,williamkeegan,180,False
162056,Article,jfordham_jazz,jayrayner1,10,True
161882,Article,jfordham_jazz,charltonbrooker,18,True
162038,Article,jfordham_jazz,FlitterOnFraud,83,False
161986,Article,jfordham_jazz,alexvtunzelmann,29,True
161964,Article,jfordham_jazz,jennydeluxe,55,False
161998,Article,jfordham_jazz,nauzerbTOI,284,False
162121,Tweet,jfordham_jazz,rajatpTOI,22,True
162143,Tweet,jfordham_jazz,hannahdev,18,True
162278,Tweet,jfordham_jazz,richapintoi,27,True
162148,Tweet,jfordham_jazz,DanielKingChess,24,True
162309,Tweet,jfordham_jazz,divyapal2013,11,True
162136,Tweet,jfordham_jazz,toi_ManujaV,14,True
162243,Tweet,jfordham_jazz,alexvtunzelmann,134,False
162322,Tweet,jfordham_jazz,aditya_bh16,18,True
162124,Tweet,jfordham_jazz,LauraCummingArt,16,True
162244,Tweet,jfordham_jazz,PjJoychen,24,True
162326,Tweet,jfordham_jazz,saumyajitbTOI,17,True
162165,Tweet,jfordham_jazz,pradeepjourno,2,True
162295,Tweet,jfordham_jazz,debaratisen,21,True
162223,Tweet,jfordham_jazz,Mahafreed_Irani,12,True
162274,Tweet,jfordham_jazz,npwcnn,22,True
131915,Article,tomdyckhoff,RowennaDavis,28,True
131958,Article,tomdyckhoff,arusbridger,16,True
131959,Article,tomdyckhoff,NilsPratley,18,True
131828,Article,tomdyckhoff,sarfrazmanzoor,18,True
132035,Article,tomdyckhoff,mariellaf1,17,True
131899,Article,tomdyckhoff,jayrayner1,26,True
132074,Article,tomdyckhoff,NilsPratley,28,True
131969,Article,tomdyckhoff,RowennaDavis,18,True
131957,Article,tomdyckhoff,NilsPratley,20,True
131951,Article,tomdyckhoff,timlottwriter,24,True
131834,Article,tomdyckhoff,RowennaDavis,28,True
131940,Article,tomdyckhoff,RowennaDavis,26,True
132046,Article,tomdyckhoff,NilsPratley,22,True
132039,Article,tomdyckhoff,arusbridger,23,True
131837,Article,tomdyckhoff,RowennaDavis,29,True
133744,Tweet,tomdyckhoff,mtomasky,139,False
133140,Tweet,tomdyckhoff,alexvtunzelmann,283,False
133467,Tweet,tomdyckhoff,payaldhawanTOI,214,False
132853,Tweet,tomdyckhoff,ukigoni,120,False
133374,Tweet,tomdyckhoff,mtomasky,482,False
133304,Tweet,tomdyckhoff,hannahdev,118,False
133275,Tweet,tomdyckhoff,lucywardsings,2,True
133683,Tweet,tomdyckhoff,richardwolffedc,322,False
133165,Tweet,tomdyckhoff,somitsenTOI,47,False
132357,Tweet,tomdyckhoff,journo_vibha,410,False
133908,Tweet,tomdyckhoff,mswainwright,15,True
133464,Tweet,tomdyckhoff,lyngardner,61,False
133469,Tweet,tomdyckhoff,john_hooper,10,True
132674,Tweet,tomdyckhoff,lucysiegle,12,True
132463,Tweet,tomdyckhoff,davidhepworth,31,True
28295,Article,StacyCowley,npfandos,52,False
28269,Article,StacyCowley,KapildaveTOI,5,True
28236,Article,StacyCowley,BhanupratapsTOI,16,True
28259,Article,StacyCowley,Bencjacobs,4,True
28268,Article,StacyCowley,jimtankersley,24,True
28265,Article,StacyCowley,NewtonSTOI,93,False
28283,Article,StacyCowley,niyatiparikhTOI,13,True
28205,Article,StacyCowley,NYTimesCohen,65,False
28249,Article,StacyCowley,parthasinha,103,False
28228,Article,StacyCowley,niyatiparikhTOI,4,True
28227,Article,StacyCowley,RBReich,7,True
28234,Article,StacyCowley,murarishetyeTOI,12,True
28203,Article,StacyCowley,andrewrsorkin,98,False
28206,Article,StacyCowley,Azi,5,True
28233,Article,StacyCowley,ggreenwald,7,True
28307,Tweet,StacyCowley,KapildaveTOI,29,True
28395,Tweet,StacyCowley,mtomasky,33,False
28366,Tweet,StacyCowley,LauraCummingArt,127,False
28396,Tweet,StacyCowley,ericschmittnyt,51,False
28392,Tweet,StacyCowley,AtulMathur_,29,True
28397,Tweet,StacyCowley,joshwiddicombe,107,False
28340,Tweet,StacyCowley,Chethan_Dash,29,True
28308,Tweet,StacyCowley,richardwolffedc,128,False
28335,Tweet,StacyCowley,alexanderburns,21,True
28388,Tweet,StacyCowley,VivianHo,6,True
28300,Tweet,StacyCowley,NesrineMalik,25,True
28332,Tweet,StacyCowley,andybrassell,38,False
28368,Tweet,StacyCowley,joecoscarelli,11,True
28330,Tweet,StacyCowley,hadleyfreeman,12,True
28305,Tweet,StacyCowley,ajaysuraTOI,6,True
164942,Article,andybrassell,AniltheMatrix,21,True
164876,Article,andybrassell,ianrausten,29,True
165067,Article,andybrassell,jatinder_tur,194,False
164873,Article,andybrassell,bglendenning,229,False
164880,Article,andybrassell,MarinaOLoughlin,28,True
164978,Article,andybrassell,MarcusMergulhao,31,True
164919,Article,andybrassell,JessicaValenti,31,True
165009,Article,andybrassell,andybrassell,1,True
164883,Article,andybrassell,hugolowell,27,True
164872,Article,andybrassell,timjonze,19,True
165018,Article,andybrassell,archiebland,89,False
164987,Article,andybrassell,aurelienbrd,29,True
165010,Article,andybrassell,sarahchurchwell,108,False
165077,Article,andybrassell,jennyschuessler,65,False
165091,Article,andybrassell,helenecooper,32,True
165298,Tweet,andybrassell,seaningle,273,False
165492,Tweet,andybrassell,toi_shailendraA,374,False
165384,Tweet,andybrassell,JohnJCrace,54,False
165165,Tweet,andybrassell,benkenigsberg,136,False
165306,Tweet,andybrassell,saumyajitbTOI,352,False
165164,Tweet,andybrassell,AlokKNMishra,294,False
165610,Tweet,andybrassell,patrickwintour,8,True
165483,Tweet,andybrassell,joshwiddicombe,15,True
165468,Tweet,andybrassell,jamesrbuk,16,True
165695,Tweet,andybrassell,gilestremlett,7,True
165323,Tweet,andybrassell,FabrizioRomano,58,False
165330,Tweet,andybrassell,adwaidh,44,False
165429,Tweet,andybrassell,saumyajitbTOI,114,False
165597,Tweet,andybrassell,CarolineLucas,9,True
165667,Tweet,andybrassell,FabrizioRomano,15,True
211409,Article,Shrivathsan1437,MarcusMergulhao,16,True
211313,Article,Shrivathsan1437,Banjotkaur,11,True
211310,Article,Shrivathsan1437,RachelDonadio,29,True
211280,Article,Shrivathsan1437,TOISH31,28,True
211412,Article,Shrivathsan1437,andrewrawnsley,24,True
211386,Article,Shrivathsan1437,akhileshsTOI,13,True
211378,Article,Shrivathsan1437,Arun_Ram,99,False
211304,Article,Shrivathsan1437,palaknandiTOI,54,False
211345,Article,Shrivathsan1437,ManjuVTOI,28,True
211462,Article,Shrivathsan1437,ManjuVTOI,107,False
211491,Article,Shrivathsan1437,parthshastriTOI,199,False
211465,Article,Shrivathsan1437,margaretrenkl,127,False
211419,Article,Shrivathsan1437,OwenJones84,7,True
211447,Article,Shrivathsan1437,jameskanter,27,True
211401,Article,Shrivathsan1437,julianbarnes,25,True
211553,Tweet,Shrivathsan1437,SiwachSukhbir,10,True
211600,Tweet,Shrivathsan1437,sudhanshub16,3,True
211530,Tweet,Shrivathsan1437,smita_mishra,50,False
211592,Tweet,Shrivathsan1437,alanfeuer,245,False
211546,Tweet,Shrivathsan1437,manujaveerappa,16,True
211564,Tweet,Shrivathsan1437,bglendenning,10,True
211534,Tweet,Shrivathsan1437,manujaveerappa,2,True
211517,Tweet,Shrivathsan1437,sudeshnagTOI,76,False
211531,Tweet,Shrivathsan1437,Freedland,78,False
211567,Tweet,Shrivathsan1437,neelam_raaj,49,False
211562,Tweet,Shrivathsan1437,sudeshnagTOI,7,True
211571,Tweet,Shrivathsan1437,jatinder_tur,13,True
211526,Tweet,Shrivathsan1437,smita_mishra,158,False
211563,Tweet,Shrivathsan1437,sudhanshub16,34,False
211513,Tweet,Shrivathsan1437,richapintoi,22,True
8806,Article,ianrausten,jimtankersley,11,True
8820,Article,ianrausten,sarahlyall,31,True
8833,Article,ianrausten,DanBilefsky,23,True
8836,Article,ianrausten,SangerNYT,32,True
8859,Article,ianrausten,PatrickKingsley,170,False
8879,Article,ianrausten,philipoltermann,15,True
8856,Article,ianrausten,ElisabethMalkin,9,True
8824,Article,ianrausten,RaphaelMinder,32,True
8810,Article,ianrausten,SidharthB25,382,False
8855,Article,ianrausten,LizAldermanNYT,10,True
8839,Article,ianrausten,rajatpTOI,13,True
8894,Article,ianrausten,desaisantosh,31,True
8864,Article,ianrausten,ShrinivasaMTOI,66,False
8842,Article,ianrausten,IKershner,65,False
8890,Article,ianrausten,rajatpTOI,176,False
8978,Tweet,ianrausten,anandbodhTOI,238,False
8923,Tweet,ianrausten,saumyajitbTOI,12,True
8933,Tweet,ianrausten,tariqpanja,169,False
8943,Tweet,ianrausten,manvirsainiTOI,182,False
8960,Tweet,ianrausten,dubeyavishek,81,False
8915,Tweet,ianrausten,SyedAkbarTOI,11,True
8947,Tweet,ianrausten,alexvtunzelmann,25,True
8962,Tweet,ianrausten,jackschofield,10,True
8929,Tweet,ianrausten,timatkin,83,False
8953,Tweet,ianrausten,gettleman,19,True
8918,Tweet,ianrausten,alexvtunzelmann,57,False
8987,Tweet,ianrausten,smita_mishra,55,False
8909,Tweet,ianrausten,TridibIANS,29,True
8906,Tweet,ianrausten,wesley_morris,30,True
8979,Tweet,ianrausten,davidhepworth,108,False
113288,Article,attackerman,peterbakernyt,30,True
113136,Article,attackerman,BenWeiserNYT,24,True
113117,Article,attackerman,PatrickKingsley,23,True
113328,Article,attackerman,JessicaValenti,128,False
113211,Article,attackerman,andrewrsorkin,90,False
113185,Article,attackerman,charlie_savage,28,True
113250,Article,attackerman,bydanielvictor,23,True
113134,Article,attackerman,VivianHo,28,True
113335,Article,attackerman,SharonLNYT,22,True
113146,Article,attackerman,aurelienbrd,28,True
113114,Article,attackerman,StacyCowley,29,True
113141,Article,attackerman,PatriciaMazzei,31,True
113139,Article,attackerman,charlie_savage,32,True
113192,Article,attackerman,ditzkoff,24,True
113342,Article,attackerman,VivianHo,51,False
113838,Tweet,attackerman,alexvtunzelmann,78,False
113755,Tweet,attackerman,AnujaJaiswalTOI,171,False
113628,Tweet,attackerman,sarahchurchwell,191,False
113858,Tweet,attackerman,nytdavidbrooks,117,False
113616,Tweet,attackerman,lukeharding1968,128,False
113378,Tweet,attackerman,LizAldermanNYT,131,False
113592,Tweet,attackerman,sarahchurchwell,136,False
113438,Tweet,attackerman,kbennhold,40,False
113750,Tweet,attackerman,ajaysuraTOI,320,False
113739,Tweet,attackerman,jorifinkel,7,True
113497,Tweet,attackerman,declanwalsh,2,True
113679,Tweet,attackerman,RichSandomir,208,False
113662,Tweet,attackerman,bydanielvictor,43,False
113485,Tweet,attackerman,jillfilipovic,45,False
113394,Tweet,attackerman,toi_dhananjayM,82,False
19486,Article,smbahr14,jorifinkel,40,False
19433,Article,smbahr14,durgeshjhaTOI,87,False
19450,Article,smbahr14,rachlharris,38,False
19493,Article,smbahr14,007pandey,65,False
19481,Article,smbahr14,noamscheiber,96,False
19422,Article,smbahr14,PatrickKingsley,245,False
19456,Article,smbahr14,DanBilefsky,13,True
19454,Article,smbahr14,michelleinbklyn,29,True
19411,Article,smbahr14,bykaren,11,True
19484,Article,smbahr14,PatrickKingsley,124,False
19464,Article,smbahr14,joecoscarelli,41,False
19426,Article,smbahr14,manvirsainiTOI,120,False
19475,Article,smbahr14,ggreenwald,48,False
19483,Article,smbahr14,meeravohraTOI,76,False
19415,Article,smbahr14,NewtonSTOI,120,False
19511,Tweet,smbahr14,yusrahusain,81,False
19578,Tweet,smbahr14,SwatiShindeTOI,16,True
19558,Tweet,smbahr14,rpogrebin,8,True
19517,Tweet,smbahr14,SwatiShindeTOI,150,False
19593,Tweet,smbahr14,ByMattStevens,24,True
19564,Tweet,smbahr14,carolecadwalla,12,True
19518,Tweet,smbahr14,SocialQPhilip,96,False
19582,Tweet,smbahr14,vishwamTOI,15,True
19595,Tweet,smbahr14,hugolowell,89,False
19557,Tweet,smbahr14,Mahafreed_Irani,234,False
19501,Tweet,smbahr14,lisamonteiroTOI,74,False
19538,Tweet,smbahr14,ByJamesWagner,13,True
19555,Tweet,smbahr14,yeshikabudhwar,130,False
19503,Tweet,smbahr14,FabrizioRomano,55,False
19565,Tweet,smbahr14,MonaChalabi,26,True
72375,Article,VivianHo,MaggieAstor,87,False
72545,Article,VivianHo,bydanielvictor,44,False
72360,Article,VivianHo,NeilMacFarquhar,17,True
72440,Article,VivianHo,tushhaikhush,33,False
72374,Article,VivianHo,NikiKitsantonis,103,False
72405,Article,VivianHo,KSchulten,32,True
72342,Article,VivianHo,KateEMcCann,156,False
72496,Article,VivianHo,timlottwriter,222,False
72450,Article,VivianHo,jeannasmialek,77,False
72337,Article,VivianHo,LFFriedman,46,False
72459,Article,VivianHo,jeannasmialek,26,True
72497,Article,VivianHo,timatkin,438,False
72441,Article,VivianHo,LFFriedman,106,False
72453,Article,VivianHo,jennydeluxe,76,False
72530,Article,VivianHo,bydanielvictor,33,False
72678,Tweet,VivianHo,RorySmith,196,False
72914,Tweet,VivianHo,OLIVERBALCH,126,False
72639,Tweet,VivianHo,NesrineMalik,45,False
72777,Tweet,VivianHo,sermoninstone,287,False
72608,Tweet,VivianHo,archiebland,8,True
72671,Tweet,VivianHo,mtomasky,354,False
73131,Tweet,VivianHo,afuahirsch,2,True
72762,Tweet,VivianHo,LauraCummingArt,23,True
73114,Tweet,VivianHo,ollywainwright,51,False
73032,Tweet,VivianHo,LauraCummingArt,18,True
72647,Tweet,VivianHo,msmirandasawyer,52,False
72670,Tweet,VivianHo,hadleyfreeman,31,True
72766,Tweet,VivianHo,stevenpoole,87,False
72643,Tweet,VivianHo,IanCobain,8,True
72612,Tweet,VivianHo,SwatiShindeTOI,311,False
164031,Article,PeterTatchell,PatrickKingsley,94,False
164053,Article,PeterTatchell,JoshuaRozenberg,42,False
164135,Article,PeterTatchell,EVincentelli,12,True
164194,Article,PeterTatchell,Markbeaumontuk,13,True
164109,Article,PeterTatchell,bglendenning,25,True
164161,Article,PeterTatchell,bencasselman,194,False
164217,Article,PeterTatchell,timlottwriter,18,True
164228,Article,PeterTatchell,NesrineMalik,235,False
164019,Article,PeterTatchell,timlottwriter,26,True
164150,Article,PeterTatchell,dkarthikTOI,117,False
164127,Article,PeterTatchell,bglendenning,47,False
164153,Article,PeterTatchell,bydanielvictor,23,True
164100,Article,PeterTatchell,timlottwriter,23,True
164018,Article,PeterTatchell,williamkeegan,29,True
164156,Article,PeterTatchell,SearleAdrian,30,True
164540,Tweet,PeterTatchell,GeorgeMonbiot,25,True
164721,Tweet,PeterTatchell,alexvtunzelmann,7,True
164641,Tweet,PeterTatchell,npwcnn,9,True
164430,Tweet,PeterTatchell,ukigoni,14,True
164307,Tweet,PeterTatchell,SyedAkbarTOI,204,False
164807,Tweet,PeterTatchell,ajaysuraTOI,3,True
164298,Tweet,PeterTatchell,ewenmacaskill,10,True
164735,Tweet,PeterTatchell,peterbradshaw1,15,True
164472,Tweet,PeterTatchell,peterbradshaw1,16,True
164604,Tweet,PeterTatchell,ajaysuraTOI,18,True
164303,Tweet,PeterTatchell,priyagupta999,10,True
164300,Tweet,PeterTatchell,timlottwriter,23,True
164723,Tweet,PeterTatchell,CarolineLucas,34,False
164608,Tweet,PeterTatchell,toi_ManujaV,127,False
164821,Tweet,PeterTatchell,NishikantkTOI,22,True
126101,Article,martcrossy,williamkeegan,19,True
125955,Article,martcrossy,andrewrawnsley,9,True
126041,Article,martcrossy,ewenmacaskill,137,False
125982,Article,martcrossy,nmcintosh,22,True
126097,Article,martcrossy,EVincentelli,12,True
126008,Article,martcrossy,axrenton,25,True
126024,Article,martcrossy,AndrewSparrow,24,True
126094,Article,martcrossy,GeorgeMonbiot,27,True
126068,Article,martcrossy,chiggi,9,True
126027,Article,martcrossy,sendvictorious,31,True
126143,Article,martcrossy,lindasgrant,11,True
126089,Article,martcrossy,leninology,21,True
126005,Article,martcrossy,sarahchurchwell,20,True
126055,Article,martcrossy,gmorgenson,16,True
126159,Article,martcrossy,michelleinbklyn,12,True
126285,Tweet,martcrossy,saumyajitbTOI,23,True
126440,Tweet,martcrossy,emilybell,85,False
126278,Tweet,martcrossy,rajatpTOI,15,True
126274,Tweet,martcrossy,FabrizioRomano,119,False
126315,Tweet,martcrossy,ameliagentleman,10,True
126220,Tweet,martcrossy,DerekMalcolm123,14,True
126751,Tweet,martcrossy,debaratisen,224,False
126786,Tweet,martcrossy,alexvtunzelmann,111,False
126340,Tweet,martcrossy,kenanmalik,453,False
126766,Tweet,martcrossy,lenoretaylor,264,False
126562,Tweet,martcrossy,MKSinghGkp,14,True
126328,Tweet,martcrossy,seaningle,46,False
126474,Tweet,martcrossy,archiebland,89,False
126602,Tweet,martcrossy,mariellaf1,126,False
126299,Tweet,martcrossy,RachelDonadio,63,False
14821,Article,NickAtNews,yeshikabudhwar,257,False
14801,Article,NickAtNews,viasimonromero,77,False
14835,Article,NickAtNews,dionnesearcey,264,False
14880,Article,NickAtNews,AlokKNMishra,221,False
14820,Article,NickAtNews,_nicolaclark,116,False
14839,Article,NickAtNews,hugolowell,11,True
14883,Article,NickAtNews,anemonanyc,61,False
14888,Article,NickAtNews,bencasselman,342,False
14804,Article,NickAtNews,IKershner,189,False
14800,Article,NickAtNews,charlie_savage,20,True
14833,Article,NickAtNews,hugolowell,40,False
14868,Article,NickAtNews,AnaSwanson,31,True
14827,Article,NickAtNews,declanwalsh,16,True
14896,Article,NickAtNews,DouthatNYT,80,False
14806,Article,NickAtNews,hugolowell,62,False
14951,Tweet,NickAtNews,hugolowell,28,True
14999,Tweet,NickAtNews,attackerman,3,True
14954,Tweet,NickAtNews,SumitraDebRoy,12,True
14980,Tweet,NickAtNews,SocialQPhilip,12,True
14915,Tweet,NickAtNews,LauraCummingArt,429,False
14947,Tweet,NickAtNews,ArthurNeslen,21,True
14977,Tweet,NickAtNews,mateenHTOI,11,True
14928,Tweet,NickAtNews,attackerman,19,True
14970,Tweet,NickAtNews,richardwolffedc,7,True
14996,Tweet,NickAtNews,attackerman,20,True
14961,Tweet,NickAtNews,llerer,23,True
14923,Tweet,NickAtNews,RBReich,96,False
14988,Tweet,NickAtNews,Rupalijee,91,False
14990,Tweet,NickAtNews,mtomasky,25,True
14931,Tweet,NickAtNews,hugolowell,40,False
187728,Article,jayamenon64,akhileshsTOI,34,False
187615,Article,jayamenon64,durgeshjhaTOI,27,True
187742,Article,jayamenon64,ThevarSteffy,21,True
187644,Article,jayamenon64,niyatiparikhTOI,84,False
187650,Article,jayamenon64,AditiZero,19,True
187643,Article,jayamenon64,Crime_Selvaraj,24,True
187668,Article,jayamenon64,Crime_Selvaraj,24,True
187707,Article,jayamenon64,AlokKNMishra,24,True
187645,Article,jayamenon64,Crime_Selvaraj,68,False
187686,Article,jayamenon64,SagrikaKissu,61,False
187690,Article,jayamenon64,antontroian,97,False
187746,Article,jayamenon64,vijayVsinghTOI,136,False
187698,Article,jayamenon64,bindiyachariTOI,24,True
187786,Article,jayamenon64,palaknandiTOI,19,True
187738,Article,jayamenon64,Crime_Selvaraj,21,True
187814,Tweet,jayamenon64,richapintoi,29,True
187853,Tweet,jayamenon64,abantika77,4,True
187833,Tweet,jayamenon64,AniltheMatrix,50,False
187806,Tweet,jayamenon64,gettleman,49,False
187860,Tweet,jayamenon64,rjadHinduBL,36,False
187828,Tweet,jayamenon64,vijaypTOI,45,False
187854,Tweet,jayamenon64,PatrickKingsley,146,False
187848,Tweet,jayamenon64,jayamenon64,1,True
187877,Tweet,jayamenon64,dubeyavishek,10,True
187832,Tweet,jayamenon64,GRajivTOI,47,False
187841,Tweet,jayamenon64,ronojoy_sen,47,False
187824,Tweet,jayamenon64,akhileshsTOI,48,False
187869,Tweet,jayamenon64,AraniBasuTOI,157,False
187836,Tweet,jayamenon64,umamahesh_ToI,35,False
187856,Tweet,jayamenon64,LeoHickman,8,True
96922,Article,OwenJones84,jimwaterson,25,True
96827,Article,OwenJones84,DawnHFoster,29,True
96874,Article,OwenJones84,ditzkoff,8,True
96854,Article,OwenJones84,sermoninstone,238,False
96982,Article,OwenJones84,MaggieAstor,30,True
96999,Article,OwenJones84,DouthatNYT,142,False
96892,Article,OwenJones84,jennydeluxe,22,True
96878,Article,OwenJones84,NikiKitsantonis,18,True
96804,Article,OwenJones84,stevenpoole,84,False
96920,Article,OwenJones84,KateEMcCann,22,True
96820,Article,OwenJones84,ditzkoff,26,True
96868,Article,OwenJones84,allegramcevedy,9,True
96939,Article,OwenJones84,MaggieAstor,60,False
96971,Article,OwenJones84,RowanMoore,7,True
96839,Article,OwenJones84,williamnhutton,149,False
97309,Tweet,OwenJones84,NilsPratley,58,False
97156,Tweet,OwenJones84,attackerman,241,False
97375,Tweet,OwenJones84,steve_hewlett,389,False
97318,Tweet,OwenJones84,wesley_morris,229,False
97468,Tweet,OwenJones84,john_hooper,266,False
97261,Tweet,OwenJones84,peterbradshaw1,16,True
97404,Tweet,OwenJones84,allegramcevedy,151,False
97638,Tweet,OwenJones84,MiriamElder,50,False
97403,Tweet,OwenJones84,SearleAdrian,55,False
97235,Tweet,OwenJones84,attackerman,216,False
97304,Tweet,OwenJones84,lucysiegle,87,False
97218,Tweet,OwenJones84,richardwolffedc,168,False
97470,Tweet,OwenJones84,OLIVERBALCH,44,False
97116,Tweet,OwenJones84,hadleyfreeman,7,True
97377,Tweet,OwenJones84,thestephmerritt,123,False
214079,Article,SumitraDebRoy,andrewrsorkin,21,True
213977,Article,SumitraDebRoy,sushmi_dey,29,True
214186,Article,SumitraDebRoy,pete_wells,31,True
214182,Article,SumitraDebRoy,vijayVsinghTOI,27,True
214112,Article,SumitraDebRoy,NeilMacFarquhar,20,True
214161,Article,SumitraDebRoy,carlzimmer,21,True
214034,Article,SumitraDebRoy,Crime_Selvaraj,32,True
214127,Article,SumitraDebRoy,PjJoychen,18,True
214036,Article,SumitraDebRoy,SidharthB25,103,False
214077,Article,SumitraDebRoy,jameskanter,31,True
214109,Article,SumitraDebRoy,AlokKNMishra,2,True
214019,Article,SumitraDebRoy,mateenHTOI,26,True
214038,Article,SumitraDebRoy,CeylanWrites,17,True
214074,Article,SumitraDebRoy,vijayVsinghTOI,81,False
214029,Article,SumitraDebRoy,DekaJayanta,25,True
214231,Tweet,SumitraDebRoy,aditya_bh16,76,False
214286,Tweet,SumitraDebRoy,ManjuVTOI,26,True
214223,Tweet,SumitraDebRoy,jorifinkel,151,False
214201,Tweet,SumitraDebRoy,rjadHinduBL,55,False
214212,Tweet,SumitraDebRoy,sangerkatz,47,False
214237,Tweet,SumitraDebRoy,hannahdev,6,True
214202,Tweet,SumitraDebRoy,ArthurNeslen,90,False
214234,Tweet,SumitraDebRoy,ramarkosg,17,True
214206,Tweet,SumitraDebRoy,vijaysinghTOI,5,True
214275,Tweet,SumitraDebRoy,jatinder_tur,41,False
214220,Tweet,SumitraDebRoy,SocialQPhilip,109,False
214240,Tweet,SumitraDebRoy,omjasvinTOI,12,True
214213,Tweet,SumitraDebRoy,alexanderburns,259,False
214269,Tweet,SumitraDebRoy,vijaysinghTOI,392,False
214257,Tweet,SumitraDebRoy,SwatiShindeTOI,17,True
211032,Article,ShrinivasaMTOI,utejonmayamTOI,6,True
211098,Article,ShrinivasaMTOI,jameskanter,5,True
210975,Article,ShrinivasaMTOI,LizAldermanNYT,38,False
211087,Article,ShrinivasaMTOI,marywalshjourno,15,True
211128,Article,ShrinivasaMTOI,naomi2009,9,True
210931,Article,ShrinivasaMTOI,Crime_Selvaraj,38,False
211016,Article,ShrinivasaMTOI,NewtonSTOI,5,True
211014,Article,ShrinivasaMTOI,Crime_Selvaraj,126,False
210912,Article,ShrinivasaMTOI,rajendrasTOI,16,True
211140,Article,ShrinivasaMTOI,andrewrsorkin,205,False
210922,Article,ShrinivasaMTOI,dipakdashTOI,13,True
211086,Article,ShrinivasaMTOI,AtulMathur_,58,False
211051,Article,ShrinivasaMTOI,AlokKNMishra,41,False
210962,Article,ShrinivasaMTOI,jameskanter,50,False
211068,Article,ShrinivasaMTOI,PjJoychen,37,False
211164,Tweet,ShrinivasaMTOI,somitsenTOI,70,False
211241,Tweet,ShrinivasaMTOI,palaknandiTOI,54,False
211228,Tweet,ShrinivasaMTOI,AnujaJaiswalTOI,236,False
211235,Tweet,ShrinivasaMTOI,ChaitanyadTOI,25,True
211159,Tweet,ShrinivasaMTOI,DerekMalcolm123,123,False
211185,Tweet,ShrinivasaMTOI,SwatiShindeTOI,280,False
211171,Tweet,ShrinivasaMTOI,tushhaikhush,45,False
211242,Tweet,ShrinivasaMTOI,rjadHinduBL,141,False
211191,Tweet,ShrinivasaMTOI,kush_junglee,99,False
211161,Tweet,ShrinivasaMTOI,psangeetha2112,124,False
211216,Tweet,ShrinivasaMTOI,parthasinha,147,False
211199,Tweet,ShrinivasaMTOI,Rupalijee,78,False
211179,Tweet,ShrinivasaMTOI,ChaitanyadTOI,38,False
211251,Tweet,ShrinivasaMTOI,ollywainwright,310,False
211204,Tweet,ShrinivasaMTOI,AlysFowler,23,True
189091,Article,KapildaveTOI,jameskanter,14,True
188977,Article,KapildaveTOI,anandbodhTOI,15,True
189145,Article,KapildaveTOI,AmritadTOI,23,True
189156,Article,KapildaveTOI,AnaSwanson,28,True
189022,Article,KapildaveTOI,jameskanter,10,True
189094,Article,KapildaveTOI,noamscheiber,31,True
188970,Article,KapildaveTOI,jameskanter,19,True
188959,Article,KapildaveTOI,andrewrsorkin,32,True
189114,Article,KapildaveTOI,jameskanter,21,True
189034,Article,KapildaveTOI,jameskanter,26,True
188985,Article,KapildaveTOI,andrewrsorkin,29,True
189170,Article,KapildaveTOI,niyatiparikhTOI,22,True
189053,Article,KapildaveTOI,jeannasmialek,24,True
189015,Article,KapildaveTOI,andrewrsorkin,30,True
189027,Article,KapildaveTOI,andrewrsorkin,28,True
189197,Tweet,KapildaveTOI,MohitaTOI,13,True
189174,Tweet,KapildaveTOI,alexanderburns,35,False
189208,Tweet,KapildaveTOI,PjJoychen,30,True
189221,Tweet,KapildaveTOI,advityabahlTOI,29,True
189207,Tweet,KapildaveTOI,priyagupta999,46,False
189228,Tweet,KapildaveTOI,mateenHTOI,18,True
189213,Tweet,KapildaveTOI,AshokPradhanTOI,14,True
189220,Tweet,KapildaveTOI,advityabahlTOI,8,True
189219,Tweet,KapildaveTOI,IpsitaTOI,2,True
189199,Tweet,KapildaveTOI,yeshikabudhwar,13,True
189227,Tweet,KapildaveTOI,mateenHTOI,12,True
189203,Tweet,KapildaveTOI,ronojoy_sen,151,False
189198,Tweet,KapildaveTOI,SindhukTOI,26,True
189242,Tweet,KapildaveTOI,MarcusMergulhao,82,False
189200,Tweet,KapildaveTOI,toi_dhananjayM,19,True
22284,Article,joncaramanica,bindelj,145,False
22283,Article,joncaramanica,IKershner,98,False
22252,Article,joncaramanica,gailcollins,20,True
22260,Article,joncaramanica,bencasselman,14,True
22248,Article,joncaramanica,DouthatNYT,11,True
22214,Article,joncaramanica,FabrizioRomano,17,True
22266,Article,joncaramanica,ggreenwald,63,False
22234,Article,joncaramanica,EVincentelli,27,True
22267,Article,joncaramanica,ggreenwald,11,True
22243,Article,joncaramanica,rondakaysen,156,False
22273,Article,joncaramanica,MaggieAstor,17,True
22282,Article,joncaramanica,joecoscarelli,4,True
22231,Article,joncaramanica,RebeccaSeal,363,False
22287,Article,joncaramanica,ASoloski,12,True
22211,Article,joncaramanica,NYTimesCohen,33,False
22323,Tweet,joncaramanica,paulmasonnews,23,True
22333,Tweet,joncaramanica,VivianHo,20,True
22384,Tweet,joncaramanica,jillfilipovic,25,True
22334,Tweet,joncaramanica,Shilarze_SSR,7,True
22366,Tweet,joncaramanica,jamesrbuk,24,True
22375,Tweet,joncaramanica,lucysiegle,24,True
22320,Tweet,joncaramanica,Markbeaumontuk,13,True
22372,Tweet,joncaramanica,jackschofield,14,True
22340,Tweet,joncaramanica,Freedland,2,True
22355,Tweet,joncaramanica,ggreenwald,10,True
22339,Tweet,joncaramanica,psangeetha2112,32,True
22397,Tweet,joncaramanica,kylebuchanan,28,True
22386,Tweet,joncaramanica,shiba_kurian,14,True
22345,Tweet,joncaramanica,jhoffman,100,False
22363,Tweet,joncaramanica,jamesrbuk,6,True
104571,Article,elizabday,sarahditum,121,False
104663,Article,elizabday,antontroian,333,False
104586,Article,elizabday,KateEMcCann,119,False
104596,Article,elizabday,gabyhinsliff,159,False
104467,Article,elizabday,marcatracy,320,False
104650,Article,elizabday,007pandey,210,False
104436,Article,elizabday,alexanderburns,182,False
104575,Article,elizabday,ameliagentleman,28,True
104484,Article,elizabday,benkenigsberg,481,False
104450,Article,elizabday,michelleinbklyn,362,False
104633,Article,elizabday,chiggi,28,True
104576,Article,elizabday,MiriamElder,32,True
104661,Article,elizabday,naomi2009,450,False
104600,Article,elizabday,MaggieAstor,177,False
104443,Article,elizabday,petleepeter,47,False
104888,Tweet,elizabday,LauraCummingArt,8,True
105109,Tweet,elizabday,maevesther,87,False
105268,Tweet,elizabday,alexbellos,98,False
105250,Tweet,elizabday,RowanMoore,28,True
105153,Tweet,elizabday,LauraCummingArt,16,True
104823,Tweet,elizabday,lucysiegle,10,True
105182,Tweet,elizabday,alexbellos,94,False
104843,Tweet,elizabday,desaisantosh,17,True
104980,Tweet,elizabday,FranklinBlog,15,True
104858,Tweet,elizabday,AlysFowler,298,False
104739,Tweet,elizabday,timjonze,4,True
105110,Tweet,elizabday,leninology,369,False
104852,Tweet,elizabday,pete_wells,496,False
105259,Tweet,elizabday,maevesther,54,False
105260,Tweet,elizabday,RorySmith,296,False
142190,Article,nicklezard,benkenigsberg,5,True
142319,Article,nicklezard,DouthatNYT,28,True
142331,Article,nicklezard,alanconnor,20,True
142155,Article,nicklezard,DouthatNYT,4,True
142290,Article,nicklezard,arusbridger,19,True
142336,Article,nicklezard,jbouie,110,False
142367,Article,nicklezard,DouthatNYT,16,True
142358,Article,nicklezard,ianrausten,31,True
142227,Article,nicklezard,benkenigsberg,4,True
142182,Article,nicklezard,benkenigsberg,4,True
142199,Article,nicklezard,JoshuaRozenberg,6,True
142162,Article,nicklezard,benkenigsberg,3,True
142254,Article,nicklezard,benkenigsberg,6,True
142318,Article,nicklezard,EVincentelli,22,True
142279,Article,nicklezard,EVincentelli,31,True
142935,Tweet,nicklezard,kenanmalik,35,False
142447,Tweet,nicklezard,john_hooper,36,False
142753,Tweet,nicklezard,thestephmerritt,27,True
142491,Tweet,nicklezard,joshwiddicombe,217,False
142846,Tweet,nicklezard,jhoffman,272,False
142759,Tweet,nicklezard,polblonde,131,False
142512,Tweet,nicklezard,RebeccaSeal,344,False
142506,Tweet,nicklezard,gracedent,90,False
142552,Tweet,nicklezard,aleksk,169,False
142520,Tweet,nicklezard,RowanMoore,31,True
142533,Tweet,nicklezard,WilbyPeter,11,True
142646,Tweet,nicklezard,LauraCummingArt,158,False
142758,Tweet,nicklezard,LauraCummingArt,218,False
142839,Tweet,nicklezard,FabrizioRomano,213,False
142617,Tweet,nicklezard,alexvtunzelmann,46,False
31006,Article,anemonanyc,AshokPradhanTOI,163,False
31077,Article,anemonanyc,ChuBailiang,46,False
31086,Article,anemonanyc,kannoyoungs,73,False
31028,Article,anemonanyc,AnushkaAsthana,94,False
31035,Article,anemonanyc,SocialQPhilip,35,False
31041,Article,anemonanyc,andrewrsorkin,128,False
31011,Article,anemonanyc,StacyCowley,68,False
31050,Article,anemonanyc,llerer,10,True
31031,Article,anemonanyc,NickAtNews,57,False
31076,Article,anemonanyc,RBReich,49,False
31059,Article,anemonanyc,FrankBruni,21,True
31032,Article,anemonanyc,hugolowell,86,False
31066,Article,anemonanyc,juliemTOI,19,True
31049,Article,anemonanyc,NYTLiz,12,True
31014,Article,anemonanyc,pete_wells,53,False
31132,Tweet,anemonanyc,hannahdev,201,False
31157,Tweet,anemonanyc,jackschofield,82,False
31113,Tweet,anemonanyc,payaldhawanTOI,43,False
31129,Tweet,anemonanyc,FranklinBlog,146,False
31197,Tweet,anemonanyc,kbennhold,30,True
31166,Tweet,anemonanyc,SocialQPhilip,9,True
31153,Tweet,anemonanyc,jhoffman,99,False
31145,Tweet,anemonanyc,omjasvinTOI,45,False
31142,Tweet,anemonanyc,davidleighx,76,False
31199,Tweet,anemonanyc,hugolowell,191,False
31119,Tweet,anemonanyc,MichaelPaulson,18,True
31125,Tweet,anemonanyc,divyapal2013,88,False
31159,Tweet,anemonanyc,SarahMaslinNir,9,True
31120,Tweet,anemonanyc,KeithBradsher,38,False
31156,Tweet,anemonanyc,amitanandTOI,117,False
852,Article,AnaSwanson,AtulMathur_,27,True
850,Article,AnaSwanson,SwatiMathurTOI,17,True
831,Article,AnaSwanson,ElisabethMalkin,23,True
881,Article,AnaSwanson,StacyCowley,22,True
872,Article,AnaSwanson,pete_wells,20,True
887,Article,AnaSwanson,Crime_Selvaraj,24,True
854,Article,AnaSwanson,ericschmittnyt,55,False
825,Article,AnaSwanson,SribaalaVTOI,17,True
882,Article,AnaSwanson,amitanandTOI,18,True
893,Article,AnaSwanson,kbennhold,10,True
899,Article,AnaSwanson,toi_dhananjayM,27,True
855,Article,AnaSwanson,hugolowell,23,True
891,Article,AnaSwanson,hugolowell,37,False
876,Article,AnaSwanson,pete_wells,26,True
894,Article,AnaSwanson,ElisabethMalkin,9,True
962,Tweet,AnaSwanson,Bencjacobs,35,False
901,Tweet,AnaSwanson,AtulMathur_,12,True
968,Tweet,AnaSwanson,SocialQPhilip,158,False
967,Tweet,AnaSwanson,KeithBradsher,53,False
932,Tweet,AnaSwanson,tarasbernard,54,False
915,Tweet,AnaSwanson,thrasherxy,43,False
904,Tweet,AnaSwanson,BhanupratapsTOI,21,True
913,Tweet,AnaSwanson,SagrikaKissu,499,False
950,Tweet,AnaSwanson,sarahlyall,340,False
964,Tweet,AnaSwanson,GlennThrush,10,True
940,Tweet,AnaSwanson,peterbakernyt,25,True
994,Tweet,AnaSwanson,RBReich,13,True
958,Tweet,AnaSwanson,vijayVsinghTOI,13,True
963,Tweet,AnaSwanson,jeannasmialek,20,True
995,Tweet,AnaSwanson,GeorgeMonbiot,470,False
88693,Article,sarfrazmanzoor,hadleyfreeman,25,True
88630,Article,sarfrazmanzoor,DeccaJourno,3,True
88720,Article,sarfrazmanzoor,sarahditum,132,False
88767,Article,sarfrazmanzoor,ElianPeltier,38,False
88760,Article,sarfrazmanzoor,archiebland,35,False
88734,Article,sarfrazmanzoor,stevenpoole,35,False
88772,Article,sarfrazmanzoor,andybrassell,9,True
88579,Article,sarfrazmanzoor,shattenstone,22,True
88729,Article,sarfrazmanzoor,lindasgrant,43,False
88564,Article,sarfrazmanzoor,gettinviggy,380,False
88673,Article,sarfrazmanzoor,sendvictorious,57,False
88786,Article,sarfrazmanzoor,michelleinbklyn,73,False
88750,Article,sarfrazmanzoor,timlottwriter,25,True
88658,Article,sarfrazmanzoor,AndrewSparrow,13,True
88663,Article,sarfrazmanzoor,carolecadwalla,60,False
89360,Tweet,sarfrazmanzoor,lyngardner,44,False
89367,Tweet,sarfrazmanzoor,john_hooper,47,False
89361,Tweet,sarfrazmanzoor,salihughes,30,True
89121,Tweet,sarfrazmanzoor,wesley_morris,476,False
89166,Tweet,sarfrazmanzoor,MarinaHyde,16,True
89118,Tweet,sarfrazmanzoor,alexbellos,38,False
88933,Tweet,sarfrazmanzoor,parthasinha,173,False
89263,Tweet,sarfrazmanzoor,bindelj,40,False
89220,Tweet,sarfrazmanzoor,thestephmerritt,167,False
89076,Tweet,sarfrazmanzoor,emilybell,14,True
88947,Tweet,sarfrazmanzoor,FabrizioRomano,45,False
88962,Tweet,sarfrazmanzoor,alexvtunzelmann,35,False
88839,Tweet,sarfrazmanzoor,SwatiShindeTOI,282,False
88911,Tweet,sarfrazmanzoor,RBReich,366,False
89381,Tweet,sarfrazmanzoor,greenslader,42,False
176251,Article,AtulMathur_,jameskanter,22,True
176168,Article,AtulMathur_,bindiyachariTOI,44,False
176247,Article,AtulMathur_,nauzerbTOI,64,False
176094,Article,AtulMathur_,SharonLNYT,25,True
176206,Article,AtulMathur_,jameskanter,25,True
176098,Article,AtulMathur_,rajendrasTOI,27,True
176188,Article,AtulMathur_,SidharthB25,4,True
176288,Article,AtulMathur_,HemantaTOI,11,True
176200,Article,AtulMathur_,utejonmayamTOI,29,True
176271,Article,AtulMathur_,jameskanter,19,True
176084,Article,AtulMathur_,jameskanter,6,True
176282,Article,AtulMathur_,jameskanter,15,True
176253,Article,AtulMathur_,amitanandTOI,6,True
176187,Article,AtulMathur_,jameskanter,3,True
176174,Article,AtulMathur_,jameskanter,8,True
176361,Tweet,AtulMathur_,Shreyanka_M,283,False
176356,Tweet,AtulMathur_,kumaraswamykTOI,33,False
176407,Tweet,AtulMathur_,PhanindraP_TNIE,4,True
176318,Tweet,AtulMathur_,RachelDonadio,47,False
176347,Tweet,AtulMathur_,DerekMalcolm123,95,False
176414,Tweet,AtulMathur_,patrickwintour,88,False
176410,Tweet,AtulMathur_,richapintoi,17,True
176402,Tweet,AtulMathur_,Chethan_Dash,318,False
176383,Tweet,AtulMathur_,MohitaTOI,116,False
176355,Tweet,AtulMathur_,pankajdoval,85,False
176339,Tweet,AtulMathur_,AjayUgrasTOI,10,True
176348,Tweet,AtulMathur_,Pratiks_TOI,163,False
176353,Tweet,AtulMathur_,Chethan_Dash,134,False
176405,Tweet,AtulMathur_,rajatpTOI,36,False
176326,Tweet,AtulMathur_,sarahchurchwell,464,False
183181,Article,dubeyavishek,akhileshsTOI,72,False
183172,Article,dubeyavishek,HemantaTOI,11,True
183242,Article,dubeyavishek,SidharthB25,78,False
183100,Article,dubeyavishek,AmritadTOI,16,True
183192,Article,dubeyavishek,AmritadTOI,23,True
183086,Article,dubeyavishek,CeylanWrites,12,True
183073,Article,dubeyavishek,parthasinha,65,False
183045,Article,dubeyavishek,SidharthB25,15,True
183253,Article,dubeyavishek,IpsitaTOI,16,True
183058,Article,dubeyavishek,NeilMacFarquhar,33,False
183248,Article,dubeyavishek,durgeshjhaTOI,25,True
183093,Article,dubeyavishek,Crime_Selvaraj,50,False
183216,Article,dubeyavishek,Crime_Selvaraj,11,True
183203,Article,dubeyavishek,pradeeptTOI,23,True
183115,Article,dubeyavishek,AjayUgrasTOI,27,True
183354,Tweet,dubeyavishek,utejonmayamTOI,6,True
183327,Tweet,dubeyavishek,dkarthikTOI,11,True
183285,Tweet,dubeyavishek,NewtonSTOI,47,False
183281,Tweet,dubeyavishek,advityabahlTOI,95,False
183304,Tweet,dubeyavishek,binays1960,102,False
183362,Tweet,dubeyavishek,Arun_Ram,75,False
183334,Tweet,dubeyavishek,priyangiTOI,6,True
183349,Tweet,dubeyavishek,richapintoi,24,True
183329,Tweet,dubeyavishek,AnujaJaiswalTOI,4,True
183322,Tweet,dubeyavishek,philipoltermann,72,False
183296,Tweet,dubeyavishek,AtulMathur_,49,False
183283,Tweet,dubeyavishek,Arv_Ind_Chauhan,63,False
183317,Tweet,dubeyavishek,AnujaJaiswalTOI,16,True
183280,Tweet,dubeyavishek,BhanupratapsTOI,142,False
183357,Tweet,dubeyavishek,IpsitaTOI,12,True
79672,Article,marthakelner,GeorgeMonbiot,15,True
79839,Article,marthakelner,KateEMcCann,7,True
79712,Article,marthakelner,dansabbagh,18,True
79717,Article,marthakelner,NeilMacFarquhar,173,False
79833,Article,marthakelner,lindasgrant,18,True
79787,Article,marthakelner,msrachelcooke,37,False
79884,Article,marthakelner,OwenJones84,14,True
79660,Article,marthakelner,archiebland,18,True
79864,Article,marthakelner,DerekMalcolm123,16,True
79714,Article,marthakelner,NilsPratley,14,True
79743,Article,marthakelner,AndrewSparrow,2,True
79798,Article,marthakelner,RorySmith,12,True
79902,Article,marthakelner,thestephmerritt,12,True
79900,Article,marthakelner,FrankBruni,26,True
79708,Article,marthakelner,gabyhinsliff,19,True
80202,Tweet,marthakelner,john_hooper,8,True
80343,Tweet,marthakelner,KateEMcCann,216,False
80363,Tweet,marthakelner,stevenerlanger,154,False
80098,Tweet,marthakelner,bglendenning,129,False
79935,Tweet,marthakelner,rachlharris,419,False
80089,Tweet,marthakelner,FranklinBlog,37,False
79974,Tweet,marthakelner,PatrickKingsley,177,False
80275,Tweet,marthakelner,tomdyckhoff,30,True
80410,Tweet,marthakelner,seaningle,38,False
80105,Tweet,marthakelner,ollywainwright,36,False
80221,Tweet,marthakelner,PhanindraP_TNIE,113,False
80347,Tweet,marthakelner,FabrizioRomano,21,True
80040,Tweet,marthakelner,AlysFowler,44,False
80380,Tweet,marthakelner,TimdeLisle,81,False
80401,Tweet,marthakelner,martcrossy,25,True
4481,Article,bykaren,007pandey,18,True
4437,Article,bykaren,lauriegnyt,7,True
4477,Article,bykaren,meddynyt,59,False
4449,Article,bykaren,samsifton,82,False
4434,Article,bykaren,jessbidgood,11,True
4471,Article,bykaren,saumyajitbTOI,4,True
4453,Article,bykaren,KapildaveTOI,25,True
4448,Article,bykaren,RichSandomir,53,False
4406,Article,bykaren,fmanjoo,10,True
4465,Article,bykaren,samsifton,30,True
4485,Article,bykaren,lauriegnyt,15,True
4402,Article,bykaren,TridibIANS,15,True
4411,Article,bykaren,007pandey,12,True
4414,Article,bykaren,wesley_morris,13,True
4463,Article,bykaren,ChuBailiang,19,True
4518,Tweet,bykaren,priyagupta999,64,False
4590,Tweet,bykaren,emilybell,46,False
4566,Tweet,bykaren,SocialQPhilip,26,True
4532,Tweet,bykaren,adwaidh,22,True
4592,Tweet,bykaren,rpogrebin,12,True
4539,Tweet,bykaren,timatkin,135,False
4549,Tweet,bykaren,timatkin,17,True
4509,Tweet,bykaren,TOISH31,107,False
4537,Tweet,bykaren,kenanmalik,324,False
4526,Tweet,bykaren,adwaidh,31,True
4536,Tweet,bykaren,nytdavidbrooks,12,True
4577,Tweet,bykaren,toi_ManujaV,10,True
4563,Tweet,bykaren,LauraCummingArt,103,False
4530,Tweet,bykaren,SocialQPhilip,249,False
4579,Tweet,bykaren,payaldhawanTOI,388,False
149010,Article,jonathanwatts,jimwaterson,22,True
148891,Article,jonathanwatts,DeccaJourno,95,False
149056,Article,jonathanwatts,sarahditum,117,False
149055,Article,jonathanwatts,KateEMcCann,23,True
148998,Article,jonathanwatts,markriceoxley69,38,False
148942,Article,jonathanwatts,nauzerbTOI,19,True
149078,Article,jonathanwatts,jameskanter,26,True
148854,Article,jonathanwatts,RowennaDavis,25,True
148856,Article,jonathanwatts,andybrassell,24,True
148866,Article,jonathanwatts,rebeccaSTOI,16,True
148933,Article,jonathanwatts,NilsPratley,26,True
148943,Article,jonathanwatts,rachshabi,14,True
149063,Article,jonathanwatts,GeorgeMonbiot,86,False
148843,Article,jonathanwatts,alexanderburns,301,False
149028,Article,jonathanwatts,alexanderburns,160,False
149642,Tweet,jonathanwatts,SwatiShindeTOI,37,False
149666,Tweet,jonathanwatts,vijayVsinghTOI,92,False
149156,Tweet,jonathanwatts,RBReich,326,False
149581,Tweet,jonathanwatts,nnougayrede,436,False
149408,Tweet,jonathanwatts,sendvictorious,22,True
149144,Tweet,jonathanwatts,stevenpoole,27,True
149619,Tweet,jonathanwatts,GeorgeMonbiot,2,True
149228,Tweet,jonathanwatts,toi_rohanA,44,False
149501,Tweet,jonathanwatts,greenslader,53,False
149284,Tweet,jonathanwatts,mateenHTOI,395,False
149295,Tweet,jonathanwatts,ewenmacaskill,210,False
149398,Tweet,jonathanwatts,parthasinha,76,False
149535,Tweet,jonathanwatts,saumyajitbTOI,271,False
149464,Tweet,jonathanwatts,timatkin,111,False
149141,Tweet,jonathanwatts,smita_mishra,107,False
192039,Article,manujaveerappa,michelleinbklyn,285,False
192055,Article,manujaveerappa,bykaren,64,False
192149,Article,manujaveerappa,AniltheMatrix,21,True
192137,Article,manujaveerappa,AniltheMatrix,22,True
191937,Article,manujaveerappa,ipsinghTOI,103,False
192085,Article,manujaveerappa,AniltheMatrix,22,True
192010,Article,manujaveerappa,AniltheMatrix,14,True
191929,Article,manujaveerappa,SyedAkbarTOI,16,True
192109,Article,manujaveerappa,andrewrawnsley,54,False
192153,Article,manujaveerappa,AniltheMatrix,32,True
192049,Article,manujaveerappa,ronojoy_sen,21,True
192102,Article,manujaveerappa,EVincentelli,42,False
191969,Article,manujaveerappa,palaknandiTOI,92,False
192143,Article,manujaveerappa,DSandip_TOI,17,True
191979,Article,manujaveerappa,bylizrobbins,32,True
192197,Tweet,manujaveerappa,meeravohraTOI,79,False
192193,Tweet,manujaveerappa,jatinder_tur,145,False
192240,Tweet,manujaveerappa,aditya_bh16,154,False
192253,Tweet,manujaveerappa,neelam_raaj,4,True
192216,Tweet,manujaveerappa,toi_rohanA,2,True
192182,Tweet,manujaveerappa,Shreyanka_M,170,False
192187,Tweet,manujaveerappa,stevenpoole,241,False
192231,Tweet,manujaveerappa,AraniBasuTOI,26,True
192229,Tweet,manujaveerappa,TOISH31,12,True
192194,Tweet,manujaveerappa,AraniBasuTOI,11,True
192196,Tweet,manujaveerappa,meeravohraTOI,31,True
192233,Tweet,manujaveerappa,priyagupta999,3,True
192245,Tweet,manujaveerappa,neelam_raaj,123,False
192261,Tweet,manujaveerappa,Shrivathsan1437,7,True
192168,Tweet,manujaveerappa,AraniBasuTOI,33,False
87887,Article,allegramcevedy,PippaCrerar,8,True
87880,Article,allegramcevedy,steve_hewlett,13,True
87864,Article,allegramcevedy,lindasgrant,9,True
87865,Article,allegramcevedy,hadleyfreeman,342,False
87768,Article,allegramcevedy,davidhepworth,30,True
87956,Article,allegramcevedy,steve_hewlett,7,True
87920,Article,allegramcevedy,steve_hewlett,7,True
87794,Article,allegramcevedy,hadleyfreeman,342,False
87927,Article,allegramcevedy,melissaclark,31,True
87781,Article,allegramcevedy,williamkeegan,75,False
87832,Article,allegramcevedy,AlysFowler,7,True
87799,Article,allegramcevedy,hadleyfreeman,342,False
87925,Article,allegramcevedy,ottolenghi,2,True
87889,Article,allegramcevedy,steve_hewlett,21,True
87886,Article,allegramcevedy,sendvictorious,27,True
88219,Tweet,allegramcevedy,KateEMcCann,35,False
88035,Tweet,allegramcevedy,allegramcevedy,1,True
88162,Tweet,allegramcevedy,DanielKingChess,76,False
88247,Tweet,allegramcevedy,ChaitanyadTOI,38,False
88006,Tweet,allegramcevedy,FranklinBlog,45,False
88511,Tweet,allegramcevedy,PeterTatchell,100,False
88371,Tweet,allegramcevedy,martcrossy,86,False
88230,Tweet,allegramcevedy,davidhepworth,35,False
87975,Tweet,allegramcevedy,SearleAdrian,24,True
88562,Tweet,allegramcevedy,mariellaf1,4,True
88384,Tweet,allegramcevedy,saumyajitbTOI,59,False
88506,Tweet,allegramcevedy,aleksk,33,False
88263,Tweet,allegramcevedy,ChaithanyaSwamy,28,True
88101,Tweet,allegramcevedy,allegramcevedy,1,True
88023,Tweet,allegramcevedy,ottolenghi,29,True
63882,Article,mariellaf1,sio_burke,75,False
63901,Article,mariellaf1,bindelj,99,False
63948,Article,mariellaf1,hannahdev,15,True
63836,Article,mariellaf1,steve_hewlett,17,True
63900,Article,mariellaf1,hannahdev,8,True
64010,Article,mariellaf1,greenslader,22,True
63955,Article,mariellaf1,hannahdev,26,True
63934,Article,mariellaf1,timlottwriter,123,False
64067,Article,mariellaf1,hannahdev,25,True
64071,Article,mariellaf1,hannahdev,22,True
63896,Article,mariellaf1,annanorthtweets,365,False
63940,Article,mariellaf1,timlottwriter,70,False
64018,Article,mariellaf1,hannahdev,27,True
63935,Article,mariellaf1,greenslader,13,True
63972,Article,mariellaf1,hannahdev,9,True
64561,Tweet,mariellaf1,SocialQPhilip,383,False
64276,Tweet,mariellaf1,SidharthB25,226,False
64563,Tweet,mariellaf1,martcrossy,27,True
64468,Tweet,mariellaf1,mariellaf1,1,True
64587,Tweet,mariellaf1,bindelj,6,True
64273,Tweet,mariellaf1,sudhanshub16,262,False
64200,Tweet,mariellaf1,lenoretaylor,100,False
64114,Tweet,mariellaf1,martcrossy,17,True
64263,Tweet,mariellaf1,AlysFowler,33,False
64419,Tweet,mariellaf1,mariellaf1,1,True
64141,Tweet,mariellaf1,alexbellos,14,True
64458,Tweet,mariellaf1,Freedland,171,False
64630,Tweet,mariellaf1,mariellaf1,1,True
64467,Tweet,mariellaf1,maevesther,15,True
64411,Tweet,mariellaf1,philipoltermann,280,False
34241,Article,gmorgenson,oliverburkeman,41,False
34247,Article,gmorgenson,emilybell,13,True
34218,Article,gmorgenson,parthasinha,15,True
34294,Article,gmorgenson,noamscheiber,39,False
34254,Article,gmorgenson,hugolowell,85,False
34259,Article,gmorgenson,PjJoychen,55,False
34203,Article,gmorgenson,tarasbernard,30,True
34213,Article,gmorgenson,TanyaGold1,5,True
34223,Article,gmorgenson,tarasbernard,3,True
34261,Article,gmorgenson,rondakaysen,15,True
34293,Article,gmorgenson,fmanjoo,35,False
34255,Article,gmorgenson,jameskanter,13,True
34217,Article,gmorgenson,andrewrsorkin,144,False
34202,Article,gmorgenson,gmorgenson,1,True
34233,Article,gmorgenson,joncaramanica,50,False
34388,Tweet,gmorgenson,rebeccaSTOI,101,False
34386,Tweet,gmorgenson,007pandey,30,True
34392,Tweet,gmorgenson,27saurabhsinha,30,True
34311,Tweet,gmorgenson,manujaveerappa,128,False
34340,Tweet,gmorgenson,sudeshnagTOI,95,False
34393,Tweet,gmorgenson,sudeshnagTOI,50,False
34333,Tweet,gmorgenson,durgeshjhaTOI,99,False
34312,Tweet,gmorgenson,debaratisen,30,True
34391,Tweet,gmorgenson,abantika77,29,True
34303,Tweet,gmorgenson,ArthurNeslen,144,False
34318,Tweet,gmorgenson,hannahdev,226,False
34308,Tweet,gmorgenson,007pandey,26,True
34346,Tweet,gmorgenson,AlysFowler,266,False
34316,Tweet,gmorgenson,parul_sehgal,78,False
34365,Tweet,gmorgenson,Crime_Selvaraj,24,True
202787,Article,PrashantrTOI,meeravohraTOI,3,True
202716,Article,PrashantrTOI,EmmaBubola,73,False
202869,Article,PrashantrTOI,GRajivTOI,10,True
202635,Article,PrashantrTOI,bindiyachariTOI,26,True
202818,Article,PrashantrTOI,bindiyachariTOI,103,False
202813,Article,PrashantrTOI,desaisantosh,70,False
202860,Article,PrashantrTOI,andrewrsorkin,64,False
202838,Article,PrashantrTOI,bindiyachariTOI,25,True
202819,Article,PrashantrTOI,jameskanter,107,False
202746,Article,PrashantrTOI,NewtonSTOI,17,True
202684,Article,PrashantrTOI,bindiyachariTOI,20,True
202832,Article,PrashantrTOI,ThevarSteffy,8,True
202648,Article,PrashantrTOI,mateenHTOI,29,True
202725,Article,PrashantrTOI,dklavaniaTOI,7,True
202788,Article,PrashantrTOI,bindiyachariTOI,27,True
202919,Tweet,PrashantrTOI,manvirsainiTOI,9,True
202875,Tweet,PrashantrTOI,BhanupratapsTOI,10,True
202871,Tweet,PrashantrTOI,MohitaTOI,12,True
202899,Tweet,PrashantrTOI,GovindKMaadTOI,4,True
202918,Tweet,PrashantrTOI,Pratiks_TOI,15,True
202898,Tweet,PrashantrTOI,dklavaniaTOI,9,True
202939,Tweet,PrashantrTOI,neelam_raaj,75,False
202956,Tweet,PrashantrTOI,SumitraDebRoy,8,True
202892,Tweet,PrashantrTOI,rjadHinduBL,50,False
202963,Tweet,PrashantrTOI,ishajainTOI,8,True
202961,Tweet,PrashantrTOI,dubeyavishek,30,True
202933,Tweet,PrashantrTOI,Pratiks_TOI,13,True
202949,Tweet,PrashantrTOI,bindiyachariTOI,13,True
202902,Tweet,PrashantrTOI,MohitaTOI,14,True
202889,Tweet,PrashantrTOI,priyagupta999,234,False
220854,Article,vijayVsinghTOI,binays1960,154,False
220939,Article,vijayVsinghTOI,bindiyachariTOI,11,True
220852,Article,vijayVsinghTOI,HemantaTOI,30,True
220860,Article,vijayVsinghTOI,durgeshjhaTOI,7,True
220956,Article,vijayVsinghTOI,rebeccaSTOI,8,True
220920,Article,vijayVsinghTOI,rhymetraveller,14,True
220837,Article,vijayVsinghTOI,NewtonSTOI,4,True
220934,Article,vijayVsinghTOI,rajendrasTOI,18,True
220915,Article,vijayVsinghTOI,ajaykanth7,23,True
220861,Article,vijayVsinghTOI,HemantaTOI,14,True
220962,Article,vijayVsinghTOI,toi_dhananjayM,16,True
220906,Article,vijayVsinghTOI,toi_dhananjayM,29,True
220947,Article,vijayVsinghTOI,ajaykanth7,29,True
220831,Article,vijayVsinghTOI,HemantaTOI,23,True
220824,Article,vijayVsinghTOI,GeorgeMonbiot,22,True
221042,Tweet,vijayVsinghTOI,murarishetyeTOI,24,True
221014,Tweet,vijayVsinghTOI,manvirsainiTOI,65,False
221036,Tweet,vijayVsinghTOI,Mahafreed_Irani,9,True
221025,Tweet,vijayVsinghTOI,HemantaTOI,13,True
221060,Tweet,vijayVsinghTOI,AditiZero,13,True
221072,Tweet,vijayVsinghTOI,PhanindraP_TNIE,75,False
221047,Tweet,vijayVsinghTOI,ramendrasTOI,15,True
221057,Tweet,vijayVsinghTOI,dipakdashTOI,4,True
221090,Tweet,vijayVsinghTOI,neelam_raaj,15,True
221035,Tweet,vijayVsinghTOI,lisamonteiroTOI,9,True
221086,Tweet,vijayVsinghTOI,CarolineLucas,28,True
221052,Tweet,vijayVsinghTOI,murarishetye,28,True
221043,Tweet,vijayVsinghTOI,jatinder_tur,15,True
221092,Tweet,vijayVsinghTOI,Markbeaumontuk,408,False
221011,Tweet,vijayVsinghTOI,murarishetye,30,True
59641,Article,emmabrockes,KateEMcCann,94,False
59704,Article,emmabrockes,kylebuchanan,9,True
59804,Article,emmabrockes,ewenmacaskill,187,False
59680,Article,emmabrockes,jimwaterson,9,True
59760,Article,emmabrockes,sarahditum,6,True
59590,Article,emmabrockes,emilybell,5,True
59782,Article,emmabrockes,alexanderburns,37,False
59818,Article,emmabrockes,DouthatNYT,7,True
59652,Article,emmabrockes,hannahdev,8,True
59631,Article,emmabrockes,sarahditum,5,True
59606,Article,emmabrockes,KateEMcCann,339,False
59661,Article,emmabrockes,arusbridger,66,False
59683,Article,emmabrockes,carlzimmer,9,True
59819,Article,emmabrockes,jimtankersley,68,False
59755,Article,emmabrockes,emmabrockes,1,True
60274,Tweet,emmabrockes,edvulliamy,6,True
59948,Tweet,emmabrockes,vanbadham,35,False
60283,Tweet,emmabrockes,bindelj,24,True
60153,Tweet,emmabrockes,SearleAdrian,5,True
59969,Tweet,emmabrockes,alanconnor,318,False
60142,Tweet,emmabrockes,timatkin,342,False
60102,Tweet,emmabrockes,kumaraswamykTOI,14,True
60048,Tweet,emmabrockes,peterbradshaw1,93,False
60403,Tweet,emmabrockes,smita_mishra,225,False
59891,Tweet,emmabrockes,FabrizioRomano,26,True
59879,Tweet,emmabrockes,alexbellos,183,False
60315,Tweet,emmabrockes,afuahirsch,65,False
60140,Tweet,emmabrockes,GeorgeMonbiot,206,False
59870,Tweet,emmabrockes,aditya_bh16,102,False
59930,Tweet,emmabrockes,lucywardsings,128,False
93520,Article,OfficeGSBrown,DeccaJourno,31,True
93511,Article,OfficeGSBrown,KateEMcCann,42,False
93505,Article,OfficeGSBrown,PippaCrerar,44,False
93545,Article,OfficeGSBrown,lukeharding1968,58,False
93558,Article,OfficeGSBrown,SangerNYT,119,False
93523,Article,OfficeGSBrown,AnushkaAsthana,26,True
93622,Article,OfficeGSBrown,axrenton,22,True
93540,Article,OfficeGSBrown,DeccaJourno,52,False
93598,Article,OfficeGSBrown,gabyhinsliff,90,False
93507,Article,OfficeGSBrown,DouthatNYT,157,False
93534,Article,OfficeGSBrown,JessicaValenti,179,False
93568,Article,OfficeGSBrown,jimtankersley,311,False
93611,Article,OfficeGSBrown,AmritadTOI,3,True
93532,Article,OfficeGSBrown,noamscheiber,127,False
93518,Article,OfficeGSBrown,PippaCrerar,24,True
94132,Tweet,OfficeGSBrown,PatrickKingsley,22,True
94239,Tweet,OfficeGSBrown,polblonde,31,True
93987,Tweet,OfficeGSBrown,jhoffman,171,False
93814,Tweet,OfficeGSBrown,greenslader,27,True
94020,Tweet,OfficeGSBrown,SocialQPhilip,15,True
94156,Tweet,OfficeGSBrown,rjadHinduBL,29,True
94095,Tweet,OfficeGSBrown,NYTBen,272,False
94031,Tweet,OfficeGSBrown,mateenHTOI,21,True
93935,Tweet,OfficeGSBrown,sudeshnagTOI,58,False
93838,Tweet,OfficeGSBrown,williamkeegan,8,True
94180,Tweet,OfficeGSBrown,FabrizioRomano,2,True
94003,Tweet,OfficeGSBrown,IKershner,33,False
93670,Tweet,OfficeGSBrown,UttaraVarmaTOI,11,True
94153,Tweet,OfficeGSBrown,dipakdashTOI,112,False
94000,Tweet,OfficeGSBrown,samsifton,212,False
182009,Article,dkarthikTOI,UttaraVarmaTOI,31,True
182219,Article,dkarthikTOI,AlokKNMishra,19,True
181972,Article,dkarthikTOI,ElisabethMalkin,25,True
182060,Article,dkarthikTOI,PjJoychen,25,True
182197,Article,dkarthikTOI,binays1960,22,True
182116,Article,dkarthikTOI,SidharthB25,6,True
182128,Article,dkarthikTOI,PjJoychen,6,True
182070,Article,dkarthikTOI,utejonmayamTOI,3,True
182147,Article,dkarthikTOI,rhymetraveller,4,True
181990,Article,dkarthikTOI,bencasselman,237,False
182044,Article,dkarthikTOI,SwatiShindeTOI,15,True
182067,Article,dkarthikTOI,tomdyckhoff,22,True
182166,Article,dkarthikTOI,ameliagentleman,2,True
181984,Article,dkarthikTOI,smita_mishra,61,False
182137,Article,dkarthikTOI,akhileshsTOI,12,True
182247,Tweet,dkarthikTOI,Mahafreed_Irani,80,False
182308,Tweet,dkarthikTOI,PhanindraP_TNIE,20,True
182275,Tweet,dkarthikTOI,dubeyavishek,17,True
182302,Tweet,dkarthikTOI,Gauraw2297,27,True
182229,Tweet,dkarthikTOI,ChaitanyadTOI,11,True
182237,Tweet,dkarthikTOI,timlottwriter,17,True
182318,Tweet,dkarthikTOI,manvirsainiTOI,98,False
182292,Tweet,dkarthikTOI,omjasvinTOI,49,False
182312,Tweet,dkarthikTOI,bindiyachariTOI,25,True
182256,Tweet,dkarthikTOI,timlottwriter,7,True
182274,Tweet,dkarthikTOI,PNaveenTOI,16,True
182265,Tweet,dkarthikTOI,vijaysinghTOI,48,False
182227,Tweet,dkarthikTOI,FranklinBlog,2,True
182267,Tweet,dkarthikTOI,AlysFowler,131,False
182226,Tweet,dkarthikTOI,alexvtunzelmann,14,True
32679,Article,CeylanWrites,NeilMacFarquhar,18,True
32662,Article,CeylanWrites,philipoltermann,47,False
32648,Article,CeylanWrites,IKershner,191,False
32622,Article,CeylanWrites,patrickwintour,12,True
32644,Article,CeylanWrites,farnazfassihi,71,False
32606,Article,CeylanWrites,PhanindraP_TNIE,11,True
32641,Article,CeylanWrites,KateEMcCann,104,False
32647,Article,CeylanWrites,EVincentelli,140,False
32650,Article,CeylanWrites,michaelcrowley,59,False
32681,Article,CeylanWrites,adwaidh,43,False
32667,Article,CeylanWrites,farnazfassihi,68,False
32626,Article,CeylanWrites,NYTBen,68,False
32689,Article,CeylanWrites,philipoltermann,92,False
32677,Article,CeylanWrites,declanwalsh,15,True
32657,Article,CeylanWrites,minatisinghaTOI,29,True
32710,Tweet,CeylanWrites,FranklinBlog,62,False
32720,Tweet,CeylanWrites,MonaChalabi,91,False
32767,Tweet,CeylanWrites,philipoltermann,28,True
32733,Tweet,CeylanWrites,thrasherxy,170,False
32799,Tweet,CeylanWrites,itsshibuthomas,79,False
32735,Tweet,CeylanWrites,ianrausten,43,False
32746,Tweet,CeylanWrites,hugolowell,219,False
32745,Tweet,CeylanWrites,jayamenon64,12,True
32738,Tweet,CeylanWrites,jillfilipovic,155,False
32762,Tweet,CeylanWrites,DanielKingChess,71,False
32752,Tweet,CeylanWrites,ajaysuraTOI,70,False
32742,Tweet,CeylanWrites,parthasinha,92,False
32711,Tweet,CeylanWrites,jorifinkel,64,False
32779,Tweet,CeylanWrites,afuahirsch,169,False
32768,Tweet,CeylanWrites,greenslader,91,False
101267,Article,thrasherxy,annanorthtweets,29,True
101066,Article,thrasherxy,JessicaValenti,14,True
101097,Article,thrasherxy,oliverburkeman,16,True
101147,Article,thrasherxy,jimtankersley,240,False
101084,Article,thrasherxy,jeannasmialek,22,True
101043,Article,thrasherxy,carlzimmer,23,True
101238,Article,thrasherxy,TanyaGold1,110,False
101051,Article,thrasherxy,SangerNYT,25,True
101225,Article,thrasherxy,kbennhold,125,False
101056,Article,thrasherxy,bydanielvictor,20,True
101042,Article,thrasherxy,nytdavidbrooks,24,True
101149,Article,thrasherxy,MaggieAstor,20,True
101054,Article,thrasherxy,jimwaterson,62,False
101234,Article,thrasherxy,Bencjacobs,21,True
101090,Article,thrasherxy,bencasselman,28,True
101734,Tweet,thrasherxy,VivianHo,67,False
101830,Tweet,thrasherxy,bylizrobbins,57,False
101673,Tweet,thrasherxy,andrewrsorkin,79,False
101793,Tweet,thrasherxy,alexvtunzelmann,43,False
101515,Tweet,thrasherxy,parthasinha,142,False
101871,Tweet,thrasherxy,vijayVsinghTOI,344,False
101442,Tweet,thrasherxy,jillfilipovic,10,True
101337,Tweet,thrasherxy,JessicaValenti,67,False
101703,Tweet,thrasherxy,Arun_Ram,106,False
101718,Tweet,thrasherxy,Bencjacobs,13,True
101668,Tweet,thrasherxy,alanconnor,399,False
101854,Tweet,thrasherxy,vijaysinghTOI,457,False
101801,Tweet,thrasherxy,aditya_bh16,60,False
101577,Tweet,thrasherxy,AraniBasuTOI,240,False
101587,Tweet,thrasherxy,parul_sehgal,50,False
149769,Article,WilbyPeter,hannahdev,29,True
149893,Article,WilbyPeter,naomi2009,17,True
149750,Article,WilbyPeter,parthasinha,202,False
149819,Article,WilbyPeter,jennydeluxe,85,False
149783,Article,WilbyPeter,timlottwriter,30,True
149811,Article,WilbyPeter,jimwaterson,9,True
149907,Article,WilbyPeter,declanwalsh,10,True
149828,Article,WilbyPeter,jennyschuessler,139,False
149924,Article,WilbyPeter,michelleinbklyn,206,False
149747,Article,WilbyPeter,KSchulten,304,False
149842,Article,WilbyPeter,jimwaterson,23,True
149844,Article,WilbyPeter,jennydeluxe,84,False
149753,Article,WilbyPeter,sendvictorious,28,True
149745,Article,WilbyPeter,DerekMalcolm123,17,True
149866,Article,WilbyPeter,Markbeaumontuk,54,False
150030,Tweet,WilbyPeter,kiracochrane,22,True
150032,Tweet,WilbyPeter,maevesther,22,True
150112,Tweet,WilbyPeter,kiracochrane,20,True
150383,Tweet,WilbyPeter,attackerman,19,True
150024,Tweet,WilbyPeter,SidharthB25,32,True
150351,Tweet,WilbyPeter,timatkin,24,True
150330,Tweet,WilbyPeter,CarolineLucas,32,True
150089,Tweet,WilbyPeter,CarolineLucas,27,True
150026,Tweet,WilbyPeter,alexvtunzelmann,20,True
150160,Tweet,WilbyPeter,mswainwright,37,False
150016,Tweet,WilbyPeter,kiracochrane,23,True
150227,Tweet,WilbyPeter,kiracochrane,26,True
150421,Tweet,WilbyPeter,lenoretaylor,25,True
149968,Tweet,WilbyPeter,billicritic,23,True
150116,Tweet,WilbyPeter,andrew_mueller,26,True
73152,Article,lucysiegle,karenzraick,133,False
73359,Article,lucysiegle,KSchulten,94,False
73377,Article,lucysiegle,EVincentelli,32,True
73257,Article,lucysiegle,FelicityCloake,32,True
73318,Article,lucysiegle,axrenton,27,True
73328,Article,lucysiegle,GeorgeMonbiot,24,True
73250,Article,lucysiegle,hannahdev,23,True
73170,Article,lucysiegle,thestephmerritt,28,True
73333,Article,lucysiegle,NilsPratley,27,True
73358,Article,lucysiegle,msrachelcooke,32,True
73342,Article,lucysiegle,jimwaterson,75,False
73254,Article,lucysiegle,RebeccaSeal,17,True
73204,Article,lucysiegle,GioRussonello,28,True
73355,Article,lucysiegle,thestephmerritt,17,True
73211,Article,lucysiegle,arusbridger,75,False
73627,Tweet,lucysiegle,lyngardner,35,False
73634,Tweet,lucysiegle,DerekMalcolm123,60,False
73943,Tweet,lucysiegle,andrew_mueller,19,True
73733,Tweet,lucysiegle,ajaysuraTOI,164,False
73791,Tweet,lucysiegle,DanielKingChess,19,True
73973,Tweet,lucysiegle,Mahafreed_Irani,190,False
73511,Tweet,lucysiegle,NYTimesCohen,191,False
73647,Tweet,lucysiegle,PeterTatchell,91,False
73970,Tweet,lucysiegle,neelam_raaj,75,False
73498,Tweet,lucysiegle,Shreyanka_M,55,False
73687,Tweet,lucysiegle,smita_mishra,29,True
73757,Tweet,lucysiegle,RowanMoore,157,False
73597,Tweet,lucysiegle,JessicaValenti,248,False
73948,Tweet,lucysiegle,sarfrazmanzoor,41,False
73771,Tweet,lucysiegle,NewtonSTOI,22,True
117651,Article,rachshabi,DouthatNYT,35,False
117762,Article,rachshabi,alexvtunzelmann,10,True
117649,Article,rachshabi,Crime_Selvaraj,101,False
117686,Article,rachshabi,KSchulten,133,False
117777,Article,rachshabi,MoharBasu,209,False
117606,Article,rachshabi,FelicityCloake,48,False
117666,Article,rachshabi,FrankBruni,418,False
117697,Article,rachshabi,kbennhold,410,False
117770,Article,rachshabi,DeccaJourno,30,True
117592,Article,rachshabi,jbouie,31,True
117757,Article,rachshabi,GeorgeMonbiot,65,False
117781,Article,rachshabi,NikiKitsantonis,145,False
117577,Article,rachshabi,ditzkoff,17,True
117572,Article,rachshabi,bydanielvictor,86,False
117703,Article,rachshabi,GeorgeMonbiot,57,False
118006,Tweet,rachshabi,JessicaValenti,57,False
117865,Tweet,rachshabi,lucysiegle,42,False
118255,Tweet,rachshabi,sarahchurchwell,39,False
118141,Tweet,rachshabi,LauraCummingArt,89,False
118185,Tweet,rachshabi,msrachelcooke,66,False
117806,Tweet,rachshabi,GeorgeMonbiot,69,False
118043,Tweet,rachshabi,joshwiddicombe,26,True
117883,Tweet,rachshabi,alexanderburns,259,False
118129,Tweet,rachshabi,thrasherxy,34,False
118373,Tweet,rachshabi,martcrossy,9,True
117916,Tweet,rachshabi,DerekMalcolm123,79,False
118354,Tweet,rachshabi,PeterTatchell,18,True
118132,Tweet,rachshabi,lucysiegle,34,False
118110,Tweet,rachshabi,reidepstein,384,False
118161,Tweet,rachshabi,DerekMalcolm123,71,False
4030,Article,bydanielvictor,hugolowell,46,False
4023,Article,bydanielvictor,KapildaveTOI,213,False
4029,Article,bydanielvictor,KeithBradsher,108,False
4076,Article,bydanielvictor,NYTLiz,34,False
4099,Article,bydanielvictor,PhanindraP_TNIE,317,False
4035,Article,bydanielvictor,Bencjacobs,8,True
4073,Article,bydanielvictor,RichardFausset,37,False
4085,Article,bydanielvictor,naomi2009,121,False
4024,Article,bydanielvictor,smervosh,37,False
4081,Article,bydanielvictor,ESCochrane,28,True
4048,Article,bydanielvictor,hugolowell,37,False
4063,Article,bydanielvictor,hugolowell,51,False
4044,Article,bydanielvictor,Azi,27,True
4003,Article,bydanielvictor,garyyounge,33,False
4007,Article,bydanielvictor,lauriegnyt,50,False
4157,Tweet,bydanielvictor,ggreenwald,24,True
4153,Tweet,bydanielvictor,domphillips,41,False
4121,Tweet,bydanielvictor,NesrineMalik,23,True
4100,Tweet,bydanielvictor,stevenpoole,344,False
4105,Tweet,bydanielvictor,JessicaValenti,38,False
4151,Tweet,bydanielvictor,vijaypTOI,86,False
4197,Tweet,bydanielvictor,seaningle,222,False
4108,Tweet,bydanielvictor,RBReich,30,True
4181,Tweet,bydanielvictor,OwenJones84,88,False
4196,Tweet,bydanielvictor,joncaramanica,65,False
4117,Tweet,bydanielvictor,alexbellos,132,False
4147,Tweet,bydanielvictor,aleksk,160,False
4136,Tweet,bydanielvictor,ollywainwright,171,False
4161,Tweet,bydanielvictor,vaibhavgTOI,325,False
4172,Tweet,bydanielvictor,oliverburkeman,124,False
89414,Article,declanwalsh,helenecooper,11,True
89552,Article,declanwalsh,sendvictorious,74,False
89612,Article,declanwalsh,CarolineLucas,7,True
89434,Article,declanwalsh,ericschmittnyt,12,True
89592,Article,declanwalsh,ameliagentleman,73,False
89662,Article,declanwalsh,dansabbagh,18,True
6042,Article,declanwalsh,dionnesearcey,32,True
89464,Article,declanwalsh,williamnhutton,11,True
89594,Article,declanwalsh,ewenmacaskill,13,True
89517,Article,declanwalsh,naomi2009,17,True
89574,Article,declanwalsh,NeilMacFarquhar,29,True
89499,Article,declanwalsh,gmorgenson,39,False
89580,Article,declanwalsh,saumyajitbTOI,118,False
89508,Article,declanwalsh,EmmaBubola,29,True
6072,Article,declanwalsh,arusbridger,59,False
89673,Tweet,declanwalsh,IpsitaTOI,37,False
89865,Tweet,declanwalsh,sarahchurchwell,6,True
6148,Tweet,declanwalsh,andrew_mueller,51,False
89879,Tweet,declanwalsh,kbennhold,375,False
6143,Tweet,declanwalsh,SiwachSukhbir,98,False
90206,Tweet,declanwalsh,kumaraswamykTOI,239,False
89790,Tweet,declanwalsh,rachshabi,25,True
90104,Tweet,declanwalsh,manvirsainiTOI,329,False
90237,Tweet,declanwalsh,parthasinha,25,True
89926,Tweet,declanwalsh,alexvtunzelmann,229,False
90047,Tweet,declanwalsh,CarolineLucas,186,False
89710,Tweet,declanwalsh,smita_mishra,283,False
89749,Tweet,declanwalsh,bglendenning,77,False
89968,Tweet,declanwalsh,HinaRohtaki,268,False
6136,Tweet,declanwalsh,desaisantosh,78,False
45537,Article,lukeharding1968,annanorthtweets,22,True
45524,Article,lukeharding1968,edvulliamy,20,True
45647,Article,lukeharding1968,williamnhutton,100,False
45505,Article,lukeharding1968,NikiKitsantonis,25,True
45627,Article,lukeharding1968,michaelcrowley,30,True
45535,Article,lukeharding1968,KateEMcCann,29,True
45583,Article,lukeharding1968,andrewrsorkin,20,True
45622,Article,lukeharding1968,joshwiddicombe,24,True
45690,Article,lukeharding1968,BenWeiserNYT,13,True
45639,Article,lukeharding1968,SharonLNYT,373,False
45559,Article,lukeharding1968,KSchulten,30,True
45484,Article,lukeharding1968,williamkeegan,5,True
45473,Article,lukeharding1968,StacyCowley,23,True
45653,Article,lukeharding1968,afuahirsch,22,True
45630,Article,lukeharding1968,RowanMoore,21,True
45997,Tweet,lukeharding1968,lyngardner,227,False
46027,Tweet,lukeharding1968,vijaysinghTOI,180,False
46026,Tweet,lukeharding1968,priyagupta999,27,True
45935,Tweet,lukeharding1968,kenanmalik,26,True
45752,Tweet,lukeharding1968,DSandip_TOI,27,True
46260,Tweet,lukeharding1968,PeterTatchell,91,False
45871,Tweet,lukeharding1968,RichSandomir,289,False
46207,Tweet,lukeharding1968,NishikantkTOI,12,True
46242,Tweet,lukeharding1968,michaelcrowley,31,True
46002,Tweet,lukeharding1968,sudeshnagTOI,394,False
46036,Tweet,lukeharding1968,npwcnn,25,True
46177,Tweet,lukeharding1968,utejonmayamTOI,134,False
45990,Tweet,lukeharding1968,margaretrenkl,55,False
46111,Tweet,lukeharding1968,RowanMoore,202,False
46255,Tweet,lukeharding1968,NeilMacFarquhar,17,True
143044,Article,msmirandasawyer,mariellaf1,20,True
143196,Article,msmirandasawyer,FlitterOnFraud,152,False
143165,Article,msmirandasawyer,laurenlaverne,14,True
143079,Article,msmirandasawyer,alexmarshall81,90,False
143049,Article,msmirandasawyer,mariellaf1,22,True
143012,Article,msmirandasawyer,apoorva_nyc,465,False
143065,Article,msmirandasawyer,KateEMcCann,6,True
143069,Article,msmirandasawyer,stevenpoole,34,False
143068,Article,msmirandasawyer,stevenpoole,33,False
143107,Article,msmirandasawyer,arusbridger,19,True
143016,Article,msmirandasawyer,annanorthtweets,39,False
143194,Article,msmirandasawyer,MarinaOLoughlin,4,True
143183,Article,msmirandasawyer,emmabrockes,17,True
143249,Article,msmirandasawyer,lindasgrant,69,False
143051,Article,msmirandasawyer,jennydeluxe,33,False
143632,Tweet,msmirandasawyer,LauraCummingArt,25,True
143396,Tweet,msmirandasawyer,gabyhinsliff,28,True
143788,Tweet,msmirandasawyer,FabrizioRomano,49,False
143770,Tweet,msmirandasawyer,IAmTimDowling,59,False
143821,Tweet,msmirandasawyer,desaisantosh,273,False
143473,Tweet,msmirandasawyer,LauraCummingArt,3,True
143665,Tweet,msmirandasawyer,ollywainwright,19,True
143740,Tweet,msmirandasawyer,maevesther,30,True
143590,Tweet,msmirandasawyer,desaisantosh,26,True
143609,Tweet,msmirandasawyer,markriceoxley69,3,True
143394,Tweet,msmirandasawyer,laurenlaverne,5,True
143542,Tweet,msmirandasawyer,DanielKingChess,15,True
143573,Tweet,msmirandasawyer,LauraCummingArt,14,True
143648,Tweet,msmirandasawyer,mswainwright,26,True
143568,Tweet,msmirandasawyer,ollywainwright,6,True
203809,Article,priyangiTOI,amitanandTOI,36,False
203801,Article,priyangiTOI,niyatiparikhTOI,5,True
203851,Article,priyangiTOI,anandbodhTOI,12,True
203771,Article,priyangiTOI,naomi2009,22,True
203719,Article,priyangiTOI,NewtonSTOI,21,True
203704,Article,priyangiTOI,bindiyachariTOI,20,True
203914,Article,priyangiTOI,andrewrsorkin,14,True
203883,Article,priyangiTOI,SindhukTOI,27,True
203844,Article,priyangiTOI,utejonmayamTOI,42,False
203798,Article,priyangiTOI,AmritadTOI,24,True
203882,Article,priyangiTOI,GRajivTOI,25,True
203716,Article,priyangiTOI,anandbodhTOI,25,True
203867,Article,priyangiTOI,jameskanter,16,True
203773,Article,priyangiTOI,kush_junglee,11,True
203820,Article,priyangiTOI,AlokKNMishra,17,True
203934,Tweet,priyangiTOI,philipoltermann,381,False
203974,Tweet,priyangiTOI,BawaNaaved,25,True
203953,Tweet,priyangiTOI,bishnoiarvind11,32,True
203967,Tweet,priyangiTOI,vijaypTOI,61,False
203956,Tweet,priyangiTOI,neelam_raaj,30,True
204003,Tweet,priyangiTOI,dkarthikTOI,32,True
203970,Tweet,priyangiTOI,dkarthikTOI,25,True
204010,Tweet,priyangiTOI,AlysFowler,5,True
204008,Tweet,priyangiTOI,vijaysinghTOI,14,True
203962,Tweet,priyangiTOI,vaibhavgTOI,41,False
203978,Tweet,priyangiTOI,NYTBen,51,False
204002,Tweet,priyangiTOI,vijaysinghTOI,28,True
203941,Tweet,priyangiTOI,sudhanshub16,19,True
203943,Tweet,priyangiTOI,somitsenTOI,25,True
203938,Tweet,priyangiTOI,vijaysinghTOI,30,True
179808,Article,Crime_Selvaraj,RoniNYTimes,17,True
179800,Article,Crime_Selvaraj,Crime_Selvaraj,1,True
179691,Article,Crime_Selvaraj,AmritadTOI,3,True
179578,Article,Crime_Selvaraj,Crime_Selvaraj,1,True
179639,Article,Crime_Selvaraj,AmritadTOI,13,True
179616,Article,Crime_Selvaraj,maheshbTOI,9,True
179611,Article,Crime_Selvaraj,PjJoychen,5,True
179674,Article,Crime_Selvaraj,PjJoychen,2,True
179612,Article,Crime_Selvaraj,sisario,28,True
179627,Article,Crime_Selvaraj,ameliagentleman,5,True
179661,Article,Crime_Selvaraj,Crime_Selvaraj,1,True
179699,Article,Crime_Selvaraj,priyangiTOI,11,True
179659,Article,Crime_Selvaraj,toi_dhananjayM,7,True
179727,Article,Crime_Selvaraj,NewtonSTOI,31,True
179776,Article,Crime_Selvaraj,NilsPratley,16,True
179856,Tweet,Crime_Selvaraj,jonathanwatts,31,True
179875,Tweet,Crime_Selvaraj,IpsitaTOI,195,False
179897,Tweet,Crime_Selvaraj,mswainwright,45,False
179860,Tweet,Crime_Selvaraj,alexvtunzelmann,29,True
179840,Tweet,Crime_Selvaraj,PatrickKingsley,3,True
179819,Tweet,Crime_Selvaraj,juliemTOI,19,True
179898,Tweet,Crime_Selvaraj,mateenHTOI,30,True
179845,Tweet,Crime_Selvaraj,alanconnor,24,True
179818,Tweet,Crime_Selvaraj,Crime_Selvaraj,1,True
179841,Tweet,Crime_Selvaraj,kush_junglee,11,True
179863,Tweet,Crime_Selvaraj,DanielKingChess,31,True
179816,Tweet,Crime_Selvaraj,PNaveenTOI,17,True
179862,Tweet,Crime_Selvaraj,PeterTatchell,31,True
179829,Tweet,Crime_Selvaraj,FranklinBlog,31,True
179830,Tweet,Crime_Selvaraj,alexanderburns,149,False
169573,Article,advityabahlTOI,KateEMcCann,178,False
169538,Article,advityabahlTOI,bagishjhaTOI,29,True
169500,Article,advityabahlTOI,bencasselman,43,False
169655,Article,advityabahlTOI,SindhukTOI,23,True
169510,Article,advityabahlTOI,jimwaterson,23,True
169598,Article,advityabahlTOI,dipakdashTOI,47,False
169554,Article,advityabahlTOI,vijayVsinghTOI,72,False
169658,Article,advityabahlTOI,SidharthB25,5,True
169638,Article,advityabahlTOI,niyatiparikhTOI,23,True
169716,Article,advityabahlTOI,AmritadTOI,18,True
169513,Article,advityabahlTOI,MarinaOLoughlin,99,False
169579,Article,advityabahlTOI,durgeshjhaTOI,14,True
169649,Article,advityabahlTOI,maheshbTOI,20,True
169641,Article,advityabahlTOI,durgeshjhaTOI,22,True
169498,Article,advityabahlTOI,naomi2009,24,True
169799,Tweet,advityabahlTOI,AnujaJaiswalTOI,8,True
169779,Tweet,advityabahlTOI,rajatpTOI,45,False
169823,Tweet,advityabahlTOI,nauzerbTOI,22,True
169809,Tweet,advityabahlTOI,hannahdev,12,True
169782,Tweet,advityabahlTOI,philipoltermann,202,False
169761,Tweet,advityabahlTOI,Rupalijee,16,True
169803,Tweet,advityabahlTOI,MohitaTOI,2,True
169763,Tweet,advityabahlTOI,bishnoiarvind11,55,False
169790,Tweet,advityabahlTOI,jessbidgood,77,False
169767,Tweet,advityabahlTOI,HemantaTOI,48,False
169787,Tweet,advityabahlTOI,toi_dhananjayM,84,False
169838,Tweet,advityabahlTOI,AtulMathur_,46,False
169798,Tweet,advityabahlTOI,alanconnor,166,False
169755,Tweet,advityabahlTOI,dubeyavishek,2,True
169748,Tweet,advityabahlTOI,hannahdev,9,True
153870,Article,gabyhinsliff,annanorthtweets,14,True
153856,Article,gabyhinsliff,JohnJCrace,4,True
153846,Article,gabyhinsliff,stevenpoole,22,True
153985,Article,gabyhinsliff,hannahdev,26,True
153872,Article,gabyhinsliff,RebeccaSeal,4,True
153875,Article,gabyhinsliff,Markbeaumontuk,55,False
153955,Article,gabyhinsliff,tejalrao,31,True
153911,Article,gabyhinsliff,RowanMoore,7,True
153880,Article,gabyhinsliff,jimwaterson,110,False
153830,Article,gabyhinsliff,jillfilipovic,2,True
153823,Article,gabyhinsliff,rachshabi,27,True
153858,Article,gabyhinsliff,greenslader,5,True
153851,Article,gabyhinsliff,emilybell,19,True
153765,Article,gabyhinsliff,williamkeegan,10,True
153854,Article,gabyhinsliff,MaggieAstor,122,False
154458,Tweet,gabyhinsliff,saumyajitbTOI,13,True
154050,Tweet,gabyhinsliff,marcatracy,77,False
154222,Tweet,gabyhinsliff,ollywainwright,41,False
154489,Tweet,gabyhinsliff,sarfrazmanzoor,28,True
154025,Tweet,gabyhinsliff,sandhyanairTOI,34,False
154338,Tweet,gabyhinsliff,sarahchurchwell,15,True
154046,Tweet,gabyhinsliff,RebeccaSeal,11,True
154097,Tweet,gabyhinsliff,VivianHo,5,True
154130,Tweet,gabyhinsliff,PeterTatchell,184,False
154556,Tweet,gabyhinsliff,thestephmerritt,21,True
154549,Tweet,gabyhinsliff,NewtonSTOI,53,False
154553,Tweet,gabyhinsliff,Bencjacobs,121,False
154527,Tweet,gabyhinsliff,FabrizioRomano,48,False
154402,Tweet,gabyhinsliff,NilsPratley,13,True
154250,Tweet,gabyhinsliff,jfordham_jazz,25,True
106180,Article,stevenpoole,thestephmerritt,24,True
106331,Article,stevenpoole,arusbridger,29,True
106168,Article,stevenpoole,sendvictorious,24,True
106145,Article,stevenpoole,JoshuaRozenberg,29,True
106134,Article,stevenpoole,KateEMcCann,28,True
106336,Article,stevenpoole,ggreenwald,11,True
106322,Article,stevenpoole,PippaCrerar,24,True
106337,Article,stevenpoole,lindasgrant,23,True
106345,Article,stevenpoole,sarahlyall,100,False
106230,Article,stevenpoole,joecoscarelli,94,False
106195,Article,stevenpoole,sendvictorious,26,True
106349,Article,stevenpoole,alexvtunzelmann,50,False
106249,Article,stevenpoole,JoshuaRozenberg,26,True
106186,Article,stevenpoole,CeylanWrites,31,True
106189,Article,stevenpoole,thestephmerritt,29,True
106811,Tweet,stevenpoole,attackerman,167,False
106759,Tweet,stevenpoole,CarolineLucas,36,False
106855,Tweet,stevenpoole,peterbakernyt,360,False
106835,Tweet,stevenpoole,mtomasky,63,False
106451,Tweet,stevenpoole,Shilarze_SSR,240,False
106534,Tweet,stevenpoole,parthasinha,98,False
106560,Tweet,stevenpoole,bindelj,107,False
106745,Tweet,stevenpoole,jhoffman,131,False
106871,Tweet,stevenpoole,maevesther,12,True
106385,Tweet,stevenpoole,DSlotnik,80,False
106793,Tweet,stevenpoole,SearleAdrian,65,False
106376,Tweet,stevenpoole,LauraCummingArt,108,False
106947,Tweet,stevenpoole,ggreenwald,169,False
106592,Tweet,stevenpoole,oliverburkeman,96,False
106639,Tweet,stevenpoole,jayamenon64,237,False
13293,Article,MattFutterman,FabrizioRomano,90,False
13243,Article,MattFutterman,JessicaValenti,224,False
13291,Article,MattFutterman,MarcusMergulhao,8,True
13253,Article,MattFutterman,saumyajitbTOI,52,False
13273,Article,MattFutterman,kenvogel,85,False
13281,Article,MattFutterman,LizAldermanNYT,24,True
13283,Article,MattFutterman,MattFutterman,1,True
13289,Article,MattFutterman,Shilarze_SSR,20,True
13241,Article,MattFutterman,SangerNYT,46,False
13232,Article,MattFutterman,damiencave,13,True
13249,Article,MattFutterman,lauriegnyt,89,False
13216,Article,MattFutterman,manujaveerappa,94,False
13278,Article,MattFutterman,ceciliakang,39,False
13247,Article,MattFutterman,llerer,43,False
13229,Article,MattFutterman,declanwalsh,131,False
13307,Tweet,MattFutterman,vivek9301,66,False
13338,Tweet,MattFutterman,DerekMalcolm123,18,True
13375,Tweet,MattFutterman,SocialQPhilip,2,True
13358,Tweet,MattFutterman,ThevarSteffy,29,True
13321,Tweet,MattFutterman,adwaidh,34,False
13359,Tweet,MattFutterman,aleksk,341,False
13315,Tweet,MattFutterman,nauzerbTOI,355,False
13327,Tweet,MattFutterman,ianrausten,8,True
13372,Tweet,MattFutterman,LeoHickman,8,True
13317,Tweet,MattFutterman,TridibIANS,6,True
13368,Tweet,MattFutterman,gilestremlett,9,True
13364,Tweet,MattFutterman,TOISH31,92,False
13310,Tweet,MattFutterman,SarahMaslinNir,23,True
13316,Tweet,MattFutterman,lenoretaylor,5,True
13337,Tweet,MattFutterman,NilsPratley,80,False
137232,Article,arusbridger,sarfrazmanzoor,63,False
137228,Article,arusbridger,greenslader,17,True
137185,Article,arusbridger,benkenigsberg,19,True
137279,Article,arusbridger,lindasgrant,32,True
137236,Article,arusbridger,charltonbrooker,18,True
137156,Article,arusbridger,andybrassell,89,False
137120,Article,arusbridger,RebeccaSeal,57,False
137271,Article,arusbridger,thestephmerritt,36,False
137253,Article,arusbridger,NYTimesCohen,31,True
137140,Article,arusbridger,hadleyfreeman,25,True
137169,Article,arusbridger,hannahdev,9,True
137269,Article,arusbridger,cdcaron,373,False
137139,Article,arusbridger,hadleyfreeman,25,True
137187,Article,arusbridger,jennydeluxe,203,False
137174,Article,arusbridger,fmanjoo,116,False
137795,Tweet,arusbridger,hillhulse,197,False
137433,Tweet,arusbridger,maevesther,22,True
137759,Tweet,arusbridger,andrew_mueller,188,False
137596,Tweet,arusbridger,kiracochrane,80,False
137761,Tweet,arusbridger,timatkin,30,True
137808,Tweet,arusbridger,RBReich,317,False
137837,Tweet,arusbridger,vijaysinghTOI,213,False
137396,Tweet,arusbridger,williamnhutton,62,False
137755,Tweet,arusbridger,vijaysinghTOI,184,False
137671,Tweet,arusbridger,PeterTatchell,15,True
137720,Tweet,arusbridger,AnujaJaiswalTOI,6,True
137741,Tweet,arusbridger,LauraCummingArt,229,False
137351,Tweet,arusbridger,desaisantosh,23,True
137348,Tweet,arusbridger,marthakelner,12,True
137622,Tweet,arusbridger,har_mandeep,270,False
92824,Article,aleksk,LeoHickman,32,True
92876,Article,aleksk,jimwaterson,18,True
92766,Article,aleksk,IAmTimDowling,18,True
92864,Article,aleksk,jimwaterson,14,True
92656,Article,aleksk,MaggieAstor,46,False
92751,Article,aleksk,stevenpoole,22,True
92856,Article,aleksk,ajaykanth7,12,True
92711,Article,aleksk,bindelj,32,True
92836,Article,aleksk,ajaysuraTOI,25,True
92862,Article,aleksk,wesley_morris,26,True
92764,Article,aleksk,sisario,16,True
92790,Article,aleksk,bglendenning,36,False
92799,Article,aleksk,andrewrsorkin,85,False
92897,Article,aleksk,tomdyckhoff,345,False
92860,Article,aleksk,ditzkoff,5,True
93062,Tweet,aleksk,lukeharding1968,27,True
93449,Tweet,aleksk,TimdeLisle,33,False
93239,Tweet,aleksk,jillfilipovic,24,True
93244,Tweet,aleksk,DerekMalcolm123,382,False
93406,Tweet,aleksk,JessicaValenti,125,False
93094,Tweet,aleksk,CarolineLucas,71,False
93459,Tweet,aleksk,afuahirsch,189,False
93305,Tweet,aleksk,axrenton,212,False
93083,Tweet,aleksk,MarinaOLoughlin,67,False
93266,Tweet,aleksk,timatkin,499,False
93424,Tweet,aleksk,alexvtunzelmann,101,False
93159,Tweet,aleksk,noamscheiber,17,True
93041,Tweet,aleksk,PNaveenTOI,383,False
92986,Tweet,aleksk,jillfilipovic,31,True
93353,Tweet,aleksk,nmcintosh,32,True
221151,Article,vishwamTOI,AjayUgrasTOI,16,True
221273,Article,vishwamTOI,bencasselman,34,False
221304,Article,vishwamTOI,jameskanter,27,True
221310,Article,vishwamTOI,LFFriedman,14,True
221247,Article,vishwamTOI,suilee,55,False
221145,Article,vishwamTOI,NilsPratley,17,True
221212,Article,vishwamTOI,jameskanter,34,False
221255,Article,vishwamTOI,LFFriedman,29,True
221180,Article,vishwamTOI,KapildaveTOI,25,True
221114,Article,vishwamTOI,andrewrsorkin,6,True
221282,Article,vishwamTOI,gmorgenson,17,True
221123,Article,vishwamTOI,SribaalaVTOI,56,False
221198,Article,vishwamTOI,jameskanter,23,True
221201,Article,vishwamTOI,jameskanter,22,True
221263,Article,vishwamTOI,rajendrasTOI,12,True
221426,Tweet,vishwamTOI,smita_mishra,93,False
221441,Tweet,vishwamTOI,BawaNaaved,167,False
221442,Tweet,vishwamTOI,anandbodhTOI,14,True
221445,Tweet,vishwamTOI,PatrickKingsley,50,False
221379,Tweet,vishwamTOI,toi_dhananjayM,8,True
221382,Tweet,vishwamTOI,nauzerbTOI,93,False
221402,Tweet,vishwamTOI,toi_ManujaV,44,False
221439,Tweet,vishwamTOI,tushhaikhush,252,False
221399,Tweet,vishwamTOI,RosySequeiraTOI,101,False
221428,Tweet,vishwamTOI,AlysFowler,139,False
221440,Tweet,vishwamTOI,palaknandiTOI,80,False
221450,Tweet,vishwamTOI,murarishetye,79,False
221401,Tweet,vishwamTOI,kumaraswamykTOI,20,True
221430,Tweet,vishwamTOI,fmanjoo,180,False
221409,Tweet,vishwamTOI,kumaraswamykTOI,27,True
30402,Article,LizAldermanNYT,jennydeluxe,246,False
30474,Article,LizAldermanNYT,bagishjhaTOI,21,True
30493,Article,LizAldermanNYT,KeithBradsher,2,True
30478,Article,LizAldermanNYT,pradeeptTOI,24,True
30421,Article,LizAldermanNYT,stevenerlanger,30,True
30418,Article,LizAldermanNYT,PatrickKingsley,29,True
30468,Article,LizAldermanNYT,AshokPradhanTOI,37,False
30454,Article,LizAldermanNYT,helenecooper,124,False
30462,Article,LizAldermanNYT,andrewrsorkin,8,True
30477,Article,LizAldermanNYT,noamscheiber,51,False
30430,Article,LizAldermanNYT,vijayVsinghTOI,16,True
30448,Article,LizAldermanNYT,murarishetyeTOI,63,False
30437,Article,LizAldermanNYT,AshokPradhanTOI,15,True
30403,Article,LizAldermanNYT,noamscheiber,201,False
30426,Article,LizAldermanNYT,vijayVsinghTOI,23,True
30586,Tweet,LizAldermanNYT,007pandey,32,True
30580,Tweet,LizAldermanNYT,allegramcevedy,225,False
30518,Tweet,LizAldermanNYT,parul_sehgal,7,True
30544,Tweet,LizAldermanNYT,mohuadazz,334,False
30562,Tweet,LizAldermanNYT,alexbellos,16,True
30510,Tweet,LizAldermanNYT,bglendenning,238,False
30595,Tweet,LizAldermanNYT,AjayUgrasTOI,33,False
30598,Tweet,LizAldermanNYT,rebeccaSTOI,31,True
30599,Tweet,LizAldermanNYT,Arv_Ind_Chauhan,53,False
30549,Tweet,LizAldermanNYT,williamnhutton,48,False
30506,Tweet,LizAldermanNYT,payaldhawanTOI,22,True
30577,Tweet,LizAldermanNYT,asrpmukeshTOI,28,True
30500,Tweet,LizAldermanNYT,LizAldermanNYT,1,True
30581,Tweet,LizAldermanNYT,ArthurNeslen,39,False
30515,Tweet,LizAldermanNYT,toi_dhananjayM,119,False
22807,Article,nytmike,hugolowell,17,True
22826,Article,nytmike,NeilMacFarquhar,21,True
22809,Article,nytmike,samsifton,52,False
22881,Article,nytmike,kannoyoungs,6,True
22851,Article,nytmike,reidepstein,28,True
22846,Article,nytmike,jwpetersNYT,11,True
22895,Article,nytmike,Azi,13,True
22877,Article,nytmike,hugolowell,7,True
22800,Article,nytmike,hugolowell,8,True
22842,Article,nytmike,RichardFausset,12,True
22861,Article,nytmike,hugolowell,19,True
22853,Article,nytmike,peterbakernyt,16,True
22832,Article,nytmike,SharonLNYT,8,True
22884,Article,nytmike,peterbakernyt,29,True
22828,Article,nytmike,Azi,18,True
22902,Tweet,nytmike,vaibhavgTOI,127,False
22995,Tweet,nytmike,benkenigsberg,139,False
22900,Tweet,nytmike,hugolowell,16,True
22997,Tweet,nytmike,sangerkatz,21,True
22917,Tweet,nytmike,Bencjacobs,3,True
22944,Tweet,nytmike,jhoffman,227,False
22913,Tweet,nytmike,hugolowell,16,True
22901,Tweet,nytmike,PatrickKingsley,12,True
22916,Tweet,nytmike,richardwolffedc,3,True
22927,Tweet,nytmike,Bencjacobs,23,True
22974,Tweet,nytmike,gettleman,161,False
22910,Tweet,nytmike,itsshibuthomas,133,False
22951,Tweet,nytmike,Bencjacobs,13,True
22903,Tweet,nytmike,wesley_morris,35,False
22932,Tweet,nytmike,attackerman,29,True
43109,Article,lucywardsings,KateEMcCann,35,False
43092,Article,lucywardsings,KateEMcCann,12,True
43063,Article,lucywardsings,RebeccaSeal,24,True
43070,Article,lucywardsings,msmirandasawyer,20,True
43098,Article,lucywardsings,CarolineLucas,25,True
43268,Article,lucywardsings,lucywardsings,1,True
43207,Article,lucywardsings,CarolineLucas,4,True
43091,Article,lucywardsings,jonpareles,3,True
43056,Article,lucywardsings,gracedent,27,True
43111,Article,lucywardsings,Markbeaumontuk,66,False
43153,Article,lucywardsings,cdcaron,45,False
43266,Article,lucywardsings,AndrewSparrow,8,True
43051,Article,lucywardsings,KateEMcCann,17,True
43239,Article,lucywardsings,KateEMcCann,15,True
43221,Article,lucywardsings,KateEMcCann,19,True
43824,Tweet,lucywardsings,meeravohraTOI,53,False
43437,Tweet,lucywardsings,laurenlaverne,12,True
43594,Tweet,lucywardsings,rpogrebin,270,False
43367,Tweet,lucywardsings,sudhanshub16,263,False
43698,Tweet,lucywardsings,somitsenTOI,216,False
43654,Tweet,lucywardsings,PeterTatchell,244,False
43529,Tweet,lucywardsings,markriceoxley69,66,False
43279,Tweet,lucywardsings,VivianHo,192,False
43802,Tweet,lucywardsings,meeravohraTOI,4,True
43313,Tweet,lucywardsings,KateEMcCann,73,False
43770,Tweet,lucywardsings,rjadHinduBL,20,True
43829,Tweet,lucywardsings,lyngardner,69,False
43652,Tweet,lucywardsings,debaratisen,42,False
43850,Tweet,lucywardsings,debaratisen,142,False
43322,Tweet,lucywardsings,Shreyanka_M,12,True
74659,Article,davidhepworth,jayrayner1,19,True
74707,Article,davidhepworth,timlottwriter,28,True
74799,Article,davidhepworth,naomi2009,13,True
74728,Article,davidhepworth,lindasgrant,27,True
74720,Article,davidhepworth,timlottwriter,13,True
74701,Article,davidhepworth,KateEMcCann,14,True
74652,Article,davidhepworth,KateEMcCann,25,True
74806,Article,davidhepworth,williamnhutton,22,True
74753,Article,davidhepworth,jayrayner1,22,True
74855,Article,davidhepworth,sendvictorious,22,True
74749,Article,davidhepworth,KateEMcCann,20,True
74864,Article,davidhepworth,nmcintosh,26,True
74859,Article,davidhepworth,NilsPratley,18,True
74867,Article,davidhepworth,SearleAdrian,16,True
74751,Article,davidhepworth,SearleAdrian,11,True
74932,Tweet,davidhepworth,RebeccaSeal,2,True
75273,Tweet,davidhepworth,bindelj,58,False
75094,Tweet,davidhepworth,ronojoy_sen,39,False
74931,Tweet,davidhepworth,TanyaGold1,10,True
75358,Tweet,davidhepworth,DanielKingChess,132,False
74966,Tweet,davidhepworth,TanyaGold1,4,True
75040,Tweet,davidhepworth,OfficeGSBrown,17,True
75091,Tweet,davidhepworth,ASoloski,6,True
75177,Tweet,davidhepworth,TanyaGold1,44,False
75307,Tweet,davidhepworth,steve_hewlett,2,True
75438,Tweet,davidhepworth,jonronson,9,True
75420,Tweet,davidhepworth,AlysFowler,8,True
75223,Tweet,davidhepworth,kenanmalik,118,False
75205,Tweet,davidhepworth,timatkin,90,False
75281,Tweet,davidhepworth,jfordham_jazz,7,True
110529,Article,maevesther,KateEMcCann,34,False
110434,Article,maevesther,AlysFowler,19,True
110499,Article,maevesther,KateEMcCann,19,True
110513,Article,maevesther,ianrausten,80,False
110348,Article,maevesther,markriceoxley69,26,True
110345,Article,maevesther,thestephmerritt,28,True
110501,Article,maevesther,Markbeaumontuk,83,False
110494,Article,maevesther,SindhukTOI,14,True
110314,Article,maevesther,NikiKitsantonis,136,False
110404,Article,maevesther,ewenmacaskill,24,True
110413,Article,maevesther,AndrewSparrow,17,True
110551,Article,maevesther,jayrayner1,29,True
110351,Article,maevesther,lindasgrant,52,False
110390,Article,maevesther,lyngardner,30,True
110546,Article,maevesther,Markbeaumontuk,18,True
110713,Tweet,maevesther,divyapal2013,33,False
110702,Tweet,maevesther,RebeccaSeal,25,True
110707,Tweet,maevesther,seaningle,22,True
110800,Tweet,maevesther,journo_vibha,8,True
110736,Tweet,maevesther,bglendenning,70,False
110708,Tweet,maevesther,shiba_kurian,31,True
110929,Tweet,maevesther,alexvtunzelmann,110,False
110762,Tweet,maevesther,lisamonteiroTOI,91,False
110940,Tweet,maevesther,shattenstone,86,False
110706,Tweet,maevesther,SocialQPhilip,140,False
110843,Tweet,maevesther,timjonze,24,True
110704,Tweet,maevesther,jonathanwatts,32,True
110859,Tweet,maevesther,PhanindraP_TNIE,162,False
110648,Tweet,maevesther,saumyajitbTOI,26,True
110634,Tweet,maevesther,TanyaGold1,40,False
9678,Article,jimtankersley,marywalshjourno,27,True
9693,Article,jimtankersley,PerriKlass,19,True
9642,Article,jimtankersley,mtomasky,23,True
9663,Article,jimtankersley,GlennThrush,28,True
9621,Article,jimtankersley,NilsPratley,16,True
9617,Article,jimtankersley,AlokKNMishra,131,False
9644,Article,jimtankersley,Bencjacobs,26,True
9688,Article,jimtankersley,SribaalaVTOI,13,True
9689,Article,jimtankersley,hugolowell,27,True
9653,Article,jimtankersley,jeannasmialek,7,True
9622,Article,jimtankersley,KapildaveTOI,24,True
9662,Article,jimtankersley,kenvogel,31,True
9694,Article,jimtankersley,KapildaveTOI,37,False
9629,Article,jimtankersley,andrewrsorkin,19,True
9639,Article,jimtankersley,hugolowell,13,True
9720,Tweet,jimtankersley,007pandey,17,True
9742,Tweet,jimtankersley,_nicolaclark,51,False
9775,Tweet,jimtankersley,ggreenwald,19,True
9743,Tweet,jimtankersley,FlitterOnFraud,21,True
9776,Tweet,jimtankersley,RBReich,19,True
9707,Tweet,jimtankersley,christophclarey,447,False
9735,Tweet,jimtankersley,AraniBasuTOI,402,False
9727,Tweet,jimtankersley,manvirsainiTOI,28,True
9784,Tweet,jimtankersley,samsifton,19,True
9725,Tweet,jimtankersley,hugolowell,30,True
9773,Tweet,jimtankersley,KapildaveTOI,29,True
9748,Tweet,jimtankersley,Bencjacobs,20,True
9749,Tweet,jimtankersley,advityabahlTOI,20,True
9779,Tweet,jimtankersley,polblonde,436,False
9763,Tweet,jimtankersley,ggreenwald,26,True
180320,Article,DekaJayanta,Arv_Ind_Chauhan,22,True
180279,Article,DekaJayanta,bindiyachariTOI,21,True
180328,Article,DekaJayanta,SwatiShindeTOI,45,False
180347,Article,DekaJayanta,Crime_Selvaraj,31,True
180267,Article,DekaJayanta,rhymetraveller,20,True
180374,Article,DekaJayanta,MoharBasu,41,False
180344,Article,DekaJayanta,AtulMathur_,62,False
180352,Article,DekaJayanta,pradeeptTOI,37,False
180297,Article,DekaJayanta,smita_mishra,6,True
180293,Article,DekaJayanta,Mahafreed_Irani,20,True
180299,Article,DekaJayanta,PrashantrTOI,21,True
180334,Article,DekaJayanta,PjJoychen,66,False
180318,Article,DekaJayanta,niyatiparikhTOI,36,False
180348,Article,DekaJayanta,rashmidTOI,18,True
180343,Article,DekaJayanta,petleepeter,24,True
180441,Tweet,DekaJayanta,Mahafreed_Irani,28,True
180407,Tweet,DekaJayanta,adwaidh,143,False
180387,Tweet,DekaJayanta,saumyajitbTOI,260,False
180415,Tweet,DekaJayanta,toi_rohanA,18,True
180426,Tweet,DekaJayanta,alexbellos,145,False
180382,Tweet,DekaJayanta,richapintoi,94,False
180422,Tweet,DekaJayanta,SwatiShindeTOI,10,True
180442,Tweet,DekaJayanta,parthshastriTOI,31,True
180401,Tweet,DekaJayanta,jatinder_tur,18,True
180386,Tweet,DekaJayanta,rjadHinduBL,10,True
180411,Tweet,DekaJayanta,Chethan_Dash,16,True
180417,Tweet,DekaJayanta,kush_junglee,3,True
180399,Tweet,DekaJayanta,vishwamTOI,166,False
180438,Tweet,DekaJayanta,toi_ManujaV,19,True
180425,Tweet,DekaJayanta,neelam_raaj,52,False
687,Article,alexmarshall81,PatrickKingsley,77,False
679,Article,alexmarshall81,bindiyachariTOI,52,False
658,Article,alexmarshall81,PatrickKingsley,3,True
620,Article,alexmarshall81,alexmarshall81,1,True
639,Article,alexmarshall81,rebeccaSTOI,171,False
661,Article,alexmarshall81,HemantaTOI,15,True
688,Article,alexmarshall81,EmmaBubola,111,False
613,Article,alexmarshall81,lucysiegle,24,True
624,Article,alexmarshall81,Crime_Selvaraj,158,False
685,Article,alexmarshall81,benkenigsberg,21,True
651,Article,alexmarshall81,GRajivTOI,56,False
604,Article,alexmarshall81,philipoltermann,100,False
677,Article,alexmarshall81,FelicityCloake,24,True
643,Article,alexmarshall81,jonpareles,29,True
601,Article,alexmarshall81,NYTBen,11,True
714,Tweet,alexmarshall81,debaratisen,239,False
720,Tweet,alexmarshall81,we_are_food,92,False
770,Tweet,alexmarshall81,OwenJones84,125,False
778,Tweet,alexmarshall81,alanconnor,64,False
783,Tweet,alexmarshall81,NilsPratley,103,False
719,Tweet,alexmarshall81,GeorgeMonbiot,97,False
796,Tweet,alexmarshall81,SearleAdrian,19,True
724,Tweet,alexmarshall81,Markbeaumontuk,19,True
725,Tweet,alexmarshall81,ajaysuraTOI,31,True
707,Tweet,alexmarshall81,nmcintosh,99,False
776,Tweet,alexmarshall81,GioRussonello,57,False
793,Tweet,alexmarshall81,CarolineLucas,20,True
739,Tweet,alexmarshall81,jfordham_jazz,27,True
756,Tweet,alexmarshall81,philipoltermann,22,True
766,Tweet,alexmarshall81,TristramHuntVA,4,True
64882,Article,timatkin,OfficeGSBrown,6,True
64799,Article,timatkin,billicritic,9,True
64911,Article,timatkin,lindasgrant,11,True
64748,Article,timatkin,billicritic,8,True
64790,Article,timatkin,sendvictorious,6,True
64863,Article,timatkin,nicholaswatt,16,True
64874,Article,timatkin,KateEMcCann,9,True
64839,Article,timatkin,billicritic,6,True
64838,Article,timatkin,KateEMcCann,31,True
64809,Article,timatkin,DerekMalcolm123,20,True
64768,Article,timatkin,OfficeGSBrown,28,True
64698,Article,timatkin,PjJoychen,15,True
64865,Article,timatkin,KateEMcCann,12,True
64689,Article,timatkin,hannahdev,4,True
64693,Article,timatkin,EVincentelli,69,False
65190,Tweet,timatkin,MarcusMergulhao,28,True
65280,Tweet,timatkin,ShrinivasaMTOI,2,True
65278,Tweet,timatkin,LauraCummingArt,321,False
65520,Tweet,timatkin,rajatpTOI,65,False
65249,Tweet,timatkin,divyapal2013,19,True
65002,Tweet,timatkin,smita_mishra,24,True
65021,Tweet,timatkin,thrasherxy,56,False
65009,Tweet,timatkin,vivek9301,17,True
65267,Tweet,timatkin,jorifinkel,271,False
65243,Tweet,timatkin,PeterTatchell,142,False
65448,Tweet,timatkin,toi_dhananjayM,11,True
65044,Tweet,timatkin,debaratisen,113,False
65131,Tweet,timatkin,sendvictorious,70,False
65157,Tweet,timatkin,neelam_raaj,49,False
65039,Tweet,timatkin,Mahafreed_Irani,26,True
120978,Article,carolecadwalla,jimwaterson,3,True
120966,Article,carolecadwalla,KateEMcCann,4,True
121084,Article,carolecadwalla,DeccaJourno,88,False
121094,Article,carolecadwalla,jbouie,91,False
120982,Article,carolecadwalla,sarahditum,37,False
120975,Article,carolecadwalla,msrachelcooke,39,False
121042,Article,carolecadwalla,aleksk,67,False
121083,Article,carolecadwalla,MonaChalabi,30,True
120917,Article,carolecadwalla,AndrewSparrow,4,True
120972,Article,carolecadwalla,NesrineMalik,33,False
120940,Article,carolecadwalla,AnushkaAsthana,17,True
120916,Article,carolecadwalla,sendvictorious,95,False
121066,Article,carolecadwalla,AnushkaAsthana,106,False
120880,Article,carolecadwalla,CarolineLucas,13,True
120902,Article,carolecadwalla,charltonbrooker,15,True
121158,Tweet,carolecadwalla,vijaysinghTOI,284,False
121266,Tweet,carolecadwalla,greenslader,15,True
121613,Tweet,carolecadwalla,ajaysuraTOI,88,False
121504,Tweet,carolecadwalla,debaratisen,124,False
121295,Tweet,carolecadwalla,ukigoni,17,True
121578,Tweet,carolecadwalla,davidhepworth,35,False
121437,Tweet,carolecadwalla,TanyaGold1,243,False
121195,Tweet,carolecadwalla,shafaquealamTOI,23,True
121388,Tweet,carolecadwalla,aleksk,6,True
121559,Tweet,carolecadwalla,alexbellos,380,False
121203,Tweet,carolecadwalla,jatinder_tur,273,False
121649,Tweet,carolecadwalla,DerekMalcolm123,48,False
121385,Tweet,carolecadwalla,polblonde,172,False
121617,Tweet,carolecadwalla,nicholaswatt,4,True
121443,Tweet,carolecadwalla,greenslader,52,False
138078,Article,jayrayner1,ianrausten,42,False
138089,Article,jayrayner1,williamnhutton,31,True
138061,Article,jayrayner1,kylebuchanan,52,False
137979,Article,jayrayner1,sendvictorious,96,False
138015,Article,jayrayner1,sendvictorious,14,True
137926,Article,jayrayner1,nauzerbTOI,15,True
138094,Article,jayrayner1,questingvole,10,True
137962,Article,jayrayner1,AlysFowler,31,True
138101,Article,jayrayner1,archiebland,4,True
138118,Article,jayrayner1,EricaLG,45,False
137956,Article,jayrayner1,andrewrsorkin,65,False
138002,Article,jayrayner1,DeccaJourno,17,True
138041,Article,jayrayner1,arusbridger,32,True
138138,Article,jayrayner1,TanyaGold1,18,True
137935,Article,jayrayner1,thestephmerritt,19,True
138733,Tweet,jayrayner1,RebeccaSeal,19,True
138292,Tweet,jayrayner1,salihughes,42,False
138513,Tweet,jayrayner1,SearleAdrian,20,True
138348,Tweet,jayrayner1,KapildaveTOI,355,False
138537,Tweet,jayrayner1,ewenmacaskill,56,False
138653,Tweet,jayrayner1,CarolineLucas,64,False
138210,Tweet,jayrayner1,pradeeptTOI,77,False
138396,Tweet,jayrayner1,naomi2009,18,True
138692,Tweet,jayrayner1,NilsPratley,46,False
138188,Tweet,jayrayner1,andybrassell,264,False
138606,Tweet,jayrayner1,sudeshnagTOI,80,False
138236,Tweet,jayrayner1,tomdyckhoff,30,True
138341,Tweet,jayrayner1,maevesther,31,True
138266,Tweet,jayrayner1,mohuadazz,51,False
138696,Tweet,jayrayner1,jatinder_tur,189,False
107961,Article,ggreenwald,michelleinbklyn,4,True
107888,Article,ggreenwald,Bencjacobs,25,True
107996,Article,ggreenwald,jwpetersNYT,6,True
107889,Article,ggreenwald,jbouie,32,True
107768,Article,ggreenwald,gmorgenson,24,True
107807,Article,ggreenwald,hadleyfreeman,4,True
107941,Article,ggreenwald,SidharthB25,39,False
107838,Article,ggreenwald,oliverburkeman,25,True
107854,Article,ggreenwald,ditzkoff,32,True
107909,Article,ggreenwald,MaggieAstor,30,True
107843,Article,ggreenwald,ewong,32,True
107829,Article,ggreenwald,jbouie,12,True
107973,Article,ggreenwald,aleksk,19,True
107772,Article,ggreenwald,hadleyfreeman,4,True
107784,Article,ggreenwald,john_hooper,29,True
108537,Tweet,ggreenwald,pradeeptTOI,23,True
108417,Tweet,ggreenwald,Bencjacobs,20,True
108366,Tweet,ggreenwald,vanbadham,9,True
108327,Tweet,ggreenwald,ggreenwald,1,True
108196,Tweet,ggreenwald,payaldhawanTOI,14,True
108338,Tweet,ggreenwald,ManjuVTOI,6,True
108344,Tweet,ggreenwald,ChaitanyadTOI,219,False
108070,Tweet,ggreenwald,PeterTatchell,15,True
108529,Tweet,ggreenwald,neelam_raaj,440,False
108544,Tweet,ggreenwald,murarishetye,119,False
108445,Tweet,ggreenwald,ajaysuraTOI,16,True
108211,Tweet,ggreenwald,jhoffman,69,False
108482,Tweet,ggreenwald,alexvtunzelmann,26,True
108492,Tweet,ggreenwald,SyedAkbarTOI,12,True
108201,Tweet,ggreenwald,patrickwintour,25,True
33221,Article,jessbidgood,smervosh,18,True
33263,Article,jessbidgood,JessicaValenti,7,True
33206,Article,jessbidgood,EricaLG,59,False
33285,Article,jessbidgood,DouthatNYT,67,False
33226,Article,jessbidgood,EricaLG,72,False
33277,Article,jessbidgood,anniekarni,35,False
33298,Article,jessbidgood,aurelienbrd,91,False
33205,Article,jessbidgood,SharonLNYT,10,True
33216,Article,jessbidgood,_nicolaclark,61,False
33214,Article,jessbidgood,_nicolaclark,334,False
33247,Article,jessbidgood,NickAtNews,30,True
33272,Article,jessbidgood,cdcaron,30,True
33203,Article,jessbidgood,AtulMathur_,41,False
33222,Article,jessbidgood,ESCochrane,49,False
33233,Article,jessbidgood,niyatiparikhTOI,144,False
33398,Tweet,jessbidgood,rachlharris,13,True
33316,Tweet,jessbidgood,Bencjacobs,30,True
33362,Tweet,jessbidgood,hugolowell,21,True
33334,Tweet,jessbidgood,michelleinbklyn,29,True
33389,Tweet,jessbidgood,SearleAdrian,391,False
33351,Tweet,jessbidgood,TridibIANS,177,False
33357,Tweet,jessbidgood,KapildaveTOI,160,False
33372,Tweet,jessbidgood,benkenigsberg,282,False
33305,Tweet,jessbidgood,jatinder_tur,423,False
33326,Tweet,jessbidgood,Azi,53,False
33393,Tweet,jessbidgood,Bencjacobs,73,False
33376,Tweet,jessbidgood,RowanMoore,452,False
33378,Tweet,jessbidgood,hugolowell,50,False
33336,Tweet,jessbidgood,bylizrobbins,15,True
33346,Tweet,jessbidgood,mtomasky,20,True
36681,Article,markriceoxley69,andybrassell,79,False
36816,Article,markriceoxley69,paulmasonnews,181,False
36631,Article,markriceoxley69,jimwaterson,30,True
36740,Article,markriceoxley69,EVincentelli,101,False
36692,Article,markriceoxley69,noamscheiber,129,False
36615,Article,markriceoxley69,hannahdev,31,True
36785,Article,markriceoxley69,CarolineLucas,41,False
36614,Article,markriceoxley69,hannahdev,30,True
36734,Article,markriceoxley69,GeorgeMonbiot,6,True
36731,Article,markriceoxley69,sarahditum,55,False
36873,Article,markriceoxley69,IKershner,384,False
36754,Article,markriceoxley69,thestephmerritt,32,True
36809,Article,markriceoxley69,sarfrazmanzoor,16,True
36633,Article,markriceoxley69,markriceoxley69,1,True
36770,Article,markriceoxley69,hannahdev,31,True
37204,Tweet,markriceoxley69,DerekMalcolm123,86,False
37190,Tweet,markriceoxley69,SocialQPhilip,258,False
37126,Tweet,markriceoxley69,007pandey,273,False
37461,Tweet,markriceoxley69,ukigoni,177,False
37253,Tweet,markriceoxley69,alexvtunzelmann,114,False
37124,Tweet,markriceoxley69,DerekMalcolm123,42,False
36970,Tweet,markriceoxley69,lucywardsings,22,True
37267,Tweet,markriceoxley69,FranklinBlog,14,True
37177,Tweet,markriceoxley69,GeorgeMonbiot,62,False
36998,Tweet,markriceoxley69,Mahafreed_Irani,275,False
37239,Tweet,markriceoxley69,SearleAdrian,85,False
37199,Tweet,markriceoxley69,joshwiddicombe,147,False
37455,Tweet,markriceoxley69,jhoffman,382,False
37446,Tweet,markriceoxley69,priyagupta999,66,False
36999,Tweet,markriceoxley69,PeterTatchell,37,False
190085,Article,kumaraswamykTOI,AniltheMatrix,6,True
190196,Article,kumaraswamykTOI,jayamenon64,30,True
190068,Article,kumaraswamykTOI,JessicaValenti,273,False
190148,Article,kumaraswamykTOI,debaratisen,8,True
190145,Article,kumaraswamykTOI,andrewrawnsley,129,False
189991,Article,kumaraswamykTOI,LizAldermanNYT,10,True
190167,Article,kumaraswamykTOI,ramarkosg,23,True
190170,Article,kumaraswamykTOI,axrenton,196,False
189971,Article,kumaraswamykTOI,DekaJayanta,45,False
190118,Article,kumaraswamykTOI,bykaren,11,True
190175,Article,kumaraswamykTOI,alexanderburns,94,False
190189,Article,kumaraswamykTOI,bykaren,9,True
190131,Article,kumaraswamykTOI,bylizrobbins,20,True
190201,Article,kumaraswamykTOI,jimwaterson,231,False
189998,Article,kumaraswamykTOI,AshokPradhanTOI,41,False
190296,Tweet,kumaraswamykTOI,ukigoni,348,False
190228,Tweet,kumaraswamykTOI,jfordham_jazz,249,False
190292,Tweet,kumaraswamykTOI,desaisantosh,197,False
190313,Tweet,kumaraswamykTOI,nauzerbTOI,395,False
190230,Tweet,kumaraswamykTOI,DanielKingChess,22,True
190312,Tweet,kumaraswamykTOI,rondakaysen,122,False
190299,Tweet,kumaraswamykTOI,FranklinBlog,275,False
190287,Tweet,kumaraswamykTOI,alexvtunzelmann,386,False
190289,Tweet,kumaraswamykTOI,parul_sehgal,21,True
190259,Tweet,kumaraswamykTOI,toi_shailendraA,8,True
190288,Tweet,kumaraswamykTOI,ukigoni,112,False
190227,Tweet,kumaraswamykTOI,itsshibuthomas,174,False
190226,Tweet,kumaraswamykTOI,ThevarSteffy,84,False
190247,Tweet,kumaraswamykTOI,manujaveerappa,33,False
190250,Tweet,kumaraswamykTOI,toi_ManujaV,28,True
148115,Article,Markbeaumontuk,AndrewSparrow,9,True
148141,Article,Markbeaumontuk,sarahchurchwell,12,True
148219,Article,Markbeaumontuk,williamkeegan,5,True
148092,Article,Markbeaumontuk,jimwaterson,11,True
148071,Article,Markbeaumontuk,thestephmerritt,4,True
148221,Article,Markbeaumontuk,sarahditum,4,True
148104,Article,Markbeaumontuk,SearleAdrian,17,True
148128,Article,Markbeaumontuk,stevenpoole,4,True
147997,Article,Markbeaumontuk,thestephmerritt,18,True
148175,Article,Markbeaumontuk,sarahchurchwell,10,True
148055,Article,Markbeaumontuk,lindasgrant,14,True
148064,Article,Markbeaumontuk,thestephmerritt,7,True
148032,Article,Markbeaumontuk,sendvictorious,15,True
148047,Article,Markbeaumontuk,WilbyPeter,44,False
148028,Article,Markbeaumontuk,jayrayner1,15,True
148592,Tweet,Markbeaumontuk,questingvole,30,True
148378,Tweet,Markbeaumontuk,salihughes,14,True
148706,Tweet,Markbeaumontuk,payaldhawanTOI,469,False
148764,Tweet,Markbeaumontuk,parthasinha,98,False
148469,Tweet,Markbeaumontuk,divyapal2013,308,False
148541,Tweet,Markbeaumontuk,shiba_kurian,109,False
148823,Tweet,Markbeaumontuk,shattenstone,95,False
148385,Tweet,Markbeaumontuk,DanielKingChess,163,False
148370,Tweet,Markbeaumontuk,DerekMalcolm123,14,True
148585,Tweet,Markbeaumontuk,tariqpanja,111,False
148655,Tweet,Markbeaumontuk,edvulliamy,189,False
148611,Tweet,Markbeaumontuk,gracedent,8,True
148391,Tweet,Markbeaumontuk,MoharBasu,214,False
148593,Tweet,Markbeaumontuk,vijaysinghTOI,374,False
148746,Tweet,Markbeaumontuk,somitsenTOI,263,False
18424,Article,SangerNYT,SribaalaVTOI,19,True
18468,Article,SangerNYT,reidepstein,46,False
18446,Article,SangerNYT,NeilMacFarquhar,26,True
18406,Article,SangerNYT,SribaalaVTOI,16,True
18458,Article,SangerNYT,AtulMathur_,40,False
18476,Article,SangerNYT,SribaalaVTOI,33,False
18418,Article,SangerNYT,SribaalaVTOI,22,True
18456,Article,SangerNYT,patrickwintour,14,True
18450,Article,SangerNYT,FrancesRobles,52,False
18451,Article,SangerNYT,NeilMacFarquhar,29,True
18422,Article,SangerNYT,kbennhold,28,True
18480,Article,SangerNYT,EmmaBubola,23,True
18464,Article,SangerNYT,AtulMathur_,66,False
18498,Article,SangerNYT,RosySequeiraTOI,81,False
18440,Article,SangerNYT,SribaalaVTOI,34,False
18595,Tweet,SangerNYT,rajatpTOI,182,False
18573,Tweet,SangerNYT,pankajdoval,41,False
18547,Tweet,SangerNYT,jatinder_tur,318,False
18517,Tweet,SangerNYT,SocialQPhilip,45,False
18551,Tweet,SangerNYT,itsshibuthomas,147,False
18575,Tweet,SangerNYT,rjadHinduBL,95,False
18562,Tweet,SangerNYT,AjayUgrasTOI,186,False
18587,Tweet,SangerNYT,ajaysuraTOI,284,False
18527,Tweet,SangerNYT,julianbarnes,75,False
18506,Tweet,SangerNYT,SearleAdrian,134,False
18561,Tweet,SangerNYT,SyedAkbarTOI,64,False
18564,Tweet,SangerNYT,parul_sehgal,8,True
18522,Tweet,SangerNYT,parul_sehgal,19,True
18569,Tweet,SangerNYT,IpsitaTOI,62,False
18556,Tweet,SangerNYT,kylebuchanan,198,False
114112,Article,paulmasonnews,dwightgarner,26,True
113975,Article,paulmasonnews,jimwaterson,31,True
114168,Article,paulmasonnews,sarahditum,68,False
114149,Article,paulmasonnews,nicklezard,38,False
114138,Article,paulmasonnews,ianrausten,32,True
113948,Article,paulmasonnews,andybrassell,113,False
114048,Article,paulmasonnews,arusbridger,13,True
113988,Article,paulmasonnews,winematcher,129,False
113986,Article,paulmasonnews,MiriamElder,148,False
114089,Article,paulmasonnews,MaggieAstor,20,True
114062,Article,paulmasonnews,RorySmith,21,True
114117,Article,paulmasonnews,msmirandasawyer,76,False
114113,Article,paulmasonnews,bencasselman,27,True
114078,Article,paulmasonnews,FelicityCloake,155,False
113969,Article,paulmasonnews,KSchulten,70,False
114644,Tweet,paulmasonnews,CarolineLucas,27,True
114254,Tweet,paulmasonnews,jatinder_tur,178,False
114417,Tweet,paulmasonnews,CarolineLucas,35,False
114335,Tweet,paulmasonnews,arusbridger,9,True
114220,Tweet,paulmasonnews,IanCobain,24,True
114769,Tweet,paulmasonnews,vijayVsinghTOI,192,False
114535,Tweet,paulmasonnews,ukigoni,16,True
114255,Tweet,paulmasonnews,jatinder_tur,8,True
114209,Tweet,paulmasonnews,digbijaymishra1,123,False
114362,Tweet,paulmasonnews,greenslader,16,True
114336,Tweet,paulmasonnews,lindasgrant,56,False
114652,Tweet,paulmasonnews,ajaysuraTOI,22,True
114324,Tweet,paulmasonnews,richardwolffedc,81,False
114454,Tweet,paulmasonnews,ajaysuraTOI,42,False
114432,Tweet,paulmasonnews,shattenstone,157,False
190531,Article,kush_junglee,anandbodhTOI,57,False
190456,Article,kush_junglee,ajaykanth7,44,False
190553,Article,kush_junglee,rajendrasTOI,3,True
190548,Article,kush_junglee,MarcusMergulhao,11,True
190413,Article,kush_junglee,bindiyachariTOI,5,True
190339,Article,kush_junglee,SagrikaKissu,5,True
190524,Article,kush_junglee,utejonmayamTOI,3,True
190330,Article,kush_junglee,digbijaymishra1,79,False
190532,Article,kush_junglee,rebeccaSTOI,7,True
190499,Article,kush_junglee,petleepeter,108,False
190354,Article,kush_junglee,niyatiparikhTOI,8,True
190333,Article,kush_junglee,IpsitaTOI,8,True
190345,Article,kush_junglee,AshokPradhanTOI,8,True
190496,Article,kush_junglee,DekaJayanta,9,True
190401,Article,kush_junglee,patrickwintour,84,False
190640,Tweet,kush_junglee,IpsitaTOI,24,True
190579,Tweet,kush_junglee,PrashantrTOI,21,True
190646,Tweet,kush_junglee,BawaNaaved,19,True
190600,Tweet,kush_junglee,KomalGautham,6,True
190601,Tweet,kush_junglee,PNaveenTOI,6,True
190602,Tweet,kush_junglee,priyagupta999,26,True
190589,Tweet,kush_junglee,vijaysinghTOI,22,True
190644,Tweet,kush_junglee,jatinder_tur,10,True
190567,Tweet,kush_junglee,rjadHinduBL,20,True
190595,Tweet,kush_junglee,SwatiShindeTOI,50,False
190588,Tweet,kush_junglee,ronojoy_sen,25,True
190609,Tweet,kush_junglee,ChaitanyadTOI,80,False
190594,Tweet,kush_junglee,rajatpTOI,31,True
190597,Tweet,kush_junglee,kush_junglee,1,True
190585,Tweet,kush_junglee,OLIVERBALCH,22,True
170059,Article,ajaykanth7,KateEMcCann,9,True
170113,Article,ajaykanth7,patrickwintour,4,True
170199,Article,ajaykanth7,williamnhutton,2,True
170106,Article,ajaykanth7,SidharthB25,2,True
170047,Article,ajaykanth7,JessicaValenti,164,False
170262,Article,ajaykanth7,declanwalsh,10,True
170027,Article,ajaykanth7,jameskanter,5,True
170078,Article,ajaykanth7,jameskanter,5,True
170085,Article,ajaykanth7,toi_dhananjayM,2,True
170097,Article,ajaykanth7,patrickwintour,5,True
170040,Article,ajaykanth7,SidharthB25,3,True
170255,Article,ajaykanth7,pete_wells,49,False
170048,Article,ajaykanth7,HemantaTOI,4,True
170042,Article,ajaykanth7,john_hooper,60,False
170192,Article,ajaykanth7,patrickwintour,8,True
170296,Tweet,ajaykanth7,sudhanshub16,120,False
170275,Tweet,ajaykanth7,SwatiShindeTOI,24,True
170300,Tweet,ajaykanth7,vijaysinghTOI,2,True
170282,Tweet,ajaykanth7,dkarthikTOI,61,False
170288,Tweet,ajaykanth7,aleksk,262,False
170348,Tweet,ajaykanth7,jatinder_tur,90,False
170304,Tweet,ajaykanth7,LauraCummingArt,266,False
170274,Tweet,ajaykanth7,aleksk,228,False
170287,Tweet,ajaykanth7,lucywardsings,12,True
170322,Tweet,ajaykanth7,Arun_Ram,30,True
170316,Tweet,ajaykanth7,peterbradshaw1,116,False
170329,Tweet,ajaykanth7,rjadHinduBL,47,False
170313,Tweet,ajaykanth7,jatinder_tur,52,False
170293,Tweet,ajaykanth7,ChaitanyadTOI,21,True
170323,Tweet,ajaykanth7,murarishetyeTOI,4,True
207650,Article,RosySequeiraTOI,AditiZero,18,True
207686,Article,RosySequeiraTOI,murarishetye,13,True
207703,Article,RosySequeiraTOI,toi_dhananjayM,16,True
207711,Article,RosySequeiraTOI,niyatiparikhTOI,8,True
207550,Article,RosySequeiraTOI,niyatiparikhTOI,6,True
207549,Article,RosySequeiraTOI,AlokKNMishra,24,True
207717,Article,RosySequeiraTOI,SidharthB25,25,True
207669,Article,RosySequeiraTOI,toi_dhananjayM,13,True
207604,Article,RosySequeiraTOI,AmritadTOI,20,True
207725,Article,RosySequeiraTOI,PhanindraP_TNIE,27,True
207732,Article,RosySequeiraTOI,niyatiparikhTOI,26,True
207724,Article,RosySequeiraTOI,SumitraDebRoy,32,True
207706,Article,RosySequeiraTOI,niyatiparikhTOI,29,True
207618,Article,RosySequeiraTOI,rebeccaSTOI,30,True
207627,Article,RosySequeiraTOI,niyatiparikhTOI,30,True
207803,Tweet,RosySequeiraTOI,vijaysinghTOI,28,True
207818,Tweet,RosySequeiraTOI,DanielKingChess,30,True
207825,Tweet,RosySequeiraTOI,FranklinBlog,32,True
207790,Tweet,RosySequeiraTOI,DanielKingChess,24,True
207842,Tweet,RosySequeiraTOI,vijaysinghTOI,30,True
207843,Tweet,RosySequeiraTOI,maheshbTOI,24,True
207824,Tweet,RosySequeiraTOI,PeterTatchell,31,True
207833,Tweet,RosySequeiraTOI,DanielKingChess,16,True
207787,Tweet,RosySequeiraTOI,DanielKingChess,28,True
207819,Tweet,RosySequeiraTOI,alexvtunzelmann,23,True
207791,Tweet,RosySequeiraTOI,alexvtunzelmann,24,True
207807,Tweet,RosySequeiraTOI,SyedAkbarTOI,106,False
207795,Tweet,RosySequeiraTOI,stevenpoole,29,True
207797,Tweet,RosySequeiraTOI,jatinder_tur,159,False
207831,Tweet,RosySequeiraTOI,Mahafreed_Irani,28,True
162474,Article,npwcnn,nicholaswatt,25,True
162528,Article,npwcnn,williamkeegan,20,True
162500,Article,npwcnn,ewenmacaskill,21,True
162440,Article,npwcnn,bydanielvictor,111,False
162558,Article,npwcnn,NeilMacFarquhar,32,True
162438,Article,npwcnn,ESCochrane,22,True
162585,Article,npwcnn,helenecooper,28,True
162368,Article,npwcnn,greenslader,32,True
162459,Article,npwcnn,Crime_Selvaraj,21,True
162458,Article,npwcnn,michaelcrowley,30,True
162571,Article,npwcnn,NikiKitsantonis,10,True
162468,Article,npwcnn,AndrewSparrow,16,True
162590,Article,npwcnn,jonathanwatts,10,True
162499,Article,npwcnn,PatrickKingsley,66,False
162427,Article,npwcnn,KateEMcCann,15,True
163008,Tweet,npwcnn,toi_dhananjayM,2,True
163111,Tweet,npwcnn,ronojoy_sen,45,False
162718,Tweet,npwcnn,FabrizioRomano,111,False
162924,Tweet,npwcnn,alexbellos,234,False
163010,Tweet,npwcnn,manvirsainiTOI,59,False
162885,Tweet,npwcnn,bishnoiarvind11,23,True
163040,Tweet,npwcnn,ukigoni,67,False
163130,Tweet,npwcnn,yeshikabudhwar,30,True
162692,Tweet,npwcnn,toi_dhananjayM,24,True
162902,Tweet,npwcnn,ChuBailiang,32,True
162653,Tweet,npwcnn,ShrinivasaMTOI,17,True
163038,Tweet,npwcnn,rajatpTOI,24,True
162858,Tweet,npwcnn,DanielKingChess,24,True
162807,Tweet,npwcnn,wesley_morris,245,False
162673,Tweet,npwcnn,jhoffman,405,False
115835,Article,JoshuaRozenberg,jimwaterson,38,False
115656,Article,JoshuaRozenberg,sunny_hundal,31,True
115670,Article,JoshuaRozenberg,jimwaterson,17,True
115699,Article,JoshuaRozenberg,MaggieAstor,255,False
115703,Article,JoshuaRozenberg,williamnhutton,28,True
115717,Article,JoshuaRozenberg,ChuBailiang,25,True
115866,Article,JoshuaRozenberg,lindasgrant,19,True
115860,Article,JoshuaRozenberg,GeorgeMonbiot,20,True
115818,Article,JoshuaRozenberg,DouthatNYT,13,True
115762,Article,JoshuaRozenberg,gabyhinsliff,29,True
115801,Article,JoshuaRozenberg,bglendenning,23,True
115707,Article,JoshuaRozenberg,AnushkaAsthana,13,True
115658,Article,JoshuaRozenberg,sendvictorious,21,True
115804,Article,JoshuaRozenberg,KateEMcCann,22,True
115685,Article,JoshuaRozenberg,ewenmacaskill,33,False
116123,Tweet,JoshuaRozenberg,benkenigsberg,119,False
116424,Tweet,JoshuaRozenberg,adamliptak,19,True
116143,Tweet,JoshuaRozenberg,smita_mishra,168,False
116388,Tweet,JoshuaRozenberg,sendvictorious,36,False
115923,Tweet,JoshuaRozenberg,john_hooper,5,True
116358,Tweet,JoshuaRozenberg,AlysFowler,69,False
116216,Tweet,JoshuaRozenberg,lisamonteiroTOI,107,False
116367,Tweet,JoshuaRozenberg,davidleighx,32,True
116142,Tweet,JoshuaRozenberg,ukigoni,13,True
115925,Tweet,JoshuaRozenberg,lenoretaylor,62,False
115921,Tweet,JoshuaRozenberg,OfficeGSBrown,12,True
115999,Tweet,JoshuaRozenberg,NilsPratley,43,False
115906,Tweet,JoshuaRozenberg,JoshuaRozenberg,1,True
115910,Tweet,JoshuaRozenberg,adwaidh,10,True
116099,Tweet,JoshuaRozenberg,NishikantkTOI,58,False
95213,Article,alexbellos,jimwaterson,7,True
95135,Article,alexbellos,bglendenning,27,True
95260,Article,alexbellos,KateEMcCann,13,True
95108,Article,alexbellos,tomdyckhoff,21,True
95236,Article,alexbellos,SearleAdrian,17,True
95094,Article,alexbellos,sendvictorious,6,True
95315,Article,alexbellos,jimwaterson,16,True
95101,Article,alexbellos,jimwaterson,12,True
95132,Article,alexbellos,DeccaJourno,15,True
95224,Article,alexbellos,RowennaDavis,10,True
95264,Article,alexbellos,lindasgrant,25,True
95125,Article,alexbellos,GeorgeMonbiot,24,True
95162,Article,alexbellos,timlottwriter,10,True
95188,Article,alexbellos,sarahditum,3,True
95252,Article,alexbellos,sendvictorious,12,True
95342,Tweet,alexbellos,ollywainwright,61,False
95684,Tweet,alexbellos,ChaitanyadTOI,28,True
95793,Tweet,alexbellos,kenanmalik,399,False
95610,Tweet,alexbellos,alexbellos,1,True
95772,Tweet,alexbellos,seaningle,63,False
95704,Tweet,alexbellos,steve_hewlett,9,True
95559,Tweet,alexbellos,aleksk,4,True
95774,Tweet,alexbellos,ChaitanyadTOI,14,True
95647,Tweet,alexbellos,OLIVERBALCH,5,True
95779,Tweet,alexbellos,jfordham_jazz,280,False
95356,Tweet,alexbellos,jonronson,3,True
95744,Tweet,alexbellos,stevenpoole,15,True
95715,Tweet,alexbellos,FabrizioRomano,4,True
95507,Tweet,alexbellos,sermoninstone,34,False
95763,Tweet,alexbellos,alexvtunzelmann,274,False
154758,Article,questingvole,DouthatNYT,10,True
154831,Article,questingvole,kylebuchanan,225,False
154611,Article,questingvole,LucyMangan,35,False
154749,Article,questingvole,RowanMoore,24,True
154750,Article,questingvole,msrachelcooke,15,True
154683,Article,questingvole,jeannasmialek,264,False
154784,Article,questingvole,JoshuaRozenberg,11,True
154790,Article,questingvole,msmirandasawyer,117,False
154746,Article,questingvole,sendvictorious,17,True
154716,Article,questingvole,FranklinBlog,81,False
154792,Article,questingvole,charltonbrooker,4,True
154759,Article,questingvole,KateEMcCann,15,True
154752,Article,questingvole,sendvictorious,10,True
154782,Article,questingvole,dwightgarner,17,True
154686,Article,questingvole,hannahdev,13,True
155235,Tweet,questingvole,parthasinha,72,False
155193,Tweet,questingvole,greenslader,36,False
155236,Tweet,questingvole,FabrizioRomano,39,False
155209,Tweet,questingvole,FabrizioRomano,61,False
155434,Tweet,questingvole,FabrizioRomano,76,False
154964,Tweet,questingvole,SearleAdrian,22,True
154969,Tweet,questingvole,alanconnor,40,False
154911,Tweet,questingvole,hannahdev,26,True
155158,Tweet,questingvole,kenanmalik,75,False
155380,Tweet,questingvole,kenanmalik,77,False
155027,Tweet,questingvole,jamesrbuk,145,False
155322,Tweet,questingvole,jorifinkel,207,False
155165,Tweet,questingvole,leninology,20,True
155294,Tweet,questingvole,jfordham_jazz,57,False
155036,Tweet,questingvole,pradeeptTOI,88,False
199886,Article,parthasinha,aseemsgujar,27,True
199948,Article,parthasinha,gmorgenson,20,True
199861,Article,parthasinha,andrewrsorkin,21,True
199798,Article,parthasinha,andrewrsorkin,19,True
199918,Article,parthasinha,toi_dhananjayM,15,True
199771,Article,parthasinha,NilsPratley,29,True
199738,Article,parthasinha,andrewrsorkin,19,True
199916,Article,parthasinha,utejonmayamTOI,57,False
199936,Article,parthasinha,andrewrsorkin,23,True
199844,Article,parthasinha,gmorgenson,17,True
199924,Article,parthasinha,gmorgenson,21,True
199843,Article,parthasinha,smita_mishra,68,False
199751,Article,parthasinha,NilsPratley,14,True
199909,Article,parthasinha,NilsPratley,19,True
199944,Article,parthasinha,andrewrsorkin,11,True
199983,Tweet,parthasinha,questingvole,80,False
200034,Tweet,parthasinha,bglendenning,71,False
199990,Tweet,parthasinha,joshwiddicombe,168,False
200063,Tweet,parthasinha,Shilarze_SSR,20,True
200072,Tweet,parthasinha,bishnoiarvind11,343,False
200007,Tweet,parthasinha,LauraCummingArt,149,False
200065,Tweet,parthasinha,alexvtunzelmann,343,False
200047,Tweet,parthasinha,ollywainwright,403,False
199995,Tweet,parthasinha,afuahirsch,150,False
199999,Tweet,parthasinha,TOISH31,88,False
200003,Tweet,parthasinha,adwaidh,37,False
200014,Tweet,parthasinha,bglendenning,30,True
200066,Tweet,parthasinha,Rupalijee,20,True
200018,Tweet,parthasinha,richapintoi,49,False
200037,Tweet,parthasinha,murarishetyeTOI,12,True
176480,Article,bagishjhaTOI,bencasselman,25,True
176581,Article,bagishjhaTOI,jameskanter,18,True
176630,Article,bagishjhaTOI,sisario,16,True
176528,Article,bagishjhaTOI,Bencjacobs,60,False
176586,Article,bagishjhaTOI,marywalshjourno,125,False
176564,Article,bagishjhaTOI,AshokPradhanTOI,17,True
176439,Article,bagishjhaTOI,AjayUgrasTOI,91,False
176470,Article,bagishjhaTOI,jeannasmialek,18,True
176520,Article,bagishjhaTOI,SindhukTOI,62,False
176507,Article,bagishjhaTOI,toi_dhananjayM,5,True
176522,Article,bagishjhaTOI,rashmidTOI,30,True
176440,Article,bagishjhaTOI,vaibhavgTOI,8,True
176641,Article,bagishjhaTOI,ramendrasTOI,155,False
176450,Article,bagishjhaTOI,jameskanter,7,True
176643,Article,bagishjhaTOI,AmritadTOI,22,True
176720,Tweet,bagishjhaTOI,neelam_raaj,268,False
176680,Tweet,bagishjhaTOI,ceciliakang,93,False
176677,Tweet,bagishjhaTOI,shafaquealamTOI,58,False
176706,Tweet,bagishjhaTOI,SocialQPhilip,41,False
176723,Tweet,bagishjhaTOI,PhanindraP_TNIE,12,True
176708,Tweet,bagishjhaTOI,ChaitanyadTOI,86,False
176737,Tweet,bagishjhaTOI,rashmidTOI,49,False
176693,Tweet,bagishjhaTOI,omjasvinTOI,41,False
176710,Tweet,bagishjhaTOI,AjayUgrasTOI,8,True
176676,Tweet,bagishjhaTOI,shiba_kurian,80,False
176674,Tweet,bagishjhaTOI,manujaveerappa,174,False
176711,Tweet,bagishjhaTOI,ArthurNeslen,19,True
176694,Tweet,bagishjhaTOI,AjayUgrasTOI,70,False
176734,Tweet,bagishjhaTOI,SyedAkbarTOI,212,False
176749,Tweet,bagishjhaTOI,rajatpTOI,60,False
81552,Article,ukigoni,sarahlyall,31,True
81419,Article,ukigoni,sarahditum,119,False
81520,Article,ukigoni,FrancesRobles,9,True
81387,Article,ukigoni,williamnhutton,20,True
81445,Article,ukigoni,ajaykanth7,25,True
81560,Article,ukigoni,Bencjacobs,129,False
81512,Article,ukigoni,DawnHFoster,32,True
81527,Article,ukigoni,NeilMacFarquhar,29,True
81505,Article,ukigoni,AlokKNMishra,30,True
81562,Article,ukigoni,NeilMacFarquhar,19,True
81494,Article,ukigoni,NeilMacFarquhar,45,False
81543,Article,ukigoni,JessicaValenti,29,True
81495,Article,ukigoni,NikiKitsantonis,66,False
81374,Article,ukigoni,jimwaterson,59,False
81444,Article,ukigoni,naomi2009,81,False
81966,Tweet,ukigoni,alexvtunzelmann,7,True
81622,Tweet,ukigoni,KapildaveTOI,135,False
81949,Tweet,ukigoni,lukeharding1968,42,False
82081,Tweet,ukigoni,thrasherxy,57,False
81759,Tweet,ukigoni,toi_rohanA,179,False
81775,Tweet,ukigoni,joecoscarelli,51,False
82142,Tweet,ukigoni,priyagupta999,101,False
81838,Tweet,ukigoni,edvulliamy,272,False
81870,Tweet,ukigoni,JoshuaRozenberg,7,True
81742,Tweet,ukigoni,kenanmalik,37,False
82133,Tweet,ukigoni,kbennhold,20,True
82046,Tweet,ukigoni,toi_rohanA,85,False
81869,Tweet,ukigoni,vwang3,181,False
82093,Tweet,ukigoni,jeannasmialek,176,False
82201,Tweet,ukigoni,samsifton,124,False
77220,Article,TanyaGold1,arusbridger,12,True
77391,Article,TanyaGold1,Markbeaumontuk,24,True
77297,Article,TanyaGold1,TanyaGold1,1,True
77198,Article,TanyaGold1,williamnhutton,22,True
77303,Article,TanyaGold1,nicholaswatt,22,True
77291,Article,TanyaGold1,EricaLG,184,False
77397,Article,TanyaGold1,SearleAdrian,20,True
77394,Article,TanyaGold1,sendvictorious,7,True
77372,Article,TanyaGold1,hadleyfreeman,63,False
77230,Article,TanyaGold1,suilee,378,False
77382,Article,TanyaGold1,HackneyAbbott,4,True
77197,Article,TanyaGold1,dwightgarner,33,False
77419,Article,TanyaGold1,sudeshnagTOI,214,False
77196,Article,TanyaGold1,Markbeaumontuk,11,True
77250,Article,TanyaGold1,ianrausten,35,False
77460,Tweet,TanyaGold1,timatkin,37,False
77485,Tweet,TanyaGold1,kush_junglee,221,False
77574,Tweet,TanyaGold1,maevesther,3,True
77972,Tweet,TanyaGold1,timatkin,8,True
77593,Tweet,TanyaGold1,DerekMalcolm123,3,True
77489,Tweet,TanyaGold1,nmcintosh,31,True
77567,Tweet,TanyaGold1,HackneyAbbott,24,True
77996,Tweet,TanyaGold1,andrew_mueller,78,False
77756,Tweet,TanyaGold1,alexvtunzelmann,101,False
77514,Tweet,TanyaGold1,LauraCummingArt,215,False
77521,Tweet,TanyaGold1,chiggi,12,True
77584,Tweet,TanyaGold1,Freedland,83,False
77660,Tweet,TanyaGold1,martcrossy,73,False
77899,Tweet,TanyaGold1,vaibhavgTOI,347,False
77823,Tweet,TanyaGold1,sudeshnagTOI,218,False
174574,Article,Arun_Ram,gettleman,33,False
174522,Article,Arun_Ram,Crime_Selvaraj,21,True
174548,Article,Arun_Ram,durgeshjhaTOI,40,False
174676,Article,Arun_Ram,Crime_Selvaraj,16,True
174668,Article,Arun_Ram,npwcnn,17,True
174603,Article,Arun_Ram,Banjotkaur,23,True
174621,Article,Arun_Ram,sushmi_dey,42,False
174657,Article,Arun_Ram,ajaykanth7,131,False
174624,Article,Arun_Ram,akhileshsTOI,41,False
174568,Article,Arun_Ram,naomi2009,43,False
174586,Article,Arun_Ram,ramendrasTOI,20,True
174663,Article,Arun_Ram,tushhaikhush,242,False
174567,Article,Arun_Ram,utejonmayamTOI,19,True
174503,Article,Arun_Ram,PrashantrTOI,28,True
174604,Article,Arun_Ram,PrashantrTOI,14,True
174735,Tweet,Arun_Ram,toi_rohanA,16,True
174776,Tweet,Arun_Ram,NilsPratley,58,False
174769,Tweet,Arun_Ram,IpsitaTOI,51,False
174789,Tweet,Arun_Ram,SocialQPhilip,224,False
174697,Tweet,Arun_Ram,philipoltermann,190,False
174709,Tweet,Arun_Ram,Banjotkaur,81,False
174760,Tweet,Arun_Ram,JoshuaRozenberg,306,False
174771,Tweet,Arun_Ram,jatinder_tur,2,True
174721,Tweet,Arun_Ram,manvirsainiTOI,20,True
174744,Tweet,Arun_Ram,neelam_raaj,24,True
174730,Tweet,Arun_Ram,vivek9301,9,True
174754,Tweet,Arun_Ram,jayamenon64,81,False
174734,Tweet,Arun_Ram,toi_shailendraA,45,False
174707,Tweet,Arun_Ram,Shreyanka_M,7,True
174749,Tweet,Arun_Ram,ChaitanyadTOI,56,False
155468,Article,hannahdev,KateEMcCann,27,True
155502,Article,hannahdev,utejonmayamTOI,25,True
155674,Article,hannahdev,AnushkaAsthana,11,True
155510,Article,hannahdev,carlzimmer,10,True
155529,Article,hannahdev,alanconnor,14,True
155591,Article,hannahdev,vijayVsinghTOI,167,False
155513,Article,hannahdev,Arun_Ram,15,True
155469,Article,hannahdev,markriceoxley69,14,True
155498,Article,hannahdev,PjJoychen,27,True
155640,Article,hannahdev,rhymetraveller,20,True
155660,Article,hannahdev,KateEMcCann,3,True
155678,Article,hannahdev,GeorgeMonbiot,14,True
155585,Article,hannahdev,AndrewSparrow,21,True
155536,Article,hannahdev,williamnhutton,17,True
155662,Article,hannahdev,KateEMcCann,13,True
155812,Tweet,hannahdev,neelam_raaj,191,False
156003,Tweet,hannahdev,ManjuVTOI,108,False
155856,Tweet,hannahdev,richapintoi,178,False
155906,Tweet,hannahdev,vijaysinghTOI,20,True
156102,Tweet,hannahdev,nmcintosh,39,False
155847,Tweet,hannahdev,hadleyfreeman,163,False
155798,Tweet,hannahdev,sarfrazmanzoor,205,False
155907,Tweet,hannahdev,FabrizioRomano,135,False
155810,Tweet,hannahdev,maevesther,25,True
155749,Tweet,hannahdev,we_are_food,103,False
156224,Tweet,hannahdev,hannahdev,1,True
156114,Tweet,hannahdev,toi_rohanA,63,False
155764,Tweet,hannahdev,DanielKingChess,13,True
155910,Tweet,hannahdev,winematcher,49,False
155844,Tweet,hannahdev,andrewrsorkin,463,False
55661,Article,GeorgeMonbiot,charltonbrooker,58,False
55623,Article,GeorgeMonbiot,gabyhinsliff,74,False
55506,Article,GeorgeMonbiot,michelleinbklyn,8,True
55580,Article,GeorgeMonbiot,antontroian,336,False
55579,Article,GeorgeMonbiot,alexanderburns,30,True
55609,Article,GeorgeMonbiot,alexanderburns,142,False
55697,Article,GeorgeMonbiot,joecoscarelli,27,True
55688,Article,GeorgeMonbiot,michelleinbklyn,25,True
55645,Article,GeorgeMonbiot,rondakaysen,47,False
55696,Article,GeorgeMonbiot,bindelj,294,False
55469,Article,GeorgeMonbiot,jimtankersley,21,True
55594,Article,GeorgeMonbiot,GeorgeMonbiot,1,True
55637,Article,GeorgeMonbiot,msmirandasawyer,18,True
55617,Article,GeorgeMonbiot,davidleighx,70,False
55595,Article,GeorgeMonbiot,jorifinkel,94,False
56169,Tweet,GeorgeMonbiot,jhoffman,164,False
55873,Tweet,GeorgeMonbiot,alexmarshall81,28,True
55994,Tweet,GeorgeMonbiot,alexbellos,29,True
56199,Tweet,GeorgeMonbiot,greenslader,107,False
56164,Tweet,GeorgeMonbiot,tomdyckhoff,15,True
56005,Tweet,GeorgeMonbiot,kenanmalik,201,False
56182,Tweet,GeorgeMonbiot,margaretrenkl,369,False
55941,Tweet,GeorgeMonbiot,alexvtunzelmann,89,False
55965,Tweet,GeorgeMonbiot,MonaChalabi,236,False
55848,Tweet,GeorgeMonbiot,emilybell,242,False
56223,Tweet,GeorgeMonbiot,NilsPratley,60,False
55914,Tweet,GeorgeMonbiot,saumyajitbTOI,132,False
55969,Tweet,GeorgeMonbiot,alexbellos,250,False
55709,Tweet,GeorgeMonbiot,DouthatNYT,18,True
56220,Tweet,GeorgeMonbiot,NewtonSTOI,32,True
125198,Article,billicritic,KateEMcCann,29,True
125193,Article,billicritic,DouthatNYT,9,True
125305,Article,billicritic,nmcintosh,18,True
125227,Article,billicritic,RebeccaSeal,8,True
125335,Article,billicritic,timlottwriter,18,True
125104,Article,billicritic,jayrayner1,24,True
125297,Article,billicritic,nmcintosh,18,True
125244,Article,billicritic,lindasgrant,8,True
125259,Article,billicritic,lindasgrant,25,True
125210,Article,billicritic,naomi2009,29,True
125247,Article,billicritic,timlottwriter,17,True
125291,Article,billicritic,SearleAdrian,3,True
125280,Article,billicritic,arusbridger,11,True
125231,Article,billicritic,JoshuaRozenberg,18,True
125179,Article,billicritic,sendvictorious,28,True
125358,Tweet,billicritic,Shreyanka_M,30,True
125849,Tweet,billicritic,hannahdev,31,True
125507,Tweet,billicritic,journo_vibha,69,False
125566,Tweet,billicritic,PeterTatchell,28,True
125811,Tweet,billicritic,Shreyanka_M,27,True
125694,Tweet,billicritic,MichaelPaulson,29,True
125663,Tweet,billicritic,msmirandasawyer,46,False
125949,Tweet,billicritic,alexvtunzelmann,26,True
125458,Tweet,billicritic,Shreyanka_M,30,True
125564,Tweet,billicritic,timatkin,30,True
125922,Tweet,billicritic,MoharBasu,29,True
125398,Tweet,billicritic,RebeccaSeal,21,True
125472,Tweet,billicritic,priyagupta999,29,True
125368,Tweet,billicritic,allegramcevedy,31,True
125611,Tweet,billicritic,lyngardner,26,True
124271,Article,SearleAdrian,charltonbrooker,46,False
124348,Article,SearleAdrian,RowanMoore,11,True
124429,Article,SearleAdrian,AlysFowler,13,True
124360,Article,SearleAdrian,fmanjoo,80,False
124386,Article,SearleAdrian,williamnhutton,72,False
124444,Article,SearleAdrian,stevenpoole,6,True
124393,Article,SearleAdrian,thestephmerritt,19,True
124390,Article,SearleAdrian,KeithBradsher,344,False
124463,Article,SearleAdrian,arusbridger,33,False
124438,Article,SearleAdrian,annanorthtweets,64,False
124288,Article,SearleAdrian,parul_sehgal,23,True
124405,Article,SearleAdrian,sendvictorious,2,True
124351,Article,SearleAdrian,KateEMcCann,19,True
124339,Article,SearleAdrian,rachshabi,3,True
124433,Article,SearleAdrian,KateEMcCann,22,True
124731,Tweet,SearleAdrian,lyngardner,30,True
124674,Tweet,SearleAdrian,AlysFowler,31,True
124526,Tweet,SearleAdrian,DerekMalcolm123,124,False
124626,Tweet,SearleAdrian,toi_rohanA,178,False
124871,Tweet,SearleAdrian,laurenlaverne,32,True
124822,Tweet,SearleAdrian,toi_dhananjayM,109,False
124523,Tweet,SearleAdrian,smita_mishra,32,True
125068,Tweet,SearleAdrian,peterbradshaw1,37,False
124595,Tweet,SearleAdrian,saumyajitbTOI,32,True
124712,Tweet,SearleAdrian,ggreenwald,140,False
124668,Tweet,SearleAdrian,FranklinBlog,27,True
124629,Tweet,SearleAdrian,smita_mishra,32,True
124752,Tweet,SearleAdrian,TanyaGold1,27,True
124680,Tweet,SearleAdrian,lisamonteiroTOI,405,False
125005,Tweet,SearleAdrian,stevenpoole,35,False
67256,Article,we_are_food,jwpetersNYT,157,False
67333,Article,we_are_food,stevenpoole,14,True
67269,Article,we_are_food,timlottwriter,16,True
67328,Article,we_are_food,jayrayner1,7,True
67388,Article,we_are_food,seaningle,18,True
67307,Article,we_are_food,melissaclark,19,True
67422,Article,we_are_food,LucyMangan,24,True
67253,Article,we_are_food,thestephmerritt,5,True
67409,Article,we_are_food,jamesrbuk,21,True
67267,Article,we_are_food,thestephmerritt,4,True
67248,Article,we_are_food,RowennaDavis,11,True
67344,Article,we_are_food,SearleAdrian,13,True
67232,Article,we_are_food,lucysiegle,8,True
67257,Article,we_are_food,FelicityCloake,24,True
67414,Article,we_are_food,jennydeluxe,15,True
68015,Tweet,we_are_food,maevesther,153,False
67586,Tweet,we_are_food,axrenton,56,False
68010,Tweet,we_are_food,sermoninstone,7,True
68029,Tweet,we_are_food,RebeccaSeal,4,True
67738,Tweet,we_are_food,toi_dhananjayM,88,False
67649,Tweet,we_are_food,MarinaOLoughlin,17,True
68016,Tweet,we_are_food,debaratisen,38,False
67839,Tweet,we_are_food,debaratisen,52,False
67828,Tweet,we_are_food,maheshbTOI,8,True
67750,Tweet,we_are_food,samsifton,7,True
67814,Tweet,we_are_food,MarinaOLoughlin,20,True
67796,Tweet,we_are_food,KateEMcCann,8,True
68009,Tweet,we_are_food,we_are_food,1,True
67838,Tweet,we_are_food,jorifinkel,16,True
67784,Tweet,we_are_food,IAmTimDowling,7,True
25453,Article,fmanjoo,NickAtNews,283,False
25484,Article,fmanjoo,fmanjoo,1,True
25447,Article,fmanjoo,bencasselman,90,False
25420,Article,fmanjoo,dwightgarner,5,True
25473,Article,fmanjoo,andrewrsorkin,15,True
25417,Article,fmanjoo,007pandey,9,True
25401,Article,fmanjoo,dwightgarner,18,True
25439,Article,fmanjoo,marthakelner,377,False
25459,Article,fmanjoo,jonpareles,7,True
25416,Article,fmanjoo,FrankBruni,2,True
25497,Article,fmanjoo,NYTBen,9,True
25481,Article,fmanjoo,IKershner,111,False
25487,Article,fmanjoo,sarahlyall,107,False
25472,Article,fmanjoo,sarahlyall,32,True
25496,Article,fmanjoo,SocialQPhilip,10,True
25536,Tweet,fmanjoo,ggreenwald,24,True
25519,Tweet,fmanjoo,emilybell,4,True
25514,Tweet,fmanjoo,alexvtunzelmann,17,True
25510,Tweet,fmanjoo,stevenpoole,22,True
25570,Tweet,fmanjoo,NirupaTOI,408,False
25588,Tweet,fmanjoo,LauraCummingArt,35,False
25508,Tweet,fmanjoo,aleksk,81,False
25578,Tweet,fmanjoo,AjayUgrasTOI,364,False
25591,Tweet,fmanjoo,leninology,13,True
25596,Tweet,fmanjoo,NYTLiz,25,True
25557,Tweet,fmanjoo,LauraCummingArt,23,True
25582,Tweet,fmanjoo,RBReich,94,False
25559,Tweet,fmanjoo,priyagupta999,171,False
25504,Tweet,fmanjoo,GlennThrush,72,False
25524,Tweet,fmanjoo,007pandey,5,True
187416,Article,jatinder_tur,NYTLiz,128,False
187436,Article,jatinder_tur,nauzerbTOI,24,True
187415,Article,jatinder_tur,sushmi_dey,25,True
187425,Article,jatinder_tur,bencasselman,51,False
187478,Article,jatinder_tur,GeorgeMonbiot,57,False
187399,Article,jatinder_tur,NewtonSTOI,22,True
187442,Article,jatinder_tur,benkenigsberg,5,True
187395,Article,jatinder_tur,andrewrsorkin,28,True
187471,Article,jatinder_tur,bindiyachariTOI,22,True
187463,Article,jatinder_tur,SearleAdrian,63,False
187462,Article,jatinder_tur,bindiyachariTOI,25,True
187407,Article,jatinder_tur,timatkin,23,True
187473,Article,jatinder_tur,KanwardeepsTOI,71,False
187465,Article,jatinder_tur,saumyajitbTOI,27,True
187427,Article,jatinder_tur,AditiZero,26,True
187543,Tweet,jatinder_tur,ArunDev1,20,True
187503,Tweet,jatinder_tur,vijaysinghTOI,20,True
187486,Tweet,jatinder_tur,jatinder_tur,1,True
187552,Tweet,jatinder_tur,binays1960,25,True
187553,Tweet,jatinder_tur,desaisantosh,249,False
187566,Tweet,jatinder_tur,neelam_raaj,21,True
187577,Tweet,jatinder_tur,smita_mishra,3,True
187560,Tweet,jatinder_tur,pradeeptTOI,25,True
187521,Tweet,jatinder_tur,neelam_raaj,22,True
187487,Tweet,jatinder_tur,mateenHTOI,51,False
187491,Tweet,jatinder_tur,priyagupta999,130,False
187498,Tweet,jatinder_tur,asrpmukeshTOI,7,True
187488,Tweet,jatinder_tur,ottolenghi,163,False
187514,Tweet,jatinder_tur,vijaysinghTOI,402,False
187523,Tweet,jatinder_tur,ChaithanyaSwamy,33,False
62348,Article,LucyMangan,benkenigsberg,25,True
62353,Article,LucyMangan,GeorgeMonbiot,46,False
62298,Article,LucyMangan,KateEMcCann,36,False
62135,Article,LucyMangan,AnushkaAsthana,8,True
62361,Article,LucyMangan,lyngardner,23,True
62227,Article,LucyMangan,jimwaterson,24,True
62197,Article,LucyMangan,Markbeaumontuk,11,True
62355,Article,LucyMangan,tushhaikhush,24,True
62134,Article,LucyMangan,thestephmerritt,32,True
62327,Article,LucyMangan,williamnhutton,46,False
62313,Article,LucyMangan,arusbridger,15,True
62318,Article,LucyMangan,arusbridger,12,True
62339,Article,LucyMangan,jimwaterson,42,False
62289,Article,LucyMangan,KateEMcCann,25,True
62371,Article,LucyMangan,EVincentelli,97,False
62839,Tweet,LucyMangan,aleksk,6,True
62838,Tweet,LucyMangan,greenslader,69,False
62545,Tweet,LucyMangan,LauraCummingArt,16,True
62485,Tweet,LucyMangan,jackschofield,26,True
62811,Tweet,LucyMangan,bglendenning,16,True
62906,Tweet,LucyMangan,ukigoni,15,True
62820,Tweet,LucyMangan,Markbeaumontuk,28,True
62601,Tweet,LucyMangan,ukigoni,61,False
62944,Tweet,LucyMangan,afuahirsch,34,False
62694,Tweet,LucyMangan,SearleAdrian,29,True
62661,Tweet,LucyMangan,andybrassell,48,False
62942,Tweet,LucyMangan,aleksk,52,False
62829,Tweet,LucyMangan,debaratisen,46,False
62915,Tweet,LucyMangan,kush_junglee,110,False
62473,Tweet,LucyMangan,edvulliamy,52,False
118537,Article,sarahditum,RoniNYTimes,19,True
118529,Article,sarahditum,carolecadwalla,28,True
118493,Article,sarahditum,DawnHFoster,28,True
118442,Article,sarahditum,MarinaOLoughlin,44,False
118542,Article,sarahditum,DouthatNYT,26,True
118550,Article,sarahditum,DawnHFoster,20,True
118430,Article,sarahditum,domphillips,30,True
118413,Article,sarahditum,RowanMoore,3,True
118437,Article,sarahditum,jonronson,89,False
118469,Article,sarahditum,jimwaterson,7,True
118508,Article,sarahditum,timlottwriter,64,False
118513,Article,sarahditum,AlysFowler,22,True
118402,Article,sarahditum,AnushkaAsthana,16,True
118444,Article,sarahditum,gabyhinsliff,9,True
118500,Article,sarahditum,thestephmerritt,25,True
119151,Tweet,sarahditum,sarahchurchwell,31,True
119058,Tweet,sarahditum,JessicaValenti,46,False
118946,Tweet,sarahditum,SearleAdrian,26,True
118868,Tweet,sarahditum,nandinisgTOI,152,False
119112,Tweet,sarahditum,parul_sehgal,179,False
118652,Tweet,sarahditum,ggreenwald,2,True
119057,Tweet,sarahditum,thestephmerritt,9,True
118676,Tweet,sarahditum,jillfilipovic,21,True
118724,Tweet,sarahditum,jackschofield,54,False
118720,Tweet,sarahditum,vanbadham,25,True
119139,Tweet,sarahditum,LauraCummingArt,25,True
118693,Tweet,sarahditum,VivianHo,90,False
118771,Tweet,sarahditum,kenanmalik,24,True
119063,Tweet,sarahditum,thrasherxy,19,True
118889,Tweet,sarahditum,mariellaf1,57,False
50563,Article,thestephmerritt,NesrineMalik,291,False
50496,Article,thestephmerritt,EmmaBubola,32,True
50613,Article,thestephmerritt,KateEMcCann,23,True
50492,Article,thestephmerritt,arusbridger,18,True
50626,Article,thestephmerritt,shattenstone,106,False
50546,Article,thestephmerritt,williamkeegan,12,True
50469,Article,thestephmerritt,DeccaJourno,63,False
50552,Article,thestephmerritt,charltonbrooker,25,True
50583,Article,thestephmerritt,timlottwriter,28,True
50449,Article,thestephmerritt,aurelienbrd,24,True
50467,Article,thestephmerritt,alexmarshall81,26,True
50523,Article,thestephmerritt,MarinaOLoughlin,346,False
50575,Article,thestephmerritt,KateEMcCann,24,True
50558,Article,thestephmerritt,lindasgrant,14,True
50603,Article,thestephmerritt,SearleAdrian,28,True
50940,Tweet,thestephmerritt,alanconnor,67,False
50978,Tweet,thestephmerritt,TanyaGold1,31,True
51061,Tweet,thestephmerritt,davidhepworth,4,True
50972,Tweet,thestephmerritt,desaisantosh,21,True
50953,Tweet,thestephmerritt,FabrizioRomano,146,False
50904,Tweet,thestephmerritt,steve_hewlett,27,True
50814,Tweet,thestephmerritt,GeorgeMonbiot,43,False
51102,Tweet,thestephmerritt,andrew_mueller,16,True
50675,Tweet,thestephmerritt,ottolenghi,7,True
50715,Tweet,thestephmerritt,ollywainwright,86,False
51005,Tweet,thestephmerritt,sendvictorious,65,False
50706,Tweet,thestephmerritt,NewtonSTOI,71,False
51018,Tweet,thestephmerritt,AraniBasuTOI,263,False
50952,Tweet,thestephmerritt,DerekMalcolm123,16,True
50701,Tweet,thestephmerritt,axrenton,18,True
112400,Article,RowennaDavis,KateEMcCann,7,True
112390,Article,RowennaDavis,msrachelcooke,45,False
112475,Article,RowennaDavis,sisario,107,False
112392,Article,RowennaDavis,bydanielvictor,229,False
112380,Article,RowennaDavis,sisario,101,False
112463,Article,RowennaDavis,timlottwriter,32,True
112466,Article,RowennaDavis,sangerkatz,79,False
112425,Article,RowennaDavis,MaggieAstor,208,False
112414,Article,RowennaDavis,nicholaswatt,120,False
112372,Article,RowennaDavis,AndrewSparrow,26,True
112440,Article,RowennaDavis,AndrewSparrow,32,True
112420,Article,RowennaDavis,KateEMcCann,23,True
112437,Article,RowennaDavis,jimwaterson,89,False
112381,Article,RowennaDavis,sendvictorious,41,False
112458,Article,RowennaDavis,timlottwriter,80,False
112966,Tweet,RowennaDavis,kbennhold,344,False
112565,Tweet,RowennaDavis,maevesther,32,True
112967,Tweet,RowennaDavis,sarfrazmanzoor,27,True
112970,Tweet,RowennaDavis,AnujaJaiswalTOI,57,False
112896,Tweet,RowennaDavis,allegramcevedy,14,True
112948,Tweet,RowennaDavis,ronojoy_sen,100,False
112841,Tweet,RowennaDavis,hannahdev,7,True
112518,Tweet,RowennaDavis,steve_hewlett,21,True
112730,Tweet,RowennaDavis,CarolineLucas,21,True
112561,Tweet,RowennaDavis,CarolineLucas,2,True
112685,Tweet,RowennaDavis,CarolineLucas,18,True
112957,Tweet,RowennaDavis,richapintoi,21,True
112999,Tweet,RowennaDavis,debaratisen,139,False
112699,Tweet,RowennaDavis,ollywainwright,27,True
112760,Tweet,RowennaDavis,CarolineLucas,18,True
94320,Article,philipoltermann,DouthatNYT,30,True
94468,Article,philipoltermann,StacyCowley,138,False
94386,Article,philipoltermann,jameskanter,22,True
94260,Article,philipoltermann,PeterTatchell,17,True
94353,Article,philipoltermann,MoharBasu,68,False
94443,Article,philipoltermann,KateEMcCann,12,True
94383,Article,philipoltermann,AndrewSparrow,27,True
94273,Article,philipoltermann,GeorgeMonbiot,18,True
94357,Article,philipoltermann,PatrickKingsley,24,True
94434,Article,philipoltermann,williamnhutton,118,False
94437,Article,philipoltermann,NikiKitsantonis,30,True
94432,Article,philipoltermann,jameskanter,78,False
94463,Article,philipoltermann,RaphaelMinder,12,True
94375,Article,philipoltermann,afuahirsch,122,False
94459,Article,philipoltermann,julianbarnes,57,False
95079,Tweet,philipoltermann,DanielKingChess,53,False
94962,Tweet,philipoltermann,Freedland,291,False
94670,Tweet,philipoltermann,andybrassell,285,False
94881,Tweet,philipoltermann,parthasinha,4,True
94901,Tweet,philipoltermann,FrankBruni,223,False
94950,Tweet,philipoltermann,nicklezard,49,False
94826,Tweet,philipoltermann,adwaidh,122,False
94529,Tweet,philipoltermann,jillfilipovic,38,False
94873,Tweet,philipoltermann,alexvtunzelmann,72,False
94533,Tweet,philipoltermann,alexanderburns,20,True
95049,Tweet,philipoltermann,jackschofield,134,False
94548,Tweet,philipoltermann,RowanMoore,247,False
94585,Tweet,philipoltermann,ewong,102,False
95005,Tweet,philipoltermann,IAmTimDowling,291,False
94811,Tweet,philipoltermann,leninology,28,True
71109,Article,HackneyAbbott,andrewrsorkin,27,True
71093,Article,HackneyAbbott,timlottwriter,32,True
71085,Article,HackneyAbbott,GeorgeMonbiot,32,True
71141,Article,HackneyAbbott,RorySmith,31,True
71033,Article,HackneyAbbott,BenRothenberg,109,False
71153,Article,HackneyAbbott,nicholaswatt,10,True
71147,Article,HackneyAbbott,KateEMcCann,32,True
71041,Article,HackneyAbbott,AndrewSparrow,9,True
71044,Article,HackneyAbbott,aleksk,154,False
71069,Article,HackneyAbbott,OwenJones84,25,True
71053,Article,HackneyAbbott,AndrewSparrow,32,True
71050,Article,HackneyAbbott,Markbeaumontuk,8,True
71142,Article,HackneyAbbott,lindasgrant,22,True
71121,Article,HackneyAbbott,Markbeaumontuk,20,True
71077,Article,HackneyAbbott,ewenmacaskill,32,True
71549,Tweet,HackneyAbbott,MonaChalabi,28,True
71588,Tweet,HackneyAbbott,williamnhutton,19,True
71332,Tweet,HackneyAbbott,vaibhavgTOI,291,False
71710,Tweet,HackneyAbbott,greenslader,24,True
71238,Tweet,HackneyAbbott,ottolenghi,19,True
71392,Tweet,HackneyAbbott,oliverburkeman,15,True
71738,Tweet,HackneyAbbott,PeterTatchell,32,True
71510,Tweet,HackneyAbbott,PjJoychen,9,True
71308,Tweet,HackneyAbbott,AlysFowler,28,True
71557,Tweet,HackneyAbbott,philipoltermann,10,True
71186,Tweet,HackneyAbbott,FabrizioRomano,20,True
71719,Tweet,HackneyAbbott,mtomasky,346,False
71195,Tweet,HackneyAbbott,RBReich,234,False
71311,Tweet,HackneyAbbott,john_hooper,53,False
71432,Tweet,HackneyAbbott,nauzerbTOI,25,True
165912,Article,bglendenning,jennydeluxe,30,True
165770,Article,bglendenning,AniltheMatrix,46,False
165717,Article,bglendenning,sarahditum,147,False
165771,Article,bglendenning,shattenstone,30,True
165778,Article,bglendenning,AraniBasuTOI,21,True
165834,Article,bglendenning,jbouie,84,False
165868,Article,bglendenning,nicholaswatt,58,False
165915,Article,bglendenning,ByJamesWagner,463,False
165809,Article,bglendenning,michelleinbklyn,302,False
165874,Article,bglendenning,shattenstone,31,True
165709,Article,bglendenning,jbouie,31,True
165798,Article,bglendenning,jfordham_jazz,77,False
165731,Article,bglendenning,axrenton,29,True
165721,Article,bglendenning,shattenstone,44,False
165855,Article,bglendenning,annanorthtweets,105,False
166228,Tweet,bglendenning,NilsPratley,98,False
166223,Tweet,bglendenning,saumyajitbTOI,29,True
166364,Tweet,bglendenning,bglendenning,1,True
166536,Tweet,bglendenning,parthasinha,30,True
166326,Tweet,bglendenning,AraniBasuTOI,32,True
166409,Tweet,bglendenning,greenslader,32,True
166363,Tweet,bglendenning,saumyajitbTOI,23,True
166117,Tweet,bglendenning,saumyajitbTOI,39,False
166095,Tweet,bglendenning,HackneyAbbott,31,True
166290,Tweet,bglendenning,JoshuaRozenberg,26,True
166421,Tweet,bglendenning,kenanmalik,31,True
166093,Tweet,bglendenning,saumyajitbTOI,24,True
166003,Tweet,bglendenning,NilsPratley,25,True
166192,Tweet,bglendenning,Shilarze_SSR,27,True
166279,Tweet,bglendenning,greenslader,31,True
68567,Article,MonaChalabi,sarahlyall,87,False
68561,Article,MonaChalabi,DouthatNYT,2,True
68728,Article,MonaChalabi,sio_burke,120,False
68743,Article,MonaChalabi,durgeshjhaTOI,85,False
68559,Article,MonaChalabi,LFFriedman,164,False
68573,Article,MonaChalabi,DouthatNYT,44,False
68696,Article,MonaChalabi,bencasselman,48,False
68683,Article,MonaChalabi,emmabrockes,134,False
68618,Article,MonaChalabi,JessicaValenti,17,True
68719,Article,MonaChalabi,michelleinbklyn,159,False
68603,Article,MonaChalabi,carlzimmer,15,True
68582,Article,MonaChalabi,timlottwriter,10,True
68591,Article,MonaChalabi,RaphaelMinder,79,False
68763,Article,MonaChalabi,MaggieAstor,121,False
68741,Article,MonaChalabi,jillfilipovic,26,True
68923,Tweet,MonaChalabi,JessicaValenti,27,True
69326,Tweet,MonaChalabi,LauraCummingArt,20,True
68943,Tweet,MonaChalabi,CarolineLucas,181,False
69107,Tweet,MonaChalabi,Markbeaumontuk,72,False
69201,Tweet,MonaChalabi,IanCobain,124,False
69170,Tweet,MonaChalabi,bagishjhaTOI,15,True
69054,Tweet,MonaChalabi,LauraCummingArt,3,True
69011,Tweet,MonaChalabi,vanbadham,71,False
69360,Tweet,MonaChalabi,afuahirsch,135,False
69167,Tweet,MonaChalabi,pete_wells,3,True
68834,Tweet,MonaChalabi,aleksk,64,False
69290,Tweet,MonaChalabi,NishikantkTOI,317,False
68806,Tweet,MonaChalabi,RosySequeiraTOI,23,True
68967,Tweet,MonaChalabi,CarolineLucas,22,True
68897,Tweet,MonaChalabi,MonaChalabi,1,True
70372,Article,sunny_hundal,EmmaBubola,32,True
70266,Article,sunny_hundal,timlottwriter,23,True
70410,Article,sunny_hundal,sendvictorious,22,True
70285,Article,sunny_hundal,KateEMcCann,18,True
70334,Article,sunny_hundal,GeorgeMonbiot,27,True
70294,Article,sunny_hundal,patrickwintour,25,True
70382,Article,sunny_hundal,timlottwriter,24,True
70312,Article,sunny_hundal,stevenpoole,23,True
70385,Article,sunny_hundal,williamnhutton,16,True
70240,Article,sunny_hundal,lindasgrant,16,True
70346,Article,sunny_hundal,sendvictorious,17,True
70298,Article,sunny_hundal,timlottwriter,10,True
70366,Article,sunny_hundal,thestephmerritt,16,True
70275,Article,sunny_hundal,EVincentelli,100,False
70289,Article,sunny_hundal,timlottwriter,17,True
70618,Tweet,sunny_hundal,margaretrenkl,252,False
70461,Tweet,sunny_hundal,jatinder_tur,37,False
70682,Tweet,sunny_hundal,greenslader,128,False
70642,Tweet,sunny_hundal,OfficeGSBrown,25,True
70582,Tweet,sunny_hundal,murarishetye,133,False
70525,Tweet,sunny_hundal,LauraCummingArt,198,False
70824,Tweet,sunny_hundal,Mahafreed_Irani,241,False
70748,Tweet,sunny_hundal,KapildaveTOI,109,False
70497,Tweet,sunny_hundal,PeterTatchell,71,False
70951,Tweet,sunny_hundal,smita_mishra,47,False
70782,Tweet,sunny_hundal,SocialQPhilip,116,False
71004,Tweet,sunny_hundal,ameliagentleman,110,False
70874,Tweet,sunny_hundal,Mahafreed_Irani,142,False
71027,Tweet,sunny_hundal,salihughes,15,True
70495,Tweet,sunny_hundal,greenslader,24,True
220434,Article,vijaysinghTOI,Chethan_Dash,16,True
220583,Article,vijaysinghTOI,bindiyachariTOI,8,True
220447,Article,vijaysinghTOI,salihughes,29,True
220419,Article,vijaysinghTOI,DekaJayanta,7,True
220560,Article,vijaysinghTOI,AlokKNMishra,21,True
220654,Article,vijaysinghTOI,PjJoychen,23,True
220466,Article,vijaysinghTOI,bindiyachariTOI,25,True
220411,Article,vijaysinghTOI,AlokKNMishra,29,True
220455,Article,vijaysinghTOI,durgeshjhaTOI,44,False
220626,Article,vijaysinghTOI,niyatiparikhTOI,22,True
220479,Article,vijaysinghTOI,niyatiparikhTOI,67,False
220649,Article,vijaysinghTOI,dipakdashTOI,7,True
220619,Article,vijaysinghTOI,ajaykanth7,13,True
220554,Article,vijaysinghTOI,payaldhawanTOI,17,True
220636,Article,vijaysinghTOI,bindiyachariTOI,25,True
220671,Tweet,vijaysinghTOI,alanconnor,53,False
220734,Tweet,vijaysinghTOI,vijaysinghTOI,1,True
220719,Tweet,vijaysinghTOI,Mahafreed_Irani,32,True
220749,Tweet,vijaysinghTOI,kush_junglee,4,True
220746,Tweet,vijaysinghTOI,mohuadazz,88,False
220740,Tweet,vijaysinghTOI,BawaNaaved,96,False
220707,Tweet,vijaysinghTOI,mtomasky,288,False
220682,Tweet,vijaysinghTOI,richardwolffedc,130,False
220726,Tweet,vijaysinghTOI,DekaJayanta,20,True
220710,Tweet,vijaysinghTOI,alexvtunzelmann,281,False
220708,Tweet,vijaysinghTOI,murarishetye,4,True
220676,Tweet,vijaysinghTOI,vijaysinghTOI,1,True
220686,Tweet,vijaysinghTOI,ChaitanyadTOI,150,False
220696,Tweet,vijaysinghTOI,priyagupta999,6,True
220705,Tweet,vijaysinghTOI,dkarthikTOI,27,True
183720,Article,Gauraw2297,KateEMcCann,77,False
183823,Article,Gauraw2297,ajaykanth7,42,False
183819,Article,Gauraw2297,DekaJayanta,183,False
183739,Article,Gauraw2297,DekaJayanta,102,False
183780,Article,Gauraw2297,Crime_Selvaraj,177,False
183813,Article,Gauraw2297,NYTimesCohen,148,False
183684,Article,Gauraw2297,farnazfassihi,45,False
183880,Article,Gauraw2297,mateenHTOI,42,False
183808,Article,Gauraw2297,ajaykanth7,42,False
183732,Article,Gauraw2297,rashmidTOI,84,False
183916,Article,Gauraw2297,jameskanter,88,False
183862,Article,Gauraw2297,KateEMcCann,74,False
183898,Article,Gauraw2297,jameskanter,29,True
183693,Article,Gauraw2297,maheshbTOI,342,False
183899,Article,Gauraw2297,Markbeaumontuk,258,False
183993,Tweet,Gauraw2297,BawaNaaved,6,True
183994,Tweet,Gauraw2297,sermoninstone,39,False
183940,Tweet,Gauraw2297,rashmidTOI,7,True
183973,Tweet,Gauraw2297,BawaNaaved,28,True
183983,Tweet,Gauraw2297,BawaNaaved,13,True
183948,Tweet,Gauraw2297,BawaNaaved,20,True
183978,Tweet,Gauraw2297,attackerman,3,True
183981,Tweet,Gauraw2297,amitanandTOI,8,True
183927,Tweet,Gauraw2297,aditya_bh16,21,True
183933,Tweet,Gauraw2297,BawaNaaved,30,True
184010,Tweet,Gauraw2297,AniltheMatrix,13,True
183941,Tweet,Gauraw2297,charlie_savage,31,True
183945,Tweet,Gauraw2297,ManjuVTOI,22,True
183925,Tweet,Gauraw2297,manvirsainiTOI,22,True
184002,Tweet,Gauraw2297,manvirsainiTOI,5,True
99569,Article,vanbadham,leninology,15,True
99524,Article,vanbadham,msrachelcooke,11,True
99526,Article,vanbadham,KateEMcCann,290,False
99390,Article,vanbadham,sarahlyall,13,True
99555,Article,vanbadham,michelleinbklyn,22,True
99413,Article,vanbadham,msrachelcooke,111,False
99386,Article,vanbadham,RorySmith,209,False
99483,Article,vanbadham,questingvole,23,True
99517,Article,vanbadham,emmabrockes,29,True
99377,Article,vanbadham,oliverburkeman,31,True
99585,Article,vanbadham,sio_burke,26,True
99544,Article,vanbadham,annanorthtweets,32,True
99363,Article,vanbadham,arusbridger,37,False
99468,Article,vanbadham,LucyMangan,130,False
99580,Article,vanbadham,MarinaOLoughlin,27,True
99882,Tweet,vanbadham,vanbadham,1,True
99808,Tweet,vanbadham,rachlharris,24,True
99757,Tweet,vanbadham,stevenpoole,364,False
99672,Tweet,vanbadham,SocialQPhilip,9,True
99788,Tweet,vanbadham,rachlharris,58,False
100035,Tweet,vanbadham,ukigoni,21,True
100141,Tweet,vanbadham,nauzerbTOI,297,False
100178,Tweet,vanbadham,alexvtunzelmann,23,True
99698,Tweet,vanbadham,DerekMalcolm123,104,False
99879,Tweet,vanbadham,rpogrebin,19,True
99784,Tweet,vanbadham,SearleAdrian,22,True
99642,Tweet,vanbadham,SocialQPhilip,24,True
100075,Tweet,vanbadham,paulmasonnews,156,False
100172,Tweet,vanbadham,NishikantkTOI,287,False
100040,Tweet,vanbadham,RBReich,371,False
181216,Article,dipakdashTOI,rishachitlangia,24,True
181068,Article,dipakdashTOI,LFFriedman,4,True
181273,Article,dipakdashTOI,akhileshsTOI,4,True
181145,Article,dipakdashTOI,akhileshsTOI,13,True
181105,Article,dipakdashTOI,SidharthB25,41,False
181239,Article,dipakdashTOI,SagrikaKissu,18,True
181271,Article,dipakdashTOI,AnaSwanson,7,True
181116,Article,dipakdashTOI,anandbodhTOI,29,True
181291,Article,dipakdashTOI,akhileshsTOI,36,False
181299,Article,dipakdashTOI,PhanindraP_TNIE,60,False
181080,Article,dipakdashTOI,jameskanter,25,True
181209,Article,dipakdashTOI,ManjuVTOI,36,False
181107,Article,dipakdashTOI,ajaykanth7,29,True
181253,Article,dipakdashTOI,KTVinobhaTOI,25,True
181069,Article,dipakdashTOI,_nicolaclark,6,True
181350,Tweet,dipakdashTOI,PrashantrTOI,10,True
181411,Tweet,dipakdashTOI,rajatpTOI,25,True
181346,Tweet,dipakdashTOI,ramendrasTOI,16,True
181371,Tweet,dipakdashTOI,sandhyanairTOI,33,False
181355,Tweet,dipakdashTOI,timatkin,139,False
181386,Tweet,dipakdashTOI,PhanindraP_TNIE,17,True
181405,Tweet,dipakdashTOI,richapintoi,18,True
181328,Tweet,dipakdashTOI,AditiZero,5,True
181341,Tweet,dipakdashTOI,ChaitanyadTOI,7,True
181396,Tweet,dipakdashTOI,PatrickKingsley,316,False
181324,Tweet,dipakdashTOI,MohitaTOI,20,True
181394,Tweet,dipakdashTOI,pradeepjourno,16,True
181340,Tweet,dipakdashTOI,alexvtunzelmann,329,False
181315,Tweet,dipakdashTOI,dubeyavishek,21,True
181399,Tweet,dipakdashTOI,AditiZero,11,True
186517,Article,IpsitaTOI,rajendrasTOI,63,False
186366,Article,IpsitaTOI,saumyajitbTOI,10,True
186435,Article,IpsitaTOI,kush_junglee,10,True
186498,Article,IpsitaTOI,KapildaveTOI,95,False
186355,Article,IpsitaTOI,CeylanWrites,53,False
186356,Article,IpsitaTOI,rajendrasTOI,6,True
186568,Article,IpsitaTOI,BhanupratapsTOI,22,True
186425,Article,IpsitaTOI,jameskanter,91,False
186504,Article,IpsitaTOI,AjayUgrasTOI,13,True
186555,Article,IpsitaTOI,anandbodhTOI,3,True
186554,Article,IpsitaTOI,michelleinbklyn,383,False
186402,Article,IpsitaTOI,_nicolaclark,25,True
186579,Article,IpsitaTOI,andrewrsorkin,38,False
186379,Article,IpsitaTOI,itsshibuthomas,28,True
186587,Article,IpsitaTOI,PamBelluck,28,True
186639,Tweet,IpsitaTOI,shafaquealamTOI,57,False
186622,Tweet,IpsitaTOI,ajaysuraTOI,323,False
186642,Tweet,IpsitaTOI,IpsitaTOI,1,True
186597,Tweet,IpsitaTOI,Rupalijee,172,False
186696,Tweet,IpsitaTOI,ManjuVTOI,5,True
186661,Tweet,IpsitaTOI,DanBilefsky,94,False
186678,Tweet,IpsitaTOI,TOISH31,9,True
186663,Tweet,IpsitaTOI,27saurabhsinha,15,True
186612,Tweet,IpsitaTOI,murarishetye,3,True
186621,Tweet,IpsitaTOI,IpsitaTOI,1,True
186656,Tweet,IpsitaTOI,vijaypTOI,3,True
186606,Tweet,IpsitaTOI,BawaNaaved,9,True
186692,Tweet,IpsitaTOI,rishachitlangia,4,True
186672,Tweet,IpsitaTOI,richapintoi,47,False
186623,Tweet,IpsitaTOI,IpsitaTOI,1,True
4206,Article,ByJamesWagner,DavidWaldstein,39,False
4266,Article,ByJamesWagner,SangerNYT,237,False
4283,Article,ByJamesWagner,rpogrebin,3,True
4296,Article,ByJamesWagner,RBReich,15,True
4211,Article,ByJamesWagner,Shilarze_SSR,7,True
4233,Article,ByJamesWagner,Azi,30,True
4273,Article,ByJamesWagner,_nicolaclark,5,True
4270,Article,ByJamesWagner,ByJamesWagner,1,True
4212,Article,ByJamesWagner,MattFutterman,13,True
4248,Article,ByJamesWagner,jorifinkel,15,True
4210,Article,ByJamesWagner,FabrizioRomano,9,True
4254,Article,ByJamesWagner,smervosh,25,True
4298,Article,ByJamesWagner,kannoyoungs,16,True
4277,Article,ByJamesWagner,michelleinbklyn,13,True
4289,Article,ByJamesWagner,tariqpanja,9,True
4313,Tweet,ByJamesWagner,Shilarze_SSR,7,True
4307,Tweet,ByJamesWagner,alexanderburns,9,True
4303,Tweet,ByJamesWagner,wesley_morris,2,True
4337,Tweet,ByJamesWagner,ByJamesWagner,1,True
4366,Tweet,ByJamesWagner,joncaramanica,6,True
4342,Tweet,ByJamesWagner,rondakaysen,7,True
4347,Tweet,ByJamesWagner,debaratisen,18,True
4353,Tweet,ByJamesWagner,polblonde,37,False
4311,Tweet,ByJamesWagner,jorifinkel,14,True
4394,Tweet,ByJamesWagner,samsifton,12,True
4382,Tweet,ByJamesWagner,Azi,14,True
4383,Tweet,ByJamesWagner,ShaneGoldmacher,26,True
4365,Tweet,ByJamesWagner,mtomasky,5,True
4371,Tweet,ByJamesWagner,MarcusMergulhao,8,True
4302,Tweet,ByJamesWagner,AshokPradhanTOI,24,True
193849,Article,minatisinghaTOI,toi_dhananjayM,61,False
193686,Article,minatisinghaTOI,DekaJayanta,65,False
193727,Article,minatisinghaTOI,rashmidTOI,28,True
193762,Article,minatisinghaTOI,PatrickKingsley,23,True
193841,Article,minatisinghaTOI,ajaykanth7,25,True
193697,Article,minatisinghaTOI,philipoltermann,16,True
193714,Article,minatisinghaTOI,jameskanter,11,True
193653,Article,minatisinghaTOI,patrickwintour,27,True
193858,Article,minatisinghaTOI,maheshbTOI,58,False
193884,Article,minatisinghaTOI,PjJoychen,47,False
193754,Article,minatisinghaTOI,noamscheiber,134,False
193898,Article,minatisinghaTOI,michelleinbklyn,243,False
193820,Article,minatisinghaTOI,NikiKitsantonis,20,True
193830,Article,minatisinghaTOI,AnaSwanson,41,False
193863,Article,minatisinghaTOI,mikeives,184,False
193979,Tweet,minatisinghaTOI,LucyMangan,227,False
193991,Tweet,minatisinghaTOI,pradeepjourno,120,False
193961,Tweet,minatisinghaTOI,vaibhavgTOI,167,False
193928,Tweet,minatisinghaTOI,MohitaTOI,4,True
193962,Tweet,minatisinghaTOI,vijaypTOI,74,False
193917,Tweet,minatisinghaTOI,juliemTOI,11,True
193937,Tweet,minatisinghaTOI,ronojoy_sen,28,True
193943,Tweet,minatisinghaTOI,PrashantrTOI,31,True
193967,Tweet,minatisinghaTOI,lisamonteiroTOI,17,True
193908,Tweet,minatisinghaTOI,williamkeegan,120,False
193910,Tweet,minatisinghaTOI,JoshuaRozenberg,124,False
193906,Tweet,minatisinghaTOI,MichaelPaulson,163,False
193985,Tweet,minatisinghaTOI,neelam_raaj,39,False
193983,Tweet,minatisinghaTOI,bindiyachariTOI,5,True
193907,Tweet,minatisinghaTOI,thestephmerritt,41,False
144780,Article,MichaelWhite,arusbridger,70,False
144842,Article,MichaelWhite,msmirandasawyer,36,False
144701,Article,MichaelWhite,questingvole,71,False
144941,Article,MichaelWhite,arusbridger,51,False
144781,Article,MichaelWhite,msmirandasawyer,17,True
144823,Article,MichaelWhite,paulmasonnews,14,True
144711,Article,MichaelWhite,EricaLG,450,False
144918,Article,MichaelWhite,peterbakernyt,156,False
144712,Article,MichaelWhite,sarahditum,61,False
144933,Article,MichaelWhite,msmirandasawyer,63,False
144740,Article,MichaelWhite,GeorgeMonbiot,98,False
144828,Article,MichaelWhite,GeorgeMonbiot,115,False
144903,Article,MichaelWhite,jennydeluxe,15,True
144822,Article,MichaelWhite,arusbridger,26,True
144855,Article,MichaelWhite,Markbeaumontuk,78,False
145037,Tweet,MichaelWhite,priyagupta999,15,True
145440,Tweet,MichaelWhite,vanbadham,214,False
144976,Tweet,MichaelWhite,007pandey,125,False
145247,Tweet,MichaelWhite,vijaysinghTOI,6,True
145166,Tweet,MichaelWhite,LeoHickman,15,True
145031,Tweet,MichaelWhite,CarolineLucas,15,True
145281,Tweet,MichaelWhite,SocialQPhilip,4,True
145138,Tweet,MichaelWhite,john_hooper,17,True
145041,Tweet,MichaelWhite,JoshuaRozenberg,41,False
145011,Tweet,MichaelWhite,mateenHTOI,81,False
144952,Tweet,MichaelWhite,lindasgrant,48,False
145414,Tweet,MichaelWhite,oliverburkeman,43,False
145377,Tweet,MichaelWhite,john_hooper,70,False
144979,Tweet,MichaelWhite,ewenmacaskill,25,True
145025,Tweet,MichaelWhite,vaibhavgTOI,98,False
186035,Article,ipsinghTOI,smita_mishra,76,False
186215,Article,ipsinghTOI,fmanjoo,435,False
186032,Article,ipsinghTOI,bindiyachariTOI,60,False
186038,Article,ipsinghTOI,rajatpTOI,44,False
186048,Article,ipsinghTOI,andrewrsorkin,52,False
186165,Article,ipsinghTOI,ManjuVTOI,6,True
186130,Article,ipsinghTOI,jatinder_tur,21,True
186145,Article,ipsinghTOI,AjayUgrasTOI,15,True
186104,Article,ipsinghTOI,BhanupratapsTOI,31,True
186090,Article,ipsinghTOI,bagishjhaTOI,41,False
186105,Article,ipsinghTOI,toi_dhananjayM,17,True
186182,Article,ipsinghTOI,BawaNaaved,3,True
186166,Article,ipsinghTOI,_nicolaclark,21,True
186216,Article,ipsinghTOI,niyatiparikhTOI,27,True
186043,Article,ipsinghTOI,NewtonSTOI,15,True
186279,Tweet,ipsinghTOI,sudhanshub16,25,True
186284,Tweet,ipsinghTOI,rjadHinduBL,6,True
186272,Tweet,ipsinghTOI,MohitaTOI,103,False
186297,Tweet,ipsinghTOI,hugolowell,64,False
186334,Tweet,ipsinghTOI,Bencjacobs,145,False
186257,Tweet,ipsinghTOI,abhishekTWEETS7,23,True
186263,Tweet,ipsinghTOI,PjJoychen,29,True
186332,Tweet,ipsinghTOI,toi_dhananjayM,10,True
186299,Tweet,ipsinghTOI,SribaalaVTOI,99,False
186270,Tweet,ipsinghTOI,sandhyanairTOI,73,False
186322,Tweet,ipsinghTOI,BhanupratapsTOI,20,True
186296,Tweet,ipsinghTOI,AniltheMatrix,17,True
186319,Tweet,ipsinghTOI,PhanindraP_TNIE,48,False
186301,Tweet,ipsinghTOI,BhanupratapsTOI,28,True
186339,Tweet,ipsinghTOI,PNaveenTOI,80,False
143916,Article,lenoretaylor,niyatiparikhTOI,457,False
144081,Article,lenoretaylor,emmabrockes,82,False
143873,Article,lenoretaylor,seaningle,25,True
143950,Article,lenoretaylor,dwightgarner,15,True
143995,Article,lenoretaylor,NYTimesCohen,21,True
143977,Article,lenoretaylor,MaggieAstor,15,True
144043,Article,lenoretaylor,jimwaterson,31,True
144034,Article,lenoretaylor,gmorgenson,28,True
143870,Article,lenoretaylor,MaggieAstor,58,False
144038,Article,lenoretaylor,MarinaOLoughlin,32,True
144067,Article,lenoretaylor,sarahlyall,27,True
143894,Article,lenoretaylor,lyngardner,62,False
143901,Article,lenoretaylor,GiniaNYT,30,True
144093,Article,lenoretaylor,axrenton,197,False
143891,Article,lenoretaylor,aurelienbrd,469,False
144470,Tweet,lenoretaylor,priyagupta999,249,False
144280,Tweet,lenoretaylor,maevesther,24,True
144120,Tweet,lenoretaylor,rajatpTOI,79,False
144535,Tweet,lenoretaylor,manvirsainiTOI,21,True
144231,Tweet,lenoretaylor,vijaysinghTOI,26,True
144657,Tweet,lenoretaylor,AnujaJaiswalTOI,28,True
144362,Tweet,lenoretaylor,CarolineLucas,9,True
144587,Tweet,lenoretaylor,omjasvinTOI,145,False
144604,Tweet,lenoretaylor,hannahdev,3,True
144333,Tweet,lenoretaylor,manvirsainiTOI,105,False
144667,Tweet,lenoretaylor,LucyMangan,16,True
144423,Tweet,lenoretaylor,rhymetraveller,418,False
144254,Tweet,lenoretaylor,alexbellos,85,False
144102,Tweet,lenoretaylor,vijaysinghTOI,85,False
144518,Tweet,lenoretaylor,KapildaveTOI,59,False
213324,Article,SribaalaVTOI,AnaSwanson,12,True
213295,Article,SribaalaVTOI,NilsPratley,21,True
213330,Article,SribaalaVTOI,KapildaveTOI,16,True
213282,Article,SribaalaVTOI,toi_dhananjayM,6,True
213308,Article,SribaalaVTOI,HemantaTOI,13,True
213294,Article,SribaalaVTOI,jameskanter,15,True
213276,Article,SribaalaVTOI,vijayVsinghTOI,5,True
213349,Article,SribaalaVTOI,anandbodhTOI,21,True
213347,Article,SribaalaVTOI,jeannasmialek,14,True
213423,Article,SribaalaVTOI,jameskanter,8,True
213229,Article,SribaalaVTOI,andrewrsorkin,11,True
213421,Article,SribaalaVTOI,helenecooper,23,True
213243,Article,SribaalaVTOI,007pandey,7,True
213270,Article,SribaalaVTOI,rajendrasTOI,28,True
213222,Article,SribaalaVTOI,jameskanter,17,True
213560,Tweet,SribaalaVTOI,DekaJayanta,32,True
213504,Tweet,SribaalaVTOI,vijayVsinghTOI,15,True
213493,Tweet,SribaalaVTOI,markriceoxley69,110,False
213542,Tweet,SribaalaVTOI,TridibIANS,18,True
213521,Tweet,SribaalaVTOI,jatinder_tur,112,False
213468,Tweet,SribaalaVTOI,toi_shailendraA,230,False
213507,Tweet,SribaalaVTOI,AnujaJaiswalTOI,39,False
213553,Tweet,SribaalaVTOI,petleepeter,21,True
213532,Tweet,SribaalaVTOI,KapildaveTOI,9,True
213557,Tweet,SribaalaVTOI,parthasinha,11,True
213501,Tweet,SribaalaVTOI,akhileshsTOI,19,True
213483,Tweet,SribaalaVTOI,dubeyavishek,13,True
213513,Tweet,SribaalaVTOI,lenoretaylor,467,False
213563,Tweet,SribaalaVTOI,toi_shailendraA,151,False
213509,Tweet,SribaalaVTOI,mateenHTOI,62,False
44087,Article,afuahirsch,NikiKitsantonis,15,True
44073,Article,afuahirsch,NikiKitsantonis,31,True
43916,Article,afuahirsch,stevenpoole,50,False
43878,Article,afuahirsch,MiriamElder,13,True
43881,Article,afuahirsch,ollywainwright,22,True
43877,Article,afuahirsch,RowanMoore,35,False
44109,Article,afuahirsch,williamnhutton,97,False
44039,Article,afuahirsch,declanwalsh,412,False
44091,Article,afuahirsch,KateEMcCann,367,False
44031,Article,afuahirsch,charltonbrooker,109,False
44011,Article,afuahirsch,ewenmacaskill,395,False
44045,Article,afuahirsch,NYTBen,454,False
44053,Article,afuahirsch,jameskanter,292,False
43947,Article,afuahirsch,jbouie,17,True
44075,Article,afuahirsch,NikiKitsantonis,32,True
44363,Tweet,afuahirsch,SwatiShindeTOI,393,False
44176,Tweet,afuahirsch,PeterTatchell,311,False
44518,Tweet,afuahirsch,LauraCummingArt,13,True
44695,Tweet,afuahirsch,LauraCummingArt,11,True
44582,Tweet,afuahirsch,PeterTatchell,115,False
44660,Tweet,afuahirsch,debaratisen,11,True
44621,Tweet,afuahirsch,timjonze,129,False
44528,Tweet,afuahirsch,ameliagentleman,10,True
44515,Tweet,afuahirsch,joshwiddicombe,172,False
44446,Tweet,afuahirsch,rpogrebin,4,True
44607,Tweet,afuahirsch,saumyajitbTOI,146,False
44487,Tweet,afuahirsch,andybrassell,6,True
44376,Tweet,afuahirsch,kylebuchanan,149,False
44126,Tweet,afuahirsch,PeterTatchell,249,False
44206,Tweet,afuahirsch,mohuadazz,4,True
98713,Article,williamnhutton,KateEMcCann,17,True
98716,Article,williamnhutton,MaggieAstor,23,True
98673,Article,williamnhutton,niyatiparikhTOI,226,False
98548,Article,williamnhutton,CarolineLucas,43,False
98687,Article,williamnhutton,ewenmacaskill,18,True
98701,Article,williamnhutton,MoharBasu,46,False
98582,Article,williamnhutton,aleksk,6,True
98499,Article,williamnhutton,LFFriedman,79,False
98585,Article,williamnhutton,DouthatNYT,4,True
98490,Article,williamnhutton,_nicolaclark,209,False
98730,Article,williamnhutton,andrewrsorkin,155,False
98718,Article,williamnhutton,thestephmerritt,85,False
98735,Article,williamnhutton,MiriamElder,167,False
98517,Article,williamnhutton,GeorgeMonbiot,18,True
98559,Article,williamnhutton,nauzerbTOI,25,True
98761,Tweet,williamnhutton,007pandey,3,True
99208,Tweet,williamnhutton,sarahchurchwell,24,True
98984,Tweet,williamnhutton,GioRussonello,137,False
99306,Tweet,williamnhutton,attackerman,345,False
98773,Tweet,williamnhutton,DerekMalcolm123,31,True
98765,Tweet,williamnhutton,RaphaelMinder,30,True
99193,Tweet,williamnhutton,FrankBruni,49,False
98815,Tweet,williamnhutton,CarolineLucas,23,True
99261,Tweet,williamnhutton,ajaysuraTOI,33,False
99194,Tweet,williamnhutton,PatrickKingsley,137,False
98772,Tweet,williamnhutton,Crime_Selvaraj,27,True
99215,Tweet,williamnhutton,williamnhutton,1,True
99334,Tweet,williamnhutton,murarishetye,10,True
99337,Tweet,williamnhutton,vijayVsinghTOI,6,True
99021,Tweet,williamnhutton,kylebuchanan,5,True
28455,Article,sio_burke,andrewrsorkin,44,False
28424,Article,sio_burke,anandbodhTOI,82,False
28476,Article,sio_burke,wesley_morris,89,False
28435,Article,sio_burke,saumyajitbTOI,26,True
28413,Article,sio_burke,michelleinbklyn,15,True
28407,Article,sio_burke,DouthatNYT,25,True
28452,Article,sio_burke,BawaNaaved,308,False
28453,Article,sio_burke,tomfriedman,37,False
28482,Article,sio_burke,aurelienbrd,69,False
28492,Article,sio_burke,tarasbernard,11,True
28419,Article,sio_burke,EVincentelli,34,False
28464,Article,sio_burke,RorySmith,19,True
28497,Article,sio_burke,rondakaysen,41,False
28494,Article,sio_burke,IKershner,13,True
28422,Article,sio_burke,EVincentelli,56,False
28523,Tweet,sio_burke,mswainwright,411,False
28533,Tweet,sio_burke,gracedent,84,False
28554,Tweet,sio_burke,sio_burke,1,True
28529,Tweet,sio_burke,debaratisen,32,True
28504,Tweet,sio_burke,aleksk,229,False
28577,Tweet,sio_burke,psangeetha2112,23,True
28546,Tweet,sio_burke,manujaveerappa,62,False
28555,Tweet,sio_burke,LauraCummingArt,27,True
28550,Tweet,sio_burke,archiebland,25,True
28595,Tweet,sio_burke,margaretrenkl,31,True
28576,Tweet,sio_burke,ollywainwright,23,True
28524,Tweet,sio_burke,shattenstone,88,False
28593,Tweet,sio_burke,emmabrockes,32,True
28508,Tweet,sio_burke,VivianHo,114,False
28525,Tweet,sio_burke,LauraCummingArt,32,True
167497,Article,007pandey,andrewrsorkin,29,True
167611,Article,007pandey,gmorgenson,24,True
167458,Article,007pandey,GeorgeMonbiot,9,True
167434,Article,007pandey,SumitraDebRoy,32,True
167422,Article,007pandey,NilsPratley,18,True
167511,Article,007pandey,AjayUgrasTOI,28,True
167622,Article,007pandey,jameskanter,2,True
167494,Article,007pandey,anandbodhTOI,6,True
167455,Article,007pandey,NewtonSTOI,32,True
167428,Article,007pandey,jatinder_tur,6,True
167512,Article,007pandey,jameskanter,22,True
167619,Article,007pandey,andrewrsorkin,10,True
167523,Article,007pandey,Crime_Selvaraj,32,True
167495,Article,007pandey,NilsPratley,9,True
167648,Article,007pandey,anandbodhTOI,22,True
167674,Tweet,007pandey,jatinder_tur,40,False
167660,Tweet,007pandey,TOISH31,69,False
167726,Tweet,007pandey,vijaysinghTOI,84,False
167688,Tweet,007pandey,KapildaveTOI,2,True
167735,Tweet,007pandey,RosySequeiraTOI,29,True
167689,Tweet,007pandey,toi_dhananjayM,42,False
167740,Tweet,007pandey,MonaChalabi,27,True
167749,Tweet,007pandey,jamesrbuk,26,True
167690,Tweet,007pandey,smita_mishra,245,False
167701,Tweet,007pandey,digbijaymishra1,76,False
167680,Tweet,007pandey,dipakdashTOI,50,False
167742,Tweet,007pandey,SagrikaKissu,94,False
167694,Tweet,007pandey,SiwachSukhbir,7,True
167664,Tweet,007pandey,debaratisen,123,False
167675,Tweet,007pandey,dipakdashTOI,2,True
197506,Article,NewtonSTOI,jameskanter,112,False
197396,Article,NewtonSTOI,BhanupratapsTOI,15,True
197548,Article,NewtonSTOI,rhymetraveller,25,True
197440,Article,NewtonSTOI,SagrikaKissu,24,True
197473,Article,NewtonSTOI,jameskanter,19,True
197476,Article,NewtonSTOI,BawaNaaved,59,False
197454,Article,NewtonSTOI,jameskanter,27,True
197399,Article,NewtonSTOI,bindiyachariTOI,7,True
197550,Article,NewtonSTOI,sandhyanairTOI,25,True
197424,Article,NewtonSTOI,charlie_savage,99,False
197505,Article,NewtonSTOI,utejonmayamTOI,30,True
197453,Article,NewtonSTOI,sangerkatz,189,False
197468,Article,NewtonSTOI,kbennhold,17,True
197560,Article,NewtonSTOI,jameskanter,26,True
197541,Article,NewtonSTOI,toi_dhananjayM,28,True
197645,Tweet,NewtonSTOI,DerekMalcolm123,51,False
197658,Tweet,NewtonSTOI,digbijaymishra1,15,True
197639,Tweet,NewtonSTOI,sandhyanairTOI,7,True
197618,Tweet,NewtonSTOI,NewtonSTOI,1,True
197641,Tweet,NewtonSTOI,nicklezard,148,False
197587,Tweet,NewtonSTOI,vijayVsinghTOI,89,False
197635,Tweet,NewtonSTOI,Shrivathsan1437,19,True
197648,Tweet,NewtonSTOI,toi_rohanA,42,False
197608,Tweet,NewtonSTOI,KomalGautham,99,False
197597,Tweet,NewtonSTOI,ramarkosg,184,False
197662,Tweet,NewtonSTOI,jayamenon64,187,False
197630,Tweet,NewtonSTOI,desaisantosh,102,False
197590,Tweet,NewtonSTOI,Arun_Ram,53,False
197634,Tweet,NewtonSTOI,lindasgrant,21,True
197661,Tweet,NewtonSTOI,ManjuVTOI,29,True
175032,Article,Arv_Ind_Chauhan,toi_dhananjayM,9,True
174792,Article,Arv_Ind_Chauhan,niyatiparikhTOI,78,False
175017,Article,Arv_Ind_Chauhan,SidharthB25,56,False
174920,Article,Arv_Ind_Chauhan,ShrinivasaMTOI,33,False
174884,Article,Arv_Ind_Chauhan,andrewrsorkin,34,False
174806,Article,Arv_Ind_Chauhan,farnazfassihi,104,False
174861,Article,Arv_Ind_Chauhan,007pandey,57,False
175000,Article,Arv_Ind_Chauhan,jameskanter,14,True
174934,Article,Arv_Ind_Chauhan,MohitaTOI,7,True
174943,Article,Arv_Ind_Chauhan,SidharthB25,58,False
174901,Article,Arv_Ind_Chauhan,akhileshsTOI,27,True
174939,Article,Arv_Ind_Chauhan,toi_dhananjayM,69,False
174977,Article,Arv_Ind_Chauhan,KeithBradsher,147,False
174833,Article,Arv_Ind_Chauhan,sandhyanairTOI,133,False
175022,Article,Arv_Ind_Chauhan,DSandip_TOI,23,True
175133,Tweet,Arv_Ind_Chauhan,divyapal2013,20,True
175125,Tweet,Arv_Ind_Chauhan,meeravohraTOI,22,True
175104,Tweet,Arv_Ind_Chauhan,ajaykanth7,89,False
175112,Tweet,Arv_Ind_Chauhan,rjadHinduBL,98,False
175117,Tweet,Arv_Ind_Chauhan,Crime_Selvaraj,139,False
175116,Tweet,Arv_Ind_Chauhan,IpsitaTOI,5,True
175054,Tweet,Arv_Ind_Chauhan,Chethan_Dash,79,False
175093,Tweet,Arv_Ind_Chauhan,jackschofield,361,False
175066,Tweet,Arv_Ind_Chauhan,rjadHinduBL,242,False
175071,Tweet,Arv_Ind_Chauhan,toi_dhananjayM,63,False
175085,Tweet,Arv_Ind_Chauhan,AraniBasuTOI,27,True
175094,Tweet,Arv_Ind_Chauhan,gettleman,189,False
175082,Tweet,Arv_Ind_Chauhan,SocialQPhilip,249,False
175108,Tweet,Arv_Ind_Chauhan,alexbellos,462,False
175073,Tweet,Arv_Ind_Chauhan,vivek9301,243,False
26802,Article,vvfriedman,bykaren,8,True
26867,Article,vvfriedman,fmanjoo,74,False
26897,Article,vvfriedman,andrewrsorkin,42,False
26855,Article,vvfriedman,stevenpoole,58,False
26803,Article,vvfriedman,tejalrao,79,False
26894,Article,vvfriedman,samsifton,148,False
26873,Article,vvfriedman,cdcaron,176,False
26875,Article,vvfriedman,lauriegnyt,17,True
26816,Article,vvfriedman,ChaitanyadTOI,394,False
26887,Article,vvfriedman,parthasinha,403,False
26898,Article,vvfriedman,pete_wells,248,False
26859,Article,vvfriedman,antontroian,136,False
26813,Article,vvfriedman,LFFriedman,189,False
26896,Article,vvfriedman,andrewrsorkin,52,False
26812,Article,vvfriedman,ASoloski,68,False
26997,Tweet,vvfriedman,durgeshjhaTOI,343,False
26959,Tweet,vvfriedman,richapintoi,21,True
26915,Tweet,vvfriedman,richardwolffedc,195,False
26945,Tweet,vvfriedman,TimdeLisle,23,True
26939,Tweet,vvfriedman,rjadHinduBL,292,False
26932,Tweet,vvfriedman,priyagupta999,27,True
26987,Tweet,vvfriedman,sendvictorious,29,True
26950,Tweet,vvfriedman,samsifton,70,False
26988,Tweet,vvfriedman,vijaypTOI,170,False
26912,Tweet,vvfriedman,kylebuchanan,21,True
26970,Tweet,vvfriedman,niyatiparikhTOI,352,False
26948,Tweet,vvfriedman,ChaithanyaSwamy,26,True
26918,Tweet,vvfriedman,FranklinBlog,9,True
26963,Tweet,vvfriedman,wesley_morris,29,True
26991,Tweet,vvfriedman,FranklinBlog,11,True
78925,Article,jillfilipovic,jimtankersley,30,True
78982,Article,jillfilipovic,KSchulten,60,False
79049,Article,jillfilipovic,sangerkatz,62,False
78945,Article,jillfilipovic,alexanderburns,20,True
78893,Article,jillfilipovic,karenzraick,60,False
78949,Article,jillfilipovic,michelleinbklyn,217,False
78935,Article,jillfilipovic,StacyCowley,239,False
78962,Article,jillfilipovic,annanorthtweets,21,True
79035,Article,jillfilipovic,StacyCowley,30,True
78907,Article,jillfilipovic,jbouie,28,True
79043,Article,jillfilipovic,jeannasmialek,17,True
78921,Article,jillfilipovic,NilsPratley,410,False
79036,Article,jillfilipovic,MaggieAstor,28,True
79002,Article,jillfilipovic,marcatracy,26,True
78952,Article,jillfilipovic,fmanjoo,19,True
79469,Tweet,jillfilipovic,kiracochrane,267,False
79438,Tweet,jillfilipovic,DouthatNYT,63,False
79625,Tweet,jillfilipovic,RBReich,30,True
79598,Tweet,jillfilipovic,alanfeuer,43,False
79579,Tweet,jillfilipovic,noamscheiber,5,True
79476,Tweet,jillfilipovic,stevenerlanger,331,False
79417,Tweet,jillfilipovic,rachlharris,405,False
79422,Tweet,jillfilipovic,oliverburkeman,17,True
79315,Tweet,jillfilipovic,RBReich,31,True
79418,Tweet,jillfilipovic,jillfilipovic,1,True
79297,Tweet,jillfilipovic,michelleinbklyn,29,True
79604,Tweet,jillfilipovic,andybrassell,166,False
79228,Tweet,jillfilipovic,thrasherxy,33,False
79234,Tweet,jillfilipovic,oliverburkeman,26,True
79268,Tweet,jillfilipovic,KeithBradsher,293,False
146578,Article,FabrizioRomano,RorySmith,14,True
146579,Article,FabrizioRomano,sudeshnagTOI,13,True
146572,Article,FabrizioRomano,ggreenwald,27,True
146551,Article,FabrizioRomano,bydanielvictor,26,True
146577,Article,FabrizioRomano,helenecooper,22,True
146545,Article,FabrizioRomano,archiebland,19,True
146587,Article,FabrizioRomano,FlitterOnFraud,16,True
146538,Article,FabrizioRomano,TanyaGold1,24,True
146541,Article,FabrizioRomano,RorySmith,9,True
146428,Article,FabrizioRomano,AnushkaAsthana,28,True
146426,Article,FabrizioRomano,ggreenwald,25,True
146647,Article,FabrizioRomano,archiebland,10,True
146584,Article,FabrizioRomano,archiebland,23,True
146431,Article,FabrizioRomano,RorySmith,19,True
146534,Article,FabrizioRomano,RorySmith,30,True
147148,Tweet,FabrizioRomano,GovindKMaadTOI,8,True
146713,Tweet,FabrizioRomano,vijaysinghTOI,30,True
147103,Tweet,FabrizioRomano,alexvtunzelmann,39,False
147077,Tweet,FabrizioRomano,jamesrbuk,21,True
146753,Tweet,FabrizioRomano,TristramHuntVA,20,True
147187,Tweet,FabrizioRomano,adwaidh,12,True
147208,Tweet,FabrizioRomano,Shilarze_SSR,172,False
147214,Tweet,FabrizioRomano,vijaypTOI,110,False
146662,Tweet,FabrizioRomano,IanCobain,17,True
147066,Tweet,FabrizioRomano,MoharBasu,135,False
147108,Tweet,FabrizioRomano,FabrizioRomano,1,True
147197,Tweet,FabrizioRomano,alexvtunzelmann,20,True
147162,Tweet,FabrizioRomano,IanCobain,25,True
146886,Tweet,FabrizioRomano,yeshikabudhwar,24,True
147037,Tweet,FabrizioRomano,jamesrbuk,14,True
63145,Article,jonronson,arusbridger,14,True
63157,Article,jonronson,arusbridger,35,False
63144,Article,jonronson,IAmTimDowling,10,True
63142,Article,jonronson,thestephmerritt,30,True
63109,Article,jonronson,SearleAdrian,19,True
63200,Article,jonronson,DouthatNYT,34,False
63218,Article,jonronson,RorySmith,22,True
63180,Article,jonronson,jhoffman,338,False
63127,Article,jonronson,Markbeaumontuk,52,False
63107,Article,jonronson,sarahditum,33,False
63044,Article,jonronson,BawaNaaved,46,False
63159,Article,jonronson,PerriKlass,36,False
63152,Article,jonronson,EVincentelli,15,True
63025,Article,jonronson,Markbeaumontuk,57,False
63176,Article,jonronson,parul_sehgal,10,True
63509,Tweet,jonronson,timjonze,100,False
63800,Tweet,jonronson,adwaidh,45,False
63338,Tweet,jonronson,shiba_kurian,272,False
63647,Tweet,jonronson,GeorgeMonbiot,80,False
63553,Tweet,jonronson,ChaitanyadTOI,276,False
63614,Tweet,jonronson,jamesrbuk,51,False
63433,Tweet,jonronson,alexvtunzelmann,206,False
63830,Tweet,jonronson,DerekMalcolm123,17,True
63702,Tweet,jonronson,saumyajitbTOI,73,False
63598,Tweet,jonronson,martcrossy,32,True
63628,Tweet,jonronson,debaratisen,172,False
63817,Tweet,jonronson,joshwiddicombe,28,True
63650,Tweet,jonronson,FabrizioRomano,28,True
63329,Tweet,jonronson,archiebland,61,False
63421,Tweet,jonronson,aditya_bh16,32,True
8243,Article,GioRussonello,AlysFowler,247,False
8227,Article,GioRussonello,AlysFowler,247,False
8206,Article,GioRussonello,bencasselman,139,False
8280,Article,GioRussonello,AlysFowler,247,False
8229,Article,GioRussonello,AlysFowler,247,False
8205,Article,GioRussonello,AlysFowler,247,False
8234,Article,GioRussonello,toi_dhananjayM,23,True
8200,Article,GioRussonello,AlysFowler,247,False
8272,Article,GioRussonello,AlysFowler,247,False
8257,Article,GioRussonello,noamscheiber,50,False
8259,Article,GioRussonello,pete_wells,144,False
8277,Article,GioRussonello,AlysFowler,247,False
8253,Article,GioRussonello,noamscheiber,128,False
8268,Article,GioRussonello,AlysFowler,247,False
8204,Article,GioRussonello,smita_mishra,314,False
8389,Tweet,GioRussonello,rpogrebin,71,False
8366,Tweet,GioRussonello,afuahirsch,117,False
8323,Tweet,GioRussonello,meeravohraTOI,317,False
8391,Tweet,GioRussonello,jfordham_jazz,25,True
8306,Tweet,GioRussonello,RowanMoore,5,True
8362,Tweet,GioRussonello,GioRussonello,1,True
8392,Tweet,GioRussonello,SherylNYT,11,True
8355,Tweet,GioRussonello,abhishekTWEETS7,10,True
8356,Tweet,GioRussonello,paulmasonnews,26,True
8328,Tweet,GioRussonello,jfordham_jazz,24,True
8399,Tweet,GioRussonello,nnougayrede,5,True
8388,Tweet,GioRussonello,ggreenwald,16,True
8322,Tweet,GioRussonello,FabrizioRomano,22,True
8326,Tweet,GioRussonello,RosySequeiraTOI,112,False
8314,Tweet,GioRussonello,SearleAdrian,132,False
175217,Article,aseemsgujar,andrewrsorkin,6,True
175243,Article,aseemsgujar,gmorgenson,19,True
175198,Article,aseemsgujar,andrewrsorkin,16,True
175228,Article,aseemsgujar,NilsPratley,15,True
175258,Article,aseemsgujar,NilsPratley,21,True
175237,Article,aseemsgujar,andrewrsorkin,22,True
175209,Article,aseemsgujar,gmorgenson,21,True
175255,Article,aseemsgujar,andrewrsorkin,38,False
175172,Article,aseemsgujar,SidharthB25,4,True
175195,Article,aseemsgujar,Chethan_Dash,19,True
175213,Article,aseemsgujar,andrewrsorkin,19,True
175199,Article,aseemsgujar,rajendrasTOI,5,True
175244,Article,aseemsgujar,jameskanter,10,True
175192,Article,aseemsgujar,NewtonSTOI,29,True
175211,Article,aseemsgujar,tarasbernard,12,True
175334,Tweet,aseemsgujar,ollywainwright,465,False
175350,Tweet,aseemsgujar,mohuadazz,199,False
175333,Tweet,aseemsgujar,rajatpTOI,89,False
175308,Tweet,aseemsgujar,utejonmayamTOI,244,False
175327,Tweet,aseemsgujar,christophclarey,314,False
175292,Tweet,aseemsgujar,lucywardsings,284,False
175356,Tweet,aseemsgujar,Mahafreed_Irani,97,False
175336,Tweet,aseemsgujar,sermoninstone,230,False
175319,Tweet,aseemsgujar,niyatiparikhTOI,6,True
175367,Tweet,aseemsgujar,DSandip_TOI,102,False
175352,Tweet,aseemsgujar,abantika77,288,False
175337,Tweet,aseemsgujar,bishnoiarvind11,233,False
175322,Tweet,aseemsgujar,umamahesh_ToI,78,False
175341,Tweet,aseemsgujar,AniltheMatrix,20,True
175366,Tweet,aseemsgujar,jonathanwatts,92,False
213647,Article,sudeshnagTOI,jameskanter,30,True
213616,Article,sudeshnagTOI,AndrewSparrow,115,False
213608,Article,sudeshnagTOI,andrewrawnsley,13,True
213650,Article,sudeshnagTOI,DSandip_TOI,21,True
213587,Article,sudeshnagTOI,naomi2009,11,True
213599,Article,sudeshnagTOI,GovindKMaadTOI,24,True
213656,Article,sudeshnagTOI,ipsinghTOI,34,False
213635,Article,sudeshnagTOI,RorySmith,103,False
213570,Article,sudeshnagTOI,vivek9301,84,False
213567,Article,sudeshnagTOI,DerekMalcolm123,13,True
213607,Article,sudeshnagTOI,TOISH31,31,True
213623,Article,sudeshnagTOI,marthakelner,27,True
213634,Article,sudeshnagTOI,MarcusMergulhao,26,True
213659,Article,sudeshnagTOI,KapildaveTOI,31,True
213613,Article,sudeshnagTOI,seaningle,31,True
213734,Tweet,sudeshnagTOI,priyagupta999,298,False
213675,Tweet,sudeshnagTOI,smita_mishra,30,True
213755,Tweet,sudeshnagTOI,aleksk,271,False
213678,Tweet,sudeshnagTOI,mohuadazz,31,True
213677,Tweet,sudeshnagTOI,aleksk,176,False
213689,Tweet,sudeshnagTOI,Shreyanka_M,80,False
213742,Tweet,sudeshnagTOI,desaisantosh,171,False
213756,Tweet,sudeshnagTOI,SocialQPhilip,164,False
213710,Tweet,sudeshnagTOI,lucysiegle,317,False
213665,Tweet,sudeshnagTOI,meeravohraTOI,100,False
213761,Tweet,sudeshnagTOI,OfficeGSBrown,442,False
213714,Tweet,sudeshnagTOI,jackschofield,228,False
213719,Tweet,sudeshnagTOI,ajaysuraTOI,42,False
213738,Tweet,sudeshnagTOI,dubeyavishek,64,False
213754,Tweet,sudeshnagTOI,smita_mishra,58,False
28828,Article,EmmaBubola,ChuBailiang,6,True
28881,Article,EmmaBubola,SribaalaVTOI,29,True
28860,Article,EmmaBubola,AshokPradhanTOI,188,False
28817,Article,EmmaBubola,Crime_Selvaraj,39,False
28819,Article,EmmaBubola,KapildaveTOI,28,True
28850,Article,EmmaBubola,durgeshjhaTOI,86,False
28889,Article,EmmaBubola,Bencjacobs,91,False
28884,Article,EmmaBubola,EVincentelli,31,True
28852,Article,EmmaBubola,SagrikaKissu,69,False
28825,Article,EmmaBubola,ChuBailiang,38,False
28876,Article,EmmaBubola,KapildaveTOI,38,False
28804,Article,EmmaBubola,nauzerbTOI,9,True
28885,Article,EmmaBubola,NewtonSTOI,49,False
28869,Article,EmmaBubola,AtulMathur_,162,False
28854,Article,EmmaBubola,EmmaBubola,1,True
28991,Tweet,EmmaBubola,maevesther,28,True
28920,Tweet,EmmaBubola,AnujaJaiswalTOI,10,True
28912,Tweet,EmmaBubola,stevenpoole,55,False
28965,Tweet,EmmaBubola,RBReich,52,False
28930,Tweet,EmmaBubola,domphillips,27,True
28917,Tweet,EmmaBubola,hugolowell,78,False
28975,Tweet,EmmaBubola,hugolowell,81,False
28905,Tweet,EmmaBubola,LauraCummingArt,205,False
28986,Tweet,EmmaBubola,philipoltermann,63,False
28960,Tweet,EmmaBubola,SwatiShindeTOI,247,False
28902,Tweet,EmmaBubola,FranklinBlog,204,False
28957,Tweet,EmmaBubola,Gauraw2297,57,False
28909,Tweet,EmmaBubola,yusrahusain,101,False
28964,Tweet,EmmaBubola,ukigoni,11,True
28901,Tweet,EmmaBubola,toi_rohanA,31,True
11285,Article,KeithBradsher,SribaalaVTOI,23,True
11237,Article,KeithBradsher,akhileshsTOI,8,True
11279,Article,KeithBradsher,nandinisgTOI,25,True
11239,Article,KeithBradsher,AjayUgrasTOI,29,True
11246,Article,KeithBradsher,SribaalaVTOI,13,True
11293,Article,KeithBradsher,saumyajitbTOI,81,False
11260,Article,KeithBradsher,007pandey,19,True
11259,Article,KeithBradsher,AlokKNMishra,18,True
11282,Article,KeithBradsher,AtulMathur_,8,True
11221,Article,KeithBradsher,lukebroadwater,73,False
11253,Article,KeithBradsher,toi_dhananjayM,29,True
11212,Article,KeithBradsher,aseemsgujar,22,True
11297,Article,KeithBradsher,AshokPradhanTOI,26,True
11209,Article,KeithBradsher,Azi,27,True
11241,Article,KeithBradsher,mikeives,194,False
11382,Tweet,KeithBradsher,GovindKMaadTOI,127,False
11371,Tweet,KeithBradsher,RBReich,89,False
11323,Tweet,KeithBradsher,ThevarSteffy,180,False
11340,Tweet,KeithBradsher,shafaquealamTOI,80,False
11337,Tweet,KeithBradsher,arusbridger,108,False
11321,Tweet,KeithBradsher,PNaveenTOI,140,False
11328,Tweet,KeithBradsher,neelam_raaj,100,False
11370,Tweet,KeithBradsher,Arun_Ram,20,True
11391,Tweet,KeithBradsher,SocialQPhilip,187,False
11327,Tweet,KeithBradsher,hannahdev,200,False
11311,Tweet,KeithBradsher,IKershner,8,True
11317,Tweet,KeithBradsher,yazhiniyanTOI,82,False
11308,Tweet,KeithBradsher,007pandey,14,True
11357,Tweet,KeithBradsher,007pandey,17,True
11300,Tweet,KeithBradsher,dipakdashTOI,19,True
33049,Article,FlitterOnFraud,StacyCowley,6,True
33065,Article,FlitterOnFraud,tarasbernard,13,True
33072,Article,FlitterOnFraud,KapildaveTOI,13,True
33056,Article,FlitterOnFraud,ggreenwald,80,False
33059,Article,FlitterOnFraud,SribaalaVTOI,29,True
33005,Article,FlitterOnFraud,jameskanter,15,True
33015,Article,FlitterOnFraud,amitanandTOI,22,True
33099,Article,FlitterOnFraud,bagishjhaTOI,50,False
33028,Article,FlitterOnFraud,andrewrsorkin,16,True
33007,Article,FlitterOnFraud,jimtankersley,18,True
33088,Article,FlitterOnFraud,SribaalaVTOI,45,False
33011,Article,FlitterOnFraud,Bencjacobs,27,True
33062,Article,FlitterOnFraud,peterbakernyt,98,False
33094,Article,FlitterOnFraud,ggreenwald,22,True
33074,Article,FlitterOnFraud,AshokPradhanTOI,9,True
33121,Tweet,FlitterOnFraud,joecoscarelli,252,False
33113,Tweet,FlitterOnFraud,27saurabhsinha,18,True
33108,Tweet,FlitterOnFraud,umamahesh_ToI,261,False
33194,Tweet,FlitterOnFraud,hugolowell,69,False
33196,Tweet,FlitterOnFraud,LeoHickman,383,False
33103,Tweet,FlitterOnFraud,ramarkosg,380,False
33142,Tweet,FlitterOnFraud,sangerkatz,39,False
33132,Tweet,FlitterOnFraud,007pandey,38,False
33127,Tweet,FlitterOnFraud,LauraCummingArt,86,False
33143,Tweet,FlitterOnFraud,ollywainwright,152,False
33144,Tweet,FlitterOnFraud,ceciliakang,166,False
33109,Tweet,FlitterOnFraud,rpogrebin,281,False
33123,Tweet,FlitterOnFraud,SwatiShindeTOI,348,False
33178,Tweet,FlitterOnFraud,Chethan_Dash,359,False
33191,Tweet,FlitterOnFraud,jonathanwatts,297,False
166785,Article,sendvictorious,RorySmith,26,True
166727,Article,sendvictorious,DeccaJourno,168,False
166691,Article,sendvictorious,naomi2009,19,True
166795,Article,sendvictorious,naomi2009,29,True
166567,Article,sendvictorious,RowanMoore,67,False
166646,Article,sendvictorious,jfordham_jazz,28,True
166582,Article,sendvictorious,MoharBasu,244,False
166794,Article,sendvictorious,shattenstone,27,True
166644,Article,sendvictorious,KateEMcCann,17,True
166583,Article,sendvictorious,KateEMcCann,25,True
166641,Article,sendvictorious,marthakelner,22,True
166627,Article,sendvictorious,KateEMcCann,21,True
166745,Article,sendvictorious,chiggi,23,True
166694,Article,sendvictorious,sarfrazmanzoor,28,True
166744,Article,sendvictorious,chiggi,29,True
167365,Tweet,sendvictorious,alanconnor,31,True
166844,Tweet,sendvictorious,winematcher,36,False
167313,Tweet,sendvictorious,leninology,213,False
167377,Tweet,sendvictorious,salihughes,25,True
167361,Tweet,sendvictorious,jimwaterson,64,False
167384,Tweet,sendvictorious,naomi2009,321,False
167037,Tweet,sendvictorious,jfordham_jazz,19,True
167090,Tweet,sendvictorious,rachlharris,158,False
166938,Tweet,sendvictorious,questingvole,32,True
166875,Tweet,sendvictorious,alexvtunzelmann,51,False
167154,Tweet,sendvictorious,DerekMalcolm123,194,False
167264,Tweet,sendvictorious,RebeccaSeal,31,True
166893,Tweet,sendvictorious,emilybell,48,False
167329,Tweet,sendvictorious,saumyajitbTOI,15,True
167073,Tweet,sendvictorious,AlysFowler,9,True
135388,Article,charltonbrooker,RebeccaSeal,57,False
135486,Article,charltonbrooker,karenzraick,33,False
135450,Article,charltonbrooker,charltonbrooker,1,True
135460,Article,charltonbrooker,jbouie,195,False
135440,Article,charltonbrooker,GiniaNYT,93,False
135593,Article,charltonbrooker,SearleAdrian,24,True
135538,Article,charltonbrooker,emmabrockes,20,True
135415,Article,charltonbrooker,paulkrugman,16,True
135453,Article,charltonbrooker,Markbeaumontuk,37,False
135483,Article,charltonbrooker,LucyMangan,26,True
135481,Article,charltonbrooker,OwenJones84,27,True
135399,Article,charltonbrooker,KSchulten,60,False
135518,Article,charltonbrooker,oliverburkeman,22,True
135447,Article,charltonbrooker,MonaChalabi,17,True
135526,Article,charltonbrooker,SearleAdrian,16,True
135816,Tweet,charltonbrooker,toi_rohanA,226,False
135798,Tweet,charltonbrooker,jamesrbuk,25,True
135695,Tweet,charltonbrooker,FabrizioRomano,26,True
135752,Tweet,charltonbrooker,SocialQPhilip,22,True
136213,Tweet,charltonbrooker,davidhepworth,26,True
135840,Tweet,charltonbrooker,MoharBasu,27,True
136197,Tweet,charltonbrooker,aleksk,31,True
136220,Tweet,charltonbrooker,har_mandeep,43,False
136011,Tweet,charltonbrooker,alexvtunzelmann,45,False
135716,Tweet,charltonbrooker,archiebland,36,False
135755,Tweet,charltonbrooker,chiggi,24,True
135984,Tweet,charltonbrooker,DerekMalcolm123,22,True
135771,Tweet,charltonbrooker,brooksbarnesNYT,79,False
135751,Tweet,charltonbrooker,vijaysinghTOI,352,False
135979,Tweet,charltonbrooker,salihughes,29,True
33632,Article,livia_ar,murarishetyeTOI,158,False
33631,Article,livia_ar,marywalshjourno,92,False
33627,Article,livia_ar,charlie_savage,106,False
33658,Article,livia_ar,PatrickKingsley,181,False
33606,Article,livia_ar,SharonLNYT,10,True
33607,Article,livia_ar,tomfriedman,102,False
33618,Article,livia_ar,kbennhold,58,False
33617,Article,livia_ar,parthasinha,55,False
33692,Article,livia_ar,DanielKingChess,22,True
33698,Article,livia_ar,StacyCowley,231,False
33655,Article,livia_ar,axrenton,84,False
33689,Article,livia_ar,KTVinobhaTOI,121,False
33665,Article,livia_ar,RaphaelMinder,41,False
33644,Article,livia_ar,StacyCowley,88,False
33654,Article,livia_ar,Lattif,13,True
33732,Tweet,livia_ar,LauraCummingArt,176,False
33754,Tweet,livia_ar,bylizrobbins,18,True
33710,Tweet,livia_ar,jackschofield,121,False
33749,Tweet,livia_ar,dubeyavishek,33,False
33701,Tweet,livia_ar,ChaithanyaSwamy,6,True
33772,Tweet,livia_ar,lauriegnyt,36,False
33781,Tweet,livia_ar,AjayUgrasTOI,84,False
33706,Tweet,livia_ar,alexvtunzelmann,70,False
33792,Tweet,livia_ar,tushhaikhush,45,False
33751,Tweet,livia_ar,OLIVERBALCH,238,False
33723,Tweet,livia_ar,TOISH31,78,False
33728,Tweet,livia_ar,ajaykanth7,68,False
33770,Tweet,livia_ar,TOISH31,51,False
33759,Tweet,livia_ar,ukigoni,18,True
33714,Tweet,livia_ar,ukigoni,196,False
185899,Article,imabdulgani,KapildaveTOI,32,True
185723,Article,imabdulgani,AlokKNMishra,27,True
185807,Article,imabdulgani,Crime_Selvaraj,37,False
185751,Article,imabdulgani,durgeshjhaTOI,18,True
185679,Article,imabdulgani,ajaykanth7,7,True
185847,Article,imabdulgani,melissaclark,70,False
185669,Article,imabdulgani,Arv_Ind_Chauhan,97,False
185842,Article,imabdulgani,jeannasmialek,111,False
185742,Article,imabdulgani,saumyajitbTOI,15,True
185748,Article,imabdulgani,HemantaTOI,12,True
185741,Article,imabdulgani,melissaclark,82,False
185821,Article,imabdulgani,NikiKitsantonis,29,True
185829,Article,imabdulgani,vwang3,37,False
185908,Article,imabdulgani,bindiyachariTOI,17,True
185788,Article,imabdulgani,rhymetraveller,65,False
186002,Tweet,imabdulgani,mtomasky,458,False
186004,Tweet,imabdulgani,OfficeGSBrown,99,False
185924,Tweet,imabdulgani,GovindKMaadTOI,9,True
185943,Tweet,imabdulgani,SwatiShindeTOI,11,True
185993,Tweet,imabdulgani,smita_mishra,41,False
185973,Tweet,imabdulgani,afuahirsch,10,True
185927,Tweet,imabdulgani,rachshabi,232,False
185913,Tweet,imabdulgani,sudeshnagTOI,14,True
185934,Tweet,imabdulgani,lucywardsings,3,True
185975,Tweet,imabdulgani,TOISH31,10,True
186003,Tweet,imabdulgani,jackschofield,209,False
185982,Tweet,imabdulgani,toi_rohanA,246,False
185938,Tweet,imabdulgani,ChaitanyadTOI,56,False
185912,Tweet,imabdulgani,MKSinghGkp,2,True
185972,Tweet,imabdulgani,PeterTatchell,310,False
195483,Article,murarishetye,niyatiparikhTOI,65,False
195384,Article,murarishetye,jameskanter,11,True
195545,Article,murarishetye,rajendrasTOI,53,False
195519,Article,murarishetye,CarolineLucas,26,True
195575,Article,murarishetye,jameskanter,19,True
195405,Article,murarishetye,jameskanter,27,True
195574,Article,murarishetye,HemantaTOI,17,True
195558,Article,murarishetye,niyatiparikhTOI,37,False
195342,Article,murarishetye,dionnesearcey,84,False
195447,Article,murarishetye,DouthatNYT,135,False
195426,Article,murarishetye,jameskanter,24,True
195339,Article,murarishetye,bindiyachariTOI,30,True
195365,Article,murarishetye,rashmidTOI,69,False
195578,Article,murarishetye,alexanderburns,20,True
195494,Article,murarishetye,jameskanter,46,False
195599,Tweet,murarishetye,vijaysinghTOI,29,True
195630,Tweet,murarishetye,Rupalijee,335,False
195597,Tweet,murarishetye,shiba_kurian,27,True
195585,Tweet,murarishetye,parthshastriTOI,32,True
195637,Tweet,murarishetye,utejonmayamTOI,9,True
195616,Tweet,murarishetye,Arun_Ram,27,True
195670,Tweet,murarishetye,ChaithanyaSwamy,16,True
195605,Tweet,murarishetye,kush_junglee,30,True
195610,Tweet,murarishetye,Mahafreed_Irani,30,True
195669,Tweet,murarishetye,juliemTOI,21,True
195608,Tweet,murarishetye,ShoebKhanTOI,32,True
195667,Tweet,murarishetye,dipakdashTOI,83,False
195682,Tweet,murarishetye,vijaysinghTOI,19,True
195644,Tweet,murarishetye,toi_rohanA,14,True
195663,Tweet,murarishetye,pradeepjourno,11,True
28617,Article,suilee,FrankBruni,202,False
28675,Article,suilee,vijayVsinghTOI,21,True
28642,Article,suilee,vijayVsinghTOI,59,False
28623,Article,suilee,PhanindraP_TNIE,82,False
28652,Article,suilee,niyatiparikhTOI,189,False
28653,Article,suilee,SherylNYT,86,False
28637,Article,suilee,Crime_Selvaraj,6,True
28626,Article,suilee,kbennhold,57,False
28665,Article,suilee,sushmi_dey,38,False
28614,Article,suilee,andrewrsorkin,123,False
28641,Article,suilee,vwang3,13,True
28667,Article,suilee,petleepeter,26,True
28663,Article,suilee,parthasinha,162,False
28683,Article,suilee,michelleinbklyn,56,False
28698,Article,suilee,declanwalsh,18,True
28742,Tweet,suilee,IanCobain,177,False
28762,Tweet,suilee,vwang3,30,True
28764,Tweet,suilee,john_hooper,333,False
28756,Tweet,suilee,RBReich,16,True
28794,Tweet,suilee,UttaraVarmaTOI,159,False
28728,Tweet,suilee,Mahafreed_Irani,429,False
28767,Tweet,suilee,naomi2009,26,True
28796,Tweet,suilee,RosySequeiraTOI,84,False
28785,Tweet,suilee,LauraCummingArt,154,False
28719,Tweet,suilee,vvfriedman,103,False
28709,Tweet,suilee,binays1960,155,False
28746,Tweet,suilee,steve_hewlett,412,False
28771,Tweet,suilee,SocialQPhilip,78,False
28705,Tweet,suilee,jamesrbuk,216,False
28703,Tweet,suilee,billicritic,159,False
80648,Article,TristramHuntVA,AndrewSparrow,43,False
80751,Article,TristramHuntVA,ditzkoff,92,False
80568,Article,TristramHuntVA,yusrahusain,130,False
80635,Article,TristramHuntVA,ewenmacaskill,350,False
80690,Article,TristramHuntVA,gabyhinsliff,97,False
80694,Article,TristramHuntVA,KateEMcCann,25,True
80740,Article,TristramHuntVA,sarahditum,29,True
80730,Article,TristramHuntVA,steve_hewlett,52,False
80710,Article,TristramHuntVA,GeorgeMonbiot,52,False
80678,Article,TristramHuntVA,jimwaterson,59,False
80597,Article,TristramHuntVA,nmcintosh,30,True
80715,Article,TristramHuntVA,jennydeluxe,111,False
80708,Article,TristramHuntVA,helenecooper,108,False
80662,Article,TristramHuntVA,sendvictorious,54,False
80658,Article,TristramHuntVA,williamnhutton,55,False
81253,Tweet,TristramHuntVA,LucyMangan,7,True
80876,Tweet,TristramHuntVA,thestephmerritt,124,False
81023,Tweet,TristramHuntVA,somitsenTOI,10,True
81070,Tweet,TristramHuntVA,sermoninstone,18,True
80925,Tweet,TristramHuntVA,bishnoiarvind11,15,True
80784,Tweet,TristramHuntVA,SearleAdrian,10,True
81258,Tweet,TristramHuntVA,SocialQPhilip,47,False
81283,Tweet,TristramHuntVA,allegramcevedy,15,True
81334,Tweet,TristramHuntVA,alexvtunzelmann,34,False
81219,Tweet,TristramHuntVA,sendvictorious,36,False
81076,Tweet,TristramHuntVA,saumyajitbTOI,9,True
80912,Tweet,TristramHuntVA,thrasherxy,160,False
80835,Tweet,TristramHuntVA,AnujaJaiswalTOI,125,False
80974,Tweet,TristramHuntVA,rachshabi,8,True
81154,Tweet,TristramHuntVA,PeterTatchell,4,True
199224,Article,palaknandiTOI,NewtonSTOI,6,True
199286,Article,palaknandiTOI,jameskanter,77,False
199180,Article,palaknandiTOI,_nicolaclark,12,True
199075,Article,palaknandiTOI,007pandey,10,True
199200,Article,palaknandiTOI,petleepeter,28,True
199054,Article,palaknandiTOI,jameskanter,19,True
199111,Article,palaknandiTOI,ManjuVTOI,14,True
199125,Article,palaknandiTOI,ESCochrane,18,True
199074,Article,palaknandiTOI,ManjuVTOI,7,True
199104,Article,palaknandiTOI,SidharthB25,12,True
199115,Article,palaknandiTOI,tarasbernard,17,True
199144,Article,palaknandiTOI,andrewrsorkin,12,True
199247,Article,palaknandiTOI,HemantaTOI,26,True
199290,Article,palaknandiTOI,shafaquealamTOI,17,True
199140,Article,palaknandiTOI,parthasinha,11,True
199366,Tweet,palaknandiTOI,utejonmayamTOI,172,False
199357,Tweet,palaknandiTOI,somitsenTOI,23,True
199362,Tweet,palaknandiTOI,priyagupta999,7,True
199339,Tweet,palaknandiTOI,jayamenon64,25,True
199390,Tweet,palaknandiTOI,PjJoychen,83,False
199334,Tweet,palaknandiTOI,omjasvinTOI,43,False
199336,Tweet,palaknandiTOI,manvirsainiTOI,40,False
199309,Tweet,palaknandiTOI,utejonmayamTOI,28,True
199295,Tweet,palaknandiTOI,manujaveerappa,186,False
199386,Tweet,palaknandiTOI,somitsenTOI,39,False
199322,Tweet,palaknandiTOI,vijaypTOI,232,False
199311,Tweet,palaknandiTOI,AniltheMatrix,126,False
199377,Tweet,palaknandiTOI,yeshikabudhwar,14,True
199393,Tweet,palaknandiTOI,priyangiTOI,24,True
199368,Tweet,palaknandiTOI,meddynyt,63,False
7229,Article,ESCochrane,peterbakernyt,11,True
7211,Article,ESCochrane,hugolowell,4,True
7220,Article,ESCochrane,AshokPradhanTOI,8,True
7221,Article,ESCochrane,anemonanyc,235,False
7289,Article,ESCochrane,kannoyoungs,26,True
7249,Article,ESCochrane,peterbakernyt,21,True
7262,Article,ESCochrane,noamscheiber,13,True
7296,Article,ESCochrane,NYTBen,10,True
7277,Article,ESCochrane,hugolowell,9,True
7250,Article,ESCochrane,PatriciaMazzei,16,True
7263,Article,ESCochrane,hugolowell,7,True
7202,Article,ESCochrane,peterbakernyt,8,True
7201,Article,ESCochrane,pete_wells,64,False
7240,Article,ESCochrane,hugolowell,19,True
7266,Article,ESCochrane,AtulMathur_,12,True
7340,Tweet,ESCochrane,dubeyavishek,224,False
7356,Tweet,ESCochrane,Bencjacobs,11,True
7346,Tweet,ESCochrane,Bencjacobs,4,True
7312,Tweet,ESCochrane,JessicaValenti,21,True
7308,Tweet,ESCochrane,lukebroadwater,16,True
7314,Tweet,ESCochrane,dionnesearcey,50,False
7339,Tweet,ESCochrane,Bencjacobs,6,True
7388,Tweet,ESCochrane,Bencjacobs,29,True
7342,Tweet,ESCochrane,RBReich,3,True
7353,Tweet,ESCochrane,hugolowell,18,True
7315,Tweet,ESCochrane,jmart,46,False
7370,Tweet,ESCochrane,AtulMathur_,27,True
7367,Tweet,ESCochrane,peterbakernyt,8,True
7324,Tweet,ESCochrane,michelleinbklyn,13,True
7372,Tweet,ESCochrane,AtulMathur_,16,True
111092,Article,AndrewSparrow,aleksk,32,True
111205,Article,AndrewSparrow,KateEMcCann,13,True
111040,Article,AndrewSparrow,EricaLG,10,True
111269,Article,AndrewSparrow,gabyhinsliff,27,True
111240,Article,AndrewSparrow,KateEMcCann,2,True
111069,Article,AndrewSparrow,aleksk,28,True
111103,Article,AndrewSparrow,KateEMcCann,20,True
111262,Article,AndrewSparrow,aleksk,15,True
111208,Article,AndrewSparrow,andybrassell,10,True
111230,Article,AndrewSparrow,CarolineLucas,28,True
111150,Article,AndrewSparrow,MarinaOLoughlin,122,False
111147,Article,AndrewSparrow,dkarthikTOI,325,False
111260,Article,AndrewSparrow,CarolineLucas,18,True
111274,Article,AndrewSparrow,aleksk,31,True
111028,Article,AndrewSparrow,andybrassell,27,True
111498,Tweet,AndrewSparrow,AshokPradhanTOI,31,True
111621,Tweet,AndrewSparrow,SearleAdrian,123,False
111544,Tweet,AndrewSparrow,mariellaf1,228,False
111405,Tweet,AndrewSparrow,TristramHuntVA,20,True
111722,Tweet,AndrewSparrow,anandbodhTOI,21,True
111569,Tweet,AndrewSparrow,thrasherxy,376,False
111278,Tweet,AndrewSparrow,john_hooper,25,True
111631,Tweet,AndrewSparrow,murarishetye,30,True
111613,Tweet,AndrewSparrow,hannahdev,23,True
111442,Tweet,AndrewSparrow,hannahdev,30,True
111430,Tweet,AndrewSparrow,archiebland,26,True
111850,Tweet,AndrewSparrow,TanyaGold1,22,True
111780,Tweet,AndrewSparrow,KapildaveTOI,29,True
111358,Tweet,AndrewSparrow,CarolineLucas,28,True
111774,Tweet,AndrewSparrow,DanielKingChess,73,False
200282,Article,parthshastriTOI,Rupalijee,90,False
200204,Article,parthshastriTOI,jameskanter,69,False
200304,Article,parthshastriTOI,Crime_Selvaraj,51,False
200170,Article,parthshastriTOI,ipsinghTOI,89,False
200199,Article,parthshastriTOI,ipsinghTOI,66,False
200184,Article,parthshastriTOI,AjayUgrasTOI,49,False
200156,Article,parthshastriTOI,DSlotnik,20,True
200157,Article,parthshastriTOI,Azi,121,False
200155,Article,parthshastriTOI,Crime_Selvaraj,13,True
200159,Article,parthshastriTOI,AmritadTOI,20,True
200147,Article,parthshastriTOI,sandhyanairTOI,49,False
200179,Article,parthshastriTOI,SumitraDebRoy,50,False
200267,Article,parthshastriTOI,PhanindraP_TNIE,8,True
200291,Article,parthshastriTOI,rjadHinduBL,31,True
200110,Article,parthshastriTOI,parthasinha,66,False
200337,Tweet,parthshastriTOI,bagishjhaTOI,30,True
200411,Tweet,parthshastriTOI,somitsenTOI,19,True
200401,Tweet,parthshastriTOI,SunilSubaiah,25,True
200339,Tweet,parthshastriTOI,kush_junglee,32,True
200397,Tweet,parthshastriTOI,priyangiTOI,32,True
200380,Tweet,parthshastriTOI,asrpmukeshTOI,24,True
200329,Tweet,parthshastriTOI,JoshuaRozenberg,87,False
200391,Tweet,parthshastriTOI,Shrivathsan1437,99,False
200364,Tweet,parthshastriTOI,bagishjhaTOI,32,True
200410,Tweet,parthshastriTOI,ShoebKhanTOI,36,False
200362,Tweet,parthshastriTOI,amitanandTOI,28,True
200338,Tweet,parthshastriTOI,somitsenTOI,32,True
200336,Tweet,parthshastriTOI,ChaitanyadTOI,29,True
200369,Tweet,parthshastriTOI,kiracochrane,111,False
200399,Tweet,parthshastriTOI,AniltheMatrix,32,True
58932,Article,laurenlaverne,RebeccaSeal,23,True
58963,Article,laurenlaverne,timlottwriter,17,True
58891,Article,laurenlaverne,lyngardner,30,True
58981,Article,laurenlaverne,hadleyfreeman,214,False
58921,Article,laurenlaverne,jfordham_jazz,19,True
58922,Article,laurenlaverne,jfordham_jazz,16,True
58898,Article,laurenlaverne,RebeccaSeal,18,True
58951,Article,laurenlaverne,naomi2009,20,True
58952,Article,laurenlaverne,KateEMcCann,40,False
58913,Article,laurenlaverne,jimwaterson,14,True
58944,Article,laurenlaverne,KateEMcCann,23,True
58936,Article,laurenlaverne,jonpareles,30,True
58957,Article,laurenlaverne,lyngardner,30,True
58967,Article,laurenlaverne,sendvictorious,78,False
58910,Article,laurenlaverne,SearleAdrian,19,True
59563,Tweet,laurenlaverne,jhoffman,281,False
59404,Tweet,laurenlaverne,questingvole,7,True
59288,Tweet,laurenlaverne,Markbeaumontuk,22,True
59301,Tweet,laurenlaverne,jfordham_jazz,17,True
59391,Tweet,laurenlaverne,seaningle,16,True
59569,Tweet,laurenlaverne,jfordham_jazz,30,True
59547,Tweet,laurenlaverne,nmcintosh,49,False
59251,Tweet,laurenlaverne,charltonbrooker,18,True
59238,Tweet,laurenlaverne,alexbellos,77,False
59540,Tweet,laurenlaverne,LauraCummingArt,284,False
59137,Tweet,laurenlaverne,lucysiegle,4,True
59057,Tweet,laurenlaverne,TimdeLisle,73,False
59553,Tweet,laurenlaverne,LauraCummingArt,105,False
59439,Tweet,laurenlaverne,archiebland,123,False
59352,Tweet,laurenlaverne,AraniBasuTOI,327,False
112125,Article,NilsPratley,KateEMcCann,12,True
111975,Article,NilsPratley,sendvictorious,22,True
112011,Article,NilsPratley,timlottwriter,18,True
111900,Article,NilsPratley,jimwaterson,7,True
112000,Article,NilsPratley,KateEMcCann,12,True
112060,Article,NilsPratley,bglendenning,26,True
111982,Article,NilsPratley,GeorgeMonbiot,28,True
112085,Article,NilsPratley,KateEMcCann,15,True
111929,Article,NilsPratley,shattenstone,102,False
111993,Article,NilsPratley,timlottwriter,14,True
112019,Article,NilsPratley,bglendenning,20,True
112078,Article,NilsPratley,GeorgeMonbiot,14,True
111939,Article,NilsPratley,jimwaterson,21,True
111971,Article,NilsPratley,GeorgeMonbiot,10,True
111981,Article,NilsPratley,GeorgeMonbiot,15,True
112235,Tweet,NilsPratley,ChuBailiang,49,False
112195,Tweet,NilsPratley,mtomasky,34,False
112167,Tweet,NilsPratley,ajaysuraTOI,11,True
112308,Tweet,NilsPratley,timatkin,35,False
112236,Tweet,NilsPratley,har_mandeep,31,True
112226,Tweet,NilsPratley,anandbodhTOI,72,False
112267,Tweet,NilsPratley,john_hooper,4,True
112243,Tweet,NilsPratley,HemantaTOI,27,True
112341,Tweet,NilsPratley,007pandey,22,True
112327,Tweet,NilsPratley,attackerman,174,False
112201,Tweet,NilsPratley,DerekMalcolm123,21,True
112176,Tweet,NilsPratley,williamkeegan,2,True
112294,Tweet,NilsPratley,ramarkosg,30,True
112246,Tweet,NilsPratley,naomi2009,15,True
112227,Tweet,NilsPratley,sudhanshub16,36,False
160277,Article,TimdeLisle,stevenpoole,254,False
160223,Article,TimdeLisle,mariellaf1,43,False
160376,Article,TimdeLisle,petleepeter,57,False
160296,Article,TimdeLisle,debaratisen,32,True
160358,Article,TimdeLisle,fmanjoo,28,True
160172,Article,TimdeLisle,smita_mishra,32,True
160190,Article,TimdeLisle,fmanjoo,32,True
160165,Article,TimdeLisle,archiebland,15,True
160389,Article,TimdeLisle,AniltheMatrix,31,True
160338,Article,TimdeLisle,smita_mishra,38,False
160195,Article,TimdeLisle,jonronson,32,True
160279,Article,TimdeLisle,annanorthtweets,29,True
160183,Article,TimdeLisle,jennydeluxe,32,True
160214,Article,TimdeLisle,dansabbagh,16,True
160167,Article,TimdeLisle,seaningle,13,True
160837,Tweet,TimdeLisle,alexbellos,250,False
160500,Tweet,TimdeLisle,BhanupratapsTOI,241,False
160975,Tweet,TimdeLisle,joecoscarelli,4,True
160956,Tweet,TimdeLisle,Shreyanka_M,145,False
160920,Tweet,TimdeLisle,jonronson,2,True
160789,Tweet,TimdeLisle,thestephmerritt,114,False
160712,Tweet,TimdeLisle,polblonde,46,False
160994,Tweet,TimdeLisle,richapintoi,304,False
160917,Tweet,TimdeLisle,jhoffman,194,False
160530,Tweet,TimdeLisle,alexvtunzelmann,46,False
160797,Tweet,TimdeLisle,vijaypTOI,191,False
160857,Tweet,TimdeLisle,Shilarze_SSR,32,True
161010,Tweet,TimdeLisle,SearleAdrian,47,False
160621,Tweet,TimdeLisle,FabrizioRomano,103,False
160862,Tweet,TimdeLisle,priyagupta999,5,True
31228,Article,RachelDonadio,andrewrsorkin,294,False
31213,Article,RachelDonadio,andrewrsorkin,274,False
31286,Article,RachelDonadio,lukeharding1968,104,False
31253,Article,RachelDonadio,jeannasmialek,213,False
31231,Article,RachelDonadio,StacyCowley,64,False
31218,Article,RachelDonadio,nytmike,11,True
31265,Article,RachelDonadio,advityabahlTOI,15,True
31215,Article,RachelDonadio,MujMash,12,True
31212,Article,RachelDonadio,NYTimesCohen,44,False
31235,Article,RachelDonadio,AtulMathur_,17,True
31238,Article,RachelDonadio,jimtankersley,197,False
31223,Article,RachelDonadio,declanwalsh,89,False
31279,Article,RachelDonadio,SribaalaVTOI,214,False
31226,Article,RachelDonadio,FrancesRobles,19,True
31257,Article,RachelDonadio,alexanderburns,112,False
31367,Tweet,RachelDonadio,LauraCummingArt,43,False
31380,Tweet,RachelDonadio,kenanmalik,167,False
31392,Tweet,RachelDonadio,john_hooper,441,False
31316,Tweet,RachelDonadio,dubeyavishek,27,True
31303,Tweet,RachelDonadio,ManjuVTOI,282,False
31376,Tweet,RachelDonadio,joshwiddicombe,200,False
31339,Tweet,RachelDonadio,KTVinobhaTOI,139,False
31356,Tweet,RachelDonadio,ajaysuraTOI,375,False
31373,Tweet,RachelDonadio,bindelj,415,False
31345,Tweet,RachelDonadio,lauriegnyt,23,True
31351,Tweet,RachelDonadio,ottolenghi,294,False
31347,Tweet,RachelDonadio,ukigoni,299,False
31372,Tweet,RachelDonadio,SwatiShindeTOI,130,False
31337,Tweet,RachelDonadio,rpogrebin,8,True
31342,Tweet,RachelDonadio,nnougayrede,227,False
141365,Article,OLIVERBALCH,KSchulten,15,True
141377,Article,OLIVERBALCH,jimwaterson,148,False
141326,Article,OLIVERBALCH,jennydeluxe,31,True
141307,Article,OLIVERBALCH,davidleighx,82,False
141504,Article,OLIVERBALCH,sermoninstone,29,True
141345,Article,OLIVERBALCH,ameliagentleman,30,True
141444,Article,OLIVERBALCH,GeorgeMonbiot,25,True
141500,Article,OLIVERBALCH,michelleinbklyn,184,False
141453,Article,OLIVERBALCH,KateEMcCann,155,False
141455,Article,OLIVERBALCH,liamstack,221,False
141448,Article,OLIVERBALCH,MaggieAstor,188,False
141515,Article,OLIVERBALCH,nauzerbTOI,9,True
141462,Article,OLIVERBALCH,jeannasmialek,32,True
141313,Article,OLIVERBALCH,PippaCrerar,125,False
141447,Article,OLIVERBALCH,philipoltermann,31,True
141680,Tweet,OLIVERBALCH,MichaelPaulson,447,False
141870,Tweet,OLIVERBALCH,mswainwright,7,True
141981,Tweet,OLIVERBALCH,Chethan_Dash,20,True
141766,Tweet,OLIVERBALCH,saumyajitbTOI,162,False
141937,Tweet,OLIVERBALCH,joshwiddicombe,100,False
142042,Tweet,OLIVERBALCH,vijaysinghTOI,15,True
141801,Tweet,OLIVERBALCH,LauraCummingArt,4,True
141709,Tweet,OLIVERBALCH,Mahafreed_Irani,285,False
141947,Tweet,OLIVERBALCH,sermoninstone,79,False
141693,Tweet,OLIVERBALCH,pete_wells,27,True
141714,Tweet,OLIVERBALCH,vijaysinghTOI,68,False
141783,Tweet,OLIVERBALCH,ottolenghi,132,False
141728,Tweet,OLIVERBALCH,nicklezard,142,False
142116,Tweet,OLIVERBALCH,vishwamTOI,16,True
141593,Tweet,OLIVERBALCH,LauraCummingArt,148,False
186822,Article,ishajainTOI,digbijaymishra1,18,True
186912,Article,ishajainTOI,rajatpTOI,101,False
186880,Article,ishajainTOI,NewtonSTOI,63,False
186839,Article,ishajainTOI,ManjuVTOI,4,True
186771,Article,ishajainTOI,digbijaymishra1,25,True
186908,Article,ishajainTOI,bagishjhaTOI,7,True
186820,Article,ishajainTOI,PerriKlass,144,False
186832,Article,ishajainTOI,petleepeter,39,False
186914,Article,ishajainTOI,AditiZero,29,True
186916,Article,ishajainTOI,ipsinghTOI,34,False
186829,Article,ishajainTOI,andrewrsorkin,160,False
186854,Article,ishajainTOI,jameskanter,25,True
186758,Article,ishajainTOI,TOISH31,88,False
186717,Article,ishajainTOI,AjayUgrasTOI,40,False
186801,Article,ishajainTOI,itsshibuthomas,40,False
186981,Tweet,ishajainTOI,utejonmayamTOI,17,True
186969,Tweet,ishajainTOI,Chethan_Dash,63,False
186997,Tweet,ishajainTOI,AnujaJaiswalTOI,7,True
186956,Tweet,ishajainTOI,SumitraDebRoy,17,True
187028,Tweet,ishajainTOI,SwatiShindeTOI,24,True
186964,Tweet,ishajainTOI,PrashantrTOI,62,False
187014,Tweet,ishajainTOI,AnujaJaiswalTOI,37,False
187026,Tweet,ishajainTOI,jessbidgood,182,False
187041,Tweet,ishajainTOI,PhanindraP_TNIE,41,False
186966,Tweet,ishajainTOI,dubeyavishek,9,True
187037,Tweet,ishajainTOI,manvirsainiTOI,9,True
186977,Tweet,ishajainTOI,27saurabhsinha,15,True
186999,Tweet,ishajainTOI,utejonmayamTOI,7,True
187019,Tweet,ishajainTOI,pradeepjourno,2,True
187001,Tweet,ishajainTOI,SwatiShindeTOI,6,True
139750,Article,gracedent,stevenpoole,21,True
139625,Article,gracedent,EVincentelli,26,True
139709,Article,gracedent,KateEMcCann,18,True
139845,Article,gracedent,tomdyckhoff,14,True
139615,Article,gracedent,PatrickKingsley,24,True
139841,Article,gracedent,Crime_Selvaraj,15,True
139844,Article,gracedent,JessicaValenti,48,False
139811,Article,gracedent,steve_hewlett,16,True
139623,Article,gracedent,Crime_Selvaraj,18,True
139680,Article,gracedent,allegramcevedy,15,True
139832,Article,gracedent,steve_hewlett,15,True
139809,Article,gracedent,lindasgrant,20,True
139801,Article,gracedent,williamkeegan,18,True
139747,Article,gracedent,lindasgrant,16,True
139787,Article,gracedent,arusbridger,20,True
140169,Tweet,gracedent,divyapal2013,105,False
140116,Tweet,gracedent,aleksk,62,False
140249,Tweet,gracedent,LauraCummingArt,33,False
140191,Tweet,gracedent,NilsPratley,75,False
140018,Tweet,gracedent,LauraCummingArt,11,True
140104,Tweet,gracedent,alexvtunzelmann,130,False
140384,Tweet,gracedent,smita_mishra,47,False
140272,Tweet,gracedent,jamesrbuk,31,True
139984,Tweet,gracedent,smita_mishra,28,True
140245,Tweet,gracedent,AlysFowler,21,True
140417,Tweet,gracedent,allegramcevedy,16,True
139945,Tweet,gracedent,ottolenghi,6,True
140198,Tweet,gracedent,parthasinha,90,False
140050,Tweet,gracedent,LauraCummingArt,13,True
139927,Tweet,gracedent,lenoretaylor,45,False
138877,Article,mtomasky,dwightgarner,30,True
138766,Article,mtomasky,emmabrockes,24,True
138816,Article,mtomasky,sangerkatz,31,True
138861,Article,mtomasky,FlitterOnFraud,27,True
138953,Article,mtomasky,alexanderburns,31,True
138781,Article,mtomasky,FlitterOnFraud,31,True
138981,Article,mtomasky,dwightgarner,30,True
138777,Article,mtomasky,sio_burke,131,False
138881,Article,mtomasky,sangerkatz,28,True
138786,Article,mtomasky,bencasselman,31,True
138964,Article,mtomasky,sangerkatz,25,True
138768,Article,mtomasky,dwightgarner,29,True
138983,Article,mtomasky,EVincentelli,25,True
138925,Article,mtomasky,sisario,31,True
138800,Article,mtomasky,DouthatNYT,30,True
139100,Tweet,mtomasky,hugolowell,41,False
139238,Tweet,mtomasky,salihughes,100,False
139491,Tweet,mtomasky,sudeshnagTOI,11,True
139165,Tweet,mtomasky,Bencjacobs,114,False
139152,Tweet,mtomasky,jillfilipovic,15,True
139295,Tweet,mtomasky,jbouie,36,False
139447,Tweet,mtomasky,SangerNYT,22,True
139401,Tweet,mtomasky,VivianHo,11,True
139568,Tweet,mtomasky,williamkeegan,39,False
139439,Tweet,mtomasky,RBReich,25,True
139280,Tweet,mtomasky,Shreyanka_M,405,False
139289,Tweet,mtomasky,polblonde,84,False
139115,Tweet,mtomasky,SagrikaKissu,248,False
139227,Tweet,mtomasky,MiriamElder,4,True
139094,Tweet,mtomasky,samsifton,24,True
58007,Article,domphillips,msrachelcooke,16,True
58152,Article,domphillips,jbouie,246,False
58118,Article,domphillips,NikiKitsantonis,28,True
58010,Article,domphillips,bindelj,97,False
58074,Article,domphillips,tushhaikhush,168,False
58139,Article,domphillips,PatrickKingsley,43,False
58059,Article,domphillips,FabrizioRomano,98,False
58243,Article,domphillips,KateEMcCann,31,True
58134,Article,domphillips,NYTBen,29,True
58165,Article,domphillips,NikiKitsantonis,28,True
58032,Article,domphillips,sarahditum,124,False
58190,Article,domphillips,aleksk,109,False
58077,Article,domphillips,RowanMoore,170,False
58195,Article,domphillips,declanwalsh,27,True
58166,Article,domphillips,marthakelner,176,False
58850,Tweet,domphillips,wesley_morris,232,False
58431,Tweet,domphillips,jhoffman,142,False
58477,Tweet,domphillips,saumyajitbTOI,195,False
58792,Tweet,domphillips,vijaypTOI,35,False
58827,Tweet,domphillips,jbouie,16,True
58444,Tweet,domphillips,nauzerbTOI,117,False
58572,Tweet,domphillips,jatinder_tur,212,False
58734,Tweet,domphillips,michelleinbklyn,170,False
58626,Tweet,domphillips,jonathanwatts,92,False
58818,Tweet,domphillips,thrasherxy,65,False
58421,Tweet,domphillips,OLIVERBALCH,64,False
58467,Tweet,domphillips,BhanupratapsTOI,307,False
58371,Tweet,domphillips,somitsenTOI,9,True
58783,Tweet,domphillips,mohuadazz,49,False
58593,Tweet,domphillips,ChaitanyadTOI,139,False
25299,Article,carlzimmer,BawaNaaved,112,False
25282,Article,carlzimmer,samsifton,44,False
25226,Article,carlzimmer,MujMash,100,False
25244,Article,carlzimmer,hannahdev,40,False
25283,Article,carlzimmer,MujMash,17,True
25215,Article,carlzimmer,SribaalaVTOI,452,False
25296,Article,carlzimmer,bencasselman,61,False
25212,Article,carlzimmer,RoniNYTimes,18,True
25297,Article,carlzimmer,philipoltermann,246,False
25222,Article,carlzimmer,sangerkatz,25,True
25242,Article,carlzimmer,andrewrsorkin,72,False
25289,Article,carlzimmer,LucyMangan,7,True
25200,Article,carlzimmer,Crime_Selvaraj,130,False
25254,Article,carlzimmer,DSlotnik,7,True
25218,Article,carlzimmer,ajaysuraTOI,144,False
25391,Tweet,carlzimmer,rebeccaSTOI,139,False
25347,Tweet,carlzimmer,bishnoiarvind11,442,False
25380,Tweet,carlzimmer,ThevarSteffy,18,True
25356,Tweet,carlzimmer,ThevarSteffy,21,True
25324,Tweet,carlzimmer,vanbadham,94,False
25385,Tweet,carlzimmer,thestephmerritt,12,True
25388,Tweet,carlzimmer,alexvtunzelmann,31,True
25339,Tweet,carlzimmer,archiebland,223,False
25379,Tweet,carlzimmer,AjayUgrasTOI,56,False
25362,Tweet,carlzimmer,AnujaJaiswalTOI,31,True
25337,Tweet,carlzimmer,vijaysinghTOI,3,True
25359,Tweet,carlzimmer,Arun_Ram,5,True
25312,Tweet,carlzimmer,AditiZero,105,False
25334,Tweet,carlzimmer,alexvtunzelmann,25,True
25320,Tweet,carlzimmer,kbennhold,26,True
208888,Article,saumyajitbTOI,ManjuVTOI,21,True
208855,Article,saumyajitbTOI,jimtankersley,136,False
208897,Article,saumyajitbTOI,RorySmith,31,True
208895,Article,saumyajitbTOI,Banjotkaur,12,True
208972,Article,saumyajitbTOI,bykaren,24,True
208805,Article,saumyajitbTOI,andrewrsorkin,24,True
208923,Article,saumyajitbTOI,SunilSubaiah,25,True
208874,Article,saumyajitbTOI,anemonanyc,25,True
208905,Article,saumyajitbTOI,naomi2009,23,True
208791,Article,saumyajitbTOI,seaningle,30,True
208884,Article,saumyajitbTOI,Banjotkaur,22,True
208975,Article,saumyajitbTOI,ronojoy_sen,103,False
208882,Article,saumyajitbTOI,SindhukTOI,14,True
208906,Article,saumyajitbTOI,sarahlyall,28,True
208950,Article,saumyajitbTOI,DerekMalcolm123,27,True
209081,Tweet,saumyajitbTOI,LizAldermanNYT,9,True
209096,Tweet,saumyajitbTOI,umamahesh_ToI,25,True
209112,Tweet,saumyajitbTOI,parthasinha,21,True
209059,Tweet,saumyajitbTOI,007pandey,30,True
209098,Tweet,saumyajitbTOI,anandbodhTOI,28,True
209091,Tweet,saumyajitbTOI,007pandey,114,False
209085,Tweet,saumyajitbTOI,vijaysinghTOI,85,False
209109,Tweet,saumyajitbTOI,FrankBruni,39,False
209050,Tweet,saumyajitbTOI,SearleAdrian,79,False
209049,Tweet,saumyajitbTOI,christophclarey,85,False
209124,Tweet,saumyajitbTOI,DerekMalcolm123,2,True
209073,Tweet,saumyajitbTOI,FranklinBlog,356,False
209077,Tweet,saumyajitbTOI,advityabahlTOI,425,False
209086,Tweet,saumyajitbTOI,alanfeuer,418,False
209031,Tweet,saumyajitbTOI,adwaidh,5,True
19825,Article,tariqpanja,helenecooper,18,True
19818,Article,tariqpanja,PatrickKingsley,15,True
19802,Article,tariqpanja,NYTBen,9,True
19806,Article,tariqpanja,samsifton,18,True
19870,Article,tariqpanja,hugolowell,22,True
19894,Article,tariqpanja,NesrineMalik,19,True
19879,Article,tariqpanja,NikiKitsantonis,13,True
19830,Article,tariqpanja,michelleinbklyn,105,False
19841,Article,tariqpanja,BellaKwai,23,True
19880,Article,tariqpanja,alexmarshall81,9,True
19888,Article,tariqpanja,KapildaveTOI,17,True
19897,Article,tariqpanja,FabrizioRomano,24,True
19810,Article,tariqpanja,andrewrsorkin,10,True
19873,Article,tariqpanja,andrewrsorkin,10,True
19855,Article,tariqpanja,afuahirsch,85,False
19958,Tweet,tariqpanja,hugolowell,91,False
19916,Tweet,tariqpanja,sudeshnagTOI,9,True
19934,Tweet,tariqpanja,sunny_hundal,34,False
19917,Tweet,tariqpanja,parthasinha,10,True
19983,Tweet,tariqpanja,parthasinha,287,False
19956,Tweet,tariqpanja,RebeccaSeal,64,False
19982,Tweet,tariqpanja,jfordham_jazz,157,False
19994,Tweet,tariqpanja,toi_shailendraA,20,True
19946,Tweet,tariqpanja,jonronson,21,True
19910,Tweet,tariqpanja,GeorgeMonbiot,58,False
19998,Tweet,tariqpanja,MonaChalabi,21,True
19900,Tweet,tariqpanja,FabrizioRomano,31,True
19975,Tweet,tariqpanja,MarcusMergulhao,15,True
19907,Tweet,tariqpanja,saumyajitbTOI,14,True
19905,Tweet,tariqpanja,CarolineLucas,281,False
158788,Article,hugolowell,charlie_savage,28,True
158766,Article,hugolowell,alexanderburns,26,True
158907,Article,hugolowell,LFFriedman,31,True
158737,Article,hugolowell,jeannasmialek,10,True
158968,Article,hugolowell,RorySmith,317,False
158974,Article,hugolowell,LFFriedman,31,True
158775,Article,hugolowell,Azi,28,True
158727,Article,hugolowell,gettinviggy,31,True
158875,Article,hugolowell,lukebroadwater,31,True
158947,Article,hugolowell,Azi,32,True
158812,Article,hugolowell,MaggieAstor,31,True
158796,Article,hugolowell,ditzkoff,27,True
158780,Article,hugolowell,peterbakernyt,31,True
158949,Article,hugolowell,LFFriedman,31,True
158884,Article,hugolowell,tripgabriel,32,True
159171,Tweet,hugolowell,jwpetersNYT,30,True
159335,Tweet,hugolowell,SidharthB25,10,True
159505,Tweet,hugolowell,VivianHo,106,False
159376,Tweet,hugolowell,thrasherxy,16,True
159485,Tweet,hugolowell,nytmike,125,False
159133,Tweet,hugolowell,maevesther,480,False
159185,Tweet,hugolowell,hugolowell,1,True
159219,Tweet,hugolowell,peterbakernyt,4,True
159051,Tweet,hugolowell,murarishetyeTOI,8,True
159058,Tweet,hugolowell,jbouie,146,False
159341,Tweet,hugolowell,ByMattStevens,144,False
159259,Tweet,hugolowell,ollywainwright,21,True
159059,Tweet,hugolowell,hugolowell,1,True
159412,Tweet,hugolowell,attackerman,48,False
159200,Tweet,hugolowell,RowanMoore,440,False
206882,Article,rishachitlangia,AjayUgrasTOI,14,True
206818,Article,rishachitlangia,ThevarSteffy,24,True
206747,Article,rishachitlangia,AjayUgrasTOI,20,True
206837,Article,rishachitlangia,palaknandiTOI,18,True
206678,Article,rishachitlangia,journo_vibha,24,True
206798,Article,rishachitlangia,MohitaTOI,19,True
206854,Article,rishachitlangia,dipakdashTOI,4,True
206689,Article,rishachitlangia,SidharthB25,19,True
206762,Article,rishachitlangia,ramendrasTOI,27,True
206866,Article,rishachitlangia,ShrinivasaMTOI,21,True
206680,Article,rishachitlangia,jameskanter,31,True
206795,Article,rishachitlangia,_nicolaclark,13,True
206774,Article,rishachitlangia,maheshbTOI,29,True
206912,Article,rishachitlangia,dipakdashTOI,44,False
206846,Article,rishachitlangia,nauzerbTOI,149,False
206958,Tweet,rishachitlangia,ajaysuraTOI,164,False
206967,Tweet,rishachitlangia,AditiZero,115,False
206956,Tweet,rishachitlangia,vijaysinghTOI,70,False
206929,Tweet,rishachitlangia,ShoebKhanTOI,29,True
206957,Tweet,rishachitlangia,somitsenTOI,12,True
206949,Tweet,rishachitlangia,parthshastriTOI,102,False
206961,Tweet,rishachitlangia,PeterTatchell,366,False
206930,Tweet,rishachitlangia,HemantaTOI,75,False
206928,Tweet,rishachitlangia,rjadHinduBL,126,False
206966,Tweet,rishachitlangia,vijaysinghTOI,172,False
206922,Tweet,rishachitlangia,kush_junglee,18,True
206941,Tweet,rishachitlangia,DanielKingChess,281,False
206938,Tweet,rishachitlangia,ajaykanth7,92,False
206948,Tweet,rishachitlangia,bindiyachariTOI,12,True
206924,Tweet,rishachitlangia,saumyajitbTOI,12,True
185232,Article,HemantaTOI,GeorgeMonbiot,46,False
185140,Article,HemantaTOI,vijayVsinghTOI,14,True
185151,Article,HemantaTOI,bencasselman,24,True
185190,Article,HemantaTOI,dubeyavishek,97,False
185186,Article,HemantaTOI,vijayVsinghTOI,23,True
185072,Article,HemantaTOI,JoshuaRozenberg,15,True
185204,Article,HemantaTOI,KapildaveTOI,25,True
185134,Article,HemantaTOI,jameskanter,68,False
185219,Article,HemantaTOI,PippaCrerar,4,True
185154,Article,HemantaTOI,bishnoiarvind11,4,True
185142,Article,HemantaTOI,AmritadTOI,18,True
185223,Article,HemantaTOI,williamnhutton,12,True
185255,Article,HemantaTOI,vijayVsinghTOI,24,True
185119,Article,HemantaTOI,AlokKNMishra,4,True
185229,Article,HemantaTOI,naomi2009,14,True
185382,Tweet,HemantaTOI,saumyajitbTOI,156,False
185340,Tweet,HemantaTOI,SribaalaVTOI,36,False
185337,Tweet,HemantaTOI,NishikantkTOI,15,True
185295,Tweet,HemantaTOI,manvirsainiTOI,185,False
185311,Tweet,HemantaTOI,SagrikaKissu,181,False
185389,Tweet,HemantaTOI,neelam_raaj,120,False
185338,Tweet,HemantaTOI,Crime_Selvaraj,23,True
185372,Tweet,HemantaTOI,smita_mishra,63,False
185300,Tweet,HemantaTOI,alexvtunzelmann,106,False
185359,Tweet,HemantaTOI,Shrivathsan1437,31,True
185318,Tweet,HemantaTOI,RebeccaSeal,20,True
185379,Tweet,HemantaTOI,DSandip_TOI,27,True
185354,Tweet,HemantaTOI,vijaysinghTOI,23,True
185378,Tweet,HemantaTOI,parthshastriTOI,32,True
185374,Tweet,HemantaTOI,lisamonteiroTOI,6,True
9234,Article,jasondhorowitz,NikiKitsantonis,22,True
9213,Article,jasondhorowitz,pete_wells,53,False
9251,Article,jasondhorowitz,antontroian,17,True
9236,Article,jasondhorowitz,gilestremlett,45,False
9233,Article,jasondhorowitz,llerer,4,True
9253,Article,jasondhorowitz,sarahlyall,18,True
9288,Article,jasondhorowitz,rebeccaSTOI,101,False
9226,Article,jasondhorowitz,amitanandTOI,159,False
9278,Article,jasondhorowitz,SocialQPhilip,24,True
9271,Article,jasondhorowitz,DouthatNYT,77,False
9261,Article,jasondhorowitz,ChuBailiang,13,True
9204,Article,jasondhorowitz,ArunDev1,27,True
9221,Article,jasondhorowitz,Banjotkaur,10,True
9294,Article,jasondhorowitz,MujMash,2,True
9283,Article,jasondhorowitz,viasimonromero,64,False
9324,Tweet,jasondhorowitz,rpogrebin,15,True
9363,Tweet,jasondhorowitz,stevenpoole,51,False
9351,Tweet,jasondhorowitz,alexvtunzelmann,17,True
9357,Tweet,jasondhorowitz,manvirsainiTOI,98,False
9355,Tweet,jasondhorowitz,jorifinkel,58,False
9332,Tweet,jasondhorowitz,peterbradshaw1,18,True
9307,Tweet,jasondhorowitz,AtulMathur_,97,False
9310,Tweet,jasondhorowitz,axrenton,370,False
9392,Tweet,jasondhorowitz,philipoltermann,121,False
9302,Tweet,jasondhorowitz,NickAtNews,22,True
9380,Tweet,jasondhorowitz,desaisantosh,237,False
9362,Tweet,jasondhorowitz,michelleinbklyn,48,False
9311,Tweet,jasondhorowitz,sarahchurchwell,127,False
9382,Tweet,jasondhorowitz,AnujaJaiswalTOI,36,False
9314,Tweet,jasondhorowitz,benkenigsberg,35,False
197164,Article,neelam_raaj,ManjuVTOI,13,True
197285,Article,neelam_raaj,akhileshsTOI,30,True
197216,Article,neelam_raaj,sangerkatz,182,False
197209,Article,neelam_raaj,DSandip_TOI,16,True
197305,Article,neelam_raaj,NilsPratley,17,True
197124,Article,neelam_raaj,saumyajitbTOI,26,True
197090,Article,neelam_raaj,aniljdias,19,True
197108,Article,neelam_raaj,sarahditum,190,False
197104,Article,neelam_raaj,sermoninstone,28,True
197241,Article,neelam_raaj,michelleinbklyn,243,False
197272,Article,neelam_raaj,HemantaTOI,24,True
197155,Article,neelam_raaj,NewtonSTOI,94,False
197167,Article,neelam_raaj,philipoltermann,213,False
197158,Article,neelam_raaj,ronojoy_sen,29,True
197176,Article,neelam_raaj,priyangiTOI,23,True
197347,Tweet,neelam_raaj,thestephmerritt,246,False
197331,Tweet,neelam_raaj,lenoretaylor,263,False
197348,Tweet,neelam_raaj,AraniBasuTOI,29,True
197322,Tweet,neelam_raaj,neelam_raaj,1,True
197328,Tweet,neelam_raaj,toi_ManujaV,13,True
197374,Tweet,neelam_raaj,ramarkosg,19,True
197329,Tweet,neelam_raaj,aditya_bh16,32,True
197340,Tweet,neelam_raaj,psangeetha2112,31,True
197336,Tweet,neelam_raaj,desaisantosh,44,False
197364,Tweet,neelam_raaj,seaningle,198,False
197351,Tweet,neelam_raaj,sermoninstone,64,False
197352,Tweet,neelam_raaj,LauraCummingArt,52,False
197353,Tweet,neelam_raaj,alexbellos,195,False
197358,Tweet,neelam_raaj,somitsenTOI,7,True
197341,Tweet,neelam_raaj,AlokKNMishra,10,True
206562,Article,richapintoi,utejonmayamTOI,26,True
206551,Article,richapintoi,Crime_Selvaraj,29,True
206532,Article,richapintoi,NewtonSTOI,46,False
206476,Article,richapintoi,dipakdashTOI,34,False
206543,Article,richapintoi,SagrikaKissu,25,True
206505,Article,richapintoi,SindhukTOI,29,True
206471,Article,richapintoi,AjayUgrasTOI,26,True
206550,Article,richapintoi,akhileshsTOI,32,True
206541,Article,richapintoi,SagrikaKissu,27,True
206466,Article,richapintoi,vijayVsinghTOI,31,True
206467,Article,richapintoi,asrpmukeshTOI,32,True
206522,Article,richapintoi,SagrikaKissu,29,True
206498,Article,richapintoi,SagrikaKissu,17,True
206538,Article,richapintoi,akhileshsTOI,19,True
206528,Article,richapintoi,jameskanter,71,False
206575,Tweet,richapintoi,dkarthikTOI,97,False
206607,Tweet,richapintoi,Shilarze_SSR,281,False
206658,Tweet,richapintoi,jameskanter,35,False
206602,Tweet,richapintoi,peterbradshaw1,100,False
206640,Tweet,richapintoi,anandbodhTOI,23,True
206633,Tweet,richapintoi,mswainwright,150,False
206614,Tweet,richapintoi,vijaypTOI,26,True
206663,Tweet,richapintoi,lisamonteiroTOI,21,True
206592,Tweet,richapintoi,NYTimesCohen,125,False
206584,Tweet,richapintoi,desaisantosh,359,False
206609,Tweet,richapintoi,pete_wells,171,False
206612,Tweet,richapintoi,rajatpTOI,118,False
206613,Tweet,richapintoi,mateenHTOI,18,True
206671,Tweet,richapintoi,lucywardsings,113,False
206583,Tweet,richapintoi,rebeccaSTOI,135,False
174243,Article,ArunDev1,KeithBradsher,40,False
174292,Article,ArunDev1,AlokKNMishra,43,False
174272,Article,ArunDev1,fmanjoo,27,True
174208,Article,ArunDev1,NewtonSTOI,38,False
174229,Article,ArunDev1,ramarkosg,15,True
174223,Article,ArunDev1,NYTimesCohen,22,True
174322,Article,ArunDev1,nauzerbTOI,13,True
174306,Article,ArunDev1,MaggieAstor,27,True
174274,Article,ArunDev1,FlitterOnFraud,41,False
174230,Article,ArunDev1,ajaykanth7,13,True
174366,Article,ArunDev1,toi_dhananjayM,88,False
174300,Article,ArunDev1,shafaquealamTOI,14,True
174330,Article,ArunDev1,smita_mishra,25,True
174248,Article,ArunDev1,AnushkaAsthana,110,False
174303,Article,ArunDev1,saumyajitbTOI,26,True
174400,Tweet,ArunDev1,Markbeaumontuk,149,False
174415,Tweet,ArunDev1,sudeshnagTOI,34,False
174392,Tweet,ArunDev1,AlysFowler,13,True
174396,Tweet,ArunDev1,vijayVsinghTOI,13,True
174461,Tweet,ArunDev1,jatinder_tur,54,False
174441,Tweet,ArunDev1,andrew_mueller,157,False
174381,Tweet,ArunDev1,carolecadwalla,184,False
174445,Tweet,ArunDev1,kush_junglee,174,False
174464,Tweet,ArunDev1,PatrickKingsley,40,False
174462,Tweet,ArunDev1,SyedAkbarTOI,68,False
174375,Tweet,ArunDev1,timatkin,30,True
174454,Tweet,ArunDev1,SyedAkbarTOI,20,True
174457,Tweet,ArunDev1,leninology,338,False
174378,Tweet,ArunDev1,alexbellos,42,False
174393,Tweet,ArunDev1,Banjotkaur,6,True
187260,Article,itsshibuthomas,parthshastriTOI,22,True
187070,Article,itsshibuthomas,parthshastriTOI,23,True
187151,Article,itsshibuthomas,NewtonSTOI,31,True
187198,Article,itsshibuthomas,Crime_Selvaraj,36,False
187194,Article,itsshibuthomas,HemantaTOI,27,True
187218,Article,itsshibuthomas,jameskanter,23,True
187149,Article,itsshibuthomas,KTVinobhaTOI,22,True
187173,Article,itsshibuthomas,bencasselman,15,True
187062,Article,itsshibuthomas,_nicolaclark,22,True
187249,Article,itsshibuthomas,LFFriedman,28,True
187219,Article,itsshibuthomas,jameskanter,18,True
187042,Article,itsshibuthomas,GeorgeMonbiot,6,True
187199,Article,itsshibuthomas,FlitterOnFraud,26,True
187056,Article,itsshibuthomas,niyatiparikhTOI,28,True
187183,Article,itsshibuthomas,andrewrsorkin,19,True
187309,Tweet,itsshibuthomas,FelicityCloake,163,False
187342,Tweet,itsshibuthomas,MarcusMergulhao,69,False
187293,Tweet,itsshibuthomas,bglendenning,130,False
187312,Tweet,itsshibuthomas,CarolineLucas,131,False
187353,Tweet,itsshibuthomas,psangeetha2112,223,False
187364,Tweet,itsshibuthomas,AnujaJaiswalTOI,152,False
187331,Tweet,itsshibuthomas,CarolineLucas,152,False
187291,Tweet,itsshibuthomas,rachlharris,278,False
187306,Tweet,itsshibuthomas,priyagupta999,219,False
187334,Tweet,itsshibuthomas,alexvtunzelmann,6,True
187348,Tweet,itsshibuthomas,greenslader,153,False
187302,Tweet,itsshibuthomas,PeterTatchell,50,False
187330,Tweet,itsshibuthomas,FranklinBlog,137,False
187318,Tweet,itsshibuthomas,ChaitanyadTOI,100,False
187347,Tweet,itsshibuthomas,PeterTatchell,80,False
212652,Article,smita_mishra,DerekMalcolm123,20,True
212672,Article,smita_mishra,DerekMalcolm123,10,True
212645,Article,smita_mishra,DerekMalcolm123,10,True
212742,Article,smita_mishra,sio_burke,140,False
212722,Article,smita_mishra,ThevarSteffy,12,True
212669,Article,smita_mishra,timatkin,67,False
212726,Article,smita_mishra,ThevarSteffy,13,True
212746,Article,smita_mishra,DerekMalcolm123,10,True
212762,Article,smita_mishra,vaibhavgTOI,25,True
212735,Article,smita_mishra,andrewrsorkin,19,True
212702,Article,smita_mishra,AlysFowler,31,True
212667,Article,smita_mishra,ianrausten,35,False
212649,Article,smita_mishra,KSchulten,17,True
212745,Article,smita_mishra,steve_hewlett,17,True
212767,Article,smita_mishra,ASoloski,21,True
212798,Tweet,smita_mishra,neelam_raaj,5,True
212856,Tweet,smita_mishra,ollywainwright,39,False
212829,Tweet,smita_mishra,kush_junglee,70,False
212853,Tweet,smita_mishra,pradeepjourno,23,True
212780,Tweet,smita_mishra,SyedAkbarTOI,27,True
212825,Tweet,smita_mishra,binays1960,23,True
212840,Tweet,smita_mishra,abantika77,191,False
212814,Tweet,smita_mishra,binays1960,32,True
212833,Tweet,smita_mishra,nmcintosh,272,False
212836,Tweet,smita_mishra,ollywainwright,55,False
212830,Tweet,smita_mishra,Mahafreed_Irani,178,False
212775,Tweet,smita_mishra,UttaraVarmaTOI,24,True
212771,Tweet,smita_mishra,akhileshsTOI,172,False
212792,Tweet,smita_mishra,toi_rohanA,29,True
212778,Tweet,smita_mishra,rjadHinduBL,20,True
215875,Article,SyedAkbarTOI,DouthatNYT,20,True
215914,Article,SyedAkbarTOI,dkarthikTOI,71,False
215868,Article,SyedAkbarTOI,PhanindraP_TNIE,16,True
215719,Article,SyedAkbarTOI,CeylanWrites,56,False
215733,Article,SyedAkbarTOI,davidhepworth,29,True
215877,Article,SyedAkbarTOI,durgeshjhaTOI,126,False
215713,Article,SyedAkbarTOI,andrewrsorkin,31,True
215828,Article,SyedAkbarTOI,RoniNYTimes,51,False
215863,Article,SyedAkbarTOI,DSlotnik,27,True
215917,Article,SyedAkbarTOI,Pratiks_TOI,23,True
215787,Article,SyedAkbarTOI,EVincentelli,25,True
215880,Article,SyedAkbarTOI,sisario,24,True
215756,Article,SyedAkbarTOI,sandhyanairTOI,79,False
215808,Article,SyedAkbarTOI,bindiyachariTOI,78,False
215710,Article,SyedAkbarTOI,RosySequeiraTOI,253,False
215931,Tweet,SyedAkbarTOI,debaratisen,36,False
215956,Tweet,SyedAkbarTOI,wesley_morris,49,False
215996,Tweet,SyedAkbarTOI,DerekMalcolm123,25,True
215998,Tweet,SyedAkbarTOI,stevenpoole,8,True
215991,Tweet,SyedAkbarTOI,MonaChalabi,23,True
215975,Tweet,SyedAkbarTOI,nauzerbTOI,11,True
215919,Tweet,SyedAkbarTOI,MarcusMergulhao,44,False
215954,Tweet,SyedAkbarTOI,parul_sehgal,90,False
215928,Tweet,SyedAkbarTOI,AraniBasuTOI,30,True
215999,Tweet,SyedAkbarTOI,marthakelner,150,False
216004,Tweet,SyedAkbarTOI,smita_mishra,31,True
216007,Tweet,SyedAkbarTOI,vaibhavgTOI,42,False
215962,Tweet,SyedAkbarTOI,meeravohraTOI,76,False
215993,Tweet,SyedAkbarTOI,PerriKlass,53,False
216009,Tweet,SyedAkbarTOI,HemantaTOI,121,False
157153,Article,timlottwriter,salihughes,14,True
157183,Article,timlottwriter,sendvictorious,18,True
157149,Article,timlottwriter,KSchulten,32,True
157267,Article,timlottwriter,sendvictorious,29,True
157198,Article,timlottwriter,nmcintosh,23,True
157166,Article,timlottwriter,ginakolata,26,True
157201,Article,timlottwriter,SearleAdrian,29,True
157328,Article,timlottwriter,SearleAdrian,27,True
157382,Article,timlottwriter,williamkeegan,20,True
157361,Article,timlottwriter,hannahdev,8,True
157315,Article,timlottwriter,DekaJayanta,24,True
157268,Article,timlottwriter,tomdyckhoff,21,True
157138,Article,timlottwriter,williamkeegan,17,True
157323,Article,timlottwriter,hannahdev,23,True
157180,Article,timlottwriter,thestephmerritt,21,True
157650,Tweet,timlottwriter,axrenton,32,True
157936,Tweet,timlottwriter,nauzerbTOI,28,True
157833,Tweet,timlottwriter,timatkin,14,True
157518,Tweet,timlottwriter,stevenpoole,25,True
157919,Tweet,timlottwriter,RorySmith,19,True
157916,Tweet,timlottwriter,FabrizioRomano,30,True
157428,Tweet,timlottwriter,priyagupta999,123,False
157909,Tweet,timlottwriter,stevenpoole,7,True
157558,Tweet,timlottwriter,TanyaGold1,9,True
157602,Tweet,timlottwriter,alexbellos,20,True
157710,Tweet,timlottwriter,sunny_hundal,31,True
157465,Tweet,timlottwriter,axrenton,33,False
157823,Tweet,timlottwriter,PeterTatchell,24,True
157633,Tweet,timlottwriter,sermoninstone,12,True
157774,Tweet,timlottwriter,alanconnor,26,True
85731,Article,ewenmacaskill,DeccaJourno,55,False
85732,Article,ewenmacaskill,msmirandasawyer,60,False
85670,Article,ewenmacaskill,CarolineLucas,16,True
85789,Article,ewenmacaskill,sarfrazmanzoor,28,True
85628,Article,ewenmacaskill,SidharthB25,55,False
85727,Article,ewenmacaskill,KateEMcCann,22,True
85671,Article,ewenmacaskill,AnushkaAsthana,24,True
85798,Article,ewenmacaskill,timjonze,97,False
85625,Article,ewenmacaskill,gabyhinsliff,3,True
85665,Article,ewenmacaskill,anandbodhTOI,29,True
85707,Article,ewenmacaskill,KateEMcCann,25,True
85663,Article,ewenmacaskill,AnushkaAsthana,13,True
85782,Article,ewenmacaskill,shattenstone,27,True
85807,Article,ewenmacaskill,GeorgeMonbiot,22,True
85718,Article,ewenmacaskill,AnushkaAsthana,25,True
86333,Tweet,ewenmacaskill,MarcusMergulhao,30,True
86091,Tweet,ewenmacaskill,CarolineLucas,32,True
86148,Tweet,ewenmacaskill,NilsPratley,30,True
85908,Tweet,ewenmacaskill,KomalGautham,49,False
86266,Tweet,ewenmacaskill,naomi2009,26,True
86121,Tweet,ewenmacaskill,yeshikabudhwar,44,False
86278,Tweet,ewenmacaskill,greenslader,39,False
86053,Tweet,ewenmacaskill,GRajivTOI,13,True
86174,Tweet,ewenmacaskill,billicritic,22,True
85990,Tweet,ewenmacaskill,naomi2009,32,True
85929,Tweet,ewenmacaskill,leninology,21,True
86007,Tweet,ewenmacaskill,PeterTatchell,250,False
86363,Tweet,ewenmacaskill,vijaypTOI,43,False
86376,Tweet,ewenmacaskill,paulkrugman,445,False
86384,Tweet,ewenmacaskill,timatkin,38,False
84812,Article,ameliagentleman,KateEMcCann,25,True
84957,Article,ameliagentleman,hugolowell,81,False
84995,Article,ameliagentleman,jamesrbuk,18,True
84987,Article,ameliagentleman,lucywardsings,17,True
84834,Article,ameliagentleman,MarinaOLoughlin,8,True
84903,Article,ameliagentleman,jbouie,488,False
84786,Article,ameliagentleman,KateEMcCann,16,True
84908,Article,ameliagentleman,hugolowell,36,False
84875,Article,ameliagentleman,maevesther,19,True
84993,Article,ameliagentleman,NikiKitsantonis,27,True
84752,Article,ameliagentleman,GeorgeMonbiot,135,False
84792,Article,ameliagentleman,ditzkoff,106,False
84886,Article,ameliagentleman,Freedland,214,False
84971,Article,ameliagentleman,gabyhinsliff,25,True
84782,Article,ameliagentleman,jennydeluxe,62,False
85586,Tweet,ameliagentleman,jackschofield,31,True
85047,Tweet,ameliagentleman,maevesther,56,False
85144,Tweet,ameliagentleman,FranklinBlog,42,False
85034,Tweet,ameliagentleman,jonathanwatts,20,True
85117,Tweet,ameliagentleman,SearleAdrian,126,False
85091,Tweet,ameliagentleman,Arv_Ind_Chauhan,270,False
85008,Tweet,ameliagentleman,NesrineMalik,217,False
85367,Tweet,ameliagentleman,jonathanwatts,22,True
85389,Tweet,ameliagentleman,anandbodhTOI,30,True
85018,Tweet,ameliagentleman,jonathanwatts,31,True
85183,Tweet,ameliagentleman,philipoltermann,268,False
85119,Tweet,ameliagentleman,aditya_bh16,191,False
85413,Tweet,ameliagentleman,sarfrazmanzoor,32,True
85600,Tweet,ameliagentleman,adwaidh,188,False
85369,Tweet,ameliagentleman,bglendenning,236,False
206253,Article,rhymetraveller,toi_dhananjayM,8,True
206399,Article,rhymetraveller,murarishetye,62,False
206367,Article,rhymetraveller,digbijaymishra1,16,True
206227,Article,rhymetraveller,Crime_Selvaraj,8,True
206398,Article,rhymetraveller,andrewrsorkin,71,False
206372,Article,rhymetraveller,ericschmittnyt,82,False
206174,Article,rhymetraveller,AlokKNMishra,25,True
206343,Article,rhymetraveller,yeshikabudhwar,5,True
206302,Article,rhymetraveller,kush_junglee,5,True
206319,Article,rhymetraveller,HemantaTOI,11,True
206303,Article,rhymetraveller,dipakdashTOI,20,True
206205,Article,rhymetraveller,jameskanter,35,False
206298,Article,rhymetraveller,jotted,85,False
206273,Article,rhymetraveller,rajendrasTOI,37,False
206217,Article,rhymetraveller,helenecooper,363,False
206461,Tweet,rhymetraveller,shafaquealamTOI,27,True
206463,Tweet,rhymetraveller,mateenHTOI,17,True
206439,Tweet,rhymetraveller,richardwolffedc,216,False
206408,Tweet,rhymetraveller,Mahafreed_Irani,20,True
206455,Tweet,rhymetraveller,priyagupta999,2,True
206437,Tweet,rhymetraveller,ajaysuraTOI,85,False
206429,Tweet,rhymetraveller,ajaysuraTOI,109,False
206424,Tweet,rhymetraveller,ajaysuraTOI,25,True
206446,Tweet,rhymetraveller,ajaysuraTOI,72,False
206454,Tweet,rhymetraveller,jonathanwatts,8,True
206430,Tweet,rhymetraveller,timatkin,7,True
206427,Tweet,rhymetraveller,binays1960,34,False
206415,Tweet,rhymetraveller,vijaysinghTOI,10,True
206452,Tweet,rhymetraveller,vaibhavgTOI,23,True
206447,Tweet,rhymetraveller,kenanmalik,2,True
196523,Article,naomi2009,nauzerbTOI,14,True
196424,Article,naomi2009,PatrickKingsley,25,True
196536,Article,naomi2009,rajendrasTOI,4,True
196495,Article,naomi2009,maevesther,115,False
196409,Article,naomi2009,jameskanter,29,True
196585,Article,naomi2009,patrickwintour,22,True
196566,Article,naomi2009,smita_mishra,47,False
196428,Article,naomi2009,lindasgrant,11,True
196516,Article,naomi2009,ajaykanth7,13,True
196485,Article,naomi2009,AshokPradhanTOI,7,True
196418,Article,naomi2009,PatrickKingsley,21,True
196478,Article,naomi2009,SribaalaVTOI,30,True
196504,Article,naomi2009,nauzerbTOI,27,True
196451,Article,naomi2009,patrickwintour,11,True
196519,Article,naomi2009,jameskanter,6,True
196668,Tweet,naomi2009,abantika77,12,True
196629,Tweet,naomi2009,sendvictorious,40,False
196640,Tweet,naomi2009,advityabahlTOI,238,False
196707,Tweet,naomi2009,rjadHinduBL,28,True
196654,Tweet,naomi2009,stevenpoole,54,False
196642,Tweet,naomi2009,seaningle,74,False
196659,Tweet,naomi2009,Chethan_Dash,45,False
196645,Tweet,naomi2009,alexbellos,176,False
196702,Tweet,naomi2009,007pandey,25,True
196713,Tweet,naomi2009,anandbodhTOI,10,True
196647,Tweet,naomi2009,pradeeptTOI,27,True
196716,Tweet,naomi2009,declanwalsh,108,False
196655,Tweet,naomi2009,murarishetye,119,False
196694,Tweet,naomi2009,CarolineLucas,103,False
196699,Tweet,naomi2009,kush_junglee,152,False
12873,Article,marcatracy,el_belson,14,True
12886,Article,marcatracy,SharonLNYT,17,True
12808,Article,marcatracy,peterbakernyt,43,False
12841,Article,marcatracy,peterbakernyt,48,False
12876,Article,marcatracy,bagishjhaTOI,13,True
12882,Article,marcatracy,tripgabriel,32,True
12837,Article,marcatracy,tariqpanja,19,True
12845,Article,marcatracy,LizAldermanNYT,287,False
12843,Article,marcatracy,bylizrobbins,25,True
12866,Article,marcatracy,bykaren,28,True
12803,Article,marcatracy,DouthatNYT,19,True
12813,Article,marcatracy,declanwalsh,341,False
12827,Article,marcatracy,adamliptak,2,True
12860,Article,marcatracy,michelleinbklyn,4,True
12890,Article,marcatracy,007pandey,49,False
12932,Tweet,marcatracy,jbouie,33,False
12926,Tweet,marcatracy,priyangiTOI,229,False
12971,Tweet,marcatracy,ShaneGoldmacher,21,True
12960,Tweet,marcatracy,alexvtunzelmann,23,True
12917,Tweet,marcatracy,ggreenwald,41,False
12900,Tweet,marcatracy,samsifton,2,True
12913,Tweet,marcatracy,_nicolaclark,29,True
12919,Tweet,marcatracy,bylizrobbins,8,True
12943,Tweet,marcatracy,hugolowell,22,True
12988,Tweet,marcatracy,bindelj,209,False
12958,Tweet,marcatracy,jillfilipovic,49,False
12964,Tweet,marcatracy,NilsPratley,266,False
12976,Tweet,marcatracy,ByJamesWagner,30,True
12975,Tweet,marcatracy,parul_sehgal,150,False
12905,Tweet,marcatracy,SocialQPhilip,10,True
22468,Article,jonpareles,joecoscarelli,16,True
22454,Article,jonpareles,joecoscarelli,16,True
22428,Article,jonpareles,DanBilefsky,164,False
22452,Article,jonpareles,NYTimesCohen,133,False
22416,Article,jonpareles,joncaramanica,3,True
22460,Article,jonpareles,joecoscarelli,16,True
22497,Article,jonpareles,joecoscarelli,16,True
22438,Article,jonpareles,joecoscarelli,15,True
22455,Article,jonpareles,dwightgarner,6,True
22495,Article,jonpareles,joncaramanica,2,True
22457,Article,jonpareles,NYTimesCohen,12,True
22448,Article,jonpareles,kbennhold,85,False
22478,Article,jonpareles,joecoscarelli,15,True
22418,Article,jonpareles,ggreenwald,272,False
22422,Article,jonpareles,AmritadTOI,343,False
22544,Tweet,jonpareles,lucysiegle,29,True
22577,Tweet,jonpareles,MoharBasu,24,True
22585,Tweet,jonpareles,aleksk,21,True
22578,Tweet,jonpareles,SwatiShindeTOI,32,True
22515,Tweet,jonpareles,hannahdev,181,False
22564,Tweet,jonpareles,jackschofield,29,True
22589,Tweet,jonpareles,MonaChalabi,26,True
22580,Tweet,jonpareles,Rupalijee,141,False
22529,Tweet,jonpareles,payaldhawanTOI,290,False
22569,Tweet,jonpareles,MoharBasu,21,True
22543,Tweet,jonpareles,oliverburkeman,22,True
22537,Tweet,jonpareles,timatkin,146,False
22550,Tweet,jonpareles,carolecadwalla,79,False
22586,Tweet,jonpareles,sermoninstone,27,True
22522,Tweet,jonpareles,MonaChalabi,42,False
108714,Article,seaningle,RorySmith,29,True
108835,Article,seaningle,archiebland,71,False
108844,Article,seaningle,anemonanyc,31,True
108640,Article,seaningle,maevesther,30,True
108778,Article,seaningle,GiniaNYT,9,True
108834,Article,seaningle,SearleAdrian,197,False
108703,Article,seaningle,KateEMcCann,6,True
108747,Article,seaningle,gabyhinsliff,31,True
108625,Article,seaningle,KateEMcCann,22,True
108762,Article,seaningle,DerekMalcolm123,9,True
108861,Article,seaningle,archiebland,42,False
108629,Article,seaningle,gabyhinsliff,19,True
108737,Article,seaningle,CarolineLucas,38,False
108641,Article,seaningle,KateEMcCann,24,True
108783,Article,seaningle,OwenJones84,11,True
108929,Tweet,seaningle,AjayUgrasTOI,106,False
109270,Tweet,seaningle,saumyajitbTOI,7,True
109167,Tweet,seaningle,andybrassell,93,False
108975,Tweet,seaningle,TridibIANS,8,True
109103,Tweet,seaningle,andybrassell,43,False
109093,Tweet,seaningle,jfordham_jazz,104,False
109205,Tweet,seaningle,SearleAdrian,40,False
109269,Tweet,seaningle,HinaRohtaki,99,False
109332,Tweet,seaningle,TimdeLisle,269,False
109083,Tweet,seaningle,RorySmith,7,True
109174,Tweet,seaningle,adwaidh,32,True
109163,Tweet,seaningle,toi_shailendraA,5,True
109281,Tweet,seaningle,parul_sehgal,2,True
109422,Tweet,seaningle,greenslader,30,True
109156,Tweet,seaningle,TanyaGold1,6,True
74210,Article,DerekMalcolm123,nmcintosh,24,True
74157,Article,DerekMalcolm123,ianrausten,30,True
74049,Article,DerekMalcolm123,wesley_morris,31,True
74138,Article,DerekMalcolm123,EVincentelli,30,True
74240,Article,DerekMalcolm123,benkenigsberg,25,True
74239,Article,DerekMalcolm123,sarahlyall,30,True
73999,Article,DerekMalcolm123,williamkeegan,30,True
74163,Article,DerekMalcolm123,benkenigsberg,20,True
74161,Article,DerekMalcolm123,EVincentelli,14,True
74125,Article,DerekMalcolm123,lindasgrant,31,True
74103,Article,DerekMalcolm123,jayrayner1,6,True
74192,Article,DerekMalcolm123,EVincentelli,24,True
74137,Article,DerekMalcolm123,nmcintosh,18,True
74076,Article,DerekMalcolm123,lindasgrant,25,True
74078,Article,DerekMalcolm123,kbennhold,32,True
74430,Tweet,DerekMalcolm123,salihughes,50,False
74435,Tweet,DerekMalcolm123,Shreyanka_M,19,True
74566,Tweet,DerekMalcolm123,jhoffman,4,True
74373,Tweet,DerekMalcolm123,jhoffman,2,True
74472,Tweet,DerekMalcolm123,toi_shailendraA,26,True
74286,Tweet,DerekMalcolm123,bindelj,30,True
74354,Tweet,DerekMalcolm123,shiba_kurian,301,False
74426,Tweet,DerekMalcolm123,LeoHickman,24,True
74532,Tweet,DerekMalcolm123,alanconnor,20,True
74429,Tweet,DerekMalcolm123,peterbradshaw1,58,False
74560,Tweet,DerekMalcolm123,RebeccaSeal,32,True
74371,Tweet,DerekMalcolm123,jhoffman,7,True
74273,Tweet,DerekMalcolm123,alanconnor,21,True
74340,Tweet,DerekMalcolm123,we_are_food,184,False
74346,Tweet,DerekMalcolm123,andrew_mueller,11,True
128505,Article,RBReich,ianrausten,29,True
128584,Article,RBReich,DouthatNYT,22,True
128508,Article,RBReich,pete_wells,31,True
128660,Article,RBReich,DouthatNYT,31,True
128639,Article,RBReich,fmanjoo,31,True
128657,Article,RBReich,andrewrsorkin,29,True
128674,Article,RBReich,michelleinbklyn,31,True
128570,Article,RBReich,jimtankersley,15,True
128670,Article,RBReich,michelleinbklyn,32,True
128564,Article,RBReich,bencasselman,30,True
128510,Article,RBReich,michelleinbklyn,32,True
128558,Article,RBReich,michelleinbklyn,25,True
128554,Article,RBReich,livia_ar,29,True
128561,Article,RBReich,michelleinbklyn,29,True
128719,Article,RBReich,andrewrsorkin,30,True
129193,Tweet,RBReich,PatrickKingsley,234,False
128861,Tweet,RBReich,SocialQPhilip,188,False
128758,Tweet,RBReich,RorySmith,25,True
129137,Tweet,RBReich,andrewrsorkin,5,True
128887,Tweet,RBReich,pete_wells,5,True
129039,Tweet,RBReich,pete_wells,8,True
129302,Tweet,RBReich,charlie_savage,139,False
129110,Tweet,RBReich,ggreenwald,59,False
129144,Tweet,RBReich,pete_wells,4,True
128897,Tweet,RBReich,chrishughes,14,True
128970,Tweet,RBReich,philipoltermann,8,True
129090,Tweet,RBReich,hugolowell,3,True
129135,Tweet,RBReich,mateenHTOI,341,False
129277,Tweet,RBReich,RowanMoore,63,False
129280,Tweet,RBReich,pete_wells,9,True
181647,Article,divyapal2013,priyagupta999,7,True
181634,Article,divyapal2013,DerekMalcolm123,14,True
181790,Article,divyapal2013,MarcusMergulhao,8,True
181796,Article,divyapal2013,john_hooper,53,False
181812,Article,divyapal2013,steve_hewlett,7,True
181813,Article,divyapal2013,AshokPradhanTOI,38,False
181643,Article,divyapal2013,SagrikaKissu,13,True
181734,Article,divyapal2013,ASoloski,21,True
181625,Article,divyapal2013,msmirandasawyer,276,False
181630,Article,divyapal2013,lucysiegle,16,True
181853,Article,divyapal2013,pradeeptTOI,82,False
181797,Article,divyapal2013,ipsinghTOI,16,True
181755,Article,divyapal2013,NilsPratley,5,True
181638,Article,divyapal2013,SocialQPhilip,26,True
181750,Article,divyapal2013,journo_vibha,26,True
181951,Tweet,divyapal2013,somitsenTOI,4,True
181876,Tweet,divyapal2013,archiebland,232,False
181904,Tweet,divyapal2013,PNaveenTOI,247,False
181967,Tweet,divyapal2013,SwatiShindeTOI,6,True
181902,Tweet,divyapal2013,yusrahusain,32,True
181932,Tweet,divyapal2013,ukigoni,167,False
181953,Tweet,divyapal2013,archiebland,155,False
181952,Tweet,divyapal2013,debaratisen,18,True
181962,Tweet,divyapal2013,ManjuVTOI,10,True
181961,Tweet,divyapal2013,SwatiShindeTOI,7,True
181938,Tweet,divyapal2013,rachshabi,70,False
181926,Tweet,divyapal2013,hadleyfreeman,194,False
181935,Tweet,divyapal2013,LauraCummingArt,87,False
181924,Tweet,divyapal2013,LucyMangan,18,True
181905,Tweet,divyapal2013,NewtonSTOI,216,False
202346,Article,pradeeptTOI,parthasinha,6,True
202336,Article,pradeeptTOI,anandbodhTOI,18,True
202294,Article,pradeeptTOI,andrewrsorkin,23,True
202310,Article,pradeeptTOI,jameskanter,54,False
202300,Article,pradeeptTOI,pradeeptTOI,1,True
202511,Article,pradeeptTOI,williamnhutton,12,True
202355,Article,pradeeptTOI,jameskanter,14,True
202478,Article,pradeeptTOI,rashmidTOI,7,True
202484,Article,pradeeptTOI,jameskanter,10,True
202488,Article,pradeeptTOI,jameskanter,21,True
202291,Article,pradeeptTOI,rajendrasTOI,11,True
202288,Article,pradeeptTOI,jameskanter,18,True
202367,Article,pradeeptTOI,SidharthB25,16,True
202293,Article,pradeeptTOI,rajendrasTOI,14,True
202459,Article,pradeeptTOI,naomi2009,23,True
202548,Tweet,pradeeptTOI,ShrinivasaMTOI,85,False
202585,Tweet,pradeeptTOI,palaknandiTOI,40,False
202587,Tweet,pradeeptTOI,TridibIANS,70,False
202574,Tweet,pradeeptTOI,rjadHinduBL,23,True
202625,Tweet,pradeeptTOI,ipsinghTOI,31,True
202527,Tweet,pradeeptTOI,murarishetye,44,False
202580,Tweet,pradeeptTOI,rajatpTOI,17,True
202531,Tweet,pradeeptTOI,manvirsainiTOI,27,True
202608,Tweet,pradeeptTOI,SiwachSukhbir,92,False
202571,Tweet,pradeeptTOI,maheshbTOI,24,True
202594,Tweet,pradeeptTOI,parthshastriTOI,12,True
202526,Tweet,pradeeptTOI,PjJoychen,38,False
202583,Tweet,pradeeptTOI,AditiZero,28,True
202623,Tweet,pradeeptTOI,omjasvinTOI,12,True
202591,Tweet,pradeeptTOI,amitanandTOI,22,True
83082,Article,DawnHFoster,RowanMoore,6,True
83261,Article,DawnHFoster,jimwaterson,6,True
83064,Article,DawnHFoster,jimwaterson,10,True
83228,Article,DawnHFoster,GeorgeMonbiot,22,True
83247,Article,DawnHFoster,jimwaterson,9,True
83206,Article,DawnHFoster,RowanMoore,31,True
83144,Article,DawnHFoster,declanwalsh,14,True
83236,Article,DawnHFoster,charltonbrooker,45,False
83193,Article,DawnHFoster,LucyMangan,7,True
83168,Article,DawnHFoster,IAmTimDowling,29,True
83229,Article,DawnHFoster,stevenpoole,2,True
83263,Article,DawnHFoster,MoharBasu,30,True
83287,Article,DawnHFoster,markriceoxley69,29,True
83067,Article,DawnHFoster,RowanMoore,16,True
83171,Article,DawnHFoster,hannahdev,21,True
83411,Tweet,DawnHFoster,ollywainwright,89,False
83749,Tweet,DawnHFoster,CarolineLucas,4,True
83342,Tweet,DawnHFoster,bindelj,21,True
83684,Tweet,DawnHFoster,jhoffman,179,False
83457,Tweet,DawnHFoster,VivianHo,81,False
83581,Tweet,DawnHFoster,bglendenning,259,False
83396,Tweet,DawnHFoster,kiracochrane,3,True
83766,Tweet,DawnHFoster,ollywainwright,95,False
83569,Tweet,DawnHFoster,AlysFowler,408,False
83675,Tweet,DawnHFoster,rachshabi,32,True
83792,Tweet,DawnHFoster,MoharBasu,46,False
83677,Tweet,DawnHFoster,lyngardner,211,False
83404,Tweet,DawnHFoster,Bencjacobs,164,False
83872,Tweet,DawnHFoster,OLIVERBALCH,98,False
83510,Tweet,DawnHFoster,JoshuaRozenberg,24,True
211943,Article,SindhukTOI,farnazfassihi,21,True
211982,Article,SindhukTOI,KateEMcCann,14,True
212168,Article,SindhukTOI,ewenmacaskill,14,True
212165,Article,SindhukTOI,AndrewSparrow,11,True
211967,Article,SindhukTOI,john_hooper,46,False
211955,Article,SindhukTOI,ChuBailiang,31,True
212002,Article,SindhukTOI,PhanindraP_TNIE,29,True
211950,Article,SindhukTOI,Crime_Selvaraj,14,True
212048,Article,SindhukTOI,WilbyPeter,24,True
211993,Article,SindhukTOI,gettleman,27,True
212151,Article,SindhukTOI,AditiZero,21,True
211939,Article,SindhukTOI,yazhiniyanTOI,30,True
211974,Article,SindhukTOI,AmritadTOI,5,True
212137,Article,SindhukTOI,GRajivTOI,13,True
212153,Article,SindhukTOI,MohitaTOI,16,True
212227,Tweet,SindhukTOI,kush_junglee,29,True
212186,Tweet,SindhukTOI,FranklinBlog,29,True
212277,Tweet,SindhukTOI,AnujaJaiswalTOI,13,True
212282,Tweet,SindhukTOI,AnujaJaiswalTOI,31,True
212238,Tweet,SindhukTOI,dklavaniaTOI,32,True
212260,Tweet,SindhukTOI,AnujaJaiswalTOI,8,True
212192,Tweet,SindhukTOI,kumaraswamykTOI,49,False
212274,Tweet,SindhukTOI,jayamenon64,14,True
212230,Tweet,SindhukTOI,mswainwright,13,True
212199,Tweet,SindhukTOI,parthshastriTOI,14,True
212254,Tweet,SindhukTOI,abantika77,28,True
212268,Tweet,SindhukTOI,PhanindraP_TNIE,5,True
212232,Tweet,SindhukTOI,vijaysinghTOI,29,True
212267,Tweet,SindhukTOI,AnujaJaiswalTOI,12,True
212269,Tweet,SindhukTOI,niyatiparikhTOI,50,False
8403,Article,GlennThrush,SangerNYT,9,True
8433,Article,GlennThrush,sangerkatz,42,False
8479,Article,GlennThrush,RBReich,59,False
8495,Article,GlennThrush,NYTBen,14,True
8431,Article,GlennThrush,Bencjacobs,7,True
8494,Article,GlennThrush,michaelcrowley,57,False
8420,Article,GlennThrush,marywalshjourno,3,True
8421,Article,GlennThrush,FlitterOnFraud,46,False
8406,Article,GlennThrush,kannoyoungs,23,True
8409,Article,GlennThrush,bencasselman,29,True
8457,Article,GlennThrush,noamscheiber,34,False
8440,Article,GlennThrush,adamliptak,8,True
8466,Article,GlennThrush,hugolowell,15,True
8414,Article,GlennThrush,michelleinbklyn,6,True
8408,Article,GlennThrush,NeilMacFarquhar,40,False
8520,Tweet,GlennThrush,parul_sehgal,100,False
8577,Tweet,GlennThrush,007pandey,21,True
8558,Tweet,GlennThrush,SribaalaVTOI,11,True
8523,Tweet,GlennThrush,alanfeuer,20,True
8502,Tweet,GlennThrush,AshokPradhanTOI,33,False
8530,Tweet,GlennThrush,richardwolffedc,3,True
8553,Tweet,GlennThrush,bylizrobbins,4,True
8540,Tweet,GlennThrush,mtomasky,33,False
8501,Tweet,GlennThrush,jennyschuessler,103,False
8528,Tweet,GlennThrush,jmart,97,False
8517,Tweet,GlennThrush,smbahr14,122,False
8548,Tweet,GlennThrush,Mahafreed_Irani,275,False
8554,Tweet,GlennThrush,Bencjacobs,3,True
8582,Tweet,GlennThrush,reidepstein,9,True
8534,Tweet,GlennThrush,Bencjacobs,6,True
169888,Article,adwaidh,GovindKMaadTOI,21,True
169887,Article,adwaidh,PippaCrerar,11,True
169857,Article,adwaidh,ManjuVTOI,18,True
169870,Article,adwaidh,bglendenning,30,True
169880,Article,adwaidh,KateEMcCann,20,True
169894,Article,adwaidh,andrewrawnsley,27,True
169858,Article,adwaidh,AshokPradhanTOI,73,False
169913,Article,adwaidh,RorySmith,25,True
169849,Article,adwaidh,andrewrawnsley,14,True
169886,Article,adwaidh,naomi2009,32,True
169877,Article,adwaidh,Banjotkaur,27,True
169911,Article,adwaidh,naomi2009,26,True
169908,Article,adwaidh,EVincentelli,231,False
169906,Article,adwaidh,TOISH31,27,True
169891,Article,adwaidh,jonronson,31,True
169990,Tweet,adwaidh,RBReich,238,False
169936,Tweet,adwaidh,TOISH31,4,True
169917,Tweet,adwaidh,LauraCummingArt,4,True
169980,Tweet,adwaidh,TimdeLisle,4,True
169930,Tweet,adwaidh,adwaidh,1,True
169973,Tweet,adwaidh,SyedAkbarTOI,3,True
169923,Tweet,adwaidh,LauraCummingArt,9,True
169928,Tweet,adwaidh,ameliagentleman,5,True
169985,Tweet,adwaidh,umamahesh_ToI,9,True
169961,Tweet,adwaidh,Freedland,2,True
169927,Tweet,adwaidh,archiebland,28,True
169977,Tweet,adwaidh,TOISH31,30,True
169924,Tweet,adwaidh,adwaidh,1,True
169984,Tweet,adwaidh,TOISH31,2,True
169922,Tweet,adwaidh,LauraCummingArt,9,True
193379,Article,meeravohraTOI,Pratiks_TOI,25,True
193532,Article,meeravohraTOI,HemantaTOI,70,False
193456,Article,meeravohraTOI,ronojoy_sen,32,True
193477,Article,meeravohraTOI,TOISH31,24,True
193495,Article,meeravohraTOI,Pratiks_TOI,19,True
193426,Article,meeravohraTOI,ramarkosg,10,True
193547,Article,meeravohraTOI,lisamonteiroTOI,102,False
193418,Article,meeravohraTOI,NilsPratley,201,False
193347,Article,meeravohraTOI,bindiyachariTOI,12,True
193316,Article,meeravohraTOI,saumyajitbTOI,16,True
193422,Article,meeravohraTOI,AmritadTOI,139,False
193375,Article,meeravohraTOI,debaratisen,6,True
193326,Article,meeravohraTOI,jennydeluxe,22,True
193339,Article,meeravohraTOI,PerriKlass,101,False
193515,Article,meeravohraTOI,sandhyanairTOI,115,False
193620,Tweet,meeravohraTOI,priyagupta999,25,True
193576,Tweet,meeravohraTOI,lucysiegle,19,True
193615,Tweet,meeravohraTOI,dubeyavishek,12,True
193585,Tweet,meeravohraTOI,mswainwright,16,True
193592,Tweet,meeravohraTOI,PeterTatchell,195,False
193562,Tweet,meeravohraTOI,LauraCummingArt,34,False
193640,Tweet,meeravohraTOI,ChaitanyadTOI,3,True
193557,Tweet,meeravohraTOI,neelam_raaj,30,True
193623,Tweet,meeravohraTOI,Mahafreed_Irani,113,False
193644,Tweet,meeravohraTOI,asrpmukeshTOI,25,True
193556,Tweet,meeravohraTOI,afuahirsch,7,True
193561,Tweet,meeravohraTOI,ShrinivasaMTOI,44,False
193584,Tweet,meeravohraTOI,mohuadazz,38,False
193608,Tweet,meeravohraTOI,lukeharding1968,148,False
193634,Tweet,meeravohraTOI,SearleAdrian,126,False
184568,Article,GRajivTOI,ajaykanth7,9,True
184439,Article,GRajivTOI,NilsPratley,18,True
184429,Article,GRajivTOI,jameskanter,46,False
184503,Article,GRajivTOI,jameskanter,21,True
184529,Article,GRajivTOI,Markbeaumontuk,6,True
184406,Article,GRajivTOI,DanBilefsky,188,False
184558,Article,GRajivTOI,KateEMcCann,23,True
184387,Article,GRajivTOI,jameskanter,36,False
184385,Article,GRajivTOI,tomdyckhoff,21,True
184461,Article,GRajivTOI,toi_dhananjayM,19,True
184574,Article,GRajivTOI,NikiKitsantonis,11,True
184505,Article,GRajivTOI,sisario,11,True
184389,Article,GRajivTOI,RowennaDavis,16,True
184554,Article,GRajivTOI,akhileshsTOI,50,False
184368,Article,GRajivTOI,maheshbTOI,17,True
184699,Tweet,GRajivTOI,dkarthikTOI,23,True
184653,Tweet,GRajivTOI,RosySequeiraTOI,29,True
184704,Tweet,GRajivTOI,vijaypTOI,26,True
184633,Tweet,GRajivTOI,AtulMathur_,29,True
184660,Tweet,GRajivTOI,vijaysinghTOI,26,True
184624,Tweet,GRajivTOI,Crime_Selvaraj,28,True
184665,Tweet,GRajivTOI,mateenHTOI,30,True
184613,Tweet,GRajivTOI,ukigoni,119,False
184705,Tweet,GRajivTOI,AjayUgrasTOI,29,True
184607,Tweet,GRajivTOI,vijaypTOI,9,True
184654,Tweet,GRajivTOI,ukigoni,412,False
184628,Tweet,GRajivTOI,vijaysinghTOI,25,True
184701,Tweet,GRajivTOI,vijaypTOI,29,True
184638,Tweet,GRajivTOI,vijaysinghTOI,26,True
184621,Tweet,GRajivTOI,HemantaTOI,21,True
167948,Article,27saurabhsinha,_nicolaclark,22,True
167918,Article,27saurabhsinha,SiwachSukhbir,9,True
167860,Article,27saurabhsinha,andrewrsorkin,19,True
167824,Article,27saurabhsinha,_nicolaclark,19,True
167950,Article,27saurabhsinha,ramendrasTOI,6,True
167966,Article,27saurabhsinha,ShrinivasaMTOI,7,True
167951,Article,27saurabhsinha,ManjuVTOI,10,True
167992,Article,27saurabhsinha,_nicolaclark,6,True
167832,Article,27saurabhsinha,_nicolaclark,12,True
167760,Article,27saurabhsinha,williamnhutton,17,True
167930,Article,27saurabhsinha,jameskanter,14,True
167794,Article,27saurabhsinha,ThevarSteffy,10,True
167755,Article,27saurabhsinha,ESCochrane,16,True
167806,Article,27saurabhsinha,jameskanter,6,True
167988,Article,27saurabhsinha,_nicolaclark,15,True
168017,Tweet,27saurabhsinha,smita_mishra,27,True
168033,Tweet,27saurabhsinha,utejonmayamTOI,79,False
168032,Tweet,27saurabhsinha,priyangiTOI,71,False
168087,Tweet,27saurabhsinha,journo_vibha,14,True
168075,Tweet,27saurabhsinha,vijaysinghTOI,335,False
168012,Tweet,27saurabhsinha,CarolineLucas,430,False
168024,Tweet,27saurabhsinha,rjadHinduBL,91,False
168010,Tweet,27saurabhsinha,aditya_bh16,99,False
168011,Tweet,27saurabhsinha,SiwachSukhbir,53,False
168029,Tweet,27saurabhsinha,rondakaysen,25,True
168018,Tweet,27saurabhsinha,vijaypTOI,158,False
168084,Tweet,27saurabhsinha,ManjuVTOI,23,True
168063,Tweet,27saurabhsinha,aditya_bh16,43,False
168007,Tweet,27saurabhsinha,BhanupratapsTOI,11,True
168094,Tweet,27saurabhsinha,kush_junglee,6,True
91905,Article,nicholaswatt,NishikantkTOI,37,False
91971,Article,nicholaswatt,carolecadwalla,33,False
91917,Article,nicholaswatt,OwenJones84,9,True
91916,Article,nicholaswatt,marthakelner,18,True
91839,Article,nicholaswatt,KateEMcCann,8,True
91883,Article,nicholaswatt,paulmasonnews,20,True
91849,Article,nicholaswatt,charltonbrooker,17,True
92022,Article,nicholaswatt,AndrewSparrow,30,True
91961,Article,nicholaswatt,EllenBarryNYT,149,False
92019,Article,nicholaswatt,KateEMcCann,17,True
91924,Article,nicholaswatt,CarolineLucas,10,True
91815,Article,nicholaswatt,williamkeegan,19,True
92009,Article,nicholaswatt,charltonbrooker,30,True
91814,Article,nicholaswatt,naomi2009,22,True
91910,Article,nicholaswatt,KateEMcCann,28,True
92184,Tweet,nicholaswatt,MiriamElder,18,True
92550,Tweet,nicholaswatt,sudhanshub16,14,True
92217,Tweet,nicholaswatt,dubeyavishek,3,True
92422,Tweet,nicholaswatt,michelleinbklyn,84,False
92635,Tweet,nicholaswatt,JoshuaRozenberg,15,True
92331,Tweet,nicholaswatt,AmritadTOI,96,False
92256,Tweet,nicholaswatt,nnougayrede,16,True
92149,Tweet,nicholaswatt,billywitz,240,False
92321,Tweet,nicholaswatt,kush_junglee,190,False
92419,Tweet,nicholaswatt,maevesther,109,False
92136,Tweet,nicholaswatt,journo_vibha,19,True
92587,Tweet,nicholaswatt,samsifton,3,True
92527,Tweet,nicholaswatt,sendvictorious,82,False
92128,Tweet,nicholaswatt,advityabahlTOI,121,False
92192,Tweet,nicholaswatt,TOISH31,12,True
177098,Article,BawaNaaved,benkenigsberg,200,False
177166,Article,BawaNaaved,Lattif,21,True
177143,Article,BawaNaaved,helenecooper,8,True
177148,Article,BawaNaaved,KomalGautham,139,False
177127,Article,BawaNaaved,jameskanter,30,True
177149,Article,BawaNaaved,bencasselman,112,False
177140,Article,BawaNaaved,vijayVsinghTOI,42,False
177115,Article,BawaNaaved,AmritadTOI,19,True
177135,Article,BawaNaaved,jameskanter,13,True
177130,Article,BawaNaaved,NewtonSTOI,140,False
177156,Article,BawaNaaved,niyatiparikhTOI,12,True
177141,Article,BawaNaaved,AmritadTOI,31,True
177145,Article,BawaNaaved,andrewrsorkin,46,False
177138,Article,BawaNaaved,gmorgenson,31,True
177102,Article,BawaNaaved,AmritadTOI,60,False
177187,Tweet,BawaNaaved,smita_mishra,25,True
177204,Tweet,BawaNaaved,LauraCummingArt,18,True
177236,Tweet,BawaNaaved,jatinder_tur,96,False
177201,Tweet,BawaNaaved,rjadHinduBL,30,True
177209,Tweet,BawaNaaved,kush_junglee,80,False
177239,Tweet,BawaNaaved,toi_rohanA,53,False
177192,Tweet,BawaNaaved,binays1960,32,True
177256,Tweet,BawaNaaved,LauraCummingArt,16,True
177277,Tweet,BawaNaaved,priyangiTOI,18,True
177200,Tweet,BawaNaaved,BhanupratapsTOI,21,True
177237,Tweet,BawaNaaved,lucysiegle,25,True
177181,Tweet,BawaNaaved,desaisantosh,195,False
177233,Tweet,BawaNaaved,yusrahusain,46,False
177255,Tweet,BawaNaaved,TOISH31,25,True
177220,Tweet,BawaNaaved,parul_sehgal,2,True
7861,Article,FrankBruni,NYTimesCohen,28,True
7833,Article,FrankBruni,SharonLNYT,44,False
7885,Article,FrankBruni,peterbakernyt,7,True
7897,Article,FrankBruni,RBReich,15,True
7826,Article,FrankBruni,RorySmith,21,True
7822,Article,FrankBruni,kannoyoungs,80,False
7812,Article,FrankBruni,samsifton,57,False
7872,Article,FrankBruni,charlie_savage,14,True
7814,Article,FrankBruni,damiencave,6,True
7843,Article,FrankBruni,seaningle,7,True
7839,Article,FrankBruni,samsifton,22,True
7827,Article,FrankBruni,charlie_savage,76,False
7840,Article,FrankBruni,samsifton,18,True
7832,Article,FrankBruni,RebeccaSeal,104,False
7817,Article,FrankBruni,ShaneGoldmacher,26,True
7968,Tweet,FrankBruni,SocialQPhilip,9,True
7965,Tweet,FrankBruni,RBReich,17,True
7963,Tweet,FrankBruni,PeterTatchell,2,True
7917,Tweet,FrankBruni,payaldhawanTOI,68,False
7927,Tweet,FrankBruni,vijayVsinghTOI,219,False
7913,Tweet,FrankBruni,SocialQPhilip,5,True
7984,Tweet,FrankBruni,Pratiks_TOI,279,False
7964,Tweet,FrankBruni,nnougayrede,37,False
7916,Tweet,FrankBruni,alanconnor,16,True
7909,Tweet,FrankBruni,AnujaJaiswalTOI,329,False
7953,Tweet,FrankBruni,smbahr14,7,True
7945,Tweet,FrankBruni,SocialQPhilip,5,True
7911,Tweet,FrankBruni,gettleman,5,True
7924,Tweet,FrankBruni,npfandos,62,False
7982,Tweet,FrankBruni,vivek9301,44,False
168534,Article,abhishekTWEETS7,AnushkaAsthana,18,True
168578,Article,abhishekTWEETS7,durgeshjhaTOI,54,False
168680,Article,abhishekTWEETS7,PrashantrTOI,37,False
168579,Article,abhishekTWEETS7,vaibhavgTOI,32,True
168557,Article,abhishekTWEETS7,Crime_Selvaraj,28,True
168456,Article,abhishekTWEETS7,AmritadTOI,17,True
168682,Article,abhishekTWEETS7,vaibhavgTOI,72,False
168612,Article,abhishekTWEETS7,vaibhavgTOI,69,False
168593,Article,abhishekTWEETS7,farnazfassihi,76,False
168586,Article,abhishekTWEETS7,anandbodhTOI,117,False
168630,Article,abhishekTWEETS7,akhileshsTOI,56,False
168572,Article,abhishekTWEETS7,maheshbTOI,71,False
168521,Article,abhishekTWEETS7,asrpmukeshTOI,104,False
168571,Article,abhishekTWEETS7,AjayUgrasTOI,82,False
168691,Article,abhishekTWEETS7,ManjuVTOI,80,False
168696,Tweet,abhishekTWEETS7,murarishetye,67,False
168705,Tweet,abhishekTWEETS7,Rupalijee,111,False
168706,Tweet,abhishekTWEETS7,ChaitanyadTOI,66,False
168738,Tweet,abhishekTWEETS7,shafaquealamTOI,3,True
168701,Tweet,abhishekTWEETS7,BawaNaaved,41,False
168717,Tweet,abhishekTWEETS7,LauraCummingArt,46,False
168778,Tweet,abhishekTWEETS7,VivianHo,40,False
168740,Tweet,abhishekTWEETS7,sermoninstone,4,True
168793,Tweet,abhishekTWEETS7,priyagupta999,195,False
168732,Tweet,abhishekTWEETS7,OLIVERBALCH,33,False
168777,Tweet,abhishekTWEETS7,lenoretaylor,41,False
168791,Tweet,abhishekTWEETS7,ChaitanyadTOI,153,False
168747,Tweet,abhishekTWEETS7,vivek9301,4,True
168704,Tweet,abhishekTWEETS7,Chethan_Dash,49,False
168751,Tweet,abhishekTWEETS7,AjayUgrasTOI,143,False
42242,Article,JessicaValenti,parul_sehgal,32,True
42301,Article,JessicaValenti,RachelDonadio,25,True
42360,Article,JessicaValenti,apoorva_nyc,31,True
42198,Article,JessicaValenti,IAmTimDowling,32,True
42308,Article,JessicaValenti,LFFriedman,115,False
42207,Article,JessicaValenti,KSchulten,29,True
42366,Article,JessicaValenti,DouthatNYT,29,True
42311,Article,JessicaValenti,FlitterOnFraud,35,False
42199,Article,JessicaValenti,MaggieAstor,28,True
42293,Article,JessicaValenti,MaggieAstor,25,True
42295,Article,JessicaValenti,MaggieAstor,27,True
42334,Article,JessicaValenti,sarahlyall,32,True
42400,Article,JessicaValenti,MaggieAstor,31,True
42279,Article,JessicaValenti,fmanjoo,23,True
42220,Article,JessicaValenti,DouthatNYT,23,True
42548,Tweet,JessicaValenti,jillfilipovic,30,True
42492,Tweet,JessicaValenti,RBReich,157,False
42620,Tweet,JessicaValenti,leninology,54,False
42636,Tweet,JessicaValenti,hugolowell,47,False
42818,Tweet,JessicaValenti,ggreenwald,54,False
42515,Tweet,JessicaValenti,vanbadham,2,True
42910,Tweet,JessicaValenti,jamesrbuk,198,False
42475,Tweet,JessicaValenti,kenvogel,138,False
42600,Tweet,JessicaValenti,gettinviggy,50,False
42608,Tweet,JessicaValenti,Bencjacobs,238,False
42779,Tweet,JessicaValenti,jackschofield,21,True
42577,Tweet,JessicaValenti,jillfilipovic,128,False
42467,Tweet,JessicaValenti,richardwolffedc,37,False
42925,Tweet,JessicaValenti,attackerman,5,True
42622,Tweet,JessicaValenti,ManjuVTOI,480,False
147347,Article,polblonde,salihughes,12,True
147346,Article,polblonde,DouthatNYT,8,True
147362,Article,polblonde,ShrinivasaMTOI,323,False
147353,Article,polblonde,rachshabi,189,False
147363,Article,polblonde,michelleinbklyn,113,False
147320,Article,polblonde,HackneyAbbott,12,True
147289,Article,polblonde,charltonbrooker,11,True
147318,Article,polblonde,RorySmith,27,True
147271,Article,polblonde,naomi2009,17,True
147309,Article,polblonde,sendvictorious,17,True
147378,Article,polblonde,IanCobain,21,True
147365,Article,polblonde,jameskanter,435,False
147255,Article,polblonde,RowanMoore,3,True
147298,Article,polblonde,helenecooper,67,False
147299,Article,polblonde,EricaLG,240,False
147427,Tweet,polblonde,Shreyanka_M,99,False
147384,Tweet,polblonde,stevenpoole,30,True
147676,Tweet,polblonde,maevesther,62,False
147832,Tweet,polblonde,divyapal2013,226,False
147702,Tweet,polblonde,lenoretaylor,32,True
147824,Tweet,polblonde,alexvtunzelmann,29,True
147451,Tweet,polblonde,DerekMalcolm123,32,True
147922,Tweet,polblonde,smita_mishra,21,True
147738,Tweet,polblonde,alexvtunzelmann,32,True
147417,Tweet,polblonde,IAmTimDowling,56,False
147735,Tweet,polblonde,adwaidh,69,False
147781,Tweet,polblonde,NewtonSTOI,15,True
147656,Tweet,polblonde,winematcher,49,False
147872,Tweet,polblonde,leninology,28,True
147549,Tweet,polblonde,smita_mishra,28,True
86517,Article,salihughes,KateEMcCann,25,True
86456,Article,salihughes,annanorthtweets,106,False
86576,Article,salihughes,durgeshjhaTOI,26,True
86515,Article,salihughes,thestephmerritt,8,True
86694,Article,salihughes,timlottwriter,23,True
86513,Article,salihughes,polblonde,8,True
86684,Article,salihughes,IAmTimDowling,2,True
86647,Article,salihughes,lindasgrant,15,True
86465,Article,salihughes,charltonbrooker,4,True
86510,Article,salihughes,lindasgrant,21,True
86494,Article,salihughes,naomi2009,16,True
86474,Article,salihughes,IpsitaTOI,246,False
86589,Article,salihughes,naomi2009,25,True
86468,Article,salihughes,stevenpoole,5,True
86461,Article,salihughes,tomdyckhoff,7,True
86761,Tweet,salihughes,attackerman,362,False
87152,Tweet,salihughes,NilsPratley,49,False
87297,Tweet,salihughes,asrpmukeshTOI,79,False
86747,Tweet,salihughes,williamkeegan,34,False
87147,Tweet,salihughes,bindelj,5,True
86919,Tweet,salihughes,OLIVERBALCH,11,True
86930,Tweet,salihughes,jatinder_tur,9,True
86849,Tweet,salihughes,maevesther,24,True
86703,Tweet,salihughes,axrenton,33,False
87187,Tweet,salihughes,alanconnor,28,True
87261,Tweet,salihughes,LauraCummingArt,132,False
86765,Tweet,salihughes,ianrausten,355,False
86848,Tweet,salihughes,007pandey,127,False
86710,Tweet,salihughes,AlysFowler,6,True
87257,Tweet,salihughes,NilsPratley,5,True
29885,Article,tarasbernard,andrewrsorkin,29,True
29809,Article,tarasbernard,007pandey,32,True
29838,Article,tarasbernard,DouthatNYT,30,True
29869,Article,tarasbernard,sushmi_dey,4,True
29855,Article,tarasbernard,kannoyoungs,52,False
29857,Article,tarasbernard,bykaren,14,True
29896,Article,tarasbernard,MonaChalabi,30,True
29804,Article,tarasbernard,andrewrsorkin,45,False
29854,Article,tarasbernard,007pandey,32,True
29875,Article,tarasbernard,Bencjacobs,7,True
29831,Article,tarasbernard,HemantaTOI,77,False
29880,Article,tarasbernard,FrankBruni,364,False
29817,Article,tarasbernard,toi_dhananjayM,20,True
29871,Article,tarasbernard,ggreenwald,33,False
29873,Article,tarasbernard,pete_wells,12,True
29956,Tweet,tarasbernard,SumitraDebRoy,61,False
29967,Tweet,tarasbernard,bishnoiarvind11,279,False
29962,Tweet,tarasbernard,durgeshjhaTOI,30,True
29914,Tweet,tarasbernard,SocialQPhilip,87,False
29941,Tweet,tarasbernard,msmirandasawyer,91,False
29903,Tweet,tarasbernard,divyadubey_,30,True
29910,Tweet,tarasbernard,williamnhutton,222,False
29957,Tweet,tarasbernard,RBReich,27,True
29973,Tweet,tarasbernard,RBReich,32,True
29931,Tweet,tarasbernard,007pandey,25,True
29984,Tweet,tarasbernard,LauraCummingArt,75,False
29951,Tweet,tarasbernard,archiebland,281,False
29966,Tweet,tarasbernard,FranklinBlog,278,False
29993,Tweet,tarasbernard,NewtonSTOI,287,False
29954,Tweet,tarasbernard,Bencjacobs,70,False
2484,Article,Azi,sangerkatz,7,True
2410,Article,Azi,AjayUgrasTOI,235,False
2489,Article,Azi,NYTimesCohen,147,False
2427,Article,Azi,Azi,1,True
2437,Article,Azi,VivianHo,8,True
2404,Article,Azi,PatrickKingsley,192,False
2495,Article,Azi,jimtankersley,35,False
2461,Article,Azi,SidharthB25,39,False
2468,Article,Azi,ChuBailiang,317,False
2459,Article,Azi,attackerman,88,False
2490,Article,Azi,RBReich,5,True
2473,Article,Azi,Azi,1,True
2440,Article,Azi,FabrizioRomano,34,False
2491,Article,Azi,emilybell,388,False
2483,Article,Azi,KTVinobhaTOI,196,False
2560,Tweet,Azi,hugolowell,15,True
2593,Tweet,Azi,jackschofield,14,True
2544,Tweet,Azi,hugolowell,9,True
2577,Tweet,Azi,sarahchurchwell,175,False
2570,Tweet,Azi,peterbakernyt,6,True
2516,Tweet,Azi,charlie_savage,3,True
2541,Tweet,Azi,reidepstein,22,True
2517,Tweet,Azi,Bencjacobs,31,True
2585,Tweet,Azi,williamkeegan,73,False
2506,Tweet,Azi,jeannasmialek,9,True
2566,Tweet,Azi,gilestremlett,6,True
2511,Tweet,Azi,chrishughes,9,True
2505,Tweet,Azi,kenvogel,33,False
2514,Tweet,Azi,EVincentelli,52,False
2518,Tweet,Azi,AjayUgrasTOI,32,True
205610,Article,rashmidTOI,ewenmacaskill,38,False
205472,Article,rashmidTOI,ajaykanth7,7,True
205551,Article,rashmidTOI,IpsitaTOI,4,True
205593,Article,rashmidTOI,anandbodhTOI,5,True
205596,Article,rashmidTOI,tarasbernard,211,False
205614,Article,rashmidTOI,KateEMcCann,30,True
205532,Article,rashmidTOI,toi_dhananjayM,4,True
205562,Article,rashmidTOI,sushmi_dey,18,True
205525,Article,rashmidTOI,CarolineLucas,28,True
205640,Article,rashmidTOI,toi_dhananjayM,19,True
205575,Article,rashmidTOI,jameskanter,5,True
205547,Article,rashmidTOI,niyatiparikhTOI,6,True
205698,Article,rashmidTOI,niyatiparikhTOI,26,True
205512,Article,rashmidTOI,parthshastriTOI,15,True
205557,Article,rashmidTOI,michelleinbklyn,61,False
205802,Tweet,rashmidTOI,BhanupratapsTOI,61,False
205762,Tweet,rashmidTOI,nmcintosh,345,False
205785,Tweet,rashmidTOI,divyapal2013,53,False
205781,Tweet,rashmidTOI,PNaveenTOI,43,False
205807,Tweet,rashmidTOI,neelam_raaj,24,True
205736,Tweet,rashmidTOI,umamahesh_ToI,21,True
205792,Tweet,rashmidTOI,neelam_raaj,13,True
205729,Tweet,rashmidTOI,kush_junglee,5,True
205795,Tweet,rashmidTOI,rhymetraveller,70,False
205714,Tweet,rashmidTOI,utejonmayamTOI,5,True
205782,Tweet,rashmidTOI,bylizrobbins,402,False
205742,Tweet,rashmidTOI,ArthurNeslen,51,False
205768,Tweet,rashmidTOI,MujMash,25,True
205721,Tweet,rashmidTOI,kush_junglee,26,True
205790,Tweet,rashmidTOI,AnujaJaiswalTOI,4,True
205232,Article,ramendrasTOI,niyatiparikhTOI,18,True
205201,Article,ramendrasTOI,rhymetraveller,74,False
205228,Article,ramendrasTOI,EmmaBubola,295,False
205258,Article,ramendrasTOI,akhileshsTOI,10,True
205323,Article,ramendrasTOI,SribaalaVTOI,19,True
205394,Article,ramendrasTOI,Arv_Ind_Chauhan,14,True
205225,Article,ramendrasTOI,PrashantrTOI,14,True
205233,Article,ramendrasTOI,akhileshsTOI,7,True
205214,Article,ramendrasTOI,toi_dhananjayM,16,True
205322,Article,ramendrasTOI,kush_junglee,29,True
205397,Article,ramendrasTOI,kush_junglee,76,False
205360,Article,ramendrasTOI,helenecooper,14,True
205318,Article,ramendrasTOI,AnujaJaiswalTOI,86,False
205361,Article,ramendrasTOI,durgeshjhaTOI,102,False
205355,Article,ramendrasTOI,ipsinghTOI,15,True
205415,Tweet,ramendrasTOI,yusrahusain,24,True
205464,Tweet,ramendrasTOI,mateenHTOI,19,True
205419,Tweet,ramendrasTOI,priyagupta999,18,True
205465,Tweet,ramendrasTOI,jackschofield,117,False
205423,Tweet,ramendrasTOI,Pratiks_TOI,47,False
205453,Tweet,ramendrasTOI,AditiZero,10,True
205445,Tweet,ramendrasTOI,DanielKingChess,181,False
205459,Tweet,ramendrasTOI,kush_junglee,223,False
205447,Tweet,ramendrasTOI,emilybell,303,False
205455,Tweet,ramendrasTOI,MohitaTOI,5,True
205434,Tweet,ramendrasTOI,rajatpTOI,26,True
205435,Tweet,ramendrasTOI,Arv_Ind_Chauhan,24,True
205427,Tweet,ramendrasTOI,PjJoychen,8,True
205416,Tweet,ramendrasTOI,toi_rohanA,12,True
205411,Tweet,ramendrasTOI,abantika77,3,True
60649,Article,winematcher,damiencave,25,True
60644,Article,winematcher,SindhukTOI,28,True
60433,Article,winematcher,stevenpoole,9,True
60503,Article,winematcher,ottolenghi,23,True
60575,Article,winematcher,KateEMcCann,28,True
60492,Article,winematcher,arusbridger,9,True
60441,Article,winematcher,polblonde,9,True
60668,Article,winematcher,DekaJayanta,32,True
60450,Article,winematcher,tomdyckhoff,10,True
60449,Article,winematcher,IAmTimDowling,9,True
60675,Article,winematcher,MarinaOLoughlin,104,False
60633,Article,winematcher,MarinaOLoughlin,146,False
60493,Article,winematcher,andrewrsorkin,167,False
60442,Article,winematcher,nytDeniseGrady,17,True
60458,Article,winematcher,arusbridger,11,True
61182,Tweet,winematcher,LauraCummingArt,76,False
61057,Tweet,winematcher,FelicityCloake,32,True
61058,Tweet,winematcher,murarishetye,5,True
60908,Tweet,winematcher,smita_mishra,8,True
61003,Tweet,winematcher,allegramcevedy,5,True
61024,Tweet,winematcher,alanconnor,97,False
60706,Tweet,winematcher,gabyhinsliff,94,False
61219,Tweet,winematcher,ollywainwright,207,False
60767,Tweet,winematcher,aleksk,86,False
61111,Tweet,winematcher,JoshuaRozenberg,124,False
60851,Tweet,winematcher,AlysFowler,41,False
60983,Tweet,winematcher,sudhanshub16,29,True
60805,Tweet,winematcher,OLIVERBALCH,19,True
60773,Tweet,winematcher,smita_mishra,19,True
60962,Tweet,winematcher,ChaitanyadTOI,80,False
163378,Article,nnougayrede,jbouie,29,True
163340,Article,nnougayrede,kbennhold,29,True
163299,Article,nnougayrede,gailcollins,28,True
163346,Article,nnougayrede,hannahdev,125,False
163321,Article,nnougayrede,MaggieAstor,12,True
163350,Article,nnougayrede,MaggieAstor,179,False
163324,Article,nnougayrede,DouthatNYT,20,True
163294,Article,nnougayrede,jimtankersley,288,False
163290,Article,nnougayrede,williamnhutton,34,False
163363,Article,nnougayrede,gracedent,146,False
163364,Article,nnougayrede,yusrahusain,317,False
163221,Article,nnougayrede,minatisinghaTOI,69,False
163392,Article,nnougayrede,archiebland,53,False
163218,Article,nnougayrede,tariqpanja,25,True
163295,Article,nnougayrede,liamstack,109,False
163990,Tweet,nnougayrede,vijaysinghTOI,25,True
163872,Tweet,nnougayrede,murarishetye,27,True
163818,Tweet,nnougayrede,jbouie,222,False
163634,Tweet,nnougayrede,mateenHTOI,15,True
163795,Tweet,nnougayrede,ChaithanyaSwamy,89,False
163430,Tweet,nnougayrede,thestephmerritt,16,True
163514,Tweet,nnougayrede,CarolineLucas,24,True
163656,Tweet,nnougayrede,GRajivTOI,32,True
163936,Tweet,nnougayrede,vijayVsinghTOI,9,True
163499,Tweet,nnougayrede,PeterTatchell,27,True
163922,Tweet,nnougayrede,RBReich,103,False
163965,Tweet,nnougayrede,SocialQPhilip,10,True
163417,Tweet,nnougayrede,ChaitanyadTOI,8,True
163851,Tweet,nnougayrede,ArthurNeslen,4,True
163824,Tweet,nnougayrede,FranklinBlog,10,True
30053,Article,PerriKlass,RoniNYTimes,19,True
30010,Article,PerriKlass,ggreenwald,12,True
30097,Article,PerriKlass,PerriKlass,1,True
30078,Article,PerriKlass,pete_wells,28,True
30079,Article,PerriKlass,SumitraDebRoy,17,True
30006,Article,PerriKlass,IKershner,27,True
30048,Article,PerriKlass,el_belson,23,True
30085,Article,PerriKlass,TridibIANS,21,True
30066,Article,PerriKlass,gettleman,61,False
30025,Article,PerriKlass,marthakelner,229,False
30023,Article,PerriKlass,RowanMoore,164,False
30089,Article,PerriKlass,FrankBruni,13,True
30099,Article,PerriKlass,SumitraDebRoy,20,True
30001,Article,PerriKlass,nytdavidbrooks,23,True
30035,Article,PerriKlass,kenanmalik,26,True
30136,Tweet,PerriKlass,psangeetha2112,13,True
30122,Tweet,PerriKlass,benkenigsberg,10,True
30140,Tweet,PerriKlass,toi_rohanA,29,True
30131,Tweet,PerriKlass,timatkin,51,False
30110,Tweet,PerriKlass,joncaramanica,294,False
30153,Tweet,PerriKlass,vivek9301,135,False
30188,Tweet,PerriKlass,bylizrobbins,116,False
30106,Tweet,PerriKlass,winematcher,32,True
30170,Tweet,PerriKlass,MohitaTOI,19,True
30146,Tweet,PerriKlass,gilestremlett,478,False
30126,Tweet,PerriKlass,sermoninstone,80,False
30172,Tweet,PerriKlass,SwatiShindeTOI,20,True
30179,Tweet,PerriKlass,somitsenTOI,146,False
30108,Tweet,PerriKlass,michelleinbklyn,22,True
30135,Tweet,PerriKlass,ByMattStevens,186,False
24693,Article,tripgabriel,GlennThrush,10,True
24653,Article,tripgabriel,paulkrugman,20,True
24676,Article,tripgabriel,hugolowell,31,True
24632,Article,tripgabriel,mlevenson,189,False
24635,Article,tripgabriel,jimtankersley,6,True
24640,Article,tripgabriel,hugolowell,29,True
24616,Article,tripgabriel,gettinviggy,31,True
24659,Article,tripgabriel,RBReich,5,True
24684,Article,tripgabriel,marcatracy,8,True
24655,Article,tripgabriel,SribaalaVTOI,26,True
24664,Article,tripgabriel,AshokPradhanTOI,14,True
24650,Article,tripgabriel,ggreenwald,27,True
24679,Article,tripgabriel,tripgabriel,1,True
24678,Article,tripgabriel,AshokPradhanTOI,6,True
24633,Article,tripgabriel,GeorgeMonbiot,21,True
24793,Tweet,tripgabriel,nauzerbTOI,139,False
24720,Tweet,tripgabriel,SribaalaVTOI,46,False
24790,Tweet,tripgabriel,BenWeiserNYT,22,True
24799,Tweet,tripgabriel,SearleAdrian,343,False
24724,Tweet,tripgabriel,jessbidgood,43,False
24758,Tweet,tripgabriel,vijayVsinghTOI,22,True
24792,Tweet,tripgabriel,NYTimesCohen,119,False
24701,Tweet,tripgabriel,emilybell,342,False
24739,Tweet,tripgabriel,VivianHo,94,False
24723,Tweet,tripgabriel,ggreenwald,30,True
24753,Tweet,tripgabriel,jeannasmialek,11,True
24782,Tweet,tripgabriel,Bencjacobs,30,True
24729,Tweet,tripgabriel,yeshikabudhwar,20,True
24740,Tweet,tripgabriel,lauriegnyt,26,True
24757,Tweet,tripgabriel,LFFriedman,28,True
159614,Article,williamkeegan,OfficeGSBrown,29,True
159778,Article,williamkeegan,NeilMacFarquhar,258,False
159748,Article,williamkeegan,timatkin,228,False
159605,Article,williamkeegan,sendvictorious,15,True
159776,Article,williamkeegan,GeorgeMonbiot,11,True
159752,Article,williamkeegan,OwenJones84,242,False
159598,Article,williamkeegan,sendvictorious,21,True
159574,Article,williamkeegan,sendvictorious,21,True
159627,Article,williamkeegan,sendvictorious,27,True
159686,Article,williamkeegan,ewenmacaskill,17,True
159587,Article,williamkeegan,GeorgeMonbiot,10,True
159780,Article,williamkeegan,DouthatNYT,9,True
159652,Article,williamkeegan,naomi2009,15,True
159573,Article,williamkeegan,timlottwriter,29,True
159595,Article,williamkeegan,bencasselman,27,True
160162,Tweet,williamkeegan,AlysFowler,29,True
160072,Tweet,williamkeegan,mateenHTOI,27,True
159809,Tweet,williamkeegan,oliverburkeman,14,True
159902,Tweet,williamkeegan,lyngardner,24,True
159861,Tweet,williamkeegan,lyngardner,29,True
159871,Tweet,williamkeegan,billicritic,17,True
160047,Tweet,williamkeegan,timatkin,25,True
159958,Tweet,williamkeegan,questingvole,30,True
159874,Tweet,williamkeegan,naomi2009,27,True
159890,Tweet,williamkeegan,bindelj,25,True
160060,Tweet,williamkeegan,DerekMalcolm123,30,True
159853,Tweet,williamkeegan,sarahchurchwell,16,True
160028,Tweet,williamkeegan,greenslader,29,True
160008,Tweet,williamkeegan,HemantaTOI,27,True
160074,Tweet,williamkeegan,alanconnor,29,True
48817,Article,nmcintosh,bykaren,55,False
48902,Article,nmcintosh,rachshabi,10,True
48793,Article,nmcintosh,rachshabi,10,True
48740,Article,nmcintosh,emmabrockes,32,True
48842,Article,nmcintosh,naomi2009,12,True
48784,Article,nmcintosh,jimwaterson,20,True
48872,Article,nmcintosh,MonaChalabi,116,False
48756,Article,nmcintosh,charltonbrooker,99,False
48941,Article,nmcintosh,lindasgrant,23,True
48789,Article,nmcintosh,Markbeaumontuk,17,True
48869,Article,nmcintosh,sarfrazmanzoor,22,True
48867,Article,nmcintosh,stevenpoole,26,True
48929,Article,nmcintosh,farnazfassihi,95,False
48701,Article,nmcintosh,charltonbrooker,4,True
48874,Article,nmcintosh,elizabday,160,False
49401,Tweet,nmcintosh,mtomasky,3,True
49513,Tweet,nmcintosh,lyngardner,95,False
49422,Tweet,nmcintosh,williamkeegan,33,False
49195,Tweet,nmcintosh,saumyajitbTOI,37,False
49491,Tweet,nmcintosh,CarolineLucas,50,False
49429,Tweet,nmcintosh,alanfeuer,208,False
49285,Tweet,nmcintosh,DerekMalcolm123,21,True
49070,Tweet,nmcintosh,maevesther,27,True
49337,Tweet,nmcintosh,joecoscarelli,227,False
49117,Tweet,nmcintosh,arusbridger,58,False
49441,Tweet,nmcintosh,LauraCummingArt,13,True
49347,Tweet,nmcintosh,davidhepworth,23,True
49484,Tweet,nmcintosh,TimdeLisle,69,False
49477,Tweet,nmcintosh,peterbradshaw1,65,False
49028,Tweet,nmcintosh,AshokPradhanTOI,77,False
213019,Article,somitsenTOI,bindiyachariTOI,7,True
213051,Article,somitsenTOI,binays1960,20,True
213021,Article,somitsenTOI,AditiZero,69,False
212984,Article,somitsenTOI,SidharthB25,22,True
213091,Article,somitsenTOI,FrancesRobles,14,True
212880,Article,somitsenTOI,JoshuaRozenberg,82,False
212936,Article,somitsenTOI,durgeshjhaTOI,6,True
213023,Article,somitsenTOI,RosySequeiraTOI,46,False
212884,Article,somitsenTOI,toi_dhananjayM,13,True
212980,Article,somitsenTOI,_nicolaclark,39,False
213056,Article,somitsenTOI,MohitaTOI,33,False
213090,Article,somitsenTOI,Crime_Selvaraj,110,False
212909,Article,somitsenTOI,tarasbernard,112,False
213097,Article,somitsenTOI,bindiyachariTOI,7,True
212873,Article,somitsenTOI,AlokKNMishra,8,True
213196,Tweet,somitsenTOI,philipoltermann,24,True
213157,Tweet,somitsenTOI,ArthurNeslen,108,False
213187,Tweet,somitsenTOI,omjasvinTOI,9,True
213127,Tweet,somitsenTOI,SwatiShindeTOI,19,True
213200,Tweet,somitsenTOI,UttaraVarmaTOI,148,False
213191,Tweet,somitsenTOI,SiwachSukhbir,53,False
213161,Tweet,somitsenTOI,ArthurNeslen,37,False
213183,Tweet,somitsenTOI,jackschofield,355,False
213154,Tweet,somitsenTOI,AtulMathur_,105,False
213206,Tweet,somitsenTOI,vijaypTOI,5,True
213148,Tweet,somitsenTOI,dkarthikTOI,10,True
213146,Tweet,somitsenTOI,itsshibuthomas,130,False
213204,Tweet,somitsenTOI,GovindKMaadTOI,21,True
213163,Tweet,somitsenTOI,ollywainwright,4,True
213125,Tweet,somitsenTOI,sermoninstone,16,True
25068,Article,bencasselman,Bencjacobs,17,True
25004,Article,bencasselman,RebeccaSeal,237,False
25091,Article,bencasselman,bydanielvictor,3,True
25098,Article,bencasselman,williamnhutton,8,True
25036,Article,bencasselman,GeorgeMonbiot,24,True
25085,Article,bencasselman,007pandey,8,True
25030,Article,bencasselman,michelleinbklyn,16,True
25011,Article,bencasselman,samsifton,13,True
25039,Article,bencasselman,FlitterOnFraud,32,True
25094,Article,bencasselman,RebeccaSeal,19,True
25086,Article,bencasselman,andrewrsorkin,19,True
25018,Article,bencasselman,AshokPradhanTOI,21,True
25037,Article,bencasselman,andrewrsorkin,14,True
25061,Article,bencasselman,HemantaTOI,13,True
25003,Article,bencasselman,npfandos,19,True
25163,Tweet,bencasselman,SumitraDebRoy,23,True
25124,Tweet,bencasselman,AlysFowler,237,False
25107,Tweet,bencasselman,paulmasonnews,16,True
25162,Tweet,bencasselman,hugolowell,32,True
25140,Tweet,bencasselman,jillfilipovic,7,True
25198,Tweet,bencasselman,mtomasky,32,True
25185,Tweet,bencasselman,SocialQPhilip,16,True
25166,Tweet,bencasselman,axrenton,303,False
25176,Tweet,bencasselman,leninology,10,True
25134,Tweet,bencasselman,ajaysuraTOI,23,True
25142,Tweet,bencasselman,mtomasky,16,True
25195,Tweet,bencasselman,007pandey,12,True
25174,Tweet,bencasselman,digbijaymishra1,25,True
25152,Tweet,bencasselman,007pandey,13,True
25169,Tweet,bencasselman,sarahditum,157,False
21858,Article,gettleman,PatrickKingsley,23,True
21861,Article,gettleman,BawaNaaved,81,False
21854,Article,gettleman,NikiKitsantonis,27,True
21894,Article,gettleman,saumyajitbTOI,23,True
21881,Article,gettleman,ramendrasTOI,3,True
21810,Article,gettleman,dionnesearcey,12,True
21871,Article,gettleman,MujMash,21,True
21898,Article,gettleman,sandhyanairTOI,12,True
21891,Article,gettleman,stevenerlanger,23,True
21893,Article,gettleman,pete_wells,16,True
21827,Article,gettleman,kbennhold,57,False
21807,Article,gettleman,NewtonSTOI,27,True
21830,Article,gettleman,ManjuVTOI,40,False
21897,Article,gettleman,maheshbTOI,19,True
21823,Article,gettleman,abantika77,25,True
21950,Tweet,gettleman,amitanandTOI,115,False
21961,Tweet,gettleman,mateenHTOI,11,True
21976,Tweet,gettleman,SwatiShindeTOI,27,True
21926,Tweet,gettleman,RowanMoore,10,True
21992,Tweet,gettleman,Mahafreed_Irani,83,False
21904,Tweet,gettleman,rajatpTOI,75,False
21954,Tweet,gettleman,vijayVsinghTOI,3,True
21975,Tweet,gettleman,MichaelWhite,304,False
21917,Tweet,gettleman,jasondhorowitz,13,True
21994,Tweet,gettleman,smita_mishra,26,True
21969,Tweet,gettleman,ronojoy_sen,10,True
21928,Tweet,gettleman,rashmidTOI,27,True
21931,Tweet,gettleman,bykaren,8,True
21965,Tweet,gettleman,billywitz,147,False
21958,Tweet,gettleman,priyangiTOI,106,False
156494,Article,JohnJCrace,dkarthikTOI,35,False
156437,Article,JohnJCrace,marthakelner,26,True
156518,Article,JohnJCrace,sendvictorious,148,False
156445,Article,JohnJCrace,alexanderburns,40,False
156370,Article,JohnJCrace,allegramcevedy,30,True
156436,Article,JohnJCrace,jennydeluxe,12,True
156382,Article,JohnJCrace,winematcher,31,True
156408,Article,JohnJCrace,andybrassell,12,True
156361,Article,JohnJCrace,FlitterOnFraud,24,True
156459,Article,JohnJCrace,NesrineMalik,11,True
156429,Article,JohnJCrace,nmcintosh,24,True
156400,Article,JohnJCrace,KateEMcCann,7,True
156434,Article,JohnJCrace,CarolineLucas,31,True
156439,Article,JohnJCrace,aleksk,29,True
156475,Article,JohnJCrace,winematcher,43,False
156548,Tweet,JohnJCrace,john_hooper,49,False
156838,Tweet,JohnJCrace,RorySmith,36,False
157027,Tweet,JohnJCrace,DerekMalcolm123,129,False
156592,Tweet,JohnJCrace,saumyajitbTOI,142,False
156827,Tweet,JohnJCrace,LauraCummingArt,61,False
156830,Tweet,JohnJCrace,aleksk,390,False
157123,Tweet,JohnJCrace,rachshabi,18,True
156633,Tweet,JohnJCrace,AshokPradhanTOI,28,True
156867,Tweet,JohnJCrace,NYTLiz,136,False
157054,Tweet,JohnJCrace,MujMash,22,True
156778,Tweet,JohnJCrace,aniljdias,104,False
156957,Tweet,JohnJCrace,TOISH31,75,False
157002,Tweet,JohnJCrace,Arun_Ram,158,False
156892,Tweet,JohnJCrace,AshokPradhanTOI,47,False
157066,Tweet,JohnJCrace,RebeccaSeal,59,False
23863,Article,SarahMaslinNir,RBReich,59,False
23856,Article,SarahMaslinNir,mtomasky,39,False
23876,Article,SarahMaslinNir,EricaLG,136,False
23803,Article,SarahMaslinNir,sangerkatz,63,False
23893,Article,SarahMaslinNir,SharonLNYT,55,False
23818,Article,SarahMaslinNir,007pandey,79,False
23815,Article,SarahMaslinNir,mlevenson,102,False
23816,Article,SarahMaslinNir,NeilMacFarquhar,146,False
23817,Article,SarahMaslinNir,pete_wells,152,False
23822,Article,SarahMaslinNir,IAmTimDowling,100,False
23807,Article,SarahMaslinNir,anemonanyc,129,False
23852,Article,SarahMaslinNir,StacyCowley,102,False
23868,Article,SarahMaslinNir,RaphaelMinder,59,False
23800,Article,SarahMaslinNir,samsifton,38,False
23864,Article,SarahMaslinNir,rondakaysen,63,False
23961,Tweet,SarahMaslinNir,polblonde,63,False
23902,Tweet,SarahMaslinNir,toi_rohanA,14,True
23951,Tweet,SarahMaslinNir,OLIVERBALCH,46,False
23907,Tweet,SarahMaslinNir,debaratisen,55,False
23977,Tweet,SarahMaslinNir,TimdeLisle,77,False
23924,Tweet,SarahMaslinNir,polblonde,113,False
23950,Tweet,SarahMaslinNir,sudeshnagTOI,61,False
23942,Tweet,SarahMaslinNir,toi_rohanA,38,False
23906,Tweet,SarahMaslinNir,bishnoiarvind11,50,False
23920,Tweet,SarahMaslinNir,jillfilipovic,19,True
23934,Tweet,SarahMaslinNir,debaratisen,202,False
23939,Tweet,SarahMaslinNir,jillfilipovic,33,False
23987,Tweet,SarahMaslinNir,andybrassell,33,False
23932,Tweet,SarahMaslinNir,FranklinBlog,54,False
23900,Tweet,SarahMaslinNir,nytDeniseGrady,29,True
212354,Article,SiwachSukhbir,toi_dhananjayM,65,False
212360,Article,SiwachSukhbir,jameskanter,9,True
212469,Article,SiwachSukhbir,anandbodhTOI,20,True
212409,Article,SiwachSukhbir,toi_dhananjayM,52,False
212482,Article,SiwachSukhbir,bindiyachariTOI,163,False
212527,Article,SiwachSukhbir,vijaypTOI,113,False
212417,Article,SiwachSukhbir,toi_dhananjayM,18,True
212329,Article,SiwachSukhbir,niyatiparikhTOI,18,True
212393,Article,SiwachSukhbir,akhileshsTOI,19,True
212418,Article,SiwachSukhbir,AjayUgrasTOI,43,False
212330,Article,SiwachSukhbir,jameskanter,36,False
212403,Article,SiwachSukhbir,SindhukTOI,29,True
212440,Article,SiwachSukhbir,SiwachSukhbir,1,True
212373,Article,SiwachSukhbir,toi_dhananjayM,8,True
212348,Article,SiwachSukhbir,dipakdashTOI,9,True
212586,Tweet,SiwachSukhbir,SagrikaKissu,4,True
212608,Tweet,SiwachSukhbir,samsifton,2,True
212616,Tweet,SiwachSukhbir,SyedAkbarTOI,215,False
212543,Tweet,SiwachSukhbir,NirupaTOI,20,True
212615,Tweet,SiwachSukhbir,pete_wells,35,False
212582,Tweet,SiwachSukhbir,jennyschuessler,6,True
212565,Tweet,SiwachSukhbir,hugolowell,128,False
212597,Tweet,SiwachSukhbir,vaibhavgTOI,8,True
212568,Tweet,SiwachSukhbir,ByMattStevens,4,True
212567,Tweet,SiwachSukhbir,SwatiShindeTOI,12,True
212601,Tweet,SiwachSukhbir,abantika77,12,True
212537,Tweet,SiwachSukhbir,AniltheMatrix,15,True
212583,Tweet,SiwachSukhbir,MoharBasu,4,True
212581,Tweet,SiwachSukhbir,BawaNaaved,49,False
212632,Tweet,SiwachSukhbir,manvirsainiTOI,3,True
75636,Article,chiggi,ditzkoff,190,False
75616,Article,chiggi,andrewrsorkin,111,False
75617,Article,chiggi,DeccaJourno,139,False
75688,Article,chiggi,RowennaDavis,20,True
75724,Article,chiggi,KateEMcCann,12,True
75644,Article,chiggi,KateEMcCann,171,False
75606,Article,chiggi,PeterTatchell,142,False
75673,Article,chiggi,JoshuaRozenberg,41,False
75679,Article,chiggi,sarahditum,52,False
75631,Article,chiggi,DouthatNYT,288,False
75620,Article,chiggi,FlitterOnFraud,152,False
75497,Article,chiggi,lindasgrant,27,True
75573,Article,chiggi,SearleAdrian,30,True
75592,Article,chiggi,DerekMalcolm123,27,True
75513,Article,chiggi,bydanielvictor,89,False
75752,Tweet,chiggi,lyngardner,32,True
75936,Tweet,chiggi,007pandey,117,False
75793,Tweet,chiggi,RebeccaSeal,14,True
76256,Tweet,chiggi,axrenton,90,False
76117,Tweet,chiggi,RebeccaSeal,73,False
76211,Tweet,chiggi,LauraCummingArt,9,True
76300,Tweet,chiggi,jfordham_jazz,44,False
76179,Tweet,chiggi,sendvictorious,28,True
76291,Tweet,chiggi,DerekMalcolm123,71,False
76104,Tweet,chiggi,timatkin,21,True
75758,Tweet,chiggi,seaningle,21,True
75919,Tweet,chiggi,joshwiddicombe,2,True
76036,Tweet,chiggi,KateEMcCann,6,True
76262,Tweet,chiggi,smita_mishra,44,False
75810,Tweet,chiggi,TridibIANS,116,False
209481,Article,shafaquealamTOI,ajaykanth7,15,True
209408,Article,shafaquealamTOI,niyatiparikhTOI,7,True
209534,Article,shafaquealamTOI,tushhaikhush,16,True
209365,Article,shafaquealamTOI,anandbodhTOI,15,True
209401,Article,shafaquealamTOI,naomi2009,6,True
209443,Article,shafaquealamTOI,williamnhutton,25,True
209538,Article,shafaquealamTOI,vijayVsinghTOI,8,True
209396,Article,shafaquealamTOI,AnushkaAsthana,12,True
209527,Article,shafaquealamTOI,NikiKitsantonis,7,True
209495,Article,shafaquealamTOI,AmritadTOI,68,False
209391,Article,shafaquealamTOI,rajendrasTOI,36,False
209566,Article,shafaquealamTOI,jasondhorowitz,80,False
209363,Article,shafaquealamTOI,ajaykanth7,15,True
209455,Article,shafaquealamTOI,shafaquealamTOI,1,True
209407,Article,shafaquealamTOI,ManjuVTOI,14,True
209632,Tweet,shafaquealamTOI,minatisinghaTOI,23,True
209651,Tweet,shafaquealamTOI,advityabahlTOI,7,True
209638,Tweet,shafaquealamTOI,dkarthikTOI,5,True
209639,Tweet,shafaquealamTOI,PhanindraP_TNIE,52,False
209596,Tweet,shafaquealamTOI,ChaithanyaSwamy,72,False
209649,Tweet,shafaquealamTOI,murarishetye,58,False
209623,Tweet,shafaquealamTOI,ChaitanyadTOI,23,True
209669,Tweet,shafaquealamTOI,journo_vibha,9,True
209628,Tweet,shafaquealamTOI,mateenHTOI,25,True
209617,Tweet,shafaquealamTOI,vijaypTOI,29,True
209614,Tweet,shafaquealamTOI,pradeepjourno,30,True
209613,Tweet,shafaquealamTOI,somitsenTOI,31,True
209622,Tweet,shafaquealamTOI,007pandey,256,False
209605,Tweet,shafaquealamTOI,pradeepjourno,60,False
209597,Tweet,shafaquealamTOI,IpsitaTOI,4,True
2641,Article,BellaKwai,jameskanter,101,False
2663,Article,BellaKwai,davidhepworth,68,False
2650,Article,BellaKwai,saumyajitbTOI,54,False
2601,Article,BellaKwai,ChuBailiang,45,False
2616,Article,BellaKwai,jameskanter,25,True
2614,Article,BellaKwai,AtulMathur_,51,False
2615,Article,BellaKwai,bykaren,16,True
2606,Article,BellaKwai,bykaren,35,False
2667,Article,BellaKwai,ipsinghTOI,38,False
2674,Article,BellaKwai,MujMash,43,False
2628,Article,BellaKwai,anemonanyc,39,False
2660,Article,BellaKwai,Crime_Selvaraj,22,True
2659,Article,BellaKwai,michelleinbklyn,150,False
2637,Article,BellaKwai,AtulMathur_,4,True
2648,Article,BellaKwai,AshokPradhanTOI,230,False
2719,Tweet,BellaKwai,polblonde,102,False
2726,Tweet,BellaKwai,alanconnor,37,False
2721,Tweet,BellaKwai,pete_wells,85,False
2784,Tweet,BellaKwai,rhymetraveller,45,False
2731,Tweet,BellaKwai,carolecadwalla,178,False
2792,Tweet,BellaKwai,marthakelner,67,False
2704,Tweet,BellaKwai,RosySequeiraTOI,289,False
2795,Tweet,BellaKwai,benkenigsberg,221,False
2739,Tweet,BellaKwai,VivianHo,157,False
2750,Tweet,BellaKwai,vijayVsinghTOI,115,False
2729,Tweet,BellaKwai,jamesrbuk,311,False
2730,Tweet,BellaKwai,stevenerlanger,9,True
2787,Tweet,BellaKwai,ArthurNeslen,73,False
2700,Tweet,BellaKwai,attackerman,253,False
2716,Tweet,BellaKwai,RaphaelMinder,17,True
175752,Article,asrpmukeshTOI,rhymetraveller,27,True
175804,Article,asrpmukeshTOI,nauzerbTOI,21,True
175814,Article,asrpmukeshTOI,jameskanter,26,True
175841,Article,asrpmukeshTOI,LFFriedman,17,True
175781,Article,asrpmukeshTOI,anemonanyc,13,True
175822,Article,asrpmukeshTOI,jameskanter,22,True
175733,Article,asrpmukeshTOI,jameskanter,20,True
175894,Article,asrpmukeshTOI,jameskanter,26,True
175741,Article,asrpmukeshTOI,KeithBradsher,28,True
175793,Article,asrpmukeshTOI,toi_dhananjayM,27,True
175795,Article,asrpmukeshTOI,SidharthB25,28,True
175831,Article,asrpmukeshTOI,HemantaTOI,3,True
175785,Article,asrpmukeshTOI,vijayVsinghTOI,6,True
175866,Article,asrpmukeshTOI,SidharthB25,19,True
175908,Article,asrpmukeshTOI,Gauraw2297,23,True
176062,Tweet,asrpmukeshTOI,Pratiks_TOI,4,True
176020,Tweet,asrpmukeshTOI,NewtonSTOI,21,True
176022,Tweet,asrpmukeshTOI,vijaysinghTOI,90,False
176052,Tweet,asrpmukeshTOI,binays1960,171,False
176001,Tweet,asrpmukeshTOI,ShoebKhanTOI,15,True
176034,Tweet,asrpmukeshTOI,steve_hewlett,196,False
176013,Tweet,asrpmukeshTOI,Crime_Selvaraj,53,False
176044,Tweet,asrpmukeshTOI,Banjotkaur,16,True
175986,Tweet,asrpmukeshTOI,SunilSubaiah,11,True
175979,Tweet,asrpmukeshTOI,ChaitanyadTOI,5,True
175973,Tweet,asrpmukeshTOI,BawaNaaved,56,False
176061,Tweet,asrpmukeshTOI,rebeccaSTOI,32,True
176017,Tweet,asrpmukeshTOI,PeterTatchell,262,False
175978,Tweet,asrpmukeshTOI,asrpmukeshTOI,1,True
176037,Tweet,asrpmukeshTOI,richapintoi,3,True
2018,Article,ASoloski,ManjuVTOI,31,True
2003,Article,ASoloski,pankajdoval,12,True
2013,Article,ASoloski,anemonanyc,89,False
2017,Article,ASoloski,ManjuVTOI,31,True
2052,Article,ASoloski,greenslader,105,False
2004,Article,ASoloski,melissaclark,26,True
2043,Article,ASoloski,alanconnor,84,False
2032,Article,ASoloski,nmcintosh,89,False
2081,Article,ASoloski,FrankBruni,21,True
2019,Article,ASoloski,ManjuVTOI,31,True
2060,Article,ASoloski,NYTimesCohen,6,True
2061,Article,ASoloski,vijayVsinghTOI,43,False
2008,Article,ASoloski,EVincentelli,27,True
2085,Article,ASoloski,GiniaNYT,63,False
2090,Article,ASoloski,ManjuVTOI,31,True
2145,Tweet,ASoloski,archiebland,237,False
2105,Tweet,ASoloski,stevenpoole,146,False
2191,Tweet,ASoloski,timatkin,14,True
2112,Tweet,ASoloski,sio_burke,20,True
2154,Tweet,ASoloski,thrasherxy,16,True
2126,Tweet,ASoloski,allegramcevedy,31,True
2104,Tweet,ASoloski,saumyajitbTOI,16,True
2111,Tweet,ASoloski,jonpareles,14,True
2186,Tweet,ASoloski,melissaclark,8,True
2174,Tweet,ASoloski,hadleyfreeman,192,False
2155,Tweet,ASoloski,GiniaNYT,27,True
2102,Tweet,ASoloski,divyapal2013,206,False
2170,Tweet,ASoloski,jimwaterson,59,False
2173,Tweet,ASoloski,mtomasky,61,False
2141,Tweet,ASoloski,debaratisen,48,False
18044,Article,RorySmith,melissaclark,29,True
18048,Article,RorySmith,MarcusMergulhao,25,True
18003,Article,RorySmith,IKershner,14,True
18042,Article,RorySmith,andrewrsorkin,18,True
18056,Article,RorySmith,nmcintosh,11,True
18074,Article,RorySmith,toi_rohanA,20,True
18094,Article,RorySmith,kbennhold,27,True
18038,Article,RorySmith,ianrausten,38,False
18059,Article,RorySmith,seaningle,10,True
18002,Article,RorySmith,sudeshnagTOI,23,True
18037,Article,RorySmith,sudeshnagTOI,27,True
18071,Article,RorySmith,seaningle,31,True
18032,Article,RorySmith,Markbeaumontuk,66,False
18087,Article,RorySmith,philipoltermann,32,True
18022,Article,RorySmith,PatrickKingsley,10,True
18165,Tweet,RorySmith,billicritic,28,True
18139,Tweet,RorySmith,parthasinha,22,True
18154,Tweet,RorySmith,GeorgeMonbiot,20,True
18149,Tweet,RorySmith,andrewrsorkin,18,True
18163,Tweet,RorySmith,saumyajitbTOI,15,True
18178,Tweet,RorySmith,MarcusMergulhao,32,True
18183,Tweet,RorySmith,mtomasky,23,True
18121,Tweet,RorySmith,Shilarze_SSR,14,True
18113,Tweet,RorySmith,saumyajitbTOI,7,True
18177,Tweet,RorySmith,ianrausten,25,True
18159,Tweet,RorySmith,sudeshnagTOI,17,True
18138,Tweet,RorySmith,alexbellos,76,False
18106,Tweet,RorySmith,jonronson,27,True
18195,Tweet,RorySmith,NilsPratley,18,True
18157,Tweet,RorySmith,sarahchurchwell,21,True
172470,Article,anandbodhTOI,sisario,12,True
172511,Article,anandbodhTOI,saumyajitbTOI,15,True
172581,Article,anandbodhTOI,AndrewSparrow,14,True
172481,Article,anandbodhTOI,amitanandTOI,8,True
172442,Article,anandbodhTOI,toi_dhananjayM,23,True
172472,Article,anandbodhTOI,andrewrsorkin,10,True
172577,Article,anandbodhTOI,AlysFowler,5,True
172433,Article,anandbodhTOI,dipakdashTOI,31,True
172492,Article,anandbodhTOI,KateEMcCann,7,True
172576,Article,anandbodhTOI,PippaCrerar,29,True
172539,Article,anandbodhTOI,naomi2009,27,True
172479,Article,anandbodhTOI,AmritadTOI,25,True
172464,Article,anandbodhTOI,vaibhavgTOI,4,True
172501,Article,anandbodhTOI,toi_dhananjayM,5,True
172554,Article,anandbodhTOI,sushmi_dey,22,True
172748,Tweet,anandbodhTOI,rhymetraveller,29,True
172711,Tweet,anandbodhTOI,DekaJayanta,18,True
172686,Tweet,anandbodhTOI,AraniBasuTOI,98,False
172761,Tweet,anandbodhTOI,AjayUgrasTOI,27,True
172681,Tweet,anandbodhTOI,vijaypTOI,41,False
172691,Tweet,anandbodhTOI,MKSinghGkp,30,True
172765,Tweet,anandbodhTOI,AmritadTOI,17,True
172698,Tweet,anandbodhTOI,parthshastriTOI,143,False
172719,Tweet,anandbodhTOI,toi_shailendraA,16,True
172694,Tweet,anandbodhTOI,yeshikabudhwar,77,False
172772,Tweet,anandbodhTOI,pete_wells,194,False
172689,Tweet,anandbodhTOI,mateenHTOI,32,True
172703,Tweet,anandbodhTOI,EmmaBubola,3,True
172716,Tweet,anandbodhTOI,meeravohraTOI,57,False
172677,Tweet,anandbodhTOI,asrpmukeshTOI,48,False
18617,Article,ShaneGoldmacher,hugolowell,18,True
18690,Article,ShaneGoldmacher,IKershner,19,True
18638,Article,ShaneGoldmacher,peterbakernyt,44,False
18694,Article,ShaneGoldmacher,andrewrsorkin,12,True
18656,Article,ShaneGoldmacher,nytmike,6,True
18663,Article,ShaneGoldmacher,hugolowell,31,True
18625,Article,ShaneGoldmacher,hugolowell,17,True
18686,Article,ShaneGoldmacher,jamesrbuk,19,True
18614,Article,ShaneGoldmacher,marywalshjourno,15,True
18685,Article,ShaneGoldmacher,Azi,21,True
18699,Article,ShaneGoldmacher,peterbakernyt,17,True
18672,Article,ShaneGoldmacher,kenvogel,16,True
18658,Article,ShaneGoldmacher,andrewrsorkin,17,True
18650,Article,ShaneGoldmacher,Azi,3,True
18693,Article,ShaneGoldmacher,hugolowell,27,True
18733,Tweet,ShaneGoldmacher,hugolowell,7,True
18743,Tweet,ShaneGoldmacher,peterbakernyt,14,True
18762,Tweet,ShaneGoldmacher,hugolowell,23,True
18782,Tweet,ShaneGoldmacher,hugolowell,29,True
18750,Tweet,ShaneGoldmacher,attackerman,9,True
18781,Tweet,ShaneGoldmacher,hugolowell,29,True
18722,Tweet,ShaneGoldmacher,mtomasky,13,True
18721,Tweet,ShaneGoldmacher,NickAtNews,65,False
18783,Tweet,ShaneGoldmacher,philipoltermann,15,True
18715,Tweet,ShaneGoldmacher,paulkrugman,23,True
18732,Tweet,ShaneGoldmacher,Bencjacobs,27,True
18742,Tweet,ShaneGoldmacher,BhanupratapsTOI,67,False
18764,Tweet,ShaneGoldmacher,hugolowell,17,True
18724,Tweet,ShaneGoldmacher,kenvogel,3,True
18748,Tweet,ShaneGoldmacher,yeshikabudhwar,10,True
2251,Article,aurelienbrd,SribaalaVTOI,111,False
2236,Article,aurelienbrd,jamesrbuk,25,True
2253,Article,aurelienbrd,vwang3,14,True
2230,Article,aurelienbrd,KapildaveTOI,145,False
2278,Article,aurelienbrd,antontroian,5,True
2266,Article,aurelienbrd,ggreenwald,12,True
2213,Article,aurelienbrd,peterbakernyt,2,True
2285,Article,aurelienbrd,IKershner,14,True
2297,Article,aurelienbrd,EmmaBubola,7,True
2229,Article,aurelienbrd,patrickwintour,9,True
2248,Article,aurelienbrd,NYTBen,10,True
2243,Article,aurelienbrd,declanwalsh,57,False
2281,Article,aurelienbrd,Bencjacobs,2,True
2249,Article,aurelienbrd,alexanderburns,193,False
2218,Article,aurelienbrd,dwightgarner,10,True
2376,Tweet,aurelienbrd,ManjuVTOI,39,False
2308,Tweet,aurelienbrd,nytmike,4,True
2337,Tweet,aurelienbrd,NYTimesCohen,228,False
2384,Tweet,aurelienbrd,ASoloski,70,False
2303,Tweet,aurelienbrd,kiracochrane,329,False
2394,Tweet,aurelienbrd,jorifinkel,97,False
2307,Tweet,aurelienbrd,murarishetyeTOI,123,False
2318,Tweet,aurelienbrd,lenoretaylor,173,False
2348,Tweet,aurelienbrd,jonathanwatts,80,False
2323,Tweet,aurelienbrd,payaldhawanTOI,94,False
2313,Tweet,aurelienbrd,SribaalaVTOI,12,True
2379,Tweet,aurelienbrd,TanyaGold1,51,False
2342,Tweet,aurelienbrd,IKershner,7,True
2344,Tweet,aurelienbrd,carolecadwalla,252,False
2346,Tweet,aurelienbrd,IKershner,9,True
145746,Article,AnushkaAsthana,KateEMcCann,27,True
145740,Article,AnushkaAsthana,FelicityCloake,150,False
145581,Article,AnushkaAsthana,aleksk,27,True
145749,Article,AnushkaAsthana,paulmasonnews,32,True
145659,Article,AnushkaAsthana,DeccaJourno,23,True
145723,Article,AnushkaAsthana,KateEMcCann,32,True
145561,Article,AnushkaAsthana,ollywainwright,67,False
145599,Article,AnushkaAsthana,PeterTatchell,23,True
145603,Article,AnushkaAsthana,KateEMcCann,30,True
145696,Article,AnushkaAsthana,AndrewSparrow,21,True
145563,Article,AnushkaAsthana,charltonbrooker,21,True
145557,Article,AnushkaAsthana,GeorgeMonbiot,74,False
145679,Article,AnushkaAsthana,KateEMcCann,24,True
145747,Article,AnushkaAsthana,jbouie,292,False
145760,Article,AnushkaAsthana,KateEMcCann,31,True
145938,Tweet,AnushkaAsthana,ewenmacaskill,13,True
146299,Tweet,AnushkaAsthana,HemantaTOI,14,True
145819,Tweet,AnushkaAsthana,WilbyPeter,44,False
145844,Tweet,AnushkaAsthana,ArthurNeslen,3,True
146048,Tweet,AnushkaAsthana,williamnhutton,32,True
146087,Tweet,AnushkaAsthana,davidleighx,20,True
146097,Tweet,AnushkaAsthana,AshokPradhanTOI,94,False
145964,Tweet,AnushkaAsthana,ajaysuraTOI,30,True
145985,Tweet,AnushkaAsthana,NilsPratley,260,False
145990,Tweet,AnushkaAsthana,saumyajitbTOI,148,False
145814,Tweet,AnushkaAsthana,murarishetyeTOI,11,True
146384,Tweet,AnushkaAsthana,ajaysuraTOI,79,False
146377,Tweet,AnushkaAsthana,parthasinha,27,True
146073,Tweet,AnushkaAsthana,toi_dhananjayM,96,False
146270,Tweet,AnushkaAsthana,RebeccaSeal,3,True
171842,Article,amitanandTOI,jameskanter,18,True
171810,Article,amitanandTOI,niyatiparikhTOI,6,True
171956,Article,amitanandTOI,PhanindraP_TNIE,19,True
171898,Article,amitanandTOI,SiwachSukhbir,3,True
171841,Article,amitanandTOI,jameskanter,5,True
171957,Article,amitanandTOI,vishwamTOI,21,True
171743,Article,amitanandTOI,jameskanter,3,True
171779,Article,amitanandTOI,jbouie,305,False
171852,Article,amitanandTOI,sandhyanairTOI,6,True
171854,Article,amitanandTOI,patrickwintour,13,True
171945,Article,amitanandTOI,AshokPradhanTOI,19,True
171960,Article,amitanandTOI,williamnhutton,10,True
171855,Article,amitanandTOI,amitanandTOI,1,True
171914,Article,amitanandTOI,rajatpTOI,6,True
171955,Article,amitanandTOI,BhanupratapsTOI,24,True
172016,Tweet,amitanandTOI,ManjuVTOI,31,True
172046,Tweet,amitanandTOI,toi_ManujaV,21,True
171988,Tweet,amitanandTOI,PhanindraP_TNIE,16,True
172075,Tweet,amitanandTOI,vijaysinghTOI,11,True
172067,Tweet,amitanandTOI,anandbodhTOI,14,True
171999,Tweet,amitanandTOI,rebeccaSTOI,14,True
172011,Tweet,amitanandTOI,IKershner,108,False
171985,Tweet,amitanandTOI,asrpmukeshTOI,20,True
172025,Tweet,amitanandTOI,SwatiMathurTOI,23,True
172008,Tweet,amitanandTOI,lisamonteiroTOI,9,True
172017,Tweet,amitanandTOI,Shilarze_SSR,133,False
171986,Tweet,amitanandTOI,BhanupratapsTOI,31,True
172041,Tweet,amitanandTOI,AjayUgrasTOI,9,True
172035,Tweet,amitanandTOI,itsshibuthomas,28,True
172021,Tweet,amitanandTOI,ManjuVTOI,23,True
184795,Article,har_mandeep,GeorgeMonbiot,89,False
184861,Article,har_mandeep,mateenHTOI,28,True
184915,Article,har_mandeep,patrickwintour,71,False
184815,Article,har_mandeep,jameskanter,28,True
184941,Article,har_mandeep,AmritadTOI,39,False
184743,Article,har_mandeep,toi_dhananjayM,25,True
184873,Article,har_mandeep,_nicolaclark,19,True
184767,Article,har_mandeep,tarasbernard,32,True
184730,Article,har_mandeep,jameskanter,6,True
184745,Article,har_mandeep,ArunDev1,26,True
184827,Article,har_mandeep,jameskanter,7,True
184741,Article,har_mandeep,paulkrugman,42,False
184849,Article,har_mandeep,jameskanter,56,False
184805,Article,har_mandeep,toi_dhananjayM,20,True
184854,Article,har_mandeep,patrickwintour,13,True
185028,Tweet,har_mandeep,KapildaveTOI,23,True
184984,Tweet,har_mandeep,PatrickKingsley,6,True
185013,Tweet,har_mandeep,DSandip_TOI,23,True
184970,Tweet,har_mandeep,TOISH31,139,False
184992,Tweet,har_mandeep,har_mandeep,1,True
184951,Tweet,har_mandeep,toi_dhananjayM,61,False
185011,Tweet,har_mandeep,shafaquealamTOI,24,True
185031,Tweet,har_mandeep,ggreenwald,58,False
184997,Tweet,har_mandeep,AlysFowler,253,False
185032,Tweet,har_mandeep,ajaysuraTOI,238,False
184999,Tweet,har_mandeep,durgeshjhaTOI,119,False
185006,Tweet,har_mandeep,dubeyavishek,17,True
184991,Tweet,har_mandeep,rishachitlangia,22,True
184988,Tweet,har_mandeep,DouthatNYT,222,False
184947,Tweet,har_mandeep,Banjotkaur,64,False
61328,Article,peterbradshaw1,jayrayner1,7,True
61530,Article,peterbradshaw1,Markbeaumontuk,14,True
61515,Article,peterbradshaw1,hannahdev,17,True
61487,Article,peterbradshaw1,laurenlaverne,11,True
61427,Article,peterbradshaw1,greenslader,8,True
61445,Article,peterbradshaw1,benkenigsberg,17,True
61443,Article,peterbradshaw1,sarfrazmanzoor,10,True
61438,Article,peterbradshaw1,aurelienbrd,18,True
61360,Article,peterbradshaw1,timlottwriter,17,True
61406,Article,peterbradshaw1,SearleAdrian,11,True
61465,Article,peterbradshaw1,bglendenning,12,True
61331,Article,peterbradshaw1,ameliagentleman,10,True
61442,Article,peterbradshaw1,benkenigsberg,13,True
61419,Article,peterbradshaw1,sarfrazmanzoor,8,True
61431,Article,peterbradshaw1,carolecadwalla,7,True
61750,Tweet,peterbradshaw1,DerekMalcolm123,11,True
61731,Tweet,peterbradshaw1,GeorgeMonbiot,28,True
61977,Tweet,peterbradshaw1,arusbridger,207,False
61668,Tweet,peterbradshaw1,jfordham_jazz,30,True
62063,Tweet,peterbradshaw1,SearleAdrian,161,False
61538,Tweet,peterbradshaw1,jhoffman,26,True
61816,Tweet,peterbradshaw1,naomi2009,2,True
61602,Tweet,peterbradshaw1,AraniBasuTOI,247,False
62128,Tweet,peterbradshaw1,davidhepworth,252,False
61681,Tweet,peterbradshaw1,stevenpoole,27,True
61806,Tweet,peterbradshaw1,alexvtunzelmann,27,True
61969,Tweet,peterbradshaw1,alexvtunzelmann,26,True
61859,Tweet,peterbradshaw1,alexvtunzelmann,28,True
61696,Tweet,peterbradshaw1,kumaraswamykTOI,207,False
61931,Tweet,peterbradshaw1,MarinaHyde,210,False
171158,Article,akhileshsTOI,007pandey,20,True
171105,Article,akhileshsTOI,toi_dhananjayM,26,True
171223,Article,akhileshsTOI,dipakdashTOI,26,True
171198,Article,akhileshsTOI,nandinisgTOI,22,True
171086,Article,akhileshsTOI,BawaNaaved,23,True
171226,Article,akhileshsTOI,jameskanter,28,True
171118,Article,akhileshsTOI,KapildaveTOI,18,True
171245,Article,akhileshsTOI,AniltheMatrix,95,False
171131,Article,akhileshsTOI,_nicolaclark,21,True
171242,Article,akhileshsTOI,akhileshsTOI,1,True
171095,Article,akhileshsTOI,jameskanter,24,True
171214,Article,akhileshsTOI,_nicolaclark,27,True
171070,Article,akhileshsTOI,jameskanter,16,True
171192,Article,akhileshsTOI,BawaNaaved,15,True
171090,Article,akhileshsTOI,amitanandTOI,26,True
171344,Tweet,akhileshsTOI,ChaitanyadTOI,65,False
171336,Tweet,akhileshsTOI,akhileshsTOI,1,True
171378,Tweet,akhileshsTOI,dubeyavishek,74,False
171320,Tweet,akhileshsTOI,neelam_raaj,46,False
171324,Tweet,akhileshsTOI,ArunDev1,65,False
171348,Tweet,akhileshsTOI,MohitaTOI,13,True
171292,Tweet,akhileshsTOI,williamnhutton,407,False
171314,Tweet,akhileshsTOI,ollywainwright,234,False
171335,Tweet,akhileshsTOI,toi_ManujaV,42,False
171317,Tweet,akhileshsTOI,PjJoychen,30,True
171376,Tweet,akhileshsTOI,BhanupratapsTOI,124,False
171289,Tweet,akhileshsTOI,ollywainwright,121,False
171362,Tweet,akhileshsTOI,AraniBasuTOI,117,False
171360,Tweet,akhileshsTOI,sudhanshub16,147,False
171370,Tweet,akhileshsTOI,AlysFowler,20,True
203175,Article,Pratiks_TOI,aseemsgujar,27,True
203210,Article,Pratiks_TOI,PjJoychen,22,True
203041,Article,Pratiks_TOI,bindiyachariTOI,11,True
203076,Article,Pratiks_TOI,rebeccaSTOI,81,False
203058,Article,Pratiks_TOI,juliemTOI,25,True
202976,Article,Pratiks_TOI,rajendrasTOI,6,True
202984,Article,Pratiks_TOI,TOISH31,25,True
203083,Article,Pratiks_TOI,SwatiMathurTOI,27,True
203168,Article,Pratiks_TOI,AndrewSparrow,20,True
202998,Article,Pratiks_TOI,anandbodhTOI,22,True
203203,Article,Pratiks_TOI,PhanindraP_TNIE,26,True
203155,Article,Pratiks_TOI,AshokPradhanTOI,17,True
203129,Article,Pratiks_TOI,AshokPradhanTOI,29,True
203050,Article,Pratiks_TOI,manujaveerappa,4,True
203044,Article,Pratiks_TOI,PhanindraP_TNIE,28,True
203275,Tweet,Pratiks_TOI,jayamenon64,29,True
203270,Tweet,Pratiks_TOI,chrishughes,337,False
203241,Tweet,Pratiks_TOI,Pratiks_TOI,1,True
203233,Tweet,Pratiks_TOI,TridibIANS,13,True
203251,Tweet,Pratiks_TOI,Pratiks_TOI,1,True
203227,Tweet,Pratiks_TOI,AraniBasuTOI,66,False
203268,Tweet,Pratiks_TOI,priyagupta999,23,True
203282,Tweet,Pratiks_TOI,TimdeLisle,53,False
203247,Tweet,Pratiks_TOI,murarishetye,3,True
203249,Tweet,Pratiks_TOI,SunilSubaiah,18,True
203264,Tweet,Pratiks_TOI,bindiyachariTOI,6,True
203317,Tweet,Pratiks_TOI,vijaypTOI,4,True
203234,Tweet,Pratiks_TOI,AraniBasuTOI,76,False
203295,Tweet,Pratiks_TOI,vijaypTOI,2,True
203310,Tweet,Pratiks_TOI,Pratiks_TOI,1,True
14644,Article,NeilMacFarquhar,declanwalsh,32,True
14619,Article,NeilMacFarquhar,NeilMacFarquhar,1,True
14647,Article,NeilMacFarquhar,noamscheiber,34,False
14620,Article,NeilMacFarquhar,murarishetyeTOI,29,True
14674,Article,NeilMacFarquhar,antontroian,15,True
14678,Article,NeilMacFarquhar,salihughes,157,False
14666,Article,NeilMacFarquhar,bydanielvictor,21,True
14652,Article,NeilMacFarquhar,alexmarshall81,3,True
14681,Article,NeilMacFarquhar,AnaSwanson,2,True
14667,Article,NeilMacFarquhar,stevenerlanger,14,True
14680,Article,NeilMacFarquhar,bydanielvictor,98,False
14655,Article,NeilMacFarquhar,NikiKitsantonis,2,True
14679,Article,NeilMacFarquhar,ElisabethMalkin,29,True
14600,Article,NeilMacFarquhar,marcatracy,27,True
14670,Article,NeilMacFarquhar,murarishetyeTOI,26,True
14779,Tweet,NeilMacFarquhar,ChuBailiang,15,True
14791,Tweet,NeilMacFarquhar,pradeeptTOI,8,True
14770,Tweet,NeilMacFarquhar,rondakaysen,14,True
14752,Tweet,NeilMacFarquhar,vijaypTOI,156,False
14705,Tweet,NeilMacFarquhar,gettleman,16,True
14797,Tweet,NeilMacFarquhar,ukigoni,31,True
14709,Tweet,NeilMacFarquhar,akhileshsTOI,55,False
14703,Tweet,NeilMacFarquhar,NYTLiz,26,True
14740,Tweet,NeilMacFarquhar,vijayVsinghTOI,10,True
14772,Tweet,NeilMacFarquhar,ggreenwald,17,True
14780,Tweet,NeilMacFarquhar,alexvtunzelmann,11,True
14789,Tweet,NeilMacFarquhar,GlennThrush,17,True
14775,Tweet,NeilMacFarquhar,attackerman,43,False
14790,Tweet,NeilMacFarquhar,murarishetye,21,True
14707,Tweet,NeilMacFarquhar,carolecadwalla,235,False
150694,Article,DanielKingChess,lindasgrant,12,True
150682,Article,DanielKingChess,timlottwriter,58,False
150668,Article,DanielKingChess,RowennaDavis,21,True
150569,Article,DanielKingChess,williamnhutton,12,True
150623,Article,DanielKingChess,davidhepworth,30,True
150656,Article,DanielKingChess,RowennaDavis,8,True
150670,Article,DanielKingChess,lindasgrant,18,True
150467,Article,DanielKingChess,jonathanwatts,24,True
150632,Article,DanielKingChess,RowennaDavis,29,True
150576,Article,DanielKingChess,bindiyachariTOI,13,True
150490,Article,DanielKingChess,axrenton,17,True
150556,Article,DanielKingChess,nmcintosh,29,True
150593,Article,DanielKingChess,somitsenTOI,21,True
150557,Article,DanielKingChess,lindasgrant,29,True
150665,Article,DanielKingChess,paulmasonnews,18,True
150993,Tweet,DanielKingChess,MarcusMergulhao,104,False
150764,Tweet,DanielKingChess,CarolineLucas,3,True
150817,Tweet,DanielKingChess,Shreyanka_M,16,True
150792,Tweet,DanielKingChess,polblonde,114,False
151092,Tweet,DanielKingChess,ArthurNeslen,4,True
150721,Tweet,DanielKingChess,jatinder_tur,21,True
151252,Tweet,DanielKingChess,parthasinha,127,False
150776,Tweet,DanielKingChess,TridibIANS,40,False
150864,Tweet,DanielKingChess,jfordham_jazz,5,True
150981,Tweet,DanielKingChess,CarolineLucas,78,False
150982,Tweet,DanielKingChess,vijaysinghTOI,8,True
150966,Tweet,DanielKingChess,Banjotkaur,118,False
151288,Tweet,DanielKingChess,alexvtunzelmann,2,True
151258,Tweet,DanielKingChess,SyedAkbarTOI,89,False
150753,Tweet,DanielKingChess,joecoscarelli,51,False
32007,Article,llerer,KapildaveTOI,30,True
32017,Article,llerer,Azi,29,True
32018,Article,llerer,LFFriedman,22,True
32077,Article,llerer,kannoyoungs,32,True
32046,Article,llerer,tripgabriel,26,True
32044,Article,llerer,hillhulse,11,True
32094,Article,llerer,sangerkatz,28,True
32022,Article,llerer,ESCochrane,21,True
32029,Article,llerer,gettinviggy,30,True
32049,Article,llerer,reidepstein,27,True
32008,Article,llerer,GlennThrush,27,True
32002,Article,llerer,Bencjacobs,10,True
32025,Article,llerer,sangerkatz,117,False
32034,Article,llerer,kannoyoungs,23,True
32074,Article,llerer,sangerkatz,22,True
32135,Tweet,llerer,toi_dhananjayM,9,True
32196,Tweet,llerer,niyatiparikhTOI,21,True
32104,Tweet,llerer,vijayVsinghTOI,21,True
32191,Tweet,llerer,SocialQPhilip,7,True
32154,Tweet,llerer,hugolowell,21,True
32145,Tweet,llerer,thrasherxy,71,False
32147,Tweet,llerer,gabyhinsliff,132,False
32116,Tweet,llerer,RBReich,22,True
32110,Tweet,llerer,ggreenwald,38,False
32174,Tweet,llerer,davidleighx,105,False
32195,Tweet,llerer,Bencjacobs,30,True
32128,Tweet,llerer,charlie_savage,22,True
32199,Tweet,llerer,alexbellos,168,False
32170,Tweet,llerer,jbouie,10,True
32190,Tweet,llerer,jessbidgood,30,True
126930,Article,jamesrbuk,salihughes,40,False
126847,Article,jamesrbuk,CeylanWrites,41,False
126934,Article,jamesrbuk,KateEMcCann,93,False
126978,Article,jamesrbuk,ditzkoff,18,True
126998,Article,jamesrbuk,NikiKitsantonis,22,True
126959,Article,jamesrbuk,michelleinbklyn,67,False
127049,Article,jamesrbuk,IanCobain,10,True
126827,Article,jamesrbuk,dwightgarner,45,False
126893,Article,jamesrbuk,sendvictorious,189,False
126952,Article,jamesrbuk,salihughes,11,True
127010,Article,jamesrbuk,john_hooper,10,True
126925,Article,jamesrbuk,Markbeaumontuk,66,False
126981,Article,jamesrbuk,Markbeaumontuk,16,True
127015,Article,jamesrbuk,jimwaterson,2,True
126912,Article,jamesrbuk,patrickwintour,46,False
127466,Tweet,jamesrbuk,allegramcevedy,142,False
127143,Tweet,jamesrbuk,timjonze,157,False
127173,Tweet,jamesrbuk,jackschofield,38,False
127594,Tweet,jamesrbuk,alanconnor,66,False
127446,Tweet,jamesrbuk,salihughes,59,False
127573,Tweet,jamesrbuk,alexbellos,146,False
127250,Tweet,jamesrbuk,FabrizioRomano,75,False
127339,Tweet,jamesrbuk,desaisantosh,151,False
127637,Tweet,jamesrbuk,jhoffman,198,False
127355,Tweet,jamesrbuk,LauraCummingArt,101,False
127412,Tweet,jamesrbuk,neelam_raaj,121,False
127342,Tweet,jamesrbuk,kylebuchanan,192,False
127426,Tweet,jamesrbuk,john_hooper,291,False
127160,Tweet,jamesrbuk,FranklinBlog,6,True
127108,Tweet,jamesrbuk,jillfilipovic,3,True
168870,Article,AditiZero,Crime_Selvaraj,16,True
168895,Article,AditiZero,SindhukTOI,47,False
168962,Article,AditiZero,damiencave,140,False
168917,Article,AditiZero,maheshbTOI,22,True
168954,Article,AditiZero,sandhyanairTOI,34,False
168902,Article,AditiZero,Crime_Selvaraj,24,True
168934,Article,AditiZero,toi_dhananjayM,22,True
168841,Article,AditiZero,ThevarSteffy,18,True
168933,Article,AditiZero,Crime_Selvaraj,30,True
168925,Article,AditiZero,ManjuVTOI,16,True
168816,Article,AditiZero,rashmidTOI,10,True
168873,Article,AditiZero,Crime_Selvaraj,31,True
168969,Article,AditiZero,ThevarSteffy,27,True
169004,Article,AditiZero,AmritadTOI,2,True
168828,Article,AditiZero,AmritadTOI,31,True
169129,Tweet,AditiZero,AjayUgrasTOI,45,False
169063,Tweet,AditiZero,sandhyanairTOI,9,True
169144,Tweet,AditiZero,parthasinha,204,False
169055,Tweet,AditiZero,SyedAkbarTOI,50,False
169052,Tweet,AditiZero,minatisinghaTOI,3,True
169125,Tweet,AditiZero,pradeeptTOI,28,True
169072,Tweet,AditiZero,journo_vibha,32,True
169082,Tweet,AditiZero,BhanupratapsTOI,73,False
169121,Tweet,AditiZero,dubeyavishek,70,False
169069,Tweet,AditiZero,maheshbTOI,25,True
169075,Tweet,AditiZero,ThevarSteffy,74,False
169080,Tweet,AditiZero,PNaveenTOI,32,True
169102,Tweet,AditiZero,advityabahlTOI,31,True
169067,Tweet,AditiZero,PeterTatchell,112,False
169076,Tweet,AditiZero,rebeccaSTOI,66,False
35048,Article,NYTLiz,peterbakernyt,78,False
35007,Article,NYTLiz,peterbakernyt,160,False
35017,Article,NYTLiz,NYTLiz,1,True
35010,Article,NYTLiz,hugolowell,69,False
35019,Article,NYTLiz,anemonanyc,7,True
35092,Article,NYTLiz,Bencjacobs,67,False
35049,Article,NYTLiz,michelleinbklyn,153,False
35034,Article,NYTLiz,Azi,106,False
35079,Article,NYTLiz,KapildaveTOI,101,False
35033,Article,NYTLiz,jeannasmialek,8,True
35088,Article,NYTLiz,gettinviggy,66,False
35098,Article,NYTLiz,dionnesearcey,59,False
35089,Article,NYTLiz,GlennThrush,57,False
35021,Article,NYTLiz,andrewrsorkin,68,False
35053,Article,NYTLiz,ggreenwald,2,True
35111,Tweet,NYTLiz,bindelj,231,False
35158,Tweet,NYTLiz,afuahirsch,65,False
35159,Tweet,NYTLiz,hugolowell,51,False
35115,Tweet,NYTLiz,thrasherxy,95,False
35160,Tweet,NYTLiz,yeshikabudhwar,113,False
35120,Tweet,NYTLiz,FabrizioRomano,17,True
35194,Tweet,NYTLiz,sermoninstone,69,False
35119,Tweet,NYTLiz,aleksk,96,False
35152,Tweet,NYTLiz,debaratisen,38,False
35173,Tweet,NYTLiz,attackerman,29,True
35113,Tweet,NYTLiz,christophclarey,32,True
35168,Tweet,NYTLiz,jamesrbuk,50,False
35172,Tweet,NYTLiz,MarinaHyde,129,False
35174,Tweet,NYTLiz,ManjuVTOI,147,False
35147,Tweet,NYTLiz,archiebland,20,True
117198,Article,garyyounge,DouthatNYT,70,False
117234,Article,garyyounge,tushhaikhush,79,False
117276,Article,garyyounge,MaggieAstor,51,False
117183,Article,garyyounge,EVincentelli,123,False
117224,Article,garyyounge,DeccaJourno,31,True
117204,Article,garyyounge,chiggi,67,False
117138,Article,garyyounge,jbouie,40,False
117123,Article,garyyounge,nauzerbTOI,213,False
117176,Article,garyyounge,sio_burke,52,False
117179,Article,garyyounge,JessicaValenti,22,True
117064,Article,garyyounge,jbouie,27,True
117082,Article,garyyounge,sio_burke,52,False
117279,Article,garyyounge,dwightgarner,280,False
117149,Article,garyyounge,bindelj,17,True
117167,Article,garyyounge,Markbeaumontuk,81,False
117459,Tweet,garyyounge,adwaidh,86,False
117362,Tweet,garyyounge,ByMattStevens,69,False
117422,Tweet,garyyounge,declanwalsh,95,False
117418,Tweet,garyyounge,ollywainwright,61,False
117487,Tweet,garyyounge,SearleAdrian,25,True
117413,Tweet,garyyounge,kylebuchanan,102,False
117471,Tweet,garyyounge,domphillips,92,False
117517,Tweet,garyyounge,ianrausten,69,False
117354,Tweet,garyyounge,williamnhutton,131,False
117408,Tweet,garyyounge,williamkeegan,157,False
117548,Tweet,garyyounge,naomi2009,71,False
117337,Tweet,garyyounge,PeterTatchell,26,True
117328,Tweet,garyyounge,martcrossy,145,False
117538,Tweet,garyyounge,elizabday,19,True
117450,Tweet,garyyounge,murarishetye,65,False
96060,Article,patrickwintour,KateEMcCann,25,True
96070,Article,patrickwintour,KateEMcCann,25,True
95987,Article,patrickwintour,marthakelner,17,True
96088,Article,patrickwintour,StacyCowley,260,False
96086,Article,patrickwintour,KateEMcCann,4,True
96182,Article,patrickwintour,williamnhutton,5,True
96175,Article,patrickwintour,JoshuaRozenberg,2,True
96079,Article,patrickwintour,OfficeGSBrown,5,True
95988,Article,patrickwintour,KateEMcCann,28,True
96119,Article,patrickwintour,ewenmacaskill,14,True
96121,Article,patrickwintour,EmmaBubola,55,False
95977,Article,patrickwintour,AmritadTOI,55,False
96084,Article,patrickwintour,marthakelner,27,True
96158,Article,patrickwintour,AnushkaAsthana,15,True
95978,Article,patrickwintour,marthakelner,21,True
96705,Tweet,patrickwintour,PippaCrerar,24,True
96333,Tweet,patrickwintour,sunny_hundal,103,False
96245,Tweet,patrickwintour,sunny_hundal,81,False
96592,Tweet,patrickwintour,anandbodhTOI,17,True
96317,Tweet,patrickwintour,AjayUgrasTOI,31,True
96643,Tweet,patrickwintour,vijayVsinghTOI,122,False
96383,Tweet,patrickwintour,pradeepjourno,46,False
96701,Tweet,patrickwintour,ajaysuraTOI,99,False
96419,Tweet,patrickwintour,timlottwriter,360,False
96726,Tweet,patrickwintour,sunny_hundal,10,True
96282,Tweet,patrickwintour,PippaCrerar,16,True
96714,Tweet,patrickwintour,ukigoni,7,True
96440,Tweet,patrickwintour,thestephmerritt,188,False
96495,Tweet,patrickwintour,bagishjhaTOI,167,False
96350,Tweet,patrickwintour,vaibhavgTOI,16,True
204026,Article,psangeetha2112,DerekMalcolm123,21,True
204054,Article,psangeetha2112,bindiyachariTOI,130,False
204022,Article,psangeetha2112,ramendrasTOI,30,True
204088,Article,psangeetha2112,jfordham_jazz,31,True
204107,Article,psangeetha2112,sarahlyall,31,True
204052,Article,psangeetha2112,genznyt,24,True
204108,Article,psangeetha2112,ajaysuraTOI,27,True
204103,Article,psangeetha2112,annanorthtweets,179,False
204055,Article,psangeetha2112,ChaithanyaSwamy,100,False
204120,Article,psangeetha2112,UttaraVarmaTOI,55,False
204106,Article,psangeetha2112,AmritadTOI,15,True
204035,Article,psangeetha2112,DSandip_TOI,107,False
204081,Article,psangeetha2112,ShoebKhanTOI,28,True
204094,Article,psangeetha2112,SyedAkbarTOI,25,True
204046,Article,psangeetha2112,PNaveenTOI,15,True
204161,Tweet,psangeetha2112,ThevarSteffy,10,True
204183,Tweet,psangeetha2112,AlysFowler,11,True
204164,Tweet,psangeetha2112,debaratisen,11,True
204234,Tweet,psangeetha2112,aleksk,178,False
204146,Tweet,psangeetha2112,Shreyanka_M,21,True
204192,Tweet,psangeetha2112,jhoffman,202,False
204180,Tweet,psangeetha2112,psangeetha2112,1,True
204201,Tweet,psangeetha2112,AditiZero,182,False
204187,Tweet,psangeetha2112,neelam_raaj,9,True
204215,Tweet,psangeetha2112,SocialQPhilip,118,False
204172,Tweet,psangeetha2112,neelam_raaj,28,True
204160,Tweet,psangeetha2112,ollywainwright,80,False
204177,Tweet,psangeetha2112,UttaraVarmaTOI,36,False
204144,Tweet,psangeetha2112,afuahirsch,226,False
204147,Tweet,psangeetha2112,sendvictorious,109,False
204705,Article,rajendrasTOI,mateenHTOI,32,True
204616,Article,rajendrasTOI,akhileshsTOI,18,True
204672,Article,rajendrasTOI,vijayVsinghTOI,19,True
204660,Article,rajendrasTOI,AjayUgrasTOI,28,True
204734,Article,rajendrasTOI,vijayVsinghTOI,20,True
204624,Article,rajendrasTOI,ipsinghTOI,31,True
204715,Article,rajendrasTOI,CarolineLucas,23,True
204597,Article,rajendrasTOI,jameskanter,24,True
204768,Article,rajendrasTOI,minatisinghaTOI,24,True
204731,Article,rajendrasTOI,toi_dhananjayM,29,True
204726,Article,rajendrasTOI,AjayUgrasTOI,29,True
204812,Article,rajendrasTOI,petleepeter,29,True
204651,Article,rajendrasTOI,toi_dhananjayM,31,True
204602,Article,rajendrasTOI,bindiyachariTOI,15,True
204791,Article,rajendrasTOI,jameskanter,18,True
204935,Tweet,rajendrasTOI,ShrinivasaMTOI,8,True
204940,Tweet,rajendrasTOI,SribaalaVTOI,31,True
204867,Tweet,rajendrasTOI,asrpmukeshTOI,38,False
204887,Tweet,rajendrasTOI,Crime_Selvaraj,31,True
204911,Tweet,rajendrasTOI,bindiyachariTOI,31,True
204924,Tweet,rajendrasTOI,dklavaniaTOI,251,False
204843,Tweet,rajendrasTOI,dkarthikTOI,10,True
204870,Tweet,rajendrasTOI,maheshbTOI,51,False
204933,Tweet,rajendrasTOI,yeshikabudhwar,31,True
204903,Tweet,rajendrasTOI,niyatiparikhTOI,39,False
204932,Tweet,rajendrasTOI,pradeeptTOI,30,True
204919,Tweet,rajendrasTOI,kush_junglee,30,True
204888,Tweet,rajendrasTOI,minatisinghaTOI,32,True
204873,Tweet,rajendrasTOI,vijayVsinghTOI,30,True
204912,Tweet,rajendrasTOI,neelam_raaj,36,False
120208,Article,FelicityCloake,emilybell,8,True
120080,Article,FelicityCloake,peterbakernyt,422,False
120067,Article,FelicityCloake,thestephmerritt,7,True
120033,Article,FelicityCloake,jennyschuessler,22,True
120020,Article,FelicityCloake,melissaclark,29,True
120197,Article,FelicityCloake,jayrayner1,25,True
120059,Article,FelicityCloake,RowennaDavis,7,True
120053,Article,FelicityCloake,nytDeniseGrady,61,False
120207,Article,FelicityCloake,anandbodhTOI,6,True
120187,Article,FelicityCloake,tushhaikhush,56,False
120236,Article,FelicityCloake,aleksk,13,True
120221,Article,FelicityCloake,annanorthtweets,35,False
120214,Article,FelicityCloake,pete_wells,18,True
120051,Article,FelicityCloake,billicritic,20,True
120148,Article,FelicityCloake,jbouie,274,False
120317,Tweet,FelicityCloake,timjonze,53,False
120416,Tweet,FelicityCloake,we_are_food,17,True
120632,Tweet,FelicityCloake,SearleAdrian,135,False
120413,Tweet,FelicityCloake,ollywainwright,13,True
120769,Tweet,FelicityCloake,Lattif,31,True
120447,Tweet,FelicityCloake,elizabday,25,True
120362,Tweet,FelicityCloake,CarolineLucas,22,True
120823,Tweet,FelicityCloake,ollywainwright,63,False
120427,Tweet,FelicityCloake,smita_mishra,30,True
120292,Tweet,FelicityCloake,thrasherxy,176,False
120788,Tweet,FelicityCloake,mtomasky,230,False
120724,Tweet,FelicityCloake,bglendenning,45,False
120588,Tweet,FelicityCloake,IAmTimDowling,31,True
120641,Tweet,FelicityCloake,007pandey,31,True
120538,Tweet,FelicityCloake,aditya_bh16,83,False
35489,Article,EricaLG,michelleinbklyn,45,False
35415,Article,EricaLG,andrewrsorkin,25,True
35475,Article,EricaLG,michelleinbklyn,119,False
35461,Article,EricaLG,tripgabriel,133,False
35453,Article,EricaLG,KapildaveTOI,25,True
35418,Article,EricaLG,pete_wells,85,False
35488,Article,EricaLG,ericschmittnyt,8,True
35408,Article,EricaLG,kenvogel,4,True
35406,Article,EricaLG,PatriciaMazzei,14,True
35459,Article,EricaLG,andrewrsorkin,13,True
35427,Article,EricaLG,FabrizioRomano,9,True
35400,Article,EricaLG,RorySmith,111,False
35487,Article,EricaLG,toi_dhananjayM,57,False
35445,Article,EricaLG,jessbidgood,7,True
35492,Article,EricaLG,hugolowell,28,True
35594,Tweet,EricaLG,bindelj,288,False
35513,Tweet,EricaLG,hadleyfreeman,21,True
35567,Tweet,EricaLG,LauraCummingArt,22,True
35534,Tweet,EricaLG,FabrizioRomano,19,True
35502,Tweet,EricaLG,reidepstein,35,False
35571,Tweet,EricaLG,divyapal2013,89,False
35565,Tweet,EricaLG,rpogrebin,61,False
35548,Tweet,EricaLG,LauraCummingArt,19,True
35529,Tweet,EricaLG,lukeharding1968,109,False
35532,Tweet,EricaLG,sermoninstone,14,True
35531,Tweet,EricaLG,LauraCummingArt,26,True
35508,Tweet,EricaLG,TOISH31,27,True
35509,Tweet,EricaLG,kumaraswamykTOI,23,True
35569,Tweet,EricaLG,MarcusMergulhao,87,False
35599,Tweet,EricaLG,oliverburkeman,253,False
20653,Article,ewong,PatrickKingsley,27,True
20646,Article,ewong,bydanielvictor,24,True
20626,Article,ewong,declanwalsh,15,True
20683,Article,ewong,npfandos,9,True
20612,Article,ewong,SangerNYT,19,True
20652,Article,ewong,SribaalaVTOI,5,True
20698,Article,ewong,NYTBen,14,True
20693,Article,ewong,ewong,1,True
20611,Article,ewong,PatrickKingsley,6,True
20601,Article,ewong,patrickwintour,35,False
20656,Article,ewong,NeilMacFarquhar,10,True
20666,Article,ewong,vwang3,32,True
20686,Article,ewong,SribaalaVTOI,19,True
20619,Article,ewong,patrickwintour,8,True
20679,Article,ewong,SribaalaVTOI,12,True
20728,Tweet,ewong,wesley_morris,156,False
20734,Tweet,ewong,aditya_bh16,85,False
20769,Tweet,ewong,ajaysuraTOI,227,False
20704,Tweet,ewong,paulmasonnews,141,False
20799,Tweet,ewong,amitanandTOI,350,False
20752,Tweet,ewong,Bencjacobs,92,False
20725,Tweet,ewong,niyatiparikhTOI,19,True
20731,Tweet,ewong,vijayVsinghTOI,27,True
20755,Tweet,ewong,hugolowell,20,True
20748,Tweet,ewong,TOISH31,216,False
20760,Tweet,ewong,viasimonromero,18,True
20770,Tweet,ewong,rajatpTOI,27,True
20736,Tweet,ewong,SagrikaKissu,161,False
20732,Tweet,ewong,vijayVsinghTOI,12,True
20742,Tweet,ewong,SocialQPhilip,110,False
69426,Article,greenslader,stevenpoole,27,True
69594,Article,greenslader,NikiKitsantonis,229,False
69487,Article,greenslader,KateEMcCann,32,True
69448,Article,greenslader,gabyhinsliff,89,False
69625,Article,greenslader,DerekMalcolm123,29,True
69557,Article,greenslader,greenslader,1,True
69503,Article,greenslader,sendvictorious,23,True
69430,Article,greenslader,msmirandasawyer,98,False
69599,Article,greenslader,GeorgeMonbiot,27,True
69439,Article,greenslader,JessicaValenti,191,False
69520,Article,greenslader,sisario,42,False
69484,Article,greenslader,DerekMalcolm123,28,True
69607,Article,greenslader,thestephmerritt,23,True
69438,Article,greenslader,noamscheiber,296,False
69414,Article,greenslader,marthakelner,119,False
69650,Tweet,greenslader,patrickwintour,151,False
70099,Tweet,greenslader,LeoHickman,13,True
69834,Tweet,greenslader,MonaChalabi,42,False
70171,Tweet,greenslader,attackerman,35,False
69895,Tweet,greenslader,AlysFowler,5,True
69867,Tweet,greenslader,alexvtunzelmann,8,True
69771,Tweet,greenslader,PeterTatchell,4,True
69756,Tweet,greenslader,SwatiShindeTOI,49,False
69952,Tweet,greenslader,mswainwright,21,True
69970,Tweet,greenslader,CarolineLucas,24,True
69654,Tweet,greenslader,alexvtunzelmann,3,True
70104,Tweet,greenslader,vijaysinghTOI,6,True
70090,Tweet,greenslader,bindelj,12,True
69982,Tweet,greenslader,lenoretaylor,22,True
69922,Tweet,greenslader,stevenpoole,29,True
178445,Article,bishnoiarvind11,toi_dhananjayM,34,False
178410,Article,bishnoiarvind11,jameskanter,53,False
178499,Article,bishnoiarvind11,toi_dhananjayM,32,True
178413,Article,bishnoiarvind11,sudhanshub16,62,False
178417,Article,bishnoiarvind11,thestephmerritt,83,False
178371,Article,bishnoiarvind11,bydanielvictor,91,False
178447,Article,bishnoiarvind11,anandbodhTOI,23,True
178520,Article,bishnoiarvind11,AlokKNMishra,28,True
178391,Article,bishnoiarvind11,arusbridger,122,False
178396,Article,bishnoiarvind11,SidharthB25,44,False
178500,Article,bishnoiarvind11,niyatiparikhTOI,57,False
178313,Article,bishnoiarvind11,dubeyavishek,7,True
178361,Article,bishnoiarvind11,yeshikabudhwar,24,True
178524,Article,bishnoiarvind11,KTVinobhaTOI,17,True
178395,Article,bishnoiarvind11,ShrinivasaMTOI,27,True
178553,Tweet,bishnoiarvind11,akhileshsTOI,69,False
178592,Tweet,bishnoiarvind11,shafaquealamTOI,69,False
178571,Tweet,bishnoiarvind11,vaibhavgTOI,12,True
178565,Tweet,bishnoiarvind11,PhanindraP_TNIE,17,True
178566,Tweet,bishnoiarvind11,PhanindraP_TNIE,42,False
178588,Tweet,bishnoiarvind11,vijayVsinghTOI,102,False
178544,Tweet,bishnoiarvind11,PhanindraP_TNIE,35,False
178627,Tweet,bishnoiarvind11,PhanindraP_TNIE,39,False
178585,Tweet,bishnoiarvind11,PhanindraP_TNIE,13,True
178591,Tweet,bishnoiarvind11,PeterTatchell,20,True
178559,Tweet,bishnoiarvind11,Mahafreed_Irani,16,True
178584,Tweet,bishnoiarvind11,AditiZero,41,False
178599,Tweet,bishnoiarvind11,FranklinBlog,13,True
178617,Tweet,bishnoiarvind11,FranklinBlog,11,True
178532,Tweet,bishnoiarvind11,ajaysuraTOI,3,True
17662,Article,RichSandomir,rachlharris,19,True
17692,Article,RichSandomir,RaphaelMinder,15,True
17699,Article,RichSandomir,rondakaysen,222,False
17644,Article,RichSandomir,IKershner,18,True
17613,Article,RichSandomir,ASoloski,15,True
17651,Article,RichSandomir,NewtonSTOI,126,False
17628,Article,RichSandomir,RebeccaSeal,16,True
17656,Article,RichSandomir,BellaKwai,19,True
17665,Article,RichSandomir,ChuBailiang,64,False
17655,Article,RichSandomir,PeterTatchell,39,False
17672,Article,RichSandomir,007pandey,66,False
17610,Article,RichSandomir,SarahMaslinNir,14,True
17670,Article,RichSandomir,ElianPeltier,19,True
17695,Article,RichSandomir,binays1960,11,True
17627,Article,RichSandomir,RichSandomir,1,True
17748,Tweet,RichSandomir,jillfilipovic,18,True
17709,Tweet,RichSandomir,timlottwriter,48,False
17791,Tweet,RichSandomir,TOISH31,39,False
17780,Tweet,RichSandomir,Shreyanka_M,114,False
17710,Tweet,RichSandomir,vanbadham,24,True
17758,Tweet,RichSandomir,npfandos,61,False
17704,Tweet,RichSandomir,BenWeiserNYT,118,False
17751,Tweet,RichSandomir,billmpennington,9,True
17754,Tweet,RichSandomir,zwoolfe,138,False
17764,Tweet,RichSandomir,leninology,59,False
17794,Tweet,RichSandomir,FranklinBlog,92,False
17735,Tweet,RichSandomir,lisamonteiroTOI,47,False
17717,Tweet,RichSandomir,MoharBasu,253,False
17740,Tweet,RichSandomir,priyagupta999,8,True
17798,Tweet,RichSandomir,brooksbarnesNYT,17,True
23614,Article,sarahlyall,pete_wells,9,True
23685,Article,sarahlyall,pete_wells,71,False
23638,Article,sarahlyall,jwpetersNYT,77,False
23604,Article,sarahlyall,IKershner,23,True
23661,Article,sarahlyall,davidhepworth,46,False
23610,Article,sarahlyall,DanBilefsky,24,True
23660,Article,sarahlyall,NYTBen,45,False
23671,Article,sarahlyall,tomdyckhoff,28,True
23678,Article,sarahlyall,GiniaNYT,28,True
23663,Article,sarahlyall,andrew_mueller,19,True
23666,Article,sarahlyall,sangerkatz,23,True
23698,Article,sarahlyall,jennyschuessler,127,False
23699,Article,sarahlyall,andrewrsorkin,226,False
23688,Article,sarahlyall,bindiyachariTOI,193,False
23696,Article,sarahlyall,ElisabethMalkin,50,False
23770,Tweet,sarahlyall,TimdeLisle,65,False
23701,Tweet,sarahlyall,saumyajitbTOI,29,True
23711,Tweet,sarahlyall,LauraCummingArt,11,True
23702,Tweet,sarahlyall,TanyaGold1,36,False
23743,Tweet,sarahlyall,MonaChalabi,106,False
23779,Tweet,sarahlyall,TOISH31,25,True
23718,Tweet,sarahlyall,sudhanshub16,27,True
23712,Tweet,sarahlyall,saumyajitbTOI,25,True
23766,Tweet,sarahlyall,wesley_morris,22,True
23754,Tweet,sarahlyall,lucysiegle,31,True
23735,Tweet,sarahlyall,LauraCummingArt,38,False
23714,Tweet,sarahlyall,DerekMalcolm123,17,True
23761,Tweet,sarahlyall,AlysFowler,44,False
23725,Tweet,sarahlyall,pete_wells,9,True
23757,Tweet,sarahlyall,jhoffman,215,False
219890,Article,vaibhavgTOI,salihughes,124,False
219723,Article,vaibhavgTOI,niyatiparikhTOI,12,True
219886,Article,vaibhavgTOI,AjayUgrasTOI,44,False
219741,Article,vaibhavgTOI,patrickwintour,18,True
219824,Article,vaibhavgTOI,sandhyanairTOI,11,True
219889,Article,vaibhavgTOI,jameskanter,40,False
219950,Article,vaibhavgTOI,andrewrsorkin,94,False
219772,Article,vaibhavgTOI,bagishjhaTOI,36,False
219784,Article,vaibhavgTOI,ajaykanth7,34,False
219866,Article,vaibhavgTOI,Crime_Selvaraj,20,True
219943,Article,vaibhavgTOI,journo_vibha,15,True
219858,Article,vaibhavgTOI,Banjotkaur,8,True
219882,Article,vaibhavgTOI,rebeccaSTOI,55,False
219918,Article,vaibhavgTOI,akhileshsTOI,27,True
219806,Article,vaibhavgTOI,durgeshjhaTOI,59,False
219997,Tweet,vaibhavgTOI,BhanupratapsTOI,20,True
220022,Tweet,vaibhavgTOI,NirupaTOI,2,True
219966,Tweet,vaibhavgTOI,durgeshjhaTOI,19,True
220014,Tweet,vaibhavgTOI,NirupaTOI,4,True
219994,Tweet,vaibhavgTOI,KapildaveTOI,28,True
220018,Tweet,vaibhavgTOI,somitsenTOI,30,True
220039,Tweet,vaibhavgTOI,bindiyachariTOI,27,True
220017,Tweet,vaibhavgTOI,murarishetye,38,False
219969,Tweet,vaibhavgTOI,vijaypTOI,12,True
219963,Tweet,vaibhavgTOI,SwatiShindeTOI,3,True
220013,Tweet,vaibhavgTOI,debaratisen,49,False
220028,Tweet,vaibhavgTOI,mateenHTOI,17,True
220056,Tweet,vaibhavgTOI,binays1960,28,True
220047,Tweet,vaibhavgTOI,bindiyachariTOI,62,False
220055,Tweet,vaibhavgTOI,niyatiparikhTOI,18,True
216471,Article,TOISH31,farnazfassihi,9,True
216581,Article,TOISH31,bykaren,24,True
216529,Article,TOISH31,jatinder_tur,26,True
216559,Article,TOISH31,akhileshsTOI,8,True
216434,Article,TOISH31,ronojoy_sen,89,False
216458,Article,TOISH31,durgeshjhaTOI,29,True
216381,Article,TOISH31,DSandip_TOI,3,True
216565,Article,TOISH31,DSandip_TOI,8,True
216556,Article,TOISH31,rebeccaSTOI,2,True
216548,Article,TOISH31,naomi2009,16,True
216481,Article,TOISH31,EVincentelli,159,False
216499,Article,TOISH31,sushmi_dey,67,False
216495,Article,TOISH31,DSandip_TOI,5,True
216489,Article,TOISH31,TanyaGold1,26,True
216611,Article,TOISH31,seaningle,23,True
216618,Tweet,TOISH31,SagrikaKissu,11,True
216653,Tweet,TOISH31,TridibIANS,15,True
216631,Tweet,TOISH31,jatinder_tur,2,True
216686,Tweet,TOISH31,PhanindraP_TNIE,3,True
216660,Tweet,TOISH31,PhanindraP_TNIE,15,True
216662,Tweet,TOISH31,PhanindraP_TNIE,12,True
216656,Tweet,TOISH31,PhanindraP_TNIE,13,True
216696,Tweet,TOISH31,PhanindraP_TNIE,5,True
216687,Tweet,TOISH31,SyedAkbarTOI,10,True
216627,Tweet,TOISH31,ramendrasTOI,14,True
216702,Tweet,TOISH31,jatinder_tur,16,True
216699,Tweet,TOISH31,PhanindraP_TNIE,16,True
216704,Tweet,TOISH31,jatinder_tur,18,True
216663,Tweet,TOISH31,Pratiks_TOI,4,True
216619,Tweet,TOISH31,Pratiks_TOI,3,True
54704,Article,alexvtunzelmann,sarahchurchwell,22,True
54710,Article,alexvtunzelmann,benkenigsberg,24,True
54631,Article,alexvtunzelmann,greenslader,22,True
54767,Article,alexvtunzelmann,davidleighx,22,True
54769,Article,alexvtunzelmann,EVincentelli,28,True
54610,Article,alexvtunzelmann,jbouie,55,False
54762,Article,alexvtunzelmann,EVincentelli,25,True
54816,Article,alexvtunzelmann,paulmasonnews,25,True
54658,Article,alexvtunzelmann,wesley_morris,26,True
54653,Article,alexvtunzelmann,EVincentelli,17,True
54854,Article,alexvtunzelmann,wesley_morris,31,True
54637,Article,alexvtunzelmann,benkenigsberg,28,True
54719,Article,alexvtunzelmann,benkenigsberg,21,True
54751,Article,alexvtunzelmann,EVincentelli,28,True
54783,Article,alexvtunzelmann,arusbridger,20,True
55167,Tweet,alexvtunzelmann,ajaysuraTOI,3,True
55287,Tweet,alexvtunzelmann,jackschofield,40,False
55365,Tweet,alexvtunzelmann,Arun_Ram,285,False
55136,Tweet,alexvtunzelmann,declanwalsh,58,False
55265,Tweet,alexvtunzelmann,smita_mishra,121,False
54954,Tweet,alexvtunzelmann,SearleAdrian,47,False
55170,Tweet,alexvtunzelmann,TanyaGold1,38,False
54933,Tweet,alexvtunzelmann,SearleAdrian,20,True
55207,Tweet,alexvtunzelmann,jorifinkel,305,False
55340,Tweet,alexvtunzelmann,SocialQPhilip,12,True
55095,Tweet,alexvtunzelmann,sudhanshub16,245,False
55176,Tweet,alexvtunzelmann,jackschofield,5,True
54864,Tweet,alexvtunzelmann,parthasinha,127,False
55063,Tweet,alexvtunzelmann,alexvtunzelmann,1,True
54871,Tweet,alexvtunzelmann,RowanMoore,83,False
100437,Article,archiebland,MarinaOLoughlin,240,False
100340,Article,archiebland,lindasgrant,107,False
100424,Article,archiebland,KateEMcCann,54,False
100402,Article,archiebland,jeannasmialek,52,False
100323,Article,archiebland,noamscheiber,5,True
100364,Article,archiebland,CarolineLucas,44,False
100429,Article,archiebland,jimtankersley,98,False
100305,Article,archiebland,williamnhutton,100,False
100222,Article,archiebland,Markbeaumontuk,96,False
100404,Article,archiebland,timlottwriter,113,False
100368,Article,archiebland,NeilMacFarquhar,391,False
100431,Article,archiebland,MiriamElder,41,False
100421,Article,archiebland,bencasselman,200,False
100193,Article,archiebland,msrachelcooke,59,False
100415,Article,archiebland,KateEMcCann,44,False
100902,Tweet,archiebland,RebeccaSeal,162,False
100755,Tweet,archiebland,IanCobain,66,False
100699,Tweet,archiebland,SearleAdrian,88,False
100775,Tweet,archiebland,zwoolfe,402,False
100912,Tweet,archiebland,RorySmith,51,False
100686,Tweet,archiebland,lucysiegle,17,True
100452,Tweet,archiebland,lucysiegle,98,False
101030,Tweet,archiebland,DerekMalcolm123,224,False
100946,Tweet,archiebland,abantika77,388,False
100502,Tweet,archiebland,williamkeegan,207,False
100566,Tweet,archiebland,msrachelcooke,203,False
100485,Tweet,archiebland,hannahdev,80,False
100696,Tweet,archiebland,JoshuaRozenberg,166,False
100712,Tweet,archiebland,paulmasonnews,153,False
100710,Tweet,archiebland,NilsPratley,67,False
180504,Article,desaisantosh,MaggieAstor,188,False
180588,Article,desaisantosh,TanyaGold1,22,True
180604,Article,desaisantosh,PerriKlass,20,True
180490,Article,desaisantosh,parthasinha,28,True
180493,Article,desaisantosh,sarahlyall,28,True
180583,Article,desaisantosh,sarahditum,55,False
180567,Article,desaisantosh,sarahditum,53,False
180577,Article,desaisantosh,cdcaron,57,False
180616,Article,desaisantosh,CeylanWrites,246,False
180516,Article,desaisantosh,andrew_mueller,18,True
180517,Article,desaisantosh,bglendenning,3,True
180502,Article,desaisantosh,rashmidTOI,104,False
180507,Article,desaisantosh,FlitterOnFraud,433,False
180594,Article,desaisantosh,EVincentelli,8,True
180596,Article,desaisantosh,parthasinha,27,True
180641,Tweet,desaisantosh,neelam_raaj,6,True
180702,Tweet,desaisantosh,SwatiShindeTOI,25,True
180663,Tweet,desaisantosh,SocialQPhilip,36,False
180664,Tweet,desaisantosh,divyapal2013,23,True
180660,Tweet,desaisantosh,ChaithanyaSwamy,28,True
180692,Tweet,desaisantosh,divyapal2013,28,True
180632,Tweet,desaisantosh,PeterTatchell,22,True
180656,Tweet,desaisantosh,Mahafreed_Irani,27,True
180622,Tweet,desaisantosh,meeravohraTOI,18,True
180649,Tweet,desaisantosh,vijaypTOI,49,False
180694,Tweet,desaisantosh,jonathanwatts,97,False
180665,Tweet,desaisantosh,lisamonteiroTOI,23,True
180661,Tweet,desaisantosh,Shreyanka_M,24,True
180672,Tweet,desaisantosh,divyapal2013,29,True
180652,Tweet,desaisantosh,neelam_raaj,68,False
7689,Article,EVincentelli,john_hooper,2,True
7629,Article,EVincentelli,andrewrsorkin,6,True
7661,Article,EVincentelli,jorifinkel,16,True
7667,Article,EVincentelli,andrewrsorkin,34,False
7640,Article,EVincentelli,ianrausten,27,True
7684,Article,EVincentelli,HemantaTOI,173,False
7605,Article,EVincentelli,DouthatNYT,25,True
7652,Article,EVincentelli,rondakaysen,232,False
7688,Article,EVincentelli,timatkin,20,True
7631,Article,EVincentelli,EVincentelli,1,True
7625,Article,EVincentelli,pete_wells,4,True
7616,Article,EVincentelli,andrewrsorkin,116,False
7601,Article,EVincentelli,kylebuchanan,38,False
7608,Article,EVincentelli,EVincentelli,1,True
7648,Article,EVincentelli,margaretrenkl,8,True
7710,Tweet,EVincentelli,har_mandeep,336,False
7724,Tweet,EVincentelli,ajaysuraTOI,13,True
7729,Tweet,EVincentelli,richardwolffedc,2,True
7758,Tweet,EVincentelli,richardwolffedc,91,False
7799,Tweet,EVincentelli,oliverburkeman,29,True
7797,Tweet,EVincentelli,DerekMalcolm123,8,True
7718,Tweet,EVincentelli,lucysiegle,67,False
7705,Tweet,EVincentelli,melissaclark,24,True
7748,Tweet,EVincentelli,ajaysuraTOI,23,True
7790,Tweet,EVincentelli,jfordham_jazz,87,False
7767,Tweet,EVincentelli,sunny_hundal,6,True
7743,Tweet,EVincentelli,RichSandomir,24,True
7745,Tweet,EVincentelli,stevenpoole,36,False
7761,Tweet,EVincentelli,kenanmalik,26,True
7754,Tweet,EVincentelli,Crime_Selvaraj,275,False
202110,Article,pradeepjourno,ajaykanth7,23,True
202162,Article,pradeepjourno,AmritadTOI,12,True
202128,Article,pradeepjourno,akhileshsTOI,40,False
202104,Article,pradeepjourno,Crime_Selvaraj,55,False
202050,Article,pradeepjourno,CeylanWrites,64,False
202101,Article,pradeepjourno,saumyajitbTOI,24,True
201972,Article,pradeepjourno,AmritadTOI,32,True
202135,Article,pradeepjourno,AlokKNMishra,14,True
202172,Article,pradeepjourno,ajaykanth7,29,True
201994,Article,pradeepjourno,bindiyachariTOI,55,False
202096,Article,pradeepjourno,GRajivTOI,10,True
201929,Article,pradeepjourno,binays1960,13,True
201995,Article,pradeepjourno,dubeyavishek,19,True
202087,Article,pradeepjourno,toi_dhananjayM,17,True
201991,Article,pradeepjourno,durgeshjhaTOI,18,True
202255,Tweet,pradeepjourno,SyedAkbarTOI,15,True
202266,Tweet,pradeepjourno,petleepeter,35,False
202211,Tweet,pradeepjourno,umamahesh_ToI,196,False
202217,Tweet,pradeepjourno,patrickwintour,230,False
202184,Tweet,pradeepjourno,rishachitlangia,35,False
202201,Tweet,pradeepjourno,vaibhavgTOI,22,True
202226,Tweet,pradeepjourno,ukigoni,489,False
202256,Tweet,pradeepjourno,Pratiks_TOI,2,True
202229,Tweet,pradeepjourno,aditya_bh16,104,False
202206,Tweet,pradeepjourno,toi_ManujaV,265,False
202216,Tweet,pradeepjourno,UttaraVarmaTOI,63,False
202204,Tweet,pradeepjourno,vijaypTOI,17,True
202250,Tweet,pradeepjourno,somitsenTOI,6,True
202200,Tweet,pradeepjourno,IpsitaTOI,4,True
202257,Tweet,pradeepjourno,tariqpanja,246,False
201411,Article,PjJoychen,utejonmayamTOI,38,False
201355,Article,PjJoychen,rajendrasTOI,28,True
201343,Article,PjJoychen,ajaykanth7,20,True
201319,Article,PjJoychen,PatrickKingsley,20,True
201397,Article,PjJoychen,HemantaTOI,106,False
201331,Article,PjJoychen,NilsPratley,112,False
201329,Article,PjJoychen,kannoyoungs,25,True
201447,Article,PjJoychen,AjayUgrasTOI,22,True
201431,Article,PjJoychen,tarasbernard,25,True
201435,Article,PjJoychen,jameskanter,18,True
201396,Article,PjJoychen,noamscheiber,84,False
201378,Article,PjJoychen,mikeives,23,True
201379,Article,PjJoychen,GeorgeMonbiot,17,True
201365,Article,PjJoychen,niyatiparikhTOI,24,True
201361,Article,PjJoychen,michelleinbklyn,324,False
201485,Tweet,PjJoychen,dipakdashTOI,20,True
201503,Tweet,PjJoychen,ChaitanyadTOI,10,True
201514,Tweet,PjJoychen,bindiyachariTOI,28,True
201576,Tweet,PjJoychen,dipakdashTOI,24,True
201579,Tweet,PjJoychen,bindiyachariTOI,15,True
201563,Tweet,PjJoychen,toi_dhananjayM,20,True
201543,Tweet,PjJoychen,vijaypTOI,16,True
201540,Tweet,PjJoychen,juliemTOI,25,True
201520,Tweet,PjJoychen,omjasvinTOI,24,True
201507,Tweet,PjJoychen,ThevarSteffy,25,True
201577,Tweet,PjJoychen,PhanindraP_TNIE,17,True
201501,Tweet,PjJoychen,rjadHinduBL,19,True
201545,Tweet,PjJoychen,rhymetraveller,7,True
201481,Tweet,PjJoychen,anandbodhTOI,274,False
201568,Tweet,PjJoychen,PjJoychen,1,True
30664,Article,jennydeluxe,rondakaysen,12,True
30669,Article,jennydeluxe,SwatiShindeTOI,381,False
30642,Article,jennydeluxe,ianrausten,447,False
30665,Article,jennydeluxe,sermoninstone,21,True
30644,Article,jennydeluxe,SarahMaslinNir,7,True
30608,Article,jennydeluxe,MKSinghGkp,227,False
30655,Article,jennydeluxe,andrewrsorkin,27,True
30682,Article,jennydeluxe,wesley_morris,246,False
30607,Article,jennydeluxe,SarahMaslinNir,6,True
30681,Article,jennydeluxe,cdcaron,353,False
30697,Article,jennydeluxe,kenanmalik,375,False
30688,Article,jennydeluxe,jimtankersley,111,False
30656,Article,jennydeluxe,jackschofield,22,True
30673,Article,jennydeluxe,digbijaymishra1,15,True
30672,Article,jennydeluxe,brooksbarnesNYT,318,False
30725,Tweet,jennydeluxe,jennydeluxe,1,True
30705,Tweet,jennydeluxe,LauraCummingArt,8,True
30761,Tweet,jennydeluxe,KateEMcCann,40,False
30722,Tweet,jennydeluxe,andybrassell,39,False
30745,Tweet,jennydeluxe,ArthurNeslen,40,False
30721,Tweet,jennydeluxe,VivianHo,32,True
30742,Tweet,jennydeluxe,LauraCummingArt,9,True
30766,Tweet,jennydeluxe,elizabday,27,True
30755,Tweet,jennydeluxe,vanbadham,32,True
30736,Tweet,jennydeluxe,jillfilipovic,31,True
30744,Tweet,jennydeluxe,debaratisen,31,True
30707,Tweet,jennydeluxe,afuahirsch,15,True
30703,Tweet,jennydeluxe,LauraCummingArt,30,True
30716,Tweet,jennydeluxe,ManjuVTOI,310,False
30735,Tweet,jennydeluxe,NYTLiz,338,False
218744,Article,umamahesh_ToI,MohitaTOI,12,True
218826,Article,umamahesh_ToI,SidharthB25,7,True
218718,Article,umamahesh_ToI,Crime_Selvaraj,16,True
218904,Article,umamahesh_ToI,ArunDev1,13,True
218884,Article,umamahesh_ToI,petleepeter,62,False
218704,Article,umamahesh_ToI,PrashantrTOI,13,True
218868,Article,umamahesh_ToI,andrewrsorkin,11,True
218850,Article,umamahesh_ToI,jackschofield,10,True
218765,Article,umamahesh_ToI,FlitterOnFraud,22,True
218909,Article,umamahesh_ToI,anandbodhTOI,12,True
218914,Article,umamahesh_ToI,asrpmukeshTOI,14,True
218710,Article,umamahesh_ToI,PhanindraP_TNIE,10,True
218891,Article,umamahesh_ToI,alexbellos,3,True
218856,Article,umamahesh_ToI,NewtonSTOI,13,True
218716,Article,umamahesh_ToI,AmritadTOI,97,False
218968,Tweet,umamahesh_ToI,SyedAkbarTOI,96,False
218944,Tweet,umamahesh_ToI,jatinder_tur,34,False
218959,Tweet,umamahesh_ToI,ChaithanyaSwamy,83,False
219003,Tweet,umamahesh_ToI,umamahesh_ToI,1,True
219002,Tweet,umamahesh_ToI,hannahdev,87,False
218919,Tweet,umamahesh_ToI,dkarthikTOI,26,True
218992,Tweet,umamahesh_ToI,jackschofield,193,False
218955,Tweet,umamahesh_ToI,dkarthikTOI,15,True
219001,Tweet,umamahesh_ToI,CarolineLucas,44,False
218996,Tweet,umamahesh_ToI,richapintoi,73,False
218939,Tweet,umamahesh_ToI,vijaypTOI,18,True
218978,Tweet,umamahesh_ToI,vijaysinghTOI,317,False
218951,Tweet,umamahesh_ToI,jayamenon64,10,True
218977,Tweet,umamahesh_ToI,vaibhavgTOI,18,True
218970,Tweet,umamahesh_ToI,AtulMathur_,47,False
26636,Article,tejalrao,GRajivTOI,394,False
26681,Article,tejalrao,SangerNYT,24,True
26683,Article,tejalrao,ChuBailiang,9,True
26664,Article,tejalrao,IKershner,11,True
26618,Article,tejalrao,samsifton,251,False
26686,Article,tejalrao,john_hooper,10,True
26658,Article,tejalrao,samsifton,51,False
26680,Article,tejalrao,GlennThrush,31,True
26654,Article,tejalrao,annanorthtweets,3,True
26662,Article,tejalrao,wesley_morris,9,True
26626,Article,tejalrao,ianrausten,16,True
26672,Article,tejalrao,parul_sehgal,25,True
26669,Article,tejalrao,rondakaysen,3,True
26651,Article,tejalrao,brooksbarnesNYT,9,True
26646,Article,tejalrao,bykaren,3,True
26748,Tweet,tejalrao,vijaypTOI,63,False
26720,Tweet,tejalrao,KapildaveTOI,58,False
26739,Tweet,tejalrao,axrenton,57,False
26790,Tweet,tejalrao,jayamenon64,238,False
26710,Tweet,tejalrao,MarinaHyde,24,True
26784,Tweet,tejalrao,MiriamElder,70,False
26762,Tweet,tejalrao,smita_mishra,28,True
26760,Tweet,tejalrao,OLIVERBALCH,28,True
26738,Tweet,tejalrao,andybrassell,146,False
26728,Tweet,tejalrao,smbahr14,60,False
26737,Tweet,tejalrao,somitsenTOI,433,False
26702,Tweet,tejalrao,jorifinkel,6,True
26773,Tweet,tejalrao,Shreyanka_M,294,False
26785,Tweet,tejalrao,aleksk,54,False
26705,Tweet,tejalrao,Gauraw2297,21,True
179000,Article,ChaithanyaSwamy,Crime_Selvaraj,28,True
179080,Article,ChaithanyaSwamy,Crime_Selvaraj,22,True
179027,Article,ChaithanyaSwamy,PjJoychen,15,True
178987,Article,ChaithanyaSwamy,Crime_Selvaraj,23,True
179076,Article,ChaithanyaSwamy,richapintoi,8,True
179072,Article,ChaithanyaSwamy,EmmaBubola,98,False
178998,Article,ChaithanyaSwamy,niyatiparikhTOI,78,False
179037,Article,ChaithanyaSwamy,durgeshjhaTOI,102,False
179031,Article,ChaithanyaSwamy,Crime_Selvaraj,15,True
179040,Article,ChaithanyaSwamy,vijayVsinghTOI,64,False
179014,Article,ChaithanyaSwamy,AlokKNMishra,28,True
179059,Article,ChaithanyaSwamy,PjJoychen,18,True
179008,Article,ChaithanyaSwamy,bindiyachariTOI,15,True
179094,Article,ChaithanyaSwamy,murarishetyeTOI,54,False
179068,Article,ChaithanyaSwamy,durgeshjhaTOI,35,False
179215,Tweet,ChaithanyaSwamy,pradeepjourno,12,True
179152,Tweet,ChaithanyaSwamy,asrpmukeshTOI,24,True
179171,Tweet,ChaithanyaSwamy,ajaysuraTOI,73,False
179185,Tweet,ChaithanyaSwamy,parthshastriTOI,57,False
179201,Tweet,ChaithanyaSwamy,mateenHTOI,116,False
179162,Tweet,ChaithanyaSwamy,GovindKMaadTOI,13,True
179145,Tweet,ChaithanyaSwamy,ShrinivasaMTOI,23,True
179204,Tweet,ChaithanyaSwamy,ShrinivasaMTOI,34,False
179158,Tweet,ChaithanyaSwamy,jonpareles,171,False
179165,Tweet,ChaithanyaSwamy,bindelj,47,False
179186,Tweet,ChaithanyaSwamy,omjasvinTOI,45,False
179144,Tweet,ChaithanyaSwamy,PeterTatchell,399,False
179133,Tweet,ChaithanyaSwamy,ShrinivasaMTOI,113,False
179129,Tweet,ChaithanyaSwamy,MohitaTOI,96,False
179161,Tweet,ChaithanyaSwamy,vaibhavgTOI,6,True
131115,Article,axrenton,SearleAdrian,12,True
131154,Article,axrenton,timlottwriter,18,True
131179,Article,axrenton,GeorgeMonbiot,14,True
131145,Article,axrenton,sendvictorious,47,False
131157,Article,axrenton,ewenmacaskill,11,True
131170,Article,axrenton,EVincentelli,46,False
131071,Article,axrenton,SharonLNYT,211,False
131112,Article,axrenton,GeorgeMonbiot,20,True
131073,Article,axrenton,GeorgeMonbiot,16,True
131109,Article,axrenton,Markbeaumontuk,7,True
131142,Article,axrenton,rhymetraveller,27,True
131092,Article,axrenton,DerekMalcolm123,8,True
131059,Article,axrenton,jeannasmialek,68,False
131096,Article,axrenton,PamBelluck,218,False
131190,Article,axrenton,naomi2009,9,True
131305,Tweet,axrenton,GeorgeMonbiot,29,True
131310,Tweet,axrenton,john_hooper,35,False
131617,Tweet,axrenton,michelleinbklyn,434,False
131646,Tweet,axrenton,saumyajitbTOI,60,False
131702,Tweet,axrenton,lucysiegle,305,False
131399,Tweet,axrenton,JoshuaRozenberg,52,False
131333,Tweet,axrenton,maevesther,46,False
131755,Tweet,axrenton,SearleAdrian,42,False
131363,Tweet,axrenton,PippaCrerar,6,True
131506,Tweet,axrenton,lindasgrant,18,True
131448,Tweet,axrenton,davidhepworth,47,False
131735,Tweet,axrenton,toi_dhananjayM,364,False
131243,Tweet,axrenton,MiriamElder,169,False
131526,Tweet,axrenton,Rupalijee,308,False
131238,Tweet,axrenton,GeorgeMonbiot,20,True
24833,Article,zwoolfe,NishikantkTOI,236,False
24873,Article,zwoolfe,gettleman,9,True
24878,Article,zwoolfe,LizAldermanNYT,15,True
24845,Article,zwoolfe,LizAldermanNYT,15,True
24894,Article,zwoolfe,EmmaBubola,4,True
24875,Article,zwoolfe,andrewrsorkin,3,True
24886,Article,zwoolfe,john_hooper,5,True
24804,Article,zwoolfe,RaphaelMinder,22,True
24831,Article,zwoolfe,ASoloski,44,False
24803,Article,zwoolfe,damiencave,7,True
24891,Article,zwoolfe,jameskanter,2,True
24807,Article,zwoolfe,GioRussonello,20,True
24849,Article,zwoolfe,LizAldermanNYT,12,True
24859,Article,zwoolfe,ASoloski,13,True
24829,Article,zwoolfe,FrankBruni,68,False
24938,Tweet,zwoolfe,debaratisen,36,False
24939,Tweet,zwoolfe,Mahafreed_Irani,20,True
24940,Tweet,zwoolfe,SocialQPhilip,2,True
24961,Tweet,zwoolfe,joshwiddicombe,352,False
24918,Tweet,zwoolfe,priyagupta999,15,True
24945,Tweet,zwoolfe,parul_sehgal,91,False
24965,Tweet,zwoolfe,Mahafreed_Irani,39,False
24928,Tweet,zwoolfe,msmirandasawyer,180,False
24964,Tweet,zwoolfe,rachlharris,4,True
24980,Tweet,zwoolfe,ChaitanyadTOI,113,False
24970,Tweet,zwoolfe,FrankBruni,11,True
24987,Tweet,zwoolfe,alexvtunzelmann,35,False
24995,Tweet,zwoolfe,priyagupta999,10,True
24919,Tweet,zwoolfe,rebeccaSTOI,251,False
24943,Tweet,zwoolfe,alanfeuer,135,False
16437,Article,paulkrugman,kenanmalik,32,True
16458,Article,paulkrugman,kenanmalik,32,True
16427,Article,paulkrugman,ianrausten,20,True
16486,Article,paulkrugman,DouthatNYT,20,True
16400,Article,paulkrugman,EVincentelli,14,True
16471,Article,paulkrugman,ggreenwald,18,True
16494,Article,paulkrugman,apoorva_nyc,27,True
16433,Article,paulkrugman,jillfilipovic,22,True
16411,Article,paulkrugman,IKershner,28,True
16416,Article,paulkrugman,paulkrugman,1,True
16425,Article,paulkrugman,noamscheiber,16,True
16441,Article,paulkrugman,RorySmith,20,True
16446,Article,paulkrugman,ianrausten,24,True
16470,Article,paulkrugman,DouthatNYT,22,True
16448,Article,paulkrugman,marcatracy,26,True
16519,Tweet,paulkrugman,mtomasky,20,True
16543,Tweet,paulkrugman,parthasinha,23,True
16553,Tweet,paulkrugman,charlie_savage,24,True
16517,Tweet,paulkrugman,marthakelner,392,False
16560,Tweet,paulkrugman,Bencjacobs,16,True
16552,Tweet,paulkrugman,CarolineLucas,20,True
16590,Tweet,paulkrugman,thrasherxy,12,True
16570,Tweet,paulkrugman,SocialQPhilip,21,True
16503,Tweet,paulkrugman,mtomasky,12,True
16541,Tweet,paulkrugman,aleksk,24,True
16576,Tweet,paulkrugman,nandinisgTOI,23,True
16550,Tweet,paulkrugman,mtomasky,14,True
16579,Tweet,paulkrugman,parthasinha,15,True
16535,Tweet,paulkrugman,RBReich,9,True
16537,Tweet,paulkrugman,mateenHTOI,19,True
217234,Article,toi_ManujaV,AlokKNMishra,27,True
217266,Article,toi_ManujaV,rajendrasTOI,8,True
217308,Article,toi_ManujaV,tushhaikhush,27,True
217239,Article,toi_ManujaV,DSandip_TOI,25,True
217203,Article,toi_ManujaV,SyedAkbarTOI,10,True
217233,Article,toi_ManujaV,andrewrawnsley,72,False
217095,Article,toi_ManujaV,TOISH31,27,True
217091,Article,toi_ManujaV,durgeshjhaTOI,29,True
217253,Article,toi_ManujaV,DanielKingChess,28,True
217197,Article,toi_ManujaV,neelam_raaj,162,False
217235,Article,toi_ManujaV,ipsinghTOI,56,False
217189,Article,toi_ManujaV,AniltheMatrix,16,True
217250,Article,toi_ManujaV,ewong,37,False
217096,Article,toi_ManujaV,Banjotkaur,24,True
217307,Article,toi_ManujaV,SiwachSukhbir,48,False
217360,Tweet,toi_ManujaV,saumyajitbTOI,11,True
217335,Tweet,toi_ManujaV,AraniBasuTOI,12,True
217333,Tweet,toi_ManujaV,somitsenTOI,8,True
217326,Tweet,toi_ManujaV,archiebland,287,False
217310,Tweet,toi_ManujaV,rondakaysen,146,False
217389,Tweet,toi_ManujaV,sendvictorious,200,False
217371,Tweet,toi_ManujaV,MichaelPaulson,181,False
217407,Tweet,toi_ManujaV,manvirsainiTOI,44,False
217372,Tweet,toi_ManujaV,jayamenon64,12,True
217368,Tweet,toi_ManujaV,LauraCummingArt,176,False
217359,Tweet,toi_ManujaV,adwaidh,15,True
217369,Tweet,toi_ManujaV,aditya_bh16,10,True
217408,Tweet,toi_ManujaV,priyagupta999,6,True
217378,Tweet,toi_ManujaV,toi_shailendraA,9,True
217319,Tweet,toi_ManujaV,maheshbTOI,108,False
116540,Article,dansabbagh,NikiKitsantonis,29,True
116683,Article,dansabbagh,KateEMcCann,7,True
116473,Article,dansabbagh,IKershner,27,True
116690,Article,dansabbagh,jennydeluxe,94,False
116660,Article,dansabbagh,jbouie,14,True
116488,Article,dansabbagh,shattenstone,25,True
116578,Article,dansabbagh,tushhaikhush,40,False
116508,Article,dansabbagh,carolecadwalla,84,False
116513,Article,dansabbagh,AndrewSparrow,9,True
116680,Article,dansabbagh,KateEMcCann,26,True
116622,Article,dansabbagh,annanorthtweets,79,False
116702,Article,dansabbagh,KateEMcCann,36,False
116500,Article,dansabbagh,AnushkaAsthana,18,True
116474,Article,dansabbagh,naomi2009,5,True
116529,Article,dansabbagh,tejalrao,188,False
117012,Tweet,dansabbagh,bglendenning,190,False
116745,Tweet,dansabbagh,vijayVsinghTOI,138,False
116726,Tweet,dansabbagh,gilestremlett,19,True
116786,Tweet,dansabbagh,kenanmalik,154,False
116828,Tweet,dansabbagh,sendvictorious,130,False
116849,Tweet,dansabbagh,hillhulse,113,False
116727,Tweet,dansabbagh,dansabbagh,1,True
116824,Tweet,dansabbagh,Lattif,29,True
116942,Tweet,dansabbagh,FranklinBlog,54,False
116915,Tweet,dansabbagh,npwcnn,14,True
116962,Tweet,dansabbagh,lindasgrant,79,False
116934,Tweet,dansabbagh,maevesther,101,False
116749,Tweet,dansabbagh,anniekarni,360,False
116820,Tweet,dansabbagh,sushmi_dey,117,False
116923,Tweet,dansabbagh,williamnhutton,159,False
134279,Article,emilybell,elizabday,7,True
134147,Article,emilybell,MarinaOLoughlin,15,True
134318,Article,emilybell,jimwaterson,20,True
134168,Article,emilybell,Azi,351,False
134352,Article,emilybell,jimwaterson,20,True
134146,Article,emilybell,MaggieAstor,86,False
134365,Article,emilybell,jimwaterson,21,True
134205,Article,emilybell,PatrickKingsley,331,False
134286,Article,emilybell,williamnhutton,17,True
134336,Article,emilybell,jimwaterson,21,True
134259,Article,emilybell,charltonbrooker,22,True
134366,Article,emilybell,jimwaterson,21,True
134130,Article,emilybell,Markbeaumontuk,45,False
134201,Article,emilybell,sarahlyall,31,True
134275,Article,emilybell,chiggi,28,True
134398,Tweet,emilybell,winematcher,311,False
134687,Tweet,emilybell,smita_mishra,64,False
134563,Tweet,emilybell,aditya_bh16,300,False
134711,Tweet,emilybell,lucysiegle,187,False
134543,Tweet,emilybell,RowanMoore,13,True
134478,Tweet,emilybell,VivianHo,45,False
134963,Tweet,emilybell,nicholaswatt,170,False
134614,Tweet,emilybell,SearleAdrian,51,False
134571,Tweet,emilybell,ChaithanyaSwamy,366,False
134912,Tweet,emilybell,steve_hewlett,10,True
134955,Tweet,emilybell,NYTLiz,95,False
134432,Tweet,emilybell,LauraCummingArt,40,False
134596,Tweet,emilybell,thrasherxy,152,False
134589,Tweet,emilybell,axrenton,8,True
134913,Tweet,emilybell,sendvictorious,8,True
182732,Article,DSandip_TOI,Crime_Selvaraj,26,True
182720,Article,DSandip_TOI,ipsinghTOI,11,True
182849,Article,DSandip_TOI,bencasselman,20,True
182781,Article,DSandip_TOI,saumyajitbTOI,4,True
182811,Article,DSandip_TOI,bindiyachariTOI,14,True
182795,Article,DSandip_TOI,DekaJayanta,2,True
182738,Article,DSandip_TOI,007pandey,12,True
182693,Article,DSandip_TOI,pete_wells,78,False
182716,Article,DSandip_TOI,BhanupratapsTOI,23,True
182874,Article,DSandip_TOI,AlokKNMishra,28,True
182681,Article,DSandip_TOI,rajatpTOI,23,True
182713,Article,DSandip_TOI,ramendrasTOI,35,False
182878,Article,DSandip_TOI,PrashantrTOI,20,True
182856,Article,DSandip_TOI,Azi,94,False
182864,Article,DSandip_TOI,niyatiparikhTOI,28,True
182924,Tweet,DSandip_TOI,TimdeLisle,152,False
182994,Tweet,DSandip_TOI,divyapal2013,111,False
182942,Tweet,DSandip_TOI,27saurabhsinha,157,False
182951,Tweet,DSandip_TOI,alexmarshall81,124,False
183017,Tweet,DSandip_TOI,AlysFowler,115,False
182993,Tweet,DSandip_TOI,DerekMalcolm123,13,True
182955,Tweet,DSandip_TOI,bykaren,46,False
182947,Tweet,DSandip_TOI,meeravohraTOI,61,False
182974,Tweet,DSandip_TOI,vijaypTOI,6,True
182999,Tweet,DSandip_TOI,neelam_raaj,20,True
182990,Tweet,DSandip_TOI,jatinder_tur,8,True
182946,Tweet,DSandip_TOI,AraniBasuTOI,103,False
183009,Tweet,DSandip_TOI,priyagupta999,70,False
182926,Tweet,DSandip_TOI,vijayVsinghTOI,121,False
182998,Tweet,DSandip_TOI,manvirsainiTOI,40,False
76542,Article,LauraCummingArt,jennydeluxe,6,True
76422,Article,LauraCummingArt,msrachelcooke,98,False
76378,Article,LauraCummingArt,MaggieAstor,41,False
76505,Article,LauraCummingArt,winematcher,23,True
76483,Article,LauraCummingArt,DeccaJourno,80,False
76376,Article,LauraCummingArt,charlie_savage,311,False
76360,Article,LauraCummingArt,laurenlaverne,5,True
76557,Article,LauraCummingArt,TridibIANS,8,True
76433,Article,LauraCummingArt,sarahditum,115,False
76460,Article,LauraCummingArt,LucyMangan,27,True
76579,Article,LauraCummingArt,MarinaOLoughlin,20,True
76429,Article,LauraCummingArt,msmirandasawyer,19,True
76394,Article,LauraCummingArt,rachshabi,20,True
76521,Article,LauraCummingArt,questingvole,38,False
76567,Article,LauraCummingArt,melissaclark,33,False
77134,Tweet,LauraCummingArt,archiebland,5,True
77179,Tweet,LauraCummingArt,sudeshnagTOI,9,True
77023,Tweet,LauraCummingArt,vivek9301,54,False
77017,Tweet,LauraCummingArt,Shreyanka_M,297,False
76735,Tweet,LauraCummingArt,vijaypTOI,199,False
76687,Tweet,LauraCummingArt,IAmTimDowling,130,False
77053,Tweet,LauraCummingArt,abantika77,56,False
76868,Tweet,LauraCummingArt,toi_dhananjayM,251,False
77015,Tweet,LauraCummingArt,psangeetha2112,195,False
76666,Tweet,LauraCummingArt,LauraCummingArt,1,True
76853,Tweet,LauraCummingArt,smita_mishra,62,False
76647,Tweet,LauraCummingArt,LauraCummingArt,1,True
77103,Tweet,LauraCummingArt,ollywainwright,27,True
77128,Tweet,LauraCummingArt,alexbellos,284,False
77033,Tweet,LauraCummingArt,PeterTatchell,286,False
4690,Article,ByMattStevens,RorySmith,188,False
4604,Article,ByMattStevens,RorySmith,107,False
4645,Article,ByMattStevens,ewong,46,False
4649,Article,ByMattStevens,gracedent,163,False
4622,Article,ByMattStevens,AshokPradhanTOI,107,False
4610,Article,ByMattStevens,StacyCowley,34,False
4686,Article,ByMattStevens,hugolowell,38,False
4611,Article,ByMattStevens,GioRussonello,302,False
4602,Article,ByMattStevens,IKershner,154,False
4667,Article,ByMattStevens,SribaalaVTOI,108,False
4680,Article,ByMattStevens,nytmike,74,False
4626,Article,ByMattStevens,benkenigsberg,217,False
4670,Article,ByMattStevens,jimtankersley,52,False
4666,Article,ByMattStevens,zwoolfe,101,False
4669,Article,ByMattStevens,Azi,42,False
4797,Tweet,ByMattStevens,smervosh,21,True
4715,Tweet,ByMattStevens,lisamonteiroTOI,10,True
4703,Tweet,ByMattStevens,SarahMaslinNir,11,True
4785,Tweet,ByMattStevens,JoshuaRozenberg,42,False
4794,Tweet,ByMattStevens,MonaChalabi,110,False
4796,Tweet,ByMattStevens,zwoolfe,44,False
4738,Tweet,ByMattStevens,kenvogel,81,False
4784,Tweet,ByMattStevens,ByMattStevens,1,True
4766,Tweet,ByMattStevens,ThevarSteffy,20,True
4755,Tweet,ByMattStevens,parul_sehgal,21,True
4733,Tweet,ByMattStevens,KapildaveTOI,47,False
4707,Tweet,ByMattStevens,divyapal2013,253,False
4745,Tweet,ByMattStevens,kenvogel,17,True
4781,Tweet,ByMattStevens,kenvogel,72,False
4714,Tweet,ByMattStevens,viasimonromero,4,True
136471,Article,timjonze,lindasgrant,261,False
136279,Article,timjonze,sarahlyall,36,False
136286,Article,timjonze,jimwaterson,74,False
136267,Article,timjonze,andybrassell,7,True
136269,Article,timjonze,chiggi,15,True
136261,Article,timjonze,DawnHFoster,20,True
136370,Article,timjonze,naomi2009,264,False
136374,Article,timjonze,RebeccaSeal,21,True
136293,Article,timjonze,timlottwriter,52,False
136447,Article,timjonze,andybrassell,60,False
136240,Article,timjonze,SearleAdrian,95,False
136375,Article,timjonze,winematcher,21,True
136349,Article,timjonze,CarolineLucas,23,True
136460,Article,timjonze,MarinaOLoughlin,16,True
136399,Article,timjonze,ewenmacaskill,242,False
136813,Tweet,timjonze,TanyaGold1,103,False
136605,Tweet,timjonze,ollywainwright,137,False
136738,Tweet,timjonze,jackschofield,290,False
136686,Tweet,timjonze,GeorgeMonbiot,33,False
136484,Tweet,timjonze,nytdavidbrooks,447,False
137047,Tweet,timjonze,peterbradshaw1,79,False
137043,Tweet,timjonze,gracedent,11,True
136597,Tweet,timjonze,joshwiddicombe,19,True
136727,Tweet,timjonze,SearleAdrian,26,True
136840,Tweet,timjonze,alexvtunzelmann,127,False
136654,Tweet,timjonze,TimdeLisle,26,True
136943,Tweet,timjonze,gilestremlett,40,False
136954,Tweet,timjonze,ollywainwright,23,True
136930,Tweet,timjonze,ChaitanyadTOI,150,False
136808,Tweet,timjonze,neelam_raaj,145,False
34804,Article,cdcaron,SherylNYT,45,False
34875,Article,cdcaron,DSlotnik,16,True
34866,Article,cdcaron,SharonLNYT,41,False
34829,Article,cdcaron,KSchulten,41,False
34860,Article,cdcaron,bindelj,256,False
34849,Article,cdcaron,jhoffman,45,False
34882,Article,cdcaron,RorySmith,197,False
34887,Article,cdcaron,karenzraick,6,True
34832,Article,cdcaron,RaphaelMinder,169,False
34895,Article,cdcaron,maheshbTOI,154,False
34830,Article,cdcaron,minatisinghaTOI,425,False
34883,Article,cdcaron,GiniaNYT,9,True
34893,Article,cdcaron,NeilMacFarquhar,152,False
34872,Article,cdcaron,sangerkatz,35,False
34871,Article,cdcaron,RebeccaSeal,279,False
34978,Tweet,cdcaron,pankajdoval,91,False
34906,Tweet,cdcaron,sarfrazmanzoor,437,False
34990,Tweet,cdcaron,jhoffman,43,False
34901,Tweet,cdcaron,rondakaysen,13,True
34912,Tweet,cdcaron,alanfeuer,13,True
34943,Tweet,cdcaron,archiebland,452,False
34953,Tweet,cdcaron,RosySequeiraTOI,8,True
34981,Tweet,cdcaron,ollywainwright,221,False
34979,Tweet,cdcaron,jackschofield,58,False
34957,Tweet,cdcaron,sermoninstone,151,False
34904,Tweet,cdcaron,SumitraDebRoy,68,False
34991,Tweet,cdcaron,desaisantosh,36,False
34973,Tweet,cdcaron,attackerman,145,False
34970,Tweet,cdcaron,lucysiegle,68,False
34915,Tweet,cdcaron,FrancesRobles,29,True
33,Article,adamliptak,NYTimesCohen,16,True
66,Article,adamliptak,hugolowell,25,True
61,Article,adamliptak,amitanandTOI,9,True
9,Article,adamliptak,tripgabriel,17,True
88,Article,adamliptak,peterbakernyt,10,True
46,Article,adamliptak,SharonLNYT,30,True
43,Article,adamliptak,RichardFausset,2,True
51,Article,adamliptak,michelleinbklyn,13,True
31,Article,adamliptak,mlevenson,4,True
78,Article,adamliptak,amitanandTOI,5,True
14,Article,adamliptak,toi_dhananjayM,11,True
1,Article,adamliptak,jimtankersley,10,True
71,Article,adamliptak,adamliptak,1,True
12,Article,adamliptak,peterbakernyt,8,True
96,Article,adamliptak,RichardFausset,16,True
169,Tweet,adamliptak,lisamonteiroTOI,20,True
163,Tweet,adamliptak,mlevenson,15,True
141,Tweet,adamliptak,SharonLNYT,5,True
182,Tweet,adamliptak,ThevarSteffy,16,True
132,Tweet,adamliptak,viasimonromero,15,True
176,Tweet,adamliptak,SharonLNYT,20,True
113,Tweet,adamliptak,smervosh,20,True
160,Tweet,adamliptak,ericschmittnyt,12,True
138,Tweet,adamliptak,itsshibuthomas,17,True
186,Tweet,adamliptak,toi_dhananjayM,22,True
140,Tweet,adamliptak,SharonLNYT,6,True
109,Tweet,adamliptak,tripgabriel,12,True
179,Tweet,adamliptak,hugolowell,25,True
105,Tweet,adamliptak,BenWeiserNYT,31,True
133,Tweet,adamliptak,nytmike,23,True
189630,Article,KTVinobhaTOI,HemantaTOI,119,False
189815,Article,KTVinobhaTOI,Shrivathsan1437,29,True
189656,Article,KTVinobhaTOI,jameskanter,39,False
189771,Article,KTVinobhaTOI,sangerkatz,26,True
189850,Article,KTVinobhaTOI,CarolineLucas,23,True
189704,Article,KTVinobhaTOI,jeannasmialek,24,True
189787,Article,KTVinobhaTOI,minatisinghaTOI,23,True
189760,Article,KTVinobhaTOI,jameskanter,71,False
189731,Article,KTVinobhaTOI,pete_wells,221,False
189795,Article,KTVinobhaTOI,ESCochrane,18,True
189624,Article,KTVinobhaTOI,ipsinghTOI,87,False
189647,Article,KTVinobhaTOI,tripgabriel,260,False
189732,Article,KTVinobhaTOI,AlokKNMishra,67,False
189712,Article,KTVinobhaTOI,yazhiniyanTOI,23,True
189763,Article,KTVinobhaTOI,akhileshsTOI,112,False
189926,Tweet,KTVinobhaTOI,patrickwintour,20,True
189878,Tweet,KTVinobhaTOI,rjadHinduBL,61,False
189914,Tweet,KTVinobhaTOI,dubeyavishek,118,False
189886,Tweet,KTVinobhaTOI,meeravohraTOI,20,True
189941,Tweet,KTVinobhaTOI,jayamenon64,18,True
189906,Tweet,KTVinobhaTOI,emilybell,27,True
189928,Tweet,KTVinobhaTOI,vaibhavgTOI,109,False
189894,Tweet,KTVinobhaTOI,TridibIANS,99,False
189963,Tweet,KTVinobhaTOI,toi_rohanA,85,False
189899,Tweet,KTVinobhaTOI,SiwachSukhbir,7,True
189902,Tweet,KTVinobhaTOI,yusrahusain,58,False
189957,Tweet,KTVinobhaTOI,manvirsainiTOI,95,False
189938,Tweet,KTVinobhaTOI,nmcintosh,25,True
189967,Tweet,KTVinobhaTOI,SagrikaKissu,18,True
189948,Tweet,KTVinobhaTOI,ManjuVTOI,19,True
201796,Article,PNaveenTOI,RoniNYTimes,21,True
201664,Article,PNaveenTOI,PrashantrTOI,40,False
201733,Article,PNaveenTOI,ESCochrane,42,False
201600,Article,PNaveenTOI,ewenmacaskill,4,True
201688,Article,PNaveenTOI,Crime_Selvaraj,18,True
201682,Article,PNaveenTOI,SindhukTOI,12,True
201739,Article,PNaveenTOI,andrewrsorkin,56,False
201810,Article,PNaveenTOI,rhymetraveller,25,True
201767,Article,PNaveenTOI,HemantaTOI,8,True
201591,Article,PNaveenTOI,nauzerbTOI,34,False
201596,Article,PNaveenTOI,Crime_Selvaraj,12,True
201585,Article,PNaveenTOI,ChuBailiang,97,False
201641,Article,PNaveenTOI,bindiyachariTOI,72,False
201825,Article,PNaveenTOI,tomfriedman,44,False
201781,Article,PNaveenTOI,michelleinbklyn,8,True
201864,Tweet,PNaveenTOI,shiba_kurian,22,True
201901,Tweet,PNaveenTOI,SwatiShindeTOI,233,False
201858,Tweet,PNaveenTOI,KomalGautham,21,True
201897,Tweet,PNaveenTOI,omjasvinTOI,29,True
201881,Tweet,PNaveenTOI,vijaypTOI,31,True
201829,Tweet,PNaveenTOI,vijaysinghTOI,26,True
201873,Tweet,PNaveenTOI,sandhyanairTOI,32,True
201845,Tweet,PNaveenTOI,KomalGautham,32,True
201846,Tweet,PNaveenTOI,arusbridger,149,False
201837,Tweet,PNaveenTOI,neelam_raaj,28,True
201926,Tweet,PNaveenTOI,Mahafreed_Irani,28,True
201861,Tweet,PNaveenTOI,ManjuVTOI,101,False
201871,Tweet,PNaveenTOI,jayamenon64,118,False
201842,Tweet,PNaveenTOI,alexvtunzelmann,201,False
201915,Tweet,PNaveenTOI,Mahafreed_Irani,174,False
102808,Article,ollywainwright,NesrineMalik,20,True
102783,Article,ollywainwright,lucysiegle,50,False
102738,Article,ollywainwright,nicholaswatt,101,False
102882,Article,ollywainwright,MarinaOLoughlin,23,True
102739,Article,ollywainwright,MoharBasu,3,True
102785,Article,ollywainwright,aleksk,201,False
102890,Article,ollywainwright,sarahditum,49,False
102934,Article,ollywainwright,jennyschuessler,87,False
102897,Article,ollywainwright,carolecadwalla,51,False
102966,Article,ollywainwright,helenecooper,58,False
102888,Article,ollywainwright,FlitterOnFraud,114,False
102762,Article,ollywainwright,jbouie,45,False
102869,Article,ollywainwright,aleksk,15,True
102782,Article,ollywainwright,wesley_morris,267,False
102830,Article,ollywainwright,lindasgrant,217,False
103189,Tweet,ollywainwright,payaldhawanTOI,161,False
102974,Tweet,ollywainwright,axrenton,103,False
102979,Tweet,ollywainwright,axrenton,254,False
103309,Tweet,ollywainwright,john_hooper,121,False
103061,Tweet,ollywainwright,martcrossy,56,False
103142,Tweet,ollywainwright,rachlharris,99,False
103430,Tweet,ollywainwright,LauraCummingArt,30,True
103567,Tweet,ollywainwright,ChaithanyaSwamy,31,True
103414,Tweet,ollywainwright,KSchulten,72,False
103442,Tweet,ollywainwright,richapintoi,17,True
103363,Tweet,ollywainwright,SearleAdrian,30,True
103341,Tweet,ollywainwright,vaibhavgTOI,24,True
103464,Tweet,ollywainwright,FranklinBlog,28,True
103130,Tweet,ollywainwright,sunny_hundal,364,False
103203,Tweet,ollywainwright,vijaysinghTOI,198,False
216954,Article,toi_dhananjayM,vijayVsinghTOI,21,True
216845,Article,toi_dhananjayM,bindiyachariTOI,29,True
216780,Article,toi_dhananjayM,jameskanter,16,True
216916,Article,toi_dhananjayM,Crime_Selvaraj,21,True
216927,Article,toi_dhananjayM,PippaCrerar,5,True
216805,Article,toi_dhananjayM,toi_dhananjayM,1,True
216715,Article,toi_dhananjayM,rebeccaSTOI,5,True
216881,Article,toi_dhananjayM,AlokKNMishra,69,False
216961,Article,toi_dhananjayM,toi_dhananjayM,1,True
216823,Article,toi_dhananjayM,rebeccaSTOI,16,True
216788,Article,toi_dhananjayM,toi_dhananjayM,1,True
216754,Article,toi_dhananjayM,KTVinobhaTOI,21,True
216854,Article,toi_dhananjayM,AlokKNMishra,18,True
216803,Article,toi_dhananjayM,AlokKNMishra,3,True
216792,Article,toi_dhananjayM,jameskanter,11,True
217014,Tweet,toi_dhananjayM,bindiyachariTOI,28,True
217050,Tweet,toi_dhananjayM,AjayUgrasTOI,32,True
217020,Tweet,toi_dhananjayM,juliemTOI,28,True
217021,Tweet,toi_dhananjayM,michaelcrowley,4,True
217016,Tweet,toi_dhananjayM,RosySequeiraTOI,21,True
217026,Tweet,toi_dhananjayM,bindiyachariTOI,13,True
217044,Tweet,toi_dhananjayM,KapildaveTOI,30,True
216973,Tweet,toi_dhananjayM,KapildaveTOI,27,True
217030,Tweet,toi_dhananjayM,amitanandTOI,23,True
217032,Tweet,toi_dhananjayM,Crime_Selvaraj,25,True
217004,Tweet,toi_dhananjayM,vaibhavgTOI,26,True
216972,Tweet,toi_dhananjayM,bagishjhaTOI,32,True
217035,Tweet,toi_dhananjayM,asrpmukeshTOI,25,True
217010,Tweet,toi_dhananjayM,ajaysuraTOI,2,True
216982,Tweet,toi_dhananjayM,parthshastriTOI,34,False
191062,Article,Mahafreed_Irani,PatrickKingsley,154,False
191085,Article,Mahafreed_Irani,Crime_Selvaraj,29,True
191005,Article,Mahafreed_Irani,nandinisgTOI,8,True
191111,Article,Mahafreed_Irani,ThevarSteffy,31,True
191107,Article,Mahafreed_Irani,sushmi_dey,43,False
191049,Article,Mahafreed_Irani,ramarkosg,12,True
191028,Article,Mahafreed_Irani,bindiyachariTOI,35,False
191099,Article,Mahafreed_Irani,murarishetye,56,False
191029,Article,Mahafreed_Irani,StacyCowley,230,False
191072,Article,Mahafreed_Irani,EVincentelli,67,False
191094,Article,Mahafreed_Irani,pradeepjourno,24,True
191025,Article,Mahafreed_Irani,DekaJayanta,36,False
191081,Article,Mahafreed_Irani,maheshbTOI,39,False
191052,Article,Mahafreed_Irani,bindiyachariTOI,25,True
191008,Article,Mahafreed_Irani,Crime_Selvaraj,77,False
191188,Tweet,Mahafreed_Irani,hadleyfreeman,188,False
191190,Tweet,Mahafreed_Irani,debaratisen,30,True
191201,Tweet,Mahafreed_Irani,winematcher,69,False
191180,Tweet,Mahafreed_Irani,ajaysuraTOI,7,True
191192,Tweet,Mahafreed_Irani,vijaysinghTOI,8,True
191183,Tweet,Mahafreed_Irani,SagrikaKissu,313,False
191153,Tweet,Mahafreed_Irani,jfordham_jazz,105,False
191213,Tweet,Mahafreed_Irani,msmirandasawyer,131,False
191200,Tweet,Mahafreed_Irani,Shreyanka_M,33,False
191136,Tweet,Mahafreed_Irani,jatinder_tur,291,False
191175,Tweet,Mahafreed_Irani,KapildaveTOI,142,False
191174,Tweet,Mahafreed_Irani,alexvtunzelmann,190,False
191121,Tweet,Mahafreed_Irani,attackerman,17,True
191197,Tweet,Mahafreed_Irani,msmirandasawyer,113,False
191178,Tweet,Mahafreed_Irani,TOISH31,52,False
221846,Article,yazhiniyanTOI,toi_dhananjayM,61,False
221973,Article,yazhiniyanTOI,PjJoychen,28,True
221899,Article,yazhiniyanTOI,juliemTOI,64,False
221873,Article,yazhiniyanTOI,akhileshsTOI,29,True
221995,Article,yazhiniyanTOI,NikiKitsantonis,35,False
221988,Article,yazhiniyanTOI,Rupalijee,17,True
222007,Article,yazhiniyanTOI,niyatiparikhTOI,9,True
221914,Article,yazhiniyanTOI,niyatiparikhTOI,31,True
221939,Article,yazhiniyanTOI,PjJoychen,11,True
221876,Article,yazhiniyanTOI,naomi2009,124,False
221921,Article,yazhiniyanTOI,EllenBarryNYT,24,True
221913,Article,yazhiniyanTOI,amitanandTOI,7,True
222004,Article,yazhiniyanTOI,CarolineLucas,41,False
221911,Article,yazhiniyanTOI,niyatiparikhTOI,5,True
221900,Article,yazhiniyanTOI,NikiKitsantonis,75,False
222066,Tweet,yazhiniyanTOI,vijaypTOI,15,True
222045,Tweet,yazhiniyanTOI,PeterTatchell,42,False
222118,Tweet,yazhiniyanTOI,AtulMathur_,197,False
222100,Tweet,yazhiniyanTOI,dubeyavishek,57,False
222081,Tweet,yazhiniyanTOI,PNaveenTOI,9,True
222071,Tweet,yazhiniyanTOI,kbennhold,31,True
222041,Tweet,yazhiniyanTOI,AditiZero,19,True
222070,Tweet,yazhiniyanTOI,vaibhavgTOI,19,True
222123,Tweet,yazhiniyanTOI,vijaypTOI,4,True
222119,Tweet,yazhiniyanTOI,Arun_Ram,19,True
222040,Tweet,yazhiniyanTOI,somitsenTOI,74,False
222122,Tweet,yazhiniyanTOI,KomalGautham,65,False
222030,Tweet,yazhiniyanTOI,ThevarSteffy,28,True
222036,Tweet,yazhiniyanTOI,joecoscarelli,247,False
222069,Tweet,yazhiniyanTOI,smita_mishra,244,False
209788,Article,shiba_kurian,AditiZero,19,True
209914,Article,shiba_kurian,AmritadTOI,14,True
209845,Article,shiba_kurian,tejalrao,14,True
209778,Article,shiba_kurian,NYTimesCohen,118,False
209764,Article,shiba_kurian,anandbodhTOI,25,True
209912,Article,shiba_kurian,somitsenTOI,31,True
209708,Article,shiba_kurian,palaknandiTOI,13,True
209782,Article,shiba_kurian,meeravohraTOI,29,True
209900,Article,shiba_kurian,lisamonteiroTOI,17,True
209933,Article,shiba_kurian,rajendrasTOI,14,True
209756,Article,shiba_kurian,john_hooper,21,True
209795,Article,shiba_kurian,vaibhavgTOI,2,True
209794,Article,shiba_kurian,abhishekTWEETS7,52,False
209826,Article,shiba_kurian,saumyajitbTOI,24,True
209926,Article,shiba_kurian,john_hooper,3,True
210028,Tweet,shiba_kurian,vijaypTOI,87,False
210007,Tweet,shiba_kurian,journo_vibha,35,False
209959,Tweet,shiba_kurian,Gauraw2297,309,False
209980,Tweet,shiba_kurian,payaldhawanTOI,104,False
209957,Tweet,shiba_kurian,KomalGautham,16,True
210021,Tweet,shiba_kurian,ManjuVTOI,278,False
209955,Tweet,shiba_kurian,vijaysinghTOI,12,True
210013,Tweet,shiba_kurian,stevenpoole,330,False
209974,Tweet,shiba_kurian,rashmidTOI,120,False
209995,Tweet,shiba_kurian,rjadHinduBL,19,True
209987,Tweet,shiba_kurian,AditiZero,75,False
209967,Tweet,shiba_kurian,rishachitlangia,102,False
209946,Tweet,shiba_kurian,vijaypTOI,8,True
209950,Tweet,shiba_kurian,ChaitanyadTOI,38,False
210019,Tweet,shiba_kurian,ChaitanyadTOI,141,False
56447,Article,gilestremlett,NilsPratley,179,False
56325,Article,gilestremlett,jasondhorowitz,438,False
56541,Article,gilestremlett,axrenton,22,True
56338,Article,gilestremlett,EVincentelli,461,False
56428,Article,gilestremlett,sarahditum,165,False
56307,Article,gilestremlett,SidharthB25,6,True
56367,Article,gilestremlett,joncaramanica,28,True
56424,Article,gilestremlett,ewenmacaskill,25,True
56514,Article,gilestremlett,gmorgenson,16,True
56412,Article,gilestremlett,AndrewSparrow,22,True
56449,Article,gilestremlett,KateEMcCann,15,True
56455,Article,gilestremlett,DeccaJourno,98,False
56438,Article,gilestremlett,sarahditum,34,False
56313,Article,gilestremlett,KateEMcCann,100,False
56421,Article,gilestremlett,jimtankersley,16,True
56864,Tweet,gilestremlett,desaisantosh,167,False
56775,Tweet,gilestremlett,PNaveenTOI,183,False
56992,Tweet,gilestremlett,Crime_Selvaraj,211,False
56879,Tweet,gilestremlett,vijaysinghTOI,315,False
57098,Tweet,gilestremlett,ukigoni,62,False
56955,Tweet,gilestremlett,SearleAdrian,124,False
57108,Tweet,gilestremlett,Freedland,96,False
56716,Tweet,gilestremlett,livia_ar,165,False
56771,Tweet,gilestremlett,lyngardner,193,False
56817,Tweet,gilestremlett,Mahafreed_Irani,81,False
56650,Tweet,gilestremlett,rebeccaSTOI,55,False
57076,Tweet,gilestremlett,jatinder_tur,57,False
57130,Tweet,gilestremlett,MujMash,216,False
56690,Tweet,gilestremlett,lindasgrant,351,False
57047,Tweet,gilestremlett,SocialQPhilip,162,False
47067,Article,MarinaOLoughlin,williamkeegan,32,True
47131,Article,MarinaOLoughlin,arusbridger,17,True
47002,Article,MarinaOLoughlin,williamkeegan,30,True
47167,Article,MarinaOLoughlin,BawaNaaved,21,True
47199,Article,MarinaOLoughlin,kylebuchanan,64,False
47204,Article,MarinaOLoughlin,GeorgeMonbiot,19,True
47209,Article,MarinaOLoughlin,arusbridger,15,True
47148,Article,MarinaOLoughlin,ottolenghi,13,True
47008,Article,MarinaOLoughlin,lindasgrant,18,True
47166,Article,MarinaOLoughlin,msmirandasawyer,66,False
47137,Article,MarinaOLoughlin,pete_wells,30,True
47108,Article,MarinaOLoughlin,bindiyachariTOI,14,True
47098,Article,MarinaOLoughlin,melissaclark,28,True
46999,Article,MarinaOLoughlin,sarahlyall,28,True
47123,Article,MarinaOLoughlin,steve_hewlett,27,True
47826,Tweet,MarinaOLoughlin,LauraCummingArt,25,True
47593,Tweet,MarinaOLoughlin,AlysFowler,4,True
47386,Tweet,MarinaOLoughlin,ameliagentleman,25,True
47573,Tweet,MarinaOLoughlin,ollywainwright,28,True
47731,Tweet,MarinaOLoughlin,AlysFowler,128,False
47543,Tweet,MarinaOLoughlin,NesrineMalik,42,False
47345,Tweet,MarinaOLoughlin,sermoninstone,39,False
47784,Tweet,MarinaOLoughlin,manujaveerappa,32,True
47839,Tweet,MarinaOLoughlin,ggreenwald,221,False
47827,Tweet,MarinaOLoughlin,jackschofield,22,True
47618,Tweet,MarinaOLoughlin,msmirandasawyer,11,True
47659,Tweet,MarinaOLoughlin,DerekMalcolm123,403,False
47805,Tweet,MarinaOLoughlin,timatkin,62,False
47342,Tweet,MarinaOLoughlin,alexvtunzelmann,114,False
47401,Tweet,MarinaOLoughlin,davidhepworth,393,False
3476,Article,billmpennington,RBReich,175,False
3432,Article,billmpennington,andrewrsorkin,27,True
3430,Article,billmpennington,PerriKlass,23,True
3459,Article,billmpennington,mtomasky,14,True
3473,Article,billmpennington,charlie_savage,33,False
3485,Article,billmpennington,ByJamesWagner,8,True
3471,Article,billmpennington,EVincentelli,269,False
3421,Article,billmpennington,lauriegnyt,28,True
3468,Article,billmpennington,sudeshnagTOI,353,False
3470,Article,billmpennington,DavidWaldstein,137,False
3410,Article,billmpennington,fmanjoo,18,True
3450,Article,billmpennington,el_belson,9,True
3415,Article,billmpennington,ditzkoff,11,True
3408,Article,billmpennington,asrpmukeshTOI,23,True
3480,Article,billmpennington,BhanupratapsTOI,68,False
3523,Tweet,billmpennington,SherylNYT,16,True
3577,Tweet,billmpennington,TridibIANS,14,True
3582,Tweet,billmpennington,SocialQPhilip,18,True
3519,Tweet,billmpennington,kylebuchanan,9,True
3596,Tweet,billmpennington,el_belson,12,True
3543,Tweet,billmpennington,yeshikabudhwar,30,True
3517,Tweet,billmpennington,thrasherxy,9,True
3516,Tweet,billmpennington,attackerman,165,False
3525,Tweet,billmpennington,wesley_morris,14,True
3557,Tweet,billmpennington,jennyschuessler,23,True
3535,Tweet,billmpennington,PatriciaMazzei,102,False
3570,Tweet,billmpennington,toi_shailendraA,18,True
3569,Tweet,billmpennington,ipsinghTOI,123,False
3554,Tweet,billmpennington,mtomasky,9,True
3506,Tweet,billmpennington,wesley_morris,16,True
34487,Article,dionnesearcey,IKershner,50,False
34456,Article,dionnesearcey,StacyCowley,363,False
34499,Article,dionnesearcey,DouthatNYT,115,False
34415,Article,dionnesearcey,KapildaveTOI,5,True
34441,Article,dionnesearcey,john_hooper,112,False
34431,Article,dionnesearcey,HemantaTOI,158,False
34429,Article,dionnesearcey,jbouie,23,True
34413,Article,dionnesearcey,amitanandTOI,24,True
34412,Article,dionnesearcey,MKSinghGkp,83,False
34451,Article,dionnesearcey,ericschmittnyt,79,False
34475,Article,dionnesearcey,declanwalsh,20,True
34417,Article,dionnesearcey,rebeccaSTOI,27,True
34433,Article,dionnesearcey,marywalshjourno,146,False
34424,Article,dionnesearcey,hugolowell,53,False
34462,Article,dionnesearcey,andrewrsorkin,169,False
34566,Tweet,dionnesearcey,AnujaJaiswalTOI,28,True
34551,Tweet,dionnesearcey,toi_dhananjayM,96,False
34524,Tweet,dionnesearcey,TimdeLisle,202,False
34578,Tweet,dionnesearcey,AnujaJaiswalTOI,105,False
34580,Tweet,dionnesearcey,BhanupratapsTOI,17,True
34509,Tweet,dionnesearcey,jeannasmialek,92,False
34537,Tweet,dionnesearcey,DanBilefsky,11,True
34552,Tweet,dionnesearcey,rjadHinduBL,149,False
34510,Tweet,dionnesearcey,RosySequeiraTOI,34,False
34539,Tweet,dionnesearcey,IpsitaTOI,15,True
34599,Tweet,dionnesearcey,murarishetyeTOI,11,True
34511,Tweet,dionnesearcey,PeterTatchell,188,False
34532,Tweet,dionnesearcey,kush_junglee,190,False
34592,Tweet,dionnesearcey,priyagupta999,60,False
34525,Tweet,dionnesearcey,itsshibuthomas,34,False
37871,Article,PippaCrerar,alexanderburns,65,False
37998,Article,PippaCrerar,gabyhinsliff,29,True
37607,Article,PippaCrerar,NYTLiz,51,False
38223,Article,PippaCrerar,AndrewSparrow,21,True
38227,Article,PippaCrerar,KateEMcCann,30,True
37755,Article,PippaCrerar,aleksk,86,False
37635,Article,PippaCrerar,ollywainwright,11,True
37738,Article,PippaCrerar,sisario,50,False
37954,Article,PippaCrerar,KateEMcCann,21,True
37870,Article,PippaCrerar,GeorgeMonbiot,95,False
38079,Article,PippaCrerar,nicholaswatt,36,False
38016,Article,PippaCrerar,jayrayner1,10,True
37778,Article,PippaCrerar,NikiKitsantonis,19,True
38072,Article,PippaCrerar,CarolineLucas,17,True
37571,Article,PippaCrerar,andybrassell,20,True
38245,Tweet,PippaCrerar,Crime_Selvaraj,12,True
38644,Tweet,PippaCrerar,jimwaterson,16,True
38638,Tweet,PippaCrerar,GRajivTOI,26,True
38395,Tweet,PippaCrerar,anandbodhTOI,12,True
38300,Tweet,PippaCrerar,NesrineMalik,10,True
38484,Tweet,PippaCrerar,hugolowell,270,False
38260,Tweet,PippaCrerar,murarishetyeTOI,96,False
38816,Tweet,PippaCrerar,CarolineLucas,17,True
38571,Tweet,PippaCrerar,ShaneGoldmacher,27,True
38258,Tweet,PippaCrerar,john_hooper,81,False
38303,Tweet,PippaCrerar,ollywainwright,19,True
38632,Tweet,PippaCrerar,sudhanshub16,125,False
38612,Tweet,PippaCrerar,JoshuaRozenberg,38,False
38377,Tweet,PippaCrerar,peterbradshaw1,62,False
38506,Tweet,PippaCrerar,CarolineLucas,24,True
31600,Article,_nicolaclark,KapildaveTOI,5,True
31608,Article,_nicolaclark,digbijaymishra1,31,True
31652,Article,_nicolaclark,amitanandTOI,20,True
31673,Article,_nicolaclark,SherylNYT,24,True
31662,Article,_nicolaclark,rajendrasTOI,78,False
31621,Article,_nicolaclark,AmritadTOI,14,True
31630,Article,_nicolaclark,KapildaveTOI,21,True
31685,Article,_nicolaclark,PatrickKingsley,31,True
31680,Article,_nicolaclark,lauriegnyt,19,True
31675,Article,_nicolaclark,ipsinghTOI,19,True
31692,Article,_nicolaclark,27saurabhsinha,23,True
31667,Article,_nicolaclark,BawaNaaved,22,True
31648,Article,_nicolaclark,SribaalaVTOI,29,True
31604,Article,_nicolaclark,Azi,7,True
31631,Article,_nicolaclark,SidharthB25,25,True
31733,Tweet,_nicolaclark,jackschofield,146,False
31747,Tweet,_nicolaclark,sarahchurchwell,194,False
31706,Tweet,_nicolaclark,NYTLiz,36,False
31701,Tweet,_nicolaclark,jhoffman,146,False
31724,Tweet,_nicolaclark,samsifton,263,False
31714,Tweet,_nicolaclark,ggreenwald,125,False
31780,Tweet,_nicolaclark,nicklezard,328,False
31761,Tweet,_nicolaclark,FranklinBlog,69,False
31702,Tweet,_nicolaclark,SumitraDebRoy,174,False
31792,Tweet,_nicolaclark,BhanupratapsTOI,26,True
31784,Tweet,_nicolaclark,SwatiShindeTOI,214,False
31737,Tweet,_nicolaclark,Arun_Ram,308,False
31738,Tweet,_nicolaclark,SocialQPhilip,287,False
31754,Tweet,_nicolaclark,vijayVsinghTOI,303,False
31794,Tweet,_nicolaclark,abhishekTWEETS7,98,False
178012,Article,bindiyachariTOI,stevenerlanger,5,True
178094,Article,bindiyachariTOI,anandbodhTOI,63,False
178016,Article,bindiyachariTOI,rajendrasTOI,60,False
177937,Article,bindiyachariTOI,ewenmacaskill,55,False
178111,Article,bindiyachariTOI,jameskanter,98,False
177992,Article,bindiyachariTOI,ElianPeltier,182,False
178025,Article,bindiyachariTOI,jameskanter,23,True
178090,Article,bindiyachariTOI,npfandos,77,False
178003,Article,bindiyachariTOI,bindiyachariTOI,1,True
178152,Article,bindiyachariTOI,jameskanter,29,True
177958,Article,bindiyachariTOI,patrickwintour,47,False
178159,Article,bindiyachariTOI,stevenerlanger,28,True
178042,Article,bindiyachariTOI,KateEMcCann,31,True
178085,Article,bindiyachariTOI,patrickwintour,26,True
177987,Article,bindiyachariTOI,CarolineLucas,102,False
178202,Tweet,bindiyachariTOI,omjasvinTOI,20,True
178199,Tweet,bindiyachariTOI,jatinder_tur,11,True
178216,Tweet,bindiyachariTOI,parthshastriTOI,11,True
178203,Tweet,bindiyachariTOI,vijaypTOI,21,True
178239,Tweet,bindiyachariTOI,SindhukTOI,25,True
178231,Tweet,bindiyachariTOI,PhanindraP_TNIE,19,True
178252,Tweet,bindiyachariTOI,sudeshnagTOI,22,True
178187,Tweet,bindiyachariTOI,abantika77,16,True
178214,Tweet,bindiyachariTOI,rjadHinduBL,25,True
178220,Tweet,bindiyachariTOI,parthshastriTOI,19,True
178189,Tweet,bindiyachariTOI,SyedAkbarTOI,56,False
178268,Tweet,bindiyachariTOI,kush_junglee,20,True
178228,Tweet,bindiyachariTOI,SindhukTOI,20,True
178194,Tweet,bindiyachariTOI,pradeepjourno,19,True
178272,Tweet,bindiyachariTOI,ronojoy_sen,53,False
21002,Article,ericschmittnyt,toi_dhananjayM,13,True
21051,Article,ericschmittnyt,NeilMacFarquhar,21,True
21069,Article,ericschmittnyt,NeilMacFarquhar,10,True
21080,Article,ericschmittnyt,ESCochrane,17,True
21025,Article,ericschmittnyt,IKershner,57,False
21018,Article,ericschmittnyt,KapildaveTOI,11,True
21093,Article,ericschmittnyt,NeilMacFarquhar,25,True
21028,Article,ericschmittnyt,SribaalaVTOI,8,True
21003,Article,ericschmittnyt,ElisabethMalkin,17,True
21077,Article,ericschmittnyt,attackerman,12,True
21057,Article,ericschmittnyt,ggreenwald,29,True
21076,Article,ericschmittnyt,NikiKitsantonis,67,False
21000,Article,ericschmittnyt,PatrickKingsley,31,True
21056,Article,ericschmittnyt,hugolowell,23,True
21049,Article,ericschmittnyt,mikeives,24,True
21149,Tweet,ericschmittnyt,SribaalaVTOI,7,True
21102,Tweet,ericschmittnyt,manvirsainiTOI,133,False
21179,Tweet,ericschmittnyt,rpogrebin,22,True
21183,Tweet,ericschmittnyt,SwatiMathurTOI,17,True
21125,Tweet,ericschmittnyt,AjayUgrasTOI,31,True
21154,Tweet,ericschmittnyt,DouthatNYT,19,True
21138,Tweet,ericschmittnyt,dklavaniaTOI,22,True
21124,Tweet,ericschmittnyt,dansabbagh,29,True
21135,Tweet,ericschmittnyt,NeilMacFarquhar,27,True
21107,Tweet,ericschmittnyt,rachlharris,27,True
21150,Tweet,ericschmittnyt,akhileshsTOI,14,True
21114,Tweet,ericschmittnyt,attackerman,24,True
21170,Tweet,ericschmittnyt,mateenHTOI,22,True
21120,Tweet,ericschmittnyt,lauriegnyt,10,True
21128,Tweet,ericschmittnyt,PhanindraP_TNIE,27,True
215216,Article,SwatiMathurTOI,jameskanter,15,True
215154,Article,SwatiMathurTOI,patrickwintour,58,False
215124,Article,SwatiMathurTOI,AlokKNMishra,17,True
215191,Article,SwatiMathurTOI,ShrinivasaMTOI,15,True
215195,Article,SwatiMathurTOI,aseemsgujar,50,False
215168,Article,SwatiMathurTOI,jameskanter,31,True
215077,Article,SwatiMathurTOI,BawaNaaved,16,True
215214,Article,SwatiMathurTOI,akhileshsTOI,6,True
215065,Article,SwatiMathurTOI,kush_junglee,143,False
214993,Article,SwatiMathurTOI,rjadHinduBL,150,False
215015,Article,SwatiMathurTOI,_nicolaclark,60,False
215092,Article,SwatiMathurTOI,jameskanter,21,True
215033,Article,SwatiMathurTOI,NikiKitsantonis,32,True
215075,Article,SwatiMathurTOI,jameskanter,6,True
215222,Article,SwatiMathurTOI,AmritadTOI,37,False
215242,Tweet,SwatiMathurTOI,FranklinBlog,134,False
215266,Tweet,SwatiMathurTOI,sandhyanairTOI,13,True
215267,Tweet,SwatiMathurTOI,PjJoychen,24,True
215293,Tweet,SwatiMathurTOI,joecoscarelli,428,False
215262,Tweet,SwatiMathurTOI,ajaysuraTOI,121,False
215260,Tweet,SwatiMathurTOI,SwatiMathurTOI,1,True
215312,Tweet,SwatiMathurTOI,imabdulgani,13,True
215229,Tweet,SwatiMathurTOI,27saurabhsinha,92,False
215254,Tweet,SwatiMathurTOI,KapildaveTOI,22,True
215298,Tweet,SwatiMathurTOI,rajatpTOI,13,True
215303,Tweet,SwatiMathurTOI,nauzerbTOI,102,False
215253,Tweet,SwatiMathurTOI,AnujaJaiswalTOI,153,False
215283,Tweet,SwatiMathurTOI,neelam_raaj,85,False
215273,Tweet,SwatiMathurTOI,aditya_bh16,281,False
215323,Tweet,SwatiMathurTOI,dklavaniaTOI,19,True
19214,Article,sisario,RorySmith,53,False
19273,Article,sisario,toi_dhananjayM,98,False
19237,Article,sisario,declanwalsh,15,True
19249,Article,sisario,sangerkatz,23,True
19218,Article,sisario,MaggieAstor,9,True
19263,Article,sisario,charlie_savage,16,True
19206,Article,sisario,alexmarshall81,5,True
19268,Article,sisario,divyapal2013,11,True
19275,Article,sisario,jonpareles,17,True
19257,Article,sisario,andrewrsorkin,9,True
19225,Article,sisario,stevenpoole,50,False
19288,Article,sisario,richapintoi,419,False
19212,Article,sisario,ajaysuraTOI,8,True
19207,Article,sisario,DouthatNYT,16,True
19246,Article,sisario,IKershner,22,True
19351,Tweet,sisario,ukigoni,123,False
19367,Tweet,sisario,greenslader,14,True
19397,Tweet,sisario,charltonbrooker,15,True
19395,Tweet,sisario,jorifinkel,159,False
19339,Tweet,sisario,IanCobain,161,False
19329,Tweet,sisario,PeterTatchell,142,False
19341,Tweet,sisario,rachlharris,115,False
19382,Tweet,sisario,ajaysuraTOI,48,False
19366,Tweet,sisario,RichSandomir,11,True
19323,Tweet,sisario,wesley_morris,19,True
19372,Tweet,sisario,maheshbTOI,115,False
19386,Tweet,sisario,kenanmalik,108,False
19383,Tweet,sisario,nytdavidbrooks,55,False
19334,Tweet,sisario,carolecadwalla,8,True
19322,Tweet,sisario,DouthatNYT,10,True
17230,Article,reidepstein,michelleinbklyn,13,True
17261,Article,reidepstein,noamscheiber,70,False
17278,Article,reidepstein,michelleinbklyn,22,True
17296,Article,reidepstein,tripgabriel,21,True
17247,Article,reidepstein,hugolowell,27,True
17288,Article,reidepstein,Bencjacobs,12,True
17284,Article,reidepstein,jimtankersley,25,True
17218,Article,reidepstein,NilsPratley,50,False
17281,Article,reidepstein,FrankBruni,54,False
17208,Article,reidepstein,anniekarni,22,True
17265,Article,reidepstein,Azi,31,True
17257,Article,reidepstein,jimtankersley,25,True
17239,Article,reidepstein,KTVinobhaTOI,27,True
17214,Article,reidepstein,Azi,23,True
17222,Article,reidepstein,pete_wells,150,False
17393,Tweet,reidepstein,reidepstein,1,True
17314,Tweet,reidepstein,murarishetye,5,True
17388,Tweet,reidepstein,BenWeiserNYT,6,True
17364,Tweet,reidepstein,manvirsainiTOI,180,False
17332,Tweet,reidepstein,Mahafreed_Irani,467,False
17330,Tweet,reidepstein,nytmike,21,True
17323,Tweet,reidepstein,jeannasmialek,14,True
17315,Tweet,reidepstein,nytmike,17,True
17374,Tweet,reidepstein,RBReich,18,True
17313,Tweet,reidepstein,Bencjacobs,4,True
17391,Tweet,reidepstein,lisamonteiroTOI,5,True
17300,Tweet,reidepstein,attackerman,11,True
17343,Tweet,reidepstein,paulkrugman,24,True
17301,Tweet,reidepstein,CarolineLucas,87,False
17376,Tweet,reidepstein,Bencjacobs,7,True
1466,Article,antontroian,RaphaelMinder,9,True
1455,Article,antontroian,IKershner,27,True
1496,Article,antontroian,domphillips,181,False
1460,Article,antontroian,NikiKitsantonis,17,True
1446,Article,antontroian,SribaalaVTOI,24,True
1492,Article,antontroian,pete_wells,19,True
1449,Article,antontroian,EmmaBubola,18,True
1490,Article,antontroian,kannoyoungs,11,True
1432,Article,antontroian,IKershner,20,True
1409,Article,antontroian,IKershner,17,True
1433,Article,antontroian,viasimonromero,19,True
1440,Article,antontroian,EmmaBubola,12,True
1498,Article,antontroian,michaelcrowley,18,True
1481,Article,antontroian,NYTBen,35,False
1435,Article,antontroian,hugolowell,84,False
1524,Tweet,antontroian,Lattif,18,True
1558,Tweet,antontroian,parul_sehgal,28,True
1547,Tweet,antontroian,hugolowell,39,False
1585,Tweet,antontroian,yeshikabudhwar,150,False
1522,Tweet,antontroian,jorifinkel,11,True
1532,Tweet,antontroian,IanCobain,46,False
1541,Tweet,antontroian,richardwolffedc,21,True
1545,Tweet,antontroian,benkenigsberg,23,True
1595,Tweet,antontroian,ukigoni,21,True
1538,Tweet,antontroian,LizAldermanNYT,17,True
1542,Tweet,antontroian,BenWeiserNYT,36,False
1500,Tweet,antontroian,BenWeiserNYT,20,True
1533,Tweet,antontroian,BenWeiserNYT,27,True
1529,Tweet,antontroian,PeterTatchell,108,False
1543,Tweet,antontroian,kenvogel,55,False
3643,Article,billywitz,RorySmith,15,True
3691,Article,billywitz,RBReich,8,True
3622,Article,billywitz,TridibIANS,18,True
3649,Article,billywitz,julianbarnes,15,True
3636,Article,billywitz,wesley_morris,7,True
3672,Article,billywitz,anniekarni,6,True
3601,Article,billywitz,hillhulse,82,False
3666,Article,billywitz,marywalshjourno,12,True
3645,Article,billywitz,saumyajitbTOI,11,True
3604,Article,billywitz,KapildaveTOI,16,True
3678,Article,billywitz,Azi,47,False
3635,Article,billywitz,stevenerlanger,18,True
3600,Article,billywitz,michelleinbklyn,4,True
3671,Article,billywitz,kbennhold,96,False
3697,Article,billywitz,jeannasmialek,9,True
3758,Tweet,billywitz,mtomasky,24,True
3793,Tweet,billywitz,fmanjoo,9,True
3762,Tweet,billywitz,jmart,3,True
3798,Tweet,billywitz,SocialQPhilip,10,True
3712,Tweet,billywitz,TridibIANS,71,False
3734,Tweet,billywitz,manvirsainiTOI,22,True
3742,Tweet,billywitz,andybrassell,21,True
3715,Tweet,billywitz,jmart,17,True
3764,Tweet,billywitz,rachlharris,9,True
3700,Tweet,billywitz,rachlharris,11,True
3785,Tweet,billywitz,jmart,8,True
3719,Tweet,billywitz,philipoltermann,13,True
3733,Tweet,billywitz,jennyschuessler,9,True
3778,Tweet,billywitz,PamBelluck,6,True
3761,Tweet,billywitz,parthasinha,39,False
46386,Article,oliverburkeman,bydanielvictor,141,False
46448,Article,oliverburkeman,jimwaterson,14,True
46489,Article,oliverburkeman,apoorva_nyc,27,True
46391,Article,oliverburkeman,jimwaterson,29,True
46332,Article,oliverburkeman,sarahlyall,30,True
46546,Article,oliverburkeman,michelleinbklyn,26,True
46330,Article,oliverburkeman,DouthatNYT,30,True
46381,Article,oliverburkeman,greenslader,30,True
46383,Article,oliverburkeman,jimwaterson,22,True
46366,Article,oliverburkeman,DouthatNYT,28,True
46547,Article,oliverburkeman,bencasselman,31,True
46501,Article,oliverburkeman,DouthatNYT,30,True
46354,Article,oliverburkeman,SangerNYT,37,False
46395,Article,oliverburkeman,DouthatNYT,20,True
46385,Article,oliverburkeman,MaggieAstor,21,True
46594,Tweet,oliverburkeman,sermoninstone,150,False
46747,Tweet,oliverburkeman,andybrassell,50,False
46775,Tweet,oliverburkeman,thrasherxy,170,False
46577,Tweet,oliverburkeman,mariellaf1,104,False
46752,Tweet,oliverburkeman,aleksk,65,False
46808,Tweet,oliverburkeman,msmirandasawyer,5,True
46825,Tweet,oliverburkeman,adwaidh,228,False
46677,Tweet,oliverburkeman,thrasherxy,29,True
46735,Tweet,oliverburkeman,kenanmalik,32,True
46706,Tweet,oliverburkeman,thestephmerritt,27,True
46930,Tweet,oliverburkeman,ArthurNeslen,44,False
46903,Tweet,oliverburkeman,digbijaymishra1,164,False
46858,Tweet,oliverburkeman,GeorgeMonbiot,25,True
46728,Tweet,oliverburkeman,007pandey,47,False
46859,Tweet,oliverburkeman,alanconnor,123,False
153098,Article,shattenstone,timjonze,18,True
153055,Article,shattenstone,sendvictorious,64,False
153006,Article,shattenstone,KateEMcCann,148,False
152955,Article,shattenstone,archiebland,31,True
152939,Article,shattenstone,timlottwriter,112,False
152916,Article,shattenstone,aleksk,25,True
152975,Article,shattenstone,sermoninstone,70,False
152905,Article,shattenstone,GeorgeMonbiot,88,False
152954,Article,shattenstone,LucyMangan,45,False
153027,Article,shattenstone,KateEMcCann,60,False
153018,Article,shattenstone,jbouie,30,True
152929,Article,shattenstone,salihughes,75,False
152925,Article,shattenstone,JessicaValenti,43,False
153102,Article,shattenstone,hannahdev,105,False
152974,Article,shattenstone,GiniaNYT,26,True
153324,Tweet,shattenstone,msmirandasawyer,9,True
153469,Tweet,shattenstone,aditya_bh16,17,True
153314,Tweet,shattenstone,SearleAdrian,17,True
153590,Tweet,shattenstone,TimdeLisle,11,True
153657,Tweet,shattenstone,NilsPratley,21,True
153190,Tweet,shattenstone,SocialQPhilip,490,False
153549,Tweet,shattenstone,andrew_mueller,9,True
153523,Tweet,shattenstone,NilsPratley,25,True
153673,Tweet,shattenstone,jorifinkel,267,False
153183,Tweet,shattenstone,bindelj,39,False
153175,Tweet,shattenstone,Shilarze_SSR,24,True
153172,Tweet,shattenstone,LauraCummingArt,8,True
153424,Tweet,shattenstone,LauraCummingArt,31,True
153658,Tweet,shattenstone,emmabrockes,27,True
153201,Tweet,shattenstone,Banjotkaur,337,False
82345,Article,hadleyfreeman,sarahditum,35,False
82291,Article,hadleyfreeman,KSchulten,19,True
82429,Article,hadleyfreeman,andrewrawnsley,157,False
82418,Article,hadleyfreeman,williamnhutton,59,False
82218,Article,hadleyfreeman,jbouie,97,False
82410,Article,hadleyfreeman,timjonze,45,False
82235,Article,hadleyfreeman,SearleAdrian,143,False
82282,Article,hadleyfreeman,FlitterOnFraud,70,False
82316,Article,hadleyfreeman,sarahditum,56,False
82367,Article,hadleyfreeman,LFFriedman,155,False
82362,Article,hadleyfreeman,nauzerbTOI,24,True
82216,Article,hadleyfreeman,jennydeluxe,78,False
82340,Article,hadleyfreeman,williamnhutton,108,False
82317,Article,hadleyfreeman,JessicaValenti,26,True
82270,Article,hadleyfreeman,KSchulten,10,True
82576,Tweet,hadleyfreeman,IAmTimDowling,31,True
82691,Tweet,hadleyfreeman,sudhanshub16,70,False
82739,Tweet,hadleyfreeman,MKSinghGkp,25,True
82580,Tweet,hadleyfreeman,thestephmerritt,277,False
82958,Tweet,hadleyfreeman,marthakelner,48,False
82826,Tweet,hadleyfreeman,GiniaNYT,184,False
82524,Tweet,hadleyfreeman,sermoninstone,28,True
82812,Tweet,hadleyfreeman,aniljdias,277,False
82578,Tweet,hadleyfreeman,ameliagentleman,18,True
82681,Tweet,hadleyfreeman,ollywainwright,29,True
82507,Tweet,hadleyfreeman,seaningle,26,True
82458,Tweet,hadleyfreeman,oliverburkeman,196,False
82820,Tweet,hadleyfreeman,RebeccaSeal,80,False
82625,Tweet,hadleyfreeman,Shreyanka_M,434,False
82772,Tweet,hadleyfreeman,jhoffman,4,True
214655,Article,sushmi_dey,gabyhinsliff,18,True
214702,Article,sushmi_dey,amitanandTOI,19,True
214698,Article,sushmi_dey,niyatiparikhTOI,56,False
214643,Article,sushmi_dey,utejonmayamTOI,25,True
214820,Article,sushmi_dey,HemantaTOI,12,True
214786,Article,sushmi_dey,jameskanter,15,True
214662,Article,sushmi_dey,gmorgenson,7,True
214780,Article,sushmi_dey,BhanupratapsTOI,60,False
214644,Article,sushmi_dey,SidharthB25,15,True
214791,Article,sushmi_dey,SidharthB25,10,True
214833,Article,sushmi_dey,jameskanter,15,True
214812,Article,sushmi_dey,KateEMcCann,6,True
214739,Article,sushmi_dey,NikiKitsantonis,23,True
214749,Article,sushmi_dey,Markbeaumontuk,2,True
214661,Article,sushmi_dey,GeorgeMonbiot,20,True
214972,Tweet,sushmi_dey,AnujaJaiswalTOI,15,True
214953,Tweet,sushmi_dey,Banjotkaur,13,True
214929,Tweet,sushmi_dey,PNaveenTOI,18,True
214969,Tweet,sushmi_dey,RosySequeiraTOI,153,False
214963,Tweet,sushmi_dey,AnujaJaiswalTOI,15,True
214951,Tweet,sushmi_dey,TOISH31,10,True
214905,Tweet,sushmi_dey,MohitaTOI,40,False
214895,Tweet,sushmi_dey,kush_junglee,146,False
214904,Tweet,sushmi_dey,advityabahlTOI,24,True
214908,Tweet,sushmi_dey,sermoninstone,57,False
214968,Tweet,sushmi_dey,Arun_Ram,21,True
214959,Tweet,sushmi_dey,PNaveenTOI,22,True
214936,Tweet,sushmi_dey,Arun_Ram,9,True
214980,Tweet,sushmi_dey,PNaveenTOI,48,False
214930,Tweet,sushmi_dey,peterbradshaw1,333,False
14495,Article,MujMash,bindiyachariTOI,83,False
14438,Article,MujMash,kannoyoungs,84,False
14426,Article,MujMash,rajendrasTOI,23,True
14453,Article,MujMash,SribaalaVTOI,30,True
14494,Article,MujMash,SribaalaVTOI,18,True
14416,Article,MujMash,SribaalaVTOI,15,True
14417,Article,MujMash,BellaKwai,29,True
14465,Article,MujMash,KapildaveTOI,25,True
14427,Article,MujMash,lauriegnyt,15,True
14491,Article,MujMash,NikiKitsantonis,23,True
14442,Article,MujMash,SindhukTOI,2,True
14497,Article,MujMash,BawaNaaved,20,True
14474,Article,MujMash,hugolowell,29,True
14483,Article,MujMash,vishwamTOI,24,True
14461,Article,MujMash,PatrickKingsley,18,True
14598,Tweet,MujMash,attackerman,39,False
14568,Tweet,MujMash,SwatiShindeTOI,34,False
14517,Tweet,MujMash,IpsitaTOI,64,False
14564,Tweet,MujMash,juliemTOI,29,True
14503,Tweet,MujMash,murarishetye,18,True
14579,Tweet,MujMash,philipoltermann,27,True
14561,Tweet,MujMash,ajaysuraTOI,59,False
14560,Tweet,MujMash,BenWeiserNYT,35,False
14584,Tweet,MujMash,Shreyanka_M,150,False
14577,Tweet,MujMash,maheshbTOI,124,False
14519,Tweet,MujMash,mikeives,12,True
14571,Tweet,MujMash,somitsenTOI,85,False
14518,Tweet,MujMash,saumyajitbTOI,20,True
14596,Tweet,MujMash,HinaRohtaki,20,True
14527,Tweet,MujMash,parul_sehgal,95,False
23202,Article,samrob12,kbennhold,169,False
23280,Article,samrob12,GRajivTOI,27,True
23282,Article,samrob12,AtulMathur_,31,True
23296,Article,samrob12,thrasherxy,20,True
23272,Article,samrob12,pete_wells,101,False
23292,Article,samrob12,GiniaNYT,4,True
23207,Article,samrob12,tarasbernard,44,False
23222,Article,samrob12,jackschofield,9,True
23256,Article,samrob12,PeterTatchell,14,True
23234,Article,samrob12,SribaalaVTOI,49,False
23288,Article,samrob12,gilestremlett,23,True
23261,Article,samrob12,RaphaelMinder,18,True
23223,Article,samrob12,ElianPeltier,25,True
23274,Article,samrob12,OfficeGSBrown,23,True
23208,Article,samrob12,OfficeGSBrown,20,True
23320,Tweet,samrob12,ajaysuraTOI,26,True
23354,Tweet,samrob12,Shreyanka_M,32,True
23311,Tweet,samrob12,vanbadham,17,True
23342,Tweet,samrob12,parul_sehgal,206,False
23303,Tweet,samrob12,vijaysinghTOI,6,True
23396,Tweet,samrob12,smita_mishra,333,False
23381,Tweet,samrob12,vijaypTOI,26,True
23321,Tweet,samrob12,ArthurNeslen,46,False
23397,Tweet,samrob12,SherylNYT,16,True
23326,Tweet,samrob12,IanCobain,14,True
23375,Tweet,samrob12,vijaysinghTOI,8,True
23377,Tweet,samrob12,DerekMalcolm123,56,False
23312,Tweet,samrob12,toi_rohanA,334,False
23379,Tweet,samrob12,jorifinkel,43,False
23330,Tweet,samrob12,wesley_morris,108,False
211773,Article,SidharthB25,MohitaTOI,29,True
211743,Article,SidharthB25,vijayVsinghTOI,176,False
211650,Article,SidharthB25,PhanindraP_TNIE,22,True
211719,Article,SidharthB25,antontroian,195,False
211832,Article,SidharthB25,toi_dhananjayM,3,True
211755,Article,SidharthB25,jameskanter,25,True
211810,Article,SidharthB25,GRajivTOI,4,True
211646,Article,SidharthB25,jameskanter,11,True
211789,Article,SidharthB25,AmritadTOI,3,True
211710,Article,SidharthB25,durgeshjhaTOI,4,True
211788,Article,SidharthB25,durgeshjhaTOI,5,True
211618,Article,SidharthB25,jameskanter,3,True
211834,Article,SidharthB25,naomi2009,5,True
211752,Article,SidharthB25,jameskanter,3,True
211722,Article,SidharthB25,jameskanter,8,True
211909,Tweet,SidharthB25,MattFutterman,348,False
211875,Tweet,SidharthB25,anemonanyc,308,False
211883,Tweet,SidharthB25,AnujaJaiswalTOI,204,False
211890,Tweet,SidharthB25,psangeetha2112,116,False
211930,Tweet,SidharthB25,priyagupta999,171,False
211867,Tweet,SidharthB25,vijaypTOI,56,False
211881,Tweet,SidharthB25,jatinder_tur,72,False
211889,Tweet,SidharthB25,NYTLiz,336,False
211902,Tweet,SidharthB25,saumyajitbTOI,131,False
211876,Tweet,SidharthB25,philipoltermann,241,False
211905,Tweet,SidharthB25,tushhaikhush,194,False
211910,Tweet,SidharthB25,sermoninstone,128,False
211887,Tweet,SidharthB25,aditya_bh16,220,False
211880,Tweet,SidharthB25,LFFriedman,262,False
211885,Tweet,SidharthB25,tarasbernard,49,False
207096,Article,rjadHinduBL,timlottwriter,122,False
207205,Article,rjadHinduBL,saumyajitbTOI,20,True
207002,Article,rjadHinduBL,ThevarSteffy,26,True
207013,Article,rjadHinduBL,rajatpTOI,17,True
207221,Article,rjadHinduBL,akhileshsTOI,84,False
207121,Article,rjadHinduBL,sushmi_dey,19,True
206982,Article,rjadHinduBL,NewtonSTOI,20,True
207063,Article,rjadHinduBL,DouthatNYT,142,False
207113,Article,rjadHinduBL,AlokKNMishra,103,False
207123,Article,rjadHinduBL,ipsinghTOI,74,False
207181,Article,rjadHinduBL,Crime_Selvaraj,26,True
206975,Article,rjadHinduBL,Crime_Selvaraj,23,True
207171,Article,rjadHinduBL,jameskanter,22,True
207177,Article,rjadHinduBL,Crime_Selvaraj,31,True
207108,Article,rjadHinduBL,sushmi_dey,29,True
207303,Tweet,rjadHinduBL,PrashantrTOI,13,True
207315,Tweet,rjadHinduBL,MonaChalabi,7,True
207231,Tweet,rjadHinduBL,jatinder_tur,11,True
207313,Tweet,rjadHinduBL,binays1960,43,False
207225,Tweet,rjadHinduBL,edvulliamy,4,True
207260,Tweet,rjadHinduBL,Arun_Ram,10,True
207235,Tweet,rjadHinduBL,manvirsainiTOI,189,False
207279,Tweet,rjadHinduBL,nandinisgTOI,5,True
207275,Tweet,rjadHinduBL,bylizrobbins,37,False
207292,Tweet,rjadHinduBL,omjasvinTOI,50,False
207306,Tweet,rjadHinduBL,sandhyanairTOI,15,True
207234,Tweet,rjadHinduBL,ramarkosg,5,True
207322,Tweet,rjadHinduBL,jatinder_tur,11,True
207224,Tweet,rjadHinduBL,alexvtunzelmann,282,False
207261,Tweet,rjadHinduBL,DSandip_TOI,14,True
210739,Article,Shreyanka_M,bindiyachariTOI,56,False
210779,Article,Shreyanka_M,jfordham_jazz,16,True
210787,Article,Shreyanka_M,SyedAkbarTOI,13,True
210735,Article,Shreyanka_M,bindiyachariTOI,13,True
210775,Article,Shreyanka_M,naomi2009,16,True
210747,Article,Shreyanka_M,sandhyanairTOI,14,True
210784,Article,Shreyanka_M,rjadHinduBL,26,True
210744,Article,Shreyanka_M,bindiyachariTOI,109,False
210774,Article,Shreyanka_M,sendvictorious,67,False
210764,Article,Shreyanka_M,SyedAkbarTOI,26,True
210767,Article,Shreyanka_M,ThevarSteffy,8,True
210732,Article,Shreyanka_M,ThevarSteffy,21,True
210734,Article,Shreyanka_M,bindiyachariTOI,11,True
210796,Article,Shreyanka_M,sushmi_dey,17,True
210794,Article,Shreyanka_M,NirupaTOI,24,True
210858,Tweet,Shreyanka_M,bishnoiarvind11,5,True
210824,Tweet,Shreyanka_M,advityabahlTOI,53,False
210868,Tweet,Shreyanka_M,dkarthikTOI,13,True
210869,Tweet,Shreyanka_M,ChaitanyadTOI,27,True
210838,Tweet,Shreyanka_M,TimdeLisle,21,True
210907,Tweet,Shreyanka_M,mohuadazz,2,True
210871,Tweet,Shreyanka_M,LauraCummingArt,113,False
210867,Tweet,Shreyanka_M,AraniBasuTOI,29,True
210880,Tweet,Shreyanka_M,rondakaysen,58,False
210901,Tweet,Shreyanka_M,priyagupta999,24,True
210814,Tweet,Shreyanka_M,jhoffman,3,True
210870,Tweet,Shreyanka_M,AditiZero,86,False
210839,Tweet,Shreyanka_M,meeravohraTOI,59,False
210853,Tweet,Shreyanka_M,meeravohraTOI,78,False
210889,Tweet,Shreyanka_M,neelam_raaj,22,True
180758,Article,digbijaymishra1,SidharthB25,22,True
180921,Article,digbijaymishra1,andrewrsorkin,30,True
180807,Article,digbijaymishra1,NewtonSTOI,10,True
180774,Article,digbijaymishra1,andrewrsorkin,9,True
180841,Article,digbijaymishra1,AmritadTOI,30,True
180784,Article,digbijaymishra1,SidharthB25,11,True
180777,Article,digbijaymishra1,bagishjhaTOI,31,True
180928,Article,digbijaymishra1,jameskanter,17,True
180726,Article,digbijaymishra1,toi_dhananjayM,14,True
180749,Article,digbijaymishra1,MaggieAstor,8,True
180942,Article,digbijaymishra1,gmorgenson,29,True
180727,Article,digbijaymishra1,ipsinghTOI,21,True
180937,Article,digbijaymishra1,rajatpTOI,14,True
180952,Article,digbijaymishra1,pradeeptTOI,4,True
180825,Article,digbijaymishra1,jatinder_tur,9,True
181018,Tweet,digbijaymishra1,richardwolffedc,313,False
180987,Tweet,digbijaymishra1,ameliagentleman,323,False
180970,Tweet,digbijaymishra1,jatinder_tur,27,True
181030,Tweet,digbijaymishra1,mateenHTOI,80,False
181060,Tweet,digbijaymishra1,toi_dhananjayM,14,True
181055,Tweet,digbijaymishra1,DekaJayanta,17,True
181012,Tweet,digbijaymishra1,ArunDev1,13,True
180999,Tweet,digbijaymishra1,payaldhawanTOI,17,True
181005,Tweet,digbijaymishra1,PerriKlass,334,False
180980,Tweet,digbijaymishra1,jayamenon64,190,False
181048,Tweet,digbijaymishra1,vaibhavgTOI,406,False
181052,Tweet,digbijaymishra1,Arv_Ind_Chauhan,18,True
181054,Tweet,digbijaymishra1,ajaysuraTOI,69,False
180994,Tweet,digbijaymishra1,pradeeptTOI,16,True
181051,Tweet,digbijaymishra1,Chethan_Dash,32,True
105276,Article,IAmTimDowling,sendvictorious,15,True
105281,Article,IAmTimDowling,paulmasonnews,8,True
105417,Article,IAmTimDowling,NYTimesCohen,19,True
105372,Article,IAmTimDowling,KateEMcCann,16,True
105383,Article,IAmTimDowling,EVincentelli,12,True
105469,Article,IAmTimDowling,SearleAdrian,13,True
105459,Article,IAmTimDowling,sendvictorious,83,False
105290,Article,IAmTimDowling,sarahlyall,17,True
105283,Article,IAmTimDowling,alexanderburns,213,False
105485,Article,IAmTimDowling,FabrizioRomano,105,False
105313,Article,IAmTimDowling,jayrayner1,4,True
105427,Article,IAmTimDowling,sendvictorious,24,True
105439,Article,IAmTimDowling,melissaclark,28,True
105422,Article,IAmTimDowling,questingvole,15,True
105407,Article,IAmTimDowling,sendvictorious,21,True
105750,Tweet,IAmTimDowling,alexbellos,98,False
105946,Tweet,IAmTimDowling,FabrizioRomano,22,True
106102,Tweet,IAmTimDowling,ollywainwright,167,False
105840,Tweet,IAmTimDowling,carolecadwalla,25,True
105947,Tweet,IAmTimDowling,sudhanshub16,140,False
106024,Tweet,IAmTimDowling,sendvictorious,20,True
105601,Tweet,IAmTimDowling,lindasgrant,71,False
105927,Tweet,IAmTimDowling,oliverburkeman,158,False
105798,Tweet,IAmTimDowling,mswainwright,35,False
105598,Tweet,IAmTimDowling,martcrossy,24,True
105919,Tweet,IAmTimDowling,stevenpoole,361,False
105934,Tweet,IAmTimDowling,elizabday,43,False
105886,Tweet,IAmTimDowling,hadleyfreeman,161,False
105679,Tweet,IAmTimDowling,alexvtunzelmann,165,False
105848,Tweet,IAmTimDowling,aleksk,27,True
198191,Article,NishikantkTOI,bindiyachariTOI,14,True
198137,Article,NishikantkTOI,SangerNYT,30,True
198226,Article,NishikantkTOI,npwcnn,29,True
198155,Article,NishikantkTOI,adamliptak,18,True
198231,Article,NishikantkTOI,AjayUgrasTOI,31,True
198089,Article,NishikantkTOI,murarishetyeTOI,3,True
198225,Article,NishikantkTOI,durgeshjhaTOI,9,True
198215,Article,NishikantkTOI,ajaykanth7,27,True
198004,Article,NishikantkTOI,tripgabriel,21,True
198152,Article,NishikantkTOI,RowennaDavis,69,False
198248,Article,NishikantkTOI,declanwalsh,116,False
198223,Article,NishikantkTOI,AshokPradhanTOI,31,True
198230,Article,NishikantkTOI,ajaykanth7,27,True
198085,Article,NishikantkTOI,GeorgeMonbiot,24,True
198090,Article,NishikantkTOI,bindiyachariTOI,7,True
198316,Tweet,NishikantkTOI,sandhyanairTOI,3,True
198263,Tweet,NishikantkTOI,binays1960,18,True
198258,Tweet,NishikantkTOI,rhymetraveller,10,True
198348,Tweet,NishikantkTOI,nicklezard,3,True
198309,Tweet,NishikantkTOI,ggreenwald,55,False
198273,Tweet,NishikantkTOI,utejonmayamTOI,8,True
198277,Tweet,NishikantkTOI,vijaypTOI,47,False
198317,Tweet,NishikantkTOI,HemantaTOI,27,True
198310,Tweet,NishikantkTOI,Crime_Selvaraj,41,False
198306,Tweet,NishikantkTOI,LeoHickman,20,True
198312,Tweet,NishikantkTOI,kush_junglee,8,True
198301,Tweet,NishikantkTOI,DawnHFoster,18,True
198347,Tweet,NishikantkTOI,ChaithanyaSwamy,19,True
198256,Tweet,NishikantkTOI,ShrinivasaMTOI,244,False
198253,Tweet,NishikantkTOI,msrachelcooke,130,False
53852,Article,kiracochrane,Markbeaumontuk,56,False
53950,Article,kiracochrane,jbouie,246,False
53764,Article,kiracochrane,OwenJones84,41,False
53982,Article,kiracochrane,oliverburkeman,207,False
53983,Article,kiracochrane,allegramcevedy,60,False
53842,Article,kiracochrane,sarahditum,6,True
53794,Article,kiracochrane,murarishetye,150,False
53927,Article,kiracochrane,jbouie,137,False
53905,Article,kiracochrane,michelleinbklyn,89,False
53925,Article,kiracochrane,jbouie,121,False
53967,Article,kiracochrane,SearleAdrian,8,True
53801,Article,kiracochrane,NYTLiz,78,False
53947,Article,kiracochrane,sarahchurchwell,40,False
53921,Article,kiracochrane,aleksk,39,False
53796,Article,kiracochrane,sendvictorious,106,False
54338,Tweet,kiracochrane,vijayVsinghTOI,57,False
54199,Tweet,kiracochrane,emilybell,19,True
54123,Tweet,kiracochrane,lyngardner,76,False
54191,Tweet,kiracochrane,lucysiegle,110,False
54048,Tweet,kiracochrane,annanorthtweets,68,False
54452,Tweet,kiracochrane,SwatiShindeTOI,271,False
54176,Tweet,kiracochrane,lisamonteiroTOI,364,False
54531,Tweet,kiracochrane,andybrassell,206,False
54418,Tweet,kiracochrane,ChaitanyadTOI,248,False
54222,Tweet,kiracochrane,mswainwright,12,True
54440,Tweet,kiracochrane,stevenpoole,127,False
54354,Tweet,kiracochrane,sarahditum,33,False
54100,Tweet,kiracochrane,SagrikaKissu,54,False
54332,Tweet,kiracochrane,thestephmerritt,16,True
54237,Tweet,kiracochrane,rjadHinduBL,364,False
208284,Article,SagrikaKissu,NikiKitsantonis,6,True
208344,Article,SagrikaKissu,durgeshjhaTOI,10,True
208314,Article,SagrikaKissu,NewtonSTOI,55,False
208232,Article,SagrikaKissu,dipakdashTOI,46,False
208328,Article,SagrikaKissu,toi_dhananjayM,32,True
208308,Article,SagrikaKissu,naomi2009,10,True
208290,Article,SagrikaKissu,kush_junglee,18,True
208337,Article,SagrikaKissu,KateEMcCann,11,True
208255,Article,SagrikaKissu,toi_dhananjayM,28,True
208234,Article,SagrikaKissu,binays1960,16,True
208316,Article,SagrikaKissu,petleepeter,11,True
208194,Article,SagrikaKissu,NikiKitsantonis,34,False
208220,Article,SagrikaKissu,toi_dhananjayM,39,False
208270,Article,SagrikaKissu,rashmidTOI,43,False
208257,Article,SagrikaKissu,petleepeter,13,True
208421,Tweet,SagrikaKissu,niyatiparikhTOI,58,False
208394,Tweet,SagrikaKissu,bagishjhaTOI,46,False
208387,Tweet,SagrikaKissu,itsshibuthomas,189,False
208411,Tweet,SagrikaKissu,manvirsainiTOI,73,False
208415,Tweet,SagrikaKissu,michelleinbklyn,268,False
208372,Tweet,SagrikaKissu,AditiZero,13,True
208403,Tweet,SagrikaKissu,jatinder_tur,282,False
208384,Tweet,SagrikaKissu,PNaveenTOI,150,False
208396,Tweet,SagrikaKissu,FlitterOnFraud,181,False
208380,Tweet,SagrikaKissu,BawaNaaved,59,False
208386,Tweet,SagrikaKissu,Arun_Ram,125,False
208390,Tweet,SagrikaKissu,shafaquealamTOI,23,True
208379,Tweet,SagrikaKissu,timatkin,185,False
208408,Tweet,SagrikaKissu,afuahirsch,45,False
208407,Tweet,SagrikaKissu,AniltheMatrix,80,False
2880,Article,benkenigsberg,nicklezard,4,True
2858,Article,benkenigsberg,RaphaelMinder,30,True
2835,Article,benkenigsberg,ianrausten,5,True
2857,Article,benkenigsberg,SangerNYT,17,True
2813,Article,benkenigsberg,ggreenwald,8,True
2895,Article,benkenigsberg,PerriKlass,94,False
2802,Article,benkenigsberg,jonpareles,32,True
2879,Article,benkenigsberg,DouthatNYT,39,False
2870,Article,benkenigsberg,MaggieAstor,13,True
2846,Article,benkenigsberg,sangerkatz,19,True
2820,Article,benkenigsberg,michelleinbklyn,5,True
2856,Article,benkenigsberg,ggreenwald,30,True
2872,Article,benkenigsberg,ASoloski,8,True
2885,Article,benkenigsberg,marcatracy,172,False
2873,Article,benkenigsberg,PatrickKingsley,20,True
2964,Tweet,benkenigsberg,wesley_morris,2,True
2966,Tweet,benkenigsberg,DawnHFoster,44,False
2994,Tweet,benkenigsberg,alexvtunzelmann,15,True
2993,Tweet,benkenigsberg,parul_sehgal,10,True
2912,Tweet,benkenigsberg,EVincentelli,12,True
2978,Tweet,benkenigsberg,TimdeLisle,16,True
2937,Tweet,benkenigsberg,MarinaOLoughlin,7,True
2974,Tweet,benkenigsberg,meeravohraTOI,32,True
2942,Tweet,benkenigsberg,desaisantosh,44,False
2904,Tweet,benkenigsberg,wesley_morris,6,True
2922,Tweet,benkenigsberg,davidhepworth,30,True
2970,Tweet,benkenigsberg,AlysFowler,19,True
2903,Tweet,benkenigsberg,jhoffman,7,True
2939,Tweet,benkenigsberg,JoshuaRozenberg,31,True
2916,Tweet,benkenigsberg,MoharBasu,20,True
218163,Article,TridibIANS,AniltheMatrix,8,True
218193,Article,TridibIANS,gmorgenson,17,True
218140,Article,TridibIANS,AniltheMatrix,19,True
218210,Article,TridibIANS,pradeeptTOI,74,False
218171,Article,TridibIANS,tarasbernard,29,True
218170,Article,TridibIANS,bglendenning,26,True
218131,Article,TridibIANS,davidhepworth,30,True
218149,Article,TridibIANS,AniltheMatrix,16,True
218184,Article,TridibIANS,el_belson,24,True
218125,Article,TridibIANS,AniltheMatrix,24,True
218214,Article,TridibIANS,ericschmittnyt,73,False
218129,Article,TridibIANS,davidhepworth,21,True
218152,Article,TridibIANS,andrewrawnsley,26,True
218112,Article,TridibIANS,DanielKingChess,27,True
218194,Article,TridibIANS,AniltheMatrix,16,True
218265,Tweet,TridibIANS,meeravohraTOI,26,True
218264,Tweet,TridibIANS,ShoebKhanTOI,36,False
218261,Tweet,TridibIANS,aditya_bh16,36,False
218263,Tweet,TridibIANS,ShoebKhanTOI,2,True
218331,Tweet,TridibIANS,aditya_bh16,44,False
218254,Tweet,TridibIANS,MonaChalabi,246,False
218289,Tweet,TridibIANS,ramarkosg,193,False
218311,Tweet,TridibIANS,dubeyavishek,10,True
218317,Tweet,TridibIANS,saumyajitbTOI,13,True
218245,Tweet,TridibIANS,mswainwright,92,False
218252,Tweet,TridibIANS,ChaithanyaSwamy,2,True
218275,Tweet,TridibIANS,neelam_raaj,143,False
218284,Tweet,TridibIANS,manujaveerappa,17,True
218328,Tweet,TridibIANS,ianrausten,11,True
218238,Tweet,TridibIANS,sudhanshub16,30,True
23425,Article,samsifton,ianrausten,29,True
23408,Article,samsifton,bydanielvictor,21,True
23438,Article,samsifton,tejalrao,9,True
23444,Article,samsifton,antontroian,26,True
23409,Article,samsifton,pete_wells,22,True
23454,Article,samsifton,MichaelPaulson,29,True
23430,Article,samsifton,desaisantosh,5,True
23429,Article,samsifton,NYTimesCohen,31,True
23403,Article,samsifton,kbennhold,2,True
23453,Article,samsifton,FelicityCloake,2,True
23400,Article,samsifton,michelleinbklyn,29,True
23442,Article,samsifton,pete_wells,21,True
23412,Article,samsifton,benkenigsberg,27,True
23465,Article,samsifton,rondakaysen,4,True
23486,Article,samsifton,pete_wells,27,True
23546,Tweet,samsifton,annanorthtweets,55,False
23578,Tweet,samsifton,jamesrbuk,232,False
23588,Tweet,samsifton,PamBelluck,284,False
23562,Tweet,samsifton,OLIVERBALCH,114,False
23561,Tweet,samsifton,kylebuchanan,26,True
23597,Tweet,samsifton,rachlharris,28,True
23567,Tweet,samsifton,mateenHTOI,263,False
23512,Tweet,samsifton,rpogrebin,31,True
23591,Tweet,samsifton,SocialQPhilip,15,True
23551,Tweet,samsifton,DerekMalcolm123,21,True
23521,Tweet,samsifton,LauraCummingArt,62,False
23584,Tweet,samsifton,AlysFowler,7,True
23552,Tweet,samsifton,KSchulten,140,False
23502,Tweet,samsifton,AlysFowler,30,True
23536,Tweet,samsifton,domphillips,208,False
214522,Article,SunilSubaiah,AniltheMatrix,10,True
214536,Article,SunilSubaiah,toi_dhananjayM,29,True
214408,Article,SunilSubaiah,gmorgenson,20,True
214441,Article,SunilSubaiah,toi_dhananjayM,16,True
214423,Article,SunilSubaiah,nandinisgTOI,17,True
214352,Article,SunilSubaiah,Pratiks_TOI,32,True
214457,Article,SunilSubaiah,Pratiks_TOI,21,True
214334,Article,SunilSubaiah,hadleyfreeman,111,False
214476,Article,SunilSubaiah,ronojoy_sen,31,True
214477,Article,SunilSubaiah,ManjuVTOI,23,True
214497,Article,SunilSubaiah,GeorgeMonbiot,53,False
214508,Article,SunilSubaiah,rajendrasTOI,9,True
214356,Article,SunilSubaiah,bishnoiarvind11,3,True
214355,Article,SunilSubaiah,ramendrasTOI,29,True
214385,Article,SunilSubaiah,NewtonSTOI,21,True
214573,Tweet,SunilSubaiah,vijaysinghTOI,91,False
214541,Tweet,SunilSubaiah,toi_dhananjayM,74,False
214554,Tweet,SunilSubaiah,vijaypTOI,19,True
214542,Tweet,SunilSubaiah,smita_mishra,39,False
214594,Tweet,SunilSubaiah,samsifton,264,False
214628,Tweet,SunilSubaiah,Crime_Selvaraj,34,False
214578,Tweet,SunilSubaiah,PNaveenTOI,23,True
214589,Tweet,SunilSubaiah,meeravohraTOI,45,False
214555,Tweet,SunilSubaiah,vijaypTOI,99,False
214602,Tweet,SunilSubaiah,AjayUgrasTOI,48,False
214622,Tweet,SunilSubaiah,kush_junglee,24,True
214548,Tweet,SunilSubaiah,jatinder_tur,74,False
214586,Tweet,SunilSubaiah,vijaysinghTOI,43,False
214581,Tweet,SunilSubaiah,sandhyanairTOI,103,False
214597,Tweet,SunilSubaiah,AjayUgrasTOI,30,True
66487,Article,FranklinBlog,CarolineLucas,20,True
66541,Article,FranklinBlog,LauraCummingArt,94,False
66537,Article,FranklinBlog,NeilMacFarquhar,19,True
66586,Article,FranklinBlog,ElianPeltier,19,True
66481,Article,FranklinBlog,AtulMathur_,189,False
66590,Article,FranklinBlog,KateEMcCann,31,True
66573,Article,FranklinBlog,ewenmacaskill,43,False
66427,Article,FranklinBlog,KSchulten,153,False
66466,Article,FranklinBlog,dipakdashTOI,110,False
66384,Article,FranklinBlog,bydanielvictor,121,False
66556,Article,FranklinBlog,KateEMcCann,18,True
66588,Article,FranklinBlog,JessicaValenti,92,False
66619,Article,FranklinBlog,NikiKitsantonis,18,True
66623,Article,FranklinBlog,edvulliamy,32,True
66383,Article,FranklinBlog,jackschofield,176,False
66646,Tweet,FranklinBlog,GeorgeMonbiot,100,False
67137,Tweet,FranklinBlog,ukigoni,235,False
66693,Tweet,FranklinBlog,SocialQPhilip,113,False
67023,Tweet,FranklinBlog,DanielKingChess,197,False
67127,Tweet,FranklinBlog,PeterTatchell,148,False
66994,Tweet,FranklinBlog,Shilarze_SSR,20,True
67099,Tweet,FranklinBlog,JoshuaRozenberg,113,False
66931,Tweet,FranklinBlog,MichaelPaulson,222,False
66769,Tweet,FranklinBlog,jayamenon64,8,True
67185,Tweet,FranklinBlog,FrankBruni,281,False
67228,Tweet,FranklinBlog,seaningle,159,False
66801,Tweet,FranklinBlog,wesley_morris,368,False
66929,Tweet,FranklinBlog,rebeccaSTOI,194,False
66806,Tweet,FranklinBlog,meeravohraTOI,83,False
66764,Tweet,FranklinBlog,dklavaniaTOI,398,False
32274,Article,NikiKitsantonis,niyatiparikhTOI,5,True
32295,Article,NikiKitsantonis,michelleinbklyn,117,False
32238,Article,NikiKitsantonis,KeithBradsher,30,True
32266,Article,NikiKitsantonis,jameskanter,5,True
32271,Article,NikiKitsantonis,andrewrsorkin,14,True
32264,Article,NikiKitsantonis,NewtonSTOI,6,True
32212,Article,NikiKitsantonis,npfandos,32,True
32225,Article,NikiKitsantonis,StacyCowley,12,True
32257,Article,NikiKitsantonis,jameskanter,27,True
32218,Article,NikiKitsantonis,hugolowell,3,True
32268,Article,NikiKitsantonis,murarishetyeTOI,2,True
32281,Article,NikiKitsantonis,PjJoychen,25,True
32224,Article,NikiKitsantonis,ShaneGoldmacher,3,True
32244,Article,NikiKitsantonis,dipakdashTOI,23,True
32298,Article,NikiKitsantonis,KapildaveTOI,13,True
32317,Tweet,NikiKitsantonis,MiriamElder,26,True
32322,Tweet,NikiKitsantonis,murarishetyeTOI,32,True
32371,Tweet,NikiKitsantonis,ArthurNeslen,27,True
32381,Tweet,NikiKitsantonis,ajaykanth7,29,True
32329,Tweet,NikiKitsantonis,vijayVsinghTOI,202,False
32313,Tweet,NikiKitsantonis,advityabahlTOI,30,True
32308,Tweet,NikiKitsantonis,dansabbagh,32,True
32312,Tweet,NikiKitsantonis,afuahirsch,93,False
32366,Tweet,NikiKitsantonis,rebeccaSTOI,22,True
32318,Tweet,NikiKitsantonis,LauraCummingArt,90,False
32315,Tweet,NikiKitsantonis,dansabbagh,55,False
32383,Tweet,NikiKitsantonis,lukeharding1968,19,True
32348,Tweet,NikiKitsantonis,lisamonteiroTOI,172,False
32374,Tweet,NikiKitsantonis,KapildaveTOI,20,True
32386,Tweet,NikiKitsantonis,vijayVsinghTOI,229,False
5404,Article,damiencave,saumyajitbTOI,17,True
5402,Article,damiencave,PatrickKingsley,98,False
5428,Article,damiencave,CeylanWrites,22,True
5477,Article,damiencave,saumyajitbTOI,17,True
5485,Article,damiencave,vwang3,19,True
5460,Article,damiencave,RaphaelMinder,20,True
5491,Article,damiencave,saumyajitbTOI,8,True
5407,Article,damiencave,FranklinBlog,4,True
5411,Article,damiencave,RaphaelMinder,27,True
5481,Article,damiencave,ChuBailiang,69,False
5488,Article,damiencave,lindasgrant,30,True
5424,Article,damiencave,SocialQPhilip,24,True
5422,Article,damiencave,stevenpoole,19,True
5454,Article,damiencave,FrankBruni,10,True
5401,Article,damiencave,ChuBailiang,24,True
5542,Tweet,damiencave,benkenigsberg,197,False
5599,Tweet,damiencave,007pandey,13,True
5595,Tweet,damiencave,SocialQPhilip,11,True
5522,Tweet,damiencave,billywitz,141,False
5559,Tweet,damiencave,kush_junglee,179,False
5517,Tweet,damiencave,rpogrebin,11,True
5501,Tweet,damiencave,garyyounge,16,True
5534,Tweet,damiencave,genznyt,153,False
5541,Tweet,damiencave,kbennhold,28,True
5597,Tweet,damiencave,bglendenning,16,True
5512,Tweet,damiencave,jillfilipovic,322,False
5586,Tweet,damiencave,rondakaysen,96,False
5582,Tweet,damiencave,OfficeGSBrown,25,True
5513,Tweet,damiencave,LFFriedman,22,True
5589,Tweet,damiencave,ManjuVTOI,93,False
15853,Article,NYTimesCohen,declanwalsh,26,True
15816,Article,NYTimesCohen,pete_wells,29,True
15813,Article,NYTimesCohen,IKershner,29,True
15827,Article,NYTimesCohen,smita_mishra,19,True
15820,Article,NYTimesCohen,DerekMalcolm123,29,True
15876,Article,NYTimesCohen,lukebroadwater,89,False
15854,Article,NYTimesCohen,GiniaNYT,22,True
15811,Article,NYTimesCohen,samsifton,27,True
15858,Article,NYTimesCohen,sarahlyall,29,True
15828,Article,NYTimesCohen,NeilMacFarquhar,39,False
15812,Article,NYTimesCohen,pete_wells,21,True
15867,Article,NYTimesCohen,EVincentelli,32,True
15806,Article,NYTimesCohen,vijayVsinghTOI,24,True
15857,Article,NYTimesCohen,michelleinbklyn,28,True
15864,Article,NYTimesCohen,LizAldermanNYT,17,True
15919,Tweet,NYTimesCohen,vwang3,20,True
15968,Tweet,NYTimesCohen,utejonmayamTOI,15,True
15936,Tweet,NYTimesCohen,ggreenwald,11,True
15993,Tweet,NYTimesCohen,vijayVsinghTOI,316,False
15977,Tweet,NYTimesCohen,RBReich,24,True
15921,Tweet,NYTimesCohen,priyagupta999,22,True
15984,Tweet,NYTimesCohen,saumyajitbTOI,14,True
15940,Tweet,NYTimesCohen,SocialQPhilip,5,True
15941,Tweet,NYTimesCohen,davidhepworth,85,False
15928,Tweet,NYTimesCohen,attackerman,93,False
15954,Tweet,NYTimesCohen,alexvtunzelmann,10,True
15999,Tweet,NYTimesCohen,wesley_morris,11,True
15912,Tweet,NYTimesCohen,IKershner,29,True
15982,Tweet,NYTimesCohen,pete_wells,7,True
15903,Tweet,NYTimesCohen,desaisantosh,10,True
3053,Article,BenRothenberg,NYTBen,18,True
3001,Article,BenRothenberg,ChuBailiang,18,True
3090,Article,BenRothenberg,jillfilipovic,47,False
3060,Article,BenRothenberg,sudeshnagTOI,12,True
3067,Article,BenRothenberg,MarcusMergulhao,16,True
3002,Article,BenRothenberg,gmorgenson,15,True
3051,Article,BenRothenberg,jotted,6,True
3038,Article,BenRothenberg,SangerNYT,14,True
3071,Article,BenRothenberg,suilee,15,True
3016,Article,BenRothenberg,toi_ManujaV,19,True
3010,Article,BenRothenberg,llerer,2,True
3007,Article,BenRothenberg,RorySmith,16,True
3079,Article,BenRothenberg,murarishetyeTOI,2,True
3033,Article,BenRothenberg,farnazfassihi,9,True
3078,Article,BenRothenberg,toi_rohanA,28,True
3167,Tweet,BenRothenberg,thrasherxy,92,False
3198,Tweet,BenRothenberg,somitsenTOI,181,False
3149,Tweet,BenRothenberg,bykaren,61,False
3114,Tweet,BenRothenberg,IKershner,42,False
3137,Tweet,BenRothenberg,lisamonteiroTOI,265,False
3140,Tweet,BenRothenberg,sendvictorious,7,True
3174,Tweet,BenRothenberg,Markbeaumontuk,11,True
3122,Tweet,BenRothenberg,ginakolata,197,False
3117,Tweet,BenRothenberg,sudeshnagTOI,18,True
3195,Tweet,BenRothenberg,RorySmith,7,True
3105,Tweet,BenRothenberg,payaldhawanTOI,356,False
3126,Tweet,BenRothenberg,sudeshnagTOI,21,True
3156,Tweet,BenRothenberg,AniltheMatrix,28,True
3111,Tweet,BenRothenberg,polblonde,22,True
3103,Tweet,BenRothenberg,OwenJones84,99,False
177764,Article,binays1960,KapildaveTOI,24,True
177809,Article,binays1960,bindiyachariTOI,22,True
177633,Article,binays1960,bindiyachariTOI,21,True
177602,Article,binays1960,DSandip_TOI,230,False
177831,Article,binays1960,journo_vibha,13,True
177625,Article,binays1960,SindhukTOI,39,False
177765,Article,binays1960,patrickwintour,4,True
177705,Article,binays1960,rebeccaSTOI,17,True
177641,Article,binays1960,suilee,84,False
177648,Article,binays1960,SindhukTOI,6,True
177789,Article,binays1960,anandbodhTOI,14,True
177794,Article,binays1960,richapintoi,14,True
177725,Article,binays1960,AniltheMatrix,70,False
177718,Article,binays1960,asrpmukeshTOI,4,True
177714,Article,binays1960,AmritadTOI,39,False
177922,Tweet,binays1960,vijaysinghTOI,46,False
177845,Tweet,binays1960,RosySequeiraTOI,30,True
177863,Tweet,binays1960,vijaysinghTOI,175,False
177870,Tweet,binays1960,Mahafreed_Irani,59,False
177840,Tweet,binays1960,umamahesh_ToI,17,True
177898,Tweet,binays1960,jamesrbuk,32,True
177874,Tweet,binays1960,ChaitanyadTOI,10,True
177867,Tweet,binays1960,parthasinha,31,True
177884,Tweet,binays1960,IpsitaTOI,12,True
177846,Tweet,binays1960,manvirsainiTOI,97,False
177930,Tweet,binays1960,shafaquealamTOI,12,True
177877,Tweet,binays1960,SwatiShindeTOI,9,True
177915,Tweet,binays1960,jamesrbuk,32,True
177918,Tweet,binays1960,Pratiks_TOI,194,False
177894,Tweet,binays1960,parthasinha,31,True
161057,Article,edvulliamy,noamscheiber,33,False
161209,Article,edvulliamy,wesley_morris,177,False
161151,Article,edvulliamy,smita_mishra,92,False
161264,Article,edvulliamy,KateEMcCann,239,False
161060,Article,edvulliamy,NikiKitsantonis,28,True
161135,Article,edvulliamy,MarinaHyde,114,False
161169,Article,edvulliamy,IKershner,210,False
161038,Article,edvulliamy,ianrausten,38,False
161139,Article,edvulliamy,EllenBarryNYT,47,False
161101,Article,edvulliamy,lukeharding1968,46,False
161064,Article,edvulliamy,carolecadwalla,45,False
161041,Article,edvulliamy,RorySmith,89,False
161148,Article,edvulliamy,dansabbagh,43,False
161177,Article,edvulliamy,markriceoxley69,2,True
161164,Article,edvulliamy,questingvole,22,True
161321,Tweet,edvulliamy,Markbeaumontuk,104,False
161350,Tweet,edvulliamy,thestephmerritt,31,True
161829,Tweet,edvulliamy,jorifinkel,14,True
161777,Tweet,edvulliamy,meeravohraTOI,62,False
161343,Tweet,edvulliamy,jayamenon64,92,False
161593,Tweet,edvulliamy,shattenstone,29,True
161781,Tweet,edvulliamy,seaningle,27,True
161420,Tweet,edvulliamy,wesley_morris,97,False
161395,Tweet,edvulliamy,IanCobain,25,True
161475,Tweet,edvulliamy,jorifinkel,118,False
161274,Tweet,edvulliamy,desaisantosh,200,False
161382,Tweet,edvulliamy,domphillips,5,True
161324,Tweet,edvulliamy,pradeeptTOI,155,False
161771,Tweet,edvulliamy,john_hooper,162,False
161703,Tweet,edvulliamy,arusbridger,30,True
199448,Article,pankajdoval,_nicolaclark,14,True
199529,Article,pankajdoval,ManjuVTOI,18,True
199618,Article,pankajdoval,rajatpTOI,10,True
199498,Article,pankajdoval,rashmidTOI,18,True
199635,Article,pankajdoval,andrewrsorkin,29,True
199455,Article,pankajdoval,toi_dhananjayM,15,True
199610,Article,pankajdoval,helenecooper,17,True
199430,Article,pankajdoval,patrickwintour,158,False
199462,Article,pankajdoval,_nicolaclark,25,True
199460,Article,pankajdoval,andrewrsorkin,17,True
199469,Article,pankajdoval,ManjuVTOI,5,True
199628,Article,pankajdoval,bencasselman,38,False
199558,Article,pankajdoval,andrewrsorkin,17,True
199518,Article,pankajdoval,utejonmayamTOI,115,False
199395,Article,pankajdoval,AlokKNMishra,20,True
199723,Tweet,pankajdoval,aleksk,7,True
199669,Tweet,pankajdoval,Chethan_Dash,23,True
199681,Tweet,pankajdoval,ChaithanyaSwamy,26,True
199677,Tweet,pankajdoval,ramarkosg,4,True
199694,Tweet,pankajdoval,richapintoi,67,False
199718,Tweet,pankajdoval,JessicaValenti,331,False
199690,Tweet,pankajdoval,IpsitaTOI,194,False
199727,Tweet,pankajdoval,KapildaveTOI,22,True
199715,Tweet,pankajdoval,nandinisgTOI,2,True
199683,Tweet,pankajdoval,shafaquealamTOI,25,True
199714,Tweet,pankajdoval,ManjuVTOI,14,True
199644,Tweet,pankajdoval,divyapal2013,26,True
199680,Tweet,pankajdoval,aseemsgujar,16,True
199700,Tweet,pankajdoval,ChaitanyadTOI,210,False
199706,Tweet,pankajdoval,SarahMaslinNir,180,False
101938,Article,msrachelcooke,lindasgrant,17,True
102117,Article,msrachelcooke,RorySmith,274,False
101939,Article,msrachelcooke,jackschofield,40,False
101969,Article,msrachelcooke,PatrickKingsley,24,True
101920,Article,msrachelcooke,smita_mishra,15,True
101886,Article,msrachelcooke,DouthatNYT,13,True
101944,Article,msrachelcooke,GioRussonello,361,False
101916,Article,msrachelcooke,kylebuchanan,38,False
101917,Article,msrachelcooke,NesrineMalik,80,False
101905,Article,msrachelcooke,lindasgrant,2,True
101915,Article,msrachelcooke,christophclarey,72,False
101947,Article,msrachelcooke,jennydeluxe,41,False
102111,Article,msrachelcooke,winematcher,2,True
102077,Article,msrachelcooke,_nicolaclark,336,False
101995,Article,msrachelcooke,stevenpoole,26,True
102467,Tweet,msrachelcooke,jackschofield,73,False
102653,Tweet,msrachelcooke,ollywainwright,23,True
102248,Tweet,msrachelcooke,ChaithanyaSwamy,423,False
102601,Tweet,msrachelcooke,seaningle,14,True
102199,Tweet,msrachelcooke,hannahdev,63,False
102606,Tweet,msrachelcooke,bindelj,66,False
102661,Tweet,msrachelcooke,CarolineLucas,256,False
102333,Tweet,msrachelcooke,bglendenning,16,True
102236,Tweet,msrachelcooke,martcrossy,71,False
102605,Tweet,msrachelcooke,mswainwright,53,False
102679,Tweet,msrachelcooke,thestephmerritt,19,True
102488,Tweet,msrachelcooke,tomdyckhoff,20,True
102466,Tweet,msrachelcooke,MarinaHyde,14,True
102680,Tweet,msrachelcooke,bishnoiarvind11,392,False
102419,Tweet,msrachelcooke,debaratisen,22,True
24068,Article,viasimonromero,Shilarze_SSR,227,False
24099,Article,viasimonromero,IKershner,2,True
24081,Article,viasimonromero,NYTLiz,371,False
24007,Article,viasimonromero,samsifton,38,False
24045,Article,viasimonromero,afuahirsch,20,True
24071,Article,viasimonromero,sushmi_dey,72,False
24016,Article,viasimonromero,seaningle,5,True
24012,Article,viasimonromero,jbouie,55,False
24053,Article,viasimonromero,kenanmalik,24,True
24010,Article,viasimonromero,GlennThrush,41,False
24031,Article,viasimonromero,charlie_savage,25,True
24024,Article,viasimonromero,saumyajitbTOI,113,False
24040,Article,viasimonromero,DouthatNYT,39,False
24011,Article,viasimonromero,liamstack,33,False
24054,Article,viasimonromero,rpogrebin,184,False
24152,Tweet,viasimonromero,meddynyt,17,True
24147,Tweet,viasimonromero,vijaypTOI,207,False
24171,Tweet,viasimonromero,thrasherxy,124,False
24139,Tweet,viasimonromero,kbennhold,28,True
24173,Tweet,viasimonromero,murarishetye,80,False
24142,Tweet,viasimonromero,journo_vibha,211,False
24129,Tweet,viasimonromero,har_mandeep,278,False
24140,Tweet,viasimonromero,Shreyanka_M,180,False
24144,Tweet,viasimonromero,SocialQPhilip,53,False
24123,Tweet,viasimonromero,maheshbTOI,152,False
24128,Tweet,viasimonromero,bydanielvictor,23,True
24104,Tweet,viasimonromero,somitsenTOI,323,False
24194,Tweet,viasimonromero,RBReich,41,False
24137,Tweet,viasimonromero,SocialQPhilip,98,False
24125,Tweet,viasimonromero,PatriciaMazzei,20,True
203447,Article,priyagupta999,debaratisen,15,True
203439,Article,priyagupta999,msrachelcooke,27,True
203558,Article,priyagupta999,sudhanshub16,25,True
203340,Article,priyagupta999,smita_mishra,30,True
203323,Article,priyagupta999,pankajdoval,20,True
203459,Article,priyagupta999,debaratisen,11,True
203332,Article,priyagupta999,AlokKNMishra,14,True
203424,Article,priyagupta999,NesrineMalik,237,False
203451,Article,priyagupta999,ThevarSteffy,9,True
203460,Article,priyagupta999,debaratisen,13,True
203550,Article,priyagupta999,OwenJones84,238,False
203434,Article,priyagupta999,SagrikaKissu,28,True
203519,Article,priyagupta999,KTVinobhaTOI,67,False
203376,Article,priyagupta999,PjJoychen,18,True
203402,Article,priyagupta999,zwoolfe,13,True
203597,Tweet,priyagupta999,ianrausten,21,True
203662,Tweet,priyagupta999,sermoninstone,14,True
203592,Tweet,priyagupta999,SwatiShindeTOI,12,True
203588,Tweet,priyagupta999,DekaJayanta,152,False
203641,Tweet,priyagupta999,adwaidh,12,True
203601,Tweet,priyagupta999,smita_mishra,6,True
203582,Tweet,priyagupta999,ramarkosg,7,True
203628,Tweet,priyagupta999,divyapal2013,7,True
203638,Tweet,priyagupta999,VivianHo,94,False
203602,Tweet,priyagupta999,NirupaTOI,3,True
203599,Tweet,priyagupta999,LucyMangan,11,True
203649,Tweet,priyagupta999,SwatiShindeTOI,3,True
203640,Tweet,priyagupta999,binays1960,12,True
203650,Tweet,priyagupta999,manvirsainiTOI,13,True
203595,Tweet,priyagupta999,BawaNaaved,16,True
27441,Article,marywalshjourno,bencasselman,35,False
27405,Article,marywalshjourno,hugolowell,40,False
27492,Article,marywalshjourno,bagishjhaTOI,17,True
27429,Article,marywalshjourno,afuahirsch,22,True
27472,Article,marywalshjourno,parthasinha,12,True
27437,Article,marywalshjourno,andrewrsorkin,16,True
27488,Article,marywalshjourno,27saurabhsinha,18,True
27434,Article,marywalshjourno,007pandey,25,True
27406,Article,marywalshjourno,EricaLG,5,True
27435,Article,marywalshjourno,hillhulse,21,True
27432,Article,marywalshjourno,michelleinbklyn,7,True
27498,Article,marywalshjourno,advityabahlTOI,27,True
27418,Article,marywalshjourno,sangerkatz,34,False
27457,Article,marywalshjourno,tarasbernard,15,True
27459,Article,marywalshjourno,pete_wells,3,True
27527,Tweet,marywalshjourno,nauzerbTOI,23,True
27546,Tweet,marywalshjourno,Rupalijee,98,False
27515,Tweet,marywalshjourno,dwightgarner,7,True
27501,Tweet,marywalshjourno,sangerkatz,26,True
27574,Tweet,marywalshjourno,JoshuaRozenberg,20,True
27522,Tweet,marywalshjourno,leninology,101,False
27508,Tweet,marywalshjourno,naomi2009,202,False
27580,Tweet,marywalshjourno,ajaysuraTOI,24,True
27523,Tweet,marywalshjourno,aseemsgujar,18,True
27503,Tweet,marywalshjourno,niyatiparikhTOI,21,True
27521,Tweet,marywalshjourno,mtomasky,11,True
27549,Tweet,marywalshjourno,niyatiparikhTOI,17,True
27568,Tweet,marywalshjourno,paulmasonnews,29,True
27577,Tweet,marywalshjourno,vaibhavgTOI,8,True
27526,Tweet,marywalshjourno,RBReich,31,True
183396,Article,durgeshjhaTOI,ShrinivasaMTOI,23,True
183449,Article,durgeshjhaTOI,amitanandTOI,7,True
183384,Article,durgeshjhaTOI,rashmidTOI,19,True
183390,Article,durgeshjhaTOI,PjJoychen,15,True
183564,Article,durgeshjhaTOI,sushmi_dey,79,False
183421,Article,durgeshjhaTOI,RoniNYTimes,6,True
183400,Article,durgeshjhaTOI,HemantaTOI,5,True
183377,Article,durgeshjhaTOI,PjJoychen,9,True
183519,Article,durgeshjhaTOI,DekaJayanta,10,True
183472,Article,durgeshjhaTOI,DouthatNYT,51,False
183496,Article,durgeshjhaTOI,gabyhinsliff,4,True
183493,Article,durgeshjhaTOI,kenanmalik,22,True
183526,Article,durgeshjhaTOI,Crime_Selvaraj,17,True
183572,Article,durgeshjhaTOI,Crime_Selvaraj,12,True
183402,Article,durgeshjhaTOI,rajendrasTOI,19,True
183614,Tweet,durgeshjhaTOI,kush_junglee,29,True
183670,Tweet,durgeshjhaTOI,jatinder_tur,122,False
183646,Tweet,durgeshjhaTOI,kush_junglee,5,True
183581,Tweet,durgeshjhaTOI,rashmidTOI,83,False
183588,Tweet,durgeshjhaTOI,AjayUgrasTOI,113,False
183641,Tweet,durgeshjhaTOI,vijaysinghTOI,29,True
183598,Tweet,durgeshjhaTOI,vijaysinghTOI,19,True
183656,Tweet,durgeshjhaTOI,vijaysinghTOI,30,True
183610,Tweet,durgeshjhaTOI,AtulMathur_,27,True
183635,Tweet,durgeshjhaTOI,rajatpTOI,174,False
183668,Tweet,durgeshjhaTOI,MarcusMergulhao,158,False
183589,Tweet,durgeshjhaTOI,ChaitanyadTOI,10,True
183621,Tweet,durgeshjhaTOI,PhanindraP_TNIE,51,False
183580,Tweet,durgeshjhaTOI,abantika77,21,True
183609,Tweet,durgeshjhaTOI,ShoebKhanTOI,70,False
1074,Article,andrewrsorkin,ByMattStevens,12,True
1067,Article,andrewrsorkin,smervosh,21,True
1054,Article,andrewrsorkin,tarasbernard,3,True
1078,Article,andrewrsorkin,michelleinbklyn,9,True
1079,Article,andrewrsorkin,SocialQPhilip,25,True
1091,Article,andrewrsorkin,DouthatNYT,29,True
1004,Article,andrewrsorkin,bencasselman,15,True
1023,Article,andrewrsorkin,andrewrsorkin,1,True
1077,Article,andrewrsorkin,alexanderburns,16,True
1016,Article,andrewrsorkin,andrewrsorkin,1,True
1032,Article,andrewrsorkin,ggreenwald,17,True
1096,Article,andrewrsorkin,StacyCowley,14,True
1093,Article,andrewrsorkin,akhileshsTOI,43,False
1089,Article,andrewrsorkin,GeorgeMonbiot,8,True
1076,Article,andrewrsorkin,apoorva_nyc,19,True
1123,Tweet,andrewrsorkin,pankajdoval,3,True
1181,Tweet,andrewrsorkin,nauzerbTOI,27,True
1169,Tweet,andrewrsorkin,007pandey,16,True
1109,Tweet,andrewrsorkin,OfficeGSBrown,223,False
1113,Tweet,andrewrsorkin,jillfilipovic,39,False
1173,Tweet,andrewrsorkin,Banjotkaur,170,False
1107,Tweet,andrewrsorkin,sermoninstone,58,False
1124,Tweet,andrewrsorkin,Bencjacobs,14,True
1165,Tweet,andrewrsorkin,SocialQPhilip,56,False
1126,Tweet,andrewrsorkin,007pandey,20,True
1102,Tweet,andrewrsorkin,williamnhutton,17,True
1179,Tweet,andrewrsorkin,joncaramanica,41,False
1155,Tweet,andrewrsorkin,NilsPratley,6,True
1148,Tweet,andrewrsorkin,parthasinha,26,True
1188,Tweet,andrewrsorkin,SocialQPhilip,54,False
9430,Article,jeannasmialek,pete_wells,14,True
9455,Article,jeannasmialek,Bencjacobs,16,True
9458,Article,jeannasmialek,LFFriedman,26,True
9449,Article,jeannasmialek,AshokPradhanTOI,24,True
9439,Article,jeannasmialek,AshokPradhanTOI,19,True
9442,Article,jeannasmialek,hugolowell,29,True
9478,Article,jeannasmialek,jeannasmialek,1,True
9446,Article,jeannasmialek,007pandey,24,True
9445,Article,jeannasmialek,smervosh,36,False
9425,Article,jeannasmialek,PatrickKingsley,25,True
9415,Article,jeannasmialek,digbijaymishra1,26,True
9499,Article,jeannasmialek,adamliptak,16,True
9447,Article,jeannasmialek,peterbakernyt,6,True
9428,Article,jeannasmialek,ggreenwald,21,True
9420,Article,jeannasmialek,FlitterOnFraud,3,True
9503,Tweet,jeannasmialek,007pandey,23,True
9501,Tweet,jeannasmialek,007pandey,12,True
9580,Tweet,jeannasmialek,attackerman,16,True
9523,Tweet,jeannasmialek,noamscheiber,85,False
9590,Tweet,jeannasmialek,ggreenwald,6,True
9519,Tweet,jeannasmialek,ggreenwald,9,True
9534,Tweet,jeannasmialek,jmart,9,True
9564,Tweet,jeannasmialek,attackerman,18,True
9516,Tweet,jeannasmialek,Bencjacobs,27,True
9507,Tweet,jeannasmialek,bagishjhaTOI,17,True
9548,Tweet,jeannasmialek,toi_dhananjayM,10,True
9554,Tweet,jeannasmialek,lukeharding1968,6,True
9517,Tweet,jeannasmialek,007pandey,13,True
9574,Tweet,jeannasmialek,charlie_savage,8,True
9581,Tweet,jeannasmialek,jbouie,30,True
190665,Article,lisamonteiroTOI,jameskanter,19,True
190854,Article,lisamonteiroTOI,williamnhutton,46,False
190850,Article,lisamonteiroTOI,jameskanter,70,False
190819,Article,lisamonteiroTOI,jameskanter,15,True
190789,Article,lisamonteiroTOI,AlokKNMishra,115,False
190903,Article,lisamonteiroTOI,TanyaGold1,151,False
190668,Article,lisamonteiroTOI,Azi,20,True
190886,Article,lisamonteiroTOI,hugolowell,121,False
190727,Article,lisamonteiroTOI,benkenigsberg,30,True
190751,Article,lisamonteiroTOI,durgeshjhaTOI,32,True
190744,Article,lisamonteiroTOI,jameskanter,80,False
190728,Article,lisamonteiroTOI,PhanindraP_TNIE,12,True
190813,Article,lisamonteiroTOI,bindiyachariTOI,161,False
190713,Article,lisamonteiroTOI,ewenmacaskill,99,False
190839,Article,lisamonteiroTOI,jameskanter,41,False
190996,Tweet,lisamonteiroTOI,amitanandTOI,17,True
191000,Tweet,lisamonteiroTOI,priyangiTOI,25,True
190913,Tweet,lisamonteiroTOI,lisamonteiroTOI,1,True
190993,Tweet,lisamonteiroTOI,ThevarSteffy,45,False
190968,Tweet,lisamonteiroTOI,vijaysinghTOI,12,True
190948,Tweet,lisamonteiroTOI,dubeyavishek,3,True
190950,Tweet,lisamonteiroTOI,ArthurNeslen,17,True
190952,Tweet,lisamonteiroTOI,Banjotkaur,5,True
190915,Tweet,lisamonteiroTOI,RosySequeiraTOI,19,True
190923,Tweet,lisamonteiroTOI,nmcintosh,33,False
190991,Tweet,lisamonteiroTOI,PNaveenTOI,5,True
190985,Tweet,lisamonteiroTOI,SindhukTOI,23,True
190989,Tweet,lisamonteiroTOI,ajaysuraTOI,21,True
190964,Tweet,lisamonteiroTOI,manvirsainiTOI,3,True
190995,Tweet,lisamonteiroTOI,vijaysinghTOI,7,True
21290,Article,gailcollins,samsifton,23,True
21254,Article,gailcollins,andrewrsorkin,24,True
21219,Article,gailcollins,BhanupratapsTOI,23,True
21261,Article,gailcollins,SangerNYT,28,True
21224,Article,gailcollins,vijayVsinghTOI,10,True
21220,Article,gailcollins,toi_rohanA,16,True
21256,Article,gailcollins,DerekMalcolm123,18,True
21273,Article,gailcollins,DouthatNYT,25,True
21233,Article,gailcollins,peterbakernyt,28,True
21296,Article,gailcollins,aurelienbrd,26,True
21201,Article,gailcollins,GlennThrush,26,True
21260,Article,gailcollins,jimtankersley,42,False
21281,Article,gailcollins,anemonanyc,15,True
21214,Article,gailcollins,andrew_mueller,15,True
21229,Article,gailcollins,damiencave,25,True
21326,Tweet,gailcollins,SocialQPhilip,40,False
21347,Tweet,gailcollins,ArthurNeslen,31,True
21357,Tweet,gailcollins,Bencjacobs,20,True
21301,Tweet,gailcollins,vanbadham,30,True
21354,Tweet,gailcollins,ajaysuraTOI,30,True
21348,Tweet,gailcollins,BenWeiserNYT,32,True
21376,Tweet,gailcollins,parul_sehgal,63,False
21300,Tweet,gailcollins,priyagupta999,32,True
21356,Tweet,gailcollins,Mahafreed_Irani,38,False
21374,Tweet,gailcollins,NYTLiz,16,True
21349,Tweet,gailcollins,MiriamElder,31,True
21399,Tweet,gailcollins,divyapal2013,182,False
21332,Tweet,gailcollins,007pandey,27,True
21387,Tweet,gailcollins,michelleinbklyn,31,True
21380,Tweet,gailcollins,SocialQPhilip,17,True
175538,Article,AshokPradhanTOI,helenecooper,21,True
175601,Article,AshokPradhanTOI,GlennThrush,31,True
175598,Article,AshokPradhanTOI,pradeepjourno,27,True
175385,Article,AshokPradhanTOI,DerekMalcolm123,16,True
175401,Article,AshokPradhanTOI,AlokKNMishra,9,True
175599,Article,AshokPradhanTOI,toi_dhananjayM,26,True
175560,Article,AshokPradhanTOI,noamscheiber,28,True
175460,Article,AshokPradhanTOI,CarolineLucas,21,True
175499,Article,AshokPradhanTOI,KeithBradsher,284,False
175594,Article,AshokPradhanTOI,KateEMcCann,20,True
175429,Article,AshokPradhanTOI,toi_dhananjayM,27,True
175503,Article,AshokPradhanTOI,jameskanter,17,True
175484,Article,AshokPradhanTOI,jameskanter,21,True
175584,Article,AshokPradhanTOI,helenecooper,17,True
175405,Article,AshokPradhanTOI,tomdyckhoff,267,False
175690,Tweet,AshokPradhanTOI,psangeetha2112,353,False
175716,Tweet,AshokPradhanTOI,toi_rohanA,31,True
175661,Tweet,AshokPradhanTOI,Shrivathsan1437,20,True
175664,Tweet,AshokPradhanTOI,ShrinivasaMTOI,37,False
175701,Tweet,AshokPradhanTOI,sudhanshub16,12,True
175633,Tweet,AshokPradhanTOI,kiracochrane,310,False
175628,Tweet,AshokPradhanTOI,shiba_kurian,28,True
175657,Tweet,AshokPradhanTOI,AditiZero,25,True
175659,Tweet,AshokPradhanTOI,AtulMathur_,16,True
175707,Tweet,AshokPradhanTOI,bagishjhaTOI,9,True
175687,Tweet,AshokPradhanTOI,meeravohraTOI,105,False
175627,Tweet,AshokPradhanTOI,ishajainTOI,118,False
175666,Tweet,AshokPradhanTOI,akhileshsTOI,14,True
175672,Tweet,AshokPradhanTOI,PhanindraP_TNIE,31,True
175709,Tweet,AshokPradhanTOI,payaldhawanTOI,12,True
193012,Article,mateenHTOI,rebeccaSTOI,23,True
192963,Article,mateenHTOI,vaibhavgTOI,4,True
193158,Article,mateenHTOI,timlottwriter,20,True
192961,Article,mateenHTOI,pradeeptTOI,12,True
193137,Article,mateenHTOI,jameskanter,30,True
192994,Article,mateenHTOI,vijayVsinghTOI,13,True
193186,Article,mateenHTOI,jameskanter,13,True
192959,Article,mateenHTOI,ArunDev1,19,True
193174,Article,mateenHTOI,shafaquealamTOI,26,True
192960,Article,mateenHTOI,omjasvinTOI,19,True
193140,Article,mateenHTOI,anandbodhTOI,7,True
193191,Article,mateenHTOI,ajaykanth7,11,True
192977,Article,mateenHTOI,LeoHickman,35,False
193064,Article,mateenHTOI,ajaysuraTOI,16,True
192998,Article,mateenHTOI,NewtonSTOI,16,True
193288,Tweet,mateenHTOI,AjayUgrasTOI,27,True
193221,Tweet,mateenHTOI,jatinder_tur,15,True
193271,Tweet,mateenHTOI,manujaveerappa,99,False
193262,Tweet,mateenHTOI,amitanandTOI,24,True
193231,Tweet,mateenHTOI,DanielKingChess,94,False
193207,Tweet,mateenHTOI,ManjuVTOI,3,True
193220,Tweet,mateenHTOI,murarishetye,2,True
193285,Tweet,mateenHTOI,vaibhavgTOI,13,True
193241,Tweet,mateenHTOI,vijaysinghTOI,17,True
193293,Tweet,mateenHTOI,priyagupta999,7,True
193246,Tweet,mateenHTOI,rajatpTOI,9,True
193203,Tweet,mateenHTOI,Mahafreed_Irani,12,True
193224,Tweet,mateenHTOI,minatisinghaTOI,20,True
193266,Tweet,mateenHTOI,vijaysinghTOI,8,True
193268,Tweet,mateenHTOI,ChaithanyaSwamy,16,True
11675,Article,kylebuchanan,RBReich,36,False
11669,Article,kylebuchanan,marcatracy,18,True
11628,Article,kylebuchanan,rebeccaSTOI,209,False
11647,Article,kylebuchanan,samsifton,20,True
11606,Article,kylebuchanan,sio_burke,27,True
11601,Article,kylebuchanan,stevenerlanger,26,True
11644,Article,kylebuchanan,stevenpoole,13,True
11629,Article,kylebuchanan,RorySmith,199,False
11685,Article,kylebuchanan,alanfeuer,32,True
11688,Article,kylebuchanan,suilee,6,True
11617,Article,kylebuchanan,DouthatNYT,22,True
11600,Article,kylebuchanan,RorySmith,57,False
11632,Article,kylebuchanan,FlitterOnFraud,7,True
11638,Article,kylebuchanan,MoharBasu,16,True
11666,Article,kylebuchanan,SwatiShindeTOI,322,False
11760,Tweet,kylebuchanan,peterbradshaw1,14,True
11750,Tweet,kylebuchanan,mtomasky,55,False
11700,Tweet,kylebuchanan,LucyMangan,17,True
11703,Tweet,kylebuchanan,jackschofield,15,True
11779,Tweet,kylebuchanan,samsifton,7,True
11783,Tweet,kylebuchanan,alexvtunzelmann,65,False
11793,Tweet,kylebuchanan,joecoscarelli,2,True
11782,Tweet,kylebuchanan,alexvtunzelmann,22,True
11770,Tweet,kylebuchanan,ManjuVTOI,51,False
11714,Tweet,kylebuchanan,davidhepworth,11,True
11768,Tweet,kylebuchanan,stevenerlanger,58,False
11749,Tweet,kylebuchanan,Mahafreed_Irani,211,False
11745,Tweet,kylebuchanan,john_hooper,46,False
11737,Tweet,kylebuchanan,smbahr14,7,True
11763,Tweet,kylebuchanan,archiebland,14,True
222698,Article,yusrahusain,PNaveenTOI,81,False
222671,Article,yusrahusain,patrickwintour,45,False
222480,Article,yusrahusain,jameskanter,63,False
222641,Article,yusrahusain,jameskanter,82,False
222509,Article,yusrahusain,007pandey,104,False
222652,Article,yusrahusain,AlokKNMishra,29,True
222644,Article,yusrahusain,rajatpTOI,67,False
222574,Article,yusrahusain,niyatiparikhTOI,61,False
222531,Article,yusrahusain,jameskanter,47,False
222543,Article,yusrahusain,noamscheiber,164,False
222690,Article,yusrahusain,jennyschuessler,211,False
222514,Article,yusrahusain,apoorva_nyc,39,False
222561,Article,yusrahusain,ewong,89,False
222482,Article,yusrahusain,CeylanWrites,33,False
222679,Article,yusrahusain,tushhaikhush,32,True
222816,Tweet,yusrahusain,yusrahusain,1,True
222797,Tweet,yusrahusain,manvirsainiTOI,74,False
222724,Tweet,yusrahusain,IAmTimDowling,105,False
222746,Tweet,yusrahusain,vijaypTOI,126,False
222723,Tweet,yusrahusain,BawaNaaved,4,True
222731,Tweet,yusrahusain,edvulliamy,175,False
222742,Tweet,yusrahusain,AlysFowler,54,False
222785,Tweet,yusrahusain,SwatiShindeTOI,121,False
222750,Tweet,yusrahusain,lukeharding1968,391,False
222795,Tweet,yusrahusain,neelam_raaj,87,False
222781,Tweet,yusrahusain,mohuadazz,152,False
222769,Tweet,yusrahusain,sangerkatz,257,False
222749,Tweet,yusrahusain,sermoninstone,123,False
222734,Tweet,yusrahusain,SwatiShindeTOI,100,False
222748,Tweet,yusrahusain,Shreyanka_M,82,False
198380,Article,niyatiparikhTOI,jameskanter,208,False
198576,Article,niyatiparikhTOI,jameskanter,7,True
198561,Article,niyatiparikhTOI,andrewrsorkin,23,True
198567,Article,niyatiparikhTOI,jameskanter,19,True
198533,Article,niyatiparikhTOI,andrewrsorkin,27,True
198557,Article,niyatiparikhTOI,priyagupta999,169,False
198466,Article,niyatiparikhTOI,andrewrsorkin,22,True
198581,Article,niyatiparikhTOI,jeannasmialek,26,True
198431,Article,niyatiparikhTOI,PjJoychen,54,False
198398,Article,niyatiparikhTOI,jeannasmialek,20,True
198503,Article,niyatiparikhTOI,AlokKNMishra,156,False
198448,Article,niyatiparikhTOI,KapildaveTOI,5,True
198542,Article,niyatiparikhTOI,gmorgenson,23,True
198427,Article,niyatiparikhTOI,minatisinghaTOI,182,False
198442,Article,niyatiparikhTOI,jameskanter,10,True
198606,Tweet,niyatiparikhTOI,kush_junglee,41,False
198621,Tweet,niyatiparikhTOI,mohuadazz,267,False
198638,Tweet,niyatiparikhTOI,rjadHinduBL,12,True
198640,Tweet,niyatiparikhTOI,pankajdoval,17,True
198609,Tweet,niyatiparikhTOI,Rupalijee,14,True
198653,Tweet,niyatiparikhTOI,vishwamTOI,25,True
198689,Tweet,niyatiparikhTOI,rjadHinduBL,23,True
198599,Tweet,niyatiparikhTOI,ishajainTOI,4,True
198687,Tweet,niyatiparikhTOI,DSandip_TOI,19,True
198612,Tweet,niyatiparikhTOI,IpsitaTOI,218,False
198626,Tweet,niyatiparikhTOI,imabdulgani,10,True
198688,Tweet,niyatiparikhTOI,rjadHinduBL,56,False
198694,Tweet,niyatiparikhTOI,mateenHTOI,15,True
198686,Tweet,niyatiparikhTOI,rjadHinduBL,18,True
198675,Tweet,niyatiparikhTOI,DSandip_TOI,23,True
172775,Article,aniljdias,kumaraswamykTOI,9,True
172908,Article,aniljdias,Banjotkaur,9,True
172966,Article,aniljdias,SidharthB25,16,True
172904,Article,aniljdias,ewenmacaskill,23,True
172822,Article,aniljdias,lauriegnyt,48,False
172784,Article,aniljdias,imabdulgani,18,True
172834,Article,aniljdias,jameskanter,26,True
172848,Article,aniljdias,sudeshnagTOI,10,True
172806,Article,aniljdias,KanwardeepsTOI,26,True
172811,Article,aniljdias,TanyaGold1,31,True
172943,Article,aniljdias,andrewrsorkin,31,True
172873,Article,aniljdias,DekaJayanta,28,True
172790,Article,aniljdias,DanielKingChess,29,True
172907,Article,aniljdias,AniltheMatrix,10,True
172781,Article,aniljdias,DSandip_TOI,10,True
173032,Tweet,aniljdias,PerriKlass,113,False
173083,Tweet,aniljdias,jackschofield,441,False
173033,Tweet,aniljdias,toi_ManujaV,23,True
173055,Tweet,aniljdias,TridibIANS,29,True
173052,Tweet,aniljdias,Pratiks_TOI,25,True
173071,Tweet,aniljdias,Lattif,9,True
173054,Tweet,aniljdias,TridibIANS,32,True
173103,Tweet,aniljdias,TridibIANS,21,True
173086,Tweet,aniljdias,parul_sehgal,33,False
173050,Tweet,aniljdias,asrpmukeshTOI,24,True
173027,Tweet,aniljdias,MujMash,24,True
173093,Tweet,aniljdias,nmcintosh,333,False
173099,Tweet,aniljdias,AlokKNMishra,12,True
173076,Tweet,aniljdias,pradeeptTOI,20,True
173078,Tweet,aniljdias,michelleinbklyn,277,False
11087,Article,kbennhold,ElianPeltier,31,True
11077,Article,kbennhold,Azi,119,False
11083,Article,kbennhold,kbennhold,1,True
11030,Article,kbennhold,PatrickKingsley,3,True
11034,Article,kbennhold,DouthatNYT,16,True
11046,Article,kbennhold,williamnhutton,29,True
11071,Article,kbennhold,naomi2009,27,True
11036,Article,kbennhold,philipoltermann,2,True
11021,Article,kbennhold,Crime_Selvaraj,79,False
11073,Article,kbennhold,hugolowell,24,True
11000,Article,kbennhold,lisamonteiroTOI,58,False
11096,Article,kbennhold,meddynyt,14,True
11010,Article,kbennhold,dionnesearcey,17,True
11022,Article,kbennhold,MujMash,30,True
11016,Article,kbennhold,philipoltermann,6,True
11177,Tweet,kbennhold,sunny_hundal,7,True
11166,Tweet,kbennhold,SocialQPhilip,15,True
11181,Tweet,kbennhold,DouthatNYT,14,True
11131,Tweet,kbennhold,AnujaJaiswalTOI,53,False
11178,Tweet,kbennhold,LeoHickman,10,True
11193,Tweet,kbennhold,Azi,79,False
11180,Tweet,kbennhold,smbahr14,28,True
11141,Tweet,kbennhold,SangerNYT,7,True
11163,Tweet,kbennhold,RaphaelMinder,8,True
11197,Tweet,kbennhold,parul_sehgal,18,True
11156,Tweet,kbennhold,leninology,5,True
11187,Tweet,kbennhold,IKershner,69,False
11176,Tweet,kbennhold,mateenHTOI,5,True
11160,Tweet,kbennhold,michaelcrowley,3,True
11157,Tweet,kbennhold,nytdavidbrooks,3,True
44764,Article,lindasgrant,questingvole,51,False
44778,Article,lindasgrant,sarfrazmanzoor,49,False
44834,Article,lindasgrant,JessicaValenti,148,False
44813,Article,lindasgrant,andrew_mueller,17,True
44721,Article,lindasgrant,msrachelcooke,12,True
44791,Article,lindasgrant,timlottwriter,3,True
44819,Article,lindasgrant,axrenton,3,True
44814,Article,lindasgrant,tejalrao,112,False
44807,Article,lindasgrant,nicklezard,28,True
44763,Article,lindasgrant,MaggieAstor,156,False
44733,Article,lindasgrant,parul_sehgal,31,True
44858,Article,lindasgrant,KateEMcCann,36,False
44867,Article,lindasgrant,andrewrsorkin,100,False
44855,Article,lindasgrant,ChuBailiang,8,True
44820,Article,lindasgrant,sendvictorious,29,True
44933,Tweet,lindasgrant,williamnhutton,26,True
45464,Tweet,lindasgrant,IAmTimDowling,41,False
44883,Tweet,lindasgrant,genznyt,255,False
45097,Tweet,lindasgrant,bindelj,31,True
45460,Tweet,lindasgrant,alanconnor,37,False
45219,Tweet,lindasgrant,TanyaGold1,20,True
44963,Tweet,lindasgrant,williamnhutton,42,False
44966,Tweet,lindasgrant,andrew_mueller,3,True
45028,Tweet,lindasgrant,timatkin,31,True
45154,Tweet,lindasgrant,debaratisen,97,False
45351,Tweet,lindasgrant,jasondhorowitz,275,False
44959,Tweet,lindasgrant,NilsPratley,25,True
44960,Tweet,lindasgrant,alexvtunzelmann,27,True
45005,Tweet,lindasgrant,RebeccaSeal,30,True
45116,Tweet,lindasgrant,gracedent,49,False
219022,Article,utejonmayamTOI,dkarthikTOI,14,True
219101,Article,utejonmayamTOI,bindiyachariTOI,8,True
219078,Article,utejonmayamTOI,bindiyachariTOI,4,True
219209,Article,utejonmayamTOI,naomi2009,53,False
219196,Article,utejonmayamTOI,DekaJayanta,26,True
219048,Article,utejonmayamTOI,noamscheiber,405,False
219242,Article,utejonmayamTOI,bindiyachariTOI,8,True
219182,Article,utejonmayamTOI,dubeyavishek,25,True
219217,Article,utejonmayamTOI,bindiyachariTOI,4,True
219161,Article,utejonmayamTOI,Chethan_Dash,5,True
219067,Article,utejonmayamTOI,bindiyachariTOI,8,True
219056,Article,utejonmayamTOI,gmorgenson,240,False
219149,Article,utejonmayamTOI,andrewrsorkin,160,False
219042,Article,utejonmayamTOI,gmorgenson,98,False
219248,Article,utejonmayamTOI,SribaalaVTOI,51,False
219312,Tweet,utejonmayamTOI,utejonmayamTOI,1,True
219291,Tweet,utejonmayamTOI,ChaitanyadTOI,6,True
219313,Tweet,utejonmayamTOI,NirupaTOI,3,True
219329,Tweet,utejonmayamTOI,ronojoy_sen,8,True
219362,Tweet,utejonmayamTOI,lisamonteiroTOI,50,False
219302,Tweet,utejonmayamTOI,ChaitanyadTOI,15,True
219275,Tweet,utejonmayamTOI,utejonmayamTOI,1,True
219346,Tweet,utejonmayamTOI,Arun_Ram,14,True
219307,Tweet,utejonmayamTOI,vijaypTOI,2,True
219303,Tweet,utejonmayamTOI,lisamonteiroTOI,57,False
219294,Tweet,utejonmayamTOI,ChaitanyadTOI,17,True
219311,Tweet,utejonmayamTOI,somitsenTOI,2,True
219361,Tweet,utejonmayamTOI,binays1960,58,False
219290,Tweet,utejonmayamTOI,SwatiShindeTOI,80,False
219360,Tweet,utejonmayamTOI,binays1960,70,False
170737,Article,AjayUgrasTOI,andrewrsorkin,50,False
170884,Article,AjayUgrasTOI,murarishetyeTOI,22,True
170758,Article,AjayUgrasTOI,ajaykanth7,28,True
170856,Article,AjayUgrasTOI,rashmidTOI,3,True
170832,Article,AjayUgrasTOI,DekaJayanta,4,True
170878,Article,AjayUgrasTOI,Crime_Selvaraj,27,True
170937,Article,AjayUgrasTOI,SidharthB25,20,True
170721,Article,AjayUgrasTOI,Crime_Selvaraj,10,True
170778,Article,AjayUgrasTOI,_nicolaclark,21,True
170871,Article,AjayUgrasTOI,Crime_Selvaraj,15,True
170804,Article,AjayUgrasTOI,ipsinghTOI,3,True
170874,Article,AjayUgrasTOI,pradeepjourno,14,True
170841,Article,AjayUgrasTOI,vishwamTOI,75,False
170915,Article,AjayUgrasTOI,SagrikaKissu,36,False
170820,Article,AjayUgrasTOI,Chethan_Dash,15,True
171012,Tweet,AjayUgrasTOI,toi_shailendraA,171,False
171028,Tweet,AjayUgrasTOI,Banjotkaur,80,False
171030,Tweet,AjayUgrasTOI,umamahesh_ToI,28,True
171018,Tweet,AjayUgrasTOI,mateenHTOI,70,False
170957,Tweet,AjayUgrasTOI,LeoHickman,58,False
170959,Tweet,AjayUgrasTOI,rashmidTOI,60,False
171020,Tweet,AjayUgrasTOI,alexvtunzelmann,344,False
170978,Tweet,AjayUgrasTOI,akhileshsTOI,15,True
170992,Tweet,AjayUgrasTOI,neelam_raaj,15,True
170962,Tweet,AjayUgrasTOI,richapintoi,17,True
170953,Tweet,AjayUgrasTOI,desaisantosh,26,True
171029,Tweet,AjayUgrasTOI,BawaNaaved,87,False
170981,Tweet,AjayUgrasTOI,kush_junglee,22,True
170989,Tweet,AjayUgrasTOI,NewtonSTOI,25,True
170995,Tweet,AjayUgrasTOI,shafaquealamTOI,39,False
68130,Article,DeccaJourno,martcrossy,53,False
68116,Article,DeccaJourno,jimwaterson,78,False
68221,Article,DeccaJourno,thrasherxy,28,True
68091,Article,DeccaJourno,elizabday,28,True
68250,Article,DeccaJourno,EVincentelli,175,False
68096,Article,DeccaJourno,jeannasmialek,160,False
68257,Article,DeccaJourno,kiracochrane,32,True
68049,Article,DeccaJourno,CarolineLucas,15,True
68044,Article,DeccaJourno,kylebuchanan,126,False
68146,Article,DeccaJourno,jennydeluxe,39,False
68225,Article,DeccaJourno,jbouie,26,True
68213,Article,DeccaJourno,Markbeaumontuk,12,True
68066,Article,DeccaJourno,fmanjoo,59,False
68145,Article,DeccaJourno,FelicityCloake,29,True
68185,Article,DeccaJourno,CarolineLucas,88,False
68362,Tweet,DeccaJourno,LauraCummingArt,18,True
68435,Tweet,DeccaJourno,Markbeaumontuk,120,False
68322,Tweet,DeccaJourno,IanCobain,18,True
68514,Tweet,DeccaJourno,saumyajitbTOI,108,False
68323,Tweet,DeccaJourno,RowanMoore,265,False
68438,Tweet,DeccaJourno,leninology,93,False
68353,Tweet,DeccaJourno,HackneyAbbott,147,False
68388,Tweet,DeccaJourno,alanfeuer,467,False
68321,Tweet,DeccaJourno,dubeyavishek,263,False
68345,Tweet,DeccaJourno,smita_mishra,149,False
68519,Tweet,DeccaJourno,LauraCummingArt,2,True
68307,Tweet,DeccaJourno,LauraCummingArt,14,True
68512,Tweet,DeccaJourno,ollywainwright,15,True
68413,Tweet,DeccaJourno,AnushkaAsthana,29,True
68461,Tweet,DeccaJourno,debaratisen,460,False
196168,Article,nandinisgTOI,bencasselman,95,False
196211,Article,nandinisgTOI,rajendrasTOI,32,True
196162,Article,nandinisgTOI,rajatpTOI,11,True
196176,Article,nandinisgTOI,dubeyavishek,19,True
196137,Article,nandinisgTOI,niyatiparikhTOI,32,True
196117,Article,nandinisgTOI,bishnoiarvind11,30,True
196075,Article,nandinisgTOI,HemantaTOI,13,True
196071,Article,nandinisgTOI,ArunDev1,32,True
196126,Article,nandinisgTOI,sunny_hundal,6,True
196213,Article,nandinisgTOI,AnaSwanson,28,True
196028,Article,nandinisgTOI,gmorgenson,142,False
196155,Article,nandinisgTOI,SribaalaVTOI,13,True
196171,Article,nandinisgTOI,naomi2009,15,True
196205,Article,nandinisgTOI,rashmidTOI,11,True
196091,Article,nandinisgTOI,sandhyanairTOI,22,True
196282,Tweet,nandinisgTOI,binays1960,44,False
196377,Tweet,nandinisgTOI,alexvtunzelmann,127,False
196353,Tweet,nandinisgTOI,manvirsainiTOI,49,False
196371,Tweet,nandinisgTOI,Shrivathsan1437,142,False
196324,Tweet,nandinisgTOI,utejonmayamTOI,111,False
196329,Tweet,nandinisgTOI,manujaveerappa,78,False
196355,Tweet,nandinisgTOI,Bencjacobs,374,False
196290,Tweet,nandinisgTOI,jackschofield,210,False
196352,Tweet,nandinisgTOI,hadleyfreeman,264,False
196295,Tweet,nandinisgTOI,MoharBasu,16,True
196288,Tweet,nandinisgTOI,TridibIANS,157,False
196298,Tweet,nandinisgTOI,TristramHuntVA,75,False
196309,Tweet,nandinisgTOI,vaibhavgTOI,65,False
196333,Tweet,nandinisgTOI,Pratiks_TOI,48,False
196370,Tweet,nandinisgTOI,emmabrockes,172,False
169285,Article,aditya_bh16,AniltheMatrix,18,True
169212,Article,aditya_bh16,AniltheMatrix,16,True
169177,Article,aditya_bh16,fmanjoo,45,False
169307,Article,aditya_bh16,bydanielvictor,31,True
169209,Article,aditya_bh16,emmabrockes,18,True
169170,Article,aditya_bh16,AniltheMatrix,3,True
169375,Article,aditya_bh16,SyedAkbarTOI,47,False
169236,Article,aditya_bh16,AniltheMatrix,16,True
169352,Article,aditya_bh16,PatrickKingsley,129,False
169205,Article,aditya_bh16,AniltheMatrix,19,True
169378,Article,aditya_bh16,Banjotkaur,17,True
169273,Article,aditya_bh16,chiggi,171,False
169189,Article,aditya_bh16,DouthatNYT,184,False
169246,Article,aditya_bh16,AniltheMatrix,21,True
169383,Article,aditya_bh16,shattenstone,24,True
169418,Tweet,aditya_bh16,AraniBasuTOI,34,False
169449,Tweet,aditya_bh16,manujaveerappa,3,True
169428,Tweet,aditya_bh16,Shreyanka_M,312,False
169489,Tweet,aditya_bh16,binays1960,7,True
169435,Tweet,aditya_bh16,Shreyanka_M,26,True
169440,Tweet,aditya_bh16,LauraCummingArt,16,True
169456,Tweet,aditya_bh16,aditya_bh16,1,True
169454,Tweet,aditya_bh16,Pratiks_TOI,7,True
169425,Tweet,aditya_bh16,payaldhawanTOI,15,True
169466,Tweet,aditya_bh16,Mahafreed_Irani,140,False
169441,Tweet,aditya_bh16,aleksk,12,True
169492,Tweet,aditya_bh16,Chethan_Dash,181,False
169482,Tweet,aditya_bh16,har_mandeep,6,True
169461,Tweet,aditya_bh16,aditya_bh16,1,True
169470,Tweet,aditya_bh16,ameliagentleman,13,True
200548,Article,payaldhawanTOI,rajendrasTOI,106,False
200465,Article,payaldhawanTOI,dipakdashTOI,61,False
200448,Article,payaldhawanTOI,parthasinha,128,False
200668,Article,payaldhawanTOI,jameskanter,11,True
200480,Article,payaldhawanTOI,GRajivTOI,74,False
200596,Article,payaldhawanTOI,jameskanter,42,False
200618,Article,payaldhawanTOI,vijaypTOI,71,False
200439,Article,payaldhawanTOI,ArunDev1,24,True
200472,Article,payaldhawanTOI,jameskanter,4,True
200523,Article,payaldhawanTOI,naomi2009,5,True
200503,Article,payaldhawanTOI,KapildaveTOI,94,False
200552,Article,payaldhawanTOI,ewong,59,False
200601,Article,payaldhawanTOI,KanwardeepsTOI,14,True
200554,Article,payaldhawanTOI,AmritadTOI,24,True
200506,Article,payaldhawanTOI,NewtonSTOI,67,False
200718,Tweet,payaldhawanTOI,SwatiShindeTOI,3,True
200695,Tweet,payaldhawanTOI,TOISH31,122,False
200769,Tweet,payaldhawanTOI,lisamonteiroTOI,91,False
200697,Tweet,payaldhawanTOI,priyangiTOI,86,False
200698,Tweet,payaldhawanTOI,PNaveenTOI,149,False
200742,Tweet,payaldhawanTOI,rebeccaSTOI,45,False
200721,Tweet,payaldhawanTOI,binays1960,103,False
200704,Tweet,payaldhawanTOI,vijaypTOI,51,False
200713,Tweet,payaldhawanTOI,utejonmayamTOI,57,False
200711,Tweet,payaldhawanTOI,binays1960,52,False
200686,Tweet,payaldhawanTOI,neelam_raaj,60,False
200719,Tweet,payaldhawanTOI,omjasvinTOI,11,True
200761,Tweet,payaldhawanTOI,MohitaTOI,109,False
200723,Tweet,payaldhawanTOI,dubeyavishek,39,False
200725,Tweet,payaldhawanTOI,MohitaTOI,10,True
135131,Article,MarinaHyde,JessicaValenti,30,True
134995,Article,MarinaHyde,JessicaValenti,27,True
134998,Article,MarinaHyde,emmabrockes,23,True
135003,Article,MarinaHyde,jennydeluxe,32,True
135107,Article,MarinaHyde,aleksk,27,True
135076,Article,MarinaHyde,helenecooper,64,False
135104,Article,MarinaHyde,NikiKitsantonis,50,False
135156,Article,MarinaHyde,lindasgrant,176,False
134993,Article,MarinaHyde,MaggieAstor,49,False
135064,Article,MarinaHyde,aleksk,31,True
135142,Article,MarinaHyde,tushhaikhush,33,False
135036,Article,MarinaHyde,andrewrsorkin,107,False
134997,Article,MarinaHyde,billicritic,42,False
135074,Article,MarinaHyde,abhishekTWEETS7,19,True
135022,Article,MarinaHyde,gracedent,31,True
135257,Tweet,MarinaHyde,mswainwright,14,True
135269,Tweet,MarinaHyde,questingvole,22,True
135366,Tweet,MarinaHyde,steve_hewlett,18,True
135312,Tweet,MarinaHyde,jfordham_jazz,19,True
135288,Tweet,MarinaHyde,rachshabi,5,True
135238,Tweet,MarinaHyde,alexvtunzelmann,15,True
135369,Tweet,MarinaHyde,Freedland,11,True
135237,Tweet,MarinaHyde,andrew_mueller,37,False
135296,Tweet,MarinaHyde,AraniBasuTOI,42,False
135264,Tweet,MarinaHyde,DerekMalcolm123,191,False
135283,Tweet,MarinaHyde,attackerman,197,False
135289,Tweet,MarinaHyde,lisamonteiroTOI,409,False
135353,Tweet,MarinaHyde,thestephmerritt,14,True
135280,Tweet,MarinaHyde,MoharBasu,151,False
135246,Tweet,MarinaHyde,emilybell,7,True
188712,Article,KanwardeepsTOI,mateenHTOI,24,True
188607,Article,KanwardeepsTOI,priyangiTOI,30,True
188678,Article,KanwardeepsTOI,AmritadTOI,24,True
188648,Article,KanwardeepsTOI,IKershner,13,True
188753,Article,KanwardeepsTOI,AmritadTOI,8,True
188781,Article,KanwardeepsTOI,RoniNYTimes,31,True
188743,Article,KanwardeepsTOI,AmritadTOI,14,True
188758,Article,KanwardeepsTOI,Crime_Selvaraj,30,True
188590,Article,KanwardeepsTOI,rjadHinduBL,13,True
188784,Article,KanwardeepsTOI,AlokKNMishra,55,False
188628,Article,KanwardeepsTOI,ginakolata,32,True
188811,Article,KanwardeepsTOI,AmritadTOI,9,True
188615,Article,KanwardeepsTOI,HemantaTOI,53,False
188602,Article,KanwardeepsTOI,AjayUgrasTOI,3,True
188778,Article,KanwardeepsTOI,maheshbTOI,102,False
188855,Tweet,KanwardeepsTOI,RosySequeiraTOI,351,False
188896,Tweet,KanwardeepsTOI,vaibhavgTOI,95,False
188856,Tweet,KanwardeepsTOI,rebeccaSTOI,106,False
188839,Tweet,KanwardeepsTOI,neelam_raaj,16,True
188886,Tweet,KanwardeepsTOI,aditya_bh16,73,False
188853,Tweet,KanwardeepsTOI,kush_junglee,16,True
188884,Tweet,KanwardeepsTOI,Arun_Ram,35,False
188852,Tweet,KanwardeepsTOI,ChaithanyaSwamy,4,True
188888,Tweet,KanwardeepsTOI,AtulMathur_,39,False
188900,Tweet,KanwardeepsTOI,kush_junglee,154,False
188899,Tweet,KanwardeepsTOI,MohitaTOI,23,True
188866,Tweet,KanwardeepsTOI,maheshbTOI,81,False
188849,Tweet,KanwardeepsTOI,PamBelluck,82,False
188906,Tweet,KanwardeepsTOI,PNaveenTOI,56,False
188917,Tweet,KanwardeepsTOI,ThevarSteffy,38,False
21417,Article,ginakolata,SumitraDebRoy,15,True
21406,Article,ginakolata,reidepstein,15,True
21465,Article,ginakolata,DSlotnik,20,True
21405,Article,ginakolata,apoorva_nyc,20,True
21493,Article,ginakolata,carlzimmer,8,True
21429,Article,ginakolata,DSlotnik,34,False
21436,Article,ginakolata,DSlotnik,11,True
21479,Article,ginakolata,durgeshjhaTOI,49,False
21483,Article,ginakolata,Shreyanka_M,41,False
21426,Article,ginakolata,sushmi_dey,69,False
21463,Article,ginakolata,carlzimmer,13,True
21486,Article,ginakolata,jameskanter,249,False
21445,Article,ginakolata,ThevarSteffy,19,True
21498,Article,ginakolata,alexmarshall81,227,False
21476,Article,ginakolata,sushmi_dey,23,True
21594,Tweet,ginakolata,winematcher,31,True
21512,Tweet,ginakolata,oliverburkeman,22,True
21573,Tweet,ginakolata,joecoscarelli,29,True
21516,Tweet,ginakolata,hannahdev,64,False
21589,Tweet,ginakolata,vijaysinghTOI,23,True
21543,Tweet,ginakolata,RosySequeiraTOI,35,False
21523,Tweet,ginakolata,timlottwriter,27,True
21595,Tweet,ginakolata,nmcintosh,126,False
21534,Tweet,ginakolata,thestephmerritt,139,False
21587,Tweet,ginakolata,AraniBasuTOI,374,False
21537,Tweet,ginakolata,margaretrenkl,25,True
21581,Tweet,ginakolata,MichaelWhite,112,False
21554,Tweet,ginakolata,MonaChalabi,22,True
21505,Tweet,ginakolata,GeorgeMonbiot,32,True
21535,Tweet,ginakolata,lucysiegle,30,True
129479,Article,LeoHickman,julianbarnes,196,False
129475,Article,LeoHickman,dansabbagh,27,True
129419,Article,LeoHickman,sarahditum,14,True
129438,Article,LeoHickman,karenzraick,285,False
129497,Article,LeoHickman,niyatiparikhTOI,52,False
129457,Article,LeoHickman,FlitterOnFraud,127,False
129584,Article,LeoHickman,ewenmacaskill,27,True
129462,Article,LeoHickman,KateEMcCann,39,False
129531,Article,LeoHickman,jfordham_jazz,100,False
129456,Article,LeoHickman,gabyhinsliff,21,True
129549,Article,LeoHickman,priyangiTOI,12,True
129559,Article,LeoHickman,jasondhorowitz,26,True
129528,Article,LeoHickman,SocialQPhilip,12,True
129396,Article,LeoHickman,Crime_Selvaraj,16,True
129569,Article,LeoHickman,timlottwriter,99,False
129986,Tweet,LeoHickman,michelleinbklyn,139,False
129691,Tweet,LeoHickman,hannahdev,25,True
129760,Tweet,LeoHickman,PNaveenTOI,22,True
130089,Tweet,LeoHickman,martcrossy,329,False
129793,Tweet,LeoHickman,vijaypTOI,15,True
129950,Tweet,LeoHickman,HemantaTOI,7,True
130127,Tweet,LeoHickman,alexvtunzelmann,57,False
129949,Tweet,LeoHickman,mateenHTOI,3,True
129922,Tweet,LeoHickman,NishikantkTOI,20,True
129980,Tweet,LeoHickman,CarolineLucas,10,True
129755,Tweet,LeoHickman,sarahchurchwell,342,False
130086,Tweet,LeoHickman,PeterTatchell,102,False
129732,Tweet,LeoHickman,rjadHinduBL,108,False
129715,Tweet,LeoHickman,DanielKingChess,58,False
129999,Tweet,LeoHickman,payaldhawanTOI,128,False
16671,Article,peterbakernyt,liamstack,13,True
16623,Article,peterbakernyt,GlennThrush,12,True
16659,Article,peterbakernyt,pete_wells,8,True
16696,Article,peterbakernyt,hugolowell,7,True
16682,Article,peterbakernyt,hugolowell,5,True
16654,Article,peterbakernyt,NYTLiz,9,True
16673,Article,peterbakernyt,dwightgarner,24,True
16614,Article,peterbakernyt,ChuBailiang,5,True
16663,Article,peterbakernyt,EmmaBubola,21,True
16675,Article,peterbakernyt,michelleinbklyn,27,True
16662,Article,peterbakernyt,NeilMacFarquhar,11,True
16638,Article,peterbakernyt,samsifton,10,True
16677,Article,peterbakernyt,sarahlyall,367,False
16624,Article,peterbakernyt,ericschmittnyt,17,True
16615,Article,peterbakernyt,michelleinbklyn,29,True
16782,Tweet,peterbakernyt,SocialQPhilip,162,False
16762,Tweet,peterbakernyt,hugolowell,29,True
16728,Tweet,peterbakernyt,Bencjacobs,21,True
16746,Tweet,peterbakernyt,jhoffman,125,False
16714,Tweet,peterbakernyt,attackerman,68,False
16709,Tweet,peterbakernyt,Bencjacobs,14,True
16774,Tweet,peterbakernyt,RichardFausset,10,True
16748,Tweet,peterbakernyt,OfficeGSBrown,101,False
16702,Tweet,peterbakernyt,AnujaJaiswalTOI,308,False
16786,Tweet,peterbakernyt,VivianHo,83,False
16790,Tweet,peterbakernyt,attackerman,13,True
16756,Tweet,peterbakernyt,patrickwintour,29,True
16771,Tweet,peterbakernyt,007pandey,43,False
16779,Tweet,peterbakernyt,hugolowell,4,True
16795,Tweet,peterbakernyt,RBReich,32,True
205005,Article,ramarkosg,PatrickKingsley,305,False
204949,Article,ramarkosg,VivianHo,64,False
204973,Article,ramarkosg,KeithBradsher,108,False
204967,Article,ramarkosg,dwightgarner,26,True
204999,Article,ramarkosg,gmorgenson,25,True
204997,Article,ramarkosg,NewtonSTOI,25,True
205040,Article,ramarkosg,paulkrugman,301,False
205036,Article,ramarkosg,Mahafreed_Irani,32,True
204974,Article,ramarkosg,NilsPratley,14,True
205038,Article,ramarkosg,andrewrsorkin,30,True
205048,Article,ramarkosg,durgeshjhaTOI,65,False
205018,Article,ramarkosg,SunilSubaiah,18,True
204994,Article,ramarkosg,saumyajitbTOI,27,True
204975,Article,ramarkosg,maheshbTOI,27,True
205033,Article,ramarkosg,pete_wells,26,True
205134,Tweet,ramarkosg,meeravohraTOI,10,True
205098,Tweet,ramarkosg,parthshastriTOI,6,True
205138,Tweet,ramarkosg,alexvtunzelmann,202,False
205147,Tweet,ramarkosg,SwatiShindeTOI,19,True
205131,Tweet,ramarkosg,rebeccaSTOI,243,False
205099,Tweet,ramarkosg,ManjuVTOI,20,True
205129,Tweet,ramarkosg,meeravohraTOI,24,True
205062,Tweet,ramarkosg,akhileshsTOI,23,True
205141,Tweet,ramarkosg,desaisantosh,204,False
205107,Tweet,ramarkosg,Shreyanka_M,10,True
205142,Tweet,ramarkosg,aditya_bh16,204,False
205125,Tweet,ramarkosg,jatinder_tur,18,True
205078,Tweet,ramarkosg,vijaysinghTOI,4,True
205135,Tweet,ramarkosg,jhoffman,369,False
205137,Tweet,ramarkosg,Mahafreed_Irani,42,False
36206,Article,GiniaNYT,EllenBarryNYT,286,False
36225,Article,GiniaNYT,noamscheiber,82,False
36272,Article,GiniaNYT,jimtankersley,203,False
36216,Article,GiniaNYT,jackschofield,169,False
36253,Article,GiniaNYT,cdcaron,31,True
36240,Article,GiniaNYT,rondakaysen,8,True
36209,Article,GiniaNYT,RaphaelMinder,2,True
36235,Article,GiniaNYT,jameskanter,388,False
36246,Article,GiniaNYT,sangerkatz,22,True
36277,Article,GiniaNYT,fmanjoo,229,False
36283,Article,GiniaNYT,RowanMoore,145,False
36275,Article,GiniaNYT,andrewrsorkin,250,False
36262,Article,GiniaNYT,NeilMacFarquhar,66,False
36276,Article,GiniaNYT,pete_wells,194,False
36264,Article,GiniaNYT,ianrausten,24,True
36360,Tweet,GiniaNYT,brooksbarnesNYT,201,False
36370,Tweet,GiniaNYT,alexvtunzelmann,57,False
36330,Tweet,GiniaNYT,NYTBen,42,False
36384,Tweet,GiniaNYT,anniekarni,15,True
36300,Tweet,GiniaNYT,DerekMalcolm123,74,False
36386,Tweet,GiniaNYT,divyapal2013,17,True
36350,Tweet,GiniaNYT,ChaithanyaSwamy,158,False
36392,Tweet,GiniaNYT,kylebuchanan,52,False
36382,Tweet,GiniaNYT,wesley_morris,10,True
36373,Tweet,GiniaNYT,toi_dhananjayM,106,False
36326,Tweet,GiniaNYT,rachshabi,75,False
36352,Tweet,GiniaNYT,richardwolffedc,62,False
36372,Tweet,GiniaNYT,toi_ManujaV,32,True
36395,Tweet,GiniaNYT,rachlharris,55,False
36341,Tweet,GiniaNYT,vijaysinghTOI,19,True
171479,Article,AlokKNMishra,akhileshsTOI,95,False
171562,Article,AlokKNMishra,ajaykanth7,7,True
171557,Article,AlokKNMishra,jameskanter,24,True
171503,Article,AlokKNMishra,ThevarSteffy,8,True
171528,Article,AlokKNMishra,sushmi_dey,19,True
171580,Article,AlokKNMishra,NikiKitsantonis,78,False
171624,Article,AlokKNMishra,ipsinghTOI,46,False
171398,Article,AlokKNMishra,PhanindraP_TNIE,11,True
171585,Article,AlokKNMishra,jameskanter,45,False
171604,Article,AlokKNMishra,durgeshjhaTOI,78,False
171514,Article,AlokKNMishra,jameskanter,22,True
171589,Article,AlokKNMishra,anandbodhTOI,20,True
171412,Article,AlokKNMishra,CeylanWrites,5,True
171438,Article,AlokKNMishra,jameskanter,15,True
171390,Article,AlokKNMishra,sushmi_dey,17,True
171638,Tweet,AlokKNMishra,IpsitaTOI,30,True
171636,Tweet,AlokKNMishra,ajaysuraTOI,188,False
171655,Tweet,AlokKNMishra,petleepeter,19,True
171648,Tweet,AlokKNMishra,ShrinivasaMTOI,28,True
171647,Tweet,AlokKNMishra,manvirsainiTOI,31,True
171682,Tweet,AlokKNMishra,KeithBradsher,14,True
171673,Tweet,AlokKNMishra,NikiKitsantonis,89,False
171714,Tweet,AlokKNMishra,dklavaniaTOI,27,True
171704,Tweet,AlokKNMishra,bishnoiarvind11,28,True
171680,Tweet,AlokKNMishra,KeithBradsher,49,False
171710,Tweet,AlokKNMishra,tushhaikhush,23,True
171657,Tweet,AlokKNMishra,Gauraw2297,15,True
171703,Tweet,AlokKNMishra,LauraCummingArt,91,False
171720,Tweet,AlokKNMishra,BawaNaaved,20,True
171683,Tweet,AlokKNMishra,manvirsainiTOI,32,True
114947,Article,mswainwright,lyngardner,59,False
114852,Article,mswainwright,nauzerbTOI,347,False
114812,Article,mswainwright,naomi2009,53,False
114874,Article,mswainwright,questingvole,51,False
114809,Article,mswainwright,GeorgeMonbiot,42,False
114974,Article,mswainwright,SearleAdrian,80,False
114862,Article,mswainwright,KateEMcCann,53,False
114773,Article,mswainwright,KateEMcCann,13,True
114834,Article,mswainwright,laurenlaverne,84,False
114873,Article,mswainwright,RowennaDavis,42,False
114927,Article,mswainwright,sendvictorious,74,False
115005,Article,mswainwright,Markbeaumontuk,30,True
114775,Article,mswainwright,RebeccaSeal,43,False
114973,Article,mswainwright,martcrossy,80,False
114935,Article,mswainwright,NilsPratley,45,False
115064,Tweet,mswainwright,msmirandasawyer,36,False
115167,Tweet,mswainwright,markriceoxley69,18,True
115416,Tweet,mswainwright,meeravohraTOI,15,True
115040,Tweet,mswainwright,PippaCrerar,42,False
115398,Tweet,mswainwright,IanCobain,67,False
115077,Tweet,mswainwright,CarolineLucas,2,True
115348,Tweet,mswainwright,jorifinkel,17,True
115186,Tweet,mswainwright,timatkin,29,True
115449,Tweet,mswainwright,AlysFowler,72,False
115099,Tweet,mswainwright,LauraCummingArt,76,False
115124,Tweet,mswainwright,allegramcevedy,61,False
115433,Tweet,mswainwright,lucysiegle,20,True
115043,Tweet,mswainwright,jackschofield,200,False
115328,Tweet,mswainwright,lucysiegle,7,True
115216,Tweet,mswainwright,williamnhutton,135,False
12085,Article,LFFriedman,AshokPradhanTOI,11,True
12073,Article,LFFriedman,jillfilipovic,27,True
12024,Article,LFFriedman,jmart,31,True
12087,Article,LFFriedman,toi_dhananjayM,32,True
12039,Article,LFFriedman,Azi,32,True
12047,Article,LFFriedman,dipakdashTOI,19,True
12086,Article,LFFriedman,GiniaNYT,264,False
12089,Article,LFFriedman,DanielKingChess,90,False
12030,Article,LFFriedman,yeshikabudhwar,28,True
12091,Article,LFFriedman,peterbakernyt,32,True
12014,Article,LFFriedman,DanielKingChess,90,False
12043,Article,LFFriedman,marcatracy,28,True
12070,Article,LFFriedman,NickAtNews,3,True
12098,Article,LFFriedman,KapildaveTOI,17,True
12021,Article,LFFriedman,ESCochrane,16,True
12125,Tweet,LFFriedman,samsifton,217,False
12160,Tweet,LFFriedman,LauraCummingArt,259,False
12116,Tweet,LFFriedman,genznyt,9,True
12106,Tweet,LFFriedman,ESCochrane,30,True
12149,Tweet,LFFriedman,AtulMathur_,21,True
12154,Tweet,LFFriedman,SocialQPhilip,205,False
12155,Tweet,LFFriedman,toi_dhananjayM,19,True
12150,Tweet,LFFriedman,AlysFowler,10,True
12171,Tweet,LFFriedman,mtomasky,33,False
12104,Tweet,LFFriedman,ShaneGoldmacher,21,True
12129,Tweet,LFFriedman,CarolineLucas,14,True
12138,Tweet,LFFriedman,wesley_morris,64,False
12146,Tweet,LFFriedman,sermoninstone,323,False
12174,Tweet,LFFriedman,gabyhinsliff,6,True
12185,Tweet,LFFriedman,sandhyanairTOI,308,False
103654,Article,richardwolffedc,jimwaterson,54,False
103696,Article,richardwolffedc,emilybell,133,False
103673,Article,richardwolffedc,andrewrsorkin,222,False
103652,Article,richardwolffedc,jameskanter,105,False
103799,Article,richardwolffedc,EVincentelli,75,False
103649,Article,richardwolffedc,charlie_savage,31,True
103755,Article,richardwolffedc,jimtankersley,97,False
103597,Article,richardwolffedc,StacyCowley,43,False
103804,Article,richardwolffedc,michelleinbklyn,60,False
103643,Article,richardwolffedc,alexanderburns,95,False
103820,Article,richardwolffedc,MiriamElder,53,False
103693,Article,richardwolffedc,bencasselman,75,False
103690,Article,richardwolffedc,wesley_morris,33,False
103596,Article,richardwolffedc,michelleinbklyn,76,False
103722,Article,richardwolffedc,emmabrockes,116,False
104389,Tweet,richardwolffedc,utejonmayamTOI,88,False
104255,Tweet,richardwolffedc,paulmasonnews,21,True
104320,Tweet,richardwolffedc,lenoretaylor,24,True
104304,Tweet,richardwolffedc,SiwachSukhbir,227,False
103949,Tweet,richardwolffedc,alexbellos,43,False
104340,Tweet,richardwolffedc,vijayVsinghTOI,272,False
104324,Tweet,richardwolffedc,sunny_hundal,244,False
104005,Tweet,richardwolffedc,aleksk,112,False
103893,Tweet,richardwolffedc,alexvtunzelmann,30,True
104050,Tweet,richardwolffedc,nnougayrede,27,True
104222,Tweet,richardwolffedc,alanconnor,96,False
104193,Tweet,richardwolffedc,Shilarze_SSR,148,False
103931,Tweet,richardwolffedc,alexvtunzelmann,29,True
104315,Tweet,richardwolffedc,ukigoni,48,False
104230,Tweet,richardwolffedc,ukigoni,25,True
33441,Article,vwang3,jameskanter,85,False
33464,Article,vwang3,NYTimesCohen,5,True
33489,Article,vwang3,SharonLNYT,103,False
33481,Article,vwang3,NeilMacFarquhar,5,True
33429,Article,vwang3,meddynyt,57,False
33402,Article,vwang3,kbennhold,9,True
33415,Article,vwang3,AnaSwanson,88,False
33428,Article,vwang3,DSandip_TOI,9,True
33450,Article,vwang3,NewtonSTOI,7,True
33483,Article,vwang3,michaelcrowley,24,True
33472,Article,vwang3,SribaalaVTOI,71,False
33439,Article,vwang3,FrankBruni,41,False
33407,Article,vwang3,tripgabriel,48,False
33418,Article,vwang3,Bencjacobs,80,False
33448,Article,vwang3,27saurabhsinha,8,True
33588,Tweet,vwang3,timlottwriter,81,False
33564,Tweet,vwang3,murarishetyeTOI,43,False
33524,Tweet,vwang3,rjadHinduBL,176,False
33540,Tweet,vwang3,maheshbTOI,34,False
33502,Tweet,vwang3,jackschofield,371,False
33542,Tweet,vwang3,nicklezard,8,True
33599,Tweet,vwang3,philipoltermann,15,True
33577,Tweet,vwang3,AnujaJaiswalTOI,35,False
33576,Tweet,vwang3,dansabbagh,158,False
33566,Tweet,vwang3,SwatiMathurTOI,3,True
33558,Tweet,vwang3,murarishetyeTOI,67,False
33547,Tweet,vwang3,ollywainwright,254,False
33546,Tweet,vwang3,LauraCummingArt,213,False
33531,Tweet,vwang3,shafaquealamTOI,51,False
33544,Tweet,vwang3,SindhukTOI,136,False
22612,Article,melissaclark,durgeshjhaTOI,4,True
22619,Article,melissaclark,dwightgarner,13,True
22690,Article,melissaclark,damiencave,30,True
22645,Article,melissaclark,marywalshjourno,12,True
22665,Article,melissaclark,RorySmith,4,True
22611,Article,melissaclark,SocialQPhilip,7,True
22604,Article,melissaclark,michelleinbklyn,18,True
22680,Article,melissaclark,samsifton,8,True
22661,Article,melissaclark,rondakaysen,8,True
22625,Article,melissaclark,DerekMalcolm123,15,True
22651,Article,melissaclark,jimtankersley,8,True
22644,Article,melissaclark,EVincentelli,7,True
22658,Article,melissaclark,michelleinbklyn,12,True
22663,Article,melissaclark,smita_mishra,9,True
22691,Article,melissaclark,ipsinghTOI,63,False
22772,Tweet,melissaclark,kumaraswamykTOI,375,False
22762,Tweet,melissaclark,jackschofield,39,False
22728,Tweet,melissaclark,lucysiegle,208,False
22777,Tweet,melissaclark,maevesther,312,False
22794,Tweet,melissaclark,SearleAdrian,30,True
22758,Tweet,melissaclark,RosySequeiraTOI,32,True
22750,Tweet,melissaclark,adwaidh,137,False
22733,Tweet,melissaclark,Shilarze_SSR,33,False
22739,Tweet,melissaclark,alexvtunzelmann,54,False
22723,Tweet,melissaclark,alanconnor,21,True
22730,Tweet,melissaclark,smita_mishra,24,True
22749,Tweet,melissaclark,meeravohraTOI,103,False
22707,Tweet,melissaclark,ChaitanyadTOI,314,False
22793,Tweet,melissaclark,FabrizioRomano,185,False
22715,Tweet,melissaclark,jayamenon64,176,False
220287,Article,vijaypTOI,ewenmacaskill,67,False
220235,Article,vijaypTOI,vijayVsinghTOI,43,False
220278,Article,vijaypTOI,AlokKNMishra,20,True
220272,Article,vijaypTOI,sandhyanairTOI,73,False
220073,Article,vijaypTOI,ajaykanth7,37,False
220290,Article,vijaypTOI,rashmidTOI,6,True
220076,Article,vijaypTOI,priyangiTOI,10,True
220240,Article,vijaypTOI,jameskanter,126,False
220128,Article,vijaypTOI,dubeyavishek,4,True
220207,Article,vijaypTOI,digbijaymishra1,9,True
220208,Article,vijaypTOI,pradeepjourno,18,True
220150,Article,vijaypTOI,vijayVsinghTOI,91,False
220140,Article,vijaypTOI,vaibhavgTOI,26,True
220196,Article,vijaypTOI,ajaykanth7,38,False
220199,Article,vijaypTOI,PrashantrTOI,3,True
220367,Tweet,vijaypTOI,pradeeptTOI,222,False
220339,Tweet,vijaypTOI,vijaypTOI,1,True
220352,Tweet,vijaypTOI,jatinder_tur,145,False
220392,Tweet,vijaypTOI,alexbellos,301,False
220386,Tweet,vijaypTOI,jatinder_tur,208,False
220389,Tweet,vijaypTOI,vijaypTOI,1,True
220378,Tweet,vijaypTOI,vijaypTOI,1,True
220358,Tweet,vijaypTOI,priyangiTOI,157,False
220359,Tweet,vijaypTOI,jayamenon64,3,True
220323,Tweet,vijaypTOI,NirupaTOI,24,True
220354,Tweet,vijaypTOI,MohitaTOI,40,False
220400,Tweet,vijaypTOI,UttaraVarmaTOI,28,True
220388,Tweet,vijaypTOI,nauzerbTOI,139,False
220398,Tweet,vijaypTOI,palaknandiTOI,46,False
220345,Tweet,vijaypTOI,vaibhavgTOI,46,False
36039,Article,jennyschuessler,tripgabriel,51,False
36066,Article,jennyschuessler,pete_wells,86,False
36058,Article,jennyschuessler,kylebuchanan,16,True
36056,Article,jennyschuessler,davidhepworth,112,False
36017,Article,jennyschuessler,kbennhold,54,False
36088,Article,jennyschuessler,EmmaBubola,288,False
36041,Article,jennyschuessler,kbennhold,6,True
36042,Article,jennyschuessler,marywalshjourno,195,False
36034,Article,jennyschuessler,PerriKlass,56,False
36029,Article,jennyschuessler,paulkrugman,105,False
36030,Article,jennyschuessler,GiniaNYT,160,False
36033,Article,jennyschuessler,samsifton,62,False
36086,Article,jennyschuessler,samsifton,13,True
36015,Article,jennyschuessler,jwpetersNYT,72,False
36083,Article,jennyschuessler,paulkrugman,133,False
36171,Tweet,jennyschuessler,LauraCummingArt,53,False
36177,Tweet,jennyschuessler,murarishetye,56,False
36153,Tweet,jennyschuessler,bglendenning,141,False
36112,Tweet,jennyschuessler,LauraCummingArt,63,False
36161,Tweet,jennyschuessler,sermoninstone,50,False
36168,Tweet,jennyschuessler,lisamonteiroTOI,118,False
36110,Tweet,jennyschuessler,VivianHo,24,True
36115,Tweet,jennyschuessler,smita_mishra,232,False
36179,Tweet,jennyschuessler,kenanmalik,31,True
36197,Tweet,jennyschuessler,sudhanshub16,278,False
36192,Tweet,jennyschuessler,RosySequeiraTOI,151,False
36187,Tweet,jennyschuessler,LauraCummingArt,83,False
36146,Tweet,jennyschuessler,sermoninstone,67,False
36114,Tweet,jennyschuessler,FranklinBlog,70,False
36109,Tweet,jennyschuessler,aleksk,53,False
195184,Article,mohuadazz,UttaraVarmaTOI,81,False
195212,Article,mohuadazz,utejonmayamTOI,12,True
195168,Article,mohuadazz,Crime_Selvaraj,16,True
195060,Article,mohuadazz,JessicaValenti,109,False
195217,Article,mohuadazz,bindiyachariTOI,11,True
195053,Article,mohuadazz,timatkin,92,False
195177,Article,mohuadazz,PjJoychen,130,False
195178,Article,mohuadazz,tushhaikhush,34,False
195111,Article,mohuadazz,lucywardsings,14,True
195235,Article,mohuadazz,rajendrasTOI,113,False
195145,Article,mohuadazz,petleepeter,5,True
195056,Article,mohuadazz,pradeeptTOI,77,False
195102,Article,mohuadazz,vijayVsinghTOI,98,False
195147,Article,mohuadazz,SagrikaKissu,71,False
195174,Article,mohuadazz,AlokKNMishra,34,False
195308,Tweet,mohuadazz,psangeetha2112,47,False
195301,Tweet,mohuadazz,neelam_raaj,65,False
195327,Tweet,mohuadazz,mohuadazz,1,True
195245,Tweet,mohuadazz,binays1960,69,False
195302,Tweet,mohuadazz,vishwamTOI,82,False
195328,Tweet,mohuadazz,MonaChalabi,28,True
195299,Tweet,mohuadazz,Mahafreed_Irani,12,True
195329,Tweet,mohuadazz,LeoHickman,159,False
195273,Tweet,mohuadazz,dkarthikTOI,17,True
195285,Tweet,mohuadazz,shiba_kurian,263,False
195334,Tweet,mohuadazz,yusrahusain,18,True
195315,Tweet,mohuadazz,ukigoni,288,False
195321,Tweet,mohuadazz,debaratisen,273,False
195325,Tweet,mohuadazz,MohitaTOI,2,True
195255,Tweet,mohuadazz,divyapal2013,76,False
179315,Article,Chethan_Dash,SidharthB25,63,False
179288,Article,Chethan_Dash,digbijaymishra1,24,True
179455,Article,Chethan_Dash,digbijaymishra1,22,True
179239,Article,Chethan_Dash,PrashantrTOI,14,True
179319,Article,Chethan_Dash,gmorgenson,23,True
179459,Article,Chethan_Dash,jameskanter,235,False
179275,Article,Chethan_Dash,rajatpTOI,8,True
179234,Article,Chethan_Dash,petleepeter,11,True
179224,Article,Chethan_Dash,nauzerbTOI,119,False
179317,Article,Chethan_Dash,rishachitlangia,34,False
179343,Article,Chethan_Dash,nauzerbTOI,21,True
179391,Article,Chethan_Dash,toi_dhananjayM,5,True
179340,Article,Chethan_Dash,davidleighx,96,False
179240,Article,Chethan_Dash,utejonmayamTOI,7,True
179356,Article,Chethan_Dash,ramendrasTOI,36,False
179503,Tweet,Chethan_Dash,BawaNaaved,31,True
179514,Tweet,Chethan_Dash,KanwardeepsTOI,32,True
179489,Tweet,Chethan_Dash,MohitaTOI,24,True
179510,Tweet,Chethan_Dash,Arun_Ram,29,True
179546,Tweet,Chethan_Dash,_nicolaclark,19,True
179559,Tweet,Chethan_Dash,DekaJayanta,21,True
179475,Tweet,Chethan_Dash,Chethan_Dash,1,True
179469,Tweet,Chethan_Dash,pradeepjourno,13,True
179547,Tweet,Chethan_Dash,DekaJayanta,8,True
179555,Tweet,Chethan_Dash,DerekMalcolm123,383,False
179465,Tweet,Chethan_Dash,utejonmayamTOI,15,True
179476,Tweet,Chethan_Dash,MichaelPaulson,2,True
179536,Tweet,Chethan_Dash,neelam_raaj,28,True
179474,Tweet,Chethan_Dash,utejonmayamTOI,3,True
179464,Tweet,Chethan_Dash,Shreyanka_M,27,True
170390,Article,ajaysuraTOI,jameskanter,24,True
170497,Article,ajaysuraTOI,ianrausten,30,True
170395,Article,ajaysuraTOI,NewtonSTOI,10,True
170476,Article,ajaysuraTOI,toi_dhananjayM,31,True
170362,Article,ajaysuraTOI,adamliptak,20,True
170573,Article,ajaysuraTOI,durgeshjhaTOI,29,True
170465,Article,ajaysuraTOI,sisario,22,True
170468,Article,ajaysuraTOI,gmorgenson,9,True
170565,Article,ajaysuraTOI,andrewrsorkin,48,False
170359,Article,ajaysuraTOI,digbijaymishra1,21,True
170488,Article,ajaysuraTOI,jameskanter,30,True
170351,Article,ajaysuraTOI,andrewrsorkin,27,True
170512,Article,ajaysuraTOI,parthshastriTOI,20,True
170521,Article,ajaysuraTOI,SidharthB25,7,True
170356,Article,ajaysuraTOI,sushmi_dey,129,False
170608,Tweet,ajaysuraTOI,ramarkosg,11,True
170626,Tweet,ajaysuraTOI,ajaysuraTOI,1,True
170667,Tweet,ajaysuraTOI,toi_rohanA,125,False
170642,Tweet,ajaysuraTOI,mateenHTOI,3,True
170638,Tweet,ajaysuraTOI,philipoltermann,32,True
170629,Tweet,ajaysuraTOI,vijaysinghTOI,31,True
170691,Tweet,ajaysuraTOI,CarolineLucas,30,True
170645,Tweet,ajaysuraTOI,philipoltermann,25,True
170657,Tweet,ajaysuraTOI,ukigoni,24,True
170595,Tweet,ajaysuraTOI,PeterTatchell,19,True
170633,Tweet,ajaysuraTOI,nmcintosh,24,True
170663,Tweet,ajaysuraTOI,CarolineLucas,24,True
170684,Tweet,ajaysuraTOI,Arun_Ram,70,False
170646,Tweet,ajaysuraTOI,rajatpTOI,109,False
170600,Tweet,ajaysuraTOI,vijaypTOI,113,False
11890,Article,Lattif,DouthatNYT,123,False
11816,Article,Lattif,HemantaTOI,170,False
11801,Article,Lattif,Banjotkaur,41,False
11883,Article,Lattif,patrickwintour,134,False
11882,Article,Lattif,ameliagentleman,19,True
11832,Article,Lattif,ChuBailiang,16,True
11888,Article,Lattif,EmmaBubola,6,True
11809,Article,Lattif,seaningle,25,True
11885,Article,Lattif,GRajivTOI,121,False
11851,Article,Lattif,EricaLG,105,False
11879,Article,Lattif,MiriamElder,13,True
11812,Article,Lattif,EricaLG,16,True
11839,Article,Lattif,mateenHTOI,217,False
11808,Article,Lattif,ElisabethMalkin,38,False
11858,Article,Lattif,murarishetye,277,False
11971,Tweet,Lattif,maheshbTOI,8,True
11978,Tweet,Lattif,kylebuchanan,142,False
11955,Tweet,Lattif,Lattif,1,True
11995,Tweet,Lattif,PeterTatchell,13,True
11958,Tweet,Lattif,andrew_mueller,42,False
11975,Tweet,Lattif,toi_rohanA,24,True
11949,Tweet,Lattif,debaratisen,149,False
11992,Tweet,Lattif,attackerman,36,False
11998,Tweet,Lattif,charlie_savage,91,False
11901,Tweet,Lattif,RaphaelMinder,27,True
11967,Tweet,Lattif,NikiKitsantonis,62,False
11903,Tweet,Lattif,PeterTatchell,79,False
11930,Tweet,Lattif,dipakdashTOI,77,False
11997,Tweet,Lattif,MiriamElder,27,True
11965,Tweet,Lattif,billmpennington,113,False
216235,Article,ThevarSteffy,sushmi_dey,49,False
216197,Article,ThevarSteffy,sushmi_dey,12,True
216234,Article,ThevarSteffy,AditiZero,31,True
216173,Article,ThevarSteffy,AlokKNMishra,26,True
216130,Article,ThevarSteffy,ASoloski,13,True
216174,Article,ThevarSteffy,apoorva_nyc,26,True
216095,Article,ThevarSteffy,RoniNYTimes,17,True
216209,Article,ThevarSteffy,AmritadTOI,6,True
216075,Article,ThevarSteffy,anandbodhTOI,11,True
216245,Article,ThevarSteffy,Mahafreed_Irani,23,True
216092,Article,ThevarSteffy,parthshastriTOI,25,True
216153,Article,ThevarSteffy,juliemTOI,29,True
216223,Article,ThevarSteffy,rajendrasTOI,76,False
216217,Article,ThevarSteffy,kush_junglee,70,False
216042,Article,ThevarSteffy,dipakdashTOI,25,True
216366,Tweet,ThevarSteffy,CarolineLucas,197,False
216346,Tweet,ThevarSteffy,sudhanshub16,27,True
216302,Tweet,ThevarSteffy,sudhanshub16,25,True
216354,Tweet,ThevarSteffy,ChaitanyadTOI,45,False
216344,Tweet,ThevarSteffy,Arv_Ind_Chauhan,23,True
216271,Tweet,ThevarSteffy,joecoscarelli,71,False
216342,Tweet,ThevarSteffy,NewtonSTOI,68,False
216343,Tweet,ThevarSteffy,ChaitanyadTOI,26,True
216282,Tweet,ThevarSteffy,debaratisen,60,False
216360,Tweet,ThevarSteffy,neelam_raaj,186,False
216297,Tweet,ThevarSteffy,ThevarSteffy,1,True
216347,Tweet,ThevarSteffy,Banjotkaur,5,True
216306,Tweet,ThevarSteffy,SumitraDebRoy,12,True
216309,Tweet,ThevarSteffy,jonathanwatts,76,False
216284,Tweet,ThevarSteffy,kush_junglee,30,True
217451,Article,toi_rohanA,AraniBasuTOI,17,True
217471,Article,toi_rohanA,vivek9301,29,True
217476,Article,toi_rohanA,GiniaNYT,31,True
217517,Article,toi_rohanA,DavidWaldstein,31,True
217524,Article,toi_rohanA,SyedAkbarTOI,31,True
217582,Article,toi_rohanA,gmorgenson,27,True
217445,Article,toi_rohanA,DSandip_TOI,30,True
217568,Article,toi_rohanA,RorySmith,32,True
217560,Article,toi_rohanA,andrew_mueller,30,True
217628,Article,toi_rohanA,GovindKMaadTOI,14,True
217575,Article,toi_rohanA,GiniaNYT,144,False
217654,Article,toi_rohanA,bykaren,26,True
217515,Article,toi_rohanA,neelam_raaj,22,True
217564,Article,toi_rohanA,bglendenning,22,True
217415,Article,toi_rohanA,anemonanyc,27,True
217704,Tweet,toi_rohanA,jayamenon64,14,True
217749,Tweet,toi_rohanA,MoharBasu,184,False
217713,Tweet,toi_rohanA,vivek9301,29,True
217723,Tweet,toi_rohanA,aditya_bh16,12,True
217735,Tweet,toi_rohanA,pradeeptTOI,10,True
217745,Tweet,toi_rohanA,jackschofield,210,False
217681,Tweet,toi_rohanA,AniltheMatrix,152,False
217710,Tweet,toi_rohanA,Shrivathsan1437,10,True
217737,Tweet,toi_rohanA,toi_shailendraA,9,True
217693,Tweet,toi_rohanA,TridibIANS,21,True
217699,Tweet,toi_rohanA,MujMash,22,True
217714,Tweet,toi_rohanA,alexbellos,247,False
217675,Tweet,toi_rohanA,Mahafreed_Irani,177,False
217733,Tweet,toi_rohanA,neelam_raaj,28,True
217722,Tweet,toi_rohanA,SunilSubaiah,7,True
14071,Article,mikeives,pradeeptTOI,6,True
14027,Article,mikeives,andrewrsorkin,256,False
14023,Article,mikeives,SribaalaVTOI,17,True
14058,Article,mikeives,patrickwintour,42,False
14037,Article,mikeives,DanBilefsky,15,True
14019,Article,mikeives,AmritadTOI,53,False
14033,Article,mikeives,AshokPradhanTOI,47,False
14062,Article,mikeives,niyatiparikhTOI,40,False
14081,Article,mikeives,NewtonSTOI,12,True
14034,Article,mikeives,jimtankersley,122,False
14002,Article,mikeives,anemonanyc,118,False
14089,Article,mikeives,PatrickKingsley,10,True
14051,Article,mikeives,domphillips,12,True
14044,Article,mikeives,PatrickKingsley,162,False
14017,Article,mikeives,RaphaelMinder,320,False
14120,Tweet,mikeives,jonathanwatts,367,False
14124,Tweet,mikeives,kush_junglee,264,False
14105,Tweet,mikeives,lisamonteiroTOI,7,True
14153,Tweet,mikeives,binays1960,171,False
14127,Tweet,mikeives,vijaysinghTOI,14,True
14182,Tweet,mikeives,manvirsainiTOI,5,True
14138,Tweet,mikeives,mikeives,1,True
14197,Tweet,mikeives,AjayUgrasTOI,33,False
14156,Tweet,mikeives,dubeyavishek,17,True
14190,Tweet,mikeives,FranklinBlog,17,True
14132,Tweet,mikeives,murarishetye,213,False
14134,Tweet,mikeives,seaningle,93,False
14148,Tweet,mikeives,jatinder_tur,299,False
14170,Tweet,mikeives,bylizrobbins,146,False
14177,Tweet,mikeives,jorifinkel,3,True
197722,Article,NirupaTOI,NewtonSTOI,42,False
197701,Article,NirupaTOI,vwang3,7,True
197888,Article,NirupaTOI,rhymetraveller,30,True
197760,Article,NirupaTOI,bencasselman,80,False
197729,Article,NirupaTOI,gmorgenson,53,False
197715,Article,NirupaTOI,sandhyanairTOI,17,True
197889,Article,NirupaTOI,salihughes,22,True
197830,Article,NirupaTOI,Crime_Selvaraj,25,True
197831,Article,NirupaTOI,laurenlaverne,39,False
197870,Article,NirupaTOI,richapintoi,26,True
197906,Article,NirupaTOI,DerekMalcolm123,45,False
197816,Article,NirupaTOI,ThevarSteffy,15,True
197832,Article,NirupaTOI,mikeives,38,False
197668,Article,NirupaTOI,ajaykanth7,32,True
197825,Article,NirupaTOI,vijayVsinghTOI,29,True
197964,Tweet,NirupaTOI,vijaysinghTOI,8,True
197936,Tweet,NirupaTOI,Shreyanka_M,16,True
197973,Tweet,NirupaTOI,imabdulgani,9,True
197957,Tweet,NirupaTOI,PjJoychen,25,True
197986,Tweet,NirupaTOI,AditiZero,40,False
197956,Tweet,NirupaTOI,we_are_food,18,True
197949,Tweet,NirupaTOI,neelam_raaj,43,False
197933,Tweet,NirupaTOI,peterbradshaw1,20,True
197979,Tweet,NirupaTOI,RosySequeiraTOI,27,True
197963,Tweet,NirupaTOI,alexvtunzelmann,28,True
197990,Tweet,NirupaTOI,parthshastriTOI,24,True
197981,Tweet,NirupaTOI,lucysiegle,250,False
197922,Tweet,NirupaTOI,DSandip_TOI,55,False
197977,Tweet,NirupaTOI,parthshastriTOI,18,True
197938,Tweet,NirupaTOI,omjasvinTOI,7,True
188110,Article,journo_vibha,niyatiparikhTOI,21,True
188034,Article,journo_vibha,ManjuVTOI,92,False
188043,Article,journo_vibha,LFFriedman,28,True
187992,Article,journo_vibha,SagrikaKissu,6,True
187896,Article,journo_vibha,bindiyachariTOI,23,True
187930,Article,journo_vibha,jameskanter,30,True
188021,Article,journo_vibha,maheshbTOI,32,True
187932,Article,journo_vibha,jameskanter,72,False
188081,Article,journo_vibha,jameskanter,19,True
187953,Article,journo_vibha,jameskanter,20,True
187970,Article,journo_vibha,jameskanter,141,False
188002,Article,journo_vibha,SidharthB25,16,True
187940,Article,journo_vibha,yeshikabudhwar,24,True
187950,Article,journo_vibha,toi_dhananjayM,74,False
187933,Article,journo_vibha,dipakdashTOI,126,False
188184,Tweet,journo_vibha,vijaysinghTOI,27,True
188145,Tweet,journo_vibha,amitanandTOI,30,True
188181,Tweet,journo_vibha,AtulMathur_,26,True
188166,Tweet,journo_vibha,omjasvinTOI,18,True
188134,Tweet,journo_vibha,bishnoiarvind11,19,True
188131,Tweet,journo_vibha,PhanindraP_TNIE,78,False
188224,Tweet,journo_vibha,vaibhavgTOI,31,True
188212,Tweet,journo_vibha,vaibhavgTOI,8,True
188156,Tweet,journo_vibha,manvirsainiTOI,23,True
188163,Tweet,journo_vibha,SwatiShindeTOI,17,True
188155,Tweet,journo_vibha,SumitraDebRoy,32,True
188152,Tweet,journo_vibha,yusrahusain,28,True
188198,Tweet,journo_vibha,SherylNYT,24,True
188159,Tweet,journo_vibha,neelam_raaj,22,True
188158,Tweet,journo_vibha,NishikantkTOI,32,True
221496,Article,vivek9301,ManjuVTOI,14,True
221514,Article,vivek9301,naomi2009,25,True
221641,Article,vivek9301,AniltheMatrix,11,True
221643,Article,vivek9301,rajatpTOI,82,False
221677,Article,vivek9301,AniltheMatrix,25,True
221648,Article,vivek9301,ramarkosg,53,False
221477,Article,vivek9301,AniltheMatrix,16,True
221536,Article,vivek9301,neelam_raaj,29,True
221487,Article,vivek9301,DSandip_TOI,24,True
221667,Article,vivek9301,mtomasky,284,False
221675,Article,vivek9301,AniltheMatrix,18,True
221516,Article,vivek9301,DerekMalcolm123,31,True
221493,Article,vivek9301,amitanandTOI,25,True
221490,Article,vivek9301,EVincentelli,26,True
221694,Article,vivek9301,SyedAkbarTOI,26,True
221769,Tweet,vivek9301,FranklinBlog,40,False
221791,Tweet,vivek9301,AlysFowler,10,True
221761,Tweet,vivek9301,utejonmayamTOI,200,False
221725,Tweet,vivek9301,AraniBasuTOI,27,True
221733,Tweet,vivek9301,toi_shailendraA,20,True
221705,Tweet,vivek9301,Shrivathsan1437,15,True
221718,Tweet,vivek9301,toi_shailendraA,12,True
221727,Tweet,vivek9301,AraniBasuTOI,25,True
221719,Tweet,vivek9301,MattFutterman,14,True
221713,Tweet,vivek9301,kenanmalik,38,False
221728,Tweet,vivek9301,Shrivathsan1437,8,True
221785,Tweet,vivek9301,Pratiks_TOI,22,True
221734,Tweet,vivek9301,Shrivathsan1437,5,True
221756,Tweet,vivek9301,Pratiks_TOI,9,True
221778,Tweet,vivek9301,AniltheMatrix,29,True
36466,Article,ElisabethMalkin,suilee,32,True
36443,Article,ElisabethMalkin,NeilMacFarquhar,31,True
36460,Article,ElisabethMalkin,patrickwintour,46,False
36456,Article,ElisabethMalkin,pradeepjourno,105,False
36408,Article,ElisabethMalkin,IKershner,105,False
36442,Article,ElisabethMalkin,dwightgarner,6,True
36429,Article,ElisabethMalkin,farnazfassihi,3,True
36433,Article,ElisabethMalkin,tarasbernard,40,False
36497,Article,ElisabethMalkin,PatrickKingsley,144,False
36474,Article,ElisabethMalkin,hugolowell,10,True
36471,Article,ElisabethMalkin,ChuBailiang,30,True
36496,Article,ElisabethMalkin,BawaNaaved,9,True
36468,Article,ElisabethMalkin,kbennhold,374,False
36448,Article,ElisabethMalkin,Bencjacobs,115,False
36406,Article,ElisabethMalkin,declanwalsh,18,True
36518,Tweet,ElisabethMalkin,jamesrbuk,435,False
36550,Tweet,ElisabethMalkin,FranklinBlog,69,False
36591,Tweet,ElisabethMalkin,ggreenwald,32,True
36580,Tweet,ElisabethMalkin,binays1960,384,False
36500,Tweet,ElisabethMalkin,wesley_morris,113,False
36537,Tweet,ElisabethMalkin,Mahafreed_Irani,146,False
36511,Tweet,ElisabethMalkin,har_mandeep,44,False
36519,Tweet,ElisabethMalkin,PeterTatchell,295,False
36530,Tweet,ElisabethMalkin,jhoffman,24,True
36561,Tweet,ElisabethMalkin,omjasvinTOI,135,False
36524,Tweet,ElisabethMalkin,nnougayrede,160,False
36548,Tweet,ElisabethMalkin,oliverburkeman,130,False
36593,Tweet,ElisabethMalkin,ukigoni,24,True
36528,Tweet,ElisabethMalkin,FranklinBlog,323,False
36585,Tweet,ElisabethMalkin,murarishetye,24,True
19610,Article,SocialQPhilip,kenanmalik,9,True
19645,Article,SocialQPhilip,EVincentelli,48,False
19605,Article,SocialQPhilip,michelleinbklyn,12,True
19603,Article,SocialQPhilip,michelleinbklyn,22,True
19634,Article,SocialQPhilip,williamkeegan,13,True
19651,Article,SocialQPhilip,FrancesRobles,12,True
19618,Article,SocialQPhilip,kbennhold,8,True
19684,Article,SocialQPhilip,anemonanyc,4,True
19688,Article,SocialQPhilip,rondakaysen,7,True
19658,Article,SocialQPhilip,RoniNYTimes,10,True
19648,Article,SocialQPhilip,nytdavidbrooks,27,True
19616,Article,SocialQPhilip,alexanderburns,21,True
19602,Article,SocialQPhilip,dwightgarner,16,True
19653,Article,SocialQPhilip,msrachelcooke,12,True
19612,Article,SocialQPhilip,jwpetersNYT,11,True
19722,Tweet,SocialQPhilip,richardwolffedc,60,False
19756,Tweet,SocialQPhilip,AjayUgrasTOI,207,False
19759,Tweet,SocialQPhilip,samsifton,3,True
19742,Tweet,SocialQPhilip,leninology,60,False
19728,Tweet,SocialQPhilip,desaisantosh,17,True
19716,Tweet,SocialQPhilip,jackschofield,26,True
19775,Tweet,SocialQPhilip,williamnhutton,17,True
19790,Tweet,SocialQPhilip,rpogrebin,22,True
19720,Tweet,SocialQPhilip,Shreyanka_M,31,True
19714,Tweet,SocialQPhilip,anniekarni,17,True
19776,Tweet,SocialQPhilip,NewtonSTOI,61,False
19706,Tweet,SocialQPhilip,AlysFowler,16,True
19795,Tweet,SocialQPhilip,lucysiegle,71,False
19786,Tweet,SocialQPhilip,kenvogel,30,True
19794,Tweet,SocialQPhilip,sermoninstone,67,False
10241,Article,jotted,anemonanyc,6,True
10245,Article,jotted,RorySmith,109,False
10259,Article,jotted,ChuBailiang,13,True
10261,Article,jotted,parthasinha,23,True
10200,Article,jotted,bencasselman,25,True
10216,Article,jotted,AshokPradhanTOI,170,False
10289,Article,jotted,LizAldermanNYT,14,True
10219,Article,jotted,FrankBruni,39,False
10229,Article,jotted,RaphaelMinder,65,False
10205,Article,jotted,Azi,34,False
10295,Article,jotted,declanwalsh,16,True
10244,Article,jotted,NeilMacFarquhar,39,False
10262,Article,jotted,parthasinha,27,True
10253,Article,jotted,27saurabhsinha,24,True
10260,Article,jotted,parthasinha,24,True
10301,Tweet,jotted,patrickwintour,115,False
10368,Tweet,jotted,binays1960,18,True
10321,Tweet,jotted,abantika77,12,True
10386,Tweet,jotted,lisamonteiroTOI,236,False
10381,Tweet,jotted,mikeives,55,False
10346,Tweet,jotted,pankajdoval,75,False
10341,Tweet,jotted,jotted,1,True
10332,Tweet,jotted,oliverburkeman,175,False
10303,Tweet,jotted,alexvtunzelmann,10,True
10323,Tweet,jotted,murarishetyeTOI,22,True
10357,Tweet,jotted,margaretrenkl,31,True
10324,Tweet,jotted,PerriKlass,13,True
10396,Tweet,jotted,vijaysinghTOI,57,False
10375,Tweet,jotted,murarishetyeTOI,144,False
10318,Tweet,jotted,john_hooper,47,False
213844,Article,sudhanshub16,digbijaymishra1,140,False
213772,Article,sudhanshub16,TOISH31,26,True
213837,Article,sudhanshub16,ronojoy_sen,13,True
213821,Article,sudhanshub16,AniltheMatrix,49,False
213827,Article,sudhanshub16,EllenBarryNYT,266,False
213810,Article,sudhanshub16,akhileshsTOI,157,False
213779,Article,sudhanshub16,EVincentelli,14,True
213767,Article,sudhanshub16,GovindKMaadTOI,29,True
213823,Article,sudhanshub16,AniltheMatrix,12,True
213825,Article,sudhanshub16,AlokKNMishra,128,False
213795,Article,sudhanshub16,SumitraDebRoy,70,False
213774,Article,sudhanshub16,EVincentelli,205,False
213839,Article,sudhanshub16,SunilSubaiah,18,True
213842,Article,sudhanshub16,EVincentelli,13,True
213843,Article,sudhanshub16,andrewrawnsley,15,True
213867,Tweet,sudhanshub16,DekaJayanta,14,True
213916,Tweet,sudhanshub16,priyagupta999,55,False
213938,Tweet,sudhanshub16,jackschofield,160,False
213909,Tweet,sudhanshub16,SwatiShindeTOI,29,True
213927,Tweet,sudhanshub16,SwatiMathurTOI,221,False
213847,Tweet,sudhanshub16,ronojoy_sen,9,True
213913,Tweet,sudhanshub16,LauraCummingArt,94,False
213902,Tweet,sudhanshub16,AraniBasuTOI,32,True
213863,Tweet,sudhanshub16,priyagupta999,18,True
213925,Tweet,sudhanshub16,SindhukTOI,61,False
213891,Tweet,sudhanshub16,jatinder_tur,145,False
213919,Tweet,sudhanshub16,saumyajitbTOI,69,False
213894,Tweet,sudhanshub16,divyapal2013,28,True
213848,Tweet,sudhanshub16,alexvtunzelmann,174,False
213917,Tweet,sudhanshub16,pradeepjourno,30,True
17463,Article,RichardFausset,Azi,15,True
17450,Article,RichardFausset,hugolowell,35,False
17468,Article,RichardFausset,murarishetye,172,False
17402,Article,RichardFausset,ESCochrane,47,False
17464,Article,RichardFausset,BenWeiserNYT,6,True
17413,Article,RichardFausset,damiencave,73,False
17477,Article,RichardFausset,DanBilefsky,178,False
17472,Article,RichardFausset,hugolowell,75,False
17439,Article,RichardFausset,hugolowell,10,True
17400,Article,RichardFausset,michaelcrowley,91,False
17423,Article,RichardFausset,hugolowell,17,True
17451,Article,RichardFausset,GlennThrush,25,True
17482,Article,RichardFausset,smervosh,17,True
17440,Article,RichardFausset,jbouie,15,True
17406,Article,RichardFausset,hugolowell,33,False
17511,Tweet,RichardFausset,KTVinobhaTOI,131,False
17571,Tweet,RichardFausset,jmart,38,False
17539,Tweet,RichardFausset,andybrassell,22,True
17596,Tweet,RichardFausset,somitsenTOI,244,False
17579,Tweet,RichardFausset,hugolowell,5,True
17527,Tweet,RichardFausset,StacyCowley,5,True
17586,Tweet,RichardFausset,jmart,9,True
17510,Tweet,RichardFausset,jimtankersley,23,True
17551,Tweet,RichardFausset,jhoffman,195,False
17503,Tweet,RichardFausset,pradeeptTOI,18,True
17561,Tweet,RichardFausset,oliverburkeman,149,False
17570,Tweet,RichardFausset,RBReich,28,True
17537,Tweet,RichardFausset,jillfilipovic,21,True
17592,Tweet,RichardFausset,NickAtNews,15,True
17525,Tweet,RichardFausset,jorifinkel,38,False
6458,Article,DouthatNYT,DouthatNYT,1,True
6409,Article,DouthatNYT,michelleinbklyn,23,True
6433,Article,DouthatNYT,sunny_hundal,24,True
6428,Article,DouthatNYT,NYTimesCohen,31,True
6423,Article,DouthatNYT,DouthatNYT,1,True
6481,Article,DouthatNYT,FrankBruni,30,True
6462,Article,DouthatNYT,kbennhold,25,True
6448,Article,DouthatNYT,IKershner,3,True
6408,Article,DouthatNYT,jillfilipovic,2,True
6427,Article,DouthatNYT,NYTimesCohen,17,True
6470,Article,DouthatNYT,ggreenwald,32,True
6429,Article,DouthatNYT,samsifton,31,True
6493,Article,DouthatNYT,nicklezard,6,True
6492,Article,DouthatNYT,tejalrao,28,True
6402,Article,DouthatNYT,bencasselman,28,True
6532,Tweet,DouthatNYT,michelleinbklyn,30,True
6545,Tweet,DouthatNYT,richardwolffedc,20,True
6519,Tweet,DouthatNYT,MichaelPaulson,18,True
6509,Tweet,DouthatNYT,leninology,14,True
6505,Tweet,DouthatNYT,leninology,32,True
6518,Tweet,DouthatNYT,pete_wells,31,True
6524,Tweet,DouthatNYT,dwightgarner,14,True
6543,Tweet,DouthatNYT,jhoffman,28,True
6579,Tweet,DouthatNYT,marcatracy,21,True
6578,Tweet,DouthatNYT,mtomasky,30,True
6587,Tweet,DouthatNYT,ggreenwald,26,True
6563,Tweet,DouthatNYT,richardwolffedc,15,True
6557,Tweet,DouthatNYT,jillfilipovic,4,True
6539,Tweet,DouthatNYT,CarolineLucas,43,False
6589,Tweet,DouthatNYT,vijayVsinghTOI,17,True
29013,Article,parul_sehgal,samrob12,197,False
29021,Article,parul_sehgal,alexmarshall81,22,True
29095,Article,parul_sehgal,nytDeniseGrady,14,True
29054,Article,parul_sehgal,vwang3,9,True
29063,Article,parul_sehgal,greenslader,6,True
29065,Article,parul_sehgal,tomfriedman,8,True
29071,Article,parul_sehgal,nicklezard,13,True
29094,Article,parul_sehgal,NYTimesCohen,31,True
29022,Article,parul_sehgal,jwpetersNYT,21,True
29038,Article,parul_sehgal,liamstack,54,False
29014,Article,parul_sehgal,RBReich,37,False
29049,Article,parul_sehgal,FrankBruni,17,True
29097,Article,parul_sehgal,sarahditum,11,True
29055,Article,parul_sehgal,bencasselman,20,True
29025,Article,parul_sehgal,dwightgarner,9,True
29123,Tweet,parul_sehgal,andybrassell,13,True
29145,Tweet,parul_sehgal,ollywainwright,155,False
29161,Tweet,parul_sehgal,meeravohraTOI,310,False
29118,Tweet,parul_sehgal,ggreenwald,288,False
29173,Tweet,parul_sehgal,desaisantosh,16,True
29176,Tweet,parul_sehgal,polblonde,138,False
29171,Tweet,parul_sehgal,sermoninstone,16,True
29192,Tweet,parul_sehgal,LauraCummingArt,108,False
29113,Tweet,parul_sehgal,yusrahusain,214,False
29142,Tweet,parul_sehgal,RowanMoore,305,False
29137,Tweet,parul_sehgal,timatkin,272,False
29160,Tweet,parul_sehgal,NickAtNews,179,False
29157,Tweet,parul_sehgal,BhanupratapsTOI,84,False
29198,Tweet,parul_sehgal,alexvtunzelmann,3,True
29150,Tweet,parul_sehgal,PeterTatchell,281,False
22040,Article,jestei,sangerkatz,108,False
22034,Article,jestei,andrewrsorkin,34,False
22031,Article,jestei,gettleman,39,False
22005,Article,jestei,hugolowell,23,True
22097,Article,jestei,SribaalaVTOI,47,False
22044,Article,jestei,ianrausten,57,False
22095,Article,jestei,ewong,34,False
22041,Article,jestei,PatrickKingsley,41,False
22092,Article,jestei,andrewrsorkin,47,False
22016,Article,jestei,PatrickKingsley,15,True
22043,Article,jestei,sangerkatz,153,False
22042,Article,jestei,sarahlyall,170,False
22066,Article,jestei,advityabahlTOI,35,False
22056,Article,jestei,ShrinivasaMTOI,70,False
22009,Article,jestei,peterbakernyt,18,True
22169,Tweet,jestei,questingvole,422,False
22123,Tweet,jestei,PjJoychen,375,False
22148,Tweet,jestei,ukigoni,287,False
22168,Tweet,jestei,IpsitaTOI,159,False
22117,Tweet,jestei,alanfeuer,70,False
22170,Tweet,jestei,alanconnor,228,False
22147,Tweet,jestei,nnougayrede,38,False
22143,Tweet,jestei,sandhyanairTOI,63,False
22139,Tweet,jestei,IAmTimDowling,229,False
22144,Tweet,jestei,oliverburkeman,105,False
22167,Tweet,jestei,jennyschuessler,79,False
22164,Tweet,jestei,elizabday,159,False
22153,Tweet,jestei,carlzimmer,232,False
22152,Tweet,jestei,jhoffman,262,False
22163,Tweet,jestei,payaldhawanTOI,58,False
18878,Article,SharonLNYT,SharonLNYT,1,True
18872,Article,SharonLNYT,SharonLNYT,1,True
18847,Article,SharonLNYT,EmmaBubola,47,False
18868,Article,SharonLNYT,SherylNYT,6,True
18805,Article,SharonLNYT,hugolowell,6,True
18809,Article,SharonLNYT,kannoyoungs,5,True
18817,Article,SharonLNYT,durgeshjhaTOI,55,False
18896,Article,SharonLNYT,hugolowell,3,True
18815,Article,SharonLNYT,Azi,8,True
18839,Article,SharonLNYT,hugolowell,6,True
18802,Article,SharonLNYT,JoshuaRozenberg,11,True
18811,Article,SharonLNYT,apoorva_nyc,13,True
18879,Article,SharonLNYT,SharonLNYT,1,True
18852,Article,SharonLNYT,hugolowell,3,True
18837,Article,SharonLNYT,IKershner,7,True
18976,Tweet,SharonLNYT,jillfilipovic,4,True
18953,Tweet,SharonLNYT,SharonLNYT,1,True
18990,Tweet,SharonLNYT,hannahdev,141,False
18908,Tweet,SharonLNYT,payaldhawanTOI,206,False
18997,Tweet,SharonLNYT,williamkeegan,25,True
18923,Tweet,SharonLNYT,AnujaJaiswalTOI,5,True
18964,Tweet,SharonLNYT,NickAtNews,71,False
18913,Tweet,SharonLNYT,ishajainTOI,20,True
18906,Tweet,SharonLNYT,hugolowell,25,True
18962,Tweet,SharonLNYT,alanfeuer,3,True
18973,Tweet,SharonLNYT,reidepstein,2,True
18984,Tweet,SharonLNYT,jonathanwatts,445,False
18999,Tweet,SharonLNYT,hugolowell,22,True
18987,Tweet,SharonLNYT,mtomasky,27,True
18958,Tweet,SharonLNYT,tripgabriel,57,False
180071,Article,debaratisen,annanorthtweets,53,False
179967,Article,debaratisen,andrew_mueller,25,True
180029,Article,debaratisen,MohitaTOI,24,True
180106,Article,debaratisen,vijaypTOI,31,True
180144,Article,debaratisen,kush_junglee,16,True
179924,Article,debaratisen,MoharBasu,28,True
180076,Article,debaratisen,neelam_raaj,24,True
180070,Article,debaratisen,saumyajitbTOI,20,True
179960,Article,debaratisen,pete_wells,60,False
180103,Article,debaratisen,KanwardeepsTOI,12,True
179922,Article,debaratisen,margaretrenkl,18,True
180010,Article,debaratisen,rjadHinduBL,22,True
180021,Article,debaratisen,mateenHTOI,135,False
179927,Article,debaratisen,vijayVsinghTOI,17,True
180003,Article,debaratisen,MarcusMergulhao,22,True
180179,Tweet,debaratisen,sermoninstone,11,True
180187,Tweet,debaratisen,UttaraVarmaTOI,34,False
180201,Tweet,debaratisen,archiebland,62,False
180194,Tweet,debaratisen,KomalGautham,137,False
180228,Tweet,debaratisen,divyapal2013,17,True
180250,Tweet,debaratisen,vijaysinghTOI,19,True
180168,Tweet,debaratisen,ronojoy_sen,3,True
180226,Tweet,debaratisen,ronojoy_sen,2,True
180191,Tweet,debaratisen,richapintoi,27,True
180183,Tweet,debaratisen,laurenlaverne,2,True
180227,Tweet,debaratisen,GovindKMaadTOI,23,True
180219,Tweet,debaratisen,Mahafreed_Irani,15,True
180235,Tweet,debaratisen,rashmidTOI,43,False
180198,Tweet,debaratisen,yusrahusain,26,True
180177,Tweet,debaratisen,vijaysinghTOI,7,True
27837,Article,ceciliakang,AshokPradhanTOI,30,True
27897,Article,ceciliakang,jimtankersley,14,True
27806,Article,ceciliakang,ESCochrane,76,False
27839,Article,ceciliakang,PatrickKingsley,54,False
27855,Article,ceciliakang,MKSinghGkp,12,True
27896,Article,ceciliakang,ggreenwald,42,False
27863,Article,ceciliakang,attackerman,27,True
27804,Article,ceciliakang,aseemsgujar,83,False
27877,Article,ceciliakang,SangerNYT,68,False
27835,Article,ceciliakang,ggreenwald,189,False
27812,Article,ceciliakang,hugolowell,14,True
27832,Article,ceciliakang,carolecadwalla,138,False
27885,Article,ceciliakang,michelleinbklyn,23,True
27879,Article,ceciliakang,Bencjacobs,23,True
27825,Article,ceciliakang,AshokPradhanTOI,38,False
27926,Tweet,ceciliakang,AlysFowler,321,False
27976,Tweet,ceciliakang,andybrassell,174,False
27906,Tweet,ceciliakang,SagrikaKissu,227,False
27913,Tweet,ceciliakang,adwaidh,127,False
27933,Tweet,ceciliakang,wesley_morris,125,False
27911,Tweet,ceciliakang,Mahafreed_Irani,51,False
27956,Tweet,ceciliakang,FabrizioRomano,105,False
27945,Tweet,ceciliakang,SwatiShindeTOI,203,False
27923,Tweet,ceciliakang,payaldhawanTOI,68,False
27951,Tweet,ceciliakang,nandinisgTOI,18,True
27990,Tweet,ceciliakang,parul_sehgal,325,False
27924,Tweet,ceciliakang,rpogrebin,90,False
27903,Tweet,ceciliakang,Freedland,127,False
27984,Tweet,ceciliakang,jhoffman,133,False
27964,Tweet,ceciliakang,mtomasky,48,False
480,Article,alexanderburns,peterbakernyt,18,True
458,Article,alexanderburns,Azi,10,True
452,Article,alexanderburns,KTVinobhaTOI,32,True
457,Article,alexanderburns,ericschmittnyt,8,True
440,Article,alexanderburns,hugolowell,22,True
438,Article,alexanderburns,michelleinbklyn,16,True
489,Article,alexanderburns,jimtankersley,17,True
412,Article,alexanderburns,hugolowell,18,True
453,Article,alexanderburns,lukebroadwater,19,True
439,Article,alexanderburns,kannoyoungs,20,True
428,Article,alexanderburns,jmart,28,True
462,Article,alexanderburns,tomfriedman,34,False
445,Article,alexanderburns,hugolowell,22,True
499,Article,alexanderburns,andrewrsorkin,38,False
442,Article,alexanderburns,Bencjacobs,31,True
540,Tweet,alexanderburns,ggreenwald,31,True
558,Tweet,alexanderburns,kenvogel,9,True
539,Tweet,alexanderburns,kannoyoungs,20,True
591,Tweet,alexanderburns,AjayUgrasTOI,19,True
554,Tweet,alexanderburns,philipoltermann,18,True
512,Tweet,alexanderburns,joecoscarelli,31,True
598,Tweet,alexanderburns,jillfilipovic,5,True
532,Tweet,alexanderburns,hugolowell,17,True
524,Tweet,alexanderburns,mtomasky,12,True
562,Tweet,alexanderburns,parul_sehgal,98,False
545,Tweet,alexanderburns,VivianHo,16,True
583,Tweet,alexanderburns,thrasherxy,16,True
570,Tweet,alexanderburns,jorifinkel,14,True
573,Tweet,alexanderburns,MichaelPaulson,25,True
515,Tweet,alexanderburns,dwightgarner,126,False
71819,Article,Bencjacobs,FlitterOnFraud,29,True
71866,Article,Bencjacobs,jimtankersley,27,True
71785,Article,Bencjacobs,jestei,75,False
71978,Article,Bencjacobs,ElianPeltier,22,True
71852,Article,Bencjacobs,alexanderburns,30,True
71989,Article,Bencjacobs,liamstack,32,True
72009,Article,Bencjacobs,lauriegnyt,30,True
71949,Article,Bencjacobs,michelleinbklyn,32,True
71914,Article,Bencjacobs,EmilyAnthes,28,True
71994,Article,Bencjacobs,helenecooper,31,True
71959,Article,Bencjacobs,michelleinbklyn,31,True
71805,Article,Bencjacobs,LFFriedman,26,True
71974,Article,Bencjacobs,charltonbrooker,40,False
71783,Article,Bencjacobs,jeannasmialek,32,True
71943,Article,Bencjacobs,Azi,23,True
72083,Tweet,Bencjacobs,michelleinbklyn,78,False
72255,Tweet,Bencjacobs,smita_mishra,483,False
72203,Tweet,Bencjacobs,smita_mishra,488,False
72268,Tweet,Bencjacobs,wesley_morris,37,False
72098,Tweet,Bencjacobs,richardwolffedc,30,True
72142,Tweet,Bencjacobs,hugolowell,2,True
72017,Tweet,Bencjacobs,SharonLNYT,32,True
72238,Tweet,Bencjacobs,jatinder_tur,435,False
72097,Tweet,Bencjacobs,saumyajitbTOI,369,False
72079,Tweet,Bencjacobs,TOISH31,42,False
72267,Tweet,Bencjacobs,yeshikabudhwar,191,False
72044,Tweet,Bencjacobs,mtomasky,134,False
72208,Tweet,Bencjacobs,anniekarni,30,True
72257,Tweet,Bencjacobs,Bencjacobs,1,True
72076,Tweet,Bencjacobs,alexvtunzelmann,34,False
17868,Article,rondakaysen,antontroian,32,True
17843,Article,rondakaysen,NYTimesCohen,111,False
17867,Article,rondakaysen,KSchulten,31,True
17800,Article,rondakaysen,SocialQPhilip,12,True
17801,Article,rondakaysen,michelleinbklyn,13,True
17824,Article,rondakaysen,marcatracy,25,True
17827,Article,rondakaysen,PatrickKingsley,62,False
17805,Article,rondakaysen,MichaelPaulson,12,True
17828,Article,rondakaysen,ramarkosg,300,False
17830,Article,rondakaysen,andrewrsorkin,17,True
17882,Article,rondakaysen,PrashantrTOI,179,False
17847,Article,rondakaysen,NYTimesCohen,16,True
17811,Article,rondakaysen,llerer,20,True
17821,Article,rondakaysen,ggreenwald,5,True
17857,Article,rondakaysen,paulkrugman,12,True
17964,Tweet,rondakaysen,ggreenwald,97,False
17915,Tweet,rondakaysen,emilybell,13,True
17981,Tweet,rondakaysen,ggreenwald,31,True
17977,Tweet,rondakaysen,PerriKlass,24,True
17972,Tweet,rondakaysen,alexbellos,182,False
17943,Tweet,rondakaysen,PerriKlass,17,True
17982,Tweet,rondakaysen,ThevarSteffy,10,True
17965,Tweet,rondakaysen,oliverburkeman,88,False
17989,Tweet,rondakaysen,rjadHinduBL,149,False
17969,Tweet,rondakaysen,ThevarSteffy,19,True
17983,Tweet,rondakaysen,wesley_morris,17,True
17949,Tweet,rondakaysen,jorifinkel,19,True
17923,Tweet,rondakaysen,CarolineLucas,73,False
17904,Tweet,rondakaysen,jhoffman,28,True
17910,Tweet,rondakaysen,mtomasky,35,False
5650,Article,DanBilefsky,domphillips,51,False
5629,Article,DanBilefsky,pete_wells,13,True
5648,Article,DanBilefsky,pete_wells,96,False
5617,Article,DanBilefsky,Azi,149,False
5612,Article,DanBilefsky,joecoscarelli,206,False
5651,Article,DanBilefsky,CarolineLucas,197,False
5678,Article,DanBilefsky,NikiKitsantonis,81,False
5630,Article,DanBilefsky,PatrickKingsley,6,True
5680,Article,DanBilefsky,stevenerlanger,5,True
5660,Article,DanBilefsky,omjasvinTOI,7,True
5613,Article,DanBilefsky,samrob12,219,False
5604,Article,DanBilefsky,vwang3,11,True
5619,Article,DanBilefsky,smervosh,67,False
5684,Article,DanBilefsky,PatrickKingsley,17,True
5682,Article,DanBilefsky,amitanandTOI,55,False
5770,Tweet,DanBilefsky,toi_dhananjayM,33,False
5754,Tweet,DanBilefsky,LeoHickman,340,False
5782,Tweet,DanBilefsky,we_are_food,12,True
5778,Tweet,DanBilefsky,richardwolffedc,186,False
5797,Tweet,DanBilefsky,LucyMangan,22,True
5744,Tweet,DanBilefsky,LeoHickman,6,True
5791,Tweet,DanBilefsky,lisamonteiroTOI,216,False
5743,Tweet,DanBilefsky,rebeccaSTOI,197,False
5793,Tweet,DanBilefsky,lucysiegle,46,False
5713,Tweet,DanBilefsky,hugolowell,59,False
5750,Tweet,DanBilefsky,declanwalsh,54,False
5712,Tweet,DanBilefsky,samsifton,22,True
5724,Tweet,DanBilefsky,RosySequeiraTOI,202,False
5775,Tweet,DanBilefsky,vijayVsinghTOI,43,False
5786,Tweet,DanBilefsky,genznyt,29,True
27260,Article,kannoyoungs,viasimonromero,12,True
27209,Article,kannoyoungs,Bencjacobs,21,True
27222,Article,kannoyoungs,tripgabriel,31,True
27273,Article,kannoyoungs,declanwalsh,155,False
27298,Article,kannoyoungs,seaningle,39,False
27297,Article,kannoyoungs,NeilMacFarquhar,10,True
27257,Article,kannoyoungs,philipoltermann,20,True
27210,Article,kannoyoungs,Crime_Selvaraj,103,False
27213,Article,kannoyoungs,reidepstein,5,True
27254,Article,kannoyoungs,BawaNaaved,15,True
27206,Article,kannoyoungs,LizAldermanNYT,56,False
27279,Article,kannoyoungs,hugolowell,4,True
27219,Article,kannoyoungs,PatriciaMazzei,8,True
27227,Article,kannoyoungs,KapildaveTOI,17,True
27214,Article,kannoyoungs,sangerkatz,7,True
27334,Tweet,kannoyoungs,KapildaveTOI,38,False
27305,Tweet,kannoyoungs,GovindKMaadTOI,20,True
27394,Tweet,kannoyoungs,andybrassell,422,False
27335,Tweet,kannoyoungs,seaningle,205,False
27300,Tweet,kannoyoungs,hugolowell,27,True
27379,Tweet,kannoyoungs,ggreenwald,29,True
27368,Tweet,kannoyoungs,michelleinbklyn,79,False
27382,Tweet,kannoyoungs,Bencjacobs,32,True
27349,Tweet,kannoyoungs,MarinaOLoughlin,433,False
27320,Tweet,kannoyoungs,attackerman,87,False
27370,Tweet,kannoyoungs,mikeives,26,True
27376,Tweet,kannoyoungs,hugolowell,90,False
27383,Tweet,kannoyoungs,lukeharding1968,374,False
27306,Tweet,kannoyoungs,BawaNaaved,30,True
27328,Tweet,kannoyoungs,payaldhawanTOI,81,False
176903,Article,Banjotkaur,toi_dhananjayM,15,True
176795,Article,Banjotkaur,ajaykanth7,14,True
176983,Article,Banjotkaur,mateenHTOI,31,True
176956,Article,Banjotkaur,Rupalijee,22,True
176777,Article,Banjotkaur,DekaJayanta,5,True
176772,Article,Banjotkaur,Crime_Selvaraj,10,True
176810,Article,Banjotkaur,ThevarSteffy,2,True
176976,Article,Banjotkaur,HemantaTOI,20,True
176782,Article,Banjotkaur,KateEMcCann,73,False
176812,Article,Banjotkaur,yazhiniyanTOI,55,False
176827,Article,Banjotkaur,andrewrsorkin,65,False
176938,Article,Banjotkaur,ThevarSteffy,42,False
176992,Article,Banjotkaur,Arun_Ram,29,True
176923,Article,Banjotkaur,sandhyanairTOI,9,True
176977,Article,Banjotkaur,rashmidTOI,39,False
177025,Tweet,Banjotkaur,MonaChalabi,53,False
177027,Tweet,Banjotkaur,nandinisgTOI,67,False
177038,Tweet,Banjotkaur,SwatiShindeTOI,41,False
177015,Tweet,Banjotkaur,ajaykanth7,40,False
177089,Tweet,Banjotkaur,SwatiMathurTOI,79,False
177053,Tweet,Banjotkaur,pradeepjourno,32,True
177077,Tweet,Banjotkaur,advityabahlTOI,129,False
177058,Tweet,Banjotkaur,SyedAkbarTOI,74,False
177019,Tweet,Banjotkaur,kush_junglee,55,False
177051,Tweet,Banjotkaur,ChaitanyadTOI,15,True
177050,Tweet,Banjotkaur,BawaNaaved,42,False
177026,Tweet,Banjotkaur,Pratiks_TOI,54,False
177028,Tweet,Banjotkaur,sandhyanairTOI,25,True
177056,Tweet,Banjotkaur,MohitaTOI,7,True
177060,Tweet,Banjotkaur,27saurabhsinha,106,False
17046,Article,RaphaelMinder,PatrickKingsley,24,True
17002,Article,RaphaelMinder,KeithBradsher,24,True
17075,Article,RaphaelMinder,ElisabethMalkin,42,False
17026,Article,RaphaelMinder,davidleighx,13,True
17073,Article,RaphaelMinder,saumyajitbTOI,13,True
17093,Article,RaphaelMinder,declanwalsh,20,True
17027,Article,RaphaelMinder,NikiKitsantonis,29,True
17022,Article,RaphaelMinder,FrankBruni,33,False
17007,Article,RaphaelMinder,NYTimesCohen,18,True
17098,Article,RaphaelMinder,SribaalaVTOI,13,True
17070,Article,RaphaelMinder,declanwalsh,20,True
17032,Article,RaphaelMinder,AlokKNMishra,18,True
17067,Article,RaphaelMinder,viasimonromero,11,True
17077,Article,RaphaelMinder,SidharthB25,48,False
17031,Article,RaphaelMinder,michelleinbklyn,78,False
17156,Tweet,RaphaelMinder,anandbodhTOI,40,False
17155,Tweet,RaphaelMinder,jfordham_jazz,40,False
17170,Tweet,RaphaelMinder,thestephmerritt,28,True
17109,Tweet,RaphaelMinder,HemantaTOI,20,True
17110,Tweet,RaphaelMinder,pete_wells,15,True
17136,Tweet,RaphaelMinder,Rupalijee,31,True
17166,Tweet,RaphaelMinder,AnujaJaiswalTOI,122,False
17198,Tweet,RaphaelMinder,ajaysuraTOI,21,True
17197,Tweet,RaphaelMinder,jhoffman,52,False
17118,Tweet,RaphaelMinder,OfficeGSBrown,19,True
17112,Tweet,RaphaelMinder,leninology,26,True
17100,Tweet,RaphaelMinder,toi_rohanA,16,True
17140,Tweet,RaphaelMinder,vijaysinghTOI,124,False
17182,Tweet,RaphaelMinder,parul_sehgal,3,True
17114,Tweet,RaphaelMinder,ajaysuraTOI,28,True
29607,Article,EmilyAnthes,Markbeaumontuk,43,False
29685,Article,EmilyAnthes,DSlotnik,14,True
29606,Article,EmilyAnthes,llerer,32,True
29666,Article,EmilyAnthes,jonronson,116,False
29619,Article,EmilyAnthes,jimtankersley,36,False
29636,Article,EmilyAnthes,bindiyachariTOI,136,False
29684,Article,EmilyAnthes,wesley_morris,70,False
29627,Article,EmilyAnthes,JessicaValenti,76,False
29655,Article,EmilyAnthes,SumitraDebRoy,160,False
29688,Article,EmilyAnthes,ASoloski,21,True
29692,Article,EmilyAnthes,NishikantkTOI,7,True
29623,Article,EmilyAnthes,Rupalijee,9,True
29602,Article,EmilyAnthes,nytDeniseGrady,2,True
29635,Article,EmilyAnthes,llerer,9,True
29618,Article,EmilyAnthes,llerer,144,False
29702,Tweet,EmilyAnthes,kylebuchanan,19,True
29706,Tweet,EmilyAnthes,ChaitanyadTOI,28,True
29745,Tweet,EmilyAnthes,LeoHickman,54,False
29769,Tweet,EmilyAnthes,bylizrobbins,26,True
29710,Tweet,EmilyAnthes,SocialQPhilip,5,True
29716,Tweet,EmilyAnthes,AlysFowler,125,False
29759,Tweet,EmilyAnthes,sermoninstone,11,True
29750,Tweet,EmilyAnthes,aditya_bh16,110,False
29703,Tweet,EmilyAnthes,PNaveenTOI,19,True
29718,Tweet,EmilyAnthes,richardwolffedc,13,True
29725,Tweet,EmilyAnthes,AraniBasuTOI,224,False
29717,Tweet,EmilyAnthes,martcrossy,152,False
29795,Tweet,EmilyAnthes,mtomasky,179,False
29787,Tweet,EmilyAnthes,cdcaron,17,True
29720,Tweet,EmilyAnthes,jorifinkel,15,True
15684,Article,nytdavidbrooks,sarahlyall,25,True
15670,Article,nytdavidbrooks,jbouie,16,True
15689,Article,nytdavidbrooks,marcatracy,16,True
15630,Article,nytdavidbrooks,LizAldermanNYT,57,False
15629,Article,nytdavidbrooks,samsifton,30,True
15631,Article,nytdavidbrooks,IKershner,20,True
15681,Article,nytdavidbrooks,kbennhold,62,False
15626,Article,nytdavidbrooks,NilsPratley,20,True
15661,Article,nytdavidbrooks,anniekarni,27,True
15682,Article,nytdavidbrooks,rondakaysen,9,True
15673,Article,nytdavidbrooks,IKershner,26,True
15615,Article,nytdavidbrooks,kbennhold,21,True
15657,Article,nytdavidbrooks,adamliptak,38,False
15665,Article,nytdavidbrooks,andrewrsorkin,30,True
15677,Article,nytdavidbrooks,parthasinha,23,True
15708,Tweet,nytdavidbrooks,paulmasonnews,24,True
15753,Tweet,nytdavidbrooks,williamnhutton,129,False
15774,Tweet,nytdavidbrooks,john_hooper,39,False
15714,Tweet,nytdavidbrooks,NYTimesCohen,21,True
15766,Tweet,nytdavidbrooks,joecoscarelli,17,True
15790,Tweet,nytdavidbrooks,jillfilipovic,21,True
15725,Tweet,nytdavidbrooks,CarolineLucas,72,False
15731,Tweet,nytdavidbrooks,mikeives,35,False
15778,Tweet,nytdavidbrooks,paulmasonnews,25,True
15756,Tweet,nytdavidbrooks,smita_mishra,56,False
15739,Tweet,nytdavidbrooks,philipoltermann,70,False
15773,Tweet,nytdavidbrooks,stevenpoole,24,True
15788,Tweet,nytdavidbrooks,SyedAkbarTOI,34,False
15705,Tweet,nytdavidbrooks,RBReich,28,True
15734,Tweet,nytdavidbrooks,oliverburkeman,23,True
184159,Article,GovindKMaadTOI,DouthatNYT,88,False
184106,Article,GovindKMaadTOI,bencasselman,173,False
184197,Article,GovindKMaadTOI,ByMattStevens,249,False
184230,Article,GovindKMaadTOI,TOISH31,68,False
184187,Article,GovindKMaadTOI,jameskanter,85,False
184151,Article,GovindKMaadTOI,jameskanter,117,False
184047,Article,GovindKMaadTOI,ajaykanth7,140,False
184023,Article,GovindKMaadTOI,TOISH31,4,True
184119,Article,GovindKMaadTOI,AlokKNMishra,34,False
184144,Article,GovindKMaadTOI,apoorva_nyc,39,False
184209,Article,GovindKMaadTOI,sandhyanairTOI,148,False
184129,Article,GovindKMaadTOI,domphillips,233,False
184078,Article,GovindKMaadTOI,jameskanter,75,False
184037,Article,GovindKMaadTOI,ThevarSteffy,14,True
184172,Article,GovindKMaadTOI,KomalGautham,10,True
184340,Tweet,GovindKMaadTOI,Pratiks_TOI,21,True
184313,Tweet,GovindKMaadTOI,PNaveenTOI,182,False
184345,Tweet,GovindKMaadTOI,vijayVsinghTOI,112,False
184317,Tweet,GovindKMaadTOI,lucysiegle,121,False
184338,Tweet,GovindKMaadTOI,sushmi_dey,71,False
184356,Tweet,GovindKMaadTOI,murarishetye,6,True
184310,Tweet,GovindKMaadTOI,KomalGautham,44,False
184335,Tweet,GovindKMaadTOI,alexvtunzelmann,246,False
184321,Tweet,GovindKMaadTOI,SyedAkbarTOI,6,True
184329,Tweet,GovindKMaadTOI,utejonmayamTOI,22,True
184307,Tweet,GovindKMaadTOI,vijaysinghTOI,54,False
184339,Tweet,GovindKMaadTOI,toi_dhananjayM,257,False
184341,Tweet,GovindKMaadTOI,neelam_raaj,9,True
184347,Tweet,GovindKMaadTOI,aleksk,429,False
184283,Tweet,GovindKMaadTOI,HemantaTOI,8,True
201152,Article,PhanindraP_TNIE,Crime_Selvaraj,19,True
201191,Article,PhanindraP_TNIE,bindiyachariTOI,19,True
201254,Article,PhanindraP_TNIE,sandhyanairTOI,43,False
201232,Article,PhanindraP_TNIE,jameskanter,101,False
201194,Article,PhanindraP_TNIE,AmritadTOI,18,True
201229,Article,PhanindraP_TNIE,bindiyachariTOI,34,False
201141,Article,PhanindraP_TNIE,AmritadTOI,19,True
201199,Article,PhanindraP_TNIE,PatrickKingsley,141,False
201164,Article,PhanindraP_TNIE,NilsPratley,4,True
201233,Article,PhanindraP_TNIE,AmritadTOI,44,False
201253,Article,PhanindraP_TNIE,ajaykanth7,22,True
201151,Article,PhanindraP_TNIE,dklavaniaTOI,23,True
201183,Article,PhanindraP_TNIE,Crime_Selvaraj,6,True
201133,Article,PhanindraP_TNIE,NikiKitsantonis,4,True
201222,Article,PhanindraP_TNIE,AnushkaAsthana,5,True
201317,Tweet,PhanindraP_TNIE,binays1960,296,False
201269,Tweet,PhanindraP_TNIE,andybrassell,172,False
201263,Tweet,PhanindraP_TNIE,manvirsainiTOI,51,False
201259,Tweet,PhanindraP_TNIE,MoharBasu,161,False
201275,Tweet,PhanindraP_TNIE,smita_mishra,171,False
201291,Tweet,PhanindraP_TNIE,kush_junglee,3,True
201272,Tweet,PhanindraP_TNIE,meeravohraTOI,128,False
201300,Tweet,PhanindraP_TNIE,nauzerbTOI,75,False
201292,Tweet,PhanindraP_TNIE,utejonmayamTOI,5,True
201283,Tweet,PhanindraP_TNIE,sermoninstone,59,False
201286,Tweet,PhanindraP_TNIE,hugolowell,136,False
201301,Tweet,PhanindraP_TNIE,MarcusMergulhao,73,False
201280,Tweet,PhanindraP_TNIE,PhanindraP_TNIE,1,True
201307,Tweet,PhanindraP_TNIE,priyangiTOI,26,True
201279,Tweet,PhanindraP_TNIE,manvirsainiTOI,40,False
26467,Article,michaelcrowley,AtulMathur_,20,True
26411,Article,michaelcrowley,AtulMathur_,21,True
26433,Article,michaelcrowley,farnazfassihi,28,True
26461,Article,michaelcrowley,NYTBen,11,True
26407,Article,michaelcrowley,amitanandTOI,18,True
26409,Article,michaelcrowley,billywitz,6,True
26405,Article,michaelcrowley,IKershner,11,True
26421,Article,michaelcrowley,akhileshsTOI,10,True
26423,Article,michaelcrowley,007pandey,11,True
26434,Article,michaelcrowley,KapildaveTOI,26,True
26424,Article,michaelcrowley,marywalshjourno,21,True
26455,Article,michaelcrowley,BawaNaaved,30,True
26417,Article,michaelcrowley,charlie_savage,10,True
26408,Article,michaelcrowley,lukebroadwater,45,False
26426,Article,michaelcrowley,ESCochrane,11,True
26592,Tweet,michaelcrowley,rashmidTOI,22,True
26597,Tweet,michaelcrowley,rondakaysen,324,False
26589,Tweet,michaelcrowley,jackschofield,447,False
26515,Tweet,michaelcrowley,mtomasky,61,False
26586,Tweet,michaelcrowley,yeshikabudhwar,119,False
26504,Tweet,michaelcrowley,nauzerbTOI,57,False
26505,Tweet,michaelcrowley,Chethan_Dash,149,False
26527,Tweet,michaelcrowley,mtomasky,180,False
26578,Tweet,michaelcrowley,27saurabhsinha,24,True
26579,Tweet,michaelcrowley,MattFutterman,472,False
26583,Tweet,michaelcrowley,yeshikabudhwar,27,True
26539,Tweet,michaelcrowley,philipoltermann,21,True
26573,Tweet,michaelcrowley,SangerNYT,2,True
26584,Tweet,michaelcrowley,murarishetye,24,True
26598,Tweet,michaelcrowley,Gauraw2297,72,False
14230,Article,mlevenson,andrewrsorkin,88,False
14273,Article,mlevenson,NickAtNews,13,True
14259,Article,mlevenson,BellaKwai,67,False
14290,Article,mlevenson,NYTimesCohen,111,False
14268,Article,mlevenson,BenWeiserNYT,3,True
14288,Article,mlevenson,hadleyfreeman,198,False
14236,Article,mlevenson,DSlotnik,25,True
14208,Article,mlevenson,Shilarze_SSR,55,False
14210,Article,mlevenson,KTVinobhaTOI,88,False
14248,Article,mlevenson,nytdavidbrooks,65,False
14238,Article,mlevenson,AtulMathur_,51,False
14286,Article,mlevenson,JessicaValenti,38,False
14232,Article,mlevenson,KTVinobhaTOI,178,False
14203,Article,mlevenson,kannoyoungs,69,False
14242,Article,mlevenson,SocialQPhilip,49,False
14349,Tweet,mlevenson,priyagupta999,10,True
14331,Tweet,mlevenson,alanfeuer,14,True
14335,Tweet,mlevenson,utejonmayamTOI,24,True
14316,Tweet,mlevenson,attackerman,85,False
14329,Tweet,mlevenson,durgeshjhaTOI,66,False
14307,Tweet,mlevenson,RosySequeiraTOI,121,False
14389,Tweet,mlevenson,juliemTOI,192,False
14398,Tweet,mlevenson,sandhyanairTOI,176,False
14395,Tweet,mlevenson,RBReich,53,False
14310,Tweet,mlevenson,ggreenwald,50,False
14380,Tweet,mlevenson,rpogrebin,9,True
14375,Tweet,mlevenson,jillfilipovic,17,True
14323,Tweet,mlevenson,murarishetye,11,True
14315,Tweet,mlevenson,IpsitaTOI,33,False
14317,Tweet,mlevenson,anandbodhTOI,109,False
13613,Article,MichaelPaulson,AshokPradhanTOI,47,False
13681,Article,MichaelPaulson,007pandey,64,False
13622,Article,MichaelPaulson,alexmarshall81,128,False
13639,Article,MichaelPaulson,AshokPradhanTOI,18,True
13610,Article,MichaelPaulson,kbennhold,28,True
13617,Article,MichaelPaulson,williamkeegan,38,False
13659,Article,MichaelPaulson,anandbodhTOI,142,False
13645,Article,MichaelPaulson,KapildaveTOI,9,True
13623,Article,MichaelPaulson,vivek9301,58,False
13677,Article,MichaelPaulson,SocialQPhilip,3,True
13605,Article,MichaelPaulson,kbennhold,4,True
13674,Article,MichaelPaulson,nytDeniseGrady,17,True
13606,Article,MichaelPaulson,jayrayner1,165,False
13658,Article,MichaelPaulson,SumitraDebRoy,292,False
13646,Article,MichaelPaulson,RebeccaSeal,39,False
13751,Tweet,MichaelPaulson,journo_vibha,15,True
13746,Tweet,MichaelPaulson,debaratisen,5,True
13729,Tweet,MichaelPaulson,AjayUgrasTOI,158,False
13787,Tweet,MichaelPaulson,melissaclark,20,True
13771,Tweet,MichaelPaulson,RorySmith,207,False
13737,Tweet,MichaelPaulson,rachlharris,17,True
13777,Tweet,MichaelPaulson,ThevarSteffy,27,True
13708,Tweet,MichaelPaulson,hugolowell,27,True
13793,Tweet,MichaelPaulson,RorySmith,189,False
13786,Tweet,MichaelPaulson,kbennhold,19,True
13721,Tweet,MichaelPaulson,payaldhawanTOI,7,True
13795,Tweet,MichaelPaulson,AjayUgrasTOI,27,True
13752,Tweet,MichaelPaulson,SarahMaslinNir,7,True
13753,Tweet,MichaelPaulson,AjayUgrasTOI,29,True
13766,Tweet,MichaelPaulson,lukeharding1968,30,True
30235,Article,smervosh,adamliptak,21,True
30239,Article,smervosh,SarahMaslinNir,90,False
30290,Article,smervosh,Bencjacobs,11,True
30284,Article,smervosh,marcatracy,35,False
30250,Article,smervosh,KapildaveTOI,73,False
30258,Article,smervosh,kannoyoungs,19,True
30202,Article,smervosh,Azi,35,False
30207,Article,smervosh,mateenHTOI,453,False
30221,Article,smervosh,paulmasonnews,45,False
30274,Article,smervosh,LizAldermanNYT,21,True
30276,Article,smervosh,marywalshjourno,10,True
30246,Article,smervosh,hillhulse,41,False
30252,Article,smervosh,anandbodhTOI,110,False
30222,Article,smervosh,rpogrebin,105,False
30209,Article,smervosh,attackerman,39,False
30339,Tweet,smervosh,Bencjacobs,49,False
30397,Tweet,smervosh,LauraCummingArt,111,False
30324,Tweet,smervosh,SagrikaKissu,147,False
30385,Tweet,smervosh,JoshuaRozenberg,27,True
30371,Tweet,smervosh,marthakelner,23,True
30302,Tweet,smervosh,Azi,80,False
30354,Tweet,smervosh,KomalGautham,79,False
30309,Tweet,smervosh,jbouie,27,True
30319,Tweet,smervosh,aniljdias,34,False
30395,Tweet,smervosh,smervosh,1,True
30343,Tweet,smervosh,lucywardsings,153,False
30373,Tweet,smervosh,rhymetraveller,417,False
30356,Tweet,smervosh,abhishekTWEETS7,225,False
30327,Tweet,smervosh,mtomasky,39,False
30380,Tweet,smervosh,journo_vibha,27,True
181457,Article,divyadubey_,EmmaBubola,23,True
181512,Article,divyadubey_,nytDeniseGrady,71,False
181444,Article,divyadubey_,KanwardeepsTOI,104,False
181459,Article,divyadubey_,GovindKMaadTOI,112,False
181507,Article,divyadubey_,gmorgenson,7,True
181466,Article,divyadubey_,GeorgeMonbiot,79,False
181469,Article,divyadubey_,PjJoychen,29,True
181447,Article,divyadubey_,melissaclark,49,False
181478,Article,divyadubey_,niyatiparikhTOI,14,True
181504,Article,divyadubey_,dkarthikTOI,78,False
181476,Article,divyadubey_,rjadHinduBL,15,True
181500,Article,divyadubey_,anandbodhTOI,10,True
181489,Article,divyadubey_,niyatiparikhTOI,64,False
181462,Article,divyadubey_,rajatpTOI,5,True
181505,Article,divyadubey_,007pandey,72,False
181553,Tweet,divyadubey_,vivek9301,24,True
181590,Tweet,divyadubey_,patrickwintour,203,False
181582,Tweet,divyadubey_,vijaypTOI,23,True
181557,Tweet,divyadubey_,nandinisgTOI,62,False
181575,Tweet,divyadubey_,HemantaTOI,74,False
181570,Tweet,divyadubey_,KTVinobhaTOI,72,False
181604,Tweet,divyadubey_,AtulMathur_,43,False
181542,Tweet,divyadubey_,binays1960,57,False
181538,Tweet,divyadubey_,palaknandiTOI,106,False
181566,Tweet,divyadubey_,bglendenning,24,True
181600,Tweet,divyadubey_,jatinder_tur,42,False
181560,Tweet,divyadubey_,umamahesh_ToI,50,False
181610,Tweet,divyadubey_,vivek9301,29,True
181565,Tweet,divyadubey_,meeravohraTOI,12,True
181568,Tweet,divyadubey_,ChuBailiang,215,False
25687,Article,farnazfassihi,murarishetyeTOI,12,True
25694,Article,farnazfassihi,NikiKitsantonis,9,True
25661,Article,farnazfassihi,NeilMacFarquhar,15,True
25617,Article,farnazfassihi,SyedAkbarTOI,11,True
25638,Article,farnazfassihi,marywalshjourno,2,True
25676,Article,farnazfassihi,leninology,9,True
25651,Article,farnazfassihi,AlokKNMishra,26,True
25672,Article,farnazfassihi,PatrickKingsley,6,True
25662,Article,farnazfassihi,hugolowell,74,False
25648,Article,farnazfassihi,bindiyachariTOI,18,True
25650,Article,farnazfassihi,NeilMacFarquhar,9,True
25680,Article,farnazfassihi,Crime_Selvaraj,18,True
25637,Article,farnazfassihi,Gauraw2297,25,True
25626,Article,farnazfassihi,NeilMacFarquhar,6,True
25605,Article,farnazfassihi,NeilMacFarquhar,22,True
25731,Tweet,farnazfassihi,MichaelPaulson,147,False
25748,Tweet,farnazfassihi,mtomasky,56,False
25715,Tweet,farnazfassihi,kumaraswamykTOI,68,False
25758,Tweet,farnazfassihi,vijaypTOI,126,False
25749,Tweet,farnazfassihi,FranklinBlog,207,False
25792,Tweet,farnazfassihi,SocialQPhilip,147,False
25734,Tweet,farnazfassihi,PatrickKingsley,17,True
25711,Tweet,farnazfassihi,jhoffman,126,False
25751,Tweet,farnazfassihi,SribaalaVTOI,23,True
25793,Tweet,farnazfassihi,mswainwright,333,False
25778,Tweet,farnazfassihi,ChuBailiang,13,True
25724,Tweet,farnazfassihi,parul_sehgal,52,False
25717,Tweet,farnazfassihi,toi_rohanA,80,False
25770,Tweet,farnazfassihi,jorifinkel,132,False
25740,Tweet,farnazfassihi,VivianHo,121,False
173254,Article,AniltheMatrix,AlokKNMishra,33,False
173138,Article,AniltheMatrix,gmorgenson,8,True
173331,Article,AniltheMatrix,AlokKNMishra,32,True
173177,Article,AniltheMatrix,Crime_Selvaraj,195,False
173248,Article,AniltheMatrix,KapildaveTOI,14,True
173237,Article,AniltheMatrix,akhileshsTOI,27,True
173346,Article,AniltheMatrix,toi_dhananjayM,91,False
173333,Article,AniltheMatrix,NilsPratley,105,False
173232,Article,AniltheMatrix,petleepeter,32,True
173242,Article,AniltheMatrix,akhileshsTOI,47,False
173348,Article,AniltheMatrix,tarasbernard,16,True
173221,Article,AniltheMatrix,ajaysuraTOI,89,False
173302,Article,AniltheMatrix,toi_dhananjayM,60,False
173328,Article,AniltheMatrix,SindhukTOI,29,True
173293,Article,AniltheMatrix,ipsinghTOI,29,True
173399,Tweet,AniltheMatrix,adwaidh,29,True
173430,Tweet,AniltheMatrix,kush_junglee,25,True
173442,Tweet,AniltheMatrix,Arun_Ram,23,True
173456,Tweet,AniltheMatrix,kumaraswamykTOI,11,True
173374,Tweet,AniltheMatrix,adwaidh,27,True
173412,Tweet,AniltheMatrix,aditya_bh16,25,True
173382,Tweet,AniltheMatrix,jillfilipovic,25,True
173390,Tweet,AniltheMatrix,Shrivathsan1437,30,True
173395,Tweet,AniltheMatrix,Mahafreed_Irani,89,False
173406,Tweet,AniltheMatrix,sudhanshub16,22,True
173462,Tweet,AniltheMatrix,jackschofield,147,False
173398,Tweet,AniltheMatrix,JoshuaRozenberg,63,False
173383,Tweet,AniltheMatrix,kumaraswamykTOI,23,True
173376,Tweet,AniltheMatrix,Pratiks_TOI,30,True
173464,Tweet,AniltheMatrix,saumyajitbTOI,211,False
1230,Article,anniekarni,LizAldermanNYT,17,True
1270,Article,anniekarni,AtulMathur_,30,True
1299,Article,anniekarni,PatriciaMazzei,34,False
1206,Article,anniekarni,SocialQPhilip,22,True
1252,Article,anniekarni,tariqpanja,6,True
1282,Article,anniekarni,bencasselman,27,True
1234,Article,anniekarni,advityabahlTOI,290,False
1205,Article,anniekarni,alexanderburns,25,True
1274,Article,anniekarni,noamscheiber,121,False
1286,Article,anniekarni,kannoyoungs,10,True
1227,Article,anniekarni,LizAldermanNYT,10,True
1228,Article,anniekarni,IKershner,21,True
1201,Article,anniekarni,kbennhold,40,False
1261,Article,anniekarni,RBReich,17,True
1283,Article,anniekarni,MKSinghGkp,187,False
1392,Tweet,anniekarni,KapildaveTOI,8,True
1360,Tweet,anniekarni,liamstack,11,True
1325,Tweet,anniekarni,LeoHickman,221,False
1331,Tweet,anniekarni,ggreenwald,15,True
1312,Tweet,anniekarni,vaibhavgTOI,8,True
1370,Tweet,anniekarni,jillfilipovic,16,True
1310,Tweet,anniekarni,hugolowell,21,True
1379,Tweet,anniekarni,jbouie,9,True
1313,Tweet,anniekarni,mtomasky,14,True
1301,Tweet,anniekarni,Bencjacobs,14,True
1386,Tweet,anniekarni,Azi,4,True
1302,Tweet,anniekarni,hugolowell,22,True
1362,Tweet,anniekarni,NewtonSTOI,272,False
1358,Tweet,anniekarni,kenvogel,3,True
1359,Tweet,anniekarni,rpogrebin,11,True
189341,Article,KomalGautham,AjayUgrasTOI,16,True
189293,Article,KomalGautham,sushmi_dey,26,True
189414,Article,KomalGautham,SagrikaKissu,32,True
189353,Article,KomalGautham,Crime_Selvaraj,7,True
189487,Article,KomalGautham,gettleman,47,False
189384,Article,KomalGautham,ajaykanth7,50,False
189278,Article,KomalGautham,bindiyachariTOI,6,True
189333,Article,KomalGautham,toi_dhananjayM,14,True
189325,Article,KomalGautham,maheshbTOI,30,True
189286,Article,KomalGautham,PrashantrTOI,10,True
189403,Article,KomalGautham,Crime_Selvaraj,20,True
189312,Article,KomalGautham,saumyajitbTOI,16,True
189405,Article,KomalGautham,ChuBailiang,12,True
189404,Article,KomalGautham,davidleighx,15,True
189454,Article,KomalGautham,LizAldermanNYT,25,True
189534,Tweet,KomalGautham,manvirsainiTOI,50,False
189597,Tweet,KomalGautham,sudeshnagTOI,9,True
189603,Tweet,KomalGautham,pradeepjourno,40,False
189583,Tweet,KomalGautham,utejonmayamTOI,11,True
189535,Tweet,KomalGautham,priyagupta999,4,True
189608,Tweet,KomalGautham,saumyajitbTOI,33,False
189576,Tweet,KomalGautham,rpogrebin,320,False
189520,Tweet,KomalGautham,vijaysinghTOI,103,False
189582,Tweet,KomalGautham,vanbadham,170,False
189538,Tweet,KomalGautham,priyagupta999,31,True
189568,Tweet,KomalGautham,ollywainwright,131,False
189604,Tweet,KomalGautham,patrickwintour,362,False
189559,Tweet,KomalGautham,pradeeptTOI,50,False
189600,Tweet,KomalGautham,tomdyckhoff,95,False
189617,Tweet,KomalGautham,omjasvinTOI,67,False
204287,Article,rajatpTOI,dipakdashTOI,21,True
204444,Article,rajatpTOI,patrickwintour,5,True
204303,Article,rajatpTOI,julianbarnes,6,True
204255,Article,rajatpTOI,ipsinghTOI,14,True
204401,Article,rajatpTOI,dipakdashTOI,11,True
204382,Article,rajatpTOI,jameskanter,19,True
204393,Article,rajatpTOI,dipakdashTOI,15,True
204398,Article,rajatpTOI,toi_dhananjayM,4,True
204308,Article,rajatpTOI,naomi2009,11,True
204399,Article,rajatpTOI,niyatiparikhTOI,18,True
204370,Article,rajatpTOI,PrashantrTOI,15,True
204386,Article,rajatpTOI,ChuBailiang,23,True
204414,Article,rajatpTOI,petleepeter,11,True
204332,Article,rajatpTOI,dipakdashTOI,20,True
204292,Article,rajatpTOI,dipakdashTOI,20,True
204566,Tweet,rajatpTOI,psangeetha2112,188,False
204516,Tweet,rajatpTOI,vijaysinghTOI,29,True
204564,Tweet,rajatpTOI,Mahafreed_Irani,72,False
204536,Tweet,rajatpTOI,AraniBasuTOI,113,False
204571,Tweet,rajatpTOI,alexvtunzelmann,394,False
204504,Tweet,rajatpTOI,SyedAkbarTOI,23,True
204553,Tweet,rajatpTOI,ChaitanyadTOI,34,False
204578,Tweet,rajatpTOI,polblonde,365,False
204584,Tweet,rajatpTOI,utejonmayamTOI,16,True
204588,Tweet,rajatpTOI,bishnoiarvind11,2,True
204502,Tweet,rajatpTOI,Arun_Ram,11,True
204562,Tweet,rajatpTOI,Shreyanka_M,71,False
204558,Tweet,rajatpTOI,anandbodhTOI,7,True
204518,Tweet,rajatpTOI,SribaalaVTOI,88,False
204590,Tweet,rajatpTOI,debaratisen,250,False
218335,Article,tushhaikhush,SangerNYT,294,False
218555,Article,tushhaikhush,sarahlyall,370,False
218353,Article,tushhaikhush,AniltheMatrix,121,False
218417,Article,tushhaikhush,jameskanter,41,False
218535,Article,tushhaikhush,SribaalaVTOI,36,False
218512,Article,tushhaikhush,RorySmith,17,True
218375,Article,tushhaikhush,bykaren,116,False
218336,Article,tushhaikhush,andrewrsorkin,20,True
218398,Article,tushhaikhush,minatisinghaTOI,35,False
218360,Article,tushhaikhush,palaknandiTOI,28,True
218527,Article,tushhaikhush,AniltheMatrix,211,False
218443,Article,tushhaikhush,jbouie,98,False
218355,Article,tushhaikhush,ThevarSteffy,178,False
218567,Article,tushhaikhush,philipoltermann,109,False
218504,Article,tushhaikhush,naomi2009,155,False
218667,Tweet,tushhaikhush,edvulliamy,91,False
218648,Tweet,tushhaikhush,manujaveerappa,26,True
218662,Tweet,tushhaikhush,VivianHo,31,True
218675,Tweet,tushhaikhush,NYTimesCohen,161,False
218669,Tweet,tushhaikhush,parul_sehgal,114,False
218597,Tweet,tushhaikhush,greenslader,459,False
218647,Tweet,tushhaikhush,LauraCummingArt,31,True
218679,Tweet,tushhaikhush,debaratisen,19,True
218677,Tweet,tushhaikhush,aditya_bh16,13,True
218658,Tweet,tushhaikhush,LauraCummingArt,26,True
218588,Tweet,tushhaikhush,adwaidh,19,True
218678,Tweet,tushhaikhush,MarcusMergulhao,24,True
218664,Tweet,tushhaikhush,neelam_raaj,126,False
218629,Tweet,tushhaikhush,aditya_bh16,12,True
218593,Tweet,tushhaikhush,toi_ManujaV,26,True
210192,Article,Shilarze_SSR,seaningle,36,False
210128,Article,Shilarze_SSR,SyedAkbarTOI,27,True
210253,Article,Shilarze_SSR,FranklinBlog,18,True
210146,Article,Shilarze_SSR,ChuBailiang,145,False
210267,Article,Shilarze_SSR,DanielKingChess,12,True
210169,Article,Shilarze_SSR,vivek9301,26,True
210195,Article,Shilarze_SSR,SunilSubaiah,31,True
210119,Article,Shilarze_SSR,akhileshsTOI,50,False
210122,Article,Shilarze_SSR,SyedAkbarTOI,25,True
210074,Article,Shilarze_SSR,naomi2009,52,False
210193,Article,Shilarze_SSR,bykaren,51,False
210095,Article,Shilarze_SSR,BellaKwai,26,True
210091,Article,Shilarze_SSR,TOISH31,16,True
210083,Article,Shilarze_SSR,SyedAkbarTOI,29,True
210072,Article,Shilarze_SSR,TanyaGold1,23,True
210356,Tweet,Shilarze_SSR,ewong,87,False
210366,Tweet,Shilarze_SSR,toi_rohanA,38,False
210338,Tweet,Shilarze_SSR,saumyajitbTOI,18,True
210299,Tweet,Shilarze_SSR,Pratiks_TOI,153,False
210340,Tweet,Shilarze_SSR,ericschmittnyt,26,True
210327,Tweet,Shilarze_SSR,edvulliamy,62,False
210380,Tweet,Shilarze_SSR,vivek9301,50,False
210298,Tweet,Shilarze_SSR,neelam_raaj,187,False
210334,Tweet,Shilarze_SSR,seaningle,11,True
210358,Tweet,Shilarze_SSR,toi_rohanA,4,True
210352,Tweet,Shilarze_SSR,saumyajitbTOI,24,True
210324,Tweet,Shilarze_SSR,Arv_Ind_Chauhan,9,True
210359,Tweet,Shilarze_SSR,toi_rohanA,15,True
210341,Tweet,Shilarze_SSR,toi_rohanA,81,False
210368,Tweet,Shilarze_SSR,SwatiShindeTOI,60,False
194451,Article,MoharBasu,kush_junglee,11,True
194498,Article,MoharBasu,ByMattStevens,135,False
194555,Article,MoharBasu,nauzerbTOI,12,True
194349,Article,MoharBasu,shiba_kurian,29,True
194577,Article,MoharBasu,ThevarSteffy,18,True
194442,Article,MoharBasu,vijaypTOI,18,True
194370,Article,MoharBasu,aditya_bh16,70,False
194586,Article,MoharBasu,AditiZero,8,True
194409,Article,MoharBasu,binays1960,19,True
194395,Article,MoharBasu,ASoloski,12,True
194578,Article,MoharBasu,SyedAkbarTOI,11,True
194481,Article,MoharBasu,AditiZero,18,True
194516,Article,MoharBasu,NYTimesCohen,28,True
194358,Article,MoharBasu,EVincentelli,14,True
194373,Article,MoharBasu,rashmidTOI,19,True
194657,Tweet,MoharBasu,jatinder_tur,10,True
194617,Tweet,MoharBasu,DerekMalcolm123,11,True
194601,Tweet,MoharBasu,sudeshnagTOI,243,False
194681,Tweet,MoharBasu,binays1960,30,True
194609,Tweet,MoharBasu,sermoninstone,22,True
194641,Tweet,MoharBasu,ottolenghi,32,True
194640,Tweet,MoharBasu,neelam_raaj,93,False
194627,Tweet,MoharBasu,FabrizioRomano,31,True
194687,Tweet,MoharBasu,divyapal2013,228,False
194602,Tweet,MoharBasu,LauraCummingArt,17,True
194647,Tweet,MoharBasu,binays1960,23,True
194686,Tweet,MoharBasu,FabrizioRomano,167,False
194646,Tweet,MoharBasu,lucysiegle,20,True
194664,Tweet,MoharBasu,bglendenning,23,True
194659,Tweet,MoharBasu,JoshuaRozenberg,434,False
207348,Article,ronojoy_sen,SindhukTOI,29,True
207371,Article,ronojoy_sen,maheshbTOI,23,True
207372,Article,ronojoy_sen,sarfrazmanzoor,20,True
207379,Article,ronojoy_sen,BawaNaaved,16,True
207363,Article,ronojoy_sen,asrpmukeshTOI,71,False
207359,Article,ronojoy_sen,michelleinbklyn,165,False
207362,Article,ronojoy_sen,SearleAdrian,133,False
207338,Article,ronojoy_sen,allegramcevedy,26,True
207369,Article,ronojoy_sen,gettleman,68,False
207343,Article,ronojoy_sen,maevesther,306,False
207391,Article,ronojoy_sen,pete_wells,95,False
207354,Article,ronojoy_sen,seaningle,41,False
207370,Article,ronojoy_sen,EVincentelli,55,False
207352,Article,ronojoy_sen,dipakdashTOI,64,False
207398,Article,ronojoy_sen,tejalrao,373,False
207468,Tweet,ronojoy_sen,Arv_Ind_Chauhan,13,True
207404,Tweet,ronojoy_sen,yusrahusain,46,False
207432,Tweet,ronojoy_sen,sudhanshub16,69,False
207465,Tweet,ronojoy_sen,manujaveerappa,28,True
207486,Tweet,ronojoy_sen,AraniBasuTOI,29,True
207467,Tweet,ronojoy_sen,AlokKNMishra,7,True
207417,Tweet,ronojoy_sen,smita_mishra,8,True
207466,Tweet,ronojoy_sen,aditya_bh16,30,True
207435,Tweet,ronojoy_sen,ChuBailiang,321,False
207421,Tweet,ronojoy_sen,meeravohraTOI,10,True
207479,Tweet,ronojoy_sen,tushhaikhush,29,True
207427,Tweet,ronojoy_sen,ChaitanyadTOI,3,True
207431,Tweet,ronojoy_sen,mateenHTOI,55,False
207451,Tweet,ronojoy_sen,saumyajitbTOI,28,True
207476,Tweet,ronojoy_sen,MohitaTOI,72,False
5272,Article,ChuBailiang,AtulMathur_,56,False
5209,Article,ChuBailiang,SribaalaVTOI,43,False
5204,Article,ChuBailiang,NeilMacFarquhar,25,True
5274,Article,ChuBailiang,PatrickKingsley,5,True
5277,Article,ChuBailiang,RorySmith,2,True
5241,Article,ChuBailiang,SyedAkbarTOI,18,True
5220,Article,ChuBailiang,IKershner,50,False
5247,Article,ChuBailiang,ChuBailiang,1,True
5232,Article,ChuBailiang,anemonanyc,27,True
5267,Article,ChuBailiang,SangerNYT,17,True
5256,Article,ChuBailiang,jotted,8,True
5246,Article,ChuBailiang,PatrickKingsley,5,True
5280,Article,ChuBailiang,saumyajitbTOI,20,True
5243,Article,ChuBailiang,SribaalaVTOI,11,True
5201,Article,ChuBailiang,declanwalsh,25,True
5377,Tweet,ChuBailiang,dipakdashTOI,10,True
5316,Tweet,ChuBailiang,attackerman,357,False
5319,Tweet,ChuBailiang,SocialQPhilip,107,False
5303,Tweet,ChuBailiang,itsshibuthomas,39,False
5310,Tweet,ChuBailiang,jayamenon64,13,True
5385,Tweet,ChuBailiang,ukigoni,62,False
5362,Tweet,ChuBailiang,RBReich,32,True
5376,Tweet,ChuBailiang,murarishetyeTOI,16,True
5386,Tweet,ChuBailiang,Mahafreed_Irani,51,False
5311,Tweet,ChuBailiang,vijaysinghTOI,186,False
5339,Tweet,ChuBailiang,AditiZero,28,True
5371,Tweet,ChuBailiang,SagrikaKissu,235,False
5369,Tweet,ChuBailiang,vijaysinghTOI,323,False
5315,Tweet,ChuBailiang,KapildaveTOI,10,True
5322,Tweet,ChuBailiang,vijayVsinghTOI,93,False
194940,Article,MohitaTOI,KapildaveTOI,21,True
194878,Article,MohitaTOI,AlokKNMishra,22,True
194778,Article,MohitaTOI,SagrikaKissu,57,False
194775,Article,MohitaTOI,rhymetraveller,32,True
194769,Article,MohitaTOI,bagishjhaTOI,30,True
194805,Article,MohitaTOI,andrewrsorkin,254,False
194807,Article,MohitaTOI,jonathanwatts,25,True
194936,Article,MohitaTOI,akhileshsTOI,29,True
194787,Article,MohitaTOI,SyedAkbarTOI,45,False
194939,Article,MohitaTOI,CeylanWrites,222,False
194934,Article,MohitaTOI,SindhukTOI,18,True
194912,Article,MohitaTOI,SagrikaKissu,5,True
194836,Article,MohitaTOI,rondakaysen,133,False
194901,Article,MohitaTOI,sermoninstone,149,False
194736,Article,MohitaTOI,Crime_Selvaraj,12,True
194991,Tweet,MohitaTOI,aditya_bh16,50,False
194946,Tweet,MohitaTOI,AraniBasuTOI,66,False
194959,Tweet,MohitaTOI,SiwachSukhbir,15,True
194976,Tweet,MohitaTOI,Arv_Ind_Chauhan,11,True
195026,Tweet,MohitaTOI,desaisantosh,30,True
194990,Tweet,MohitaTOI,vivek9301,79,False
195039,Tweet,MohitaTOI,ramendrasTOI,21,True
194993,Tweet,MohitaTOI,kush_junglee,29,True
195017,Tweet,MohitaTOI,ajaysuraTOI,41,False
195024,Tweet,MohitaTOI,alexvtunzelmann,298,False
195023,Tweet,MohitaTOI,anandbodhTOI,90,False
195030,Tweet,MohitaTOI,desaisantosh,16,True
195018,Tweet,MohitaTOI,vijaypTOI,52,False
194982,Tweet,MohitaTOI,divyapal2013,18,True
194964,Tweet,MohitaTOI,bglendenning,318,False
195742,Article,murarishetyeTOI,jimwaterson,19,True
195827,Article,murarishetyeTOI,toi_dhananjayM,34,False
195705,Article,murarishetyeTOI,jeannasmialek,30,True
195703,Article,murarishetyeTOI,ajaykanth7,3,True
195861,Article,murarishetyeTOI,AnaSwanson,5,True
195878,Article,murarishetyeTOI,ronojoy_sen,374,False
195798,Article,murarishetyeTOI,jameskanter,23,True
195903,Article,murarishetyeTOI,tomdyckhoff,228,False
195769,Article,murarishetyeTOI,ggreenwald,10,True
195707,Article,murarishetyeTOI,williamnhutton,32,True
195914,Article,murarishetyeTOI,parthasinha,32,True
195716,Article,murarishetyeTOI,sarahditum,68,False
195849,Article,murarishetyeTOI,jameskanter,25,True
195704,Article,murarishetyeTOI,williamnhutton,48,False
195754,Article,murarishetyeTOI,jameskanter,22,True
195947,Tweet,murarishetyeTOI,mlevenson,19,True
195996,Tweet,murarishetyeTOI,hugolowell,20,True
196011,Tweet,murarishetyeTOI,MiriamElder,18,True
195980,Tweet,murarishetyeTOI,GovindKMaadTOI,33,False
196008,Tweet,murarishetyeTOI,hugolowell,20,True
195991,Tweet,murarishetyeTOI,hugolowell,29,True
196009,Tweet,murarishetyeTOI,murarishetye,22,True
196002,Tweet,murarishetyeTOI,mlevenson,18,True
195928,Tweet,murarishetyeTOI,priyangiTOI,18,True
195943,Tweet,murarishetyeTOI,alanfeuer,24,True
195988,Tweet,murarishetyeTOI,ukigoni,15,True
195985,Tweet,murarishetyeTOI,BenWeiserNYT,22,True
195995,Tweet,murarishetyeTOI,MiriamElder,23,True
195934,Tweet,murarishetyeTOI,rhymetraveller,74,False
195964,Tweet,murarishetyeTOI,murarishetye,19,True
12633,Article,MaggieAstor,hugolowell,15,True
12607,Article,MaggieAstor,Azi,38,False
12655,Article,MaggieAstor,anemonanyc,297,False
12666,Article,MaggieAstor,marcatracy,43,False
12648,Article,MaggieAstor,AtulMathur_,12,True
12630,Article,MaggieAstor,noamscheiber,48,False
12676,Article,MaggieAstor,IKershner,48,False
12651,Article,MaggieAstor,AshokPradhanTOI,78,False
12683,Article,MaggieAstor,hugolowell,38,False
12684,Article,MaggieAstor,michelleinbklyn,24,True
12605,Article,MaggieAstor,llerer,47,False
12689,Article,MaggieAstor,hugolowell,16,True
12677,Article,MaggieAstor,hugolowell,14,True
12642,Article,MaggieAstor,jorifinkel,24,True
12622,Article,MaggieAstor,PatriciaMazzei,15,True
12743,Tweet,MaggieAstor,OwenJones84,21,True
12799,Tweet,MaggieAstor,SocialQPhilip,61,False
12729,Tweet,MaggieAstor,itsshibuthomas,24,True
12797,Tweet,MaggieAstor,VivianHo,22,True
12785,Tweet,MaggieAstor,thrasherxy,13,True
12763,Tweet,MaggieAstor,mtomasky,152,False
12792,Tweet,MaggieAstor,philipoltermann,22,True
12732,Tweet,MaggieAstor,sermoninstone,135,False
12770,Tweet,MaggieAstor,msmirandasawyer,100,False
12761,Tweet,MaggieAstor,Azi,7,True
12741,Tweet,MaggieAstor,philipoltermann,149,False
12738,Tweet,MaggieAstor,NesrineMalik,178,False
12758,Tweet,MaggieAstor,polblonde,15,True
12755,Tweet,MaggieAstor,pete_wells,277,False
12787,Tweet,MaggieAstor,NYTimesCohen,18,True
198755,Article,omjasvinTOI,Crime_Selvaraj,20,True
198844,Article,omjasvinTOI,SagrikaKissu,29,True
198911,Article,omjasvinTOI,NilsPratley,10,True
198708,Article,omjasvinTOI,carolecadwalla,32,True
198746,Article,omjasvinTOI,anandbodhTOI,15,True
198796,Article,omjasvinTOI,GRajivTOI,6,True
198722,Article,omjasvinTOI,bindiyachariTOI,12,True
198758,Article,omjasvinTOI,dkarthikTOI,13,True
198731,Article,omjasvinTOI,AmritadTOI,24,True
198847,Article,omjasvinTOI,AnushkaAsthana,15,True
198748,Article,omjasvinTOI,Crime_Selvaraj,32,True
198894,Article,omjasvinTOI,palaknandiTOI,22,True
198837,Article,omjasvinTOI,binays1960,15,True
198821,Article,omjasvinTOI,Crime_Selvaraj,8,True
198705,Article,omjasvinTOI,SagrikaKissu,31,True
199022,Tweet,omjasvinTOI,kush_junglee,6,True
199031,Tweet,omjasvinTOI,SiwachSukhbir,116,False
198983,Tweet,omjasvinTOI,anniekarni,137,False
198971,Tweet,omjasvinTOI,aditya_bh16,266,False
198959,Tweet,omjasvinTOI,jorifinkel,456,False
198968,Tweet,omjasvinTOI,manvirsainiTOI,15,True
198949,Tweet,omjasvinTOI,dkarthikTOI,19,True
199036,Tweet,omjasvinTOI,yeshikabudhwar,426,False
199018,Tweet,omjasvinTOI,utejonmayamTOI,11,True
198950,Tweet,omjasvinTOI,vijaypTOI,5,True
198976,Tweet,omjasvinTOI,lisamonteiroTOI,30,True
199007,Tweet,omjasvinTOI,NirupaTOI,8,True
199006,Tweet,omjasvinTOI,DanielKingChess,21,True
198972,Tweet,omjasvinTOI,sudeshnagTOI,170,False
198954,Tweet,omjasvinTOI,NirupaTOI,11,True
6670,Article,DSlotnik,charlie_savage,33,False
6650,Article,DSlotnik,jhoffman,22,True
6682,Article,DSlotnik,liamstack,3,True
6615,Article,DSlotnik,FrancesRobles,8,True
6669,Article,DSlotnik,damiencave,57,False
6629,Article,DSlotnik,genznyt,35,False
6638,Article,DSlotnik,GioRussonello,9,True
6675,Article,DSlotnik,BenRothenberg,14,True
6684,Article,DSlotnik,abantika77,52,False
6648,Article,DSlotnik,DanielKingChess,81,False
6636,Article,DSlotnik,EmmaBubola,230,False
6605,Article,DSlotnik,sushmi_dey,188,False
6656,Article,DSlotnik,jayrayner1,31,True
6660,Article,DSlotnik,benkenigsberg,66,False
6661,Article,DSlotnik,RBReich,39,False
6705,Tweet,DSlotnik,winematcher,30,True
6732,Tweet,DSlotnik,mtomasky,11,True
6744,Tweet,DSlotnik,vijaysinghTOI,260,False
6702,Tweet,DSlotnik,KTVinobhaTOI,26,True
6701,Tweet,DSlotnik,ianrausten,101,False
6726,Tweet,DSlotnik,AshokPradhanTOI,70,False
6775,Tweet,DSlotnik,CarolineLucas,273,False
6735,Tweet,DSlotnik,MattFutterman,113,False
6784,Tweet,DSlotnik,BhanupratapsTOI,71,False
6714,Tweet,DSlotnik,hugolowell,36,False
6762,Tweet,DSlotnik,DSlotnik,1,True
6706,Tweet,DSlotnik,ManjuVTOI,43,False
6786,Tweet,DSlotnik,RBReich,11,True
6769,Tweet,DSlotnik,hugolowell,30,True
6751,Tweet,DSlotnik,Bencjacobs,303,False
10453,Article,julianbarnes,27saurabhsinha,32,True
10438,Article,julianbarnes,carolecadwalla,5,True
10467,Article,julianbarnes,alanfeuer,36,False
10403,Article,julianbarnes,ewong,27,True
10470,Article,julianbarnes,BellaKwai,44,False
10406,Article,julianbarnes,Crime_Selvaraj,25,True
10405,Article,julianbarnes,SribaalaVTOI,12,True
10489,Article,julianbarnes,LizAldermanNYT,18,True
10476,Article,julianbarnes,tripgabriel,14,True
10428,Article,julianbarnes,NYTBen,2,True
10484,Article,julianbarnes,hugolowell,11,True
10427,Article,julianbarnes,LFFriedman,5,True
10424,Article,julianbarnes,rajendrasTOI,9,True
10419,Article,julianbarnes,jasondhorowitz,21,True
10451,Article,julianbarnes,asrpmukeshTOI,11,True
10529,Tweet,julianbarnes,anandbodhTOI,26,True
10523,Tweet,julianbarnes,rajatpTOI,19,True
10581,Tweet,julianbarnes,hugolowell,3,True
10594,Tweet,julianbarnes,priyagupta999,171,False
10589,Tweet,julianbarnes,_nicolaclark,17,True
10590,Tweet,julianbarnes,jatinder_tur,35,False
10527,Tweet,julianbarnes,declanwalsh,17,True
10595,Tweet,julianbarnes,hugolowell,52,False
10571,Tweet,julianbarnes,ggreenwald,6,True
10528,Tweet,julianbarnes,vijaypTOI,26,True
10503,Tweet,julianbarnes,lucywardsings,146,False
10592,Tweet,julianbarnes,jotted,76,False
10556,Tweet,julianbarnes,attackerman,39,False
10566,Tweet,julianbarnes,bylizrobbins,220,False
10574,Tweet,julianbarnes,itsshibuthomas,95,False
16257,Article,PatrickKingsley,pete_wells,18,True
16261,Article,PatrickKingsley,OfficeGSBrown,104,False
16242,Article,PatrickKingsley,carolecadwalla,64,False
16258,Article,PatrickKingsley,nauzerbTOI,8,True
16269,Article,PatrickKingsley,SribaalaVTOI,9,True
16233,Article,PatrickKingsley,ChuBailiang,13,True
16273,Article,PatrickKingsley,ipsinghTOI,17,True
16232,Article,PatrickKingsley,sangerkatz,30,True
16235,Article,PatrickKingsley,domphillips,14,True
16210,Article,PatrickKingsley,kbennhold,19,True
16211,Article,PatrickKingsley,EmmaBubola,4,True
16298,Article,PatrickKingsley,KapildaveTOI,26,True
16282,Article,PatrickKingsley,ChuBailiang,5,True
16285,Article,PatrickKingsley,PatrickKingsley,1,True
16294,Article,PatrickKingsley,AnaSwanson,18,True
16311,Tweet,PatrickKingsley,ginakolata,82,False
16317,Tweet,PatrickKingsley,jayamenon64,10,True
16392,Tweet,PatrickKingsley,payaldhawanTOI,68,False
16388,Tweet,PatrickKingsley,attackerman,60,False
16305,Tweet,PatrickKingsley,attackerman,16,True
16380,Tweet,PatrickKingsley,jhoffman,41,False
16390,Tweet,PatrickKingsley,SocialQPhilip,182,False
16340,Tweet,PatrickKingsley,vaibhavgTOI,89,False
16379,Tweet,PatrickKingsley,SangerNYT,9,True
16378,Tweet,PatrickKingsley,FranklinBlog,72,False
16376,Tweet,PatrickKingsley,MoharBasu,12,True
16384,Tweet,PatrickKingsley,SocialQPhilip,22,True
16332,Tweet,PatrickKingsley,bishnoiarvind11,22,True
16365,Tweet,PatrickKingsley,declanwalsh,27,True
16334,Tweet,PatrickKingsley,philipoltermann,25,True
26289,Article,margaretrenkl,EVincentelli,48,False
26226,Article,margaretrenkl,ElisabethMalkin,104,False
26267,Article,margaretrenkl,DanBilefsky,9,True
26275,Article,margaretrenkl,tomfriedman,32,True
26208,Article,margaretrenkl,ianrausten,30,True
26235,Article,margaretrenkl,sarahlyall,22,True
26229,Article,margaretrenkl,williamnhutton,11,True
26239,Article,margaretrenkl,andrewrsorkin,9,True
26265,Article,margaretrenkl,SocialQPhilip,21,True
26231,Article,margaretrenkl,andrewrsorkin,11,True
26281,Article,margaretrenkl,ianrausten,31,True
26256,Article,margaretrenkl,sendvictorious,28,True
26212,Article,margaretrenkl,ASoloski,81,False
26261,Article,margaretrenkl,antontroian,25,True
26296,Article,margaretrenkl,samsifton,19,True
26320,Tweet,margaretrenkl,smita_mishra,9,True
26378,Tweet,margaretrenkl,HemantaTOI,154,False
26384,Tweet,margaretrenkl,DawnHFoster,189,False
26330,Tweet,margaretrenkl,mohuadazz,35,False
26398,Tweet,margaretrenkl,lindasgrant,7,True
26395,Tweet,margaretrenkl,smita_mishra,37,False
26360,Tweet,margaretrenkl,jhoffman,35,False
26344,Tweet,margaretrenkl,VivianHo,386,False
26387,Tweet,margaretrenkl,NewtonSTOI,10,True
26355,Tweet,margaretrenkl,OLIVERBALCH,272,False
26324,Tweet,margaretrenkl,jillfilipovic,132,False
26399,Tweet,margaretrenkl,jatinder_tur,312,False
26386,Tweet,margaretrenkl,priyagupta999,8,True
26369,Tweet,margaretrenkl,mariellaf1,8,True
26317,Tweet,margaretrenkl,nicklezard,12,True
172227,Article,AmritadTOI,AmritadTOI,1,True
172199,Article,AmritadTOI,dkarthikTOI,37,False
172110,Article,AmritadTOI,naomi2009,191,False
172311,Article,AmritadTOI,kush_junglee,17,True
172224,Article,AmritadTOI,Crime_Selvaraj,23,True
172273,Article,AmritadTOI,timlottwriter,15,True
172148,Article,AmritadTOI,RoniNYTimes,21,True
172202,Article,AmritadTOI,AmritadTOI,1,True
172238,Article,AmritadTOI,AmritadTOI,1,True
172183,Article,AmritadTOI,ShrinivasaMTOI,20,True
172170,Article,AmritadTOI,AmritadTOI,1,True
172279,Article,AmritadTOI,apoorva_nyc,18,True
172256,Article,AmritadTOI,Chethan_Dash,37,False
172214,Article,AmritadTOI,Markbeaumontuk,4,True
172218,Article,AmritadTOI,sandhyanairTOI,84,False
172401,Tweet,AmritadTOI,juliemTOI,23,True
172338,Tweet,AmritadTOI,jayamenon64,230,False
172421,Tweet,AmritadTOI,ThevarSteffy,5,True
172390,Tweet,AmritadTOI,sushmi_dey,28,True
172342,Tweet,AmritadTOI,bagishjhaTOI,107,False
172409,Tweet,AmritadTOI,Arv_Ind_Chauhan,32,True
172399,Tweet,AmritadTOI,parthshastriTOI,20,True
172329,Tweet,AmritadTOI,lenoretaylor,392,False
172356,Tweet,AmritadTOI,priyangiTOI,15,True
172362,Tweet,AmritadTOI,ShoebKhanTOI,123,False
172367,Tweet,AmritadTOI,priyagupta999,23,True
172410,Tweet,AmritadTOI,SyedAkbarTOI,6,True
172424,Tweet,AmritadTOI,jatinder_tur,4,True
172384,Tweet,AmritadTOI,AjayUgrasTOI,32,True
172379,Tweet,AmritadTOI,ThevarSteffy,31,True
188260,Article,juliemTOI,toi_dhananjayM,23,True
188326,Article,juliemTOI,toi_dhananjayM,28,True
188323,Article,juliemTOI,kush_junglee,27,True
188270,Article,juliemTOI,patrickwintour,19,True
188250,Article,juliemTOI,damiencave,39,False
188467,Article,juliemTOI,akhileshsTOI,27,True
188334,Article,juliemTOI,nicholaswatt,29,True
188429,Article,juliemTOI,GRajivTOI,19,True
188321,Article,juliemTOI,PatrickKingsley,8,True
188318,Article,juliemTOI,AnushkaAsthana,17,True
188288,Article,juliemTOI,jameskanter,26,True
188373,Article,juliemTOI,williamnhutton,6,True
188439,Article,juliemTOI,NilsPratley,32,True
188258,Article,juliemTOI,AndrewSparrow,22,True
188240,Article,juliemTOI,dipakdashTOI,3,True
188564,Tweet,juliemTOI,aleksk,332,False
188536,Tweet,juliemTOI,rebeccaSTOI,16,True
188570,Tweet,juliemTOI,AshokPradhanTOI,6,True
188559,Tweet,juliemTOI,Crime_Selvaraj,13,True
188486,Tweet,juliemTOI,Mahafreed_Irani,53,False
188542,Tweet,juliemTOI,rjadHinduBL,36,False
188515,Tweet,juliemTOI,niyatiparikhTOI,44,False
188540,Tweet,juliemTOI,PhanindraP_TNIE,27,True
188557,Tweet,juliemTOI,itsshibuthomas,19,True
188572,Tweet,juliemTOI,CarolineLucas,80,False
188484,Tweet,juliemTOI,NishikantkTOI,10,True
188521,Tweet,juliemTOI,attackerman,148,False
188537,Tweet,juliemTOI,toi_ManujaV,24,True
188562,Tweet,juliemTOI,jonronson,120,False
188504,Tweet,juliemTOI,DerekMalcolm123,41,False
173992,Article,AraniBasuTOI,jameskanter,52,False
173817,Article,AraniBasuTOI,rajendrasTOI,18,True
173970,Article,AraniBasuTOI,Banjotkaur,22,True
173895,Article,AraniBasuTOI,gmorgenson,53,False
173991,Article,AraniBasuTOI,helenecooper,16,True
173782,Article,AraniBasuTOI,ipsinghTOI,7,True
173871,Article,AraniBasuTOI,Banjotkaur,28,True
173918,Article,AraniBasuTOI,naomi2009,42,False
173888,Article,AraniBasuTOI,sendvictorious,32,True
173977,Article,AraniBasuTOI,Banjotkaur,24,True
173923,Article,AraniBasuTOI,EVincentelli,21,True
173922,Article,AraniBasuTOI,PatrickKingsley,23,True
173783,Article,AraniBasuTOI,AniltheMatrix,20,True
173955,Article,AraniBasuTOI,ipsinghTOI,19,True
173983,Article,AraniBasuTOI,vishwamTOI,15,True
174059,Tweet,AraniBasuTOI,wesley_morris,37,False
174037,Tweet,AraniBasuTOI,jhoffman,66,False
174022,Tweet,AraniBasuTOI,TridibIANS,7,True
174075,Tweet,AraniBasuTOI,SwatiShindeTOI,8,True
174051,Tweet,AraniBasuTOI,Shrivathsan1437,3,True
174053,Tweet,AraniBasuTOI,Mahafreed_Irani,103,False
174107,Tweet,AraniBasuTOI,martcrossy,48,False
174087,Tweet,AraniBasuTOI,rondakaysen,37,False
174089,Tweet,AraniBasuTOI,Shrivathsan1437,2,True
174043,Tweet,AraniBasuTOI,Freedland,13,True
174021,Tweet,AraniBasuTOI,AraniBasuTOI,1,True
174096,Tweet,AraniBasuTOI,somitsenTOI,11,True
174050,Tweet,AraniBasuTOI,TOISH31,29,True
174024,Tweet,AraniBasuTOI,abhishekTWEETS7,9,True
174103,Tweet,AraniBasuTOI,IpsitaTOI,8,True
191263,Article,maheshbTOI,HemantaTOI,8,True
191458,Article,maheshbTOI,AmritadTOI,20,True
191456,Article,maheshbTOI,ajaykanth7,3,True
191383,Article,maheshbTOI,sushmi_dey,4,True
191332,Article,maheshbTOI,ajaykanth7,17,True
191418,Article,maheshbTOI,steve_hewlett,7,True
191459,Article,maheshbTOI,ajaykanth7,4,True
191231,Article,maheshbTOI,AnushkaAsthana,7,True
191394,Article,maheshbTOI,AditiZero,4,True
191389,Article,maheshbTOI,LizAldermanNYT,15,True
191403,Article,maheshbTOI,kush_junglee,29,True
191446,Article,maheshbTOI,toi_dhananjayM,10,True
191297,Article,maheshbTOI,naomi2009,33,False
191298,Article,maheshbTOI,mateenHTOI,8,True
191237,Article,maheshbTOI,AmritadTOI,19,True
191537,Tweet,maheshbTOI,SyedAkbarTOI,6,True
191500,Tweet,maheshbTOI,dubeyavishek,5,True
191518,Tweet,maheshbTOI,nauzerbTOI,143,False
191548,Tweet,maheshbTOI,AshokPradhanTOI,20,True
191514,Tweet,maheshbTOI,bindiyachariTOI,15,True
191545,Tweet,maheshbTOI,ottolenghi,4,True
191467,Tweet,maheshbTOI,IanCobain,250,False
191474,Tweet,maheshbTOI,Crime_Selvaraj,10,True
191560,Tweet,maheshbTOI,kenanmalik,288,False
191524,Tweet,maheshbTOI,jatinder_tur,31,True
191563,Tweet,maheshbTOI,lenoretaylor,36,False
191533,Tweet,maheshbTOI,amitanandTOI,62,False
191477,Tweet,maheshbTOI,PNaveenTOI,8,True
191486,Tweet,maheshbTOI,AnujaJaiswalTOI,18,True
191507,Tweet,maheshbTOI,Pratiks_TOI,7,True
178747,Article,ChaitanyadTOI,andrewrsorkin,234,False
178664,Article,ChaitanyadTOI,bindiyachariTOI,57,False
178851,Article,ChaitanyadTOI,SwatiShindeTOI,29,True
178842,Article,ChaitanyadTOI,AlokKNMishra,23,True
178782,Article,ChaitanyadTOI,vijayVsinghTOI,108,False
178767,Article,ChaitanyadTOI,sushmi_dey,14,True
178648,Article,ChaitanyadTOI,EVincentelli,20,True
178674,Article,ChaitanyadTOI,Chethan_Dash,105,False
178871,Article,ChaitanyadTOI,maheshbTOI,30,True
178742,Article,ChaitanyadTOI,RoniNYTimes,48,False
178644,Article,ChaitanyadTOI,saumyajitbTOI,15,True
178733,Article,ChaitanyadTOI,michelleinbklyn,46,False
178653,Article,ChaitanyadTOI,utejonmayamTOI,35,False
178779,Article,ChaitanyadTOI,sandhyanairTOI,18,True
178864,Article,ChaitanyadTOI,saumyajitbTOI,37,False
178952,Tweet,ChaitanyadTOI,vijaysinghTOI,13,True
178884,Tweet,ChaitanyadTOI,divyapal2013,3,True
178944,Tweet,ChaitanyadTOI,mateenHTOI,27,True
178898,Tweet,ChaitanyadTOI,vijaysinghTOI,17,True
178890,Tweet,ChaitanyadTOI,Gauraw2297,69,False
178923,Tweet,ChaitanyadTOI,utejonmayamTOI,11,True
178879,Tweet,ChaitanyadTOI,vivek9301,25,True
178886,Tweet,ChaitanyadTOI,Gauraw2297,4,True
178971,Tweet,ChaitanyadTOI,AniltheMatrix,19,True
178957,Tweet,ChaitanyadTOI,Shreyanka_M,14,True
178928,Tweet,ChaitanyadTOI,sudhanshub16,237,False
178891,Tweet,ChaitanyadTOI,MonaChalabi,319,False
178918,Tweet,ChaitanyadTOI,jhoffman,389,False
178889,Tweet,ChaitanyadTOI,Banjotkaur,18,True
178963,Tweet,ChaitanyadTOI,vijaypTOI,169,False
191635,Article,ManjuVTOI,ewenmacaskill,208,False
191634,Article,ManjuVTOI,sandhyanairTOI,15,True
191716,Article,ManjuVTOI,jameskanter,7,True
191750,Article,ManjuVTOI,tarasbernard,41,False
191677,Article,ManjuVTOI,KeithBradsher,42,False
191638,Article,ManjuVTOI,NesrineMalik,216,False
191764,Article,ManjuVTOI,AlokKNMishra,17,True
191573,Article,ManjuVTOI,DekaJayanta,4,True
191591,Article,ManjuVTOI,ThevarSteffy,16,True
191799,Article,ManjuVTOI,SunilSubaiah,32,True
191697,Article,ManjuVTOI,jameskanter,20,True
191583,Article,ManjuVTOI,andrewrsorkin,3,True
191631,Article,ManjuVTOI,niyatiparikhTOI,45,False
191805,Article,ManjuVTOI,durgeshjhaTOI,9,True
191770,Article,ManjuVTOI,aseemsgujar,2,True
191842,Tweet,ManjuVTOI,007pandey,2,True
191888,Tweet,ManjuVTOI,advityabahlTOI,54,False
191872,Tweet,ManjuVTOI,AditiZero,58,False
191891,Tweet,ManjuVTOI,SwatiShindeTOI,59,False
191901,Tweet,ManjuVTOI,AjayUgrasTOI,69,False
191832,Tweet,ManjuVTOI,Chethan_Dash,24,True
191907,Tweet,ManjuVTOI,pete_wells,42,False
191881,Tweet,ManjuVTOI,divyapal2013,17,True
191913,Tweet,ManjuVTOI,ThevarSteffy,198,False
191875,Tweet,ManjuVTOI,rajatpTOI,28,True
191846,Tweet,ManjuVTOI,27saurabhsinha,26,True
191910,Tweet,ManjuVTOI,SyedAkbarTOI,24,True
191879,Tweet,ManjuVTOI,richapintoi,27,True
191852,Tweet,ManjuVTOI,Rupalijee,70,False
191870,Tweet,ManjuVTOI,timatkin,177,False
24493,Article,tomfriedman,andrewrsorkin,39,False
24450,Article,tomfriedman,_nicolaclark,23,True
24406,Article,tomfriedman,MujMash,22,True
24414,Article,tomfriedman,EVincentelli,9,True
24417,Article,tomfriedman,SocialQPhilip,7,True
24411,Article,tomfriedman,bykaren,18,True
24419,Article,tomfriedman,benkenigsberg,6,True
24481,Article,tomfriedman,DouthatNYT,26,True
24449,Article,tomfriedman,DouthatNYT,26,True
24471,Article,tomfriedman,RBReich,19,True
24441,Article,tomfriedman,michelleinbklyn,22,True
24459,Article,tomfriedman,RebeccaSeal,94,False
24401,Article,tomfriedman,NishikantkTOI,50,False
24430,Article,tomfriedman,jackschofield,42,False
24452,Article,tomfriedman,EVincentelli,24,True
24568,Tweet,tomfriedman,vijayVsinghTOI,27,True
24553,Tweet,tomfriedman,Mahafreed_Irani,32,True
24525,Tweet,tomfriedman,alexbellos,31,True
24566,Tweet,tomfriedman,SyedAkbarTOI,25,True
24571,Tweet,tomfriedman,Arun_Ram,88,False
24501,Tweet,tomfriedman,AraniBasuTOI,19,True
24546,Tweet,tomfriedman,NYTBen,25,True
24550,Tweet,tomfriedman,wesley_morris,14,True
24563,Tweet,tomfriedman,michelleinbklyn,34,False
24564,Tweet,tomfriedman,SocialQPhilip,78,False
24502,Tweet,tomfriedman,RBReich,31,True
24559,Tweet,tomfriedman,kylebuchanan,317,False
24578,Tweet,tomfriedman,hugolowell,198,False
24580,Tweet,tomfriedman,ajaykanth7,262,False
24520,Tweet,tomfriedman,rpogrebin,32,True
29259,Article,FrancesRobles,ggreenwald,49,False
29291,Article,FrancesRobles,RaphaelMinder,91,False
29230,Article,FrancesRobles,kbennhold,24,True
29226,Article,FrancesRobles,afuahirsch,354,False
29209,Article,FrancesRobles,RachelDonadio,13,True
29216,Article,FrancesRobles,asrpmukeshTOI,16,True
29288,Article,FrancesRobles,dionnesearcey,94,False
29251,Article,FrancesRobles,StacyCowley,40,False
29236,Article,FrancesRobles,salihughes,155,False
29228,Article,FrancesRobles,gettinviggy,42,False
29219,Article,FrancesRobles,NickAtNews,11,True
29264,Article,FrancesRobles,jimtankersley,18,True
29270,Article,FrancesRobles,PatrickKingsley,40,False
29273,Article,FrancesRobles,BenWeiserNYT,42,False
29274,Article,FrancesRobles,yeshikabudhwar,107,False
29338,Tweet,FrancesRobles,NilsPratley,276,False
29302,Tweet,FrancesRobles,stevenpoole,22,True
29355,Tweet,FrancesRobles,advityabahlTOI,148,False
29310,Tweet,FrancesRobles,EmilyAnthes,30,True
29377,Tweet,FrancesRobles,parthasinha,289,False
29367,Tweet,FrancesRobles,binays1960,253,False
29351,Tweet,FrancesRobles,jfordham_jazz,128,False
29328,Tweet,FrancesRobles,Mahafreed_Irani,17,True
29383,Tweet,FrancesRobles,AjayUgrasTOI,176,False
29301,Tweet,FrancesRobles,afuahirsch,30,True
29357,Tweet,FrancesRobles,kbennhold,22,True
29386,Tweet,FrancesRobles,LFFriedman,29,True
29316,Tweet,FrancesRobles,Mahafreed_Irani,204,False
29391,Tweet,FrancesRobles,sudhanshub16,16,True
29359,Tweet,FrancesRobles,MiriamElder,44,False
16018,Article,PatriciaMazzei,hugolowell,30,True
16005,Article,PatriciaMazzei,philipoltermann,6,True
16069,Article,PatriciaMazzei,attackerman,41,False
16014,Article,PatriciaMazzei,attackerman,63,False
16017,Article,PatriciaMazzei,alexvtunzelmann,280,False
16071,Article,PatriciaMazzei,dionnesearcey,59,False
16093,Article,PatriciaMazzei,FlitterOnFraud,15,True
16010,Article,PatriciaMazzei,marywalshjourno,30,True
16059,Article,PatriciaMazzei,ManjuVTOI,28,True
16084,Article,PatriciaMazzei,SharonLNYT,26,True
16091,Article,PatriciaMazzei,yusrahusain,126,False
16023,Article,PatriciaMazzei,FrankBruni,138,False
16008,Article,PatriciaMazzei,FlitterOnFraud,67,False
16087,Article,PatriciaMazzei,NikiKitsantonis,36,False
16032,Article,PatriciaMazzei,Azi,27,True
16123,Tweet,PatriciaMazzei,dansabbagh,131,False
16148,Tweet,PatriciaMazzei,hugolowell,30,True
16177,Tweet,PatriciaMazzei,BenWeiserNYT,18,True
16115,Tweet,PatriciaMazzei,Azi,26,True
16169,Tweet,PatriciaMazzei,richardwolffedc,26,True
16140,Tweet,PatriciaMazzei,itsshibuthomas,46,False
16122,Tweet,PatriciaMazzei,reidepstein,9,True
16175,Tweet,PatriciaMazzei,RBReich,30,True
16155,Tweet,PatriciaMazzei,ElisabethMalkin,40,False
16104,Tweet,PatriciaMazzei,ipsinghTOI,26,True
16144,Tweet,PatriciaMazzei,SocialQPhilip,73,False
16114,Tweet,PatriciaMazzei,BenWeiserNYT,18,True
16131,Tweet,PatriciaMazzei,KapildaveTOI,22,True
16130,Tweet,PatriciaMazzei,ggreenwald,35,False
16105,Tweet,PatriciaMazzei,hugolowell,12,True
182459,Article,dklavaniaTOI,jameskanter,147,False
182510,Article,dklavaniaTOI,jameskanter,18,True
182344,Article,dklavaniaTOI,asrpmukeshTOI,2,True
182466,Article,dklavaniaTOI,CeylanWrites,103,False
182442,Article,dklavaniaTOI,ishajainTOI,9,True
182355,Article,dklavaniaTOI,ewong,84,False
182527,Article,dklavaniaTOI,BawaNaaved,29,True
182406,Article,dklavaniaTOI,pete_wells,38,False
182346,Article,dklavaniaTOI,jameskanter,37,False
182518,Article,dklavaniaTOI,ajaykanth7,30,True
182329,Article,dklavaniaTOI,AmritadTOI,5,True
182493,Article,dklavaniaTOI,nytmike,113,False
182390,Article,dklavaniaTOI,SumitraDebRoy,17,True
182368,Article,dklavaniaTOI,_nicolaclark,10,True
182365,Article,dklavaniaTOI,KapildaveTOI,32,True
182584,Tweet,dklavaniaTOI,rjadHinduBL,8,True
182569,Tweet,dklavaniaTOI,rachlharris,55,False
182575,Tweet,dklavaniaTOI,RosySequeiraTOI,104,False
182589,Tweet,dklavaniaTOI,manvirsainiTOI,27,True
182646,Tweet,dklavaniaTOI,asrpmukeshTOI,155,False
182617,Tweet,dklavaniaTOI,JoshuaRozenberg,21,True
182609,Tweet,dklavaniaTOI,hannahdev,28,True
182656,Tweet,dklavaniaTOI,AjayUgrasTOI,4,True
182641,Tweet,dklavaniaTOI,SumitraDebRoy,132,False
182638,Tweet,dklavaniaTOI,adamliptak,57,False
182637,Tweet,dklavaniaTOI,philipoltermann,91,False
182598,Tweet,dklavaniaTOI,ChaitanyadTOI,11,True
182622,Tweet,dklavaniaTOI,RosySequeiraTOI,14,True
182578,Tweet,dklavaniaTOI,SwatiShindeTOI,28,True
182661,Tweet,dklavaniaTOI,sandhyanairTOI,5,True
9090,Article,IKershner,kbennhold,5,True
9023,Article,IKershner,thestephmerritt,27,True
9082,Article,IKershner,suilee,8,True
9056,Article,IKershner,NikiKitsantonis,26,True
9066,Article,IKershner,PatrickKingsley,15,True
9043,Article,IKershner,asrpmukeshTOI,24,True
9021,Article,IKershner,NikiKitsantonis,15,True
9096,Article,IKershner,ElisabethMalkin,9,True
9010,Article,IKershner,BawaNaaved,17,True
9058,Article,IKershner,binays1960,15,True
9012,Article,IKershner,pete_wells,11,True
9047,Article,IKershner,SindhukTOI,26,True
9053,Article,IKershner,Crime_Selvaraj,37,False
9024,Article,IKershner,NYTimesCohen,22,True
9007,Article,IKershner,27saurabhsinha,12,True
9168,Tweet,IKershner,dubeyavishek,14,True
9110,Tweet,IKershner,BhanupratapsTOI,66,False
9154,Tweet,IKershner,GeorgeMonbiot,29,True
9192,Tweet,IKershner,kbennhold,9,True
9103,Tweet,IKershner,IanCobain,19,True
9193,Tweet,IKershner,SindhukTOI,27,True
9119,Tweet,IKershner,NeilMacFarquhar,12,True
9137,Tweet,IKershner,manvirsainiTOI,11,True
9108,Tweet,IKershner,thestephmerritt,10,True
9113,Tweet,IKershner,PatrickKingsley,50,False
9149,Tweet,IKershner,alexmarshall81,31,True
9159,Tweet,IKershner,RaphaelMinder,11,True
9140,Tweet,IKershner,kylebuchanan,228,False
9102,Tweet,IKershner,kbennhold,11,True
9195,Tweet,IKershner,naomi2009,22,True
20895,Article,EllenBarryNYT,AtulMathur_,18,True
20812,Article,EllenBarryNYT,afuahirsch,178,False
20824,Article,EllenBarryNYT,juliemTOI,141,False
20885,Article,EllenBarryNYT,anemonanyc,77,False
20815,Article,EllenBarryNYT,smervosh,20,True
20819,Article,EllenBarryNYT,sarahlyall,79,False
20866,Article,EllenBarryNYT,afuahirsch,32,True
20882,Article,EllenBarryNYT,ChuBailiang,96,False
20862,Article,EllenBarryNYT,PatrickKingsley,60,False
20801,Article,EllenBarryNYT,AtulMathur_,14,True
20873,Article,EllenBarryNYT,MiriamElder,16,True
20837,Article,EllenBarryNYT,NikiKitsantonis,14,True
20822,Article,EllenBarryNYT,RaphaelMinder,289,False
20850,Article,EllenBarryNYT,antontroian,26,True
20856,Article,EllenBarryNYT,AtulMathur_,15,True
20975,Tweet,EllenBarryNYT,LauraCummingArt,58,False
20970,Tweet,EllenBarryNYT,NilsPratley,451,False
20983,Tweet,EllenBarryNYT,anemonanyc,137,False
20902,Tweet,EllenBarryNYT,LauraCummingArt,94,False
20990,Tweet,EllenBarryNYT,lucysiegle,353,False
20964,Tweet,EllenBarryNYT,parthasinha,96,False
20963,Tweet,EllenBarryNYT,murarishetyeTOI,168,False
20952,Tweet,EllenBarryNYT,parul_sehgal,282,False
20945,Tweet,EllenBarryNYT,ishajainTOI,242,False
20948,Tweet,EllenBarryNYT,parthasinha,123,False
20938,Tweet,EllenBarryNYT,ChaitanyadTOI,354,False
20961,Tweet,EllenBarryNYT,OLIVERBALCH,247,False
20954,Tweet,EllenBarryNYT,mtomasky,87,False
20987,Tweet,EllenBarryNYT,NewtonSTOI,173,False
20921,Tweet,EllenBarryNYT,RaphaelMinder,346,False
8008,Article,gettinviggy,GlennThrush,80,False
8048,Article,gettinviggy,jackschofield,224,False
8029,Article,gettinviggy,advityabahlTOI,50,False
8051,Article,gettinviggy,jameskanter,26,True
8073,Article,gettinviggy,hugolowell,27,True
8042,Article,gettinviggy,Azi,61,False
8012,Article,gettinviggy,ggreenwald,90,False
8050,Article,gettinviggy,EricaLG,13,True
8015,Article,gettinviggy,ewong,24,True
8018,Article,gettinviggy,noamscheiber,31,True
8026,Article,gettinviggy,priyangiTOI,214,False
8035,Article,gettinviggy,smervosh,51,False
8010,Article,gettinviggy,jessbidgood,23,True
8005,Article,gettinviggy,tripgabriel,23,True
8094,Article,gettinviggy,PatriciaMazzei,22,True
8102,Tweet,gettinviggy,richardwolffedc,23,True
8101,Tweet,gettinviggy,ggreenwald,23,True
8125,Tweet,gettinviggy,michelleinbklyn,24,True
8160,Tweet,gettinviggy,vijaypTOI,211,False
8170,Tweet,gettinviggy,antontroian,108,False
8177,Tweet,gettinviggy,rajendrasTOI,11,True
8117,Tweet,gettinviggy,richardwolffedc,41,False
8147,Tweet,gettinviggy,anniekarni,19,True
8123,Tweet,gettinviggy,kenvogel,30,True
8167,Tweet,gettinviggy,Mahafreed_Irani,277,False
8157,Tweet,gettinviggy,ggreenwald,46,False
8154,Tweet,gettinviggy,GlennThrush,3,True
8189,Tweet,gettinviggy,ggreenwald,32,True
8179,Tweet,gettinviggy,Bencjacobs,16,True
8115,Tweet,gettinviggy,attackerman,28,True
13400,Article,meddynyt,CeylanWrites,24,True
13461,Article,meddynyt,kbennhold,16,True
13446,Article,meddynyt,kbennhold,9,True
13421,Article,meddynyt,AshokPradhanTOI,10,True
13484,Article,meddynyt,AshokPradhanTOI,133,False
13478,Article,meddynyt,bencasselman,119,False
13419,Article,meddynyt,Crime_Selvaraj,38,False
13479,Article,meddynyt,rishachitlangia,18,True
13454,Article,meddynyt,peterbakernyt,62,False
13440,Article,meddynyt,andrewrsorkin,8,True
13465,Article,meddynyt,RaphaelMinder,108,False
13463,Article,meddynyt,andrewrsorkin,10,True
13474,Article,meddynyt,AlokKNMishra,30,True
13472,Article,meddynyt,StacyCowley,30,True
13476,Article,meddynyt,RaphaelMinder,17,True
13516,Tweet,meddynyt,NYTimesCohen,10,True
13509,Tweet,meddynyt,saumyajitbTOI,71,False
13512,Tweet,meddynyt,vijaypTOI,51,False
13537,Tweet,meddynyt,OLIVERBALCH,95,False
13549,Tweet,meddynyt,jillfilipovic,86,False
13561,Tweet,meddynyt,attackerman,140,False
13517,Tweet,meddynyt,SyedAkbarTOI,148,False
13577,Tweet,meddynyt,SiwachSukhbir,26,True
13503,Tweet,meddynyt,TOISH31,49,False
13557,Tweet,meddynyt,wesley_morris,23,True
13521,Tweet,meddynyt,ggreenwald,48,False
13576,Tweet,meddynyt,mtomasky,51,False
13522,Tweet,meddynyt,smita_mishra,402,False
13591,Tweet,meddynyt,michelleinbklyn,148,False
13501,Tweet,meddynyt,FrankBruni,7,True
208610,Article,sandhyanairTOI,NilsPratley,20,True
208508,Article,sandhyanairTOI,Crime_Selvaraj,18,True
208659,Article,sandhyanairTOI,PhanindraP_TNIE,29,True
208453,Article,sandhyanairTOI,jimwaterson,20,True
208550,Article,sandhyanairTOI,durgeshjhaTOI,18,True
208533,Article,sandhyanairTOI,GRajivTOI,2,True
208476,Article,sandhyanairTOI,farnazfassihi,6,True
208584,Article,sandhyanairTOI,PamBelluck,16,True
208437,Article,sandhyanairTOI,vijaypTOI,14,True
208468,Article,sandhyanairTOI,MohitaTOI,31,True
208433,Article,sandhyanairTOI,tarasbernard,30,True
208457,Article,sandhyanairTOI,durgeshjhaTOI,16,True
208574,Article,sandhyanairTOI,SherylNYT,49,False
208573,Article,sandhyanairTOI,durgeshjhaTOI,20,True
208557,Article,sandhyanairTOI,pradeeptTOI,31,True
208746,Tweet,sandhyanairTOI,AjayUgrasTOI,21,True
208719,Tweet,sandhyanairTOI,ChaithanyaSwamy,27,True
208733,Tweet,sandhyanairTOI,jatinder_tur,25,True
208748,Tweet,sandhyanairTOI,SyedAkbarTOI,27,True
208774,Tweet,sandhyanairTOI,vaibhavgTOI,107,False
208725,Tweet,sandhyanairTOI,murarishetye,6,True
208752,Tweet,sandhyanairTOI,rajatpTOI,31,True
208771,Tweet,sandhyanairTOI,mateenHTOI,25,True
208728,Tweet,sandhyanairTOI,ChaithanyaSwamy,38,False
208757,Tweet,sandhyanairTOI,rebeccaSTOI,31,True
208739,Tweet,sandhyanairTOI,vijaysinghTOI,4,True
208761,Tweet,sandhyanairTOI,alexvtunzelmann,188,False
208755,Tweet,sandhyanairTOI,DSandip_TOI,14,True
208693,Tweet,sandhyanairTOI,vijaysinghTOI,18,True
208696,Tweet,sandhyanairTOI,rjadHinduBL,27,True
27688,Article,karenzraick,lisamonteiroTOI,55,False
27682,Article,karenzraick,BellaKwai,343,False
27642,Article,karenzraick,naomi2009,130,False
27609,Article,karenzraick,EricaLG,147,False
27634,Article,karenzraick,ElisabethMalkin,244,False
27697,Article,karenzraick,durgeshjhaTOI,213,False
27699,Article,karenzraick,peterbakernyt,83,False
27606,Article,karenzraick,advityabahlTOI,339,False
27652,Article,karenzraick,michelleinbklyn,119,False
27602,Article,karenzraick,gettinviggy,196,False
27615,Article,karenzraick,jackschofield,134,False
27655,Article,karenzraick,Azi,95,False
27695,Article,karenzraick,Bencjacobs,53,False
27626,Article,karenzraick,AtulMathur_,340,False
27630,Article,karenzraick,jameskanter,138,False
27747,Tweet,karenzraick,lucysiegle,176,False
27739,Tweet,karenzraick,jfordham_jazz,456,False
27728,Tweet,karenzraick,toi_dhananjayM,169,False
27782,Tweet,karenzraick,bindelj,217,False
27798,Tweet,karenzraick,wesley_morris,49,False
27733,Tweet,karenzraick,murarishetye,147,False
27763,Tweet,karenzraick,kumaraswamykTOI,71,False
27736,Tweet,karenzraick,DanielKingChess,69,False
27784,Tweet,karenzraick,sermoninstone,23,True
27776,Tweet,karenzraick,debaratisen,52,False
27771,Tweet,karenzraick,cdcaron,13,True
27779,Tweet,karenzraick,john_hooper,267,False
27722,Tweet,karenzraick,andybrassell,22,True
27797,Tweet,karenzraick,seaningle,158,False
27789,Tweet,karenzraick,parthasinha,177,False
19011,Article,SherylNYT,FlitterOnFraud,92,False
19026,Article,SherylNYT,hugolowell,22,True
19010,Article,SherylNYT,afuahirsch,150,False
19051,Article,SherylNYT,DSlotnik,55,False
19074,Article,SherylNYT,jimtankersley,12,True
19079,Article,SherylNYT,llerer,5,True
19048,Article,SherylNYT,Azi,31,True
19044,Article,SherylNYT,jeannasmialek,23,True
19007,Article,SherylNYT,EllenBarryNYT,47,False
19022,Article,SherylNYT,AtulMathur_,22,True
19031,Article,SherylNYT,tripgabriel,30,True
19080,Article,SherylNYT,peterbakernyt,54,False
19000,Article,SherylNYT,FrankBruni,56,False
19069,Article,SherylNYT,SherylNYT,1,True
19014,Article,SherylNYT,SherylNYT,1,True
19155,Tweet,SherylNYT,samsifton,126,False
19113,Tweet,SherylNYT,ShaneGoldmacher,6,True
19100,Tweet,SherylNYT,ggreenwald,14,True
19153,Tweet,SherylNYT,hugolowell,7,True
19103,Tweet,SherylNYT,RBReich,40,False
19188,Tweet,SherylNYT,jillfilipovic,3,True
19130,Tweet,SherylNYT,RosySequeiraTOI,83,False
19104,Tweet,SherylNYT,AjayUgrasTOI,30,True
19141,Tweet,SherylNYT,LFFriedman,8,True
19137,Tweet,SherylNYT,SocialQPhilip,13,True
19127,Tweet,SherylNYT,AraniBasuTOI,68,False
19181,Tweet,SherylNYT,hannahdev,98,False
19176,Tweet,SherylNYT,GioRussonello,150,False
19122,Tweet,SherylNYT,michelleinbklyn,7,True
19158,Tweet,SherylNYT,PeterTatchell,25,True
217968,Article,toi_shailendraA,aniljdias,31,True
217761,Article,toi_shailendraA,Pratiks_TOI,21,True
217909,Article,toi_shailendraA,AniltheMatrix,14,True
217916,Article,toi_shailendraA,nauzerbTOI,9,True
217888,Article,toi_shailendraA,pradeeptTOI,12,True
217818,Article,toi_shailendraA,saumyajitbTOI,34,False
217813,Article,toi_shailendraA,nicholaswatt,30,True
217986,Article,toi_shailendraA,ggreenwald,30,True
217942,Article,toi_shailendraA,nauzerbTOI,7,True
217914,Article,toi_shailendraA,vivek9301,46,False
217784,Article,toi_shailendraA,GRajivTOI,27,True
217911,Article,toi_shailendraA,sarahlyall,23,True
217845,Article,toi_shailendraA,LizAldermanNYT,28,True
217928,Article,toi_shailendraA,OLIVERBALCH,26,True
217997,Article,toi_shailendraA,Pratiks_TOI,10,True
218035,Tweet,toi_shailendraA,priyagupta999,158,False
218060,Tweet,toi_shailendraA,alexanderburns,334,False
218042,Tweet,toi_shailendraA,ronojoy_sen,171,False
218090,Tweet,toi_shailendraA,jatinder_tur,12,True
218067,Tweet,toi_shailendraA,DSandip_TOI,145,False
218025,Tweet,toi_shailendraA,wesley_morris,56,False
218028,Tweet,toi_shailendraA,toi_ManujaV,11,True
218013,Tweet,toi_shailendraA,sendvictorious,3,True
218043,Tweet,toi_shailendraA,SunilSubaiah,19,True
218048,Tweet,toi_shailendraA,Shreyanka_M,27,True
218047,Tweet,toi_shailendraA,tomdyckhoff,92,False
218100,Tweet,toi_shailendraA,KateEMcCann,95,False
218045,Tweet,toi_shailendraA,BhanupratapsTOI,8,True
218094,Tweet,toi_shailendraA,attackerman,354,False
218097,Tweet,toi_shailendraA,timatkin,42,False
16851,Article,pete_wells,CarolineLucas,353,False
16861,Article,pete_wells,greenslader,2,True
16862,Article,pete_wells,kbennhold,27,True
16879,Article,pete_wells,PatrickKingsley,5,True
16844,Article,pete_wells,rondakaysen,7,True
16805,Article,pete_wells,ginakolata,24,True
16818,Article,pete_wells,dwightgarner,19,True
16893,Article,pete_wells,LizAldermanNYT,21,True
16896,Article,pete_wells,DouthatNYT,22,True
16808,Article,pete_wells,tejalrao,6,True
16828,Article,pete_wells,bencasselman,26,True
16875,Article,pete_wells,EmmaBubola,3,True
16881,Article,pete_wells,antontroian,7,True
16883,Article,pete_wells,NYTimesCohen,15,True
16833,Article,pete_wells,DouthatNYT,22,True
16994,Tweet,pete_wells,007pandey,75,False
16924,Tweet,pete_wells,AlysFowler,29,True
16982,Tweet,pete_wells,lenoretaylor,13,True
16910,Tweet,pete_wells,RBReich,11,True
16967,Tweet,pete_wells,paulmasonnews,30,True
16926,Tweet,pete_wells,ArthurNeslen,418,False
16929,Tweet,pete_wells,LizAldermanNYT,4,True
16903,Tweet,pete_wells,allegramcevedy,24,True
16938,Tweet,pete_wells,PjJoychen,221,False
16916,Tweet,pete_wells,jillfilipovic,16,True
16911,Tweet,pete_wells,toi_dhananjayM,60,False
16966,Tweet,pete_wells,007pandey,18,True
16917,Tweet,pete_wells,AlysFowler,34,False
16977,Tweet,pete_wells,murarishetye,226,False
16934,Tweet,pete_wells,tarasbernard,95,False
24241,Article,stevenerlanger,amitanandTOI,19,True
24211,Article,stevenerlanger,Crime_Selvaraj,25,True
24225,Article,stevenerlanger,winematcher,135,False
24237,Article,stevenerlanger,RaphaelMinder,27,True
24238,Article,stevenerlanger,andrewrsorkin,25,True
24227,Article,stevenerlanger,naomi2009,29,True
24293,Article,stevenerlanger,peterbakernyt,12,True
24232,Article,stevenerlanger,PhanindraP_TNIE,41,False
24243,Article,stevenerlanger,SwatiMathurTOI,28,True
24224,Article,stevenerlanger,murarishetyeTOI,33,False
24287,Article,stevenerlanger,LizAldermanNYT,23,True
24249,Article,stevenerlanger,PatriciaMazzei,24,True
24221,Article,stevenerlanger,NikiKitsantonis,26,True
24295,Article,stevenerlanger,philipoltermann,28,True
24250,Article,stevenerlanger,patrickwintour,28,True
24307,Tweet,stevenerlanger,Shilarze_SSR,65,False
24302,Tweet,stevenerlanger,charlie_savage,136,False
24370,Tweet,stevenerlanger,BenWeiserNYT,31,True
24335,Tweet,stevenerlanger,vijaysinghTOI,83,False
24306,Tweet,stevenerlanger,itsshibuthomas,132,False
24327,Tweet,stevenerlanger,billywitz,23,True
24351,Tweet,stevenerlanger,joecoscarelli,115,False
24318,Tweet,stevenerlanger,priyangiTOI,90,False
24367,Tweet,stevenerlanger,LizAldermanNYT,7,True
24354,Tweet,stevenerlanger,DerekMalcolm123,72,False
24394,Tweet,stevenerlanger,nytmike,64,False
24358,Tweet,stevenerlanger,dwightgarner,29,True
24341,Tweet,stevenerlanger,dklavaniaTOI,230,False
24350,Tweet,stevenerlanger,Shilarze_SSR,211,False
24385,Tweet,stevenerlanger,ukigoni,20,True
177466,Article,BhanupratapsTOI,dionnesearcey,30,True
177497,Article,BhanupratapsTOI,KTVinobhaTOI,12,True
177511,Article,BhanupratapsTOI,noamscheiber,16,True
177394,Article,BhanupratapsTOI,ajaykanth7,63,False
177431,Article,BhanupratapsTOI,dipakdashTOI,28,True
177494,Article,BhanupratapsTOI,AjayUgrasTOI,30,True
177321,Article,BhanupratapsTOI,AjayUgrasTOI,49,False
177435,Article,BhanupratapsTOI,jameskanter,23,True
177358,Article,BhanupratapsTOI,jameskanter,30,True
177320,Article,BhanupratapsTOI,jameskanter,10,True
177287,Article,BhanupratapsTOI,AjayUgrasTOI,60,False
177369,Article,BhanupratapsTOI,julianbarnes,21,True
177387,Article,BhanupratapsTOI,007pandey,56,False
177503,Article,BhanupratapsTOI,jameskanter,30,True
177442,Article,BhanupratapsTOI,jameskanter,28,True
177559,Tweet,BhanupratapsTOI,vijaypTOI,28,True
177550,Tweet,BhanupratapsTOI,manujaveerappa,249,False
177576,Tweet,BhanupratapsTOI,BawaNaaved,17,True
177569,Tweet,BhanupratapsTOI,IpsitaTOI,9,True
177543,Tweet,BhanupratapsTOI,AjayUgrasTOI,23,True
177530,Tweet,BhanupratapsTOI,rajatpTOI,35,False
177581,Tweet,BhanupratapsTOI,Banjotkaur,81,False
177568,Tweet,BhanupratapsTOI,AtulMathur_,15,True
177577,Tweet,BhanupratapsTOI,bglendenning,41,False
177542,Tweet,BhanupratapsTOI,manujaveerappa,88,False
177578,Tweet,BhanupratapsTOI,yusrahusain,46,False
177555,Tweet,BhanupratapsTOI,vaibhavgTOI,9,True
177537,Tweet,BhanupratapsTOI,toi_ManujaV,26,True
177529,Tweet,BhanupratapsTOI,dklavaniaTOI,14,True
177574,Tweet,BhanupratapsTOI,abantika77,10,True
1655,Article,apoorva_nyc,AlokKNMishra,6,True
1613,Article,apoorva_nyc,sushmi_dey,24,True
1620,Article,apoorva_nyc,MonaChalabi,16,True
1698,Article,apoorva_nyc,durgeshjhaTOI,4,True
1626,Article,apoorva_nyc,bydanielvictor,11,True
1673,Article,apoorva_nyc,sushmi_dey,29,True
1687,Article,apoorva_nyc,apoorva_nyc,1,True
1654,Article,apoorva_nyc,Bencjacobs,68,False
1601,Article,apoorva_nyc,LFFriedman,14,True
1624,Article,apoorva_nyc,pete_wells,17,True
1615,Article,apoorva_nyc,durgeshjhaTOI,9,True
1672,Article,apoorva_nyc,paulkrugman,7,True
1649,Article,apoorva_nyc,MonaChalabi,7,True
1684,Article,apoorva_nyc,sushmi_dey,19,True
1612,Article,apoorva_nyc,sushmi_dey,17,True
1712,Tweet,apoorva_nyc,gmorgenson,37,False
1771,Tweet,apoorva_nyc,mtomasky,16,True
1711,Tweet,apoorva_nyc,jimtankersley,21,True
1782,Tweet,apoorva_nyc,lucywardsings,170,False
1789,Tweet,apoorva_nyc,PerriKlass,207,False
1770,Tweet,apoorva_nyc,KateEMcCann,3,True
1781,Tweet,apoorva_nyc,ThevarSteffy,18,True
1778,Tweet,apoorva_nyc,ggreenwald,18,True
1779,Tweet,apoorva_nyc,stevenpoole,43,False
1701,Tweet,apoorva_nyc,ThevarSteffy,18,True
1749,Tweet,apoorva_nyc,jimtankersley,11,True
1721,Tweet,apoorva_nyc,AditiZero,22,True
1746,Tweet,apoorva_nyc,desaisantosh,253,False
1760,Tweet,apoorva_nyc,PhanindraP_TNIE,291,False
1718,Tweet,apoorva_nyc,adamliptak,9,True
35275,Article,bylizrobbins,bykaren,248,False
35240,Article,bylizrobbins,dwightgarner,339,False
35281,Article,bylizrobbins,AshokPradhanTOI,97,False
35219,Article,bylizrobbins,andrewrsorkin,6,True
35237,Article,bylizrobbins,brooksbarnesNYT,10,True
35257,Article,bylizrobbins,samsifton,18,True
35288,Article,bylizrobbins,KeithBradsher,299,False
35245,Article,bylizrobbins,jimtankersley,183,False
35231,Article,bylizrobbins,lukeharding1968,14,True
35273,Article,bylizrobbins,marcatracy,7,True
35294,Article,bylizrobbins,noamscheiber,18,True
35224,Article,bylizrobbins,toi_rohanA,95,False
35221,Article,bylizrobbins,FlitterOnFraud,97,False
35216,Article,bylizrobbins,hugolowell,61,False
35239,Article,bylizrobbins,mlevenson,28,True
35397,Tweet,bylizrobbins,MichaelPaulson,11,True
35335,Tweet,bylizrobbins,LauraCummingArt,26,True
35343,Tweet,bylizrobbins,bylizrobbins,1,True
35329,Tweet,bylizrobbins,samsifton,179,False
35325,Tweet,bylizrobbins,marthakelner,11,True
35337,Tweet,bylizrobbins,JessicaValenti,99,False
35364,Tweet,bylizrobbins,utejonmayamTOI,225,False
35398,Tweet,bylizrobbins,mariellaf1,179,False
35311,Tweet,bylizrobbins,kumaraswamykTOI,18,True
35336,Tweet,bylizrobbins,FabrizioRomano,29,True
35369,Tweet,bylizrobbins,NYTBen,58,False
35313,Tweet,bylizrobbins,ChaitanyadTOI,4,True
35383,Tweet,bylizrobbins,wesley_morris,3,True
35377,Tweet,bylizrobbins,kumaraswamykTOI,16,True
35309,Tweet,bylizrobbins,ronojoy_sen,11,True
3246,Article,BenWeiserNYT,michaelcrowley,5,True
3235,Article,BenWeiserNYT,charlie_savage,13,True
3216,Article,BenWeiserNYT,bylizrobbins,25,True
3266,Article,BenWeiserNYT,noamscheiber,3,True
3219,Article,BenWeiserNYT,jimtankersley,95,False
3269,Article,BenWeiserNYT,Azi,21,True
3274,Article,BenWeiserNYT,SangerNYT,22,True
3217,Article,BenWeiserNYT,Bencjacobs,9,True
3255,Article,BenWeiserNYT,nytmike,3,True
3249,Article,BenWeiserNYT,hugolowell,7,True
3287,Article,BenWeiserNYT,declanwalsh,66,False
3220,Article,BenWeiserNYT,michelleinbklyn,17,True
3204,Article,BenWeiserNYT,NikiKitsantonis,20,True
3278,Article,BenWeiserNYT,SangerNYT,3,True
3271,Article,BenWeiserNYT,StacyCowley,13,True
3393,Tweet,BenWeiserNYT,ameliagentleman,28,True
3324,Tweet,BenWeiserNYT,Azi,32,True
3359,Tweet,BenWeiserNYT,Gauraw2297,17,True
3376,Tweet,BenWeiserNYT,ChaithanyaSwamy,205,False
3390,Tweet,BenWeiserNYT,toi_dhananjayM,398,False
3349,Tweet,BenWeiserNYT,michelleinbklyn,20,True
3340,Tweet,BenWeiserNYT,jmart,7,True
3313,Tweet,BenWeiserNYT,jorifinkel,64,False
3338,Tweet,BenWeiserNYT,manvirsainiTOI,138,False
3351,Tweet,BenWeiserNYT,SangerNYT,16,True
3373,Tweet,BenWeiserNYT,rhymetraveller,78,False
3345,Tweet,BenWeiserNYT,attackerman,17,True
3329,Tweet,BenWeiserNYT,alanfeuer,7,True
3384,Tweet,BenWeiserNYT,jorifinkel,5,True
3355,Tweet,BenWeiserNYT,PhanindraP_TNIE,15,True
34605,Article,nytDeniseGrady,kbennhold,35,False
34668,Article,nytDeniseGrady,_nicolaclark,205,False
34644,Article,nytDeniseGrady,antontroian,330,False
34690,Article,nytDeniseGrady,sunny_hundal,46,False
34602,Article,nytDeniseGrady,RowanMoore,65,False
34657,Article,nytDeniseGrady,KeithBradsher,16,True
34662,Article,nytDeniseGrady,KapildaveTOI,104,False
34613,Article,nytDeniseGrady,SherylNYT,111,False
34646,Article,nytDeniseGrady,jeannasmialek,33,False
34618,Article,nytDeniseGrady,SumitraDebRoy,30,True
34620,Article,nytDeniseGrady,charlie_savage,227,False
34631,Article,nytDeniseGrady,oliverburkeman,10,True
34675,Article,nytDeniseGrady,PerriKlass,43,False
34612,Article,nytDeniseGrady,EricaLG,362,False
34637,Article,nytDeniseGrady,PamBelluck,271,False
34768,Tweet,nytDeniseGrady,VivianHo,283,False
34775,Tweet,nytDeniseGrady,Mahafreed_Irani,241,False
34790,Tweet,nytDeniseGrady,winematcher,9,True
34778,Tweet,nytDeniseGrady,parthshastriTOI,360,False
34750,Tweet,nytDeniseGrady,RebeccaSeal,17,True
34721,Tweet,nytDeniseGrady,Chethan_Dash,31,True
34701,Tweet,nytDeniseGrady,vijayVsinghTOI,7,True
34785,Tweet,nytDeniseGrady,ThevarSteffy,13,True
34715,Tweet,nytDeniseGrady,jfordham_jazz,475,False
34736,Tweet,nytDeniseGrady,hannahdev,33,False
34757,Tweet,nytDeniseGrady,jillfilipovic,117,False
34767,Tweet,nytDeniseGrady,ajaysuraTOI,10,True
34754,Tweet,nytDeniseGrady,ArthurNeslen,4,True
34788,Tweet,nytDeniseGrady,marthakelner,495,False
34791,Tweet,nytDeniseGrady,AnujaJaiswalTOI,19,True
35628,Article,lauriegnyt,AtulMathur_,44,False
35670,Article,lauriegnyt,marywalshjourno,18,True
35640,Article,lauriegnyt,MujMash,41,False
35671,Article,lauriegnyt,farnazfassihi,278,False
35683,Article,lauriegnyt,PatriciaMazzei,41,False
35611,Article,lauriegnyt,leninology,187,False
35632,Article,lauriegnyt,ericschmittnyt,34,False
35612,Article,lauriegnyt,Bencjacobs,52,False
35604,Article,lauriegnyt,jeannasmialek,50,False
35645,Article,lauriegnyt,IKershner,4,True
35622,Article,lauriegnyt,afuahirsch,23,True
35619,Article,lauriegnyt,charlie_savage,19,True
35672,Article,lauriegnyt,kannoyoungs,32,True
35618,Article,lauriegnyt,ASoloski,20,True
35650,Article,lauriegnyt,charlie_savage,26,True
35747,Tweet,lauriegnyt,sudeshnagTOI,183,False
35721,Tweet,lauriegnyt,SocialQPhilip,55,False
35763,Tweet,lauriegnyt,digbijaymishra1,257,False
35727,Tweet,lauriegnyt,MarcusMergulhao,24,True
35737,Tweet,lauriegnyt,lenoretaylor,14,True
35768,Tweet,lauriegnyt,MarcusMergulhao,315,False
35706,Tweet,lauriegnyt,AmritadTOI,4,True
35718,Tweet,lauriegnyt,toi_rohanA,21,True
35791,Tweet,lauriegnyt,smervosh,22,True
35774,Tweet,lauriegnyt,FabrizioRomano,150,False
35720,Tweet,lauriegnyt,toi_rohanA,281,False
35777,Tweet,lauriegnyt,advityabahlTOI,24,True
35713,Tweet,lauriegnyt,SocialQPhilip,154,False
35711,Tweet,lauriegnyt,aditya_bh16,27,True
35717,Tweet,lauriegnyt,saumyajitbTOI,29,True
107096,Article,CarolineLucas,kbennhold,28,True
107147,Article,CarolineLucas,williamnhutton,20,True
107037,Article,CarolineLucas,timlottwriter,15,True
107123,Article,CarolineLucas,jimwaterson,13,True
107161,Article,CarolineLucas,charltonbrooker,144,False
107128,Article,CarolineLucas,sangerkatz,27,True
107099,Article,CarolineLucas,GeorgeMonbiot,15,True
107122,Article,CarolineLucas,RebeccaSeal,12,True
107119,Article,CarolineLucas,AndrewSparrow,15,True
107105,Article,CarolineLucas,michelleinbklyn,22,True
106999,Article,CarolineLucas,KateEMcCann,17,True
107094,Article,CarolineLucas,bglendenning,22,True
107051,Article,CarolineLucas,timlottwriter,23,True
107041,Article,CarolineLucas,RorySmith,15,True
107143,Article,CarolineLucas,GeorgeMonbiot,20,True
107302,Tweet,CarolineLucas,kush_junglee,25,True
107666,Tweet,CarolineLucas,PeterTatchell,9,True
107218,Tweet,CarolineLucas,we_are_food,35,False
107605,Tweet,CarolineLucas,SocialQPhilip,99,False
107422,Tweet,CarolineLucas,KateEMcCann,10,True
107274,Tweet,CarolineLucas,jfordham_jazz,23,True
107332,Tweet,CarolineLucas,maevesther,4,True
107598,Tweet,CarolineLucas,itsshibuthomas,46,False
107189,Tweet,CarolineLucas,ArthurNeslen,5,True
107481,Tweet,CarolineLucas,RBReich,217,False
107524,Tweet,CarolineLucas,CarolineLucas,1,True
107233,Tweet,CarolineLucas,DerekMalcolm123,2,True
107588,Tweet,CarolineLucas,SwatiShindeTOI,12,True
107734,Tweet,CarolineLucas,alexbellos,12,True
107277,Tweet,CarolineLucas,gracedent,16,True
10099,Article,joecoscarelli,StacyCowley,20,True
10008,Article,joecoscarelli,juliarebeccaj,17,True
10007,Article,joecoscarelli,jonpareles,22,True
10072,Article,joecoscarelli,NYTBen,45,False
10088,Article,joecoscarelli,nandinisgTOI,13,True
10098,Article,joecoscarelli,dwightgarner,25,True
10060,Article,joecoscarelli,BenWeiserNYT,103,False
10029,Article,joecoscarelli,nytmike,75,False
10054,Article,joecoscarelli,MaggieAstor,10,True
10041,Article,joecoscarelli,jonpareles,18,True
10052,Article,joecoscarelli,wesley_morris,17,True
10034,Article,joecoscarelli,SyedAkbarTOI,25,True
10068,Article,joecoscarelli,sisario,7,True
10048,Article,joecoscarelli,rpogrebin,36,False
10021,Article,joecoscarelli,noamscheiber,32,True
10105,Tweet,joecoscarelli,vijaypTOI,29,True
10188,Tweet,joecoscarelli,ameliagentleman,91,False
10194,Tweet,joecoscarelli,jorifinkel,36,False
10145,Tweet,joecoscarelli,jeannasmialek,6,True
10162,Tweet,joecoscarelli,annanorthtweets,6,True
10142,Tweet,joecoscarelli,OwenJones84,16,True
10140,Tweet,joecoscarelli,elizabday,19,True
10170,Tweet,joecoscarelli,MiriamElder,17,True
10199,Tweet,joecoscarelli,jfordham_jazz,143,False
10119,Tweet,joecoscarelli,annanorthtweets,6,True
10172,Tweet,joecoscarelli,jamesrbuk,23,True
10143,Tweet,joecoscarelli,hadleyfreeman,8,True
10113,Tweet,joecoscarelli,jamesrbuk,25,True
10163,Tweet,joecoscarelli,jamesrbuk,4,True
10195,Tweet,joecoscarelli,hugolowell,3,True
15271,Article,npfandos,Bencjacobs,22,True
15284,Article,npfandos,jeannasmialek,30,True
15253,Article,npfandos,jmart,21,True
15205,Article,npfandos,afuahirsch,17,True
15258,Article,npfandos,SharonLNYT,20,True
15235,Article,npfandos,hugolowell,24,True
15227,Article,npfandos,hugolowell,28,True
15268,Article,npfandos,Azi,11,True
15216,Article,npfandos,AtulMathur_,13,True
15209,Article,npfandos,nytmike,29,True
15243,Article,npfandos,AshokPradhanTOI,22,True
15262,Article,npfandos,peterbakernyt,8,True
15240,Article,npfandos,GlennThrush,26,True
15290,Article,npfandos,FrancesRobles,19,True
15233,Article,npfandos,hugolowell,8,True
15339,Tweet,npfandos,ericschmittnyt,21,True
15390,Tweet,npfandos,ggreenwald,26,True
15399,Tweet,npfandos,AjayUgrasTOI,30,True
15391,Tweet,npfandos,BenWeiserNYT,24,True
15312,Tweet,npfandos,hugolowell,4,True
15351,Tweet,npfandos,hugolowell,6,True
15318,Tweet,npfandos,vijayVsinghTOI,43,False
15389,Tweet,npfandos,KapildaveTOI,32,True
15385,Tweet,npfandos,jillfilipovic,30,True
15368,Tweet,npfandos,CarolineLucas,32,True
15361,Tweet,npfandos,toi_dhananjayM,29,True
15333,Tweet,npfandos,hugolowell,29,True
15387,Tweet,npfandos,michelleinbklyn,18,True
15349,Tweet,npfandos,lisamonteiroTOI,18,True
15325,Tweet,npfandos,SribaalaVTOI,98,False
10677,Article,juliarebeccaj,cdcaron,117,False
10605,Article,juliarebeccaj,andrewrsorkin,222,False
10607,Article,juliarebeccaj,aniljdias,251,False
10688,Article,juliarebeccaj,bydanielvictor,48,False
10634,Article,juliarebeccaj,marthakelner,131,False
10692,Article,juliarebeccaj,ArthurNeslen,145,False
10614,Article,juliarebeccaj,charlie_savage,137,False
10681,Article,juliarebeccaj,PatrickKingsley,103,False
10662,Article,juliarebeccaj,ewong,113,False
10673,Article,juliarebeccaj,pete_wells,154,False
10696,Article,juliarebeccaj,pete_wells,183,False
10675,Article,juliarebeccaj,jillfilipovic,95,False
10632,Article,juliarebeccaj,HemantaTOI,282,False
10624,Article,juliarebeccaj,DouthatNYT,60,False
10689,Article,juliarebeccaj,aniljdias,194,False
10775,Tweet,juliarebeccaj,hugolowell,38,False
10792,Tweet,juliarebeccaj,RosySequeiraTOI,23,True
10752,Tweet,juliarebeccaj,Mahafreed_Irani,215,False
10734,Tweet,juliarebeccaj,Mahafreed_Irani,38,False
10705,Tweet,juliarebeccaj,vijaysinghTOI,147,False
10761,Tweet,juliarebeccaj,priyagupta999,15,True
10711,Tweet,juliarebeccaj,hugolowell,71,False
10770,Tweet,juliarebeccaj,advityabahlTOI,81,False
10757,Tweet,juliarebeccaj,RBReich,68,False
10724,Tweet,juliarebeccaj,alexvtunzelmann,246,False
10790,Tweet,juliarebeccaj,vijaysinghTOI,268,False
10717,Tweet,juliarebeccaj,ggreenwald,11,True
10751,Tweet,juliarebeccaj,payaldhawanTOI,17,True
10793,Tweet,juliarebeccaj,JoshuaRozenberg,82,False
10755,Tweet,juliarebeccaj,Mahafreed_Irani,15,True
9874,Article,jmart,hugolowell,10,True
9897,Article,jmart,kannoyoungs,19,True
9844,Article,jmart,peterbakernyt,18,True
9852,Article,jmart,IKershner,13,True
9877,Article,jmart,SribaalaVTOI,5,True
9834,Article,jmart,tripgabriel,8,True
9803,Article,jmart,kannoyoungs,28,True
9869,Article,jmart,peterbakernyt,7,True
9819,Article,jmart,reidepstein,19,True
9883,Article,jmart,durgeshjhaTOI,60,False
9813,Article,jmart,Azi,8,True
9887,Article,jmart,npfandos,16,True
9814,Article,jmart,AnushkaAsthana,8,True
9825,Article,jmart,kannoyoungs,26,True
9833,Article,jmart,tripgabriel,5,True
9972,Tweet,jmart,smervosh,2,True
9949,Tweet,jmart,charlie_savage,5,True
9947,Tweet,jmart,omjasvinTOI,39,False
9999,Tweet,jmart,richardwolffedc,12,True
9935,Tweet,jmart,reidepstein,5,True
9979,Tweet,jmart,MichaelPaulson,31,True
9930,Tweet,jmart,maevesther,306,False
9980,Tweet,jmart,hugolowell,21,True
9921,Tweet,jmart,hugolowell,67,False
9967,Tweet,jmart,jmart,1,True
9907,Tweet,jmart,parul_sehgal,363,False
9976,Tweet,jmart,hugolowell,3,True
9902,Tweet,jmart,hugolowell,16,True
9989,Tweet,jmart,alexmarshall81,382,False
9916,Tweet,jmart,Azi,13,True
34059,Article,jorifinkel,ASoloski,3,True
34065,Article,jorifinkel,KapildaveTOI,27,True
34044,Article,jorifinkel,ElisabethMalkin,18,True
34073,Article,jorifinkel,pete_wells,12,True
34082,Article,jorifinkel,jwpetersNYT,27,True
34093,Article,jorifinkel,jasondhorowitz,2,True
34055,Article,jorifinkel,DouthatNYT,15,True
34091,Article,jorifinkel,gettleman,101,False
34022,Article,jorifinkel,pete_wells,5,True
34009,Article,jorifinkel,NYTimesCohen,14,True
34030,Article,jorifinkel,bydanielvictor,27,True
34070,Article,jorifinkel,damiencave,307,False
34049,Article,jorifinkel,smervosh,11,True
34037,Article,jorifinkel,EVincentelli,32,True
34035,Article,jorifinkel,ASoloski,61,False
34122,Tweet,jorifinkel,LucyMangan,182,False
34137,Tweet,jorifinkel,priyagupta999,2,True
34147,Tweet,jorifinkel,GeorgeMonbiot,98,False
34100,Tweet,jorifinkel,smita_mishra,7,True
34124,Tweet,jorifinkel,LauraCummingArt,271,False
34169,Tweet,jorifinkel,meeravohraTOI,11,True
34157,Tweet,jorifinkel,paulmasonnews,198,False
34165,Tweet,jorifinkel,bishnoiarvind11,71,False
34121,Tweet,jorifinkel,psangeetha2112,9,True
34133,Tweet,jorifinkel,DerekMalcolm123,38,False
34191,Tweet,jorifinkel,ajaysuraTOI,348,False
34167,Tweet,jorifinkel,priyagupta999,3,True
34106,Tweet,jorifinkel,nauzerbTOI,197,False
34193,Tweet,jorifinkel,desaisantosh,7,True
34146,Tweet,jorifinkel,nicklezard,217,False
12292,Article,liamstack,bydanielvictor,99,False
12240,Article,liamstack,NeilMacFarquhar,57,False
12288,Article,liamstack,BenWeiserNYT,41,False
12225,Article,liamstack,alanfeuer,34,False
12244,Article,liamstack,hugolowell,12,True
12275,Article,liamstack,hugolowell,63,False
12232,Article,liamstack,NeilMacFarquhar,65,False
12220,Article,liamstack,marywalshjourno,57,False
12209,Article,liamstack,viasimonromero,62,False
12205,Article,liamstack,marywalshjourno,15,True
12263,Article,liamstack,NYTimesCohen,69,False
12270,Article,liamstack,ASoloski,102,False
12258,Article,liamstack,afuahirsch,115,False
12268,Article,liamstack,jennydeluxe,155,False
12284,Article,liamstack,toi_dhananjayM,163,False
12301,Tweet,liamstack,jillfilipovic,20,True
12351,Tweet,liamstack,ArthurNeslen,166,False
12342,Tweet,liamstack,toi_dhananjayM,125,False
12337,Tweet,liamstack,benkenigsberg,148,False
12375,Tweet,liamstack,richardwolffedc,19,True
12325,Tweet,liamstack,RBReich,38,False
12320,Tweet,liamstack,Bencjacobs,28,True
12366,Tweet,liamstack,hugolowell,17,True
12354,Tweet,liamstack,sio_burke,173,False
12380,Tweet,liamstack,wesley_morris,19,True
12381,Tweet,liamstack,leninology,54,False
12378,Tweet,liamstack,kenvogel,31,True
12389,Tweet,liamstack,IanCobain,77,False
12336,Tweet,liamstack,wesley_morris,16,True
12340,Tweet,liamstack,alanfeuer,75,False
31856,Article,PamBelluck,liamstack,57,False
31820,Article,PamBelluck,noamscheiber,86,False
31816,Article,PamBelluck,RorySmith,162,False
31828,Article,PamBelluck,jameskanter,99,False
31891,Article,PamBelluck,BellaKwai,85,False
31829,Article,PamBelluck,vijayVsinghTOI,137,False
31894,Article,PamBelluck,lauriegnyt,41,False
31862,Article,PamBelluck,MujMash,291,False
31893,Article,PamBelluck,jackschofield,201,False
31869,Article,PamBelluck,Azi,131,False
31879,Article,PamBelluck,dwightgarner,85,False
31841,Article,PamBelluck,sangerkatz,142,False
31806,Article,PamBelluck,lauriegnyt,40,False
31899,Article,PamBelluck,peterbakernyt,118,False
31835,Article,PamBelluck,ShaneGoldmacher,63,False
31992,Tweet,PamBelluck,chrishughes,23,True
31913,Tweet,PamBelluck,Rupalijee,258,False
31941,Tweet,PamBelluck,hannahdev,41,False
31954,Tweet,PamBelluck,Mahafreed_Irani,29,True
31973,Tweet,PamBelluck,LFFriedman,25,True
31955,Tweet,PamBelluck,FranklinBlog,281,False
31914,Tweet,PamBelluck,ukigoni,30,True
31970,Tweet,PamBelluck,jillfilipovic,54,False
31909,Tweet,PamBelluck,jillfilipovic,32,True
31935,Tweet,PamBelluck,SagrikaKissu,33,False
31921,Tweet,PamBelluck,kenanmalik,32,True
31963,Tweet,PamBelluck,Shilarze_SSR,189,False
31949,Tweet,PamBelluck,ggreenwald,86,False
31984,Tweet,PamBelluck,durgeshjhaTOI,39,False
31960,Tweet,PamBelluck,ggreenwald,64,False
5014,Article,christophclarey,kumaraswamykTOI,19,True
5060,Article,christophclarey,PerriKlass,11,True
5067,Article,christophclarey,toi_rohanA,25,True
5052,Article,christophclarey,samsifton,13,True
5051,Article,christophclarey,TridibIANS,24,True
5044,Article,christophclarey,MarcusMergulhao,19,True
5077,Article,christophclarey,bykaren,44,False
5009,Article,christophclarey,ChuBailiang,73,False
5050,Article,christophclarey,kumaraswamykTOI,10,True
5016,Article,christophclarey,MarcusMergulhao,34,False
5035,Article,christophclarey,TOISH31,20,True
5086,Article,christophclarey,saumyajitbTOI,25,True
5054,Article,christophclarey,IKershner,20,True
5066,Article,christophclarey,adwaidh,69,False
5031,Article,christophclarey,MarcusMergulhao,85,False
5137,Tweet,christophclarey,sarahchurchwell,12,True
5154,Tweet,christophclarey,billmpennington,10,True
5163,Tweet,christophclarey,MaggieAstor,39,False
5132,Tweet,christophclarey,SarahMaslinNir,54,False
5106,Tweet,christophclarey,PatrickKingsley,190,False
5138,Tweet,christophclarey,jillfilipovic,15,True
5130,Tweet,christophclarey,sudhanshub16,4,True
5157,Tweet,christophclarey,MattFutterman,10,True
5114,Tweet,christophclarey,HinaRohtaki,14,True
5115,Tweet,christophclarey,sendvictorious,46,False
5173,Tweet,christophclarey,gettleman,10,True
5187,Tweet,christophclarey,rpogrebin,17,True
5101,Tweet,christophclarey,marthakelner,35,False
5180,Tweet,christophclarey,alexvtunzelmann,4,True
5158,Tweet,christophclarey,toi_shailendraA,122,False
18279,Article,rpogrebin,PatriciaMazzei,255,False
18269,Article,rpogrebin,binays1960,213,False
18214,Article,rpogrebin,Azi,75,False
18254,Article,rpogrebin,paulmasonnews,115,False
18206,Article,rpogrebin,tripgabriel,162,False
18237,Article,rpogrebin,RaphaelMinder,34,False
18258,Article,rpogrebin,meeravohraTOI,49,False
18219,Article,rpogrebin,philipoltermann,10,True
18250,Article,rpogrebin,durgeshjhaTOI,254,False
18257,Article,rpogrebin,liamstack,21,True
18259,Article,rpogrebin,noamscheiber,47,False
18213,Article,rpogrebin,advityabahlTOI,318,False
18273,Article,rpogrebin,AmritadTOI,143,False
18294,Article,rpogrebin,jameskanter,168,False
18233,Article,rpogrebin,michelleinbklyn,109,False
18384,Tweet,rpogrebin,payaldhawanTOI,74,False
18379,Tweet,rpogrebin,Bencjacobs,126,False
18374,Tweet,rpogrebin,27saurabhsinha,330,False
18385,Tweet,rpogrebin,rondakaysen,2,True
18386,Tweet,rpogrebin,ByMattStevens,4,True
18312,Tweet,rpogrebin,ThevarSteffy,190,False
18318,Tweet,rpogrebin,SyedAkbarTOI,234,False
18391,Tweet,rpogrebin,kylebuchanan,9,True
18317,Tweet,rpogrebin,PeterTatchell,288,False
18380,Tweet,rpogrebin,vijaysinghTOI,15,True
18358,Tweet,rpogrebin,jorifinkel,7,True
18355,Tweet,rpogrebin,neelam_raaj,185,False
18365,Tweet,rpogrebin,smbahr14,44,False
18370,Tweet,rpogrebin,ggreenwald,247,False
18328,Tweet,rpogrebin,toi_rohanA,97,False
185531,Article,HinaRohtaki,KapildaveTOI,67,False
185457,Article,HinaRohtaki,vivek9301,64,False
185455,Article,HinaRohtaki,AmritadTOI,28,True
185500,Article,HinaRohtaki,bindiyachariTOI,20,True
185548,Article,HinaRohtaki,toi_dhananjayM,22,True
185441,Article,HinaRohtaki,SagrikaKissu,14,True
185397,Article,HinaRohtaki,aseemsgujar,38,False
185517,Article,HinaRohtaki,rashmidTOI,4,True
185557,Article,HinaRohtaki,john_hooper,22,True
185507,Article,HinaRohtaki,kush_junglee,13,True
185488,Article,HinaRohtaki,AlysFowler,23,True
185401,Article,HinaRohtaki,kush_junglee,6,True
185414,Article,HinaRohtaki,digbijaymishra1,11,True
185494,Article,HinaRohtaki,NilsPratley,11,True
185463,Article,HinaRohtaki,ManjuVTOI,55,False
185638,Tweet,HinaRohtaki,MoharBasu,27,True
185619,Tweet,HinaRohtaki,meeravohraTOI,24,True
185599,Tweet,HinaRohtaki,AniltheMatrix,20,True
185592,Tweet,HinaRohtaki,payaldhawanTOI,19,True
185644,Tweet,HinaRohtaki,ChaithanyaSwamy,73,False
185565,Tweet,HinaRohtaki,jayamenon64,30,True
185627,Tweet,HinaRohtaki,petleepeter,126,False
185628,Tweet,HinaRohtaki,ChaitanyadTOI,25,True
185574,Tweet,HinaRohtaki,manvirsainiTOI,25,True
185626,Tweet,HinaRohtaki,rachlharris,21,True
185630,Tweet,HinaRohtaki,jatinder_tur,118,False
185617,Tweet,HinaRohtaki,ChaitanyadTOI,23,True
185563,Tweet,HinaRohtaki,smita_mishra,268,False
185650,Tweet,HinaRohtaki,somitsenTOI,33,False
185573,Tweet,HinaRohtaki,vijaysinghTOI,51,False
33847,Article,annanorthtweets,EmilyAnthes,5,True
33887,Article,annanorthtweets,alexvtunzelmann,240,False
33835,Article,annanorthtweets,ASoloski,112,False
33850,Article,annanorthtweets,SarahMaslinNir,185,False
33898,Article,annanorthtweets,kylebuchanan,5,True
33839,Article,annanorthtweets,aniljdias,124,False
33895,Article,annanorthtweets,jillfilipovic,84,False
33879,Article,annanorthtweets,FrankBruni,20,True
33896,Article,annanorthtweets,Mahafreed_Irani,102,False
33874,Article,annanorthtweets,anniekarni,237,False
33816,Article,annanorthtweets,rpogrebin,213,False
33833,Article,annanorthtweets,IKershner,338,False
33883,Article,annanorthtweets,SocialQPhilip,40,False
33875,Article,annanorthtweets,LFFriedman,265,False
33800,Article,annanorthtweets,jonronson,264,False
33961,Tweet,annanorthtweets,saumyajitbTOI,36,False
33906,Tweet,annanorthtweets,andybrassell,27,True
33970,Tweet,annanorthtweets,alexbellos,17,True
33991,Tweet,annanorthtweets,RorySmith,36,False
33988,Tweet,annanorthtweets,Shilarze_SSR,18,True
33941,Tweet,annanorthtweets,CarolineLucas,275,False
33908,Tweet,annanorthtweets,NYTLiz,213,False
33947,Tweet,annanorthtweets,LauraCummingArt,8,True
33976,Tweet,annanorthtweets,Shreyanka_M,118,False
33953,Tweet,annanorthtweets,VivianHo,60,False
33974,Tweet,annanorthtweets,sermoninstone,26,True
33901,Tweet,annanorthtweets,ggreenwald,21,True
33948,Tweet,annanorthtweets,PrashantrTOI,268,False
33986,Tweet,annanorthtweets,LauraCummingArt,6,True
33903,Tweet,annanorthtweets,JessicaValenti,86,False
4893,Article,charlie_savage,Azi,2,True
4863,Article,charlie_savage,peterbakernyt,10,True
4814,Article,charlie_savage,SribaalaVTOI,9,True
4825,Article,charlie_savage,hugolowell,3,True
4899,Article,charlie_savage,peterbakernyt,9,True
4838,Article,charlie_savage,NickAtNews,3,True
4818,Article,charlie_savage,reidepstein,5,True
4852,Article,charlie_savage,NeilMacFarquhar,96,False
4819,Article,charlie_savage,michelleinbklyn,31,True
4827,Article,charlie_savage,hugolowell,5,True
4830,Article,charlie_savage,jimtankersley,4,True
4805,Article,charlie_savage,naomi2009,20,True
4877,Article,charlie_savage,Azi,6,True
4854,Article,charlie_savage,SribaalaVTOI,22,True
4892,Article,charlie_savage,peterbakernyt,7,True
4935,Tweet,charlie_savage,jbouie,23,True
4951,Tweet,charlie_savage,hugolowell,3,True
4992,Tweet,charlie_savage,JoshuaRozenberg,47,False
4987,Tweet,charlie_savage,GlennThrush,58,False
4919,Tweet,charlie_savage,emmabrockes,452,False
4945,Tweet,charlie_savage,attackerman,28,True
4912,Tweet,charlie_savage,TimdeLisle,204,False
4947,Tweet,charlie_savage,julianbarnes,87,False
4940,Tweet,charlie_savage,MaggieAstor,13,True
4902,Tweet,charlie_savage,alanfeuer,27,True
4956,Tweet,charlie_savage,michelleinbklyn,28,True
4941,Tweet,charlie_savage,SharonLNYT,23,True
4993,Tweet,charlie_savage,BenWeiserNYT,20,True
4967,Tweet,charlie_savage,bydanielvictor,31,True
4930,Tweet,charlie_savage,alexanderburns,24,True
25895,Article,jbouie,antontroian,24,True
25885,Article,jbouie,bencasselman,30,True
25845,Article,jbouie,jameskanter,17,True
25891,Article,jbouie,bydanielvictor,19,True
25860,Article,jbouie,SribaalaVTOI,49,False
25855,Article,jbouie,bencasselman,4,True
25843,Article,jbouie,michelleinbklyn,31,True
25804,Article,jbouie,bydanielvictor,8,True
25837,Article,jbouie,NYTBen,27,True
25835,Article,jbouie,gmorgenson,28,True
25832,Article,jbouie,noamscheiber,24,True
25826,Article,jbouie,anniekarni,21,True
25877,Article,jbouie,rondakaysen,24,True
25836,Article,jbouie,tejalrao,20,True
25858,Article,jbouie,jessbidgood,74,False
25977,Tweet,jbouie,RBReich,32,True
25938,Tweet,jbouie,andybrassell,87,False
25933,Tweet,jbouie,GioRussonello,10,True
25907,Tweet,jbouie,LauraCummingArt,161,False
25901,Tweet,jbouie,ggreenwald,32,True
25961,Tweet,jbouie,ollywainwright,102,False
25986,Tweet,jbouie,mtomasky,15,True
25914,Tweet,jbouie,alexanderburns,3,True
25964,Tweet,jbouie,LauraCummingArt,23,True
25952,Tweet,jbouie,parthasinha,7,True
25980,Tweet,jbouie,007pandey,64,False
25919,Tweet,jbouie,oliverburkeman,248,False
25925,Tweet,jbouie,saumyajitbTOI,152,False
25999,Tweet,jbouie,dansabbagh,24,True
25990,Tweet,jbouie,ggreenwald,28,True
286,Article,alanfeuer,hugolowell,47,False
226,Article,alanfeuer,mateenHTOI,185,False
246,Article,alanfeuer,SharonLNYT,39,False
252,Article,alanfeuer,ewong,33,False
225,Article,alanfeuer,peterbakernyt,28,True
229,Article,alanfeuer,michelleinbklyn,184,False
273,Article,alanfeuer,hugolowell,43,False
236,Article,alanfeuer,reidepstein,32,True
250,Article,alanfeuer,ESCochrane,15,True
291,Article,alanfeuer,kbennhold,17,True
243,Article,alanfeuer,har_mandeep,172,False
289,Article,alanfeuer,PatrickKingsley,15,True
263,Article,alanfeuer,JessicaValenti,11,True
295,Article,alanfeuer,hugolowell,34,False
234,Article,alanfeuer,gettinviggy,33,False
369,Tweet,alanfeuer,alanfeuer,1,True
310,Tweet,alanfeuer,hugolowell,23,True
395,Tweet,alanfeuer,FrankBruni,134,False
365,Tweet,alanfeuer,kenvogel,8,True
308,Tweet,alanfeuer,PatriciaMazzei,64,False
333,Tweet,alanfeuer,hugolowell,4,True
359,Tweet,alanfeuer,richardwolffedc,5,True
388,Tweet,alanfeuer,ajaysuraTOI,37,False
398,Tweet,alanfeuer,michelleinbklyn,194,False
363,Tweet,alanfeuer,attackerman,7,True
350,Tweet,alanfeuer,adamliptak,9,True
349,Tweet,alanfeuer,hugolowell,10,True
322,Tweet,alanfeuer,michelleinbklyn,19,True
362,Tweet,alanfeuer,attackerman,14,True
313,Tweet,alanfeuer,ggreenwald,24,True
12487,Article,lukebroadwater,Bencjacobs,22,True
12468,Article,lukebroadwater,Azi,12,True
12444,Article,lukebroadwater,hugolowell,8,True
12446,Article,lukebroadwater,IKershner,39,False
12476,Article,lukebroadwater,Bencjacobs,9,True
12417,Article,lukebroadwater,hugolowell,4,True
12457,Article,lukebroadwater,SribaalaVTOI,19,True
12472,Article,lukebroadwater,BenWeiserNYT,9,True
12414,Article,lukebroadwater,hugolowell,18,True
12438,Article,lukebroadwater,michaelcrowley,6,True
12418,Article,lukebroadwater,viasimonromero,58,False
12436,Article,lukebroadwater,NickAtNews,24,True
12479,Article,lukebroadwater,sangerkatz,20,True
12478,Article,lukebroadwater,bylizrobbins,52,False
12403,Article,lukebroadwater,Bencjacobs,32,True
12588,Tweet,lukebroadwater,hugolowell,13,True
12562,Tweet,lukebroadwater,ramendrasTOI,214,False
12583,Tweet,lukebroadwater,kenvogel,24,True
12596,Tweet,lukebroadwater,hugolowell,5,True
12558,Tweet,lukebroadwater,NirupaTOI,12,True
12556,Tweet,lukebroadwater,gettinviggy,15,True
12507,Tweet,lukebroadwater,ajaysuraTOI,21,True
12566,Tweet,lukebroadwater,ericschmittnyt,4,True
12581,Tweet,lukebroadwater,vijaypTOI,94,False
12571,Tweet,lukebroadwater,liamstack,20,True
12567,Tweet,lukebroadwater,SharonLNYT,6,True
12529,Tweet,lukebroadwater,hugolowell,11,True
12538,Tweet,lukebroadwater,npfandos,3,True
12548,Tweet,lukebroadwater,SwatiMathurTOI,10,True
12577,Tweet,lukebroadwater,dionnesearcey,15,True
28088,Article,jameskanter,BhanupratapsTOI,15,True
28039,Article,jameskanter,SribaalaVTOI,13,True
28093,Article,jameskanter,PatriciaMazzei,4,True
28046,Article,jameskanter,KTVinobhaTOI,19,True
28008,Article,jameskanter,AlokKNMishra,46,False
28058,Article,jameskanter,SagrikaKissu,27,True
28043,Article,jameskanter,ajaykanth7,30,True
28075,Article,jameskanter,KapildaveTOI,10,True
28052,Article,jameskanter,AtulMathur_,17,True
28041,Article,jameskanter,Azi,22,True
28050,Article,jameskanter,dipakdashTOI,21,True
28035,Article,jameskanter,amitanandTOI,16,True
28016,Article,jameskanter,BellaKwai,19,True
28089,Article,jameskanter,suilee,14,True
28070,Article,jameskanter,kannoyoungs,18,True
28144,Tweet,jameskanter,nauzerbTOI,107,False
28104,Tweet,jameskanter,Crime_Selvaraj,7,True
28196,Tweet,jameskanter,007pandey,24,True
28117,Tweet,jameskanter,shafaquealamTOI,20,True
28132,Tweet,jameskanter,patrickwintour,29,True
28168,Tweet,jameskanter,SidharthB25,86,False
28193,Tweet,jameskanter,Shreyanka_M,301,False
28125,Tweet,jameskanter,IKershner,239,False
28150,Tweet,jameskanter,AshokPradhanTOI,32,True
28128,Tweet,jameskanter,sudhanshub16,295,False
28130,Tweet,jameskanter,zwoolfe,110,False
28120,Tweet,jameskanter,PNaveenTOI,72,False
28184,Tweet,jameskanter,NilsPratley,244,False
28151,Tweet,jameskanter,rebeccaSTOI,32,True
28199,Tweet,jameskanter,Markbeaumontuk,331,False
7081,Article,el_belson,llerer,17,True
7075,Article,el_belson,RichardFausset,30,True
7003,Article,el_belson,jbouie,18,True
7041,Article,el_belson,leninology,19,True
7080,Article,el_belson,marywalshjourno,13,True
7035,Article,el_belson,Azi,8,True
7001,Article,el_belson,dwightgarner,20,True
7074,Article,el_belson,RorySmith,48,False
7057,Article,el_belson,RichardFausset,22,True
7082,Article,el_belson,bencasselman,9,True
7026,Article,el_belson,el_belson,1,True
7037,Article,el_belson,NesrineMalik,316,False
7071,Article,el_belson,anniekarni,17,True
7056,Article,el_belson,brooksbarnesNYT,3,True
7023,Article,el_belson,noamscheiber,30,True
7131,Tweet,el_belson,ByJamesWagner,23,True
7149,Tweet,el_belson,polblonde,12,True
7103,Tweet,el_belson,thrasherxy,12,True
7166,Tweet,el_belson,alexanderburns,70,False
7184,Tweet,el_belson,sarahchurchwell,24,True
7187,Tweet,el_belson,lauriegnyt,19,True
7150,Tweet,el_belson,jfordham_jazz,5,True
7146,Tweet,el_belson,Shreyanka_M,47,False
7144,Tweet,el_belson,ggreenwald,97,False
7195,Tweet,el_belson,aleksk,10,True
7101,Tweet,el_belson,attackerman,27,True
7181,Tweet,el_belson,christophclarey,3,True
7142,Tweet,el_belson,christophclarey,7,True
7183,Tweet,el_belson,aditya_bh16,10,True
7180,Tweet,el_belson,kumaraswamykTOI,8,True
6820,Article,ElianPeltier,kannoyoungs,31,True
6880,Article,ElianPeltier,declanwalsh,10,True
6835,Article,ElianPeltier,jameskanter,45,False
6846,Article,ElianPeltier,stevenerlanger,43,False
6891,Article,ElianPeltier,SribaalaVTOI,18,True
6811,Article,ElianPeltier,SagrikaKissu,9,True
6810,Article,ElianPeltier,IAmTimDowling,356,False
6862,Article,ElianPeltier,IKershner,40,False
6855,Article,ElianPeltier,murarishetyeTOI,24,True
6828,Article,ElianPeltier,domphillips,41,False
6825,Article,ElianPeltier,naomi2009,4,True
6830,Article,ElianPeltier,antontroian,33,False
6899,Article,ElianPeltier,naomi2009,71,False
6839,Article,ElianPeltier,Crime_Selvaraj,9,True
6896,Article,ElianPeltier,SidharthB25,25,True
6913,Tweet,ElianPeltier,margaretrenkl,72,False
6963,Tweet,ElianPeltier,SwatiShindeTOI,168,False
6985,Tweet,ElianPeltier,AjayUgrasTOI,87,False
6923,Tweet,ElianPeltier,ericschmittnyt,58,False
6924,Tweet,ElianPeltier,MonaChalabi,167,False
6957,Tweet,ElianPeltier,domphillips,85,False
6979,Tweet,ElianPeltier,chrishughes,167,False
6933,Tweet,ElianPeltier,payaldhawanTOI,78,False
6947,Tweet,ElianPeltier,JessicaValenti,16,True
6942,Tweet,ElianPeltier,npwcnn,74,False
6996,Tweet,ElianPeltier,FrankBruni,211,False
6916,Tweet,ElianPeltier,advityabahlTOI,44,False
6928,Tweet,ElianPeltier,ianrausten,56,False
6919,Tweet,ElianPeltier,vijayVsinghTOI,8,True
6921,Tweet,ElianPeltier,SocialQPhilip,96,False
35849,Article,KSchulten,benkenigsberg,245,False
35830,Article,KSchulten,karenzraick,8,True
35801,Article,KSchulten,julianbarnes,205,False
35812,Article,KSchulten,Mahafreed_Irani,68,False
35870,Article,KSchulten,umamahesh_ToI,27,True
35852,Article,KSchulten,ASoloski,456,False
35807,Article,KSchulten,ShaneGoldmacher,117,False
35850,Article,KSchulten,GiniaNYT,45,False
35820,Article,KSchulten,RorySmith,240,False
35864,Article,KSchulten,hugolowell,71,False
35829,Article,KSchulten,sarahlyall,16,True
35898,Article,KSchulten,PatrickKingsley,295,False
35899,Article,KSchulten,DekaJayanta,13,True
35814,Article,KSchulten,elizabday,30,True
35879,Article,KSchulten,vijayVsinghTOI,362,False
35948,Tweet,KSchulten,debaratisen,9,True
35961,Tweet,KSchulten,MaggieAstor,18,True
35985,Tweet,KSchulten,timatkin,400,False
35942,Tweet,KSchulten,andybrassell,35,False
35913,Tweet,KSchulten,OLIVERBALCH,18,True
35949,Tweet,KSchulten,bglendenning,9,True
35953,Tweet,KSchulten,elizabday,22,True
35991,Tweet,KSchulten,sudhanshub16,21,True
35932,Tweet,KSchulten,alexvtunzelmann,153,False
35998,Tweet,KSchulten,MonaChalabi,29,True
35935,Tweet,KSchulten,jackschofield,90,False
35946,Tweet,KSchulten,LauraCummingArt,15,True
35958,Tweet,KSchulten,FranklinBlog,7,True
35957,Tweet,KSchulten,DerekMalcolm123,396,False
35975,Tweet,KSchulten,billywitz,16,True
32884,Article,RoniNYTimes,DouthatNYT,24,True
32820,Article,RoniNYTimes,durgeshjhaTOI,3,True
32862,Article,RoniNYTimes,DSlotnik,8,True
32824,Article,RoniNYTimes,asrpmukeshTOI,160,False
32827,Article,RoniNYTimes,DekaJayanta,16,True
32840,Article,RoniNYTimes,murarishetye,64,False
32875,Article,RoniNYTimes,ShaneGoldmacher,17,True
32893,Article,RoniNYTimes,FelicityCloake,22,True
32837,Article,RoniNYTimes,GeorgeMonbiot,15,True
32832,Article,RoniNYTimes,liamstack,50,False
32801,Article,RoniNYTimes,bykaren,365,False
32856,Article,RoniNYTimes,durgeshjhaTOI,12,True
32855,Article,RoniNYTimes,EVincentelli,2,True
32876,Article,RoniNYTimes,RoniNYTimes,1,True
32877,Article,RoniNYTimes,KapildaveTOI,189,False
32994,Tweet,RoniNYTimes,durgeshjhaTOI,32,True
32968,Tweet,RoniNYTimes,lucysiegle,217,False
32911,Tweet,RoniNYTimes,MichaelPaulson,17,True
32908,Tweet,RoniNYTimes,kiracochrane,17,True
32926,Tweet,RoniNYTimes,ArunDev1,53,False
32907,Tweet,RoniNYTimes,Shreyanka_M,255,False
32918,Tweet,RoniNYTimes,RosySequeiraTOI,22,True
32969,Tweet,RoniNYTimes,ThevarSteffy,31,True
32913,Tweet,RoniNYTimes,CarolineLucas,390,False
32938,Tweet,RoniNYTimes,hannahdev,32,True
32904,Tweet,RoniNYTimes,RBReich,4,True
32953,Tweet,RoniNYTimes,ottolenghi,229,False
32900,Tweet,RoniNYTimes,timatkin,22,True
32995,Tweet,RoniNYTimes,omjasvinTOI,27,True
32982,Tweet,RoniNYTimes,suilee,387,False
196834,Article,nauzerbTOI,jameskanter,15,True
196940,Article,nauzerbTOI,stevenerlanger,25,True
196904,Article,nauzerbTOI,jameskanter,26,True
196898,Article,nauzerbTOI,bencasselman,16,True
196949,Article,nauzerbTOI,payaldhawanTOI,19,True
196959,Article,nauzerbTOI,DerekMalcolm123,6,True
196824,Article,nauzerbTOI,naomi2009,50,False
196731,Article,nauzerbTOI,toi_dhananjayM,3,True
196801,Article,nauzerbTOI,NYTBen,2,True
196730,Article,nauzerbTOI,ajaykanth7,22,True
196924,Article,nauzerbTOI,npfandos,31,True
196936,Article,nauzerbTOI,jameskanter,21,True
196896,Article,nauzerbTOI,durgeshjhaTOI,43,False
196789,Article,nauzerbTOI,tarasbernard,32,True
196816,Article,nauzerbTOI,Crime_Selvaraj,18,True
197046,Tweet,nauzerbTOI,marthakelner,204,False
197063,Tweet,nauzerbTOI,afuahirsch,163,False
196989,Tweet,nauzerbTOI,desaisantosh,74,False
197049,Tweet,nauzerbTOI,aniljdias,84,False
196991,Tweet,nauzerbTOI,alexbellos,32,True
197041,Tweet,nauzerbTOI,neelam_raaj,23,True
197030,Tweet,nauzerbTOI,SyedAkbarTOI,22,True
196997,Tweet,nauzerbTOI,vaibhavgTOI,53,False
196974,Tweet,nauzerbTOI,adwaidh,21,True
196979,Tweet,nauzerbTOI,umamahesh_ToI,59,False
197001,Tweet,nauzerbTOI,parthshastriTOI,35,False
197068,Tweet,nauzerbTOI,kbennhold,333,False
196976,Tweet,nauzerbTOI,manvirsainiTOI,91,False
196982,Tweet,nauzerbTOI,sarfrazmanzoor,279,False
196990,Tweet,nauzerbTOI,shiba_kurian,109,False
15474,Article,NYTBen,MonaChalabi,31,True
15471,Article,NYTBen,michaelcrowley,31,True
15486,Article,NYTBen,aurelienbrd,7,True
15485,Article,NYTBen,declanwalsh,49,False
15450,Article,NYTBen,ewong,11,True
15487,Article,NYTBen,kbennhold,17,True
15497,Article,NYTBen,ewong,19,True
15418,Article,NYTBen,farnazfassihi,19,True
15409,Article,NYTBen,NeilMacFarquhar,31,True
15443,Article,NYTBen,saumyajitbTOI,8,True
15439,Article,NYTBen,IKershner,8,True
15495,Article,NYTBen,SribaalaVTOI,17,True
15457,Article,NYTBen,charlie_savage,12,True
15434,Article,NYTBen,rpogrebin,19,True
15413,Article,NYTBen,AtulMathur_,44,False
15508,Tweet,NYTBen,charlie_savage,14,True
15588,Tweet,NYTBen,samsifton,52,False
15544,Tweet,NYTBen,meeravohraTOI,440,False
15509,Tweet,NYTBen,ggreenwald,45,False
15594,Tweet,NYTBen,priyagupta999,73,False
15530,Tweet,NYTBen,kbennhold,20,True
15559,Tweet,NYTBen,attackerman,74,False
15537,Tweet,NYTBen,EllenBarryNYT,25,True
15560,Tweet,NYTBen,jimtankersley,12,True
15569,Tweet,NYTBen,stevenpoole,9,True
15574,Tweet,NYTBen,rpogrebin,35,False
15504,Tweet,NYTBen,NeilMacFarquhar,18,True
15519,Tweet,NYTBen,vijaypTOI,196,False
15573,Tweet,NYTBen,AraniBasuTOI,364,False
15580,Tweet,NYTBen,SribaalaVTOI,30,True
3870,Article,brooksbarnesNYT,alexvtunzelmann,5,True
3897,Article,brooksbarnesNYT,parthasinha,105,False
3896,Article,brooksbarnesNYT,DouthatNYT,18,True
3803,Article,brooksbarnesNYT,RaphaelMinder,7,True
3817,Article,brooksbarnesNYT,DouthatNYT,11,True
3827,Article,brooksbarnesNYT,tarasbernard,114,False
3886,Article,brooksbarnesNYT,NYTBen,112,False
3811,Article,brooksbarnesNYT,attackerman,196,False
3818,Article,brooksbarnesNYT,ajaysuraTOI,66,False
3835,Article,brooksbarnesNYT,NeilMacFarquhar,8,True
3883,Article,brooksbarnesNYT,ShaneGoldmacher,17,True
3845,Article,brooksbarnesNYT,pete_wells,116,False
3839,Article,brooksbarnesNYT,sisario,49,False
3855,Article,brooksbarnesNYT,jimtankersley,166,False
3832,Article,brooksbarnesNYT,SocialQPhilip,71,False
3987,Tweet,brooksbarnesNYT,ManjuVTOI,68,False
3957,Tweet,brooksbarnesNYT,alexvtunzelmann,28,True
3966,Tweet,brooksbarnesNYT,niyatiparikhTOI,68,False
3936,Tweet,brooksbarnesNYT,GlennThrush,23,True
3995,Tweet,brooksbarnesNYT,sandhyanairTOI,477,False
3952,Tweet,brooksbarnesNYT,toi_dhananjayM,9,True
3920,Tweet,brooksbarnesNYT,marywalshjourno,10,True
3989,Tweet,brooksbarnesNYT,greenslader,5,True
3921,Tweet,brooksbarnesNYT,EVincentelli,6,True
3912,Tweet,brooksbarnesNYT,paulmasonnews,17,True
3900,Tweet,brooksbarnesNYT,peterbradshaw1,23,True
3949,Tweet,brooksbarnesNYT,noamscheiber,28,True
3940,Tweet,brooksbarnesNYT,SocialQPhilip,69,False
3959,Tweet,brooksbarnesNYT,ajaysuraTOI,25,True
3947,Tweet,brooksbarnesNYT,sarahchurchwell,15,True
27056,Article,wesley_morris,stevenerlanger,42,False
27031,Article,wesley_morris,andrew_mueller,12,True
27009,Article,wesley_morris,benkenigsberg,8,True
27059,Article,wesley_morris,parul_sehgal,9,True
27091,Article,wesley_morris,wesley_morris,1,True
27097,Article,wesley_morris,carolecadwalla,14,True
27029,Article,wesley_morris,jwpetersNYT,19,True
27032,Article,wesley_morris,benkenigsberg,15,True
27084,Article,wesley_morris,rondakaysen,17,True
27078,Article,wesley_morris,SocialQPhilip,32,True
27076,Article,wesley_morris,greenslader,8,True
27017,Article,wesley_morris,andrewrsorkin,60,False
27062,Article,wesley_morris,tomdyckhoff,198,False
27083,Article,wesley_morris,jhoffman,21,True
27080,Article,wesley_morris,FrankBruni,7,True
27150,Tweet,wesley_morris,priyagupta999,32,True
27197,Tweet,wesley_morris,MarinaHyde,332,False
27170,Tweet,wesley_morris,alanconnor,235,False
27124,Tweet,wesley_morris,parthasinha,248,False
27106,Tweet,wesley_morris,alexvtunzelmann,45,False
27141,Tweet,wesley_morris,VivianHo,322,False
27103,Tweet,wesley_morris,andrewrsorkin,12,True
27127,Tweet,wesley_morris,SarahMaslinNir,18,True
27104,Tweet,wesley_morris,priyagupta999,25,True
27194,Tweet,wesley_morris,KanwardeepsTOI,103,False
27108,Tweet,wesley_morris,alexvtunzelmann,32,True
27166,Tweet,wesley_morris,jhoffman,25,True
27113,Tweet,wesley_morris,Banjotkaur,241,False
27182,Tweet,wesley_morris,FabrizioRomano,32,True
27139,Tweet,wesley_morris,NYTLiz,13,True
13805,Article,michelleinbklyn,peterbakernyt,14,True
13848,Article,michelleinbklyn,nytdavidbrooks,24,True
13847,Article,michelleinbklyn,michelleinbklyn,1,True
13836,Article,michelleinbklyn,DouthatNYT,3,True
13858,Article,michelleinbklyn,jwpetersNYT,82,False
13819,Article,michelleinbklyn,IKershner,9,True
13853,Article,michelleinbklyn,jillfilipovic,3,True
13889,Article,michelleinbklyn,charlie_savage,8,True
13800,Article,michelleinbklyn,hugolowell,29,True
13843,Article,michelleinbklyn,NewtonSTOI,23,True
13841,Article,michelleinbklyn,bydanielvictor,14,True
13842,Article,michelleinbklyn,IKershner,27,True
13838,Article,michelleinbklyn,NYTimesCohen,2,True
13828,Article,michelleinbklyn,ChuBailiang,21,True
13850,Article,michelleinbklyn,andrewrsorkin,18,True
13988,Tweet,michelleinbklyn,hannahdev,363,False
13917,Tweet,michelleinbklyn,leninology,29,True
13912,Tweet,michelleinbklyn,mtomasky,16,True
13921,Tweet,michelleinbklyn,SearleAdrian,118,False
13946,Tweet,michelleinbklyn,sushmi_dey,25,True
13982,Tweet,michelleinbklyn,mtomasky,14,True
13938,Tweet,michelleinbklyn,ggreenwald,15,True
13995,Tweet,michelleinbklyn,DSlotnik,10,True
13959,Tweet,michelleinbklyn,oliverburkeman,24,True
13908,Tweet,michelleinbklyn,alexvtunzelmann,13,True
13927,Tweet,michelleinbklyn,oliverburkeman,12,True
13957,Tweet,michelleinbklyn,antontroian,18,True
13967,Tweet,michelleinbklyn,michelleinbklyn,1,True
13993,Tweet,michelleinbklyn,mtomasky,28,True
13934,Tweet,michelleinbklyn,parthasinha,31,True
215476,Article,SwatiShindeTOI,digbijaymishra1,10,True
215514,Article,SwatiShindeTOI,rashmidTOI,153,False
215544,Article,SwatiShindeTOI,SagrikaKissu,13,True
215565,Article,SwatiShindeTOI,EmmaBubola,320,False
215518,Article,SwatiShindeTOI,SumitraDebRoy,30,True
215409,Article,SwatiShindeTOI,jameskanter,11,True
215390,Article,SwatiShindeTOI,anemonanyc,98,False
215539,Article,SwatiShindeTOI,alexmarshall81,38,False
215412,Article,SwatiShindeTOI,bencasselman,189,False
215330,Article,SwatiShindeTOI,NishikantkTOI,32,True
215395,Article,SwatiShindeTOI,mateenHTOI,183,False
215389,Article,SwatiShindeTOI,KTVinobhaTOI,15,True
215488,Article,SwatiShindeTOI,andrewrsorkin,21,True
215531,Article,SwatiShindeTOI,digbijaymishra1,24,True
215463,Article,SwatiShindeTOI,ShaneGoldmacher,120,False
215582,Tweet,SwatiShindeTOI,meeravohraTOI,36,False
215653,Tweet,SwatiShindeTOI,SwatiShindeTOI,1,True
215595,Tweet,SwatiShindeTOI,NishikantkTOI,21,True
215652,Tweet,SwatiShindeTOI,umamahesh_ToI,25,True
215625,Tweet,SwatiShindeTOI,umamahesh_ToI,2,True
215649,Tweet,SwatiShindeTOI,SyedAkbarTOI,30,True
215669,Tweet,SwatiShindeTOI,SwatiShindeTOI,1,True
215670,Tweet,SwatiShindeTOI,smita_mishra,288,False
215593,Tweet,SwatiShindeTOI,MonaChalabi,44,False
215613,Tweet,SwatiShindeTOI,somitsenTOI,7,True
215667,Tweet,SwatiShindeTOI,dkarthikTOI,57,False
215580,Tweet,SwatiShindeTOI,ChaitanyadTOI,24,True
215660,Tweet,SwatiShindeTOI,rajatpTOI,126,False
215605,Tweet,SwatiShindeTOI,richapintoi,15,True
215600,Tweet,SwatiShindeTOI,AshokPradhanTOI,360,False
209131,Article,sermoninstone,aniljdias,28,True
209156,Article,sermoninstone,PrashantrTOI,31,True
209143,Article,sermoninstone,AlokKNMishra,18,True
209179,Article,sermoninstone,Banjotkaur,204,False
209200,Article,sermoninstone,KanwardeepsTOI,31,True
209178,Article,sermoninstone,ronojoy_sen,31,True
209132,Article,sermoninstone,Crime_Selvaraj,40,False
209125,Article,sermoninstone,hadleyfreeman,199,False
209185,Article,sermoninstone,SwatiShindeTOI,11,True
209216,Article,sermoninstone,SindhukTOI,29,True
209170,Article,sermoninstone,AlokKNMishra,30,True
209165,Article,sermoninstone,palaknandiTOI,26,True
209201,Article,sermoninstone,vijayVsinghTOI,65,False
209191,Article,sermoninstone,DSandip_TOI,20,True
209213,Article,sermoninstone,DekaJayanta,29,True
209282,Tweet,sermoninstone,hadleyfreeman,32,True
209312,Tweet,sermoninstone,LauraCummingArt,24,True
209243,Tweet,sermoninstone,debaratisen,22,True
209270,Tweet,sermoninstone,ukigoni,135,False
209261,Tweet,sermoninstone,toi_shailendraA,340,False
209324,Tweet,sermoninstone,VivianHo,18,True
209319,Tweet,sermoninstone,FranklinBlog,15,True
209256,Tweet,sermoninstone,alexmarshall81,179,False
209330,Tweet,sermoninstone,vijaysinghTOI,196,False
209264,Tweet,sermoninstone,kumaraswamykTOI,22,True
209298,Tweet,sermoninstone,vanbadham,42,False
209297,Tweet,sermoninstone,ramendrasTOI,220,False
209272,Tweet,sermoninstone,stevenpoole,150,False
209290,Tweet,sermoninstone,sermoninstone,1,True
209322,Tweet,sermoninstone,LauraCummingArt,114,False
31402,Article,sangerkatz,DouthatNYT,24,True
31484,Article,sangerkatz,npfandos,25,True
31426,Article,sangerkatz,mtomasky,7,True
31448,Article,sangerkatz,marywalshjourno,23,True
31499,Article,sangerkatz,mtomasky,8,True
31487,Article,sangerkatz,oliverburkeman,16,True
31401,Article,sangerkatz,viasimonromero,28,True
31416,Article,sangerkatz,DSlotnik,22,True
31459,Article,sangerkatz,marywalshjourno,5,True
31475,Article,sangerkatz,marywalshjourno,11,True
31425,Article,sangerkatz,RBReich,7,True
31417,Article,sangerkatz,tarasbernard,17,True
31498,Article,sangerkatz,noamscheiber,9,True
31461,Article,sangerkatz,FrankBruni,33,False
31407,Article,sangerkatz,OfficeGSBrown,20,True
31519,Tweet,sangerkatz,hugolowell,40,False
31549,Tweet,sangerkatz,thrasherxy,101,False
31536,Tweet,sangerkatz,richardwolffedc,31,True
31510,Tweet,sangerkatz,peterbakernyt,23,True
31560,Tweet,sangerkatz,debaratisen,254,False
31513,Tweet,sangerkatz,DouthatNYT,30,True
31507,Tweet,sangerkatz,007pandey,26,True
31533,Tweet,sangerkatz,IAmTimDowling,54,False
31569,Tweet,sangerkatz,mtomasky,19,True
31523,Tweet,sangerkatz,RBReich,10,True
31559,Tweet,sangerkatz,AjayUgrasTOI,167,False
31515,Tweet,sangerkatz,mtomasky,26,True
31575,Tweet,sangerkatz,ggreenwald,32,True
31506,Tweet,sangerkatz,mtomasky,27,True
31588,Tweet,sangerkatz,RBReich,26,True
173615,Article,AnujaJaiswalTOI,bindiyachariTOI,21,True
173508,Article,AnujaJaiswalTOI,niyatiparikhTOI,9,True
173677,Article,AnujaJaiswalTOI,MohitaTOI,110,False
173515,Article,AnujaJaiswalTOI,rajatpTOI,78,False
173494,Article,AnujaJaiswalTOI,bindiyachariTOI,14,True
173479,Article,AnujaJaiswalTOI,petleepeter,73,False
173648,Article,AnujaJaiswalTOI,akhileshsTOI,115,False
173686,Article,AnujaJaiswalTOI,jameskanter,72,False
173647,Article,AnujaJaiswalTOI,RoniNYTimes,10,True
173707,Article,AnujaJaiswalTOI,vijayVsinghTOI,21,True
173679,Article,AnujaJaiswalTOI,SagrikaKissu,36,False
173534,Article,AnujaJaiswalTOI,RoniNYTimes,11,True
173710,Article,AnujaJaiswalTOI,vaibhavgTOI,100,False
173629,Article,AnujaJaiswalTOI,niyatiparikhTOI,10,True
173691,Article,AnujaJaiswalTOI,Crime_Selvaraj,7,True
173729,Tweet,AnujaJaiswalTOI,AtulMathur_,40,False
173725,Tweet,AnujaJaiswalTOI,DanielKingChess,231,False
173730,Tweet,AnujaJaiswalTOI,SwatiMathurTOI,101,False
173748,Tweet,AnujaJaiswalTOI,utejonmayamTOI,25,True
173733,Tweet,AnujaJaiswalTOI,utejonmayamTOI,16,True
173756,Tweet,AnujaJaiswalTOI,vijaysinghTOI,41,False
173727,Tweet,AnujaJaiswalTOI,omjasvinTOI,4,True
173743,Tweet,AnujaJaiswalTOI,PNaveenTOI,80,False
173772,Tweet,AnujaJaiswalTOI,RosySequeiraTOI,7,True
173745,Tweet,AnujaJaiswalTOI,SearleAdrian,444,False
173734,Tweet,AnujaJaiswalTOI,rashmidTOI,45,False
173762,Tweet,AnujaJaiswalTOI,NishikantkTOI,59,False
173744,Tweet,AnujaJaiswalTOI,jatinder_tur,38,False
173751,Tweet,AnujaJaiswalTOI,dubeyavishek,12,True
173752,Tweet,AnujaJaiswalTOI,ChaitanyadTOI,3,True
21688,Article,helenecooper,BhanupratapsTOI,19,True
21656,Article,helenecooper,rajatpTOI,31,True
21685,Article,helenecooper,dionnesearcey,22,True
21607,Article,helenecooper,ChuBailiang,26,True
21678,Article,helenecooper,AshokPradhanTOI,40,False
21615,Article,helenecooper,NeilMacFarquhar,28,True
21665,Article,helenecooper,hugolowell,15,True
21645,Article,helenecooper,NeilMacFarquhar,18,True
21625,Article,helenecooper,yeshikabudhwar,25,True
21641,Article,helenecooper,NeilMacFarquhar,22,True
21658,Article,helenecooper,john_hooper,12,True
21670,Article,helenecooper,viasimonromero,19,True
21654,Article,helenecooper,KapildaveTOI,27,True
21606,Article,helenecooper,hugolowell,21,True
21648,Article,helenecooper,NYTBen,27,True
21794,Tweet,helenecooper,bylizrobbins,144,False
21735,Tweet,helenecooper,alexvtunzelmann,134,False
21769,Tweet,helenecooper,thrasherxy,148,False
21786,Tweet,helenecooper,Shilarze_SSR,87,False
21783,Tweet,helenecooper,meeravohraTOI,24,True
21711,Tweet,helenecooper,jatinder_tur,310,False
21753,Tweet,helenecooper,saumyajitbTOI,111,False
21798,Tweet,helenecooper,rajatpTOI,54,False
21708,Tweet,helenecooper,SyedAkbarTOI,474,False
21795,Tweet,helenecooper,PeterTatchell,328,False
21787,Tweet,helenecooper,neelam_raaj,401,False
21790,Tweet,helenecooper,thrasherxy,162,False
21745,Tweet,helenecooper,carolecadwalla,380,False
21748,Tweet,helenecooper,bindelj,409,False
21742,Tweet,helenecooper,Shreyanka_M,64,False
26007,Article,kenvogel,ewong,55,False
26008,Article,kenvogel,michelleinbklyn,26,True
26088,Article,kenvogel,Azi,30,True
26031,Article,kenvogel,PatrickKingsley,29,True
26006,Article,kenvogel,Azi,31,True
26009,Article,kenvogel,ewong,27,True
26018,Article,kenvogel,pete_wells,31,True
26055,Article,kenvogel,toi_dhananjayM,23,True
26016,Article,kenvogel,marywalshjourno,21,True
26061,Article,kenvogel,SangerNYT,20,True
26091,Article,kenvogel,noamscheiber,14,True
26086,Article,kenvogel,SharonLNYT,12,True
26042,Article,kenvogel,Bencjacobs,7,True
26092,Article,kenvogel,farnazfassihi,23,True
26044,Article,kenvogel,llerer,6,True
26169,Tweet,kenvogel,bylizrobbins,111,False
26143,Tweet,kenvogel,parthasinha,452,False
26155,Tweet,kenvogel,billywitz,219,False
26130,Tweet,kenvogel,hannahdev,363,False
26107,Tweet,kenvogel,jennyschuessler,94,False
26183,Tweet,kenvogel,ggreenwald,201,False
26129,Tweet,kenvogel,Bencjacobs,6,True
26121,Tweet,kenvogel,mtomasky,51,False
26109,Tweet,kenvogel,alexanderburns,4,True
26145,Tweet,kenvogel,RBReich,8,True
26186,Tweet,kenvogel,bagishjhaTOI,224,False
26118,Tweet,kenvogel,007pandey,30,True
26135,Tweet,kenvogel,MoharBasu,431,False
26180,Tweet,kenvogel,ggreenwald,51,False
26152,Tweet,kenvogel,hillhulse,28,True
23097,Article,genznyt,FabrizioRomano,17,True
23026,Article,genznyt,PatrickKingsley,293,False
23064,Article,genznyt,stevenerlanger,22,True
23036,Article,genznyt,timjonze,9,True
23068,Article,genznyt,RaphaelMinder,19,True
23086,Article,genznyt,FabrizioRomano,21,True
23092,Article,genznyt,BellaKwai,23,True
23031,Article,genznyt,juliarebeccaj,12,True
23017,Article,genznyt,peterbakernyt,202,False
23066,Article,genznyt,Banjotkaur,15,True
23046,Article,genznyt,CeylanWrites,14,True
23011,Article,genznyt,alexmarshall81,7,True
23099,Article,genznyt,carolecadwalla,32,True
23051,Article,genznyt,vwang3,26,True
23057,Article,genznyt,carolecadwalla,20,True
23189,Tweet,genznyt,margaretrenkl,76,False
23192,Tweet,genznyt,desaisantosh,293,False
23162,Tweet,genznyt,bindelj,200,False
23165,Tweet,genznyt,FabrizioRomano,278,False
23174,Tweet,genznyt,stevenpoole,230,False
23178,Tweet,genznyt,JoshuaRozenberg,117,False
23170,Tweet,genznyt,debaratisen,29,True
23146,Tweet,genznyt,mateenHTOI,176,False
23139,Tweet,genznyt,vijaysinghTOI,45,False
23138,Tweet,genznyt,ollywainwright,29,True
23186,Tweet,genznyt,NYTLiz,225,False
23118,Tweet,genznyt,shiba_kurian,10,True
23150,Tweet,genznyt,mswainwright,4,True
23122,Tweet,genznyt,kiracochrane,24,True
23184,Tweet,genznyt,DerekMalcolm123,164,False
20229,Article,ditzkoff,andrewrsorkin,30,True
20211,Article,ditzkoff,ericschmittnyt,30,True
20243,Article,ditzkoff,EVincentelli,24,True
20237,Article,ditzkoff,DouthatNYT,29,True
20251,Article,ditzkoff,juliarebeccaj,10,True
20254,Article,ditzkoff,lauriegnyt,24,True
20262,Article,ditzkoff,benkenigsberg,43,False
20294,Article,ditzkoff,anemonanyc,77,False
20273,Article,ditzkoff,andrewrsorkin,24,True
20279,Article,ditzkoff,margaretrenkl,4,True
20220,Article,ditzkoff,rondakaysen,16,True
20270,Article,ditzkoff,PerriKlass,42,False
20278,Article,ditzkoff,kbennhold,7,True
20281,Article,ditzkoff,DanielKingChess,139,False
20224,Article,ditzkoff,lukebroadwater,97,False
20349,Tweet,ditzkoff,jackschofield,43,False
20358,Tweet,ditzkoff,vanbadham,123,False
20355,Tweet,ditzkoff,LauraCummingArt,19,True
20327,Tweet,ditzkoff,afuahirsch,18,True
20312,Tweet,ditzkoff,richardwolffedc,32,True
20325,Tweet,ditzkoff,ollywainwright,37,False
20342,Tweet,ditzkoff,RowanMoore,74,False
20383,Tweet,ditzkoff,mtomasky,32,True
20360,Tweet,ditzkoff,nnougayrede,32,True
20393,Tweet,ditzkoff,FranklinBlog,366,False
20311,Tweet,ditzkoff,nnougayrede,28,True
20386,Tweet,ditzkoff,TimdeLisle,15,True
20333,Tweet,ditzkoff,jamesrbuk,34,False
20387,Tweet,ditzkoff,Markbeaumontuk,30,True
20368,Tweet,ditzkoff,RBReich,62,False
5867,Article,DavidWaldstein,saumyajitbTOI,18,True
5877,Article,DavidWaldstein,RorySmith,9,True
5875,Article,DavidWaldstein,meddynyt,11,True
5873,Article,DavidWaldstein,toi_ManujaV,80,False
5891,Article,DavidWaldstein,gettleman,321,False
5894,Article,DavidWaldstein,IKershner,21,True
5856,Article,DavidWaldstein,billmpennington,7,True
5845,Article,DavidWaldstein,SarahMaslinNir,13,True
5802,Article,DavidWaldstein,toi_rohanA,13,True
5840,Article,DavidWaldstein,aniljdias,14,True
5866,Article,DavidWaldstein,SangerNYT,13,True
5874,Article,DavidWaldstein,kannoyoungs,5,True
5899,Article,DavidWaldstein,jackschofield,309,False
5825,Article,DavidWaldstein,jackschofield,194,False
5885,Article,DavidWaldstein,samsifton,25,True
5910,Tweet,DavidWaldstein,ggreenwald,19,True
5921,Tweet,DavidWaldstein,DerekMalcolm123,136,False
5932,Tweet,DavidWaldstein,adamliptak,152,False
5949,Tweet,DavidWaldstein,pete_wells,14,True
5963,Tweet,DavidWaldstein,saumyajitbTOI,27,True
5911,Tweet,DavidWaldstein,PerriKlass,16,True
5964,Tweet,DavidWaldstein,sendvictorious,17,True
5991,Tweet,DavidWaldstein,ggreenwald,203,False
5973,Tweet,DavidWaldstein,saumyajitbTOI,9,True
5941,Tweet,DavidWaldstein,aditya_bh16,16,True
5913,Tweet,DavidWaldstein,tariqpanja,7,True
5974,Tweet,DavidWaldstein,wesley_morris,14,True
5930,Tweet,DavidWaldstein,TridibIANS,9,True
5956,Tweet,DavidWaldstein,christophclarey,321,False
5946,Tweet,DavidWaldstein,NewtonSTOI,22,True
10875,Article,jwpetersNYT,SherylNYT,21,True
10846,Article,jwpetersNYT,michelleinbklyn,24,True
10816,Article,jwpetersNYT,IKershner,22,True
10892,Article,jwpetersNYT,ianrausten,8,True
10821,Article,jwpetersNYT,hugolowell,65,False
10828,Article,jwpetersNYT,liamstack,4,True
10884,Article,jwpetersNYT,SocialQPhilip,11,True
10893,Article,jwpetersNYT,SyedAkbarTOI,84,False
10803,Article,jwpetersNYT,peterbakernyt,11,True
10866,Article,jwpetersNYT,Bencjacobs,4,True
10823,Article,jwpetersNYT,durgeshjhaTOI,220,False
10888,Article,jwpetersNYT,marywalshjourno,3,True
10832,Article,jwpetersNYT,Bencjacobs,2,True
10858,Article,jwpetersNYT,Azi,59,False
10859,Article,jwpetersNYT,charlie_savage,18,True
10921,Tweet,jwpetersNYT,alexvtunzelmann,41,False
10900,Tweet,jwpetersNYT,helenecooper,16,True
10993,Tweet,jwpetersNYT,alanfeuer,17,True
10906,Tweet,jwpetersNYT,vijayVsinghTOI,41,False
10932,Tweet,jwpetersNYT,NYTBen,18,True
10979,Tweet,jwpetersNYT,Bencjacobs,97,False
10974,Tweet,jwpetersNYT,ArthurNeslen,23,True
10965,Tweet,jwpetersNYT,ggreenwald,40,False
10927,Tweet,jwpetersNYT,RBReich,3,True
10970,Tweet,jwpetersNYT,philipoltermann,88,False
10929,Tweet,jwpetersNYT,JessicaValenti,30,True
10953,Tweet,jwpetersNYT,alexanderburns,28,True
10999,Tweet,jwpetersNYT,anniekarni,23,True
10940,Tweet,jwpetersNYT,hugolowell,40,False
10923,Tweet,jwpetersNYT,marcatracy,10,True
15011,Article,noamscheiber,hugolowell,9,True
15079,Article,noamscheiber,jimtankersley,17,True
15007,Article,noamscheiber,Bencjacobs,30,True
15001,Article,noamscheiber,el_belson,44,False
15074,Article,noamscheiber,gmorgenson,17,True
15042,Article,noamscheiber,peterbakernyt,9,True
15094,Article,noamscheiber,bencasselman,24,True
15062,Article,noamscheiber,noamscheiber,1,True
15005,Article,noamscheiber,StacyCowley,3,True
15057,Article,noamscheiber,hugolowell,8,True
15022,Article,noamscheiber,StacyCowley,5,True
15070,Article,noamscheiber,NYTimesCohen,11,True
15084,Article,noamscheiber,AtulMathur_,7,True
15064,Article,noamscheiber,bencasselman,5,True
15029,Article,noamscheiber,noamscheiber,1,True
15133,Tweet,noamscheiber,jatinder_tur,25,True
15167,Tweet,noamscheiber,OLIVERBALCH,148,False
15192,Tweet,noamscheiber,jackschofield,101,False
15143,Tweet,noamscheiber,andrewrsorkin,6,True
15161,Tweet,noamscheiber,ajaysuraTOI,8,True
15120,Tweet,noamscheiber,kylebuchanan,24,True
15157,Tweet,noamscheiber,gmorgenson,120,False
15126,Tweet,noamscheiber,hugolowell,28,True
15159,Tweet,noamscheiber,PjJoychen,32,True
15173,Tweet,noamscheiber,aseemsgujar,18,True
15183,Tweet,noamscheiber,vijaypTOI,406,False
15139,Tweet,noamscheiber,noamscheiber,1,True
15193,Tweet,noamscheiber,attackerman,20,True
15153,Tweet,noamscheiber,attackerman,7,True
15136,Tweet,noamscheiber,GeorgeMonbiot,30,True
8694,Article,hillhulse,hugolowell,26,True
8642,Article,hillhulse,RBReich,26,True
8697,Article,hillhulse,kannoyoungs,18,True
8680,Article,hillhulse,lukebroadwater,20,True
8606,Article,hillhulse,saumyajitbTOI,16,True
8672,Article,hillhulse,peterbakernyt,25,True
8652,Article,hillhulse,hugolowell,26,True
8647,Article,hillhulse,kannoyoungs,12,True
8689,Article,hillhulse,hillhulse,1,True
8696,Article,hillhulse,adamliptak,12,True
8656,Article,hillhulse,marcatracy,19,True
8613,Article,hillhulse,sangerkatz,23,True
8607,Article,hillhulse,npfandos,11,True
8600,Article,hillhulse,hugolowell,29,True
8629,Article,hillhulse,aurelienbrd,13,True
8780,Tweet,hillhulse,GlennThrush,3,True
8771,Tweet,hillhulse,SribaalaVTOI,8,True
8737,Tweet,hillhulse,sisario,8,True
8790,Tweet,hillhulse,michelleinbklyn,22,True
8715,Tweet,hillhulse,jeannasmialek,23,True
8757,Tweet,hillhulse,IanCobain,24,True
8720,Tweet,hillhulse,adamliptak,120,False
8730,Tweet,hillhulse,Bencjacobs,4,True
8753,Tweet,hillhulse,lenoretaylor,29,True
8743,Tweet,hillhulse,mtomasky,96,False
8758,Tweet,hillhulse,NYTLiz,5,True
8742,Tweet,hillhulse,Azi,28,True
8793,Tweet,hillhulse,apoorva_nyc,9,True
8719,Tweet,hillhulse,asrpmukeshTOI,84,False
8732,Tweet,hillhulse,hugolowell,16,True
