id,genre,label,prediction,rank
122567,Article,MiriamElder,IanCobain,15
122705,Article,MiriamElder,marthakelner,3
122616,Article,MiriamElder,EllenBarryNYT,82
122635,Article,MiriamElder,naomi2009,10
122610,Article,MiriamElder,npwcnn,2
122716,Article,MiriamElder,john_hooper,11
122761,Article,MiriamElder,MiriamElder,1
122730,Article,MiriamElder,msrachelcooke,15
122725,Article,MiriamElder,npwcnn,3
122784,Article,MiriamElder,declanwalsh,11
122801,Article,MiriamElder,MiriamElder,1
122760,Article,MiriamElder,MiriamElder,1
122622,Article,MiriamElder,NeilMacFarquhar,65
122590,Article,MiriamElder,ewenmacaskill,9
122592,Article,MiriamElder,marthakelner,7
123083,Tweet,MiriamElder,DouthatNYT,156
123165,Tweet,MiriamElder,joncaramanica,100
123022,Tweet,MiriamElder,afuahirsch,81
123096,Tweet,MiriamElder,alexanderburns,140
122820,Tweet,MiriamElder,richardwolffedc,121
122862,Tweet,MiriamElder,dwightgarner,237
122971,Tweet,MiriamElder,alanconnor,80
123275,Tweet,MiriamElder,andybrassell,132
123118,Tweet,MiriamElder,kiracochrane,145
123268,Tweet,MiriamElder,sarahlyall,141
123095,Tweet,MiriamElder,NYTLiz,92
123320,Tweet,MiriamElder,julianbarnes,170
122828,Tweet,MiriamElder,NYTLiz,226
123337,Tweet,MiriamElder,fmanjoo,163
123151,Tweet,MiriamElder,NYTLiz,231
51369,Article,NesrineMalik,afuahirsch,37
51334,Article,NesrineMalik,MichaelWhite,24
51258,Article,NesrineMalik,williamnhutton,30
51429,Article,NesrineMalik,kenanmalik,6
51263,Article,NesrineMalik,hadleyfreeman,36
51274,Article,NesrineMalik,JohnJCrace,6
51271,Article,NesrineMalik,AndrewSparrow,32
51321,Article,NesrineMalik,williamnhutton,42
51474,Article,NesrineMalik,OwenJones84,19
51265,Article,NesrineMalik,OwenJones84,10
51432,Article,NesrineMalik,OwenJones84,17
51308,Article,NesrineMalik,williamnhutton,29
51309,Article,NesrineMalik,andybrassell,50
51427,Article,NesrineMalik,garyyounge,50
51232,Article,NesrineMalik,OwenJones84,29
52050,Tweet,NesrineMalik,JohnJCrace,18
51968,Tweet,NesrineMalik,GiniaNYT,267
52046,Tweet,NesrineMalik,gabyhinsliff,16
51757,Tweet,NesrineMalik,shattenstone,15
52057,Tweet,NesrineMalik,jennydeluxe,141
51637,Tweet,NesrineMalik,tomfriedman,354
51924,Tweet,NesrineMalik,msrachelcooke,21
51928,Tweet,NesrineMalik,joshwiddicombe,327
51557,Tweet,NesrineMalik,DouthatNYT,80
51921,Tweet,NesrineMalik,HackneyAbbott,138
51488,Tweet,NesrineMalik,jbouie,22
51964,Tweet,NesrineMalik,jbouie,15
51865,Tweet,NesrineMalik,GiniaNYT,240
51722,Tweet,NesrineMalik,jbouie,19
51674,Tweet,NesrineMalik,gabyhinsliff,7
91048,Article,Freedland,michelleinbklyn,361
90991,Article,Freedland,paulmasonnews,23
91101,Article,Freedland,EllenBarryNYT,13
91022,Article,Freedland,andybrassell,11
91068,Article,Freedland,OwenJones84,11
91087,Article,Freedland,andybrassell,9
90955,Article,Freedland,OwenJones84,12
91197,Article,Freedland,williamnhutton,14
90993,Article,Freedland,mariellaf1,205
91041,Article,Freedland,OwenJones84,17
91180,Article,Freedland,andybrassell,10
90954,Article,Freedland,OwenJones84,16
91170,Article,Freedland,archiebland,17
91105,Article,Freedland,JohnJCrace,8
90962,Article,Freedland,andybrassell,7
91502,Tweet,Freedland,nnougayrede,112
91364,Tweet,Freedland,nmcintosh,463
91456,Tweet,Freedland,desaisantosh,159
91542,Tweet,Freedland,joshwiddicombe,245
91608,Tweet,Freedland,msrachelcooke,10
91391,Tweet,Freedland,jbouie,286
91758,Tweet,Freedland,msrachelcooke,38
91635,Tweet,Freedland,sarahlyall,96
91282,Tweet,Freedland,shattenstone,12
91216,Tweet,Freedland,msrachelcooke,2
91328,Tweet,Freedland,williamkeegan,253
91300,Tweet,Freedland,LauraCummingArt,2
91512,Tweet,Freedland,sarahlyall,82
91270,Tweet,Freedland,msrachelcooke,3
91704,Tweet,Freedland,vanbadham,8
30807,Article,rachlharris,cdcaron,143
30832,Article,rachlharris,ASoloski,7
30800,Article,rachlharris,NeilMacFarquhar,66
30802,Article,rachlharris,RachelDonadio,52
30877,Article,rachlharris,smbahr14,20
30833,Article,rachlharris,CeylanWrites,56
30824,Article,rachlharris,RachelDonadio,40
30858,Article,rachlharris,andrewrsorkin,53
30862,Article,rachlharris,EllenBarryNYT,90
30821,Article,rachlharris,jennydeluxe,50
30882,Article,rachlharris,tarasbernard,41
30866,Article,rachlharris,dwightgarner,11
30886,Article,rachlharris,KeithBradsher,166
30801,Article,rachlharris,jorifinkel,2
30851,Article,rachlharris,MichaelPaulson,15
30936,Tweet,rachlharris,aleksk,47
30960,Tweet,rachlharris,garyyounge,93
30922,Tweet,rachlharris,tomfriedman,86
30908,Tweet,rachlharris,garyyounge,70
30967,Tweet,rachlharris,aleksk,94
30914,Tweet,rachlharris,rachlharris,1
30920,Tweet,rachlharris,PamBelluck,44
30973,Tweet,rachlharris,garyyounge,82
30910,Tweet,rachlharris,ByMattStevens,21
30932,Tweet,rachlharris,emmabrockes,38
30906,Tweet,rachlharris,vvfriedman,3
30940,Tweet,rachlharris,gailcollins,42
30934,Tweet,rachlharris,OfficeGSBrown,59
30911,Tweet,rachlharris,rachlharris,1
30951,Tweet,rachlharris,gailcollins,21
40028,Article,john_hooper,john_hooper,1
40116,Article,john_hooper,john_hooper,1
41049,Article,john_hooper,john_hooper,1
38892,Article,john_hooper,john_hooper,1
40147,Article,john_hooper,john_hooper,1
39484,Article,john_hooper,NeilMacFarquhar,6
40313,Article,john_hooper,JohnJCrace,90
40052,Article,john_hooper,john_hooper,1
40688,Article,john_hooper,john_hooper,1
40393,Article,john_hooper,john_hooper,1
39065,Article,john_hooper,andybrassell,106
39503,Article,john_hooper,john_hooper,1
39730,Article,john_hooper,RorySmith,4
40865,Article,john_hooper,john_hooper,1
40800,Article,john_hooper,declanwalsh,3
41813,Tweet,john_hooper,stevenerlanger,146
42111,Tweet,john_hooper,paulmasonnews,99
42076,Tweet,john_hooper,elizabday,82
41618,Tweet,john_hooper,OfficeGSBrown,264
42078,Tweet,john_hooper,andrewrsorkin,79
41647,Tweet,john_hooper,paulkrugman,88
41632,Tweet,john_hooper,nnougayrede,4
41786,Tweet,john_hooper,BellaKwai,76
42054,Tweet,john_hooper,stevenerlanger,34
41980,Tweet,john_hooper,GiniaNYT,5
42022,Tweet,john_hooper,mlevenson,449
41758,Tweet,john_hooper,mtomasky,93
41913,Tweet,john_hooper,andrewrsorkin,94
41578,Tweet,john_hooper,tarasbernard,40
42114,Tweet,john_hooper,stevenerlanger,160
140618,Article,bindelj,lucysiegle,12
140636,Article,bindelj,seaningle,62
140607,Article,bindelj,davidhepworth,2
140510,Article,bindelj,davidhepworth,10
140622,Article,bindelj,williamnhutton,45
140529,Article,bindelj,bindelj,1
140511,Article,bindelj,lukeharding1968,78
140624,Article,bindelj,sunny_hundal,24
140545,Article,bindelj,lyngardner,3
140585,Article,bindelj,OLIVERBALCH,61
140647,Article,bindelj,davidhepworth,30
140559,Article,bindelj,nnougayrede,45
140601,Article,bindelj,mariellaf1,27
140530,Article,bindelj,salihughes,48
140532,Article,bindelj,garyyounge,36
140902,Tweet,bindelj,polblonde,74
141092,Tweet,bindelj,sarahlyall,50
141296,Tweet,bindelj,hadleyfreeman,30
141204,Tweet,bindelj,BellaKwai,323
141164,Tweet,bindelj,melissaclark,56
141175,Tweet,bindelj,msrachelcooke,50
140847,Tweet,bindelj,hadleyfreeman,22
140995,Tweet,bindelj,parul_sehgal,7
141288,Tweet,bindelj,bindelj,1
141209,Tweet,bindelj,joshwiddicombe,198
141268,Tweet,bindelj,jennydeluxe,29
140890,Tweet,bindelj,polblonde,72
140874,Tweet,bindelj,andybrassell,60
141132,Tweet,bindelj,DeccaJourno,10
140805,Tweet,bindelj,laurenlaverne,27
121918,Article,RebeccaSeal,thestephmerritt,28
121831,Article,RebeccaSeal,salihughes,3
121915,Article,RebeccaSeal,DerekMalcolm123,5
121889,Article,RebeccaSeal,DerekMalcolm123,15
121891,Article,RebeccaSeal,maevesther,20
121905,Article,RebeccaSeal,DerekMalcolm123,7
121885,Article,RebeccaSeal,dwightgarner,4
121772,Article,RebeccaSeal,melissaclark,3
121913,Article,RebeccaSeal,LauraCummingArt,104
121826,Article,RebeccaSeal,axrenton,40
121813,Article,RebeccaSeal,RebeccaSeal,1
121755,Article,RebeccaSeal,melissaclark,3
121830,Article,RebeccaSeal,andybrassell,99
121763,Article,RebeccaSeal,RebeccaSeal,1
121723,Article,RebeccaSeal,andybrassell,135
122151,Tweet,RebeccaSeal,rondakaysen,12
122324,Tweet,RebeccaSeal,jennydeluxe,10
122159,Tweet,RebeccaSeal,GiniaNYT,22
122001,Tweet,RebeccaSeal,GiniaNYT,34
122195,Tweet,RebeccaSeal,jennydeluxe,13
122011,Tweet,RebeccaSeal,melissaclark,2
122188,Tweet,RebeccaSeal,melissaclark,2
122238,Tweet,RebeccaSeal,MonaChalabi,9
122148,Tweet,RebeccaSeal,sarahlyall,18
122516,Tweet,RebeccaSeal,FlitterOnFraud,330
122104,Tweet,RebeccaSeal,RebeccaSeal,1
122317,Tweet,RebeccaSeal,MonaChalabi,300
122408,Tweet,RebeccaSeal,msrachelcooke,15
122504,Tweet,RebeccaSeal,msrachelcooke,90
122077,Tweet,RebeccaSeal,davidleighx,437
205936,Article,rebeccaSTOI,rebeccaSTOI,1
206059,Article,rebeccaSTOI,rebeccaSTOI,1
205880,Article,rebeccaSTOI,rebeccaSTOI,1
205952,Article,rebeccaSTOI,rebeccaSTOI,1
205928,Article,rebeccaSTOI,rebeccaSTOI,1
206041,Article,rebeccaSTOI,rebeccaSTOI,1
205842,Article,rebeccaSTOI,vijayVsinghTOI,2
205853,Article,rebeccaSTOI,vijayVsinghTOI,2
205875,Article,rebeccaSTOI,rebeccaSTOI,1
205889,Article,rebeccaSTOI,rebeccaSTOI,1
205970,Article,rebeccaSTOI,ManjuVTOI,3
205817,Article,rebeccaSTOI,rebeccaSTOI,1
206010,Article,rebeccaSTOI,rebeccaSTOI,1
205814,Article,rebeccaSTOI,rebeccaSTOI,1
205819,Article,rebeccaSTOI,rebeccaSTOI,1
206148,Tweet,rebeccaSTOI,smita_mishra,78
206149,Tweet,rebeccaSTOI,sarahlyall,221
206103,Tweet,rebeccaSTOI,niyatiparikhTOI,18
206065,Tweet,rebeccaSTOI,priyagupta999,285
206132,Tweet,rebeccaSTOI,niyatiparikhTOI,12
206067,Tweet,rebeccaSTOI,smita_mishra,198
206126,Tweet,rebeccaSTOI,rebeccaSTOI,1
206118,Tweet,rebeccaSTOI,niyatiparikhTOI,6
206078,Tweet,rebeccaSTOI,rebeccaSTOI,1
206097,Tweet,rebeccaSTOI,niyatiparikhTOI,7
206146,Tweet,rebeccaSTOI,smita_mishra,194
206093,Tweet,rebeccaSTOI,amitanandTOI,5
206125,Tweet,rebeccaSTOI,smita_mishra,276
206141,Tweet,rebeccaSTOI,rebeccaSTOI,1
206128,Tweet,rebeccaSTOI,rebeccaSTOI,1
168205,Article,abantika77,rajendrasTOI,17
168216,Article,abantika77,KapildaveTOI,93
168307,Article,abantika77,toi_dhananjayM,52
168189,Article,abantika77,DekaJayanta,36
168180,Article,abantika77,toi_dhananjayM,28
168130,Article,abantika77,toi_dhananjayM,33
168126,Article,abantika77,saumyajitbTOI,14
168161,Article,abantika77,AtulMathur_,37
168144,Article,abantika77,rajendrasTOI,48
168100,Article,abantika77,Chethan_Dash,105
168251,Article,abantika77,toi_dhananjayM,75
168155,Article,abantika77,AtulMathur_,30
168157,Article,abantika77,rajendrasTOI,31
168255,Article,abantika77,toi_dhananjayM,78
168231,Article,abantika77,AtulMathur_,60
168374,Tweet,abantika77,durgeshjhaTOI,18
168406,Tweet,abantika77,27saurabhsinha,14
168389,Tweet,abantika77,rashmidTOI,27
168446,Tweet,abantika77,OfficeGSBrown,59
168426,Tweet,abantika77,FelicityCloake,147
168379,Tweet,abantika77,pradeeptTOI,20
168395,Tweet,abantika77,andybrassell,121
168368,Tweet,abantika77,PerriKlass,35
168373,Tweet,abantika77,JohnJCrace,239
168366,Tweet,abantika77,LauraCummingArt,269
168351,Tweet,abantika77,Gauraw2297,62
168388,Tweet,abantika77,joshwiddicombe,90
168424,Tweet,abantika77,MujMash,14
168414,Tweet,abantika77,Gauraw2297,25
168439,Tweet,abantika77,joshwiddicombe,81
49755,Article,jimwaterson,jimwaterson,1
49711,Article,jimwaterson,sisario,7
49549,Article,jimwaterson,jimwaterson,1
49620,Article,jimwaterson,PippaCrerar,3
49744,Article,jimwaterson,jimwaterson,1
49583,Article,jimwaterson,NilsPratley,2
49635,Article,jimwaterson,afuahirsch,55
49548,Article,jimwaterson,marthakelner,3
49662,Article,jimwaterson,jimwaterson,1
49690,Article,jimwaterson,archiebland,156
49591,Article,jimwaterson,jimwaterson,1
49761,Article,jimwaterson,jimwaterson,1
49785,Article,jimwaterson,marthakelner,3
49553,Article,jimwaterson,nicholaswatt,2
49762,Article,jimwaterson,archiebland,61
49986,Tweet,jimwaterson,sarahditum,139
50002,Tweet,jimwaterson,RorySmith,9
49971,Tweet,jimwaterson,joshwiddicombe,316
50321,Tweet,jimwaterson,jonronson,50
49886,Tweet,jimwaterson,jimwaterson,1
49878,Tweet,jimwaterson,davidleighx,124
50338,Tweet,jimwaterson,davidleighx,129
50248,Tweet,jimwaterson,andrewrsorkin,31
50334,Tweet,jimwaterson,andrewrsorkin,23
49938,Tweet,jimwaterson,priyagupta999,376
50083,Tweet,jimwaterson,fmanjoo,78
49858,Tweet,jimwaterson,GiniaNYT,24
50061,Tweet,jimwaterson,sarahlyall,8
49997,Tweet,jimwaterson,jennydeluxe,59
50336,Tweet,jimwaterson,davidleighx,158
109481,Article,IanCobain,AndrewSparrow,2
109588,Article,IanCobain,marthakelner,55
109573,Article,IanCobain,archiebland,22
109648,Article,IanCobain,JohnJCrace,13
109673,Article,IanCobain,williamnhutton,59
109492,Article,IanCobain,ewenmacaskill,29
109583,Article,IanCobain,john_hooper,136
109521,Article,IanCobain,LauraCummingArt,36
109688,Article,IanCobain,IanCobain,1
109705,Article,IanCobain,declanwalsh,13
109638,Article,IanCobain,ewenmacaskill,9
109487,Article,IanCobain,julianbarnes,135
109533,Article,IanCobain,NeilMacFarquhar,174
109634,Article,IanCobain,IanCobain,1
109678,Article,IanCobain,JohnJCrace,25
109796,Tweet,IanCobain,gracedent,91
109946,Tweet,IanCobain,RaphaelMinder,307
110100,Tweet,IanCobain,ElianPeltier,191
109746,Tweet,IanCobain,tomfriedman,311
110202,Tweet,IanCobain,davidleighx,104
110175,Tweet,IanCobain,joshwiddicombe,212
110258,Tweet,IanCobain,TanyaGold1,85
110158,Tweet,IanCobain,nmcintosh,35
109757,Tweet,IanCobain,andrewrsorkin,232
110214,Tweet,IanCobain,JohnJCrace,11
110141,Tweet,IanCobain,sarahlyall,148
110113,Tweet,IanCobain,NeilMacFarquhar,79
110030,Tweet,IanCobain,jimwaterson,104
109886,Tweet,IanCobain,msrachelcooke,74
109929,Tweet,IanCobain,stevenerlanger,248
57338,Article,steve_hewlett,NilsPratley,2
57327,Article,steve_hewlett,steve_hewlett,1
57228,Article,steve_hewlett,steve_hewlett,1
57334,Article,steve_hewlett,steve_hewlett,1
57401,Article,steve_hewlett,DanielKingChess,2
57348,Article,steve_hewlett,NilsPratley,4
57281,Article,steve_hewlett,NilsPratley,2
57164,Article,steve_hewlett,steve_hewlett,1
57284,Article,steve_hewlett,NilsPratley,2
57366,Article,steve_hewlett,jimwaterson,8
57169,Article,steve_hewlett,NilsPratley,2
57385,Article,steve_hewlett,steve_hewlett,1
57286,Article,steve_hewlett,NilsPratley,2
57210,Article,steve_hewlett,steve_hewlett,1
57233,Article,steve_hewlett,steve_hewlett,1
57561,Tweet,steve_hewlett,DerekMalcolm123,3
57708,Tweet,steve_hewlett,jonronson,113
57873,Tweet,steve_hewlett,steve_hewlett,1
57920,Tweet,steve_hewlett,SearleAdrian,107
57952,Tweet,steve_hewlett,joshwiddicombe,36
57886,Tweet,steve_hewlett,steve_hewlett,1
57733,Tweet,steve_hewlett,priyagupta999,380
57781,Tweet,steve_hewlett,paulkrugman,21
57986,Tweet,steve_hewlett,shattenstone,179
57815,Tweet,steve_hewlett,joshwiddicombe,36
57752,Tweet,steve_hewlett,nicholaswatt,3
57645,Tweet,steve_hewlett,allegramcevedy,143
57611,Tweet,steve_hewlett,GiniaNYT,84
57722,Tweet,steve_hewlett,emilybell,4
57841,Tweet,steve_hewlett,greenslader,45
90420,Article,joshwiddicombe,davidhepworth,146
90287,Article,joshwiddicombe,marthakelner,442
90374,Article,joshwiddicombe,JohnJCrace,47
90264,Article,joshwiddicombe,sarfrazmanzoor,31
90393,Article,joshwiddicombe,andybrassell,20
90359,Article,joshwiddicombe,marthakelner,359
90385,Article,joshwiddicombe,RorySmith,256
90323,Article,joshwiddicombe,TimdeLisle,27
90362,Article,joshwiddicombe,tariqpanja,374
90386,Article,joshwiddicombe,marthakelner,444
90281,Article,joshwiddicombe,RorySmith,327
90366,Article,joshwiddicombe,seaningle,260
90361,Article,joshwiddicombe,andybrassell,66
90382,Article,joshwiddicombe,davidhepworth,197
90300,Article,joshwiddicombe,sarfrazmanzoor,31
90740,Tweet,joshwiddicombe,joshwiddicombe,1
90914,Tweet,joshwiddicombe,joshwiddicombe,1
90904,Tweet,joshwiddicombe,jonronson,285
90898,Tweet,joshwiddicombe,vanbadham,3
90556,Tweet,joshwiddicombe,msrachelcooke,115
90568,Tweet,joshwiddicombe,joshwiddicombe,1
90702,Tweet,joshwiddicombe,sarahlyall,336
90477,Tweet,joshwiddicombe,vwang3,4
90540,Tweet,joshwiddicombe,alanconnor,2
90602,Tweet,joshwiddicombe,richardwolffedc,9
90889,Tweet,joshwiddicombe,mariellaf1,2
90716,Tweet,joshwiddicombe,joshwiddicombe,1
90471,Tweet,joshwiddicombe,alanconnor,3
90638,Tweet,joshwiddicombe,joshwiddicombe,1
90664,Tweet,joshwiddicombe,priyagupta999,5
151315,Article,ottolenghi,ottolenghi,1
151520,Article,ottolenghi,ottolenghi,1
151400,Article,ottolenghi,ottolenghi,1
151319,Article,ottolenghi,sarfrazmanzoor,13
151540,Article,ottolenghi,ottolenghi,1
151385,Article,ottolenghi,ottolenghi,1
151330,Article,ottolenghi,ottolenghi,1
151428,Article,ottolenghi,ottolenghi,1
151317,Article,ottolenghi,FelicityCloake,4
151356,Article,ottolenghi,ottolenghi,1
151411,Article,ottolenghi,FelicityCloake,14
151512,Article,ottolenghi,ottolenghi,1
151447,Article,ottolenghi,ottolenghi,1
151466,Article,ottolenghi,ottolenghi,1
151354,Article,ottolenghi,ottolenghi,1
151635,Tweet,ottolenghi,allegramcevedy,2
151717,Tweet,ottolenghi,joshwiddicombe,28
151919,Tweet,ottolenghi,we_are_food,2
152158,Tweet,ottolenghi,we_are_food,109
151941,Tweet,ottolenghi,we_are_food,2
151952,Tweet,ottolenghi,ottolenghi,1
152067,Tweet,ottolenghi,we_are_food,3
151897,Tweet,ottolenghi,OfficeGSBrown,374
152078,Tweet,ottolenghi,we_are_food,2
151626,Tweet,ottolenghi,ottolenghi,1
151810,Tweet,ottolenghi,we_are_food,2
151774,Tweet,ottolenghi,we_are_food,2
152055,Tweet,ottolenghi,we_are_food,2
152109,Tweet,ottolenghi,we_are_food,2
152142,Tweet,ottolenghi,OfficeGSBrown,281
83903,Article,jhoffman,hadleyfreeman,110
84072,Article,jhoffman,jhoffman,1
84102,Article,jhoffman,EVincentelli,2
84108,Article,jhoffman,EVincentelli,2
83981,Article,jhoffman,jhoffman,1
83998,Article,jhoffman,jhoffman,1
84081,Article,jhoffman,jhoffman,1
84039,Article,jhoffman,jhoffman,1
84046,Article,jhoffman,jhoffman,1
84031,Article,jhoffman,jhoffman,1
84122,Article,jhoffman,jhoffman,1
84111,Article,jhoffman,EVincentelli,4
83944,Article,jhoffman,garyyounge,92
83962,Article,jhoffman,jhoffman,1
84129,Article,jhoffman,jhoffman,1
84582,Tweet,jhoffman,dwightgarner,20
84337,Tweet,jhoffman,wesley_morris,31
84338,Tweet,jhoffman,gailcollins,413
84497,Tweet,jhoffman,jennydeluxe,30
84335,Tweet,jhoffman,tariqpanja,11
84576,Tweet,jhoffman,KSchulten,11
84208,Tweet,jhoffman,jhoffman,1
84169,Tweet,jhoffman,vvfriedman,167
84483,Tweet,jhoffman,samsifton,178
84265,Tweet,jhoffman,jonronson,33
84393,Tweet,jhoffman,sarahlyall,16
84333,Tweet,jhoffman,joncaramanica,38
84154,Tweet,jhoffman,DerekMalcolm123,43
84452,Tweet,jhoffman,joncaramanica,92
84238,Tweet,jhoffman,GiniaNYT,13
97769,Article,andrewrawnsley,JohnJCrace,7
97676,Article,andrewrawnsley,williamnhutton,9
97764,Article,andrewrawnsley,andrewrawnsley,1
97870,Article,andrewrawnsley,andybrassell,5
97713,Article,andrewrawnsley,williamnhutton,13
97694,Article,andrewrawnsley,JohnJCrace,120
97661,Article,andrewrawnsley,JohnJCrace,29
97644,Article,andrewrawnsley,JohnJCrace,139
97741,Article,andrewrawnsley,OwenJones84,2
97678,Article,andrewrawnsley,williamnhutton,24
97854,Article,andrewrawnsley,williamnhutton,32
97781,Article,andrewrawnsley,archiebland,17
97695,Article,andrewrawnsley,OwenJones84,17
97874,Article,andrewrawnsley,GeorgeMonbiot,2
97683,Article,andrewrawnsley,OwenJones84,6
98209,Tweet,andrewrawnsley,andrewrawnsley,1
98186,Tweet,andrewrawnsley,andrewrawnsley,1
98082,Tweet,andrewrawnsley,GiniaNYT,59
97912,Tweet,andrewrawnsley,GiniaNYT,61
98072,Tweet,andrewrawnsley,andrewrawnsley,1
98151,Tweet,andrewrawnsley,andrewrawnsley,1
98484,Tweet,andrewrawnsley,andrewrawnsley,1
98016,Tweet,andrewrawnsley,sarahlyall,58
98407,Tweet,andrewrawnsley,andrewrawnsley,1
98111,Tweet,andrewrawnsley,andrewrawnsley,1
98342,Tweet,andrewrawnsley,gailcollins,2
98370,Tweet,andrewrawnsley,andrewrawnsley,1
98341,Tweet,andrewrawnsley,andrewrawnsley,1
98204,Tweet,andrewrawnsley,GiniaNYT,155
97978,Tweet,andrewrawnsley,annanorthtweets,247
119192,Article,andrew_mueller,sendvictorious,2
119387,Article,andrew_mueller,LauraCummingArt,3
119254,Article,andrew_mueller,garyyounge,117
119365,Article,andrew_mueller,sendvictorious,2
119221,Article,andrew_mueller,sendvictorious,2
119284,Article,andrew_mueller,sendvictorious,2
119378,Article,andrew_mueller,sendvictorious,2
119267,Article,andrew_mueller,andrew_mueller,1
119388,Article,andrew_mueller,andybrassell,119
119281,Article,andrew_mueller,charltonbrooker,66
119270,Article,andrew_mueller,sendvictorious,2
119280,Article,andrew_mueller,DeccaJourno,12
119333,Article,andrew_mueller,TimdeLisle,20
119394,Article,andrew_mueller,sendvictorious,2
119169,Article,andrew_mueller,sendvictorious,2
119575,Tweet,andrew_mueller,timlottwriter,92
119758,Tweet,andrew_mueller,davidhepworth,82
119628,Tweet,andrew_mueller,sarahlyall,141
119721,Tweet,andrew_mueller,gettleman,274
119425,Tweet,andrew_mueller,stevenerlanger,109
119473,Tweet,andrew_mueller,alanconnor,23
119500,Tweet,andrew_mueller,joncaramanica,121
119553,Tweet,andrew_mueller,vanbadham,291
119802,Tweet,andrew_mueller,alanconnor,14
119604,Tweet,andrew_mueller,GiniaNYT,86
119895,Tweet,andrew_mueller,DanBilefsky,83
119726,Tweet,andrew_mueller,davidhepworth,35
119491,Tweet,andrew_mueller,davidhepworth,25
119793,Tweet,andrew_mueller,GiniaNYT,130
119458,Tweet,andrew_mueller,joncaramanica,209
219532,Article,UttaraVarmaTOI,UttaraVarmaTOI,1
219516,Article,UttaraVarmaTOI,NewtonSTOI,2
219574,Article,UttaraVarmaTOI,UttaraVarmaTOI,1
219499,Article,UttaraVarmaTOI,NewtonSTOI,2
219488,Article,UttaraVarmaTOI,UttaraVarmaTOI,1
219497,Article,UttaraVarmaTOI,UttaraVarmaTOI,1
219583,Article,UttaraVarmaTOI,KomalGautham,6
219575,Article,UttaraVarmaTOI,UttaraVarmaTOI,1
219439,Article,UttaraVarmaTOI,yusrahusain,5
219493,Article,UttaraVarmaTOI,UttaraVarmaTOI,1
219567,Article,UttaraVarmaTOI,AmritadTOI,6
219530,Article,UttaraVarmaTOI,ThevarSteffy,2
219523,Article,UttaraVarmaTOI,NewtonSTOI,4
219529,Article,UttaraVarmaTOI,ThevarSteffy,3
219520,Article,UttaraVarmaTOI,ThevarSteffy,7
219705,Tweet,UttaraVarmaTOI,NirupaTOI,65
219693,Tweet,UttaraVarmaTOI,msrachelcooke,34
219691,Tweet,UttaraVarmaTOI,sermoninstone,14
219694,Tweet,UttaraVarmaTOI,msrachelcooke,83
219636,Tweet,UttaraVarmaTOI,murarishetyeTOI,163
219640,Tweet,UttaraVarmaTOI,sermoninstone,117
219611,Tweet,UttaraVarmaTOI,mohuadazz,55
219680,Tweet,UttaraVarmaTOI,sunny_hundal,119
219627,Tweet,UttaraVarmaTOI,bagishjhaTOI,166
219631,Tweet,UttaraVarmaTOI,BellaKwai,219
219675,Tweet,UttaraVarmaTOI,Freedland,230
219697,Tweet,UttaraVarmaTOI,msrachelcooke,189
219660,Tweet,UttaraVarmaTOI,sermoninstone,86
219699,Tweet,UttaraVarmaTOI,priyagupta999,66
219689,Tweet,UttaraVarmaTOI,msrachelcooke,15
222249,Article,yeshikabudhwar,AjayUgrasTOI,68
222137,Article,yeshikabudhwar,yusrahusain,13
222221,Article,yeshikabudhwar,SagrikaKissu,12
222283,Article,yeshikabudhwar,yusrahusain,30
222197,Article,yeshikabudhwar,rebeccaSTOI,7
222153,Article,yeshikabudhwar,SidharthB25,9
222294,Article,yeshikabudhwar,BawaNaaved,24
222161,Article,yeshikabudhwar,yusrahusain,20
222329,Article,yeshikabudhwar,rebeccaSTOI,9
222189,Article,yeshikabudhwar,rajatpTOI,85
222235,Article,yeshikabudhwar,toi_dhananjayM,74
222187,Article,yeshikabudhwar,SidharthB25,11
222206,Article,yeshikabudhwar,SidharthB25,23
222321,Article,yeshikabudhwar,BawaNaaved,17
222133,Article,yeshikabudhwar,SidharthB25,10
222422,Tweet,yeshikabudhwar,priyagupta999,19
222448,Tweet,yeshikabudhwar,sermoninstone,63
222466,Tweet,yeshikabudhwar,priyagupta999,36
222395,Tweet,yeshikabudhwar,desaisantosh,11
222418,Tweet,yeshikabudhwar,afuahirsch,64
222435,Tweet,yeshikabudhwar,aleksk,46
222408,Tweet,yeshikabudhwar,BhanupratapsTOI,4
222390,Tweet,yeshikabudhwar,vanbadham,113
222444,Tweet,yeshikabudhwar,afuahirsch,75
222407,Tweet,yeshikabudhwar,LauraCummingArt,231
222457,Tweet,yeshikabudhwar,priyagupta999,14
222454,Tweet,yeshikabudhwar,afuahirsch,55
222460,Tweet,yeshikabudhwar,smita_mishra,37
222371,Tweet,yeshikabudhwar,joshwiddicombe,63
222427,Tweet,yeshikabudhwar,richardwolffedc,83
20093,Article,chrishughes,chrishughes,1
20068,Article,chrishughes,chrishughes,1
20070,Article,chrishughes,chrishughes,1
20059,Article,chrishughes,chrishughes,1
20027,Article,chrishughes,chrishughes,1
20096,Article,chrishughes,pete_wells,126
20097,Article,chrishughes,chrishughes,1
20049,Article,chrishughes,chrishughes,1
20066,Article,chrishughes,chrishughes,1
20075,Article,chrishughes,chrishughes,1
20008,Article,chrishughes,chrishughes,1
20072,Article,chrishughes,chrishughes,1
20000,Article,chrishughes,pete_wells,179
20010,Article,chrishughes,RachelDonadio,269
20088,Article,chrishughes,chrishughes,1
20161,Tweet,chrishughes,priyagupta999,304
20191,Tweet,chrishughes,alanconnor,372
20162,Tweet,chrishughes,ramarkosg,175
20107,Tweet,chrishughes,DouthatNYT,333
20139,Tweet,chrishughes,nytdavidbrooks,207
20130,Tweet,chrishughes,OfficeGSBrown,63
20144,Tweet,chrishughes,gailcollins,100
20197,Tweet,chrishughes,SocialQPhilip,371
20108,Tweet,chrishughes,vanbadham,366
20117,Tweet,chrishughes,mtomasky,288
20118,Tweet,chrishughes,andrewrsorkin,318
20157,Tweet,chrishughes,ramarkosg,106
20194,Tweet,chrishughes,WilbyPeter,246
20198,Tweet,chrishughes,kiracochrane,367
20176,Tweet,chrishughes,ByMattStevens,67
47855,Article,kenanmalik,JohnJCrace,42
47966,Article,kenanmalik,JohnJCrace,33
48075,Article,kenanmalik,kenanmalik,1
47919,Article,kenanmalik,jillfilipovic,38
47846,Article,kenanmalik,GeorgeMonbiot,63
48094,Article,kenanmalik,kenanmalik,1
47981,Article,kenanmalik,kenanmalik,1
47917,Article,kenanmalik,williamnhutton,47
47881,Article,kenanmalik,gabyhinsliff,77
47987,Article,kenanmalik,kenanmalik,1
48077,Article,kenanmalik,williamnhutton,30
47847,Article,kenanmalik,OwenJones84,54
48020,Article,kenanmalik,kenanmalik,1
48089,Article,kenanmalik,kenanmalik,1
48033,Article,kenanmalik,kenanmalik,1
48165,Tweet,kenanmalik,RebeccaSeal,244
48493,Tweet,kenanmalik,davidhepworth,284
48307,Tweet,kenanmalik,tomfriedman,2
48571,Tweet,kenanmalik,alanconnor,182
48634,Tweet,kenanmalik,PamBelluck,129
48185,Tweet,kenanmalik,richardwolffedc,51
48345,Tweet,kenanmalik,msrachelcooke,33
48582,Tweet,kenanmalik,mswainwright,65
48386,Tweet,kenanmalik,msrachelcooke,72
48478,Tweet,kenanmalik,TristramHuntVA,66
48435,Tweet,kenanmalik,richardwolffedc,33
48161,Tweet,kenanmalik,melissaclark,355
48501,Tweet,kenanmalik,msrachelcooke,87
48579,Tweet,kenanmalik,smita_mishra,150
48524,Tweet,kenanmalik,WilbyPeter,5
210533,Article,ShoebKhanTOI,NewtonSTOI,21
210600,Article,ShoebKhanTOI,rajendrasTOI,6
210531,Article,ShoebKhanTOI,rajendrasTOI,6
210449,Article,ShoebKhanTOI,rajendrasTOI,8
210596,Article,ShoebKhanTOI,ShoebKhanTOI,1
210418,Article,ShoebKhanTOI,NewtonSTOI,17
210575,Article,ShoebKhanTOI,ShoebKhanTOI,1
210514,Article,ShoebKhanTOI,yusrahusain,5
210611,Article,ShoebKhanTOI,ShoebKhanTOI,1
210553,Article,ShoebKhanTOI,rajendrasTOI,3
210416,Article,ShoebKhanTOI,rajendrasTOI,4
210623,Article,ShoebKhanTOI,rajendrasTOI,4
210562,Article,ShoebKhanTOI,rajendrasTOI,4
210498,Article,ShoebKhanTOI,DSandip_TOI,7
210572,Article,ShoebKhanTOI,SidharthB25,48
210702,Tweet,ShoebKhanTOI,KanwardeepsTOI,19
210685,Tweet,ShoebKhanTOI,jayamenon64,10
210665,Tweet,ShoebKhanTOI,vvfriedman,328
210651,Tweet,ShoebKhanTOI,BhanupratapsTOI,7
210715,Tweet,ShoebKhanTOI,priyagupta999,28
210696,Tweet,ShoebKhanTOI,SwatiMathurTOI,16
210707,Tweet,ShoebKhanTOI,BhanupratapsTOI,15
210667,Tweet,ShoebKhanTOI,BhanupratapsTOI,8
210730,Tweet,ShoebKhanTOI,MKSinghGkp,17
210677,Tweet,ShoebKhanTOI,BhanupratapsTOI,8
210636,Tweet,ShoebKhanTOI,BhanupratapsTOI,4
210721,Tweet,ShoebKhanTOI,BhanupratapsTOI,4
210644,Tweet,ShoebKhanTOI,MoharBasu,80
210727,Tweet,ShoebKhanTOI,ChaitanyadTOI,8
210672,Tweet,ShoebKhanTOI,BhanupratapsTOI,6
208014,Article,Rupalijee,Rupalijee,1
208021,Article,Rupalijee,Rupalijee,1
207867,Article,Rupalijee,Rupalijee,1
207952,Article,Rupalijee,Rupalijee,1
207903,Article,Rupalijee,Rupalijee,1
208055,Article,Rupalijee,Rupalijee,1
207908,Article,Rupalijee,parthasinha,4
208013,Article,Rupalijee,parthasinha,2
207938,Article,Rupalijee,Rupalijee,1
208027,Article,Rupalijee,Rupalijee,1
207893,Article,Rupalijee,parthasinha,2
207932,Article,Rupalijee,Rupalijee,1
208092,Article,Rupalijee,Rupalijee,1
208057,Article,Rupalijee,Rupalijee,1
207990,Article,Rupalijee,Rupalijee,1
208167,Tweet,Rupalijee,Rupalijee,1
208186,Tweet,Rupalijee,rjadHinduBL,21
208121,Tweet,Rupalijee,smita_mishra,263
208136,Tweet,Rupalijee,ollywainwright,161
208125,Tweet,Rupalijee,27saurabhsinha,98
208174,Tweet,Rupalijee,Rupalijee,1
208115,Tweet,Rupalijee,petleepeter,302
208094,Tweet,Rupalijee,NirupaTOI,37
208107,Tweet,Rupalijee,priyagupta999,293
208165,Tweet,Rupalijee,Rupalijee,1
208154,Tweet,Rupalijee,Rupalijee,1
208129,Tweet,Rupalijee,ramendrasTOI,131
208127,Tweet,Rupalijee,jbouie,205
208103,Tweet,Rupalijee,smita_mishra,317
208187,Tweet,Rupalijee,priyagupta999,249
65685,Article,davidleighx,sarfrazmanzoor,57
65609,Article,davidleighx,jimwaterson,32
65772,Article,davidleighx,john_hooper,48
65776,Article,davidleighx,ewenmacaskill,12
65680,Article,davidleighx,ewenmacaskill,51
65741,Article,davidleighx,declanwalsh,202
65546,Article,davidleighx,williamnhutton,10
65597,Article,davidleighx,jimwaterson,22
65715,Article,davidleighx,ewenmacaskill,36
65655,Article,davidleighx,AndrewSparrow,2
65758,Article,davidleighx,nicholaswatt,13
65726,Article,davidleighx,andrewrawnsley,25
65536,Article,davidleighx,williamnhutton,37
65642,Article,davidleighx,nicholaswatt,7
65763,Article,davidleighx,NilsPratley,32
66092,Tweet,davidleighx,polblonde,14
66168,Tweet,davidleighx,PippaCrerar,6
66257,Tweet,davidleighx,polblonde,16
65936,Tweet,davidleighx,davidleighx,1
66082,Tweet,davidleighx,vanbadham,26
66184,Tweet,davidleighx,davidleighx,1
65946,Tweet,davidleighx,MonaChalabi,9
65947,Tweet,davidleighx,vanbadham,34
66109,Tweet,davidleighx,davidleighx,1
65810,Tweet,davidleighx,polblonde,13
66340,Tweet,davidleighx,msrachelcooke,134
66356,Tweet,davidleighx,polblonde,4
66153,Tweet,davidleighx,carlzimmer,8
65959,Tweet,davidleighx,PippaCrerar,2
66274,Tweet,davidleighx,alanconnor,23
20443,Article,dwightgarner,dwightgarner,1
20448,Article,dwightgarner,dwightgarner,1
20462,Article,dwightgarner,dwightgarner,1
20422,Article,dwightgarner,dwightgarner,1
20447,Article,dwightgarner,dwightgarner,1
20424,Article,dwightgarner,dwightgarner,1
20433,Article,dwightgarner,dwightgarner,1
20452,Article,dwightgarner,dwightgarner,1
20477,Article,dwightgarner,dwightgarner,1
20444,Article,dwightgarner,dwightgarner,1
20421,Article,dwightgarner,parul_sehgal,4
20449,Article,dwightgarner,dwightgarner,1
20463,Article,dwightgarner,dwightgarner,1
20403,Article,dwightgarner,dwightgarner,1
20458,Article,dwightgarner,dwightgarner,1
20546,Tweet,dwightgarner,aleksk,84
20515,Tweet,dwightgarner,aleksk,374
20584,Tweet,dwightgarner,aleksk,86
20588,Tweet,dwightgarner,GiniaNYT,18
20520,Tweet,dwightgarner,aleksk,120
20587,Tweet,dwightgarner,aleksk,105
20549,Tweet,dwightgarner,helenecooper,2
20599,Tweet,dwightgarner,parul_sehgal,2
20555,Tweet,dwightgarner,dwightgarner,1
20594,Tweet,dwightgarner,aleksk,111
20509,Tweet,dwightgarner,aleksk,256
20527,Tweet,dwightgarner,aleksk,316
20523,Tweet,dwightgarner,salihughes,12
20597,Tweet,dwightgarner,shattenstone,161
20542,Tweet,dwightgarner,aleksk,145
192282,Article,manvirsainiTOI,SagrikaKissu,17
192504,Article,manvirsainiTOI,rajendrasTOI,26
192360,Article,manvirsainiTOI,anandbodhTOI,4
192298,Article,manvirsainiTOI,anandbodhTOI,24
192344,Article,manvirsainiTOI,anandbodhTOI,26
192295,Article,manvirsainiTOI,Crime_Selvaraj,18
192329,Article,manvirsainiTOI,anandbodhTOI,7
192361,Article,manvirsainiTOI,rajendrasTOI,7
192372,Article,manvirsainiTOI,aniljdias,116
192423,Article,manvirsainiTOI,rajendrasTOI,97
192371,Article,manvirsainiTOI,anandbodhTOI,13
192418,Article,manvirsainiTOI,anandbodhTOI,10
192306,Article,manvirsainiTOI,hugolowell,14
192475,Article,manvirsainiTOI,anandbodhTOI,2
192448,Article,manvirsainiTOI,anandbodhTOI,48
192601,Tweet,manvirsainiTOI,Mahafreed_Irani,187
192599,Tweet,manvirsainiTOI,PjJoychen,16
192547,Tweet,manvirsainiTOI,BhanupratapsTOI,2
192527,Tweet,manvirsainiTOI,priyagupta999,2
192570,Tweet,manvirsainiTOI,SwatiMathurTOI,4
192513,Tweet,manvirsainiTOI,desaisantosh,260
192515,Tweet,manvirsainiTOI,manvirsainiTOI,1
192535,Tweet,manvirsainiTOI,manvirsainiTOI,1
192574,Tweet,manvirsainiTOI,manvirsainiTOI,1
192585,Tweet,manvirsainiTOI,SwatiMathurTOI,2
192533,Tweet,manvirsainiTOI,manvirsainiTOI,1
192563,Tweet,manvirsainiTOI,PjJoychen,17
192554,Tweet,manvirsainiTOI,manvirsainiTOI,1
192596,Tweet,manvirsainiTOI,manvirsainiTOI,1
192580,Tweet,manvirsainiTOI,priyagupta999,2
123499,Article,AlysFowler,AlysFowler,1
123585,Article,AlysFowler,AlysFowler,1
123481,Article,AlysFowler,AlysFowler,1
123446,Article,AlysFowler,AlysFowler,1
123502,Article,AlysFowler,AlysFowler,1
123575,Article,AlysFowler,AlysFowler,1
123514,Article,AlysFowler,AlysFowler,1
123550,Article,AlysFowler,AlysFowler,1
123619,Article,AlysFowler,AlysFowler,1
123565,Article,AlysFowler,AlysFowler,1
123629,Article,AlysFowler,AlysFowler,1
123546,Article,AlysFowler,AlysFowler,1
123517,Article,AlysFowler,AlysFowler,1
123552,Article,AlysFowler,OLIVERBALCH,63
123452,Article,AlysFowler,AlysFowler,1
124070,Tweet,AlysFowler,DawnHFoster,108
123768,Tweet,AlysFowler,jennydeluxe,15
124181,Tweet,AlysFowler,hadleyfreeman,65
124228,Tweet,AlysFowler,AlysFowler,1
123712,Tweet,AlysFowler,mswainwright,64
123946,Tweet,AlysFowler,aleksk,337
124024,Tweet,AlysFowler,smita_mishra,2
123940,Tweet,AlysFowler,davidhepworth,29
123758,Tweet,AlysFowler,melissaclark,3
123872,Tweet,AlysFowler,DouthatNYT,256
123880,Tweet,AlysFowler,jennydeluxe,11
124179,Tweet,AlysFowler,jennydeluxe,14
123905,Tweet,AlysFowler,andrewrsorkin,2
123778,Tweet,AlysFowler,markriceoxley69,131
123725,Tweet,AlysFowler,desaisantosh,84
52975,Article,alanconnor,nicklezard,2
52914,Article,alanconnor,nicklezard,2
53026,Article,alanconnor,alanconnor,1
53112,Article,alanconnor,alexbellos,2
52919,Article,alanconnor,alanconnor,1
53116,Article,alanconnor,davidhepworth,10
52997,Article,alanconnor,andybrassell,88
52988,Article,alanconnor,nicklezard,2
53056,Article,alanconnor,davidhepworth,6
53119,Article,alanconnor,alanconnor,1
53133,Article,alanconnor,stevenpoole,3
52946,Article,alanconnor,nicklezard,2
53083,Article,alanconnor,salihughes,14
53000,Article,alanconnor,LauraCummingArt,38
53131,Article,alanconnor,alanconnor,1
53350,Tweet,alanconnor,carlzimmer,28
53734,Tweet,alanconnor,carlzimmer,16
53421,Tweet,alanconnor,allegramcevedy,3
53374,Tweet,alanconnor,alanconnor,1
53450,Tweet,alanconnor,alanconnor,1
53708,Tweet,alanconnor,MonaChalabi,4
53468,Tweet,alanconnor,andybrassell,92
53488,Tweet,alanconnor,andybrassell,111
53729,Tweet,alanconnor,sarahchurchwell,9
53252,Tweet,alanconnor,andybrassell,132
53275,Tweet,alanconnor,andrewrsorkin,21
53280,Tweet,alanconnor,aleksk,5
53585,Tweet,alanconnor,paulmasonnews,48
53753,Tweet,alanconnor,joshwiddicombe,2
53403,Tweet,alanconnor,carlzimmer,28
87327,Article,lyngardner,lyngardner,1
87440,Article,lyngardner,billicritic,2
87526,Article,lyngardner,lyngardner,1
87426,Article,lyngardner,andybrassell,281
87388,Article,lyngardner,lyngardner,1
87411,Article,lyngardner,LauraCummingArt,99
87420,Article,lyngardner,lyngardner,1
87459,Article,lyngardner,lyngardner,1
87422,Article,lyngardner,lyngardner,1
87454,Article,lyngardner,lyngardner,1
87549,Article,lyngardner,LauraCummingArt,177
87497,Article,lyngardner,lyngardner,1
87328,Article,lyngardner,LauraCummingArt,114
87381,Article,lyngardner,LauraCummingArt,108
87391,Article,lyngardner,andybrassell,377
87718,Tweet,lyngardner,laurenlaverne,270
87696,Tweet,lyngardner,laurenlaverne,4
87630,Tweet,lyngardner,polblonde,278
87662,Tweet,lyngardner,kiracochrane,9
87579,Tweet,lyngardner,vwang3,233
87674,Tweet,lyngardner,davidhepworth,26
87604,Tweet,lyngardner,jimwaterson,9
87566,Tweet,lyngardner,polblonde,339
87734,Tweet,lyngardner,msrachelcooke,3
87657,Tweet,lyngardner,TristramHuntVA,105
87553,Tweet,lyngardner,ASoloski,7
87670,Tweet,lyngardner,polblonde,361
87639,Tweet,lyngardner,RosySequeiraTOI,386
87680,Tweet,lyngardner,polblonde,358
87592,Tweet,lyngardner,LauraCummingArt,20
127747,Article,RowanMoore,lyngardner,2
127753,Article,RowanMoore,williamnhutton,43
127768,Article,RowanMoore,lindasgrant,21
127771,Article,RowanMoore,LauraCummingArt,24
127764,Article,RowanMoore,lindasgrant,19
127871,Article,RowanMoore,stevenpoole,15
127843,Article,RowanMoore,oliverburkeman,2
127681,Article,RowanMoore,ollywainwright,5
127826,Article,RowanMoore,davidhepworth,85
127649,Article,RowanMoore,williamnhutton,5
127656,Article,RowanMoore,ollywainwright,3
127709,Article,RowanMoore,lindasgrant,15
127879,Article,RowanMoore,JohnJCrace,8
127775,Article,RowanMoore,OLIVERBALCH,12
127738,Article,RowanMoore,thestephmerritt,9
128171,Tweet,RowanMoore,zwoolfe,178
128125,Tweet,RowanMoore,davidhepworth,128
128359,Tweet,RowanMoore,msrachelcooke,15
127981,Tweet,RowanMoore,GiniaNYT,123
128378,Tweet,RowanMoore,sarahditum,3
128411,Tweet,RowanMoore,jonpareles,53
128449,Tweet,RowanMoore,salihughes,98
128099,Tweet,RowanMoore,TristramHuntVA,241
128286,Tweet,RowanMoore,DouthatNYT,247
127972,Tweet,RowanMoore,PamBelluck,366
128016,Tweet,RowanMoore,vwang3,40
128144,Tweet,RowanMoore,ollywainwright,63
128371,Tweet,RowanMoore,aleksk,224
127969,Tweet,RowanMoore,parul_sehgal,137
128202,Tweet,RowanMoore,AlysFowler,39
78129,Article,jackschofield,JohnJCrace,8
78122,Article,jackschofield,garyyounge,7
78109,Article,jackschofield,aleksk,5
78253,Article,jackschofield,jackschofield,1
78043,Article,jackschofield,jackschofield,1
78057,Article,jackschofield,jackschofield,1
78213,Article,jackschofield,RachelDonadio,2
78270,Article,jackschofield,jackschofield,1
78281,Article,jackschofield,jackschofield,1
78116,Article,jackschofield,jackschofield,1
78134,Article,jackschofield,jackschofield,1
78241,Article,jackschofield,jackschofield,1
78073,Article,jackschofield,sarahditum,5
78108,Article,jackschofield,archiebland,4
78060,Article,jackschofield,TimdeLisle,7
78759,Tweet,jackschofield,richardwolffedc,2
78608,Tweet,jackschofield,jackschofield,1
78534,Tweet,jackschofield,fmanjoo,73
78732,Tweet,jackschofield,paulkrugman,29
78803,Tweet,jackschofield,richardwolffedc,15
78785,Tweet,jackschofield,richardwolffedc,3
78379,Tweet,jackschofield,richardwolffedc,4
78363,Tweet,jackschofield,richardwolffedc,11
78480,Tweet,jackschofield,michelleinbklyn,318
78479,Tweet,jackschofield,sarahditum,100
78589,Tweet,jackschofield,sunny_hundal,140
78629,Tweet,jackschofield,sarahlyall,220
78598,Tweet,jackschofield,andrewrsorkin,328
78666,Tweet,jackschofield,carolecadwalla,13
78472,Tweet,jackschofield,apoorva_nyc,316
194053,Article,MKSinghGkp,rajendrasTOI,12
194086,Article,MKSinghGkp,williamnhutton,74
194229,Article,MKSinghGkp,NewtonSTOI,4
194040,Article,MKSinghGkp,parthasinha,29
194001,Article,MKSinghGkp,niyatiparikhTOI,12
194219,Article,MKSinghGkp,dipakdashTOI,6
194127,Article,MKSinghGkp,ThevarSteffy,20
194187,Article,MKSinghGkp,KapildaveTOI,11
194141,Article,MKSinghGkp,dipakdashTOI,4
194124,Article,MKSinghGkp,NewtonSTOI,5
194027,Article,MKSinghGkp,ManjuVTOI,18
194077,Article,MKSinghGkp,rjadHinduBL,20
194008,Article,MKSinghGkp,dipakdashTOI,15
194212,Article,MKSinghGkp,dipakdashTOI,14
194160,Article,MKSinghGkp,DekaJayanta,22
194295,Tweet,MKSinghGkp,we_are_food,122
194324,Tweet,MKSinghGkp,smita_mishra,5
194323,Tweet,MKSinghGkp,SwatiShindeTOI,5
194273,Tweet,MKSinghGkp,afuahirsch,102
194260,Tweet,MKSinghGkp,alanconnor,149
194276,Tweet,MKSinghGkp,vanbadham,144
194272,Tweet,MKSinghGkp,priyagupta999,8
194340,Tweet,MKSinghGkp,Gauraw2297,2
194332,Tweet,MKSinghGkp,Gauraw2297,2
194306,Tweet,MKSinghGkp,andybrassell,24
194346,Tweet,MKSinghGkp,Gauraw2297,4
194280,Tweet,MKSinghGkp,Gauraw2297,4
194251,Tweet,MKSinghGkp,Gauraw2297,2
194329,Tweet,MKSinghGkp,Gauraw2297,3
194337,Tweet,MKSinghGkp,Gauraw2297,3
158096,Article,leninology,OwenJones84,31
158060,Article,leninology,williamnhutton,28
158085,Article,leninology,davidhepworth,91
157995,Article,leninology,OwenJones84,45
158025,Article,leninology,garyyounge,29
158007,Article,leninology,andybrassell,43
158074,Article,leninology,MichaelWhite,34
158036,Article,leninology,NilsPratley,50
158064,Article,leninology,laurenlaverne,166
158029,Article,leninology,williamnhutton,39
157991,Article,leninology,garyyounge,37
158057,Article,leninology,JohnJCrace,69
158094,Article,leninology,nnougayrede,4
158073,Article,leninology,JohnJCrace,33
158032,Article,leninology,NilsPratley,46
158690,Tweet,leninology,PeterTatchell,43
158352,Tweet,leninology,MonaChalabi,24
158587,Tweet,leninology,DouthatNYT,13
158649,Tweet,leninology,polblonde,28
158455,Tweet,leninology,polblonde,48
158519,Tweet,leninology,polblonde,77
158161,Tweet,leninology,ollywainwright,75
158520,Tweet,leninology,SearleAdrian,6
158687,Tweet,leninology,sarahlyall,195
158623,Tweet,leninology,andrewrsorkin,96
158706,Tweet,leninology,parul_sehgal,162
158205,Tweet,leninology,NewtonSTOI,373
158537,Tweet,leninology,DouthatNYT,108
158442,Tweet,leninology,DouthatNYT,92
158646,Tweet,leninology,ewenmacaskill,165
192688,Article,MarcusMergulhao,parthasinha,3
192741,Article,MarcusMergulhao,MarcusMergulhao,1
192775,Article,MarcusMergulhao,aniljdias,7
192820,Article,MarcusMergulhao,aniljdias,24
192699,Article,MarcusMergulhao,aniljdias,3
192615,Article,MarcusMergulhao,aniljdias,9
192661,Article,MarcusMergulhao,MarcusMergulhao,1
192667,Article,MarcusMergulhao,MarcusMergulhao,1
192815,Article,MarcusMergulhao,MarcusMergulhao,1
192768,Article,MarcusMergulhao,aniljdias,3
192745,Article,MarcusMergulhao,NewtonSTOI,2
192719,Article,MarcusMergulhao,MarcusMergulhao,1
192743,Article,MarcusMergulhao,BenRothenberg,14
192675,Article,MarcusMergulhao,aniljdias,3
192761,Article,MarcusMergulhao,aniljdias,5
192882,Tweet,MarcusMergulhao,psangeetha2112,7
192871,Tweet,MarcusMergulhao,MarcusMergulhao,1
192919,Tweet,MarcusMergulhao,MarcusMergulhao,1
192953,Tweet,MarcusMergulhao,PNaveenTOI,141
192911,Tweet,MarcusMergulhao,jbouie,128
192864,Tweet,MarcusMergulhao,jennydeluxe,258
192907,Tweet,MarcusMergulhao,JohnJCrace,42
192870,Tweet,MarcusMergulhao,msrachelcooke,189
192906,Tweet,MarcusMergulhao,sudeshnagTOI,18
192896,Tweet,MarcusMergulhao,TOISH31,3
192909,Tweet,MarcusMergulhao,sudeshnagTOI,21
192875,Tweet,MarcusMergulhao,joncaramanica,243
192945,Tweet,MarcusMergulhao,adwaidh,2
192867,Tweet,MarcusMergulhao,msrachelcooke,304
192944,Tweet,MarcusMergulhao,msrachelcooke,272
52218,Article,KateEMcCann,KateEMcCann,1
52304,Article,KateEMcCann,KateEMcCann,1
52109,Article,KateEMcCann,KateEMcCann,1
52221,Article,KateEMcCann,KateEMcCann,1
52142,Article,KateEMcCann,KateEMcCann,1
52268,Article,KateEMcCann,williamnhutton,59
52087,Article,KateEMcCann,KateEMcCann,1
52135,Article,KateEMcCann,KateEMcCann,1
52290,Article,KateEMcCann,KateEMcCann,1
52288,Article,KateEMcCann,KateEMcCann,1
52188,Article,KateEMcCann,KateEMcCann,1
52241,Article,KateEMcCann,JohnJCrace,27
52191,Article,KateEMcCann,nmcintosh,15
52211,Article,KateEMcCann,garyyounge,42
52083,Article,KateEMcCann,sarfrazmanzoor,24
52740,Tweet,KateEMcCann,joshwiddicombe,177
52484,Tweet,KateEMcCann,helenecooper,187
52444,Tweet,KateEMcCann,davidleighx,120
52639,Tweet,KateEMcCann,andrewrsorkin,19
52437,Tweet,KateEMcCann,AndrewSparrow,121
52399,Tweet,KateEMcCann,jimwaterson,153
52672,Tweet,KateEMcCann,nicholaswatt,88
52350,Tweet,KateEMcCann,elizabday,124
52596,Tweet,KateEMcCann,joshwiddicombe,29
52730,Tweet,KateEMcCann,jimwaterson,52
52456,Tweet,KateEMcCann,davidleighx,178
52643,Tweet,KateEMcCann,AnushkaAsthana,96
52554,Tweet,KateEMcCann,davidleighx,228
52835,Tweet,KateEMcCann,PippaCrerar,127
52889,Tweet,KateEMcCann,elizabday,122
152190,Article,sarahchurchwell,davidhepworth,73
152265,Article,sarahchurchwell,LauraCummingArt,25
152268,Article,sarahchurchwell,JohnJCrace,84
152214,Article,sarahchurchwell,garyyounge,27
152260,Article,sarahchurchwell,jbouie,78
152226,Article,sarahchurchwell,TimdeLisle,28
152196,Article,sarahchurchwell,williamnhutton,51
152283,Article,sarahchurchwell,DanielKingChess,15
152168,Article,sarahchurchwell,msrachelcooke,36
152194,Article,sarahchurchwell,hadleyfreeman,38
152173,Article,sarahchurchwell,stevenpoole,36
152267,Article,sarahchurchwell,EVincentelli,48
152216,Article,sarahchurchwell,andybrassell,47
152264,Article,sarahchurchwell,TanyaGold1,32
152253,Article,sarahchurchwell,OwenJones84,50
152699,Tweet,sarahchurchwell,alanconnor,24
152369,Tweet,sarahchurchwell,andybrassell,39
152315,Tweet,sarahchurchwell,wesley_morris,51
152556,Tweet,sarahchurchwell,andybrassell,40
152756,Tweet,sarahchurchwell,joshwiddicombe,25
152720,Tweet,sarahchurchwell,sarahlyall,50
152577,Tweet,sarahchurchwell,sarahlyall,62
152340,Tweet,sarahchurchwell,KSchulten,19
152565,Tweet,sarahchurchwell,DouthatNYT,134
152866,Tweet,sarahchurchwell,axrenton,10
152693,Tweet,sarahchurchwell,JohnJCrace,68
152653,Tweet,sarahchurchwell,jackschofield,18
152810,Tweet,sarahchurchwell,priyagupta999,70
152413,Tweet,sarahchurchwell,gailcollins,31
152483,Tweet,sarahchurchwell,afuahirsch,22
200791,Article,petleepeter,ManjuVTOI,38
200984,Article,petleepeter,ManjuVTOI,8
200810,Article,petleepeter,SidharthB25,12
200851,Article,petleepeter,ManjuVTOI,6
200911,Article,petleepeter,ManjuVTOI,3
200854,Article,petleepeter,rebeccaSTOI,4
200994,Article,petleepeter,SidharthB25,9
200961,Article,petleepeter,ArunDev1,42
200855,Article,petleepeter,ManjuVTOI,13
200963,Article,petleepeter,ManjuVTOI,2
200930,Article,petleepeter,ManjuVTOI,2
200845,Article,petleepeter,ChaitanyadTOI,14
200938,Article,petleepeter,ManjuVTOI,9
200799,Article,petleepeter,ManjuVTOI,4
200982,Article,petleepeter,ManjuVTOI,9
201030,Tweet,petleepeter,andybrassell,2
201037,Tweet,petleepeter,psangeetha2112,25
201100,Tweet,petleepeter,ManjuVTOI,3
201041,Tweet,petleepeter,petleepeter,1
201110,Tweet,petleepeter,ChaithanyaSwamy,10
201026,Tweet,petleepeter,petleepeter,1
201043,Tweet,petleepeter,petleepeter,1
201082,Tweet,petleepeter,JohnJCrace,54
201036,Tweet,petleepeter,27saurabhsinha,19
201023,Tweet,petleepeter,petleepeter,1
201035,Tweet,petleepeter,ramarkosg,128
201097,Tweet,petleepeter,sarahlyall,70
201111,Tweet,petleepeter,petleepeter,1
201027,Tweet,petleepeter,petleepeter,1
201105,Tweet,petleepeter,petleepeter,1
130437,Article,ArthurNeslen,ArthurNeslen,1
130359,Article,ArthurNeslen,williamnhutton,69
130434,Article,ArthurNeslen,marthakelner,3
130305,Article,ArthurNeslen,john_hooper,5
130402,Article,ArthurNeslen,JohnJCrace,8
130278,Article,ArthurNeslen,ArthurNeslen,1
130217,Article,ArthurNeslen,ArthurNeslen,1
130409,Article,ArthurNeslen,ArthurNeslen,1
130426,Article,ArthurNeslen,paulmasonnews,56
130358,Article,ArthurNeslen,ArthurNeslen,1
130380,Article,ArthurNeslen,john_hooper,3
130347,Article,ArthurNeslen,NilsPratley,10
130224,Article,ArthurNeslen,ArthurNeslen,1
130320,Article,ArthurNeslen,marthakelner,4
130214,Article,ArthurNeslen,ArthurNeslen,1
130479,Tweet,ArthurNeslen,CarolineLucas,14
130780,Tweet,ArthurNeslen,andrewrsorkin,193
130969,Tweet,ArthurNeslen,antontroian,93
130556,Tweet,ArthurNeslen,TanyaGold1,229
130909,Tweet,ArthurNeslen,paulmasonnews,114
130862,Tweet,ArthurNeslen,stevenerlanger,2
130622,Tweet,ArthurNeslen,ArthurNeslen,1
130774,Tweet,ArthurNeslen,ArthurNeslen,1
130677,Tweet,ArthurNeslen,Mahafreed_Irani,5
130849,Tweet,ArthurNeslen,paulmasonnews,19
130647,Tweet,ArthurNeslen,vanbadham,235
130872,Tweet,ArthurNeslen,stevenerlanger,2
130701,Tweet,ArthurNeslen,Freedland,127
130871,Tweet,ArthurNeslen,ameliagentleman,235
130624,Tweet,ArthurNeslen,NilsPratley,266
161937,Article,jfordham_jazz,andybrassell,69
162073,Article,jfordham_jazz,LauraCummingArt,6
162084,Article,jfordham_jazz,OLIVERBALCH,39
161911,Article,jfordham_jazz,jfordham_jazz,1
162077,Article,jfordham_jazz,jfordham_jazz,1
161933,Article,jfordham_jazz,davidhepworth,4
162108,Article,jfordham_jazz,LauraCummingArt,3
162070,Article,jfordham_jazz,LauraCummingArt,6
162092,Article,jfordham_jazz,philipoltermann,3
162056,Article,jfordham_jazz,jfordham_jazz,1
161882,Article,jfordham_jazz,jfordham_jazz,1
162038,Article,jfordham_jazz,lindasgrant,9
161986,Article,jfordham_jazz,jfordham_jazz,1
161964,Article,jfordham_jazz,LauraCummingArt,30
161998,Article,jfordham_jazz,andybrassell,120
162121,Tweet,jfordham_jazz,jfordham_jazz,1
162143,Tweet,jfordham_jazz,joshwiddicombe,2
162278,Tweet,jfordham_jazz,msrachelcooke,37
162148,Tweet,jfordham_jazz,steve_hewlett,2
162309,Tweet,jfordham_jazz,jfordham_jazz,1
162136,Tweet,jfordham_jazz,jfordham_jazz,1
162243,Tweet,jfordham_jazz,SearleAdrian,81
162322,Tweet,jfordham_jazz,sio_burke,8
162124,Tweet,jfordham_jazz,jfordham_jazz,1
162244,Tweet,jfordham_jazz,jfordham_jazz,1
162326,Tweet,jfordham_jazz,jfordham_jazz,1
162165,Tweet,jfordham_jazz,ASoloski,52
162295,Tweet,jfordham_jazz,jfordham_jazz,1
162223,Tweet,jfordham_jazz,jfordham_jazz,1
162274,Tweet,jfordham_jazz,jfordham_jazz,1
131915,Article,tomdyckhoff,tomdyckhoff,1
131958,Article,tomdyckhoff,tomdyckhoff,1
131959,Article,tomdyckhoff,tomdyckhoff,1
131828,Article,tomdyckhoff,tomdyckhoff,1
132035,Article,tomdyckhoff,tomdyckhoff,1
131899,Article,tomdyckhoff,davidhepworth,7
132074,Article,tomdyckhoff,tomdyckhoff,1
131969,Article,tomdyckhoff,tomdyckhoff,1
131957,Article,tomdyckhoff,tomdyckhoff,1
131951,Article,tomdyckhoff,tomdyckhoff,1
131834,Article,tomdyckhoff,tomdyckhoff,1
131940,Article,tomdyckhoff,tomdyckhoff,1
132046,Article,tomdyckhoff,tomdyckhoff,1
132039,Article,tomdyckhoff,tomdyckhoff,1
131837,Article,tomdyckhoff,tomdyckhoff,1
133744,Tweet,tomdyckhoff,dwightgarner,76
133140,Tweet,tomdyckhoff,vanbadham,386
133467,Tweet,tomdyckhoff,ollywainwright,158
132853,Tweet,tomdyckhoff,annanorthtweets,43
133374,Tweet,tomdyckhoff,GiniaNYT,45
133304,Tweet,tomdyckhoff,alanconnor,173
133275,Tweet,tomdyckhoff,vwang3,226
133683,Tweet,tomdyckhoff,jackschofield,286
133165,Tweet,tomdyckhoff,joshwiddicombe,125
132357,Tweet,tomdyckhoff,ollywainwright,180
133908,Tweet,tomdyckhoff,shattenstone,101
133464,Tweet,tomdyckhoff,LucyMangan,85
133469,Tweet,tomdyckhoff,davidhepworth,2
132674,Tweet,tomdyckhoff,jennydeluxe,74
132463,Tweet,tomdyckhoff,cdcaron,123
28295,Article,StacyCowley,sangerkatz,9
28269,Article,StacyCowley,noamscheiber,6
28236,Article,StacyCowley,julianbarnes,78
28259,Article,StacyCowley,StacyCowley,1
28268,Article,StacyCowley,noamscheiber,14
28265,Article,StacyCowley,AnaSwanson,35
28283,Article,StacyCowley,StacyCowley,1
28205,Article,StacyCowley,dwightgarner,74
28249,Article,StacyCowley,bencasselman,7
28228,Article,StacyCowley,noamscheiber,11
28227,Article,StacyCowley,adamliptak,20
28234,Article,StacyCowley,noamscheiber,5
28203,Article,StacyCowley,tarasbernard,39
28206,Article,StacyCowley,noamscheiber,4
28233,Article,StacyCowley,noamscheiber,3
28307,Tweet,StacyCowley,jimtankersley,26
28395,Tweet,StacyCowley,nytmike,22
28366,Tweet,StacyCowley,elizabday,187
28396,Tweet,StacyCowley,MaggieAstor,19
28392,Tweet,StacyCowley,StacyCowley,1
28397,Tweet,StacyCowley,jennydeluxe,67
28340,Tweet,StacyCowley,ceciliakang,8
28308,Tweet,StacyCowley,Azi,93
28335,Tweet,StacyCowley,SherylNYT,50
28388,Tweet,StacyCowley,KSchulten,5
28300,Tweet,StacyCowley,StacyCowley,1
28332,Tweet,StacyCowley,joshwiddicombe,196
28368,Tweet,StacyCowley,StacyCowley,1
28330,Tweet,StacyCowley,StacyCowley,1
28305,Tweet,StacyCowley,SherylNYT,19
164942,Article,andybrassell,andybrassell,1
164876,Article,andybrassell,andybrassell,1
165067,Article,andybrassell,andybrassell,1
164873,Article,andybrassell,RorySmith,468
164880,Article,andybrassell,andybrassell,1
164978,Article,andybrassell,andybrassell,1
164919,Article,andybrassell,andybrassell,1
165009,Article,andybrassell,andybrassell,1
164883,Article,andybrassell,andybrassell,1
164872,Article,andybrassell,andybrassell,1
165018,Article,andybrassell,RorySmith,484
164987,Article,andybrassell,andybrassell,1
165010,Article,andybrassell,RorySmith,435
165077,Article,andybrassell,JohnJCrace,2
165091,Article,andybrassell,garyyounge,2
165298,Tweet,andybrassell,seaningle,265
165492,Tweet,andybrassell,MarcusMergulhao,369
165384,Tweet,andybrassell,joshwiddicombe,190
165165,Tweet,andybrassell,RorySmith,296
165306,Tweet,andybrassell,jennydeluxe,474
165164,Tweet,andybrassell,mohuadazz,434
165610,Tweet,andybrassell,andrew_mueller,378
165483,Tweet,andybrassell,msrachelcooke,26
165468,Tweet,andybrassell,andybrassell,1
165695,Tweet,andybrassell,philipoltermann,30
165323,Tweet,andybrassell,timjonze,96
165330,Tweet,andybrassell,RorySmith,370
165429,Tweet,andybrassell,andrew_mueller,446
165597,Tweet,andybrassell,joshwiddicombe,211
165667,Tweet,andybrassell,andybrassell,1
211409,Article,Shrivathsan1437,aniljdias,6
211313,Article,Shrivathsan1437,aniljdias,8
211310,Article,Shrivathsan1437,kumaraswamykTOI,11
211280,Article,Shrivathsan1437,vivek9301,7
211412,Article,Shrivathsan1437,aniljdias,3
211386,Article,Shrivathsan1437,Shrivathsan1437,1
211378,Article,Shrivathsan1437,aniljdias,22
211304,Article,Shrivathsan1437,vivek9301,13
211345,Article,Shrivathsan1437,AniltheMatrix,24
211462,Article,Shrivathsan1437,aniljdias,17
211491,Article,Shrivathsan1437,aniljdias,30
211465,Article,Shrivathsan1437,aniljdias,22
211419,Article,Shrivathsan1437,aniljdias,6
211447,Article,Shrivathsan1437,aniljdias,6
211401,Article,Shrivathsan1437,NewtonSTOI,32
211553,Tweet,Shrivathsan1437,aditya_bh16,9
211600,Tweet,Shrivathsan1437,tushhaikhush,3
211530,Tweet,Shrivathsan1437,tushhaikhush,6
211592,Tweet,Shrivathsan1437,priyagupta999,155
211546,Tweet,Shrivathsan1437,aniljdias,6
211564,Tweet,Shrivathsan1437,andybrassell,13
211534,Tweet,Shrivathsan1437,psangeetha2112,36
211517,Tweet,Shrivathsan1437,MarcusMergulhao,5
211531,Tweet,Shrivathsan1437,vanbadham,120
211567,Tweet,Shrivathsan1437,saumyajitbTOI,46
211562,Tweet,Shrivathsan1437,Pratiks_TOI,5
211571,Tweet,Shrivathsan1437,MarcusMergulhao,2
211526,Tweet,Shrivathsan1437,divyapal2013,46
211563,Tweet,Shrivathsan1437,jayamenon64,67
211513,Tweet,Shrivathsan1437,andybrassell,3
8806,Article,ianrausten,ianrausten,1
8820,Article,ianrausten,ianrausten,1
8833,Article,ianrausten,NeilMacFarquhar,7
8836,Article,ianrausten,ianrausten,1
8859,Article,ianrausten,BenWeiserNYT,3
8879,Article,ianrausten,andrewrsorkin,3
8856,Article,ianrausten,NeilMacFarquhar,2
8824,Article,ianrausten,pete_wells,14
8810,Article,ianrausten,ianrausten,1
8855,Article,ianrausten,DavidWaldstein,9
8839,Article,ianrausten,toi_dhananjayM,4
8894,Article,ianrausten,fmanjoo,2
8864,Article,ianrausten,Lattif,10
8842,Article,ianrausten,NeilMacFarquhar,33
8890,Article,ianrausten,NikiKitsantonis,8
8978,Tweet,ianrausten,NeilMacFarquhar,5
8923,Tweet,ianrausten,MattFutterman,2
8933,Tweet,ianrausten,RowanMoore,49
8943,Tweet,ianrausten,vvfriedman,6
8960,Tweet,ianrausten,vanbadham,14
8915,Tweet,ianrausten,Mahafreed_Irani,3
8947,Tweet,ianrausten,joncaramanica,3
8962,Tweet,ianrausten,ollywainwright,32
8929,Tweet,ianrausten,msrachelcooke,106
8953,Tweet,ianrausten,ianrausten,1
8918,Tweet,ianrausten,vvfriedman,5
8987,Tweet,ianrausten,ASoloski,11
8909,Tweet,ianrausten,ollywainwright,10
8906,Tweet,ianrausten,DavidWaldstein,2
8979,Tweet,ianrausten,andrewrsorkin,2
113288,Article,attackerman,declanwalsh,101
113136,Article,attackerman,hugolowell,109
113117,Article,attackerman,attackerman,1
113328,Article,attackerman,hadleyfreeman,21
113211,Article,attackerman,jillfilipovic,18
113185,Article,attackerman,MichaelWhite,20
113250,Article,attackerman,MichaelWhite,43
113134,Article,attackerman,hugolowell,7
113335,Article,attackerman,LauraCummingArt,25
113146,Article,attackerman,ewenmacaskill,92
113114,Article,attackerman,hugolowell,6
113141,Article,attackerman,hugolowell,7
113139,Article,attackerman,ggreenwald,10
113192,Article,attackerman,OwenJones84,32
113342,Article,attackerman,JohnJCrace,12
113838,Tweet,attackerman,stevenerlanger,4
113755,Tweet,attackerman,andrewrsorkin,376
113628,Tweet,attackerman,alexvtunzelmann,187
113858,Tweet,attackerman,jbouie,77
113616,Tweet,attackerman,vanbadham,171
113378,Tweet,attackerman,charlie_savage,212
113592,Tweet,attackerman,dwightgarner,313
113438,Tweet,attackerman,attackerman,1
113750,Tweet,attackerman,DouthatNYT,291
113739,Tweet,attackerman,priyagupta999,26
113497,Tweet,attackerman,ericschmittnyt,19
113679,Tweet,attackerman,vanbadham,53
113662,Tweet,attackerman,helenecooper,248
113485,Tweet,attackerman,michelleinbklyn,236
113394,Tweet,attackerman,lukebroadwater,178
19486,Article,smbahr14,jorifinkel,2
19433,Article,smbahr14,NeilMacFarquhar,8
19450,Article,smbahr14,ditzkoff,14
19493,Article,smbahr14,tarasbernard,2
19481,Article,smbahr14,el_belson,9
19422,Article,smbahr14,NeilMacFarquhar,2
19456,Article,smbahr14,hillhulse,4
19454,Article,smbahr14,ditzkoff,18
19411,Article,smbahr14,MichaelPaulson,2
19484,Article,smbahr14,NeilMacFarquhar,20
19464,Article,smbahr14,MichaelPaulson,12
19426,Article,smbahr14,NeilMacFarquhar,5
19475,Article,smbahr14,EVincentelli,9
19483,Article,smbahr14,brooksbarnesNYT,2
19415,Article,smbahr14,EVincentelli,2
19511,Tweet,smbahr14,ByMattStevens,56
19578,Tweet,smbahr14,joshwiddicombe,70
19558,Tweet,smbahr14,joshwiddicombe,91
19517,Tweet,smbahr14,EmmaBubola,55
19593,Tweet,smbahr14,priyagupta999,176
19564,Tweet,smbahr14,rpogrebin,71
19518,Tweet,smbahr14,rpogrebin,14
19582,Tweet,smbahr14,MichaelPaulson,6
19595,Tweet,smbahr14,ByMattStevens,7
19557,Tweet,smbahr14,juliarebeccaj,13
19501,Tweet,smbahr14,joshwiddicombe,110
19538,Tweet,smbahr14,vanbadham,163
19555,Tweet,smbahr14,ditzkoff,36
19503,Tweet,smbahr14,MattFutterman,203
19565,Tweet,smbahr14,alanconnor,83
72375,Article,VivianHo,AnaSwanson,72
72545,Article,VivianHo,apoorva_nyc,183
72360,Article,VivianHo,lukeharding1968,11
72440,Article,VivianHo,carolecadwalla,126
72374,Article,VivianHo,lukeharding1968,69
72405,Article,VivianHo,lukeharding1968,66
72342,Article,VivianHo,PippaCrerar,325
72496,Article,VivianHo,lucysiegle,13
72450,Article,VivianHo,williamnhutton,43
72337,Article,VivianHo,GeorgeMonbiot,36
72459,Article,VivianHo,VivianHo,1
72497,Article,VivianHo,JohnJCrace,48
72441,Article,VivianHo,hugolowell,170
72453,Article,VivianHo,andybrassell,79
72530,Article,VivianHo,garyyounge,17
72678,Tweet,VivianHo,jonronson,29
72914,Tweet,VivianHo,salihughes,24
72639,Tweet,VivianHo,sarahlyall,34
72777,Tweet,VivianHo,joshwiddicombe,148
72608,Tweet,VivianHo,afuahirsch,44
72671,Tweet,VivianHo,jbouie,8
73131,Tweet,VivianHo,jbouie,2
72762,Tweet,VivianHo,jennydeluxe,7
73114,Tweet,VivianHo,vanbadham,84
73032,Tweet,VivianHo,elizabday,37
72647,Tweet,VivianHo,sarahditum,16
72670,Tweet,VivianHo,msrachelcooke,12
72766,Tweet,VivianHo,tarasbernard,87
72643,Tweet,VivianHo,aleksk,65
72612,Tweet,VivianHo,vanbadham,123
164031,Article,PeterTatchell,nicholaswatt,89
164053,Article,PeterTatchell,maevesther,117
164135,Article,PeterTatchell,OwenJones84,25
164194,Article,PeterTatchell,hannahdev,206
164109,Article,PeterTatchell,sunny_hundal,207
164161,Article,PeterTatchell,williamnhutton,44
164217,Article,PeterTatchell,sunny_hundal,102
164228,Article,PeterTatchell,OLIVERBALCH,62
164019,Article,PeterTatchell,PeterTatchell,1
164150,Article,PeterTatchell,OLIVERBALCH,41
164127,Article,PeterTatchell,seaningle,332
164153,Article,PeterTatchell,JohnJCrace,33
164100,Article,PeterTatchell,john_hooper,303
164018,Article,PeterTatchell,PeterTatchell,1
164156,Article,PeterTatchell,JohnJCrace,38
164540,Tweet,PeterTatchell,laurenlaverne,8
164721,Tweet,PeterTatchell,PeterTatchell,1
164641,Tweet,PeterTatchell,aleksk,3
164430,Tweet,PeterTatchell,psangeetha2112,2
164307,Tweet,PeterTatchell,nnougayrede,5
164807,Tweet,PeterTatchell,PeterTatchell,1
164298,Tweet,PeterTatchell,williamkeegan,10
164735,Tweet,PeterTatchell,PeterTatchell,1
164472,Tweet,PeterTatchell,priyagupta999,3
164604,Tweet,PeterTatchell,PeterTatchell,1
164303,Tweet,PeterTatchell,Mahafreed_Irani,7
164300,Tweet,PeterTatchell,PeterTatchell,1
164723,Tweet,PeterTatchell,laurenlaverne,2
164608,Tweet,PeterTatchell,nnougayrede,2
164821,Tweet,PeterTatchell,CarolineLucas,4
126101,Article,martcrossy,martcrossy,1
125955,Article,martcrossy,martcrossy,1
126041,Article,martcrossy,tariqpanja,5
125982,Article,martcrossy,martcrossy,1
126097,Article,martcrossy,martcrossy,1
126008,Article,martcrossy,andybrassell,36
126024,Article,martcrossy,martcrossy,1
126094,Article,martcrossy,martcrossy,1
126068,Article,martcrossy,martcrossy,1
126027,Article,martcrossy,martcrossy,1
126143,Article,martcrossy,martcrossy,1
126089,Article,martcrossy,martcrossy,1
126005,Article,martcrossy,martcrossy,1
126055,Article,martcrossy,martcrossy,1
126159,Article,martcrossy,martcrossy,1
126285,Tweet,martcrossy,martcrossy,1
126440,Tweet,martcrossy,RosySequeiraTOI,377
126278,Tweet,martcrossy,martcrossy,1
126274,Tweet,martcrossy,lyngardner,7
126315,Tweet,martcrossy,bglendenning,2
126220,Tweet,martcrossy,martcrossy,1
126751,Tweet,martcrossy,ollywainwright,327
126786,Tweet,martcrossy,alanconnor,167
126340,Tweet,martcrossy,aleksk,154
126766,Tweet,martcrossy,Freedland,165
126562,Tweet,martcrossy,GiniaNYT,184
126328,Tweet,martcrossy,msrachelcooke,41
126474,Tweet,martcrossy,andybrassell,172
126602,Tweet,martcrossy,laurenlaverne,11
126299,Tweet,martcrossy,martcrossy,1
14821,Article,NickAtNews,EllenBarryNYT,225
14801,Article,NickAtNews,NeilMacFarquhar,72
14835,Article,NickAtNews,EVincentelli,158
14880,Article,NickAtNews,NeilMacFarquhar,98
14820,Article,NickAtNews,EllenBarryNYT,325
14839,Article,NickAtNews,NeilMacFarquhar,56
14883,Article,NickAtNews,RichardFausset,74
14888,Article,NickAtNews,apoorva_nyc,122
14804,Article,NickAtNews,pete_wells,175
14800,Article,NickAtNews,cdcaron,32
14833,Article,NickAtNews,AnaSwanson,95
14868,Article,NickAtNews,NikiKitsantonis,36
14827,Article,NickAtNews,NeilMacFarquhar,10
14896,Article,NickAtNews,NeilMacFarquhar,92
14806,Article,NickAtNews,RichardFausset,23
14951,Tweet,NickAtNews,NickAtNews,1
14999,Tweet,NickAtNews,mlevenson,2
14954,Tweet,NickAtNews,nytDeniseGrady,8
14980,Tweet,NickAtNews,alanfeuer,5
14915,Tweet,NickAtNews,jbouie,266
14947,Tweet,NickAtNews,BenWeiserNYT,5
14977,Tweet,NickAtNews,mlevenson,2
14928,Tweet,NickAtNews,NickAtNews,1
14970,Tweet,NickAtNews,SherylNYT,31
14996,Tweet,NickAtNews,mlevenson,2
14961,Tweet,NickAtNews,SherylNYT,11
14923,Tweet,NickAtNews,SocialQPhilip,98
14988,Tweet,NickAtNews,PamBelluck,65
14990,Tweet,NickAtNews,mlevenson,8
14931,Tweet,NickAtNews,mlevenson,2
187728,Article,jayamenon64,rajendrasTOI,81
187615,Article,jayamenon64,NewtonSTOI,36
187742,Article,jayamenon64,juliemTOI,57
187644,Article,jayamenon64,toi_dhananjayM,96
187650,Article,jayamenon64,yusrahusain,49
187643,Article,jayamenon64,rajendrasTOI,57
187668,Article,jayamenon64,juliemTOI,20
187707,Article,jayamenon64,juliemTOI,65
187645,Article,jayamenon64,rajendrasTOI,59
187686,Article,jayamenon64,rajendrasTOI,122
187690,Article,jayamenon64,desaisantosh,190
187746,Article,jayamenon64,PjJoychen,129
187698,Article,jayamenon64,NewtonSTOI,48
187786,Article,jayamenon64,rajendrasTOI,45
187738,Article,jayamenon64,NewtonSTOI,70
187814,Tweet,jayamenon64,jayamenon64,1
187853,Tweet,jayamenon64,jayamenon64,1
187833,Tweet,jayamenon64,jayamenon64,1
187806,Tweet,jayamenon64,jayamenon64,1
187860,Tweet,jayamenon64,jayamenon64,1
187828,Tweet,jayamenon64,jayamenon64,1
187854,Tweet,jayamenon64,jayamenon64,1
187848,Tweet,jayamenon64,jayamenon64,1
187877,Tweet,jayamenon64,jayamenon64,1
187832,Tweet,jayamenon64,AniltheMatrix,92
187841,Tweet,jayamenon64,tomfriedman,121
187824,Tweet,jayamenon64,jayamenon64,1
187869,Tweet,jayamenon64,andybrassell,83
187836,Tweet,jayamenon64,jayamenon64,1
187856,Tweet,jayamenon64,jayamenon64,1
96922,Article,OwenJones84,williamnhutton,6
96827,Article,OwenJones84,MarinaHyde,10
96874,Article,OwenJones84,garyyounge,27
96854,Article,OwenJones84,OLIVERBALCH,31
96982,Article,OwenJones84,williamnhutton,9
96999,Article,OwenJones84,DeccaJourno,22
96892,Article,OwenJones84,williamnhutton,10
96878,Article,OwenJones84,OwenJones84,1
96804,Article,OwenJones84,JohnJCrace,2
96920,Article,OwenJones84,williamnhutton,7
96820,Article,OwenJones84,MarinaHyde,21
96868,Article,OwenJones84,paulmasonnews,14
96939,Article,OwenJones84,garyyounge,8
96971,Article,OwenJones84,andybrassell,3
96839,Article,OwenJones84,DouthatNYT,447
97309,Tweet,OwenJones84,rachshabi,219
97156,Tweet,OwenJones84,carolecadwalla,375
97375,Tweet,OwenJones84,sarahlyall,389
97318,Tweet,OwenJones84,vanbadham,301
97468,Tweet,OwenJones84,LeoHickman,358
97261,Tweet,OwenJones84,jamesrbuk,75
97404,Tweet,OwenJones84,jbouie,229
97638,Tweet,OwenJones84,jbouie,86
97403,Tweet,OwenJones84,OwenJones84,1
97235,Tweet,OwenJones84,jbouie,2
97304,Tweet,OwenJones84,CarolineLucas,409
97218,Tweet,OwenJones84,PeterTatchell,341
97470,Tweet,OwenJones84,andybrassell,26
97116,Tweet,OwenJones84,shattenstone,18
97377,Tweet,OwenJones84,sarahlyall,172
214079,Article,SumitraDebRoy,SumitraDebRoy,1
213977,Article,SumitraDebRoy,ThevarSteffy,2
214186,Article,SumitraDebRoy,SumitraDebRoy,1
214182,Article,SumitraDebRoy,SumitraDebRoy,1
214112,Article,SumitraDebRoy,SumitraDebRoy,1
214161,Article,SumitraDebRoy,SumitraDebRoy,1
214034,Article,SumitraDebRoy,SumitraDebRoy,1
214127,Article,SumitraDebRoy,SumitraDebRoy,1
214036,Article,SumitraDebRoy,anandbodhTOI,5
214077,Article,SumitraDebRoy,AmritadTOI,2
214109,Article,SumitraDebRoy,SumitraDebRoy,1
214019,Article,SumitraDebRoy,SumitraDebRoy,1
214038,Article,SumitraDebRoy,sushmi_dey,2
214074,Article,SumitraDebRoy,SumitraDebRoy,1
214029,Article,SumitraDebRoy,SumitraDebRoy,1
214231,Tweet,SumitraDebRoy,smita_mishra,94
214286,Tweet,SumitraDebRoy,durgeshjhaTOI,3
214223,Tweet,SumitraDebRoy,AnujaJaiswalTOI,13
214201,Tweet,SumitraDebRoy,niyatiparikhTOI,10
214212,Tweet,SumitraDebRoy,durgeshjhaTOI,5
214237,Tweet,SumitraDebRoy,durgeshjhaTOI,9
214202,Tweet,SumitraDebRoy,Mahafreed_Irani,82
214234,Tweet,SumitraDebRoy,AmritadTOI,6
214206,Tweet,SumitraDebRoy,SumitraDebRoy,1
214275,Tweet,SumitraDebRoy,nytDeniseGrady,8
214220,Tweet,SumitraDebRoy,gettleman,184
214240,Tweet,SumitraDebRoy,rashmidTOI,5
214213,Tweet,SumitraDebRoy,OfficeGSBrown,107
214269,Tweet,SumitraDebRoy,polblonde,355
214257,Tweet,SumitraDebRoy,IpsitaTOI,55
211032,Article,ShrinivasaMTOI,anandbodhTOI,2
211098,Article,ShrinivasaMTOI,rajendrasTOI,2
210975,Article,ShrinivasaMTOI,ShrinivasaMTOI,1
211087,Article,ShrinivasaMTOI,toi_dhananjayM,4
211128,Article,ShrinivasaMTOI,ShrinivasaMTOI,1
210931,Article,ShrinivasaMTOI,SumitraDebRoy,2
211016,Article,ShrinivasaMTOI,ShrinivasaMTOI,1
211014,Article,ShrinivasaMTOI,SumitraDebRoy,5
210912,Article,ShrinivasaMTOI,ShrinivasaMTOI,1
211140,Article,ShrinivasaMTOI,ShrinivasaMTOI,1
210922,Article,ShrinivasaMTOI,yusrahusain,5
211086,Article,ShrinivasaMTOI,ShrinivasaMTOI,1
211051,Article,ShrinivasaMTOI,anandbodhTOI,2
210962,Article,ShrinivasaMTOI,ShrinivasaMTOI,1
211068,Article,ShrinivasaMTOI,ShrinivasaMTOI,1
211164,Tweet,ShrinivasaMTOI,OLIVERBALCH,35
211241,Tweet,ShrinivasaMTOI,Gauraw2297,2
211228,Tweet,ShrinivasaMTOI,nytDeniseGrady,357
211235,Tweet,ShrinivasaMTOI,ShrinivasaMTOI,1
211159,Tweet,ShrinivasaMTOI,vijayVsinghTOI,4
211185,Tweet,ShrinivasaMTOI,desaisantosh,383
211171,Tweet,ShrinivasaMTOI,ShrinivasaMTOI,1
211242,Tweet,ShrinivasaMTOI,jayamenon64,330
211191,Tweet,ShrinivasaMTOI,niyatiparikhTOI,6
211161,Tweet,ShrinivasaMTOI,desaisantosh,193
211216,Tweet,ShrinivasaMTOI,JohnJCrace,166
211199,Tweet,ShrinivasaMTOI,ManjuVTOI,107
211179,Tweet,ShrinivasaMTOI,sermoninstone,58
211251,Tweet,ShrinivasaMTOI,msrachelcooke,370
211204,Tweet,ShrinivasaMTOI,pete_wells,7
189091,Article,KapildaveTOI,NewtonSTOI,3
188977,Article,KapildaveTOI,NewtonSTOI,3
189145,Article,KapildaveTOI,KapildaveTOI,1
189156,Article,KapildaveTOI,KapildaveTOI,1
189022,Article,KapildaveTOI,AmritadTOI,4
189094,Article,KapildaveTOI,KapildaveTOI,1
188970,Article,KapildaveTOI,KapildaveTOI,1
188959,Article,KapildaveTOI,KapildaveTOI,1
189114,Article,KapildaveTOI,NewtonSTOI,2
189034,Article,KapildaveTOI,NewtonSTOI,2
188985,Article,KapildaveTOI,KapildaveTOI,1
189170,Article,KapildaveTOI,NewtonSTOI,27
189053,Article,KapildaveTOI,KapildaveTOI,1
189015,Article,KapildaveTOI,KapildaveTOI,1
189027,Article,KapildaveTOI,nandinisgTOI,2
189197,Tweet,KapildaveTOI,niyatiparikhTOI,2
189174,Tweet,KapildaveTOI,mateenHTOI,9
189208,Tweet,KapildaveTOI,KapildaveTOI,1
189221,Tweet,KapildaveTOI,KapildaveTOI,1
189207,Tweet,KapildaveTOI,PrashantrTOI,3
189228,Tweet,KapildaveTOI,niyatiparikhTOI,2
189213,Tweet,KapildaveTOI,niyatiparikhTOI,2
189220,Tweet,KapildaveTOI,BhanupratapsTOI,7
189219,Tweet,KapildaveTOI,niyatiparikhTOI,3
189199,Tweet,KapildaveTOI,dipakdashTOI,4
189227,Tweet,KapildaveTOI,ipsinghTOI,6
189203,Tweet,KapildaveTOI,msrachelcooke,414
189198,Tweet,KapildaveTOI,BhanupratapsTOI,2
189242,Tweet,KapildaveTOI,divyapal2013,139
189200,Tweet,KapildaveTOI,KapildaveTOI,1
22284,Article,joncaramanica,smbahr14,66
22283,Article,joncaramanica,sisario,46
22252,Article,joncaramanica,sisario,18
22260,Article,joncaramanica,EVincentelli,42
22248,Article,joncaramanica,sisario,11
22214,Article,joncaramanica,sisario,41
22266,Article,joncaramanica,sisario,55
22234,Article,joncaramanica,sisario,17
22267,Article,joncaramanica,sisario,14
22243,Article,joncaramanica,EllenBarryNYT,54
22273,Article,joncaramanica,pete_wells,55
22282,Article,joncaramanica,jonpareles,10
22231,Article,joncaramanica,samrob12,80
22287,Article,joncaramanica,sisario,26
22211,Article,joncaramanica,EVincentelli,43
22323,Tweet,joncaramanica,joncaramanica,1
22333,Tweet,joncaramanica,rpogrebin,3
22384,Tweet,joncaramanica,jackschofield,12
22334,Tweet,joncaramanica,vvfriedman,2
22366,Tweet,joncaramanica,joncaramanica,1
22375,Tweet,joncaramanica,joncaramanica,1
22320,Tweet,joncaramanica,wesley_morris,67
22372,Tweet,joncaramanica,jonpareles,4
22340,Tweet,joncaramanica,joncaramanica,1
22355,Tweet,joncaramanica,joncaramanica,1
22339,Tweet,joncaramanica,joncaramanica,1
22397,Tweet,joncaramanica,joncaramanica,1
22386,Tweet,joncaramanica,joncaramanica,1
22345,Tweet,joncaramanica,sarahditum,79
22363,Tweet,joncaramanica,joncaramanica,1
104571,Article,elizabday,hadleyfreeman,56
104663,Article,elizabday,parul_sehgal,125
104586,Article,elizabday,hannahdev,291
104596,Article,elizabday,axrenton,89
104467,Article,elizabday,jonronson,32
104650,Article,elizabday,aleksk,397
104436,Article,elizabday,andybrassell,42
104575,Article,elizabday,andybrassell,23
104484,Article,elizabday,hadleyfreeman,10
104450,Article,elizabday,MichaelWhite,31
104633,Article,elizabday,MarinaHyde,26
104576,Article,elizabday,MichaelWhite,19
104661,Article,elizabday,davidhepworth,51
104600,Article,elizabday,garyyounge,53
104443,Article,elizabday,andybrassell,4
104888,Tweet,elizabday,elizabday,1
105109,Tweet,elizabday,jennydeluxe,9
105268,Tweet,elizabday,jennydeluxe,7
105250,Tweet,elizabday,RachelDonadio,27
105153,Tweet,elizabday,afuahirsch,6
104823,Tweet,elizabday,jennydeluxe,2
105182,Tweet,elizabday,joshwiddicombe,148
104843,Tweet,elizabday,elizabday,1
104980,Tweet,elizabday,elizabday,1
104858,Tweet,elizabday,salihughes,147
104739,Tweet,elizabday,elizabday,1
105110,Tweet,elizabday,sarahlyall,68
104852,Tweet,elizabday,EVincentelli,179
105259,Tweet,elizabday,shattenstone,58
105260,Tweet,elizabday,DerekMalcolm123,91
142190,Article,nicklezard,nicklezard,1
142319,Article,nicklezard,davidhepworth,26
142331,Article,nicklezard,davidhepworth,17
142155,Article,nicklezard,nicklezard,1
142290,Article,nicklezard,davidhepworth,20
142336,Article,nicklezard,LauraCummingArt,271
142367,Article,nicklezard,davidhepworth,44
142358,Article,nicklezard,davidhepworth,31
142227,Article,nicklezard,nicklezard,1
142182,Article,nicklezard,nicklezard,1
142199,Article,nicklezard,nicklezard,1
142162,Article,nicklezard,nicklezard,1
142254,Article,nicklezard,nicklezard,1
142318,Article,nicklezard,DerekMalcolm123,44
142279,Article,nicklezard,davidhepworth,45
142935,Tweet,nicklezard,msrachelcooke,2
142447,Tweet,nicklezard,davidleighx,301
142753,Tweet,nicklezard,msrachelcooke,5
142491,Tweet,nicklezard,msrachelcooke,25
142846,Tweet,nicklezard,vanbadham,402
142759,Tweet,nicklezard,gabyhinsliff,10
142512,Tweet,nicklezard,sarahchurchwell,315
142506,Tweet,nicklezard,gabyhinsliff,25
142552,Tweet,nicklezard,aleksk,244
142520,Tweet,nicklezard,sarahditum,4
142533,Tweet,nicklezard,msrachelcooke,9
142646,Tweet,nicklezard,msrachelcooke,10
142758,Tweet,nicklezard,msmirandasawyer,50
142839,Tweet,nicklezard,JohnJCrace,46
142617,Tweet,nicklezard,paulmasonnews,392
31006,Article,anemonanyc,adamliptak,108
31077,Article,anemonanyc,NeilMacFarquhar,29
31086,Article,anemonanyc,cdcaron,3
31028,Article,anemonanyc,SharonLNYT,163
31035,Article,anemonanyc,sisario,10
31041,Article,anemonanyc,NeilMacFarquhar,18
31011,Article,anemonanyc,noamscheiber,24
31050,Article,anemonanyc,cdcaron,3
31031,Article,anemonanyc,NeilMacFarquhar,12
31076,Article,anemonanyc,noamscheiber,69
31059,Article,anemonanyc,cdcaron,3
31032,Article,anemonanyc,noamscheiber,12
31066,Article,anemonanyc,anemonanyc,1
31049,Article,anemonanyc,dwightgarner,5
31014,Article,anemonanyc,noamscheiber,24
31132,Tweet,anemonanyc,PamBelluck,178
31157,Tweet,anemonanyc,vanbadham,215
31113,Tweet,anemonanyc,SearleAdrian,146
31129,Tweet,anemonanyc,OfficeGSBrown,278
31197,Tweet,anemonanyc,adamliptak,33
31166,Tweet,anemonanyc,ceciliakang,99
31153,Tweet,anemonanyc,BellaKwai,263
31145,Tweet,anemonanyc,PamBelluck,177
31142,Tweet,anemonanyc,OfficeGSBrown,232
31199,Tweet,anemonanyc,gettinviggy,224
31119,Tweet,anemonanyc,PamBelluck,85
31125,Tweet,anemonanyc,alanconnor,117
31159,Tweet,anemonanyc,nytdavidbrooks,112
31120,Tweet,anemonanyc,nicholaswatt,71
31156,Tweet,anemonanyc,charlie_savage,158
852,Article,AnaSwanson,AnaSwanson,1
850,Article,AnaSwanson,AnaSwanson,1
831,Article,AnaSwanson,AnaSwanson,1
881,Article,AnaSwanson,AnaSwanson,1
872,Article,AnaSwanson,AnaSwanson,1
887,Article,AnaSwanson,KeithBradsher,3
854,Article,AnaSwanson,AnaSwanson,1
825,Article,AnaSwanson,AnaSwanson,1
882,Article,AnaSwanson,AnaSwanson,1
893,Article,AnaSwanson,AnaSwanson,1
899,Article,AnaSwanson,AnaSwanson,1
855,Article,AnaSwanson,AnaSwanson,1
891,Article,AnaSwanson,AnaSwanson,1
876,Article,AnaSwanson,AnaSwanson,1
894,Article,AnaSwanson,AnaSwanson,1
962,Tweet,AnaSwanson,SherylNYT,111
901,Tweet,AnaSwanson,Bencjacobs,50
968,Tweet,AnaSwanson,jbouie,3
967,Tweet,AnaSwanson,AnaSwanson,1
932,Tweet,AnaSwanson,aleksk,360
915,Tweet,AnaSwanson,AnaSwanson,1
904,Tweet,AnaSwanson,SharonLNYT,13
913,Tweet,AnaSwanson,ByMattStevens,495
950,Tweet,AnaSwanson,AnaSwanson,1
964,Tweet,AnaSwanson,hugolowell,2
940,Tweet,AnaSwanson,AnaSwanson,1
994,Tweet,AnaSwanson,pankajdoval,45
958,Tweet,AnaSwanson,LFFriedman,2
963,Tweet,AnaSwanson,jimtankersley,178
995,Tweet,AnaSwanson,BellaKwai,363
88693,Article,sarfrazmanzoor,sarfrazmanzoor,1
88630,Article,sarfrazmanzoor,gabyhinsliff,37
88720,Article,sarfrazmanzoor,benkenigsberg,4
88767,Article,sarfrazmanzoor,archiebland,129
88760,Article,sarfrazmanzoor,LauraCummingArt,53
88734,Article,sarfrazmanzoor,OLIVERBALCH,105
88772,Article,sarfrazmanzoor,andybrassell,75
88579,Article,sarfrazmanzoor,gabyhinsliff,48
88729,Article,sarfrazmanzoor,davidhepworth,10
88564,Article,sarfrazmanzoor,LauraCummingArt,66
88673,Article,sarfrazmanzoor,sunny_hundal,9
88786,Article,sarfrazmanzoor,garyyounge,59
88750,Article,sarfrazmanzoor,naomi2009,12
88658,Article,sarfrazmanzoor,maevesther,20
88663,Article,sarfrazmanzoor,maevesther,19
89360,Tweet,sarfrazmanzoor,sarahlyall,53
89367,Tweet,sarfrazmanzoor,sisario,43
89361,Tweet,sarfrazmanzoor,NilsPratley,22
89121,Tweet,sarfrazmanzoor,sarahchurchwell,117
89166,Tweet,sarfrazmanzoor,salihughes,10
89118,Tweet,sarfrazmanzoor,GiniaNYT,35
88933,Tweet,sarfrazmanzoor,GiniaNYT,41
89263,Tweet,sarfrazmanzoor,msrachelcooke,58
89220,Tweet,sarfrazmanzoor,mariellaf1,237
89076,Tweet,sarfrazmanzoor,jonronson,26
88947,Tweet,sarfrazmanzoor,sarahlyall,36
88962,Tweet,sarfrazmanzoor,alanconnor,153
88839,Tweet,sarfrazmanzoor,SocialQPhilip,92
88911,Tweet,sarfrazmanzoor,priyagupta999,342
89381,Tweet,sarfrazmanzoor,sarahlyall,22
176251,Article,AtulMathur_,rajendrasTOI,2
176168,Article,AtulMathur_,NewtonSTOI,19
176247,Article,AtulMathur_,philipoltermann,3
176094,Article,AtulMathur_,AtulMathur_,1
176206,Article,AtulMathur_,journo_vibha,2
176098,Article,AtulMathur_,AtulMathur_,1
176188,Article,AtulMathur_,AtulMathur_,1
176288,Article,AtulMathur_,AtulMathur_,1
176200,Article,AtulMathur_,AtulMathur_,1
176271,Article,AtulMathur_,rajendrasTOI,2
176084,Article,AtulMathur_,AtulMathur_,1
176282,Article,AtulMathur_,anandbodhTOI,3
176253,Article,AtulMathur_,toi_dhananjayM,2
176187,Article,AtulMathur_,AtulMathur_,1
176174,Article,AtulMathur_,toi_dhananjayM,2
176361,Tweet,AtulMathur_,priyagupta999,455
176356,Tweet,AtulMathur_,SribaalaVTOI,5
176407,Tweet,AtulMathur_,KapildaveTOI,10
176318,Tweet,AtulMathur_,smita_mishra,270
176347,Tweet,AtulMathur_,27saurabhsinha,267
176414,Tweet,AtulMathur_,jayamenon64,43
176410,Tweet,AtulMathur_,SribaalaVTOI,2
176402,Tweet,AtulMathur_,pradeeptTOI,77
176383,Tweet,AtulMathur_,DekaJayanta,38
176355,Tweet,AtulMathur_,DekaJayanta,63
176339,Tweet,AtulMathur_,pradeeptTOI,146
176348,Tweet,AtulMathur_,toi_ManujaV,205
176353,Tweet,AtulMathur_,DekaJayanta,33
176405,Tweet,AtulMathur_,AtulMathur_,1
176326,Tweet,AtulMathur_,MattFutterman,446
183181,Article,dubeyavishek,shafaquealamTOI,12
183172,Article,dubeyavishek,SidharthB25,3
183242,Article,dubeyavishek,rebeccaSTOI,12
183100,Article,dubeyavishek,KanwardeepsTOI,4
183192,Article,dubeyavishek,dubeyavishek,1
183086,Article,dubeyavishek,sandhyanairTOI,50
183073,Article,dubeyavishek,SidharthB25,48
183045,Article,dubeyavishek,SidharthB25,2
183253,Article,dubeyavishek,sandhyanairTOI,7
183058,Article,dubeyavishek,dubeyavishek,1
183248,Article,dubeyavishek,KanwardeepsTOI,2
183093,Article,dubeyavishek,KanwardeepsTOI,3
183216,Article,dubeyavishek,SagrikaKissu,3
183203,Article,dubeyavishek,anandbodhTOI,18
183115,Article,dubeyavishek,KanwardeepsTOI,7
183354,Tweet,dubeyavishek,advityabahlTOI,2
183327,Tweet,dubeyavishek,dubeyavishek,1
183285,Tweet,dubeyavishek,dubeyavishek,1
183281,Tweet,dubeyavishek,dubeyavishek,1
183304,Tweet,dubeyavishek,murarishetyeTOI,7
183362,Tweet,dubeyavishek,dubeyavishek,1
183334,Tweet,dubeyavishek,dubeyavishek,1
183349,Tweet,dubeyavishek,advityabahlTOI,3
183329,Tweet,dubeyavishek,dubeyavishek,1
183322,Tweet,dubeyavishek,dubeyavishek,1
183296,Tweet,dubeyavishek,advityabahlTOI,2
183283,Tweet,dubeyavishek,sermoninstone,305
183317,Tweet,dubeyavishek,dubeyavishek,1
183280,Tweet,dubeyavishek,advityabahlTOI,2
183357,Tweet,dubeyavishek,dubeyavishek,1
79672,Article,marthakelner,marthakelner,1
79839,Article,marthakelner,marthakelner,1
79712,Article,marthakelner,seaningle,2
79717,Article,marthakelner,lukeharding1968,162
79833,Article,marthakelner,marthakelner,1
79787,Article,marthakelner,archiebland,90
79884,Article,marthakelner,marthakelner,1
79660,Article,marthakelner,marthakelner,1
79864,Article,marthakelner,seaningle,2
79714,Article,marthakelner,marthakelner,1
79743,Article,marthakelner,marthakelner,1
79798,Article,marthakelner,marthakelner,1
79902,Article,marthakelner,seaningle,2
79900,Article,marthakelner,marthakelner,1
79708,Article,marthakelner,marthakelner,1
80202,Tweet,marthakelner,NeilMacFarquhar,6
80343,Tweet,marthakelner,CeylanWrites,346
80363,Tweet,marthakelner,RichardFausset,96
80098,Tweet,marthakelner,joshwiddicombe,14
79935,Tweet,marthakelner,MattFutterman,86
80089,Tweet,marthakelner,bylizrobbins,311
79974,Tweet,marthakelner,NeilMacFarquhar,51
80275,Tweet,marthakelner,RorySmith,17
80410,Tweet,marthakelner,christophclarey,52
80105,Tweet,marthakelner,elizabday,155
80221,Tweet,marthakelner,michaelcrowley,157
80347,Tweet,marthakelner,bglendenning,8
80040,Tweet,marthakelner,GiniaNYT,49
80380,Tweet,marthakelner,joshwiddicombe,88
80401,Tweet,marthakelner,joshwiddicombe,112
4481,Article,bykaren,bykaren,1
4437,Article,bykaren,bykaren,1
4477,Article,bykaren,tariqpanja,56
4449,Article,bykaren,DavidWaldstein,2
4434,Article,bykaren,bykaren,1
4471,Article,bykaren,bykaren,1
4453,Article,bykaren,BenRothenberg,2
4448,Article,bykaren,BenRothenberg,3
4406,Article,bykaren,bykaren,1
4465,Article,bykaren,bykaren,1
4485,Article,bykaren,bykaren,1
4402,Article,bykaren,bykaren,1
4411,Article,bykaren,DavidWaldstein,2
4414,Article,bykaren,bykaren,1
4463,Article,bykaren,BenRothenberg,2
4518,Tweet,bykaren,joshwiddicombe,59
4590,Tweet,bykaren,sarahlyall,30
4566,Tweet,bykaren,RichSandomir,6
4532,Tweet,bykaren,priyagupta999,149
4592,Tweet,bykaren,MattFutterman,4
4539,Tweet,bykaren,SocialQPhilip,121
4549,Tweet,bykaren,billmpennington,6
4509,Tweet,bykaren,jbouie,11
4537,Tweet,bykaren,carlzimmer,235
4526,Tweet,bykaren,bykaren,1
4536,Tweet,bykaren,MattFutterman,21
4577,Tweet,bykaren,sarahlyall,3
4563,Tweet,bykaren,afuahirsch,93
4530,Tweet,bykaren,GiniaNYT,33
4579,Tweet,bykaren,gettinviggy,355
149010,Article,jonathanwatts,ArthurNeslen,5
148891,Article,jonathanwatts,jbouie,39
149056,Article,jonathanwatts,gilestremlett,34
149055,Article,jonathanwatts,marthakelner,7
148998,Article,jonathanwatts,jimwaterson,12
148942,Article,jonathanwatts,RachelDonadio,17
149078,Article,jonathanwatts,ArthurNeslen,2
148854,Article,jonathanwatts,ArthurNeslen,2
148856,Article,jonathanwatts,williamnhutton,43
148866,Article,jonathanwatts,jonathanwatts,1
148933,Article,jonathanwatts,GeorgeMonbiot,17
148943,Article,jonathanwatts,philipoltermann,3
149063,Article,jonathanwatts,toi_dhananjayM,42
148843,Article,jonathanwatts,andybrassell,74
149028,Article,jonathanwatts,paulmasonnews,88
149642,Tweet,jonathanwatts,KSchulten,28
149666,Tweet,jonathanwatts,GiniaNYT,70
149156,Tweet,jonathanwatts,jonathanwatts,1
149581,Tweet,jonathanwatts,helenecooper,249
149408,Tweet,jonathanwatts,AlysFowler,10
149144,Tweet,jonathanwatts,sarahlyall,68
149619,Tweet,jonathanwatts,jimwaterson,125
149228,Tweet,jonathanwatts,jennydeluxe,26
149501,Tweet,jonathanwatts,sarahlyall,73
149284,Tweet,jonathanwatts,domphillips,125
149295,Tweet,jonathanwatts,NeilMacFarquhar,323
149398,Tweet,jonathanwatts,hillhulse,6
149535,Tweet,jonathanwatts,GiniaNYT,79
149464,Tweet,jonathanwatts,sarahlyall,226
149141,Tweet,jonathanwatts,sarahlyall,91
192039,Article,manujaveerappa,rajendrasTOI,87
192055,Article,manujaveerappa,aniljdias,16
192149,Article,manujaveerappa,aniljdias,4
192137,Article,manujaveerappa,vivek9301,3
191937,Article,manujaveerappa,aniljdias,17
192085,Article,manujaveerappa,vivek9301,5
192010,Article,manujaveerappa,manujaveerappa,1
191929,Article,manujaveerappa,saumyajitbTOI,9
192109,Article,manujaveerappa,parthasinha,22
192153,Article,manujaveerappa,vivek9301,7
192049,Article,manujaveerappa,vivek9301,3
192102,Article,manujaveerappa,vivek9301,8
191969,Article,manujaveerappa,aniljdias,2
192143,Article,manujaveerappa,aniljdias,6
191979,Article,manujaveerappa,vivek9301,3
192197,Tweet,manujaveerappa,aditya_bh16,3
192193,Tweet,manujaveerappa,kumaraswamykTOI,7
192240,Tweet,manujaveerappa,msrachelcooke,282
192253,Tweet,manujaveerappa,AniltheMatrix,8
192216,Tweet,manujaveerappa,smita_mishra,38
192182,Tweet,manujaveerappa,manujaveerappa,1
192187,Tweet,manujaveerappa,AniltheMatrix,2
192231,Tweet,manujaveerappa,AraniBasuTOI,3
192229,Tweet,manujaveerappa,aditya_bh16,2
192194,Tweet,manujaveerappa,bglendenning,97
192196,Tweet,manujaveerappa,aditya_bh16,2
192233,Tweet,manujaveerappa,Pratiks_TOI,3
192245,Tweet,manujaveerappa,melissaclark,153
192261,Tweet,manujaveerappa,saumyajitbTOI,8
192168,Tweet,manujaveerappa,psangeetha2112,37
87887,Article,allegramcevedy,RebeccaSeal,3
87880,Article,allegramcevedy,RebeccaSeal,3
87864,Article,allegramcevedy,winematcher,2
87865,Article,allegramcevedy,sarfrazmanzoor,52
87768,Article,allegramcevedy,FelicityCloake,15
87956,Article,allegramcevedy,FelicityCloake,3
87920,Article,allegramcevedy,RebeccaSeal,2
87794,Article,allegramcevedy,sarfrazmanzoor,52
87927,Article,allegramcevedy,melissaclark,8
87781,Article,allegramcevedy,thestephmerritt,3
87832,Article,allegramcevedy,FelicityCloake,6
87799,Article,allegramcevedy,sarfrazmanzoor,52
87925,Article,allegramcevedy,RebeccaSeal,2
87889,Article,allegramcevedy,RebeccaSeal,14
87886,Article,allegramcevedy,smita_mishra,11
88219,Tweet,allegramcevedy,joncaramanica,3
88035,Tweet,allegramcevedy,we_are_food,2
88162,Tweet,allegramcevedy,jennydeluxe,75
88247,Tweet,allegramcevedy,we_are_food,2
88006,Tweet,allegramcevedy,allegramcevedy,1
88511,Tweet,allegramcevedy,OfficeGSBrown,48
88371,Tweet,allegramcevedy,elizabday,31
88230,Tweet,allegramcevedy,jennydeluxe,49
87975,Tweet,allegramcevedy,afuahirsch,2
88562,Tweet,allegramcevedy,allegramcevedy,1
88384,Tweet,allegramcevedy,jennydeluxe,77
88506,Tweet,allegramcevedy,alanconnor,5
88263,Tweet,allegramcevedy,joshwiddicombe,3
88101,Tweet,allegramcevedy,allegramcevedy,1
88023,Tweet,allegramcevedy,elizabday,10
63882,Article,mariellaf1,hadleyfreeman,7
63901,Article,mariellaf1,hadleyfreeman,14
63948,Article,mariellaf1,mariellaf1,1
63836,Article,mariellaf1,JohnJCrace,113
63900,Article,mariellaf1,mariellaf1,1
64010,Article,mariellaf1,mariellaf1,1
63955,Article,mariellaf1,mariellaf1,1
63934,Article,mariellaf1,NilsPratley,470
64067,Article,mariellaf1,mariellaf1,1
64071,Article,mariellaf1,mariellaf1,1
63896,Article,mariellaf1,TimdeLisle,33
63940,Article,mariellaf1,davidhepworth,441
64018,Article,mariellaf1,mariellaf1,1
63935,Article,mariellaf1,mariellaf1,1
63972,Article,mariellaf1,mariellaf1,1
64561,Tweet,mariellaf1,PerriKlass,11
64276,Tweet,mariellaf1,HackneyAbbott,151
64563,Tweet,mariellaf1,PeterTatchell,5
64468,Tweet,mariellaf1,laurenlaverne,11
64587,Tweet,mariellaf1,OfficeGSBrown,47
64273,Tweet,mariellaf1,jennydeluxe,413
64200,Tweet,mariellaf1,joshwiddicombe,78
64114,Tweet,mariellaf1,HackneyAbbott,32
64263,Tweet,mariellaf1,laurenlaverne,2
64419,Tweet,mariellaf1,laurenlaverne,4
64141,Tweet,mariellaf1,alanconnor,3
64458,Tweet,mariellaf1,msrachelcooke,164
64630,Tweet,mariellaf1,mariellaf1,1
64467,Tweet,mariellaf1,OfficeGSBrown,31
64411,Tweet,mariellaf1,PeterTatchell,95
34241,Article,gmorgenson,EllenBarryNYT,65
34247,Article,gmorgenson,andrewrsorkin,5
34218,Article,gmorgenson,andrewrsorkin,3
34294,Article,gmorgenson,tarasbernard,9
34254,Article,gmorgenson,noamscheiber,23
34259,Article,gmorgenson,noamscheiber,20
34203,Article,gmorgenson,jeannasmialek,5
34213,Article,gmorgenson,andrewrsorkin,13
34223,Article,gmorgenson,FlitterOnFraud,2
34261,Article,gmorgenson,EllenBarryNYT,7
34293,Article,gmorgenson,andrewrsorkin,2
34255,Article,gmorgenson,EllenBarryNYT,13
34217,Article,gmorgenson,andrewrsorkin,3
34202,Article,gmorgenson,SharonLNYT,103
34233,Article,gmorgenson,andrewrsorkin,5
34388,Tweet,gmorgenson,PamBelluck,125
34386,Tweet,gmorgenson,andrewrsorkin,3
34392,Tweet,gmorgenson,FlitterOnFraud,7
34311,Tweet,gmorgenson,jennydeluxe,15
34340,Tweet,gmorgenson,jennydeluxe,26
34393,Tweet,gmorgenson,NYTLiz,8
34333,Tweet,gmorgenson,davidleighx,51
34312,Tweet,gmorgenson,andrewrawnsley,104
34391,Tweet,gmorgenson,tomfriedman,52
34303,Tweet,gmorgenson,PamBelluck,83
34318,Tweet,gmorgenson,GiniaNYT,9
34308,Tweet,gmorgenson,tomfriedman,66
34346,Tweet,gmorgenson,GiniaNYT,8
34316,Tweet,gmorgenson,davidleighx,104
34365,Tweet,gmorgenson,kenvogel,20
202787,Article,PrashantrTOI,yusrahusain,7
202716,Article,PrashantrTOI,NewtonSTOI,29
202869,Article,PrashantrTOI,KomalGautham,78
202635,Article,PrashantrTOI,SyedAkbarTOI,20
202818,Article,PrashantrTOI,ThevarSteffy,26
202813,Article,PrashantrTOI,ThevarSteffy,19
202860,Article,PrashantrTOI,rajendrasTOI,50
202838,Article,PrashantrTOI,NewtonSTOI,6
202819,Article,PrashantrTOI,rajendrasTOI,19
202746,Article,PrashantrTOI,NewtonSTOI,14
202684,Article,PrashantrTOI,yusrahusain,20
202832,Article,PrashantrTOI,ThevarSteffy,11
202648,Article,PrashantrTOI,SwatiShindeTOI,7
202725,Article,PrashantrTOI,SwatiShindeTOI,3
202788,Article,PrashantrTOI,sandhyanairTOI,22
202919,Tweet,PrashantrTOI,PrashantrTOI,1
202875,Tweet,PrashantrTOI,PrashantrTOI,1
202871,Tweet,PrashantrTOI,niyatiparikhTOI,2
202899,Tweet,PrashantrTOI,PrashantrTOI,1
202918,Tweet,PrashantrTOI,PrashantrTOI,1
202898,Tweet,PrashantrTOI,PrashantrTOI,1
202939,Tweet,PrashantrTOI,PrashantrTOI,1
202956,Tweet,PrashantrTOI,PrashantrTOI,1
202892,Tweet,PrashantrTOI,priyagupta999,11
202963,Tweet,PrashantrTOI,PrashantrTOI,1
202961,Tweet,PrashantrTOI,PrashantrTOI,1
202933,Tweet,PrashantrTOI,PrashantrTOI,1
202949,Tweet,PrashantrTOI,PrashantrTOI,1
202902,Tweet,PrashantrTOI,niyatiparikhTOI,3
202889,Tweet,PrashantrTOI,priyagupta999,30
220854,Article,vijayVsinghTOI,richapintoi,34
220939,Article,vijayVsinghTOI,KomalGautham,57
220852,Article,vijayVsinghTOI,rebeccaSTOI,2
220860,Article,vijayVsinghTOI,vijayVsinghTOI,1
220956,Article,vijayVsinghTOI,SribaalaVTOI,3
220920,Article,vijayVsinghTOI,vijayVsinghTOI,1
220837,Article,vijayVsinghTOI,ManjuVTOI,2
220934,Article,vijayVsinghTOI,vijayVsinghTOI,1
220915,Article,vijayVsinghTOI,vijayVsinghTOI,1
220861,Article,vijayVsinghTOI,vijayVsinghTOI,1
220962,Article,vijayVsinghTOI,rajendrasTOI,2
220906,Article,vijayVsinghTOI,SidharthB25,3
220947,Article,vijayVsinghTOI,vijayVsinghTOI,1
220831,Article,vijayVsinghTOI,vijayVsinghTOI,1
220824,Article,vijayVsinghTOI,nauzerbTOI,8
221042,Tweet,vijayVsinghTOI,vijayVsinghTOI,1
221014,Tweet,vijayVsinghTOI,BhanupratapsTOI,25
221036,Tweet,vijayVsinghTOI,BhanupratapsTOI,17
221025,Tweet,vijayVsinghTOI,vijayVsinghTOI,1
221060,Tweet,vijayVsinghTOI,vijayVsinghTOI,1
221072,Tweet,vijayVsinghTOI,BhanupratapsTOI,69
221047,Tweet,vijayVsinghTOI,PjJoychen,6
221057,Tweet,vijayVsinghTOI,vijayVsinghTOI,1
221090,Tweet,vijayVsinghTOI,psangeetha2112,226
221035,Tweet,vijayVsinghTOI,priyagupta999,3
221086,Tweet,vijayVsinghTOI,polblonde,281
221052,Tweet,vijayVsinghTOI,BhanupratapsTOI,43
221043,Tweet,vijayVsinghTOI,PjJoychen,3
221092,Tweet,vijayVsinghTOI,mohuadazz,198
221011,Tweet,vijayVsinghTOI,PNaveenTOI,36
59641,Article,emmabrockes,tomdyckhoff,106
59704,Article,emmabrockes,mariellaf1,32
59804,Article,emmabrockes,bindelj,2
59680,Article,emmabrockes,emmabrockes,1
59760,Article,emmabrockes,emmabrockes,1
59590,Article,emmabrockes,LauraCummingArt,61
59782,Article,emmabrockes,hadleyfreeman,47
59818,Article,emmabrockes,emmabrockes,1
59652,Article,emmabrockes,emmabrockes,1
59631,Article,emmabrockes,emmabrockes,1
59606,Article,emmabrockes,archiebland,142
59661,Article,emmabrockes,emmabrockes,1
59683,Article,emmabrockes,emmabrockes,1
59819,Article,emmabrockes,OwenJones84,53
59755,Article,emmabrockes,JohnJCrace,83
60274,Tweet,emmabrockes,msrachelcooke,42
59948,Tweet,emmabrockes,hadleyfreeman,12
60283,Tweet,emmabrockes,jennydeluxe,22
60153,Tweet,emmabrockes,msrachelcooke,10
59969,Tweet,emmabrockes,wesley_morris,61
60142,Tweet,emmabrockes,WilbyPeter,32
60102,Tweet,emmabrockes,jennydeluxe,51
60048,Tweet,emmabrockes,msrachelcooke,8
60403,Tweet,emmabrockes,melissaclark,103
59891,Tweet,emmabrockes,elizabday,37
59879,Tweet,emmabrockes,gabyhinsliff,23
60315,Tweet,emmabrockes,sarahditum,40
60140,Tweet,emmabrockes,jbouie,41
59870,Tweet,emmabrockes,jennydeluxe,58
59930,Tweet,emmabrockes,MonaChalabi,41
93520,Article,OfficeGSBrown,JohnJCrace,44
93511,Article,OfficeGSBrown,axrenton,14
93505,Article,OfficeGSBrown,JohnJCrace,7
93545,Article,OfficeGSBrown,OwenJones84,25
93558,Article,OfficeGSBrown,OLIVERBALCH,10
93523,Article,OfficeGSBrown,OwenJones84,14
93622,Article,OfficeGSBrown,DanielKingChess,2
93540,Article,OfficeGSBrown,williamnhutton,33
93598,Article,OfficeGSBrown,nicholaswatt,6
93507,Article,OfficeGSBrown,JohnJCrace,10
93534,Article,OfficeGSBrown,williamnhutton,28
93568,Article,OfficeGSBrown,hadleyfreeman,38
93611,Article,OfficeGSBrown,williamnhutton,2
93532,Article,OfficeGSBrown,garyyounge,8
93518,Article,OfficeGSBrown,williamnhutton,5
94132,Tweet,OfficeGSBrown,farnazfassihi,161
94239,Tweet,OfficeGSBrown,garyyounge,2
93987,Tweet,OfficeGSBrown,OfficeGSBrown,1
93814,Tweet,OfficeGSBrown,OfficeGSBrown,1
94020,Tweet,OfficeGSBrown,noamscheiber,167
94156,Tweet,OfficeGSBrown,andrewrsorkin,216
94095,Tweet,OfficeGSBrown,ChaitanyadTOI,96
94031,Tweet,OfficeGSBrown,tarasbernard,338
93935,Tweet,OfficeGSBrown,smita_mishra,431
93838,Tweet,OfficeGSBrown,SherylNYT,2
94180,Tweet,OfficeGSBrown,OfficeGSBrown,1
94003,Tweet,OfficeGSBrown,antontroian,150
93670,Tweet,OfficeGSBrown,OfficeGSBrown,1
94153,Tweet,OfficeGSBrown,OfficeGSBrown,1
94000,Tweet,OfficeGSBrown,tariqpanja,344
182009,Article,dkarthikTOI,dkarthikTOI,1
182219,Article,dkarthikTOI,dkarthikTOI,1
181972,Article,dkarthikTOI,dkarthikTOI,1
182060,Article,dkarthikTOI,SindhukTOI,12
182197,Article,dkarthikTOI,dkarthikTOI,1
182116,Article,dkarthikTOI,dkarthikTOI,1
182128,Article,dkarthikTOI,dkarthikTOI,1
182070,Article,dkarthikTOI,dkarthikTOI,1
182147,Article,dkarthikTOI,NewtonSTOI,5
181990,Article,dkarthikTOI,dkarthikTOI,1
182044,Article,dkarthikTOI,dkarthikTOI,1
182067,Article,dkarthikTOI,dkarthikTOI,1
182166,Article,dkarthikTOI,dkarthikTOI,1
181984,Article,dkarthikTOI,NewtonSTOI,8
182137,Article,dkarthikTOI,rajendrasTOI,2
182247,Tweet,dkarthikTOI,dkarthikTOI,1
182308,Tweet,dkarthikTOI,dkarthikTOI,1
182275,Tweet,dkarthikTOI,dkarthikTOI,1
182302,Tweet,dkarthikTOI,dkarthikTOI,1
182229,Tweet,dkarthikTOI,dkarthikTOI,1
182237,Tweet,dkarthikTOI,dkarthikTOI,1
182318,Tweet,dkarthikTOI,utejonmayamTOI,2
182292,Tweet,dkarthikTOI,dkarthikTOI,1
182312,Tweet,dkarthikTOI,dkarthikTOI,1
182256,Tweet,dkarthikTOI,dkarthikTOI,1
182274,Tweet,dkarthikTOI,BhanupratapsTOI,3
182265,Tweet,dkarthikTOI,dkarthikTOI,1
182227,Tweet,dkarthikTOI,dkarthikTOI,1
182267,Tweet,dkarthikTOI,pete_wells,105
182226,Tweet,dkarthikTOI,dkarthikTOI,1
32679,Article,CeylanWrites,NikiKitsantonis,4
32662,Article,CeylanWrites,IKershner,14
32648,Article,CeylanWrites,IKershner,10
32622,Article,CeylanWrites,NeilMacFarquhar,13
32644,Article,CeylanWrites,cdcaron,7
32606,Article,CeylanWrites,NikiKitsantonis,2
32641,Article,CeylanWrites,CeylanWrites,1
32647,Article,CeylanWrites,RorySmith,47
32650,Article,CeylanWrites,NeilMacFarquhar,4
32681,Article,CeylanWrites,BellaKwai,2
32667,Article,CeylanWrites,NYTBen,4
32626,Article,CeylanWrites,CeylanWrites,1
32689,Article,CeylanWrites,toi_dhananjayM,17
32677,Article,CeylanWrites,NYTBen,8
32657,Article,CeylanWrites,jameskanter,13
32710,Tweet,CeylanWrites,polblonde,12
32720,Tweet,CeylanWrites,EmmaBubola,6
32767,Tweet,CeylanWrites,CeylanWrites,1
32733,Tweet,CeylanWrites,priyagupta999,60
32799,Tweet,CeylanWrites,PerriKlass,6
32735,Tweet,CeylanWrites,EmmaBubola,5
32746,Tweet,CeylanWrites,peterbakernyt,25
32745,Tweet,CeylanWrites,MattFutterman,102
32738,Tweet,CeylanWrites,garyyounge,64
32762,Tweet,CeylanWrites,polblonde,13
32752,Tweet,CeylanWrites,BellaKwai,4
32742,Tweet,CeylanWrites,apoorva_nyc,7
32711,Tweet,CeylanWrites,ollywainwright,40
32779,Tweet,CeylanWrites,sermoninstone,59
32768,Tweet,CeylanWrites,alanfeuer,62
101267,Article,thrasherxy,hadleyfreeman,35
101066,Article,thrasherxy,williamnhutton,37
101097,Article,thrasherxy,hadleyfreeman,29
101147,Article,thrasherxy,OLIVERBALCH,54
101084,Article,thrasherxy,williamnhutton,32
101043,Article,thrasherxy,timlottwriter,12
101238,Article,thrasherxy,OwenJones84,8
101051,Article,thrasherxy,emmabrockes,55
101225,Article,thrasherxy,GiniaNYT,264
101056,Article,thrasherxy,michelleinbklyn,90
101042,Article,thrasherxy,timlottwriter,13
101149,Article,thrasherxy,garyyounge,44
101054,Article,thrasherxy,DouthatNYT,83
101234,Article,thrasherxy,gabyhinsliff,17
101090,Article,thrasherxy,michelleinbklyn,57
101734,Tweet,thrasherxy,annanorthtweets,48
101830,Tweet,thrasherxy,joncaramanica,66
101673,Tweet,thrasherxy,sarahlyall,149
101793,Tweet,thrasherxy,leninology,34
101515,Tweet,thrasherxy,andrewrsorkin,177
101871,Tweet,thrasherxy,OfficeGSBrown,25
101442,Tweet,thrasherxy,vanbadham,13
101337,Tweet,thrasherxy,andrewrsorkin,236
101703,Tweet,thrasherxy,jbouie,21
101718,Tweet,thrasherxy,richardwolffedc,13
101668,Tweet,thrasherxy,dwightgarner,296
101854,Tweet,thrasherxy,margaretrenkl,162
101801,Tweet,thrasherxy,gabyhinsliff,5
101577,Tweet,thrasherxy,carlzimmer,89
101587,Tweet,thrasherxy,RachelDonadio,30
149769,Article,WilbyPeter,OwenJones84,7
149893,Article,WilbyPeter,JohnJCrace,18
149750,Article,WilbyPeter,TimdeLisle,44
149819,Article,WilbyPeter,MichaelWhite,34
149783,Article,WilbyPeter,NilsPratley,68
149811,Article,WilbyPeter,NilsPratley,254
149907,Article,WilbyPeter,OLIVERBALCH,71
149828,Article,WilbyPeter,MichaelWhite,31
149924,Article,WilbyPeter,Freedland,53
149747,Article,WilbyPeter,OLIVERBALCH,143
149842,Article,WilbyPeter,garyyounge,22
149844,Article,WilbyPeter,TimdeLisle,33
149753,Article,WilbyPeter,NilsPratley,128
149745,Article,WilbyPeter,OfficeGSBrown,55
149866,Article,WilbyPeter,AndrewSparrow,10
150030,Tweet,WilbyPeter,WilbyPeter,1
150032,Tweet,WilbyPeter,WilbyPeter,1
150112,Tweet,WilbyPeter,WilbyPeter,1
150383,Tweet,WilbyPeter,aleksk,8
150024,Tweet,WilbyPeter,WilbyPeter,1
150351,Tweet,WilbyPeter,WilbyPeter,1
150330,Tweet,WilbyPeter,WilbyPeter,1
150089,Tweet,WilbyPeter,WilbyPeter,1
150026,Tweet,WilbyPeter,DouthatNYT,212
150160,Tweet,WilbyPeter,lyngardner,38
150016,Tweet,WilbyPeter,WilbyPeter,1
150227,Tweet,WilbyPeter,WilbyPeter,1
150421,Tweet,WilbyPeter,WilbyPeter,1
149968,Tweet,WilbyPeter,WilbyPeter,1
150116,Tweet,WilbyPeter,WilbyPeter,1
73152,Article,lucysiegle,andybrassell,100
73359,Article,lucysiegle,andybrassell,97
73377,Article,lucysiegle,sarahditum,17
73257,Article,lucysiegle,lucysiegle,1
73318,Article,lucysiegle,lucysiegle,1
73328,Article,lucysiegle,salihughes,34
73250,Article,lucysiegle,lucysiegle,1
73170,Article,lucysiegle,lucysiegle,1
73333,Article,lucysiegle,NilsPratley,45
73358,Article,lucysiegle,lucysiegle,1
73342,Article,lucysiegle,nicholaswatt,48
73254,Article,lucysiegle,lucysiegle,1
73204,Article,lucysiegle,lucysiegle,1
73355,Article,lucysiegle,lucysiegle,1
73211,Article,lucysiegle,davidhepworth,175
73627,Tweet,lucysiegle,PeterTatchell,135
73634,Tweet,lucysiegle,jonronson,147
73943,Tweet,lucysiegle,salihughes,112
73733,Tweet,lucysiegle,damiencave,71
73791,Tweet,lucysiegle,benkenigsberg,93
73973,Tweet,lucysiegle,JessicaValenti,128
73511,Tweet,lucysiegle,noamscheiber,151
73647,Tweet,lucysiegle,RosySequeiraTOI,224
73970,Tweet,lucysiegle,psangeetha2112,246
73498,Tweet,lucysiegle,alanconnor,3
73687,Tweet,lucysiegle,andrewrsorkin,118
73757,Tweet,lucysiegle,afuahirsch,60
73597,Tweet,lucysiegle,vanbadham,128
73948,Tweet,lucysiegle,jennydeluxe,146
73771,Tweet,lucysiegle,salihughes,107
117651,Article,rachshabi,DouthatNYT,38
117762,Article,rachshabi,jillfilipovic,46
117649,Article,rachshabi,kenanmalik,7
117686,Article,rachshabi,andybrassell,67
117777,Article,rachshabi,OLIVERBALCH,129
117606,Article,rachshabi,williamnhutton,66
117666,Article,rachshabi,nicklezard,47
117697,Article,rachshabi,nicklezard,44
117770,Article,rachshabi,oliverburkeman,61
117592,Article,rachshabi,hadleyfreeman,48
117757,Article,rachshabi,nicholaswatt,126
117781,Article,rachshabi,andybrassell,92
117577,Article,rachshabi,archiebland,65
117572,Article,rachshabi,andybrassell,61
117703,Article,rachshabi,NilsPratley,74
118006,Tweet,rachshabi,JohnJCrace,38
117865,Tweet,rachshabi,joncaramanica,212
118255,Tweet,rachshabi,nicholaswatt,16
118141,Tweet,rachshabi,elizabday,59
118185,Tweet,rachshabi,JohnJCrace,6
117806,Tweet,rachshabi,DeccaJourno,66
118043,Tweet,rachshabi,jennydeluxe,12
117883,Tweet,rachshabi,nnougayrede,202
118129,Tweet,rachshabi,msrachelcooke,16
118373,Tweet,rachshabi,jennydeluxe,18
117916,Tweet,rachshabi,rachshabi,1
118354,Tweet,rachshabi,JohnJCrace,47
118132,Tweet,rachshabi,sarahditum,26
118110,Tweet,rachshabi,OfficeGSBrown,272
118161,Tweet,rachshabi,jbouie,33
4030,Article,bydanielvictor,adamliptak,30
4023,Article,bydanielvictor,EllenBarryNYT,40
4029,Article,bydanielvictor,DouthatNYT,42
4076,Article,bydanielvictor,NeilMacFarquhar,6
4099,Article,bydanielvictor,NikiKitsantonis,18
4035,Article,bydanielvictor,SharonLNYT,22
4073,Article,bydanielvictor,NeilMacFarquhar,30
4085,Article,bydanielvictor,NeilMacFarquhar,34
4024,Article,bydanielvictor,marcatracy,9
4081,Article,bydanielvictor,EllenBarryNYT,85
4048,Article,bydanielvictor,RichardFausset,20
4063,Article,bydanielvictor,noamscheiber,61
4044,Article,bydanielvictor,julianbarnes,43
4003,Article,bydanielvictor,NeilMacFarquhar,10
4007,Article,bydanielvictor,anniekarni,36
4157,Tweet,bydanielvictor,msmirandasawyer,72
4153,Tweet,bydanielvictor,vwang3,49
4121,Tweet,bydanielvictor,GiniaNYT,58
4100,Tweet,bydanielvictor,MonaChalabi,156
4105,Tweet,bydanielvictor,gailcollins,64
4151,Tweet,bydanielvictor,vwang3,118
4197,Tweet,bydanielvictor,msrachelcooke,66
4108,Tweet,bydanielvictor,joshwiddicombe,86
4181,Tweet,bydanielvictor,vanbadham,196
4196,Tweet,bydanielvictor,sarahditum,90
4117,Tweet,bydanielvictor,annanorthtweets,56
4147,Tweet,bydanielvictor,vanbadham,175
4136,Tweet,bydanielvictor,vanbadham,146
4161,Tweet,bydanielvictor,mikeives,55
4172,Tweet,bydanielvictor,sarahditum,45
89414,Article,declanwalsh,JohnJCrace,32
89552,Article,declanwalsh,declanwalsh,1
89612,Article,declanwalsh,declanwalsh,1
89434,Article,declanwalsh,williamnhutton,79
89592,Article,declanwalsh,IanCobain,56
89662,Article,declanwalsh,declanwalsh,1
6042,Article,declanwalsh,NeilMacFarquhar,9
89464,Article,declanwalsh,declanwalsh,1
89594,Article,declanwalsh,declanwalsh,1
89517,Article,declanwalsh,declanwalsh,1
89574,Article,declanwalsh,julianbarnes,2
89499,Article,declanwalsh,MichaelWhite,49
89580,Article,declanwalsh,JohnJCrace,13
89508,Article,declanwalsh,declanwalsh,1
6072,Article,declanwalsh,NeilMacFarquhar,29
89673,Tweet,declanwalsh,Lattif,125
89865,Tweet,declanwalsh,arusbridger,211
6148,Tweet,declanwalsh,davidleighx,120
89879,Tweet,declanwalsh,priyagupta999,206
6143,Tweet,declanwalsh,Lattif,61
90206,Tweet,declanwalsh,sermoninstone,172
89790,Tweet,declanwalsh,IanCobain,39
90104,Tweet,declanwalsh,MattFutterman,303
90237,Tweet,declanwalsh,NeilMacFarquhar,20
89926,Tweet,declanwalsh,Mahafreed_Irani,257
90047,Tweet,declanwalsh,davidleighx,77
89710,Tweet,declanwalsh,jennydeluxe,157
89749,Tweet,declanwalsh,andybrassell,281
89968,Tweet,declanwalsh,Lattif,53
6136,Tweet,declanwalsh,BellaKwai,161
45537,Article,lukeharding1968,andybrassell,2
45524,Article,lukeharding1968,lukeharding1968,1
45647,Article,lukeharding1968,stevenpoole,299
45505,Article,lukeharding1968,OLIVERBALCH,2
45627,Article,lukeharding1968,patrickwintour,3
45535,Article,lukeharding1968,lukeharding1968,1
45583,Article,lukeharding1968,garyyounge,2
45622,Article,lukeharding1968,OwenJones84,6
45690,Article,lukeharding1968,andybrassell,2
45639,Article,lukeharding1968,lukeharding1968,1
45559,Article,lukeharding1968,lukeharding1968,1
45484,Article,lukeharding1968,marthakelner,483
45473,Article,lukeharding1968,andybrassell,17
45653,Article,lukeharding1968,EllenBarryNYT,2
45630,Article,lukeharding1968,lukeharding1968,1
45997,Tweet,lukeharding1968,rachshabi,495
46027,Tweet,lukeharding1968,antontroian,2
46026,Tweet,lukeharding1968,lukeharding1968,1
45935,Tweet,lukeharding1968,lukeharding1968,1
45752,Tweet,lukeharding1968,philipoltermann,38
46260,Tweet,lukeharding1968,lukeharding1968,1
45871,Tweet,lukeharding1968,andrewrawnsley,302
46207,Tweet,lukeharding1968,antontroian,2
46242,Tweet,lukeharding1968,lukeharding1968,1
46002,Tweet,lukeharding1968,jennydeluxe,491
46036,Tweet,lukeharding1968,hugolowell,112
46177,Tweet,lukeharding1968,lukeharding1968,1
45990,Tweet,lukeharding1968,lukeharding1968,1
46111,Tweet,lukeharding1968,msrachelcooke,213
46255,Tweet,lukeharding1968,antontroian,2
143044,Article,msmirandasawyer,DeccaJourno,6
143196,Article,msmirandasawyer,TimdeLisle,31
143165,Article,msmirandasawyer,hadleyfreeman,14
143079,Article,msmirandasawyer,archiebland,36
143049,Article,msmirandasawyer,msmirandasawyer,1
143012,Article,msmirandasawyer,andrewrawnsley,64
143065,Article,msmirandasawyer,davidhepworth,126
143069,Article,msmirandasawyer,hadleyfreeman,34
143068,Article,msmirandasawyer,emmabrockes,16
143107,Article,msmirandasawyer,LauraCummingArt,8
143016,Article,msmirandasawyer,msmirandasawyer,1
143194,Article,msmirandasawyer,hadleyfreeman,14
143183,Article,msmirandasawyer,aleksk,5
143249,Article,msmirandasawyer,stevenpoole,161
143051,Article,msmirandasawyer,LauraCummingArt,25
143632,Tweet,msmirandasawyer,msrachelcooke,3
143396,Tweet,msmirandasawyer,DeccaJourno,6
143788,Tweet,msmirandasawyer,JohnJCrace,17
143770,Tweet,msmirandasawyer,sarahlyall,96
143821,Tweet,msmirandasawyer,fmanjoo,151
143473,Tweet,msmirandasawyer,DeccaJourno,8
143665,Tweet,msmirandasawyer,msrachelcooke,5
143740,Tweet,msmirandasawyer,jennydeluxe,61
143590,Tweet,msmirandasawyer,RowanMoore,14
143609,Tweet,msmirandasawyer,msrachelcooke,2
143394,Tweet,msmirandasawyer,laurenlaverne,46
143542,Tweet,msmirandasawyer,alanconnor,33
143573,Tweet,msmirandasawyer,LucyMangan,7
143648,Tweet,msmirandasawyer,vanbadham,80
143568,Tweet,msmirandasawyer,LucyMangan,9
203809,Article,priyangiTOI,kush_junglee,2
203801,Article,priyangiTOI,kush_junglee,2
203851,Article,priyangiTOI,AtulMathur_,15
203771,Article,priyangiTOI,priyangiTOI,1
203719,Article,priyangiTOI,toi_dhananjayM,71
203704,Article,priyangiTOI,kush_junglee,2
203914,Article,priyangiTOI,kush_junglee,2
203883,Article,priyangiTOI,AtulMathur_,6
203844,Article,priyangiTOI,AtulMathur_,15
203798,Article,priyangiTOI,kush_junglee,9
203882,Article,priyangiTOI,kush_junglee,9
203716,Article,priyangiTOI,priyangiTOI,1
203867,Article,priyangiTOI,kush_junglee,3
203773,Article,priyangiTOI,priyangiTOI,1
203820,Article,priyangiTOI,priyangiTOI,1
203934,Tweet,priyangiTOI,durgeshjhaTOI,24
203974,Tweet,priyangiTOI,PNaveenTOI,35
203953,Tweet,priyangiTOI,utejonmayamTOI,3
203967,Tweet,priyangiTOI,kush_junglee,8
203956,Tweet,priyangiTOI,mohuadazz,15
204003,Tweet,priyangiTOI,rishachitlangia,4
203970,Tweet,priyangiTOI,27saurabhsinha,20
204010,Tweet,priyangiTOI,Lattif,2
204008,Tweet,priyangiTOI,somitsenTOI,11
203962,Tweet,priyangiTOI,somitsenTOI,6
203978,Tweet,priyangiTOI,PNaveenTOI,29
204002,Tweet,priyangiTOI,utejonmayamTOI,3
203941,Tweet,priyangiTOI,priyangiTOI,1
203943,Tweet,priyangiTOI,somitsenTOI,7
203938,Tweet,priyangiTOI,PNaveenTOI,2
179808,Article,Crime_Selvaraj,KanwardeepsTOI,5
179800,Article,Crime_Selvaraj,Crime_Selvaraj,1
179691,Article,Crime_Selvaraj,Crime_Selvaraj,1
179578,Article,Crime_Selvaraj,Crime_Selvaraj,1
179639,Article,Crime_Selvaraj,SindhukTOI,2
179616,Article,Crime_Selvaraj,Crime_Selvaraj,1
179611,Article,Crime_Selvaraj,SindhukTOI,2
179674,Article,Crime_Selvaraj,SindhukTOI,2
179612,Article,Crime_Selvaraj,Crime_Selvaraj,1
179627,Article,Crime_Selvaraj,Crime_Selvaraj,1
179661,Article,Crime_Selvaraj,Crime_Selvaraj,1
179699,Article,Crime_Selvaraj,KomalGautham,2
179659,Article,Crime_Selvaraj,SidharthB25,2
179727,Article,Crime_Selvaraj,Crime_Selvaraj,1
179776,Article,Crime_Selvaraj,Crime_Selvaraj,1
179856,Tweet,Crime_Selvaraj,SindhukTOI,4
179875,Tweet,Crime_Selvaraj,priyagupta999,228
179897,Tweet,Crime_Selvaraj,NishikantkTOI,10
179860,Tweet,Crime_Selvaraj,polblonde,149
179840,Tweet,Crime_Selvaraj,Crime_Selvaraj,1
179819,Tweet,Crime_Selvaraj,Crime_Selvaraj,1
179898,Tweet,Crime_Selvaraj,polblonde,214
179845,Tweet,Crime_Selvaraj,Crime_Selvaraj,1
179818,Tweet,Crime_Selvaraj,Crime_Selvaraj,1
179841,Tweet,Crime_Selvaraj,NishikantkTOI,17
179863,Tweet,Crime_Selvaraj,polblonde,196
179816,Tweet,Crime_Selvaraj,mateenHTOI,4
179862,Tweet,Crime_Selvaraj,RosySequeiraTOI,147
179829,Tweet,Crime_Selvaraj,polblonde,237
179830,Tweet,Crime_Selvaraj,Gauraw2297,84
169573,Article,advityabahlTOI,AmritadTOI,127
169538,Article,advityabahlTOI,KanwardeepsTOI,4
169500,Article,advityabahlTOI,KanwardeepsTOI,2
169655,Article,advityabahlTOI,sandhyanairTOI,5
169510,Article,advityabahlTOI,sandhyanairTOI,14
169598,Article,advityabahlTOI,SidharthB25,10
169554,Article,advityabahlTOI,SidharthB25,5
169658,Article,advityabahlTOI,SidharthB25,20
169638,Article,advityabahlTOI,KanwardeepsTOI,10
169716,Article,advityabahlTOI,SidharthB25,13
169513,Article,advityabahlTOI,advityabahlTOI,1
169579,Article,advityabahlTOI,SagrikaKissu,3
169649,Article,advityabahlTOI,KanwardeepsTOI,2
169641,Article,advityabahlTOI,SidharthB25,6
169498,Article,advityabahlTOI,Crime_Selvaraj,18
169799,Tweet,advityabahlTOI,advityabahlTOI,1
169779,Tweet,advityabahlTOI,advityabahlTOI,1
169823,Tweet,advityabahlTOI,advityabahlTOI,1
169809,Tweet,advityabahlTOI,advityabahlTOI,1
169782,Tweet,advityabahlTOI,advityabahlTOI,1
169761,Tweet,advityabahlTOI,maheshbTOI,4
169803,Tweet,advityabahlTOI,advityabahlTOI,1
169763,Tweet,advityabahlTOI,advityabahlTOI,1
169790,Tweet,advityabahlTOI,advityabahlTOI,1
169767,Tweet,advityabahlTOI,advityabahlTOI,1
169787,Tweet,advityabahlTOI,advityabahlTOI,1
169838,Tweet,advityabahlTOI,advityabahlTOI,1
169798,Tweet,advityabahlTOI,advityabahlTOI,1
169755,Tweet,advityabahlTOI,advityabahlTOI,1
169748,Tweet,advityabahlTOI,EmmaBubola,49
153870,Article,gabyhinsliff,DeccaJourno,23
153856,Article,gabyhinsliff,JohnJCrace,12
153846,Article,gabyhinsliff,williamnhutton,30
153985,Article,gabyhinsliff,gabyhinsliff,1
153872,Article,gabyhinsliff,gabyhinsliff,1
153875,Article,gabyhinsliff,JohnJCrace,6
153955,Article,gabyhinsliff,afuahirsch,58
153911,Article,gabyhinsliff,OwenJones84,7
153880,Article,gabyhinsliff,hadleyfreeman,12
153830,Article,gabyhinsliff,garyyounge,41
153823,Article,gabyhinsliff,JohnJCrace,5
153858,Article,gabyhinsliff,JohnJCrace,3
153851,Article,gabyhinsliff,JohnJCrace,22
153765,Article,gabyhinsliff,nicklezard,15
153854,Article,gabyhinsliff,OwenJones84,39
154458,Tweet,gabyhinsliff,jbouie,2
154050,Tweet,gabyhinsliff,msrachelcooke,3
154222,Tweet,gabyhinsliff,msrachelcooke,31
154489,Tweet,gabyhinsliff,msrachelcooke,4
154025,Tweet,gabyhinsliff,fmanjoo,269
154338,Tweet,gabyhinsliff,shattenstone,5
154046,Tweet,gabyhinsliff,fmanjoo,35
154097,Tweet,gabyhinsliff,msrachelcooke,2
154130,Tweet,gabyhinsliff,joshwiddicombe,185
154556,Tweet,gabyhinsliff,gabyhinsliff,1
154549,Tweet,gabyhinsliff,msrachelcooke,8
154553,Tweet,gabyhinsliff,vanbadham,181
154527,Tweet,gabyhinsliff,msrachelcooke,10
154402,Tweet,gabyhinsliff,JohnJCrace,2
154250,Tweet,gabyhinsliff,sarahditum,10
106180,Article,stevenpoole,stevenpoole,1
106331,Article,stevenpoole,TristramHuntVA,38
106168,Article,stevenpoole,stevenpoole,1
106145,Article,stevenpoole,stevenpoole,1
106134,Article,stevenpoole,stevenpoole,1
106336,Article,stevenpoole,nicklezard,9
106322,Article,stevenpoole,nicklezard,3
106337,Article,stevenpoole,nmcintosh,19
106345,Article,stevenpoole,DouthatNYT,113
106230,Article,stevenpoole,JohnJCrace,111
106195,Article,stevenpoole,stevenpoole,1
106349,Article,stevenpoole,LauraCummingArt,74
106249,Article,stevenpoole,nicklezard,2
106186,Article,stevenpoole,stevenpoole,1
106189,Article,stevenpoole,stevenpoole,1
106811,Tweet,stevenpoole,vwang3,323
106759,Tweet,stevenpoole,paulmasonnews,197
106855,Tweet,stevenpoole,jbouie,49
106835,Tweet,stevenpoole,fmanjoo,33
106451,Tweet,stevenpoole,jennydeluxe,111
106534,Tweet,stevenpoole,jonronson,69
106560,Tweet,stevenpoole,JohnJCrace,73
106745,Tweet,stevenpoole,joncaramanica,164
106871,Tweet,stevenpoole,alanconnor,16
106385,Tweet,stevenpoole,rpogrebin,282
106793,Tweet,stevenpoole,nicklezard,46
106376,Tweet,stevenpoole,sarahditum,115
106947,Tweet,stevenpoole,MonaChalabi,161
106592,Tweet,stevenpoole,jbouie,85
106639,Tweet,stevenpoole,sarahchurchwell,239
13293,Article,MattFutterman,meddynyt,105
13243,Article,MattFutterman,el_belson,106
13291,Article,MattFutterman,BenRothenberg,7
13253,Article,MattFutterman,BenRothenberg,5
13273,Article,MattFutterman,BenWeiserNYT,51
13281,Article,MattFutterman,DavidWaldstein,20
13283,Article,MattFutterman,BenRothenberg,5
13289,Article,MattFutterman,DavidWaldstein,10
13241,Article,MattFutterman,BenRothenberg,9
13232,Article,MattFutterman,BenRothenberg,5
13249,Article,MattFutterman,BenRothenberg,3
13216,Article,MattFutterman,BenRothenberg,5
13278,Article,MattFutterman,BenRothenberg,13
13247,Article,MattFutterman,tariqpanja,20
13229,Article,MattFutterman,tariqpanja,78
13307,Tweet,MattFutterman,MattFutterman,1
13338,Tweet,MattFutterman,MattFutterman,1
13375,Tweet,MattFutterman,MattFutterman,1
13358,Tweet,MattFutterman,nytDeniseGrady,3
13321,Tweet,MattFutterman,MattFutterman,1
13359,Tweet,MattFutterman,smita_mishra,153
13315,Tweet,MattFutterman,mtomasky,101
13327,Tweet,MattFutterman,MattFutterman,1
13372,Tweet,MattFutterman,MattFutterman,1
13317,Tweet,MattFutterman,MattFutterman,1
13368,Tweet,MattFutterman,el_belson,3
13364,Tweet,MattFutterman,MattFutterman,1
13310,Tweet,MattFutterman,PerriKlass,2
13316,Tweet,MattFutterman,garyyounge,78
13337,Tweet,MattFutterman,RorySmith,53
137232,Article,arusbridger,JohnJCrace,35
137228,Article,arusbridger,lyngardner,18
137185,Article,arusbridger,davidhepworth,49
137279,Article,arusbridger,JohnJCrace,27
137236,Article,arusbridger,tomdyckhoff,40
137156,Article,arusbridger,JohnJCrace,41
137120,Article,arusbridger,NilsPratley,92
137271,Article,arusbridger,NilsPratley,77
137253,Article,arusbridger,DerekMalcolm123,56
137140,Article,arusbridger,sarfrazmanzoor,2
137169,Article,arusbridger,DanielKingChess,10
137269,Article,arusbridger,DeccaJourno,92
137139,Article,arusbridger,sarfrazmanzoor,2
137187,Article,arusbridger,OwenJones84,65
137174,Article,arusbridger,hadleyfreeman,72
137795,Tweet,arusbridger,stevenerlanger,297
137433,Tweet,arusbridger,davidleighx,21
137759,Tweet,arusbridger,DeccaJourno,84
137596,Tweet,arusbridger,polblonde,60
137761,Tweet,arusbridger,rachlharris,43
137808,Tweet,arusbridger,lenoretaylor,65
137837,Tweet,arusbridger,tomfriedman,42
137396,Tweet,arusbridger,HackneyAbbott,28
137755,Tweet,arusbridger,HackneyAbbott,38
137671,Tweet,arusbridger,davidleighx,81
137720,Tweet,arusbridger,davidleighx,217
137741,Tweet,arusbridger,hadleyfreeman,44
137351,Tweet,arusbridger,sarahlyall,53
137348,Tweet,arusbridger,msrachelcooke,17
137622,Tweet,arusbridger,vanbadham,37
92824,Article,aleksk,cdcaron,2
92876,Article,aleksk,aleksk,1
92766,Article,aleksk,aleksk,1
92864,Article,aleksk,davidhepworth,52
92656,Article,aleksk,OLIVERBALCH,10
92751,Article,aleksk,NilsPratley,10
92856,Article,aleksk,aleksk,1
92711,Article,aleksk,aleksk,1
92836,Article,aleksk,aleksk,1
92862,Article,aleksk,axrenton,9
92764,Article,aleksk,NilsPratley,87
92790,Article,aleksk,NilsPratley,3
92799,Article,aleksk,andrewrsorkin,11
92897,Article,aleksk,aleksk,1
92860,Article,aleksk,aditya_bh16,6
93062,Tweet,aleksk,aleksk,1
93449,Tweet,aleksk,DeccaJourno,10
93239,Tweet,aleksk,aleksk,1
93244,Tweet,aleksk,rjadHinduBL,5
93406,Tweet,aleksk,carlzimmer,427
93094,Tweet,aleksk,jennydeluxe,178
93459,Tweet,aleksk,LauraCummingArt,56
93305,Tweet,aleksk,laurenlaverne,4
93083,Tweet,aleksk,jonronson,56
93266,Tweet,aleksk,pete_wells,120
93424,Tweet,aleksk,salihughes,59
93159,Tweet,aleksk,aleksk,1
93041,Tweet,aleksk,laurenlaverne,3
92986,Tweet,aleksk,aleksk,1
93353,Tweet,aleksk,desaisantosh,21
221151,Article,vishwamTOI,rajendrasTOI,20
221273,Article,vishwamTOI,dipakdashTOI,6
221304,Article,vishwamTOI,dipakdashTOI,3
221310,Article,vishwamTOI,NewtonSTOI,2
221247,Article,vishwamTOI,OLIVERBALCH,6
221145,Article,vishwamTOI,anandbodhTOI,6
221212,Article,vishwamTOI,toi_dhananjayM,9
221255,Article,vishwamTOI,OfficeGSBrown,5
221180,Article,vishwamTOI,anandbodhTOI,40
221114,Article,vishwamTOI,vishwamTOI,1
221282,Article,vishwamTOI,rajendrasTOI,5
221123,Article,vishwamTOI,toi_dhananjayM,34
221198,Article,vishwamTOI,kush_junglee,4
221201,Article,vishwamTOI,toi_dhananjayM,10
221263,Article,vishwamTOI,vishwamTOI,1
221426,Tweet,vishwamTOI,desaisantosh,157
221441,Tweet,vishwamTOI,niyatiparikhTOI,32
221442,Tweet,vishwamTOI,niyatiparikhTOI,5
221445,Tweet,vishwamTOI,vishwamTOI,1
221379,Tweet,vishwamTOI,vishwamTOI,1
221382,Tweet,vishwamTOI,pradeeptTOI,46
221402,Tweet,vishwamTOI,jennydeluxe,142
221439,Tweet,vishwamTOI,Gauraw2297,41
221399,Tweet,vishwamTOI,priyagupta999,91
221428,Tweet,vishwamTOI,durgeshjhaTOI,7
221440,Tweet,vishwamTOI,Gauraw2297,43
221450,Tweet,vishwamTOI,PNaveenTOI,28
221401,Tweet,vishwamTOI,smita_mishra,65
221430,Tweet,vishwamTOI,priyagupta999,119
221409,Tweet,vishwamTOI,smita_mishra,43
30402,Article,LizAldermanNYT,ElisabethMalkin,139
30474,Article,LizAldermanNYT,smbahr14,9
30493,Article,LizAldermanNYT,RichardFausset,12
30478,Article,LizAldermanNYT,NeilMacFarquhar,4
30421,Article,LizAldermanNYT,pete_wells,26
30418,Article,LizAldermanNYT,LizAldermanNYT,1
30468,Article,LizAldermanNYT,jameskanter,4
30454,Article,LizAldermanNYT,NeilMacFarquhar,36
30462,Article,LizAldermanNYT,andrewrsorkin,13
30477,Article,LizAldermanNYT,noamscheiber,2
30430,Article,LizAldermanNYT,LizAldermanNYT,1
30448,Article,LizAldermanNYT,NikiKitsantonis,3
30437,Article,LizAldermanNYT,LizAldermanNYT,1
30403,Article,LizAldermanNYT,bencasselman,12
30426,Article,LizAldermanNYT,LizAldermanNYT,1
30586,Tweet,LizAldermanNYT,LizAldermanNYT,1
30580,Tweet,LizAldermanNYT,nnougayrede,36
30518,Tweet,LizAldermanNYT,aurelienbrd,2
30544,Tweet,LizAldermanNYT,joshwiddicombe,134
30562,Tweet,LizAldermanNYT,tomfriedman,22
30510,Tweet,LizAldermanNYT,msrachelcooke,102
30595,Tweet,LizAldermanNYT,EmmaBubola,7
30598,Tweet,LizAldermanNYT,aurelienbrd,2
30599,Tweet,LizAldermanNYT,gailcollins,65
30549,Tweet,LizAldermanNYT,LizAldermanNYT,1
30506,Tweet,LizAldermanNYT,LizAldermanNYT,1
30577,Tweet,LizAldermanNYT,carlzimmer,2
30500,Tweet,LizAldermanNYT,dionnesearcey,13
30581,Tweet,LizAldermanNYT,Lattif,12
30515,Tweet,LizAldermanNYT,stevenerlanger,4
22807,Article,nytmike,nytmike,1
22826,Article,nytmike,nytmike,1
22809,Article,nytmike,NYTLiz,73
22881,Article,nytmike,charlie_savage,2
22851,Article,nytmike,EllenBarryNYT,11
22846,Article,nytmike,julianbarnes,2
22895,Article,nytmike,kenvogel,2
22877,Article,nytmike,julianbarnes,6
22800,Article,nytmike,nytmike,1
22842,Article,nytmike,nytmike,1
22861,Article,nytmike,nytmike,1
22853,Article,nytmike,charlie_savage,2
22832,Article,nytmike,lukebroadwater,4
22884,Article,nytmike,nytmike,1
22828,Article,nytmike,nytmike,1
22902,Tweet,nytmike,gettinviggy,19
22995,Tweet,nytmike,mlevenson,9
22900,Tweet,nytmike,nytmike,1
22997,Tweet,nytmike,lukebroadwater,8
22917,Tweet,nytmike,nytmike,1
22944,Tweet,nytmike,gailcollins,51
22913,Tweet,nytmike,nytmike,1
22901,Tweet,nytmike,NeilMacFarquhar,15
22916,Tweet,nytmike,nytmike,1
22927,Tweet,nytmike,SharonLNYT,6
22974,Tweet,nytmike,NeilMacFarquhar,206
22910,Tweet,nytmike,nytmike,1
22951,Tweet,nytmike,GlennThrush,6
22903,Tweet,nytmike,charlie_savage,9
22932,Tweet,nytmike,NeilMacFarquhar,6
43109,Article,lucywardsings,jimwaterson,121
43092,Article,lucywardsings,NilsPratley,16
43063,Article,lucywardsings,KateEMcCann,67
43070,Article,lucywardsings,garyyounge,46
43098,Article,lucywardsings,cdcaron,243
43268,Article,lucywardsings,ewenmacaskill,72
43207,Article,lucywardsings,nicholaswatt,9
43091,Article,lucywardsings,ollywainwright,55
43056,Article,lucywardsings,GeorgeMonbiot,40
43111,Article,lucywardsings,nicholaswatt,106
43153,Article,lucywardsings,garyyounge,38
43266,Article,lucywardsings,nicholaswatt,21
43051,Article,lucywardsings,nicholaswatt,48
43239,Article,lucywardsings,naomi2009,44
43221,Article,lucywardsings,marthakelner,17
43824,Tweet,lucywardsings,andybrassell,66
43437,Tweet,lucywardsings,joshwiddicombe,9
43594,Tweet,lucywardsings,joshwiddicombe,27
43367,Tweet,lucywardsings,RowennaDavis,27
43698,Tweet,lucywardsings,allegramcevedy,21
43654,Tweet,lucywardsings,BellaKwai,126
43529,Tweet,lucywardsings,joshwiddicombe,11
43279,Tweet,lucywardsings,andybrassell,61
43802,Tweet,lucywardsings,lucywardsings,1
43313,Tweet,lucywardsings,jonronson,159
43770,Tweet,lucywardsings,jfordham_jazz,2
43829,Tweet,lucywardsings,joshwiddicombe,4
43652,Tweet,lucywardsings,jennydeluxe,208
43850,Tweet,lucywardsings,jennydeluxe,178
43322,Tweet,lucywardsings,priyagupta999,9
74659,Article,davidhepworth,davidhepworth,1
74707,Article,davidhepworth,davidhepworth,1
74799,Article,davidhepworth,davidhepworth,1
74728,Article,davidhepworth,davidhepworth,1
74720,Article,davidhepworth,davidhepworth,1
74701,Article,davidhepworth,davidhepworth,1
74652,Article,davidhepworth,davidhepworth,1
74806,Article,davidhepworth,davidhepworth,1
74753,Article,davidhepworth,davidhepworth,1
74855,Article,davidhepworth,davidhepworth,1
74749,Article,davidhepworth,davidhepworth,1
74864,Article,davidhepworth,davidhepworth,1
74859,Article,davidhepworth,davidhepworth,1
74867,Article,davidhepworth,davidhepworth,1
74751,Article,davidhepworth,davidhepworth,1
74932,Tweet,davidhepworth,NilsPratley,36
75273,Tweet,davidhepworth,AnushkaAsthana,479
75094,Tweet,davidhepworth,jennydeluxe,37
74931,Tweet,davidhepworth,RorySmith,3
75358,Tweet,davidhepworth,alanconnor,277
74966,Tweet,davidhepworth,dwightgarner,3
75040,Tweet,davidhepworth,pete_wells,29
75091,Tweet,davidhepworth,dwightgarner,37
75177,Tweet,davidhepworth,jonronson,25
75307,Tweet,davidhepworth,parul_sehgal,3
75438,Tweet,davidhepworth,dwightgarner,8
75420,Tweet,davidhepworth,dwightgarner,3
75223,Tweet,davidhepworth,sarahchurchwell,297
75205,Tweet,davidhepworth,sarahlyall,16
75281,Tweet,davidhepworth,sarahlyall,8
110529,Article,maevesther,maevesther,1
110434,Article,maevesther,maevesther,1
110499,Article,maevesther,maevesther,1
110513,Article,maevesther,maevesther,1
110348,Article,maevesther,maevesther,1
110345,Article,maevesther,maevesther,1
110501,Article,maevesther,davidhepworth,10
110494,Article,maevesther,maevesther,1
110314,Article,maevesther,OLIVERBALCH,144
110404,Article,maevesther,maevesther,1
110413,Article,maevesther,maevesther,1
110551,Article,maevesther,maevesther,1
110351,Article,maevesther,maevesther,1
110390,Article,maevesther,NeilMacFarquhar,3
110546,Article,maevesther,maevesther,1
110713,Tweet,maevesther,joshwiddicombe,16
110702,Tweet,maevesther,msrachelcooke,27
110707,Tweet,maevesther,msrachelcooke,30
110800,Tweet,maevesther,priyagupta999,307
110736,Tweet,maevesther,msrachelcooke,16
110708,Tweet,maevesther,WilbyPeter,6
110929,Tweet,maevesther,msrachelcooke,20
110762,Tweet,maevesther,davidleighx,110
110940,Tweet,maevesther,msmirandasawyer,17
110706,Tweet,maevesther,msrachelcooke,50
110843,Tweet,maevesther,mswainwright,27
110704,Tweet,maevesther,msrachelcooke,25
110859,Tweet,maevesther,jbouie,38
110648,Tweet,maevesther,msrachelcooke,19
110634,Tweet,maevesther,lyngardner,30
9678,Article,jimtankersley,anniekarni,23
9693,Article,jimtankersley,AnaSwanson,3
9642,Article,jimtankersley,bencasselman,2
9663,Article,jimtankersley,ESCochrane,2
9621,Article,jimtankersley,bencasselman,3
9617,Article,jimtankersley,michaelcrowley,24
9644,Article,jimtankersley,jimtankersley,1
9688,Article,jimtankersley,ESCochrane,3
9689,Article,jimtankersley,peterbakernyt,32
9653,Article,jimtankersley,jimtankersley,1
9622,Article,jimtankersley,jimtankersley,1
9662,Article,jimtankersley,jimtankersley,1
9694,Article,jimtankersley,helenecooper,33
9629,Article,jimtankersley,bencasselman,2
9639,Article,jimtankersley,jimtankersley,1
9720,Tweet,jimtankersley,jimtankersley,1
9742,Tweet,jimtankersley,julianbarnes,13
9775,Tweet,jimtankersley,paulkrugman,11
9743,Tweet,jimtankersley,paulkrugman,5
9776,Tweet,jimtankersley,andrewrsorkin,12
9707,Tweet,jimtankersley,gailcollins,164
9735,Tweet,jimtankersley,bylizrobbins,254
9727,Tweet,jimtankersley,kannoyoungs,4
9784,Tweet,jimtankersley,pete_wells,134
9725,Tweet,jimtankersley,paulkrugman,6
9773,Tweet,jimtankersley,jimtankersley,1
9748,Tweet,jimtankersley,jimtankersley,1
9749,Tweet,jimtankersley,jmart,32
9779,Tweet,jimtankersley,NYTLiz,214
9763,Tweet,jimtankersley,paulkrugman,13
180320,Article,DekaJayanta,DekaJayanta,1
180279,Article,DekaJayanta,PjJoychen,20
180328,Article,DekaJayanta,desaisantosh,105
180347,Article,DekaJayanta,DekaJayanta,1
180267,Article,DekaJayanta,DekaJayanta,1
180374,Article,DekaJayanta,DekaJayanta,1
180344,Article,DekaJayanta,niyatiparikhTOI,3
180352,Article,DekaJayanta,DekaJayanta,1
180297,Article,DekaJayanta,DekaJayanta,1
180293,Article,DekaJayanta,DekaJayanta,1
180299,Article,DekaJayanta,DekaJayanta,1
180334,Article,DekaJayanta,PjJoychen,22
180318,Article,DekaJayanta,PjJoychen,12
180348,Article,DekaJayanta,DekaJayanta,1
180343,Article,DekaJayanta,DekaJayanta,1
180441,Tweet,DekaJayanta,saumyajitbTOI,2
180407,Tweet,DekaJayanta,joshwiddicombe,324
180387,Tweet,DekaJayanta,MarcusMergulhao,243
180415,Tweet,DekaJayanta,jennydeluxe,5
180426,Tweet,DekaJayanta,dwightgarner,23
180382,Tweet,DekaJayanta,tarasbernard,39
180422,Tweet,DekaJayanta,jackschofield,2
180442,Tweet,DekaJayanta,PjJoychen,4
180401,Tweet,DekaJayanta,NewtonSTOI,2
180386,Tweet,DekaJayanta,smita_mishra,5
180411,Tweet,DekaJayanta,meeravohraTOI,25
180417,Tweet,DekaJayanta,sushmi_dey,17
180399,Tweet,DekaJayanta,ollywainwright,248
180438,Tweet,DekaJayanta,tushhaikhush,23
180425,Tweet,DekaJayanta,27saurabhsinha,89
687,Article,alexmarshall81,BenRothenberg,2
679,Article,alexmarshall81,EVincentelli,30
658,Article,alexmarshall81,CeylanWrites,14
620,Article,alexmarshall81,genznyt,5
639,Article,alexmarshall81,sisario,9
661,Article,alexmarshall81,MichaelPaulson,2
688,Article,alexmarshall81,EllenBarryNYT,45
613,Article,alexmarshall81,genznyt,6
624,Article,alexmarshall81,NeilMacFarquhar,4
685,Article,alexmarshall81,NeilMacFarquhar,7
651,Article,alexmarshall81,genznyt,7
604,Article,alexmarshall81,EVincentelli,24
677,Article,alexmarshall81,NeilMacFarquhar,25
643,Article,alexmarshall81,alexmarshall81,1
601,Article,alexmarshall81,smbahr14,6
714,Tweet,alexmarshall81,alanconnor,88
720,Tweet,alexmarshall81,lyngardner,25
770,Tweet,alexmarshall81,jbouie,39
778,Tweet,alexmarshall81,dwightgarner,5
783,Tweet,alexmarshall81,lyngardner,2
719,Tweet,alexmarshall81,jorifinkel,2
796,Tweet,alexmarshall81,jbouie,14
724,Tweet,alexmarshall81,msmirandasawyer,50
725,Tweet,alexmarshall81,antontroian,51
707,Tweet,alexmarshall81,seaningle,7
776,Tweet,alexmarshall81,kiracochrane,37
793,Tweet,alexmarshall81,philipoltermann,9
739,Tweet,alexmarshall81,SearleAdrian,4
756,Tweet,alexmarshall81,MiriamElder,6
766,Tweet,alexmarshall81,TristramHuntVA,47
64882,Article,timatkin,timatkin,1
64799,Article,timatkin,timatkin,1
64911,Article,timatkin,timatkin,1
64748,Article,timatkin,timatkin,1
64790,Article,timatkin,timatkin,1
64863,Article,timatkin,timatkin,1
64874,Article,timatkin,timatkin,1
64839,Article,timatkin,timatkin,1
64838,Article,timatkin,timatkin,1
64809,Article,timatkin,RebeccaSeal,5
64768,Article,timatkin,timatkin,1
64698,Article,timatkin,timatkin,1
64865,Article,timatkin,timatkin,1
64689,Article,timatkin,winematcher,2
64693,Article,timatkin,LauraCummingArt,79
65190,Tweet,timatkin,RorySmith,76
65280,Tweet,timatkin,pete_wells,55
65278,Tweet,timatkin,LauraCummingArt,74
65520,Tweet,timatkin,davidhepworth,97
65249,Tweet,timatkin,we_are_food,62
65002,Tweet,timatkin,jennydeluxe,40
65021,Tweet,timatkin,we_are_food,38
65009,Tweet,timatkin,AlysFowler,20
65267,Tweet,timatkin,joshwiddicombe,165
65243,Tweet,timatkin,polblonde,302
65448,Tweet,timatkin,markriceoxley69,12
65044,Tweet,timatkin,priyagupta999,249
65131,Tweet,timatkin,GiniaNYT,141
65157,Tweet,timatkin,salihughes,20
65039,Tweet,timatkin,samsifton,2
120978,Article,carolecadwalla,oliverburkeman,262
120966,Article,carolecadwalla,nicholaswatt,232
121084,Article,carolecadwalla,JohnJCrace,59
121094,Article,carolecadwalla,DeccaJourno,46
120982,Article,carolecadwalla,garyyounge,15
120975,Article,carolecadwalla,OwenJones84,27
121042,Article,carolecadwalla,ollywainwright,40
121083,Article,carolecadwalla,archiebland,38
120917,Article,carolecadwalla,ewenmacaskill,158
120972,Article,carolecadwalla,andrewrawnsley,14
120940,Article,carolecadwalla,nicholaswatt,184
120916,Article,carolecadwalla,davidhepworth,229
121066,Article,carolecadwalla,axrenton,106
120880,Article,carolecadwalla,nicholaswatt,290
120902,Article,carolecadwalla,ewenmacaskill,275
121158,Tweet,carolecadwalla,antontroian,5
121266,Tweet,carolecadwalla,carolecadwalla,1
121613,Tweet,carolecadwalla,alanfeuer,101
121504,Tweet,carolecadwalla,EmmaBubola,22
121295,Tweet,carolecadwalla,carolecadwalla,1
121578,Tweet,carolecadwalla,carolecadwalla,1
121437,Tweet,carolecadwalla,ewenmacaskill,142
121195,Tweet,carolecadwalla,davidleighx,2
121388,Tweet,carolecadwalla,alanconnor,108
121559,Tweet,carolecadwalla,Mahafreed_Irani,49
121203,Tweet,carolecadwalla,DerekMalcolm123,378
121649,Tweet,carolecadwalla,jimwaterson,272
121385,Tweet,carolecadwalla,patrickwintour,223
121617,Tweet,carolecadwalla,carolecadwalla,1
121443,Tweet,carolecadwalla,andrewrsorkin,334
138078,Article,jayrayner1,melissaclark,36
138089,Article,jayrayner1,RebeccaSeal,16
138061,Article,jayrayner1,LauraCummingArt,39
137979,Article,jayrayner1,andybrassell,32
138015,Article,jayrayner1,davidhepworth,36
137926,Article,jayrayner1,RachelDonadio,36
138094,Article,jayrayner1,salihughes,73
137962,Article,jayrayner1,axrenton,6
138101,Article,jayrayner1,LauraCummingArt,14
138118,Article,jayrayner1,andybrassell,48
137956,Article,jayrayner1,MarinaHyde,30
138002,Article,jayrayner1,JohnJCrace,36
138041,Article,jayrayner1,andybrassell,44
138138,Article,jayrayner1,RebeccaSeal,27
137935,Article,jayrayner1,timlottwriter,8
138733,Tweet,jayrayner1,allegramcevedy,7
138292,Tweet,jayrayner1,GiniaNYT,81
138513,Tweet,jayrayner1,axrenton,9
138348,Tweet,jayrayner1,GiniaNYT,102
138537,Tweet,jayrayner1,msrachelcooke,27
138653,Tweet,jayrayner1,jonronson,33
138210,Tweet,jayrayner1,joshwiddicombe,7
138396,Tweet,jayrayner1,joshwiddicombe,10
138692,Tweet,jayrayner1,andrewrsorkin,109
138188,Tweet,jayrayner1,msrachelcooke,55
138606,Tweet,jayrayner1,GiniaNYT,49
138236,Tweet,jayrayner1,pete_wells,35
138341,Tweet,jayrayner1,jennydeluxe,47
138266,Tweet,jayrayner1,allegramcevedy,3
138696,Tweet,jayrayner1,GiniaNYT,71
107961,Article,ggreenwald,michelleinbklyn,258
107888,Article,ggreenwald,vanbadham,12
107996,Article,ggreenwald,OwenJones84,17
107889,Article,ggreenwald,OwenJones84,5
107768,Article,ggreenwald,nmcintosh,406
107807,Article,ggreenwald,sarfrazmanzoor,337
107941,Article,ggreenwald,TimdeLisle,12
107838,Article,ggreenwald,jbouie,5
107854,Article,ggreenwald,ggreenwald,1
107909,Article,ggreenwald,MichaelWhite,15
107843,Article,ggreenwald,ggreenwald,1
107829,Article,ggreenwald,MichaelWhite,16
107973,Article,ggreenwald,JohnJCrace,8
107772,Article,ggreenwald,sarfrazmanzoor,337
107784,Article,ggreenwald,jamesrbuk,3
108537,Tweet,ggreenwald,DouthatNYT,286
108417,Tweet,ggreenwald,richardwolffedc,19
108366,Tweet,ggreenwald,ggreenwald,1
108327,Tweet,ggreenwald,jackschofield,7
108196,Tweet,ggreenwald,nytmike,2
108338,Tweet,ggreenwald,alanconnor,51
108344,Tweet,ggreenwald,nnougayrede,5
108070,Tweet,ggreenwald,andrewrsorkin,340
108529,Tweet,ggreenwald,Gauraw2297,184
108544,Tweet,ggreenwald,viasimonromero,52
108445,Tweet,ggreenwald,richardwolffedc,2
108211,Tweet,ggreenwald,richardwolffedc,19
108482,Tweet,ggreenwald,andrewrsorkin,346
108492,Tweet,ggreenwald,ceciliakang,36
108201,Tweet,ggreenwald,michelleinbklyn,251
33221,Article,jessbidgood,EllenBarryNYT,22
33263,Article,jessbidgood,EllenBarryNYT,40
33206,Article,jessbidgood,EllenBarryNYT,39
33285,Article,jessbidgood,tarasbernard,160
33226,Article,jessbidgood,EllenBarryNYT,35
33277,Article,jessbidgood,EVincentelli,50
33298,Article,jessbidgood,NeilMacFarquhar,89
33205,Article,jessbidgood,NeilMacFarquhar,80
33216,Article,jessbidgood,EllenBarryNYT,26
33214,Article,jessbidgood,RichardFausset,63
33247,Article,jessbidgood,EllenBarryNYT,34
33272,Article,jessbidgood,smbahr14,51
33203,Article,jessbidgood,NeilMacFarquhar,7
33222,Article,jessbidgood,hillhulse,51
33233,Article,jessbidgood,noamscheiber,33
33398,Tweet,jessbidgood,mlevenson,8
33316,Tweet,jessbidgood,vwang3,12
33362,Tweet,jessbidgood,reidepstein,15
33334,Tweet,jessbidgood,hillhulse,53
33389,Tweet,jessbidgood,jonronson,227
33351,Tweet,jessbidgood,vanbadham,64
33357,Tweet,jessbidgood,jmart,25
33372,Tweet,jessbidgood,DouthatNYT,116
33305,Tweet,jessbidgood,alanconnor,75
33326,Tweet,jessbidgood,hillhulse,46
33393,Tweet,jessbidgood,hillhulse,44
33376,Tweet,jessbidgood,jonronson,253
33378,Tweet,jessbidgood,reidepstein,14
33336,Tweet,jessbidgood,gailcollins,16
33346,Tweet,jessbidgood,jmart,10
36681,Article,markriceoxley69,OLIVERBALCH,65
36816,Article,markriceoxley69,paulmasonnews,64
36631,Article,markriceoxley69,tomdyckhoff,14
36740,Article,markriceoxley69,DouthatNYT,35
36692,Article,markriceoxley69,TimdeLisle,99
36615,Article,markriceoxley69,DanielKingChess,9
36785,Article,markriceoxley69,PippaCrerar,26
36614,Article,markriceoxley69,DanielKingChess,7
36734,Article,markriceoxley69,ewenmacaskill,34
36731,Article,markriceoxley69,gabyhinsliff,67
36873,Article,markriceoxley69,npwcnn,135
36754,Article,markriceoxley69,tomdyckhoff,10
36809,Article,markriceoxley69,CeylanWrites,3
36633,Article,markriceoxley69,msmirandasawyer,47
36770,Article,markriceoxley69,oliverburkeman,8
37204,Tweet,markriceoxley69,sarahlyall,44
37190,Tweet,markriceoxley69,antontroian,11
37126,Tweet,markriceoxley69,marywalshjourno,7
37461,Tweet,markriceoxley69,lukeharding1968,17
37253,Tweet,markriceoxley69,gailcollins,18
37124,Tweet,markriceoxley69,joshwiddicombe,18
36970,Tweet,markriceoxley69,PeterTatchell,53
37267,Tweet,markriceoxley69,RebeccaSeal,67
37177,Tweet,markriceoxley69,joshwiddicombe,32
36998,Tweet,markriceoxley69,EmmaBubola,6
37239,Tweet,markriceoxley69,msrachelcooke,67
37199,Tweet,markriceoxley69,msmirandasawyer,117
37455,Tweet,markriceoxley69,MoharBasu,2
37446,Tweet,markriceoxley69,joshwiddicombe,41
36999,Tweet,markriceoxley69,psangeetha2112,25
190085,Article,kumaraswamykTOI,aniljdias,9
190196,Article,kumaraswamykTOI,kumaraswamykTOI,1
190068,Article,kumaraswamykTOI,andybrassell,140
190148,Article,kumaraswamykTOI,kumaraswamykTOI,1
190145,Article,kumaraswamykTOI,aniljdias,15
189991,Article,kumaraswamykTOI,aniljdias,10
190167,Article,kumaraswamykTOI,kumaraswamykTOI,1
190170,Article,kumaraswamykTOI,aniljdias,5
189971,Article,kumaraswamykTOI,parthasinha,73
190118,Article,kumaraswamykTOI,aniljdias,4
190175,Article,kumaraswamykTOI,kumaraswamykTOI,1
190189,Article,kumaraswamykTOI,aniljdias,2
190131,Article,kumaraswamykTOI,kumaraswamykTOI,1
190201,Article,kumaraswamykTOI,jbouie,144
189998,Article,kumaraswamykTOI,Pratiks_TOI,12
190296,Tweet,kumaraswamykTOI,stevenerlanger,228
190228,Tweet,kumaraswamykTOI,aditya_bh16,2
190292,Tweet,kumaraswamykTOI,Gauraw2297,61
190313,Tweet,kumaraswamykTOI,polblonde,296
190230,Tweet,kumaraswamykTOI,kumaraswamykTOI,1
190312,Tweet,kumaraswamykTOI,Gauraw2297,79
190299,Tweet,kumaraswamykTOI,polblonde,313
190287,Tweet,kumaraswamykTOI,polblonde,273
190289,Tweet,kumaraswamykTOI,priyagupta999,16
190259,Tweet,kumaraswamykTOI,mlevenson,306
190288,Tweet,kumaraswamykTOI,philipoltermann,434
190227,Tweet,kumaraswamykTOI,priyagupta999,76
190226,Tweet,kumaraswamykTOI,joshwiddicombe,17
190247,Tweet,kumaraswamykTOI,jayamenon64,71
190250,Tweet,kumaraswamykTOI,priyagupta999,2
148115,Article,Markbeaumontuk,lyngardner,3
148141,Article,Markbeaumontuk,lyngardner,5
148219,Article,Markbeaumontuk,Markbeaumontuk,1
148092,Article,Markbeaumontuk,lyngardner,3
148071,Article,Markbeaumontuk,lyngardner,4
148221,Article,Markbeaumontuk,laurenlaverne,103
148104,Article,Markbeaumontuk,davidhepworth,28
148128,Article,Markbeaumontuk,davidhepworth,10
147997,Article,Markbeaumontuk,sendvictorious,7
148175,Article,Markbeaumontuk,davidhepworth,21
148055,Article,Markbeaumontuk,davidhepworth,3
148064,Article,Markbeaumontuk,lyngardner,3
148032,Article,Markbeaumontuk,EVincentelli,46
148047,Article,Markbeaumontuk,OwenJones84,35
148028,Article,Markbeaumontuk,lyngardner,3
148592,Tweet,Markbeaumontuk,andrewrsorkin,110
148378,Tweet,Markbeaumontuk,andrewrsorkin,85
148706,Tweet,Markbeaumontuk,joncaramanica,140
148764,Tweet,Markbeaumontuk,andrewrsorkin,145
148469,Tweet,Markbeaumontuk,gailcollins,235
148541,Tweet,Markbeaumontuk,jonpareles,132
148823,Tweet,Markbeaumontuk,LauraCummingArt,48
148385,Tweet,Markbeaumontuk,nnougayrede,184
148370,Tweet,Markbeaumontuk,sarahditum,4
148585,Tweet,Markbeaumontuk,jbouie,33
148655,Tweet,Markbeaumontuk,alanconnor,344
148611,Tweet,Markbeaumontuk,timlottwriter,23
148391,Tweet,Markbeaumontuk,joncaramanica,113
148593,Tweet,Markbeaumontuk,williamnhutton,308
148746,Tweet,Markbeaumontuk,MonaChalabi,261
18424,Article,SangerNYT,julianbarnes,10
18468,Article,SangerNYT,hillhulse,27
18446,Article,SangerNYT,julianbarnes,8
18406,Article,SangerNYT,julianbarnes,19
18458,Article,SangerNYT,EllenBarryNYT,40
18476,Article,SangerNYT,ericschmittnyt,13
18418,Article,SangerNYT,julianbarnes,16
18456,Article,SangerNYT,AnaSwanson,9
18450,Article,SangerNYT,julianbarnes,12
18451,Article,SangerNYT,NeilMacFarquhar,10
18422,Article,SangerNYT,julianbarnes,37
18480,Article,SangerNYT,julianbarnes,8
18464,Article,SangerNYT,julianbarnes,18
18498,Article,SangerNYT,julianbarnes,17
18440,Article,SangerNYT,julianbarnes,11
18595,Tweet,SangerNYT,IKershner,4
18573,Tweet,SangerNYT,ericschmittnyt,3
18547,Tweet,SangerNYT,alanconnor,9
18517,Tweet,SangerNYT,ChuBailiang,8
18551,Tweet,SangerNYT,SangerNYT,1
18575,Tweet,SangerNYT,andrewrsorkin,76
18562,Tweet,SangerNYT,SangerNYT,1
18587,Tweet,SangerNYT,antontroian,7
18527,Tweet,SangerNYT,SangerNYT,1
18506,Tweet,SangerNYT,DanBilefsky,3
18561,Tweet,SangerNYT,ewong,5
18564,Tweet,SangerNYT,antontroian,12
18522,Tweet,SangerNYT,lukeharding1968,12
18569,Tweet,SangerNYT,SangerNYT,1
18556,Tweet,SangerNYT,MattFutterman,57
114112,Article,paulmasonnews,philipoltermann,6
113975,Article,paulmasonnews,afuahirsch,17
114168,Article,paulmasonnews,andybrassell,16
114149,Article,paulmasonnews,LauraCummingArt,5
114138,Article,paulmasonnews,OwenJones84,21
113948,Article,paulmasonnews,OwenJones84,16
114048,Article,paulmasonnews,gabyhinsliff,41
113988,Article,paulmasonnews,OLIVERBALCH,57
113986,Article,paulmasonnews,OwenJones84,14
114089,Article,paulmasonnews,williamnhutton,7
114062,Article,paulmasonnews,JohnJCrace,13
114117,Article,paulmasonnews,JohnJCrace,11
114113,Article,paulmasonnews,JohnJCrace,19
114078,Article,paulmasonnews,OLIVERBALCH,48
113969,Article,paulmasonnews,williamnhutton,29
114644,Tweet,paulmasonnews,OfficeGSBrown,3
114254,Tweet,paulmasonnews,paulmasonnews,1
114417,Tweet,paulmasonnews,davidleighx,2
114335,Tweet,paulmasonnews,emilybell,72
114220,Tweet,paulmasonnews,paulmasonnews,1
114769,Tweet,paulmasonnews,ericschmittnyt,21
114535,Tweet,paulmasonnews,davidleighx,21
114255,Tweet,paulmasonnews,paulmasonnews,1
114209,Tweet,paulmasonnews,markriceoxley69,25
114362,Tweet,paulmasonnews,HackneyAbbott,6
114336,Tweet,paulmasonnews,gailcollins,147
114652,Tweet,paulmasonnews,OfficeGSBrown,3
114324,Tweet,paulmasonnews,antontroian,15
114454,Tweet,paulmasonnews,lukeharding1968,71
114432,Tweet,paulmasonnews,JohnJCrace,129
190531,Article,kush_junglee,kush_junglee,1
190456,Article,kush_junglee,NewtonSTOI,7
190553,Article,kush_junglee,priyangiTOI,2
190548,Article,kush_junglee,kush_junglee,1
190413,Article,kush_junglee,kush_junglee,1
190339,Article,kush_junglee,kush_junglee,1
190524,Article,kush_junglee,KomalGautham,3
190330,Article,kush_junglee,parthshastriTOI,3
190532,Article,kush_junglee,kush_junglee,1
190499,Article,kush_junglee,KomalGautham,22
190354,Article,kush_junglee,NewtonSTOI,10
190333,Article,kush_junglee,priyangiTOI,2
190345,Article,kush_junglee,NewtonSTOI,18
190496,Article,kush_junglee,priyangiTOI,2
190401,Article,kush_junglee,AtulMathur_,4
190640,Tweet,kush_junglee,neelam_raaj,4
190579,Tweet,kush_junglee,AnujaJaiswalTOI,2
190646,Tweet,kush_junglee,kush_junglee,1
190600,Tweet,kush_junglee,carlzimmer,88
190601,Tweet,kush_junglee,IpsitaTOI,2
190602,Tweet,kush_junglee,MKSinghGkp,135
190589,Tweet,kush_junglee,kush_junglee,1
190644,Tweet,kush_junglee,priyangiTOI,2
190567,Tweet,kush_junglee,melissaclark,169
190595,Tweet,kush_junglee,Mahafreed_Irani,68
190588,Tweet,kush_junglee,priyangiTOI,2
190609,Tweet,kush_junglee,RowanMoore,237
190594,Tweet,kush_junglee,smita_mishra,155
190597,Tweet,kush_junglee,DekaJayanta,68
190585,Tweet,kush_junglee,dionnesearcey,36
170059,Article,ajaykanth7,SidharthB25,3
170113,Article,ajaykanth7,ajaykanth7,1
170199,Article,ajaykanth7,SidharthB25,5
170106,Article,ajaykanth7,richapintoi,11
170047,Article,ajaykanth7,andybrassell,30
170262,Article,ajaykanth7,Crime_Selvaraj,5
170027,Article,ajaykanth7,toi_dhananjayM,28
170078,Article,ajaykanth7,Crime_Selvaraj,6
170085,Article,ajaykanth7,rebeccaSTOI,22
170097,Article,ajaykanth7,SidharthB25,7
170040,Article,ajaykanth7,SidharthB25,20
170255,Article,ajaykanth7,SidharthB25,16
170048,Article,ajaykanth7,NewtonSTOI,36
170042,Article,ajaykanth7,Crime_Selvaraj,5
170192,Article,ajaykanth7,SidharthB25,9
170296,Tweet,ajaykanth7,ramarkosg,63
170275,Tweet,ajaykanth7,ajaykanth7,1
170300,Tweet,ajaykanth7,Mahafreed_Irani,16
170282,Tweet,ajaykanth7,davidleighx,43
170288,Tweet,ajaykanth7,sermoninstone,273
170348,Tweet,ajaykanth7,nandinisgTOI,151
170304,Tweet,ajaykanth7,vanbadham,129
170274,Tweet,ajaykanth7,priyagupta999,130
170287,Tweet,ajaykanth7,psangeetha2112,4
170322,Tweet,ajaykanth7,niyatiparikhTOI,2
170316,Tweet,ajaykanth7,shiba_kurian,2
170329,Tweet,ajaykanth7,ChaitanyadTOI,17
170313,Tweet,ajaykanth7,mohuadazz,5
170293,Tweet,ajaykanth7,priyagupta999,62
170323,Tweet,ajaykanth7,rjadHinduBL,2
207650,Article,RosySequeiraTOI,rebeccaSTOI,4
207686,Article,RosySequeiraTOI,rebeccaSTOI,5
207703,Article,RosySequeiraTOI,amitanandTOI,8
207711,Article,RosySequeiraTOI,toi_dhananjayM,4
207550,Article,RosySequeiraTOI,rebeccaSTOI,5
207549,Article,RosySequeiraTOI,rebeccaSTOI,5
207717,Article,RosySequeiraTOI,toi_dhananjayM,6
207669,Article,RosySequeiraTOI,amitanandTOI,9
207604,Article,RosySequeiraTOI,toi_dhananjayM,13
207725,Article,RosySequeiraTOI,toi_dhananjayM,5
207732,Article,RosySequeiraTOI,toi_dhananjayM,12
207724,Article,RosySequeiraTOI,toi_dhananjayM,3
207706,Article,RosySequeiraTOI,toi_dhananjayM,7
207618,Article,RosySequeiraTOI,ThevarSteffy,4
207627,Article,RosySequeiraTOI,toi_dhananjayM,10
207803,Tweet,RosySequeiraTOI,polblonde,3
207818,Tweet,RosySequeiraTOI,polblonde,2
207825,Tweet,RosySequeiraTOI,polblonde,7
207790,Tweet,RosySequeiraTOI,RosySequeiraTOI,1
207842,Tweet,RosySequeiraTOI,polblonde,4
207843,Tweet,RosySequeiraTOI,PjJoychen,61
207824,Tweet,RosySequeiraTOI,polblonde,5
207833,Tweet,RosySequeiraTOI,polblonde,2
207787,Tweet,RosySequeiraTOI,polblonde,3
207819,Tweet,RosySequeiraTOI,RosySequeiraTOI,1
207791,Tweet,RosySequeiraTOI,polblonde,2
207807,Tweet,RosySequeiraTOI,desaisantosh,32
207795,Tweet,RosySequeiraTOI,polblonde,4
207797,Tweet,RosySequeiraTOI,saumyajitbTOI,149
207831,Tweet,RosySequeiraTOI,polblonde,4
162474,Article,npwcnn,ewenmacaskill,3
162528,Article,npwcnn,NilsPratley,8
162500,Article,npwcnn,john_hooper,2
162440,Article,npwcnn,ewenmacaskill,4
162558,Article,npwcnn,JohnJCrace,67
162438,Article,npwcnn,john_hooper,10
162585,Article,npwcnn,JohnJCrace,64
162368,Article,npwcnn,steve_hewlett,10
162459,Article,npwcnn,seaningle,15
162458,Article,npwcnn,ewenmacaskill,3
162571,Article,npwcnn,john_hooper,3
162468,Article,npwcnn,npwcnn,1
162590,Article,npwcnn,john_hooper,11
162499,Article,npwcnn,NeilMacFarquhar,13
162427,Article,npwcnn,MiriamElder,8
163008,Tweet,npwcnn,julianbarnes,9
163111,Tweet,npwcnn,EmmaBubola,33
162718,Tweet,npwcnn,msrachelcooke,221
162924,Tweet,npwcnn,fmanjoo,229
163010,Tweet,npwcnn,TimdeLisle,36
162885,Tweet,npwcnn,npwcnn,1
163040,Tweet,npwcnn,richardwolffedc,14
163130,Tweet,npwcnn,lukeharding1968,2
162692,Tweet,npwcnn,lukeharding1968,2
162902,Tweet,npwcnn,NeilMacFarquhar,65
162653,Tweet,npwcnn,RowanMoore,184
163038,Tweet,npwcnn,npwcnn,1
162858,Tweet,npwcnn,davidleighx,6
162807,Tweet,npwcnn,jbouie,179
162673,Tweet,npwcnn,ianrausten,294
115835,Article,JoshuaRozenberg,JohnJCrace,14
115656,Article,JoshuaRozenberg,NilsPratley,59
115670,Article,JoshuaRozenberg,jimwaterson,62
115699,Article,JoshuaRozenberg,TimdeLisle,64
115703,Article,JoshuaRozenberg,jimwaterson,19
115717,Article,JoshuaRozenberg,NilsPratley,18
115866,Article,JoshuaRozenberg,emilybell,24
115860,Article,JoshuaRozenberg,jimwaterson,22
115818,Article,JoshuaRozenberg,naomi2009,37
115762,Article,JoshuaRozenberg,jimwaterson,41
115801,Article,JoshuaRozenberg,marthakelner,39
115707,Article,JoshuaRozenberg,NilsPratley,32
115658,Article,JoshuaRozenberg,NilsPratley,26
115804,Article,JoshuaRozenberg,nicholaswatt,8
115685,Article,JoshuaRozenberg,nicholaswatt,26
116123,Tweet,JoshuaRozenberg,JoshuaRozenberg,1
116424,Tweet,JoshuaRozenberg,RichardFausset,92
116143,Tweet,JoshuaRozenberg,pete_wells,267
116388,Tweet,JoshuaRozenberg,GiniaNYT,62
115923,Tweet,JoshuaRozenberg,JoshuaRozenberg,1
116358,Tweet,JoshuaRozenberg,GiniaNYT,272
116216,Tweet,JoshuaRozenberg,divyadubey_,16
116367,Tweet,JoshuaRozenberg,hugolowell,32
116142,Tweet,JoshuaRozenberg,JoshuaRozenberg,1
115925,Tweet,JoshuaRozenberg,alanconnor,44
115921,Tweet,JoshuaRozenberg,davidleighx,8
115999,Tweet,JoshuaRozenberg,andrewrsorkin,132
115906,Tweet,JoshuaRozenberg,andrewrsorkin,111
115910,Tweet,JoshuaRozenberg,andrewrawnsley,70
116099,Tweet,JoshuaRozenberg,AnushkaAsthana,4
95213,Article,alexbellos,alexbellos,1
95135,Article,alexbellos,alexbellos,1
95260,Article,alexbellos,alexbellos,1
95108,Article,alexbellos,alexbellos,1
95236,Article,alexbellos,alexbellos,1
95094,Article,alexbellos,alexbellos,1
95315,Article,alexbellos,alexbellos,1
95101,Article,alexbellos,alexbellos,1
95132,Article,alexbellos,TanyaGold1,50
95224,Article,alexbellos,alexbellos,1
95264,Article,alexbellos,alexbellos,1
95125,Article,alexbellos,alexbellos,1
95162,Article,alexbellos,alexbellos,1
95188,Article,alexbellos,alexbellos,1
95252,Article,alexbellos,alexbellos,1
95342,Tweet,alexbellos,alexbellos,1
95684,Tweet,alexbellos,alanconnor,8
95793,Tweet,alexbellos,msrachelcooke,222
95610,Tweet,alexbellos,paulmasonnews,77
95772,Tweet,alexbellos,afuahirsch,53
95704,Tweet,alexbellos,sarahditum,25
95559,Tweet,alexbellos,alanconnor,2
95774,Tweet,alexbellos,alanconnor,8
95647,Tweet,alexbellos,joshwiddicombe,3
95779,Tweet,alexbellos,msrachelcooke,58
95356,Tweet,alexbellos,alanconnor,6
95744,Tweet,alexbellos,alanconnor,2
95715,Tweet,alexbellos,priyagupta999,24
95507,Tweet,alexbellos,sermoninstone,79
95763,Tweet,alexbellos,joshwiddicombe,180
154758,Article,questingvole,davidhepworth,4
154831,Article,questingvole,LauraCummingArt,61
154611,Article,questingvole,hadleyfreeman,51
154749,Article,questingvole,LauraCummingArt,83
154750,Article,questingvole,davidhepworth,11
154683,Article,questingvole,OwenJones84,61
154784,Article,questingvole,davidhepworth,25
154790,Article,questingvole,OwenJones84,68
154746,Article,questingvole,DerekMalcolm123,15
154716,Article,questingvole,JohnJCrace,96
154792,Article,questingvole,davidhepworth,10
154759,Article,questingvole,stevenpoole,13
154752,Article,questingvole,NilsPratley,13
154782,Article,questingvole,davidhepworth,7
154686,Article,questingvole,winematcher,33
155235,Tweet,questingvole,sarahlyall,18
155193,Tweet,questingvole,dwightgarner,37
155236,Tweet,questingvole,jbouie,30
155209,Tweet,questingvole,gabyhinsliff,31
155434,Tweet,questingvole,msrachelcooke,22
154964,Tweet,questingvole,msrachelcooke,30
154969,Tweet,questingvole,salihughes,11
154911,Tweet,questingvole,dwightgarner,29
155158,Tweet,questingvole,nicklezard,11
155380,Tweet,questingvole,msrachelcooke,23
155027,Tweet,questingvole,vanbadham,143
155322,Tweet,questingvole,msrachelcooke,38
155165,Tweet,questingvole,melissaclark,73
155294,Tweet,questingvole,joshwiddicombe,82
155036,Tweet,questingvole,andrewrsorkin,127
199886,Article,parthasinha,parthasinha,1
199948,Article,parthasinha,parthasinha,1
199861,Article,parthasinha,aseemsgujar,2
199798,Article,parthasinha,parthasinha,1
199918,Article,parthasinha,rajendrasTOI,4
199771,Article,parthasinha,parthasinha,1
199738,Article,parthasinha,parthasinha,1
199916,Article,parthasinha,niyatiparikhTOI,8
199936,Article,parthasinha,aseemsgujar,2
199844,Article,parthasinha,toi_dhananjayM,2
199924,Article,parthasinha,parthasinha,1
199843,Article,parthasinha,parthasinha,1
199751,Article,parthasinha,parthasinha,1
199909,Article,parthasinha,aseemsgujar,2
199944,Article,parthasinha,parthasinha,1
199983,Tweet,parthasinha,sarahditum,326
200034,Tweet,parthasinha,shattenstone,119
199990,Tweet,parthasinha,shattenstone,242
200063,Tweet,parthasinha,andybrassell,17
200072,Tweet,parthasinha,joshwiddicombe,472
200007,Tweet,parthasinha,elizabday,120
200065,Tweet,parthasinha,polblonde,436
200047,Tweet,parthasinha,msrachelcooke,334
199995,Tweet,parthasinha,bglendenning,83
199999,Tweet,parthasinha,andybrassell,218
200003,Tweet,parthasinha,bglendenning,32
200014,Tweet,parthasinha,andybrassell,16
200066,Tweet,parthasinha,andrewrsorkin,5
200018,Tweet,parthasinha,rondakaysen,34
200037,Tweet,parthasinha,sarahlyall,63
176480,Article,bagishjhaTOI,AtulMathur_,27
176581,Article,bagishjhaTOI,toi_dhananjayM,6
176630,Article,bagishjhaTOI,rajendrasTOI,57
176528,Article,bagishjhaTOI,shattenstone,198
176586,Article,bagishjhaTOI,ishajainTOI,41
176564,Article,bagishjhaTOI,BawaNaaved,20
176439,Article,bagishjhaTOI,ramendrasTOI,58
176470,Article,bagishjhaTOI,SribaalaVTOI,29
176520,Article,bagishjhaTOI,AmritadTOI,41
176507,Article,bagishjhaTOI,BawaNaaved,11
176522,Article,bagishjhaTOI,NewtonSTOI,38
176440,Article,bagishjhaTOI,rajendrasTOI,38
176641,Article,bagishjhaTOI,KanwardeepsTOI,51
176450,Article,bagishjhaTOI,ThevarSteffy,5
176643,Article,bagishjhaTOI,DSandip_TOI,35
176720,Tweet,bagishjhaTOI,ArunDev1,138
176680,Tweet,bagishjhaTOI,vanbadham,126
176677,Tweet,bagishjhaTOI,somitsenTOI,7
176706,Tweet,bagishjhaTOI,somitsenTOI,6
176723,Tweet,bagishjhaTOI,dubeyavishek,7
176708,Tweet,bagishjhaTOI,durgeshjhaTOI,13
176737,Tweet,bagishjhaTOI,manvirsainiTOI,8
176693,Tweet,bagishjhaTOI,dubeyavishek,14
176710,Tweet,bagishjhaTOI,PNaveenTOI,5
176676,Tweet,bagishjhaTOI,manvirsainiTOI,20
176674,Tweet,bagishjhaTOI,saumyajitbTOI,192
176711,Tweet,bagishjhaTOI,NishikantkTOI,3
176694,Tweet,bagishjhaTOI,dubeyavishek,13
176734,Tweet,bagishjhaTOI,PjJoychen,47
176749,Tweet,bagishjhaTOI,mateenHTOI,22
81552,Article,ukigoni,seaningle,187
81419,Article,ukigoni,JohnJCrace,183
81520,Article,ukigoni,declanwalsh,8
81387,Article,ukigoni,john_hooper,62
81445,Article,ukigoni,archiebland,60
81560,Article,ukigoni,andybrassell,55
81512,Article,ukigoni,declanwalsh,30
81527,Article,ukigoni,domphillips,11
81505,Article,ukigoni,marthakelner,15
81562,Article,ukigoni,john_hooper,32
81494,Article,ukigoni,NeilMacFarquhar,84
81543,Article,ukigoni,OwenJones84,27
81495,Article,ukigoni,domphillips,9
81374,Article,ukigoni,john_hooper,36
81444,Article,ukigoni,john_hooper,98
81966,Tweet,ukigoni,ukigoni,1
81622,Tweet,ukigoni,ukigoni,1
81949,Tweet,ukigoni,ukigoni,1
82081,Tweet,ukigoni,RaphaelMinder,2
81759,Tweet,ukigoni,adwaidh,2
81775,Tweet,ukigoni,ukigoni,1
82142,Tweet,ukigoni,nnougayrede,21
81838,Tweet,ukigoni,ukigoni,1
81870,Tweet,ukigoni,ukigoni,1
81742,Tweet,ukigoni,ukigoni,1
82133,Tweet,ukigoni,TristramHuntVA,3
82046,Tweet,ukigoni,andybrassell,23
81869,Tweet,ukigoni,cdcaron,427
82093,Tweet,ukigoni,paulkrugman,8
82201,Tweet,ukigoni,ukigoni,1
77220,Article,TanyaGold1,timlottwriter,14
77391,Article,TanyaGold1,JohnJCrace,13
77297,Article,TanyaGold1,MarinaHyde,34
77198,Article,TanyaGold1,davidhepworth,5
77303,Article,TanyaGold1,timlottwriter,18
77291,Article,TanyaGold1,afuahirsch,91
77397,Article,TanyaGold1,DeccaJourno,6
77394,Article,TanyaGold1,DerekMalcolm123,44
77372,Article,TanyaGold1,sarfrazmanzoor,238
77230,Article,TanyaGold1,andybrassell,95
77382,Article,TanyaGold1,davidhepworth,12
77197,Article,TanyaGold1,timlottwriter,66
77419,Article,TanyaGold1,hadleyfreeman,60
77196,Article,TanyaGold1,msrachelcooke,12
77250,Article,TanyaGold1,sarahditum,49
77460,Tweet,TanyaGold1,jessbidgood,326
77485,Tweet,TanyaGold1,AlysFowler,38
77574,Tweet,TanyaGold1,JohnJCrace,11
77972,Tweet,TanyaGold1,TanyaGold1,1
77593,Tweet,TanyaGold1,dwightgarner,47
77489,Tweet,TanyaGold1,polblonde,190
77567,Tweet,TanyaGold1,NeilMacFarquhar,27
77996,Tweet,TanyaGold1,sarahlyall,35
77756,Tweet,TanyaGold1,peterbradshaw1,96
77514,Tweet,TanyaGold1,ollywainwright,69
77521,Tweet,TanyaGold1,davidhepworth,34
77584,Tweet,TanyaGold1,jennydeluxe,32
77660,Tweet,TanyaGold1,jennydeluxe,18
77899,Tweet,TanyaGold1,davidleighx,236
77823,Tweet,TanyaGold1,sarahditum,10
174574,Article,Arun_Ram,mateenHTOI,36
174522,Article,Arun_Ram,NewtonSTOI,2
174548,Article,Arun_Ram,rajendrasTOI,64
174676,Article,Arun_Ram,DouthatNYT,29
174668,Article,Arun_Ram,Crime_Selvaraj,6
174603,Article,Arun_Ram,saumyajitbTOI,6
174621,Article,Arun_Ram,NewtonSTOI,24
174657,Article,Arun_Ram,parthasinha,49
174624,Article,Arun_Ram,rajendrasTOI,4
174568,Article,Arun_Ram,rajendrasTOI,4
174586,Article,Arun_Ram,Arun_Ram,1
174663,Article,Arun_Ram,archiebland,170
174567,Article,Arun_Ram,Arun_Ram,1
174503,Article,Arun_Ram,sermoninstone,2
174604,Article,Arun_Ram,jatinder_tur,3
174735,Tweet,Arun_Ram,DekaJayanta,28
174776,Tweet,Arun_Ram,smita_mishra,20
174769,Tweet,Arun_Ram,jayamenon64,19
174789,Tweet,Arun_Ram,vanbadham,168
174697,Tweet,Arun_Ram,rashmidTOI,11
174709,Tweet,Arun_Ram,ShrinivasaMTOI,20
174760,Tweet,Arun_Ram,PamBelluck,56
174771,Tweet,Arun_Ram,jayamenon64,4
174721,Tweet,Arun_Ram,jayamenon64,45
174744,Tweet,Arun_Ram,juliemTOI,3
174730,Tweet,Arun_Ram,jayamenon64,17
174754,Tweet,Arun_Ram,rajendrasTOI,22
174734,Tweet,Arun_Ram,DekaJayanta,36
174707,Tweet,Arun_Ram,priyagupta999,15
174749,Tweet,Arun_Ram,psangeetha2112,20
155468,Article,hannahdev,hannahdev,1
155502,Article,hannahdev,garyyounge,58
155674,Article,hannahdev,marthakelner,10
155510,Article,hannahdev,hannahdev,1
155529,Article,hannahdev,hannahdev,1
155591,Article,hannahdev,hannahdev,1
155513,Article,hannahdev,NilsPratley,2
155469,Article,hannahdev,hannahdev,1
155498,Article,hannahdev,hannahdev,1
155640,Article,hannahdev,hannahdev,1
155660,Article,hannahdev,hannahdev,1
155678,Article,hannahdev,NilsPratley,4
155585,Article,hannahdev,hannahdev,1
155536,Article,hannahdev,garyyounge,159
155662,Article,hannahdev,hannahdev,1
155812,Tweet,hannahdev,sarahditum,31
156003,Tweet,hannahdev,nytDeniseGrady,18
155856,Tweet,hannahdev,smita_mishra,159
155906,Tweet,hannahdev,PamBelluck,14
156102,Tweet,hannahdev,jennydeluxe,55
155847,Tweet,hannahdev,PerriKlass,224
155798,Tweet,hannahdev,jbouie,70
155907,Tweet,hannahdev,sarfrazmanzoor,94
155810,Tweet,hannahdev,hannahdev,1
155749,Tweet,hannahdev,AlysFowler,141
156224,Tweet,hannahdev,apoorva_nyc,18
156114,Tweet,hannahdev,jennydeluxe,43
155764,Tweet,hannahdev,BellaKwai,42
155910,Tweet,hannahdev,andrewrsorkin,2
155844,Tweet,hannahdev,andrewrsorkin,82
55661,Article,GeorgeMonbiot,nnougayrede,16
55623,Article,GeorgeMonbiot,williamnhutton,12
55506,Article,GeorgeMonbiot,williamnhutton,3
55580,Article,GeorgeMonbiot,garyyounge,10
55579,Article,GeorgeMonbiot,OwenJones84,3
55609,Article,GeorgeMonbiot,garyyounge,29
55697,Article,GeorgeMonbiot,williamnhutton,2
55688,Article,GeorgeMonbiot,richardwolffedc,10
55645,Article,GeorgeMonbiot,andybrassell,10
55696,Article,GeorgeMonbiot,RachelDonadio,108
55469,Article,GeorgeMonbiot,OwenJones84,7
55594,Article,GeorgeMonbiot,JohnJCrace,9
55637,Article,GeorgeMonbiot,OwenJones84,12
55617,Article,GeorgeMonbiot,williamnhutton,32
55595,Article,GeorgeMonbiot,JohnJCrace,9
56169,Tweet,GeorgeMonbiot,andrewrsorkin,165
55873,Tweet,GeorgeMonbiot,EmilyAnthes,124
55994,Tweet,GeorgeMonbiot,DouthatNYT,36
56199,Tweet,GeorgeMonbiot,jbouie,39
56164,Tweet,GeorgeMonbiot,andrewrsorkin,25
56005,Tweet,GeorgeMonbiot,MonaChalabi,171
56182,Tweet,GeorgeMonbiot,PamBelluck,418
55941,Tweet,GeorgeMonbiot,PeterTatchell,422
55965,Tweet,GeorgeMonbiot,alanconnor,314
55848,Tweet,GeorgeMonbiot,jennydeluxe,229
56223,Tweet,GeorgeMonbiot,jennydeluxe,222
55914,Tweet,GeorgeMonbiot,jonronson,172
55969,Tweet,GeorgeMonbiot,nicklezard,138
55709,Tweet,GeorgeMonbiot,andrewrsorkin,76
56220,Tweet,GeorgeMonbiot,andrewrsorkin,48
125198,Article,billicritic,davidhepworth,4
125193,Article,billicritic,billicritic,1
125305,Article,billicritic,billicritic,1
125227,Article,billicritic,billicritic,1
125335,Article,billicritic,billicritic,1
125104,Article,billicritic,lyngardner,2
125297,Article,billicritic,lyngardner,2
125244,Article,billicritic,billicritic,1
125259,Article,billicritic,billicritic,1
125210,Article,billicritic,billicritic,1
125247,Article,billicritic,billicritic,1
125291,Article,billicritic,thestephmerritt,4
125280,Article,billicritic,billicritic,1
125231,Article,billicritic,billicritic,1
125179,Article,billicritic,billicritic,1
125358,Tweet,billicritic,billicritic,1
125849,Tweet,billicritic,billicritic,1
125507,Tweet,billicritic,aleksk,5
125566,Tweet,billicritic,billicritic,1
125811,Tweet,billicritic,billicritic,1
125694,Tweet,billicritic,billicritic,1
125663,Tweet,billicritic,SearleAdrian,13
125949,Tweet,billicritic,billicritic,1
125458,Tweet,billicritic,billicritic,1
125564,Tweet,billicritic,billicritic,1
125922,Tweet,billicritic,billicritic,1
125398,Tweet,billicritic,parul_sehgal,19
125472,Tweet,billicritic,billicritic,1
125368,Tweet,billicritic,billicritic,1
125611,Tweet,billicritic,billicritic,1
124271,Article,SearleAdrian,NilsPratley,43
124348,Article,SearleAdrian,hadleyfreeman,14
124429,Article,SearleAdrian,lyngardner,35
124360,Article,SearleAdrian,ollywainwright,12
124386,Article,SearleAdrian,dwightgarner,107
124444,Article,SearleAdrian,msrachelcooke,13
124393,Article,SearleAdrian,lyngardner,26
124390,Article,SearleAdrian,paulkrugman,333
124463,Article,SearleAdrian,davidhepworth,24
124438,Article,SearleAdrian,LauraCummingArt,2
124288,Article,SearleAdrian,LauraCummingArt,30
124405,Article,SearleAdrian,maevesther,11
124351,Article,SearleAdrian,lyngardner,25
124339,Article,SearleAdrian,LauraCummingArt,36
124433,Article,SearleAdrian,lyngardner,17
124731,Tweet,SearleAdrian,alanconnor,3
124674,Tweet,SearleAdrian,salihughes,67
124526,Tweet,SearleAdrian,parul_sehgal,29
124626,Tweet,SearleAdrian,msrachelcooke,15
124871,Tweet,SearleAdrian,ASoloski,61
124822,Tweet,SearleAdrian,michelleinbklyn,215
124523,Tweet,SearleAdrian,sarahlyall,50
125068,Tweet,SearleAdrian,TristramHuntVA,5
124595,Tweet,SearleAdrian,TanyaGold1,60
124712,Tweet,SearleAdrian,vanbadham,93
124668,Tweet,SearleAdrian,SearleAdrian,1
124629,Tweet,SearleAdrian,EVincentelli,80
124752,Tweet,SearleAdrian,GiniaNYT,31
124680,Tweet,SearleAdrian,samsifton,16
125005,Tweet,SearleAdrian,davidleighx,73
67256,Article,we_are_food,LauraCummingArt,8
67333,Article,we_are_food,FelicityCloake,5
67269,Article,we_are_food,FelicityCloake,6
67328,Article,we_are_food,melissaclark,7
67388,Article,we_are_food,andybrassell,10
67307,Article,we_are_food,melissaclark,90
67422,Article,we_are_food,FelicityCloake,2
67253,Article,we_are_food,FelicityCloake,6
67409,Article,we_are_food,we_are_food,1
67267,Article,we_are_food,FelicityCloake,8
67248,Article,we_are_food,FelicityCloake,8
67344,Article,we_are_food,we_are_food,1
67232,Article,we_are_food,FelicityCloake,4
67257,Article,we_are_food,FelicityCloake,3
67414,Article,we_are_food,andybrassell,7
68015,Tweet,we_are_food,allegramcevedy,2
67586,Tweet,we_are_food,msrachelcooke,80
68010,Tweet,we_are_food,we_are_food,1
68029,Tweet,we_are_food,we_are_food,1
67738,Tweet,we_are_food,allegramcevedy,2
67649,Tweet,we_are_food,we_are_food,1
68016,Tweet,we_are_food,joshwiddicombe,81
67839,Tweet,we_are_food,mariellaf1,56
67828,Tweet,we_are_food,we_are_food,1
67750,Tweet,we_are_food,tejalrao,17
67814,Tweet,we_are_food,we_are_food,1
67796,Tweet,we_are_food,we_are_food,1
68009,Tweet,we_are_food,we_are_food,1
67838,Tweet,we_are_food,tejalrao,2
67784,Tweet,we_are_food,we_are_food,1
25453,Article,fmanjoo,BenWeiserNYT,168
25484,Article,fmanjoo,fmanjoo,1
25447,Article,fmanjoo,bydanielvictor,25
25420,Article,fmanjoo,andrewrsorkin,35
25473,Article,fmanjoo,pete_wells,6
25417,Article,fmanjoo,pete_wells,20
25401,Article,fmanjoo,andrewrsorkin,2
25439,Article,fmanjoo,NeilMacFarquhar,34
25459,Article,fmanjoo,jonpareles,5
25416,Article,fmanjoo,pete_wells,8
25497,Article,fmanjoo,fmanjoo,1
25481,Article,fmanjoo,dwightgarner,16
25487,Article,fmanjoo,fmanjoo,1
25472,Article,fmanjoo,smbahr14,29
25496,Article,fmanjoo,DouthatNYT,3
25536,Tweet,fmanjoo,joncaramanica,21
25519,Tweet,fmanjoo,wesley_morris,8
25514,Tweet,fmanjoo,vanbadham,107
25510,Tweet,fmanjoo,alanconnor,34
25570,Tweet,fmanjoo,richardwolffedc,161
25588,Tweet,fmanjoo,msrachelcooke,40
25508,Tweet,fmanjoo,vanbadham,59
25578,Tweet,fmanjoo,joshwiddicombe,81
25591,Tweet,fmanjoo,melissaclark,13
25596,Tweet,fmanjoo,we_are_food,197
25557,Tweet,fmanjoo,hadleyfreeman,104
25582,Tweet,fmanjoo,tomfriedman,204
25559,Tweet,fmanjoo,mlevenson,175
25504,Tweet,fmanjoo,jbouie,11
25524,Tweet,fmanjoo,paulmasonnews,39
187416,Article,jatinder_tur,AtulMathur_,19
187436,Article,jatinder_tur,jatinder_tur,1
187415,Article,jatinder_tur,jatinder_tur,1
187425,Article,jatinder_tur,toi_dhananjayM,9
187478,Article,jatinder_tur,rebeccaSTOI,13
187399,Article,jatinder_tur,jatinder_tur,1
187442,Article,jatinder_tur,NewtonSTOI,2
187395,Article,jatinder_tur,rajatpTOI,2
187471,Article,jatinder_tur,jatinder_tur,1
187463,Article,jatinder_tur,anandbodhTOI,19
187462,Article,jatinder_tur,jatinder_tur,1
187407,Article,jatinder_tur,jatinder_tur,1
187473,Article,jatinder_tur,aditya_bh16,119
187465,Article,jatinder_tur,jatinder_tur,1
187427,Article,jatinder_tur,jatinder_tur,1
187543,Tweet,jatinder_tur,saumyajitbTOI,22
187503,Tweet,jatinder_tur,PNaveenTOI,137
187486,Tweet,jatinder_tur,EmmaBubola,190
187552,Tweet,jatinder_tur,amitanandTOI,38
187553,Tweet,jatinder_tur,sarahditum,220
187566,Tweet,jatinder_tur,jbouie,133
187577,Tweet,jatinder_tur,desaisantosh,89
187560,Tweet,jatinder_tur,rashmidTOI,150
187521,Tweet,jatinder_tur,PNaveenTOI,69
187487,Tweet,jatinder_tur,priyagupta999,164
187491,Tweet,jatinder_tur,PeterTatchell,164
187498,Tweet,jatinder_tur,fmanjoo,3
187488,Tweet,jatinder_tur,parul_sehgal,132
187514,Tweet,jatinder_tur,priyagupta999,123
187523,Tweet,jatinder_tur,sarahditum,102
62348,Article,LucyMangan,EVincentelli,77
62353,Article,LucyMangan,davidhepworth,93
62298,Article,LucyMangan,davidhepworth,36
62135,Article,LucyMangan,peterbradshaw1,10
62361,Article,LucyMangan,jhoffman,26
62227,Article,LucyMangan,peterbradshaw1,6
62197,Article,LucyMangan,jimwaterson,14
62355,Article,LucyMangan,andybrassell,29
62134,Article,LucyMangan,DerekMalcolm123,7
62327,Article,LucyMangan,davidhepworth,75
62313,Article,LucyMangan,benkenigsberg,92
62318,Article,LucyMangan,peterbradshaw1,7
62339,Article,LucyMangan,davidhepworth,79
62289,Article,LucyMangan,davidhepworth,12
62371,Article,LucyMangan,thestephmerritt,5
62839,Tweet,LucyMangan,kiracochrane,32
62838,Tweet,LucyMangan,DawnHFoster,36
62545,Tweet,LucyMangan,LucyMangan,1
62485,Tweet,LucyMangan,andybrassell,5
62811,Tweet,LucyMangan,LucyMangan,1
62906,Tweet,LucyMangan,afuahirsch,15
62820,Tweet,LucyMangan,LucyMangan,1
62601,Tweet,LucyMangan,joshwiddicombe,35
62944,Tweet,LucyMangan,andybrassell,5
62694,Tweet,LucyMangan,LucyMangan,1
62661,Tweet,LucyMangan,hadleyfreeman,4
62942,Tweet,LucyMangan,vanbadham,22
62829,Tweet,LucyMangan,joshwiddicombe,21
62915,Tweet,LucyMangan,vanbadham,201
62473,Tweet,LucyMangan,OwenJones84,108
118537,Article,sarahditum,hannahdev,12
118529,Article,sarahditum,salihughes,9
118493,Article,sarahditum,hadleyfreeman,69
118442,Article,sarahditum,OLIVERBALCH,66
118542,Article,sarahditum,hannahdev,7
118550,Article,sarahditum,sarahditum,1
118430,Article,sarahditum,thestephmerritt,14
118413,Article,sarahditum,TristramHuntVA,156
118437,Article,sarahditum,archiebland,89
118469,Article,sarahditum,sunny_hundal,8
118508,Article,sarahditum,lucysiegle,12
118513,Article,sarahditum,lucysiegle,9
118402,Article,sarahditum,nicklezard,16
118444,Article,sarahditum,billicritic,58
118500,Article,sarahditum,lucysiegle,11
119151,Tweet,sarahditum,jbouie,2
119058,Tweet,sarahditum,gabyhinsliff,4
118946,Tweet,sarahditum,msrachelcooke,4
118868,Tweet,sarahditum,jbouie,28
119112,Tweet,sarahditum,sarahditum,1
118652,Tweet,sarahditum,OwenJones84,2
119057,Tweet,sarahditum,sarahditum,1
118676,Tweet,sarahditum,msmirandasawyer,3
118724,Tweet,sarahditum,jennydeluxe,59
118720,Tweet,sarahditum,sarahditum,1
119139,Tweet,sarahditum,sarahditum,1
118693,Tweet,sarahditum,andybrassell,148
118771,Tweet,sarahditum,msrachelcooke,2
119063,Tweet,sarahditum,sarahditum,1
118889,Tweet,sarahditum,msrachelcooke,5
50563,Article,thestephmerritt,OLIVERBALCH,203
50496,Article,thestephmerritt,thestephmerritt,1
50613,Article,thestephmerritt,LauraCummingArt,157
50492,Article,thestephmerritt,thestephmerritt,1
50626,Article,thestephmerritt,msrachelcooke,95
50546,Article,thestephmerritt,nicklezard,2
50469,Article,thestephmerritt,LauraCummingArt,123
50552,Article,thestephmerritt,benkenigsberg,107
50583,Article,thestephmerritt,DerekMalcolm123,151
50449,Article,thestephmerritt,thestephmerritt,1
50467,Article,thestephmerritt,thestephmerritt,1
50523,Article,thestephmerritt,hadleyfreeman,150
50575,Article,thestephmerritt,davidhepworth,107
50558,Article,thestephmerritt,thestephmerritt,1
50603,Article,thestephmerritt,lyngardner,86
50940,Tweet,thestephmerritt,SocialQPhilip,118
50978,Tweet,thestephmerritt,wesley_morris,118
51061,Tweet,thestephmerritt,sarahlyall,175
50972,Tweet,thestephmerritt,jonronson,162
50953,Tweet,thestephmerritt,jennydeluxe,179
50904,Tweet,thestephmerritt,RebeccaSeal,100
50814,Tweet,thestephmerritt,sarahlyall,174
51102,Tweet,thestephmerritt,davidhepworth,120
50675,Tweet,thestephmerritt,GiniaNYT,98
50715,Tweet,thestephmerritt,hadleyfreeman,57
51005,Tweet,thestephmerritt,DeccaJourno,25
50706,Tweet,thestephmerritt,tarasbernard,191
51018,Tweet,thestephmerritt,KSchulten,92
50952,Tweet,thestephmerritt,dwightgarner,104
50701,Tweet,thestephmerritt,DerekMalcolm123,7
112400,Article,RowennaDavis,jimwaterson,279
112390,Article,RowennaDavis,JohnJCrace,93
112475,Article,RowennaDavis,oliverburkeman,106
112392,Article,RowennaDavis,benkenigsberg,433
112380,Article,RowennaDavis,JohnJCrace,41
112463,Article,RowennaDavis,NilsPratley,212
112466,Article,RowennaDavis,JohnJCrace,34
112425,Article,RowennaDavis,garyyounge,60
112414,Article,RowennaDavis,naomi2009,408
112372,Article,RowennaDavis,nicholaswatt,295
112440,Article,RowennaDavis,hannahdev,181
112420,Article,RowennaDavis,archiebland,13
112437,Article,RowennaDavis,williamnhutton,39
112381,Article,RowennaDavis,KateEMcCann,30
112458,Article,RowennaDavis,davidhepworth,159
112966,Tweet,RowennaDavis,EmmaBubola,50
112565,Tweet,RowennaDavis,RowennaDavis,1
112967,Tweet,RowennaDavis,bindelj,9
112970,Tweet,RowennaDavis,RowennaDavis,1
112896,Tweet,RowennaDavis,RowennaDavis,1
112948,Tweet,RowennaDavis,jennydeluxe,33
112841,Tweet,RowennaDavis,RowennaDavis,1
112518,Tweet,RowennaDavis,tomdyckhoff,46
112730,Tweet,RowennaDavis,RowennaDavis,1
112561,Tweet,RowennaDavis,RowennaDavis,1
112685,Tweet,RowennaDavis,davidleighx,9
112957,Tweet,RowennaDavis,afuahirsch,12
112999,Tweet,RowennaDavis,jennydeluxe,82
112699,Tweet,RowennaDavis,mswainwright,2
112760,Tweet,RowennaDavis,RowennaDavis,1
94320,Article,philipoltermann,dansabbagh,3
94468,Article,philipoltermann,williamnhutton,279
94386,Article,philipoltermann,philipoltermann,1
94260,Article,philipoltermann,john_hooper,4
94353,Article,philipoltermann,lukeharding1968,28
94443,Article,philipoltermann,meddynyt,7
94383,Article,philipoltermann,ewenmacaskill,13
94273,Article,philipoltermann,paulmasonnews,70
94357,Article,philipoltermann,seaningle,5
94434,Article,philipoltermann,seaningle,8
94437,Article,philipoltermann,seaningle,7
94432,Article,philipoltermann,JohnJCrace,56
94463,Article,philipoltermann,NeilMacFarquhar,8
94375,Article,philipoltermann,lukeharding1968,35
94459,Article,philipoltermann,lukeharding1968,57
95079,Tweet,philipoltermann,markriceoxley69,19
94962,Tweet,philipoltermann,shattenstone,215
94670,Tweet,philipoltermann,LauraCummingArt,38
94881,Tweet,philipoltermann,DouthatNYT,208
94901,Tweet,philipoltermann,philipoltermann,1
94950,Tweet,philipoltermann,dwightgarner,143
94826,Tweet,philipoltermann,jennydeluxe,134
94529,Tweet,philipoltermann,meddynyt,20
94873,Tweet,philipoltermann,RosySequeiraTOI,288
94533,Tweet,philipoltermann,nnougayrede,5
95049,Tweet,philipoltermann,garyyounge,325
94548,Tweet,philipoltermann,OwenJones84,28
94585,Tweet,philipoltermann,meddynyt,2
95005,Tweet,philipoltermann,jennydeluxe,253
94811,Tweet,philipoltermann,kbennhold,127
71109,Article,HackneyAbbott,garyyounge,53
71093,Article,HackneyAbbott,NilsPratley,18
71085,Article,HackneyAbbott,NilsPratley,16
71141,Article,HackneyAbbott,nicklezard,77
71033,Article,HackneyAbbott,JohnJCrace,64
71153,Article,HackneyAbbott,jimwaterson,29
71147,Article,HackneyAbbott,davidhepworth,25
71041,Article,HackneyAbbott,HackneyAbbott,1
71044,Article,HackneyAbbott,JohnJCrace,64
71069,Article,HackneyAbbott,OwenJones84,64
71053,Article,HackneyAbbott,bindelj,5
71050,Article,HackneyAbbott,nicholaswatt,2
71142,Article,HackneyAbbott,maevesther,30
71121,Article,HackneyAbbott,NilsPratley,68
71077,Article,HackneyAbbott,NilsPratley,26
71549,Tweet,HackneyAbbott,OfficeGSBrown,17
71588,Tweet,HackneyAbbott,HackneyAbbott,1
71332,Tweet,HackneyAbbott,davidleighx,8
71710,Tweet,HackneyAbbott,OfficeGSBrown,10
71238,Tweet,HackneyAbbott,OfficeGSBrown,5
71392,Tweet,HackneyAbbott,andrewrsorkin,232
71738,Tweet,HackneyAbbott,paulmasonnews,4
71510,Tweet,HackneyAbbott,OfficeGSBrown,4
71308,Tweet,HackneyAbbott,HackneyAbbott,1
71557,Tweet,HackneyAbbott,BellaKwai,70
71186,Tweet,HackneyAbbott,AndrewSparrow,7
71719,Tweet,HackneyAbbott,MonaChalabi,21
71195,Tweet,HackneyAbbott,attackerman,33
71311,Tweet,HackneyAbbott,AndrewSparrow,10
71432,Tweet,HackneyAbbott,OfficeGSBrown,3
165912,Article,bglendenning,JohnJCrace,5
165770,Article,bglendenning,TimdeLisle,82
165717,Article,bglendenning,andybrassell,88
165771,Article,bglendenning,alexbellos,14
165778,Article,bglendenning,andybrassell,2
165834,Article,bglendenning,TimdeLisle,39
165868,Article,bglendenning,RorySmith,8
165915,Article,bglendenning,andybrassell,22
165809,Article,bglendenning,archiebland,46
165874,Article,bglendenning,alexbellos,5
165709,Article,bglendenning,MarinaHyde,29
165798,Article,bglendenning,andybrassell,22
165731,Article,bglendenning,alexbellos,4
165721,Article,bglendenning,philipoltermann,61
165855,Article,bglendenning,andybrassell,96
166228,Tweet,bglendenning,GiniaNYT,83
166223,Tweet,bglendenning,RorySmith,7
166364,Tweet,bglendenning,msrachelcooke,30
166536,Tweet,bglendenning,andrewrsorkin,70
166326,Tweet,bglendenning,sarahlyall,41
166409,Tweet,bglendenning,GiniaNYT,38
166363,Tweet,bglendenning,RorySmith,3
166117,Tweet,bglendenning,sarahlyall,12
166095,Tweet,bglendenning,andrewrsorkin,58
166290,Tweet,bglendenning,RorySmith,7
166421,Tweet,bglendenning,GiniaNYT,42
166093,Tweet,bglendenning,RorySmith,4
166003,Tweet,bglendenning,RorySmith,14
166192,Tweet,bglendenning,RorySmith,27
166279,Tweet,bglendenning,davidhepworth,21
68567,Article,MonaChalabi,GiniaNYT,84
68561,Article,MonaChalabi,andrewrsorkin,25
68728,Article,MonaChalabi,JohnJCrace,82
68743,Article,MonaChalabi,DouthatNYT,7
68559,Article,MonaChalabi,archiebland,167
68573,Article,MonaChalabi,MichaelWhite,95
68696,Article,MonaChalabi,michelleinbklyn,7
68683,Article,MonaChalabi,OwenJones84,46
68618,Article,MonaChalabi,hadleyfreeman,47
68719,Article,MonaChalabi,DouthatNYT,37
68603,Article,MonaChalabi,oliverburkeman,4
68582,Article,MonaChalabi,cdcaron,41
68591,Article,MonaChalabi,NeilMacFarquhar,115
68763,Article,MonaChalabi,archiebland,63
68741,Article,MonaChalabi,jimwaterson,34
68923,Tweet,MonaChalabi,garyyounge,16
69326,Tweet,MonaChalabi,msrachelcooke,66
68943,Tweet,MonaChalabi,jimwaterson,32
69107,Tweet,MonaChalabi,aleksk,29
69201,Tweet,MonaChalabi,polblonde,35
69170,Tweet,MonaChalabi,SocialQPhilip,2
69054,Tweet,MonaChalabi,afuahirsch,46
69011,Tweet,MonaChalabi,msrachelcooke,63
69360,Tweet,MonaChalabi,LauraCummingArt,93
69167,Tweet,MonaChalabi,DouthatNYT,17
68834,Tweet,MonaChalabi,alanconnor,48
69290,Tweet,MonaChalabi,carlzimmer,89
68806,Tweet,MonaChalabi,alanconnor,5
68967,Tweet,MonaChalabi,MonaChalabi,1
68897,Tweet,MonaChalabi,andrewrsorkin,52
70372,Article,sunny_hundal,MichaelWhite,62
70266,Article,sunny_hundal,NilsPratley,3
70410,Article,sunny_hundal,sunny_hundal,1
70285,Article,sunny_hundal,nmcintosh,2
70334,Article,sunny_hundal,ggreenwald,56
70294,Article,sunny_hundal,naomi2009,3
70382,Article,sunny_hundal,sunny_hundal,1
70312,Article,sunny_hundal,williamnhutton,66
70385,Article,sunny_hundal,sunny_hundal,1
70240,Article,sunny_hundal,declanwalsh,2
70346,Article,sunny_hundal,gabyhinsliff,13
70298,Article,sunny_hundal,jimwaterson,2
70366,Article,sunny_hundal,sunny_hundal,1
70275,Article,sunny_hundal,lyngardner,31
70289,Article,sunny_hundal,sunny_hundal,1
70618,Tweet,sunny_hundal,OfficeGSBrown,385
70461,Tweet,sunny_hundal,andrewrsorkin,59
70682,Tweet,sunny_hundal,carlzimmer,412
70642,Tweet,sunny_hundal,andrewrsorkin,3
70582,Tweet,sunny_hundal,paulmasonnews,230
70525,Tweet,sunny_hundal,afuahirsch,36
70824,Tweet,sunny_hundal,nnougayrede,167
70748,Tweet,sunny_hundal,jeannasmialek,121
70497,Tweet,sunny_hundal,PeterTatchell,365
70951,Tweet,sunny_hundal,DouthatNYT,3
70782,Tweet,sunny_hundal,paulmasonnews,426
71004,Tweet,sunny_hundal,afuahirsch,176
70874,Tweet,sunny_hundal,LeoHickman,284
71027,Tweet,sunny_hundal,andrewrsorkin,33
70495,Tweet,sunny_hundal,DouthatNYT,18
220434,Article,vijaysinghTOI,vijaysinghTOI,1
220583,Article,vijaysinghTOI,vijaysinghTOI,1
220447,Article,vijaysinghTOI,NewtonSTOI,2
220419,Article,vijaysinghTOI,KomalGautham,17
220560,Article,vijaysinghTOI,richapintoi,8
220654,Article,vijaysinghTOI,richapintoi,2
220466,Article,vijaysinghTOI,vijaysinghTOI,1
220411,Article,vijaysinghTOI,vijaysinghTOI,1
220455,Article,vijaysinghTOI,NewtonSTOI,20
220626,Article,vijaysinghTOI,anandbodhTOI,8
220479,Article,vijaysinghTOI,NewtonSTOI,14
220649,Article,vijaysinghTOI,yusrahusain,11
220619,Article,vijaysinghTOI,sandhyanairTOI,6
220554,Article,vijaysinghTOI,ThevarSteffy,4
220636,Article,vijaysinghTOI,SidharthB25,10
220671,Tweet,vijaysinghTOI,Mahafreed_Irani,6
220734,Tweet,vijaysinghTOI,PNaveenTOI,7
220719,Tweet,vijaysinghTOI,vijaysinghTOI,1
220749,Tweet,vijaysinghTOI,rhymetraveller,9
220746,Tweet,vijaysinghTOI,petleepeter,20
220740,Tweet,vijaysinghTOI,ElisabethMalkin,17
220707,Tweet,vijaysinghTOI,vanbadham,74
220682,Tweet,vijaysinghTOI,Mahafreed_Irani,117
220726,Tweet,vijaysinghTOI,sandhyanairTOI,24
220710,Tweet,vijaysinghTOI,polblonde,185
220708,Tweet,vijaysinghTOI,PNaveenTOI,4
220676,Tweet,vijaysinghTOI,Gauraw2297,5
220686,Tweet,vijaysinghTOI,pradeepjourno,22
220696,Tweet,vijaysinghTOI,KomalGautham,2
220705,Tweet,vijaysinghTOI,vijaysinghTOI,1
183720,Article,Gauraw2297,AmritadTOI,135
183823,Article,Gauraw2297,AmritadTOI,140
183819,Article,Gauraw2297,sushmi_dey,93
183739,Article,Gauraw2297,ThevarSteffy,120
183780,Article,Gauraw2297,NewtonSTOI,323
183813,Article,Gauraw2297,SidharthB25,299
183684,Article,Gauraw2297,NewtonSTOI,129
183880,Article,Gauraw2297,ThevarSteffy,65
183808,Article,Gauraw2297,ManjuVTOI,177
183732,Article,Gauraw2297,KanwardeepsTOI,99
183916,Article,Gauraw2297,rajendrasTOI,155
183862,Article,Gauraw2297,ThevarSteffy,114
183898,Article,Gauraw2297,rajendrasTOI,77
183693,Article,Gauraw2297,ThevarSteffy,148
183899,Article,Gauraw2297,sushmi_dey,154
183993,Tweet,Gauraw2297,Gauraw2297,1
183994,Tweet,Gauraw2297,Gauraw2297,1
183940,Tweet,Gauraw2297,Gauraw2297,1
183973,Tweet,Gauraw2297,Gauraw2297,1
183983,Tweet,Gauraw2297,Gauraw2297,1
183948,Tweet,Gauraw2297,Gauraw2297,1
183978,Tweet,Gauraw2297,Gauraw2297,1
183981,Tweet,Gauraw2297,Gauraw2297,1
183927,Tweet,Gauraw2297,Gauraw2297,1
183933,Tweet,Gauraw2297,Gauraw2297,1
184010,Tweet,Gauraw2297,Gauraw2297,1
183941,Tweet,Gauraw2297,Gauraw2297,1
183945,Tweet,Gauraw2297,Gauraw2297,1
183925,Tweet,Gauraw2297,Gauraw2297,1
184002,Tweet,Gauraw2297,Gauraw2297,1
99569,Article,vanbadham,JohnJCrace,19
99524,Article,vanbadham,archiebland,16
99526,Article,vanbadham,garyyounge,7
99390,Article,vanbadham,emmabrockes,491
99555,Article,vanbadham,garyyounge,24
99413,Article,vanbadham,salihughes,425
99386,Article,vanbadham,davidhepworth,426
99483,Article,vanbadham,jbouie,90
99517,Article,vanbadham,msrachelcooke,33
99377,Article,vanbadham,JohnJCrace,8
99585,Article,vanbadham,TimdeLisle,6
99544,Article,vanbadham,andybrassell,20
99363,Article,vanbadham,emmabrockes,482
99468,Article,vanbadham,andybrassell,10
99580,Article,vanbadham,MichaelWhite,8
99882,Tweet,vanbadham,afuahirsch,2
99808,Tweet,vanbadham,priyagupta999,36
99757,Tweet,vanbadham,GiniaNYT,406
99672,Tweet,vanbadham,antontroian,51
99788,Tweet,vanbadham,joshwiddicombe,2
100035,Tweet,vanbadham,priyagupta999,25
100141,Tweet,vanbadham,vanbadham,1
100178,Tweet,vanbadham,joshwiddicombe,2
99698,Tweet,vanbadham,davidleighx,23
99879,Tweet,vanbadham,priyagupta999,15
99784,Tweet,vanbadham,msrachelcooke,192
99642,Tweet,vanbadham,mlevenson,22
100075,Tweet,vanbadham,davidleighx,7
100172,Tweet,vanbadham,paulmasonnews,12
100040,Tweet,vanbadham,michelleinbklyn,375
181216,Article,dipakdashTOI,dipakdashTOI,1
181068,Article,dipakdashTOI,dipakdashTOI,1
181273,Article,dipakdashTOI,rajendrasTOI,71
181145,Article,dipakdashTOI,anandbodhTOI,7
181105,Article,dipakdashTOI,dipakdashTOI,1
181239,Article,dipakdashTOI,dipakdashTOI,1
181271,Article,dipakdashTOI,amitanandTOI,6
181116,Article,dipakdashTOI,toi_dhananjayM,2
181291,Article,dipakdashTOI,anandbodhTOI,3
181299,Article,dipakdashTOI,anandbodhTOI,3
181080,Article,dipakdashTOI,dipakdashTOI,1
181209,Article,dipakdashTOI,anandbodhTOI,2
181107,Article,dipakdashTOI,dipakdashTOI,1
181253,Article,dipakdashTOI,NewtonSTOI,2
181069,Article,dipakdashTOI,dipakdashTOI,1
181350,Tweet,dipakdashTOI,niyatiparikhTOI,6
181411,Tweet,dipakdashTOI,niyatiparikhTOI,3
181346,Tweet,dipakdashTOI,dipakdashTOI,1
181371,Tweet,dipakdashTOI,dipakdashTOI,1
181355,Tweet,dipakdashTOI,jackschofield,405
181386,Tweet,dipakdashTOI,niyatiparikhTOI,4
181405,Tweet,dipakdashTOI,dipakdashTOI,1
181328,Tweet,dipakdashTOI,dipakdashTOI,1
181341,Tweet,dipakdashTOI,dipakdashTOI,1
181396,Tweet,dipakdashTOI,msrachelcooke,445
181324,Tweet,dipakdashTOI,dipakdashTOI,1
181394,Tweet,dipakdashTOI,niyatiparikhTOI,2
181340,Tweet,dipakdashTOI,alanconnor,208
181315,Tweet,dipakdashTOI,somitsenTOI,3
181399,Tweet,dipakdashTOI,dipakdashTOI,1
186517,Article,IpsitaTOI,AtulMathur_,92
186366,Article,IpsitaTOI,priyangiTOI,3
186435,Article,IpsitaTOI,ThevarSteffy,8
186498,Article,IpsitaTOI,kush_junglee,6
186355,Article,IpsitaTOI,SumitraDebRoy,110
186356,Article,IpsitaTOI,kush_junglee,4
186568,Article,IpsitaTOI,KomalGautham,44
186425,Article,IpsitaTOI,rajendrasTOI,76
186504,Article,IpsitaTOI,kush_junglee,3
186555,Article,IpsitaTOI,SumitraDebRoy,144
186554,Article,IpsitaTOI,AmritadTOI,149
186402,Article,IpsitaTOI,toi_dhananjayM,76
186579,Article,IpsitaTOI,priyangiTOI,5
186379,Article,IpsitaTOI,toi_dhananjayM,30
186587,Article,IpsitaTOI,ThevarSteffy,32
186639,Tweet,IpsitaTOI,manvirsainiTOI,10
186622,Tweet,IpsitaTOI,pradeeptTOI,238
186642,Tweet,IpsitaTOI,dipakdashTOI,2
186597,Tweet,IpsitaTOI,rashmidTOI,11
186696,Tweet,IpsitaTOI,IpsitaTOI,1
186661,Tweet,IpsitaTOI,IpsitaTOI,1
186678,Tweet,IpsitaTOI,IpsitaTOI,1
186663,Tweet,IpsitaTOI,IpsitaTOI,1
186612,Tweet,IpsitaTOI,IpsitaTOI,1
186621,Tweet,IpsitaTOI,IpsitaTOI,1
186656,Tweet,IpsitaTOI,vijaypTOI,3
186606,Tweet,IpsitaTOI,IpsitaTOI,1
186692,Tweet,IpsitaTOI,IpsitaTOI,1
186672,Tweet,IpsitaTOI,murarishetyeTOI,41
186623,Tweet,IpsitaTOI,IpsitaTOI,1
4206,Article,ByJamesWagner,DavidWaldstein,2
4266,Article,ByJamesWagner,BenRothenberg,15
4283,Article,ByJamesWagner,ByJamesWagner,1
4296,Article,ByJamesWagner,ByJamesWagner,1
4211,Article,ByJamesWagner,DavidWaldstein,2
4233,Article,ByJamesWagner,el_belson,2
4273,Article,ByJamesWagner,RachelDonadio,19
4270,Article,ByJamesWagner,DavidWaldstein,4
4212,Article,ByJamesWagner,ByJamesWagner,1
4248,Article,ByJamesWagner,ByJamesWagner,1
4210,Article,ByJamesWagner,ByJamesWagner,1
4254,Article,ByJamesWagner,el_belson,3
4298,Article,ByJamesWagner,ByJamesWagner,1
4277,Article,ByJamesWagner,ByJamesWagner,1
4289,Article,ByJamesWagner,ByJamesWagner,1
4313,Tweet,ByJamesWagner,ByJamesWagner,1
4307,Tweet,ByJamesWagner,ByJamesWagner,1
4303,Tweet,ByJamesWagner,bylizrobbins,5
4337,Tweet,ByJamesWagner,jbouie,31
4366,Tweet,ByJamesWagner,DavidWaldstein,2
4342,Tweet,ByJamesWagner,aleksk,248
4347,Tweet,ByJamesWagner,mlevenson,29
4353,Tweet,ByJamesWagner,el_belson,4
4311,Tweet,ByJamesWagner,DavidWaldstein,2
4394,Tweet,ByJamesWagner,DavidWaldstein,2
4382,Tweet,ByJamesWagner,ByJamesWagner,1
4383,Tweet,ByJamesWagner,ByJamesWagner,1
4365,Tweet,ByJamesWagner,ByJamesWagner,1
4371,Tweet,ByJamesWagner,ByJamesWagner,1
4302,Tweet,ByJamesWagner,el_belson,3
193849,Article,minatisinghaTOI,rajendrasTOI,11
193686,Article,minatisinghaTOI,HemantaTOI,2
193727,Article,minatisinghaTOI,HemantaTOI,3
193762,Article,minatisinghaTOI,sandhyanairTOI,7
193841,Article,minatisinghaTOI,KomalGautham,2
193697,Article,minatisinghaTOI,HemantaTOI,4
193714,Article,minatisinghaTOI,HemantaTOI,2
193653,Article,minatisinghaTOI,HemantaTOI,3
193858,Article,minatisinghaTOI,minatisinghaTOI,1
193884,Article,minatisinghaTOI,ThevarSteffy,4
193754,Article,minatisinghaTOI,toi_dhananjayM,8
193898,Article,minatisinghaTOI,AjayUgrasTOI,57
193820,Article,minatisinghaTOI,minatisinghaTOI,1
193830,Article,minatisinghaTOI,ThevarSteffy,4
193863,Article,minatisinghaTOI,archiebland,11
193979,Tweet,minatisinghaTOI,LauraCummingArt,58
193991,Tweet,minatisinghaTOI,HemantaTOI,2
193961,Tweet,minatisinghaTOI,priyagupta999,3
193928,Tweet,minatisinghaTOI,smita_mishra,3
193962,Tweet,minatisinghaTOI,utejonmayamTOI,3
193917,Tweet,minatisinghaTOI,HemantaTOI,8
193937,Tweet,minatisinghaTOI,desaisantosh,13
193943,Tweet,minatisinghaTOI,mohuadazz,8
193967,Tweet,minatisinghaTOI,minatisinghaTOI,1
193908,Tweet,minatisinghaTOI,SunilSubaiah,5
193910,Tweet,minatisinghaTOI,minatisinghaTOI,1
193906,Tweet,minatisinghaTOI,priyagupta999,2
193985,Tweet,minatisinghaTOI,SunilSubaiah,3
193983,Tweet,minatisinghaTOI,anandbodhTOI,2
193907,Tweet,minatisinghaTOI,minatisinghaTOI,1
144780,Article,MichaelWhite,JohnJCrace,67
144842,Article,MichaelWhite,hadleyfreeman,14
144701,Article,MichaelWhite,marthakelner,497
144941,Article,MichaelWhite,JohnJCrace,29
144781,Article,MichaelWhite,JohnJCrace,31
144823,Article,MichaelWhite,andrewrawnsley,2
144711,Article,MichaelWhite,hadleyfreeman,4
144918,Article,MichaelWhite,JohnJCrace,6
144712,Article,MichaelWhite,NesrineMalik,12
144933,Article,MichaelWhite,andybrassell,12
144740,Article,MichaelWhite,OwenJones84,2
144828,Article,MichaelWhite,JohnJCrace,12
144903,Article,MichaelWhite,williamnhutton,3
144822,Article,MichaelWhite,OLIVERBALCH,4
144855,Article,MichaelWhite,nnougayrede,37
145037,Tweet,MichaelWhite,desaisantosh,60
145440,Tweet,MichaelWhite,sarahditum,129
144976,Tweet,MichaelWhite,fmanjoo,250
145247,Tweet,MichaelWhite,desaisantosh,15
145166,Tweet,MichaelWhite,davidleighx,148
145031,Tweet,MichaelWhite,MonaChalabi,19
145281,Tweet,MichaelWhite,davidleighx,60
145138,Tweet,MichaelWhite,paulmasonnews,3
145041,Tweet,MichaelWhite,sarahlyall,402
145011,Tweet,MichaelWhite,gailcollins,23
144952,Tweet,MichaelWhite,PeterTatchell,213
145414,Tweet,MichaelWhite,paulmasonnews,4
145377,Tweet,MichaelWhite,davidleighx,30
144979,Tweet,MichaelWhite,davidleighx,52
145025,Tweet,MichaelWhite,davidleighx,17
186035,Article,ipsinghTOI,AmritadTOI,22
186215,Article,ipsinghTOI,williamnhutton,109
186032,Article,ipsinghTOI,anandbodhTOI,10
186038,Article,ipsinghTOI,anandbodhTOI,58
186048,Article,ipsinghTOI,garyyounge,81
186165,Article,ipsinghTOI,rajendrasTOI,2
186130,Article,ipsinghTOI,rajendrasTOI,3
186145,Article,ipsinghTOI,anandbodhTOI,19
186104,Article,ipsinghTOI,toi_dhananjayM,4
186090,Article,ipsinghTOI,ipsinghTOI,1
186105,Article,ipsinghTOI,anandbodhTOI,3
186182,Article,ipsinghTOI,SribaalaVTOI,11
186166,Article,ipsinghTOI,rajendrasTOI,2
186216,Article,ipsinghTOI,ipsinghTOI,1
186043,Article,ipsinghTOI,rajendrasTOI,2
186279,Tweet,ipsinghTOI,ipsinghTOI,1
186284,Tweet,ipsinghTOI,ipsinghTOI,1
186272,Tweet,ipsinghTOI,priyagupta999,16
186297,Tweet,ipsinghTOI,BhanupratapsTOI,2
186334,Tweet,ipsinghTOI,ipsinghTOI,1
186257,Tweet,ipsinghTOI,jayamenon64,2
186263,Tweet,ipsinghTOI,ipsinghTOI,1
186332,Tweet,ipsinghTOI,ipsinghTOI,1
186299,Tweet,ipsinghTOI,ipsinghTOI,1
186270,Tweet,ipsinghTOI,KapildaveTOI,5
186322,Tweet,ipsinghTOI,BhanupratapsTOI,3
186296,Tweet,ipsinghTOI,ipsinghTOI,1
186319,Tweet,ipsinghTOI,pradeeptTOI,42
186301,Tweet,ipsinghTOI,ipsinghTOI,1
186339,Tweet,ipsinghTOI,PNaveenTOI,2
143916,Article,lenoretaylor,garyyounge,22
144081,Article,lenoretaylor,andrewrawnsley,55
143873,Article,lenoretaylor,NilsPratley,91
143950,Article,lenoretaylor,JohnJCrace,38
143995,Article,lenoretaylor,nicholaswatt,30
143977,Article,lenoretaylor,jimwaterson,32
144043,Article,lenoretaylor,NilsPratley,4
144034,Article,lenoretaylor,NilsPratley,8
143870,Article,lenoretaylor,williamnhutton,40
144038,Article,lenoretaylor,OLIVERBALCH,16
144067,Article,lenoretaylor,jimwaterson,16
143894,Article,lenoretaylor,JohnJCrace,41
143901,Article,lenoretaylor,KateEMcCann,39
144093,Article,lenoretaylor,garyyounge,51
143891,Article,lenoretaylor,williamnhutton,57
144470,Tweet,lenoretaylor,EmmaBubola,147
144280,Tweet,lenoretaylor,carlzimmer,13
144120,Tweet,lenoretaylor,lenoretaylor,1
144535,Tweet,lenoretaylor,npwcnn,4
144231,Tweet,lenoretaylor,lenoretaylor,1
144657,Tweet,lenoretaylor,nytDeniseGrady,72
144362,Tweet,lenoretaylor,lenoretaylor,1
144587,Tweet,lenoretaylor,nnougayrede,55
144604,Tweet,lenoretaylor,lenoretaylor,1
144333,Tweet,lenoretaylor,lenoretaylor,1
144667,Tweet,lenoretaylor,damiencave,4
144423,Tweet,lenoretaylor,antontroian,136
144254,Tweet,lenoretaylor,rondakaysen,139
144102,Tweet,lenoretaylor,npwcnn,16
144518,Tweet,lenoretaylor,davidleighx,2
213324,Article,SribaalaVTOI,rajendrasTOI,5
213295,Article,SribaalaVTOI,SribaalaVTOI,1
213330,Article,SribaalaVTOI,rajendrasTOI,2
213282,Article,SribaalaVTOI,rajendrasTOI,2
213308,Article,SribaalaVTOI,rajendrasTOI,2
213294,Article,SribaalaVTOI,rajendrasTOI,3
213276,Article,SribaalaVTOI,SribaalaVTOI,1
213349,Article,SribaalaVTOI,dipakdashTOI,5
213347,Article,SribaalaVTOI,rajendrasTOI,2
213423,Article,SribaalaVTOI,rajendrasTOI,15
213229,Article,SribaalaVTOI,SribaalaVTOI,1
213421,Article,SribaalaVTOI,SribaalaVTOI,1
213243,Article,SribaalaVTOI,rajendrasTOI,2
213270,Article,SribaalaVTOI,SribaalaVTOI,1
213222,Article,SribaalaVTOI,SribaalaVTOI,1
213560,Tweet,SribaalaVTOI,SribaalaVTOI,1
213504,Tweet,SribaalaVTOI,SribaalaVTOI,1
213493,Tweet,SribaalaVTOI,SribaalaVTOI,1
213542,Tweet,SribaalaVTOI,SribaalaVTOI,1
213521,Tweet,SribaalaVTOI,PjJoychen,44
213468,Tweet,SribaalaVTOI,SribaalaVTOI,1
213507,Tweet,SribaalaVTOI,niyatiparikhTOI,17
213553,Tweet,SribaalaVTOI,SribaalaVTOI,1
213532,Tweet,SribaalaVTOI,ChaitanyadTOI,66
213557,Tweet,SribaalaVTOI,SribaalaVTOI,1
213501,Tweet,SribaalaVTOI,SribaalaVTOI,1
213483,Tweet,SribaalaVTOI,rashmidTOI,215
213513,Tweet,SribaalaVTOI,mariellaf1,500
213563,Tweet,SribaalaVTOI,SribaalaVTOI,1
213509,Tweet,SribaalaVTOI,PjJoychen,24
44087,Article,afuahirsch,seaningle,456
44073,Article,afuahirsch,OLIVERBALCH,3
43916,Article,afuahirsch,kenanmalik,128
43878,Article,afuahirsch,TimdeLisle,10
43881,Article,afuahirsch,andybrassell,2
43877,Article,afuahirsch,OLIVERBALCH,4
44109,Article,afuahirsch,michelleinbklyn,412
44039,Article,afuahirsch,lukeharding1968,10
44091,Article,afuahirsch,seaningle,460
44031,Article,afuahirsch,declanwalsh,433
44011,Article,afuahirsch,bindelj,321
44045,Article,afuahirsch,declanwalsh,447
44053,Article,afuahirsch,naomi2009,420
43947,Article,afuahirsch,OwenJones84,90
44075,Article,afuahirsch,declanwalsh,450
44363,Tweet,afuahirsch,priyagupta999,37
44176,Tweet,afuahirsch,greenslader,16
44518,Tweet,afuahirsch,msrachelcooke,35
44695,Tweet,afuahirsch,elizabday,2
44582,Tweet,afuahirsch,garyyounge,7
44660,Tweet,afuahirsch,priyagupta999,2
44621,Tweet,afuahirsch,mariellaf1,166
44528,Tweet,afuahirsch,afuahirsch,1
44515,Tweet,afuahirsch,joshwiddicombe,32
44446,Tweet,afuahirsch,priyagupta999,3
44607,Tweet,afuahirsch,sarahlyall,144
44487,Tweet,afuahirsch,msrachelcooke,80
44376,Tweet,afuahirsch,gailcollins,95
44126,Tweet,afuahirsch,BellaKwai,132
44206,Tweet,afuahirsch,elizabday,54
98713,Article,williamnhutton,JohnJCrace,3
98716,Article,williamnhutton,williamnhutton,1
98673,Article,williamnhutton,OwenJones84,3
98548,Article,williamnhutton,OwenJones84,2
98687,Article,williamnhutton,gabyhinsliff,18
98701,Article,williamnhutton,andybrassell,7
98582,Article,williamnhutton,williamnhutton,1
98499,Article,williamnhutton,williamnhutton,1
98585,Article,williamnhutton,paulmasonnews,2
98490,Article,williamnhutton,TimdeLisle,2
98730,Article,williamnhutton,jillfilipovic,39
98718,Article,williamnhutton,axrenton,20
98735,Article,williamnhutton,TimdeLisle,8
98517,Article,williamnhutton,AnushkaAsthana,18
98559,Article,williamnhutton,OLIVERBALCH,2
98761,Tweet,williamnhutton,paulmasonnews,7
99208,Tweet,williamnhutton,paulkrugman,92
98984,Tweet,williamnhutton,joshwiddicombe,90
99306,Tweet,williamnhutton,lukeharding1968,4
98773,Tweet,williamnhutton,OfficeGSBrown,23
98765,Tweet,williamnhutton,DouthatNYT,245
99193,Tweet,williamnhutton,antontroian,428
98815,Tweet,williamnhutton,williamkeegan,3
99261,Tweet,williamnhutton,paulmasonnews,19
99194,Tweet,williamnhutton,jbouie,226
98772,Tweet,williamnhutton,davidleighx,5
99215,Tweet,williamnhutton,paulmasonnews,5
99334,Tweet,williamnhutton,nnougayrede,19
99337,Tweet,williamnhutton,NilsPratley,269
99021,Tweet,williamnhutton,joshwiddicombe,262
28455,Article,sio_burke,ASoloski,2
28424,Article,sio_burke,EVincentelli,5
28476,Article,sio_burke,EVincentelli,8
28435,Article,sio_burke,sio_burke,1
28413,Article,sio_burke,sio_burke,1
28407,Article,sio_burke,smbahr14,3
28452,Article,sio_burke,RachelDonadio,11
28453,Article,sio_burke,EVincentelli,10
28482,Article,sio_burke,RachelDonadio,21
28492,Article,sio_burke,RachelDonadio,7
28419,Article,sio_burke,sio_burke,1
28464,Article,sio_burke,sio_burke,1
28497,Article,sio_burke,MichaelPaulson,3
28494,Article,sio_burke,benkenigsberg,2
28422,Article,sio_burke,EVincentelli,10
28523,Tweet,sio_burke,desaisantosh,333
28533,Tweet,sio_burke,rpogrebin,105
28554,Tweet,sio_burke,msrachelcooke,5
28529,Tweet,sio_burke,jennydeluxe,2
28504,Tweet,sio_burke,garyyounge,417
28577,Tweet,sio_burke,joncaramanica,7
28546,Tweet,sio_burke,msrachelcooke,3
28555,Tweet,sio_burke,hadleyfreeman,72
28550,Tweet,sio_burke,sio_burke,1
28595,Tweet,sio_burke,vanbadham,273
28576,Tweet,sio_burke,joncaramanica,12
28524,Tweet,sio_burke,joshwiddicombe,204
28593,Tweet,sio_burke,sio_burke,1
28508,Tweet,sio_burke,vanbadham,95
28525,Tweet,sio_burke,elizabday,5
167497,Article,007pandey,DekaJayanta,4
167611,Article,007pandey,007pandey,1
167458,Article,007pandey,parthasinha,2
167434,Article,007pandey,nandinisgTOI,8
167422,Article,007pandey,parthasinha,3
167511,Article,007pandey,rajendrasTOI,5
167622,Article,007pandey,toi_dhananjayM,12
167494,Article,007pandey,rajendrasTOI,6
167455,Article,007pandey,parthasinha,2
167428,Article,007pandey,007pandey,1
167512,Article,007pandey,toi_dhananjayM,13
167619,Article,007pandey,007pandey,1
167523,Article,007pandey,NewtonSTOI,5
167495,Article,007pandey,007pandey,1
167648,Article,007pandey,007pandey,1
167674,Tweet,007pandey,PjJoychen,15
167660,Tweet,007pandey,ramarkosg,22
167726,Tweet,007pandey,pankajdoval,12
167688,Tweet,007pandey,niyatiparikhTOI,8
167735,Tweet,007pandey,binays1960,2
167689,Tweet,007pandey,ramendrasTOI,61
167740,Tweet,007pandey,binays1960,2
167749,Tweet,007pandey,binays1960,2
167690,Tweet,007pandey,divyapal2013,163
167701,Tweet,007pandey,jamesrbuk,40
167680,Tweet,007pandey,PjJoychen,21
167742,Tweet,007pandey,smita_mishra,122
167694,Tweet,007pandey,ramarkosg,3
167664,Tweet,007pandey,somitsenTOI,2
167675,Tweet,007pandey,PjJoychen,23
197506,Article,NewtonSTOI,NewtonSTOI,1
197396,Article,NewtonSTOI,murarishetye,11
197548,Article,NewtonSTOI,NewtonSTOI,1
197440,Article,NewtonSTOI,NewtonSTOI,1
197473,Article,NewtonSTOI,NewtonSTOI,1
197476,Article,NewtonSTOI,NewtonSTOI,1
197454,Article,NewtonSTOI,toi_dhananjayM,3
197399,Article,NewtonSTOI,NewtonSTOI,1
197550,Article,NewtonSTOI,NewtonSTOI,1
197424,Article,NewtonSTOI,toi_dhananjayM,15
197505,Article,NewtonSTOI,NewtonSTOI,1
197453,Article,NewtonSTOI,NewtonSTOI,1
197468,Article,NewtonSTOI,NewtonSTOI,1
197560,Article,NewtonSTOI,NewtonSTOI,1
197541,Article,NewtonSTOI,ThevarSteffy,6
197645,Tweet,NewtonSTOI,GiniaNYT,19
197658,Tweet,NewtonSTOI,GiniaNYT,51
197639,Tweet,NewtonSTOI,NewtonSTOI,1
197618,Tweet,NewtonSTOI,NewtonSTOI,1
197641,Tweet,NewtonSTOI,dionnesearcey,330
197587,Tweet,NewtonSTOI,rajatpTOI,160
197635,Tweet,NewtonSTOI,saumyajitbTOI,32
197648,Tweet,NewtonSTOI,smita_mishra,98
197608,Tweet,NewtonSTOI,rajatpTOI,173
197597,Tweet,NewtonSTOI,MohitaTOI,310
197662,Tweet,NewtonSTOI,27saurabhsinha,247
197630,Tweet,NewtonSTOI,sermoninstone,411
197590,Tweet,NewtonSTOI,rajatpTOI,247
197634,Tweet,NewtonSTOI,saumyajitbTOI,2
197661,Tweet,NewtonSTOI,27saurabhsinha,291
175032,Article,Arv_Ind_Chauhan,SidharthB25,5
174792,Article,Arv_Ind_Chauhan,rebeccaSTOI,21
175017,Article,Arv_Ind_Chauhan,KanwardeepsTOI,5
174920,Article,Arv_Ind_Chauhan,SidharthB25,6
174884,Article,Arv_Ind_Chauhan,NewtonSTOI,26
174806,Article,Arv_Ind_Chauhan,yusrahusain,15
174861,Article,Arv_Ind_Chauhan,rajendrasTOI,4
175000,Article,Arv_Ind_Chauhan,ishajainTOI,3
174934,Article,Arv_Ind_Chauhan,SyedAkbarTOI,24
174943,Article,Arv_Ind_Chauhan,dipakdashTOI,32
174901,Article,Arv_Ind_Chauhan,richapintoi,18
174939,Article,Arv_Ind_Chauhan,KanwardeepsTOI,8
174977,Article,Arv_Ind_Chauhan,KanwardeepsTOI,10
174833,Article,Arv_Ind_Chauhan,rajendrasTOI,10
175022,Article,Arv_Ind_Chauhan,BawaNaaved,5
175133,Tweet,Arv_Ind_Chauhan,priyagupta999,9
175125,Tweet,Arv_Ind_Chauhan,smita_mishra,36
175104,Tweet,Arv_Ind_Chauhan,PNaveenTOI,21
175112,Tweet,Arv_Ind_Chauhan,rashmidTOI,13
175117,Tweet,Arv_Ind_Chauhan,dklavaniaTOI,16
175116,Tweet,Arv_Ind_Chauhan,dklavaniaTOI,10
175054,Tweet,Arv_Ind_Chauhan,Mahafreed_Irani,12
175093,Tweet,Arv_Ind_Chauhan,sermoninstone,249
175066,Tweet,Arv_Ind_Chauhan,rashmidTOI,68
175071,Tweet,Arv_Ind_Chauhan,priyagupta999,124
175085,Tweet,Arv_Ind_Chauhan,andybrassell,103
175094,Tweet,Arv_Ind_Chauhan,PNaveenTOI,24
175082,Tweet,Arv_Ind_Chauhan,jayamenon64,31
175108,Tweet,Arv_Ind_Chauhan,paulmasonnews,322
175073,Tweet,Arv_Ind_Chauhan,priyagupta999,63
26802,Article,vvfriedman,jorifinkel,58
26867,Article,vvfriedman,ASoloski,11
26897,Article,vvfriedman,benkenigsberg,68
26855,Article,vvfriedman,jonpareles,27
26803,Article,vvfriedman,noamscheiber,156
26894,Article,vvfriedman,NeilMacFarquhar,122
26873,Article,vvfriedman,cdcaron,218
26875,Article,vvfriedman,NeilMacFarquhar,7
26816,Article,vvfriedman,RachelDonadio,31
26887,Article,vvfriedman,sisario,33
26898,Article,vvfriedman,noamscheiber,99
26859,Article,vvfriedman,ianrausten,85
26813,Article,vvfriedman,andrewrsorkin,86
26896,Article,vvfriedman,smbahr14,19
26812,Article,vvfriedman,FlitterOnFraud,241
26997,Tweet,vvfriedman,andrewrsorkin,79
26959,Tweet,vvfriedman,vvfriedman,1
26915,Tweet,vvfriedman,Mahafreed_Irani,121
26945,Tweet,vvfriedman,vvfriedman,1
26939,Tweet,vvfriedman,vvfriedman,1
26932,Tweet,vvfriedman,vvfriedman,1
26987,Tweet,vvfriedman,vvfriedman,1
26950,Tweet,vvfriedman,vvfriedman,1
26988,Tweet,vvfriedman,vvfriedman,1
26912,Tweet,vvfriedman,vvfriedman,1
26970,Tweet,vvfriedman,vwang3,17
26948,Tweet,vvfriedman,vvfriedman,1
26918,Tweet,vvfriedman,vvfriedman,1
26963,Tweet,vvfriedman,vvfriedman,1
26991,Tweet,vvfriedman,vvfriedman,1
78925,Article,jillfilipovic,DouthatNYT,101
78982,Article,jillfilipovic,hadleyfreeman,61
79049,Article,jillfilipovic,NilsPratley,226
78945,Article,jillfilipovic,hadleyfreeman,3
78893,Article,jillfilipovic,andybrassell,25
78949,Article,jillfilipovic,richardwolffedc,46
78935,Article,jillfilipovic,EllenBarryNYT,104
78962,Article,jillfilipovic,afuahirsch,33
79035,Article,jillfilipovic,ollywainwright,14
78907,Article,jillfilipovic,richardwolffedc,5
79043,Article,jillfilipovic,hadleyfreeman,13
78921,Article,jillfilipovic,JessicaValenti,167
79036,Article,jillfilipovic,jillfilipovic,1
79002,Article,jillfilipovic,jillfilipovic,1
78952,Article,jillfilipovic,andrewrsorkin,116
79469,Tweet,jillfilipovic,garyyounge,141
79438,Tweet,jillfilipovic,fmanjoo,92
79625,Tweet,jillfilipovic,BellaKwai,30
79598,Tweet,jillfilipovic,vanbadham,87
79579,Tweet,jillfilipovic,DouthatNYT,62
79476,Tweet,jillfilipovic,michelleinbklyn,97
79417,Tweet,jillfilipovic,tomfriedman,128
79422,Tweet,jillfilipovic,MonaChalabi,57
79315,Tweet,jillfilipovic,cdcaron,33
79418,Tweet,jillfilipovic,RichardFausset,51
79297,Tweet,jillfilipovic,sangerkatz,49
79604,Tweet,jillfilipovic,tarasbernard,134
79228,Tweet,jillfilipovic,vanbadham,52
79234,Tweet,jillfilipovic,fmanjoo,41
79268,Tweet,jillfilipovic,andrewrsorkin,58
146578,Article,FabrizioRomano,FabrizioRomano,1
146579,Article,FabrizioRomano,FabrizioRomano,1
146572,Article,FabrizioRomano,FabrizioRomano,1
146551,Article,FabrizioRomano,FabrizioRomano,1
146577,Article,FabrizioRomano,FabrizioRomano,1
146545,Article,FabrizioRomano,FabrizioRomano,1
146587,Article,FabrizioRomano,FabrizioRomano,1
146538,Article,FabrizioRomano,FabrizioRomano,1
146541,Article,FabrizioRomano,FabrizioRomano,1
146428,Article,FabrizioRomano,FabrizioRomano,1
146426,Article,FabrizioRomano,FabrizioRomano,1
146647,Article,FabrizioRomano,FabrizioRomano,1
146584,Article,FabrizioRomano,FabrizioRomano,1
146431,Article,FabrizioRomano,FabrizioRomano,1
146534,Article,FabrizioRomano,FabrizioRomano,1
147148,Tweet,FabrizioRomano,FabrizioRomano,1
146713,Tweet,FabrizioRomano,joshwiddicombe,7
147103,Tweet,FabrizioRomano,FabrizioRomano,1
147077,Tweet,FabrizioRomano,FabrizioRomano,1
146753,Tweet,FabrizioRomano,FabrizioRomano,1
147187,Tweet,FabrizioRomano,adwaidh,3
147208,Tweet,FabrizioRomano,FabrizioRomano,1
147214,Tweet,FabrizioRomano,joshwiddicombe,4
146662,Tweet,FabrizioRomano,ukigoni,2
147066,Tweet,FabrizioRomano,Shilarze_SSR,5
147108,Tweet,FabrizioRomano,adwaidh,5
147197,Tweet,FabrizioRomano,FabrizioRomano,1
147162,Tweet,FabrizioRomano,FabrizioRomano,1
146886,Tweet,FabrizioRomano,FabrizioRomano,1
147037,Tweet,FabrizioRomano,FabrizioRomano,1
63145,Article,jonronson,jonronson,1
63157,Article,jonronson,jonronson,1
63144,Article,jonronson,timlottwriter,2
63142,Article,jonronson,jonronson,1
63109,Article,jonronson,jonronson,1
63200,Article,jonronson,dwightgarner,2
63218,Article,jonronson,jonronson,1
63180,Article,jonronson,shattenstone,12
63127,Article,jonronson,msmirandasawyer,21
63107,Article,jonronson,davidhepworth,14
63044,Article,jonronson,JohnJCrace,25
63159,Article,jonronson,jonronson,1
63152,Article,jonronson,jonronson,1
63025,Article,jonronson,msrachelcooke,32
63176,Article,jonronson,davidhepworth,4
63509,Tweet,jonronson,EmmaBubola,245
63800,Tweet,jonronson,GiniaNYT,4
63338,Tweet,jonronson,joshwiddicombe,117
63647,Tweet,jonronson,priyagupta999,352
63553,Tweet,jonronson,annanorthtweets,4
63614,Tweet,jonronson,joncaramanica,253
63433,Tweet,jonronson,joshwiddicombe,303
63830,Tweet,jonronson,EVincentelli,17
63702,Tweet,jonronson,jennydeluxe,20
63598,Tweet,jonronson,jonronson,1
63628,Tweet,jonronson,jennydeluxe,4
63817,Tweet,jonronson,jonronson,1
63650,Tweet,jonronson,alanconnor,228
63329,Tweet,jonronson,joshwiddicombe,414
63421,Tweet,jonronson,Freedland,19
8243,Article,GioRussonello,ASoloski,2
8227,Article,GioRussonello,ASoloski,2
8206,Article,GioRussonello,smbahr14,12
8280,Article,GioRussonello,ASoloski,2
8229,Article,GioRussonello,ASoloski,2
8205,Article,GioRussonello,ASoloski,2
8234,Article,GioRussonello,hillhulse,5
8200,Article,GioRussonello,ASoloski,2
8272,Article,GioRussonello,ASoloski,2
8257,Article,GioRussonello,hillhulse,9
8259,Article,GioRussonello,sisario,47
8277,Article,GioRussonello,ASoloski,2
8253,Article,GioRussonello,paulkrugman,80
8268,Article,GioRussonello,ASoloski,2
8204,Article,GioRussonello,ASoloski,4
8389,Tweet,GioRussonello,sarahchurchwell,74
8366,Tweet,GioRussonello,msrachelcooke,136
8323,Tweet,GioRussonello,EVincentelli,65
8391,Tweet,GioRussonello,jfordham_jazz,3
8306,Tweet,GioRussonello,RichardFausset,4
8362,Tweet,GioRussonello,joncaramanica,19
8392,Tweet,GioRussonello,zwoolfe,8
8355,Tweet,GioRussonello,priyagupta999,91
8356,Tweet,GioRussonello,joncaramanica,18
8328,Tweet,GioRussonello,zwoolfe,8
8399,Tweet,GioRussonello,alanconnor,46
8388,Tweet,GioRussonello,jillfilipovic,20
8322,Tweet,GioRussonello,GioRussonello,1
8326,Tweet,GioRussonello,dwightgarner,31
8314,Tweet,GioRussonello,zwoolfe,3
175217,Article,aseemsgujar,aseemsgujar,1
175243,Article,aseemsgujar,aseemsgujar,1
175198,Article,aseemsgujar,aseemsgujar,1
175228,Article,aseemsgujar,aseemsgujar,1
175258,Article,aseemsgujar,aseemsgujar,1
175237,Article,aseemsgujar,parthasinha,2
175209,Article,aseemsgujar,aseemsgujar,1
175255,Article,aseemsgujar,parthasinha,22
175172,Article,aseemsgujar,parthasinha,5
175195,Article,aseemsgujar,aseemsgujar,1
175213,Article,aseemsgujar,parthasinha,2
175199,Article,aseemsgujar,parthasinha,2
175244,Article,aseemsgujar,aseemsgujar,1
175192,Article,aseemsgujar,toi_dhananjayM,15
175211,Article,aseemsgujar,aseemsgujar,1
175334,Tweet,aseemsgujar,FelicityCloake,280
175350,Tweet,aseemsgujar,somitsenTOI,105
175333,Tweet,aseemsgujar,ArunDev1,191
175308,Tweet,aseemsgujar,dklavaniaTOI,187
175327,Tweet,aseemsgujar,sarahditum,60
175292,Tweet,aseemsgujar,vanbadham,250
175356,Tweet,aseemsgujar,27saurabhsinha,18
175336,Tweet,aseemsgujar,RowanMoore,154
175319,Tweet,aseemsgujar,aseemsgujar,1
175367,Tweet,aseemsgujar,niyatiparikhTOI,4
175352,Tweet,aseemsgujar,RowanMoore,127
175337,Tweet,aseemsgujar,priyagupta999,65
175322,Tweet,aseemsgujar,27saurabhsinha,12
175341,Tweet,aseemsgujar,psangeetha2112,110
175366,Tweet,aseemsgujar,aseemsgujar,1
213647,Article,sudeshnagTOI,aniljdias,4
213616,Article,sudeshnagTOI,aniljdias,31
213608,Article,sudeshnagTOI,aniljdias,3
213650,Article,sudeshnagTOI,aniljdias,5
213587,Article,sudeshnagTOI,aniljdias,2
213599,Article,sudeshnagTOI,aniljdias,2
213656,Article,sudeshnagTOI,aniljdias,15
213635,Article,sudeshnagTOI,rajendrasTOI,23
213570,Article,sudeshnagTOI,Pratiks_TOI,20
213567,Article,sudeshnagTOI,aniljdias,2
213607,Article,sudeshnagTOI,TOISH31,18
213623,Article,sudeshnagTOI,aniljdias,3
213634,Article,sudeshnagTOI,aniljdias,10
213659,Article,sudeshnagTOI,MarcusMergulhao,7
213613,Article,sudeshnagTOI,aniljdias,2
213734,Tweet,sudeshnagTOI,vanbadham,365
213675,Tweet,sudeshnagTOI,joshwiddicombe,2
213755,Tweet,sudeshnagTOI,joshwiddicombe,243
213678,Tweet,sudeshnagTOI,msrachelcooke,54
213677,Tweet,sudeshnagTOI,aditya_bh16,113
213689,Tweet,sudeshnagTOI,Mahafreed_Irani,372
213742,Tweet,sudeshnagTOI,sarahlyall,54
213756,Tweet,sudeshnagTOI,tomfriedman,226
213710,Tweet,sudeshnagTOI,joshwiddicombe,230
213665,Tweet,sudeshnagTOI,smita_mishra,124
213761,Tweet,sudeshnagTOI,paulmasonnews,353
213714,Tweet,sudeshnagTOI,sermoninstone,285
213719,Tweet,sudeshnagTOI,MarcusMergulhao,6
213738,Tweet,sudeshnagTOI,elizabday,133
213754,Tweet,sudeshnagTOI,desaisantosh,217
28828,Article,EmmaBubola,NikiKitsantonis,10
28881,Article,EmmaBubola,michaelcrowley,14
28860,Article,EmmaBubola,kbennhold,31
28817,Article,EmmaBubola,NeilMacFarquhar,12
28819,Article,EmmaBubola,RichardFausset,5
28850,Article,EmmaBubola,NYTBen,19
28889,Article,EmmaBubola,NeilMacFarquhar,32
28884,Article,EmmaBubola,alexmarshall81,23
28852,Article,EmmaBubola,vvfriedman,3
28825,Article,EmmaBubola,NeilMacFarquhar,2
28876,Article,EmmaBubola,NikiKitsantonis,13
28804,Article,EmmaBubola,NeilMacFarquhar,2
28885,Article,EmmaBubola,NeilMacFarquhar,13
28869,Article,EmmaBubola,PatrickKingsley,8
28854,Article,EmmaBubola,NeilMacFarquhar,3
28991,Tweet,EmmaBubola,TristramHuntVA,5
28920,Tweet,EmmaBubola,EmmaBubola,1
28912,Tweet,EmmaBubola,BellaKwai,2
28965,Tweet,EmmaBubola,desaisantosh,8
28930,Tweet,EmmaBubola,NikiKitsantonis,2
28917,Tweet,EmmaBubola,mlevenson,8
28975,Tweet,EmmaBubola,afuahirsch,58
28905,Tweet,EmmaBubola,vanbadham,111
28986,Tweet,EmmaBubola,EmmaBubola,1
28960,Tweet,EmmaBubola,KSchulten,20
28902,Tweet,EmmaBubola,elizabday,126
28957,Tweet,EmmaBubola,we_are_food,11
28909,Tweet,EmmaBubola,afuahirsch,65
28964,Tweet,EmmaBubola,stevenerlanger,4
28901,Tweet,EmmaBubola,stevenerlanger,4
11285,Article,KeithBradsher,KeithBradsher,1
11237,Article,KeithBradsher,AnaSwanson,2
11279,Article,KeithBradsher,KeithBradsher,1
11239,Article,KeithBradsher,julianbarnes,3
11246,Article,KeithBradsher,ChuBailiang,4
11293,Article,KeithBradsher,rajendrasTOI,78
11260,Article,KeithBradsher,KeithBradsher,1
11259,Article,KeithBradsher,KeithBradsher,1
11282,Article,KeithBradsher,EllenBarryNYT,6
11221,Article,KeithBradsher,KeithBradsher,1
11253,Article,KeithBradsher,AnaSwanson,2
11212,Article,KeithBradsher,AnaSwanson,2
11297,Article,KeithBradsher,AnaSwanson,2
11209,Article,KeithBradsher,KeithBradsher,1
11241,Article,KeithBradsher,LFFriedman,3
11382,Tweet,KeithBradsher,ChuBailiang,2
11371,Tweet,KeithBradsher,ceciliakang,15
11323,Tweet,KeithBradsher,KeithBradsher,1
11340,Tweet,KeithBradsher,vwang3,2
11337,Tweet,KeithBradsher,ChuBailiang,2
11321,Tweet,KeithBradsher,carlzimmer,2
11328,Tweet,KeithBradsher,KeithBradsher,1
11370,Tweet,KeithBradsher,KeithBradsher,1
11391,Tweet,KeithBradsher,joncaramanica,153
11327,Tweet,KeithBradsher,KeithBradsher,1
11311,Tweet,KeithBradsher,NeilMacFarquhar,18
11317,Tweet,KeithBradsher,KeithBradsher,1
11308,Tweet,KeithBradsher,AnaSwanson,2
11357,Tweet,KeithBradsher,andrewrsorkin,10
11300,Tweet,KeithBradsher,andrewrsorkin,15
33049,Article,FlitterOnFraud,FlitterOnFraud,1
33065,Article,FlitterOnFraud,NeilMacFarquhar,5
33072,Article,FlitterOnFraud,samrob12,13
33056,Article,FlitterOnFraud,noamscheiber,16
33059,Article,FlitterOnFraud,noamscheiber,8
33005,Article,FlitterOnFraud,tarasbernard,5
33015,Article,FlitterOnFraud,FlitterOnFraud,1
33099,Article,FlitterOnFraud,tarasbernard,9
33028,Article,FlitterOnFraud,FlitterOnFraud,1
33007,Article,FlitterOnFraud,vijayVsinghTOI,9
33088,Article,FlitterOnFraud,toi_dhananjayM,25
33011,Article,FlitterOnFraud,AnaSwanson,5
33062,Article,FlitterOnFraud,ESCochrane,24
33094,Article,FlitterOnFraud,FlitterOnFraud,1
33074,Article,FlitterOnFraud,noamscheiber,7
33121,Tweet,FlitterOnFraud,joncaramanica,56
33113,Tweet,FlitterOnFraud,BenWeiserNYT,24
33108,Tweet,FlitterOnFraud,jennydeluxe,85
33194,Tweet,FlitterOnFraud,BenWeiserNYT,101
33196,Tweet,FlitterOnFraud,jonpareles,170
33103,Tweet,FlitterOnFraud,aleksk,200
33142,Tweet,FlitterOnFraud,sarahditum,8
33132,Tweet,FlitterOnFraud,paulmasonnews,14
33127,Tweet,FlitterOnFraud,EricaLG,260
33143,Tweet,FlitterOnFraud,msrachelcooke,93
33144,Tweet,FlitterOnFraud,vwang3,105
33109,Tweet,FlitterOnFraud,stevenerlanger,48
33123,Tweet,FlitterOnFraud,PamBelluck,84
33178,Tweet,FlitterOnFraud,ceciliakang,62
33191,Tweet,FlitterOnFraud,dionnesearcey,10
166785,Article,sendvictorious,sendvictorious,1
166727,Article,sendvictorious,TimdeLisle,203
166691,Article,sendvictorious,sendvictorious,1
166795,Article,sendvictorious,andrew_mueller,2
166567,Article,sendvictorious,NesrineMalik,472
166646,Article,sendvictorious,nicholaswatt,21
166582,Article,sendvictorious,MarinaHyde,274
166794,Article,sendvictorious,JohnJCrace,8
166644,Article,sendvictorious,andrew_mueller,2
166583,Article,sendvictorious,sendvictorious,1
166641,Article,sendvictorious,sendvictorious,1
166627,Article,sendvictorious,sendvictorious,1
166745,Article,sendvictorious,sendvictorious,1
166694,Article,sendvictorious,sendvictorious,1
166744,Article,sendvictorious,sendvictorious,1
167365,Tweet,sendvictorious,sarahlyall,24
166844,Tweet,sendvictorious,jonronson,49
167313,Tweet,sendvictorious,DawnHFoster,329
167377,Tweet,sendvictorious,melissaclark,22
167361,Tweet,sendvictorious,dwightgarner,43
167384,Tweet,sendvictorious,DouthatNYT,78
167037,Tweet,sendvictorious,EVincentelli,21
167090,Tweet,sendvictorious,rjadHinduBL,393
166938,Tweet,sendvictorious,wesley_morris,21
166875,Tweet,sendvictorious,RorySmith,16
167154,Tweet,sendvictorious,dwightgarner,38
167264,Tweet,sendvictorious,davidhepworth,26
166893,Tweet,sendvictorious,jennydeluxe,33
167329,Tweet,sendvictorious,TanyaGold1,17
167073,Tweet,sendvictorious,davidhepworth,16
135388,Article,charltonbrooker,andybrassell,55
135486,Article,charltonbrooker,garyyounge,20
135450,Article,charltonbrooker,davidhepworth,55
135460,Article,charltonbrooker,hadleyfreeman,15
135440,Article,charltonbrooker,JohnJCrace,13
135593,Article,charltonbrooker,davidhepworth,52
135538,Article,charltonbrooker,hadleyfreeman,23
135415,Article,charltonbrooker,hadleyfreeman,21
135453,Article,charltonbrooker,JohnJCrace,22
135483,Article,charltonbrooker,andybrassell,14
135481,Article,charltonbrooker,andybrassell,17
135399,Article,charltonbrooker,andybrassell,52
135518,Article,charltonbrooker,garyyounge,18
135447,Article,charltonbrooker,MarinaHyde,8
135526,Article,charltonbrooker,davidhepworth,48
135816,Tweet,charltonbrooker,sarahlyall,74
135798,Tweet,charltonbrooker,KSchulten,108
135695,Tweet,charltonbrooker,nmcintosh,3
135752,Tweet,charltonbrooker,paulmasonnews,28
136213,Tweet,charltonbrooker,DerekMalcolm123,106
135840,Tweet,charltonbrooker,nmcintosh,29
136197,Tweet,charltonbrooker,sarahditum,6
136220,Tweet,charltonbrooker,alanconnor,181
136011,Tweet,charltonbrooker,polblonde,233
135716,Tweet,charltonbrooker,ditzkoff,52
135755,Tweet,charltonbrooker,nmcintosh,57
135984,Tweet,charltonbrooker,joshwiddicombe,3
135771,Tweet,charltonbrooker,emilybell,68
135751,Tweet,charltonbrooker,gailcollins,41
135979,Tweet,charltonbrooker,salihughes,34
33632,Article,livia_ar,livia_ar,1
33631,Article,livia_ar,RichardFausset,8
33627,Article,livia_ar,adamliptak,21
33658,Article,livia_ar,sisario,35
33606,Article,livia_ar,NeilMacFarquhar,8
33607,Article,livia_ar,ceciliakang,25
33618,Article,livia_ar,ianrausten,12
33617,Article,livia_ar,ianrausten,11
33692,Article,livia_ar,livia_ar,1
33698,Article,livia_ar,el_belson,6
33655,Article,livia_ar,dwightgarner,33
33689,Article,livia_ar,NeilMacFarquhar,11
33665,Article,livia_ar,dwightgarner,43
33644,Article,livia_ar,NeilMacFarquhar,6
33654,Article,livia_ar,NeilMacFarquhar,3
33732,Tweet,livia_ar,smita_mishra,229
33754,Tweet,livia_ar,annanorthtweets,45
33710,Tweet,livia_ar,smita_mishra,141
33749,Tweet,livia_ar,CeylanWrites,11
33701,Tweet,livia_ar,mlevenson,2
33772,Tweet,livia_ar,shattenstone,167
33781,Tweet,livia_ar,livia_ar,1
33706,Tweet,livia_ar,apoorva_nyc,62
33792,Tweet,livia_ar,timatkin,128
33751,Tweet,livia_ar,jackschofield,173
33723,Tweet,livia_ar,shattenstone,143
33728,Tweet,livia_ar,mlevenson,4
33770,Tweet,livia_ar,Freedland,157
33759,Tweet,livia_ar,polblonde,12
33714,Tweet,livia_ar,mariellaf1,98
185899,Article,imabdulgani,rajendrasTOI,4
185723,Article,imabdulgani,richapintoi,15
185807,Article,imabdulgani,richapintoi,22
185751,Article,imabdulgani,aniljdias,2
185679,Article,imabdulgani,anandbodhTOI,17
185847,Article,imabdulgani,rjadHinduBL,4
185669,Article,imabdulgani,rajendrasTOI,3
185842,Article,imabdulgani,rajendrasTOI,14
185742,Article,imabdulgani,NewtonSTOI,4
185748,Article,imabdulgani,KomalGautham,7
185741,Article,imabdulgani,ishajainTOI,23
185821,Article,imabdulgani,rajendrasTOI,14
185829,Article,imabdulgani,anandbodhTOI,4
185908,Article,imabdulgani,NewtonSTOI,10
185788,Article,imabdulgani,KapildaveTOI,4
186002,Tweet,imabdulgani,gailcollins,296
186004,Tweet,imabdulgani,garyyounge,142
185924,Tweet,imabdulgani,priyagupta999,15
185943,Tweet,imabdulgani,priyagupta999,12
185993,Tweet,imabdulgani,smita_mishra,116
185973,Tweet,imabdulgani,LauraCummingArt,75
185927,Tweet,imabdulgani,sarahlyall,268
185913,Tweet,imabdulgani,priyagupta999,22
185934,Tweet,imabdulgani,adwaidh,9
185975,Tweet,imabdulgani,priyagupta999,4
186003,Tweet,imabdulgani,afuahirsch,180
185982,Tweet,imabdulgani,kumaraswamykTOI,40
185938,Tweet,imabdulgani,mohuadazz,193
185912,Tweet,imabdulgani,tushhaikhush,53
185972,Tweet,imabdulgani,joshwiddicombe,267
195483,Article,murarishetye,KanwardeepsTOI,3
195384,Article,murarishetye,rajendrasTOI,3
195545,Article,murarishetye,NewtonSTOI,15
195519,Article,murarishetye,SidharthB25,23
195575,Article,murarishetye,rajendrasTOI,23
195405,Article,murarishetye,toi_dhananjayM,12
195574,Article,murarishetye,NewtonSTOI,5
195558,Article,murarishetye,toi_dhananjayM,4
195342,Article,murarishetye,ThevarSteffy,3
195447,Article,murarishetye,NewtonSTOI,8
195426,Article,murarishetye,rebeccaSTOI,4
195339,Article,murarishetye,yusrahusain,46
195365,Article,murarishetye,vijayVsinghTOI,13
195578,Article,murarishetye,rajendrasTOI,7
195494,Article,murarishetye,NewtonSTOI,15
195599,Tweet,murarishetye,bindiyachariTOI,2
195630,Tweet,murarishetye,vijayVsinghTOI,14
195597,Tweet,murarishetye,bindiyachariTOI,2
195585,Tweet,murarishetye,bindiyachariTOI,2
195637,Tweet,murarishetye,bindiyachariTOI,3
195616,Tweet,murarishetye,bindiyachariTOI,2
195670,Tweet,murarishetye,bindiyachariTOI,3
195605,Tweet,murarishetye,bindiyachariTOI,2
195610,Tweet,murarishetye,bindiyachariTOI,2
195669,Tweet,murarishetye,bindiyachariTOI,2
195608,Tweet,murarishetye,bindiyachariTOI,2
195667,Tweet,murarishetye,murarishetyeTOI,5
195682,Tweet,murarishetye,bindiyachariTOI,3
195644,Tweet,murarishetye,murarishetyeTOI,10
195663,Tweet,murarishetye,murarishetye,1
28617,Article,suilee,nytDeniseGrady,26
28675,Article,suilee,mikeives,7
28642,Article,suilee,andrewrsorkin,105
28623,Article,suilee,AnaSwanson,6
28652,Article,suilee,Rupalijee,8
28653,Article,suilee,NeilMacFarquhar,113
28637,Article,suilee,ChuBailiang,3
28626,Article,suilee,helenecooper,11
28665,Article,suilee,KeithBradsher,2
28614,Article,suilee,NeilMacFarquhar,17
28641,Article,suilee,amitanandTOI,5
28667,Article,suilee,EllenBarryNYT,15
28663,Article,suilee,IKershner,18
28683,Article,suilee,NeilMacFarquhar,10
28698,Article,suilee,jorifinkel,16
28742,Tweet,suilee,nnougayrede,6
28762,Tweet,suilee,vwang3,2
28764,Tweet,suilee,sarahlyall,174
28756,Tweet,suilee,nnougayrede,9
28794,Tweet,suilee,joncaramanica,39
28728,Tweet,suilee,alanconnor,61
28767,Tweet,suilee,nnougayrede,4
28796,Tweet,suilee,Lattif,4
28785,Tweet,suilee,LauraCummingArt,283
28719,Tweet,suilee,alanconnor,52
28709,Tweet,suilee,vwang3,2
28746,Tweet,suilee,polblonde,15
28771,Tweet,suilee,NishikantkTOI,21
28705,Tweet,suilee,joncaramanica,58
28703,Tweet,suilee,BellaKwai,3
80648,Article,TristramHuntVA,davidhepworth,338
80751,Article,TristramHuntVA,VivianHo,102
80568,Article,TristramHuntVA,RachelDonadio,44
80635,Article,TristramHuntVA,JohnJCrace,22
80690,Article,TristramHuntVA,JohnJCrace,10
80694,Article,TristramHuntVA,DanielKingChess,57
80740,Article,TristramHuntVA,williamnhutton,9
80730,Article,TristramHuntVA,gabyhinsliff,52
80710,Article,TristramHuntVA,NilsPratley,459
80678,Article,TristramHuntVA,williamnhutton,8
80597,Article,TristramHuntVA,DanielKingChess,27
80715,Article,TristramHuntVA,afuahirsch,15
80708,Article,TristramHuntVA,LauraCummingArt,10
80662,Article,TristramHuntVA,NilsPratley,400
80658,Article,TristramHuntVA,tomdyckhoff,301
81253,Tweet,TristramHuntVA,sarahditum,156
80876,Tweet,TristramHuntVA,DerekMalcolm123,464
81023,Tweet,TristramHuntVA,TristramHuntVA,1
81070,Tweet,TristramHuntVA,rpogrebin,2
80925,Tweet,TristramHuntVA,TristramHuntVA,1
80784,Tweet,TristramHuntVA,TristramHuntVA,1
81258,Tweet,TristramHuntVA,psangeetha2112,4
81283,Tweet,TristramHuntVA,TristramHuntVA,1
81334,Tweet,TristramHuntVA,gailcollins,3
81219,Tweet,TristramHuntVA,DerekMalcolm123,261
81076,Tweet,TristramHuntVA,joshwiddicombe,45
80912,Tweet,TristramHuntVA,alanconnor,3
80835,Tweet,TristramHuntVA,vvfriedman,3
80974,Tweet,TristramHuntVA,emilybell,360
81154,Tweet,TristramHuntVA,TristramHuntVA,1
199224,Article,palaknandiTOI,rajendrasTOI,8
199286,Article,palaknandiTOI,rajendrasTOI,6
199180,Article,palaknandiTOI,rajendrasTOI,2
199075,Article,palaknandiTOI,anandbodhTOI,8
199200,Article,palaknandiTOI,KapildaveTOI,16
199054,Article,palaknandiTOI,anandbodhTOI,13
199111,Article,palaknandiTOI,rajendrasTOI,12
199125,Article,palaknandiTOI,niyatiparikhTOI,3
199074,Article,palaknandiTOI,rajendrasTOI,2
199104,Article,palaknandiTOI,rajendrasTOI,6
199115,Article,palaknandiTOI,rajendrasTOI,4
199144,Article,palaknandiTOI,rjadHinduBL,8
199247,Article,palaknandiTOI,rajendrasTOI,3
199290,Article,palaknandiTOI,anandbodhTOI,14
199140,Article,palaknandiTOI,rajendrasTOI,2
199366,Tweet,palaknandiTOI,BellaKwai,168
199357,Tweet,palaknandiTOI,IpsitaTOI,18
199362,Tweet,palaknandiTOI,BhanupratapsTOI,3
199339,Tweet,palaknandiTOI,PjJoychen,2
199390,Tweet,palaknandiTOI,palaknandiTOI,1
199334,Tweet,palaknandiTOI,PjJoychen,3
199336,Tweet,palaknandiTOI,priyagupta999,82
199309,Tweet,palaknandiTOI,BhanupratapsTOI,16
199295,Tweet,palaknandiTOI,aditya_bh16,207
199386,Tweet,palaknandiTOI,BhanupratapsTOI,2
199322,Tweet,palaknandiTOI,PNaveenTOI,20
199311,Tweet,palaknandiTOI,palaknandiTOI,1
199377,Tweet,palaknandiTOI,palaknandiTOI,1
199393,Tweet,palaknandiTOI,rashmidTOI,2
199368,Tweet,palaknandiTOI,BhanupratapsTOI,10
7229,Article,ESCochrane,ESCochrane,1
7211,Article,ESCochrane,hillhulse,3
7220,Article,ESCochrane,ESCochrane,1
7221,Article,ESCochrane,NeilMacFarquhar,34
7289,Article,ESCochrane,ESCochrane,1
7249,Article,ESCochrane,ESCochrane,1
7262,Article,ESCochrane,ESCochrane,1
7296,Article,ESCochrane,kannoyoungs,5
7277,Article,ESCochrane,ESCochrane,1
7250,Article,ESCochrane,ESCochrane,1
7263,Article,ESCochrane,ESCochrane,1
7202,Article,ESCochrane,ESCochrane,1
7201,Article,ESCochrane,helenecooper,18
7240,Article,ESCochrane,ESCochrane,1
7266,Article,ESCochrane,hillhulse,2
7340,Tweet,ESCochrane,attackerman,144
7356,Tweet,ESCochrane,jmart,64
7346,Tweet,ESCochrane,jmart,86
7312,Tweet,ESCochrane,jimtankersley,86
7308,Tweet,ESCochrane,peterbakernyt,54
7314,Tweet,ESCochrane,AnaSwanson,33
7339,Tweet,ESCochrane,ESCochrane,1
7388,Tweet,ESCochrane,jimtankersley,30
7342,Tweet,ESCochrane,SherylNYT,12
7353,Tweet,ESCochrane,SherylNYT,40
7315,Tweet,ESCochrane,GlennThrush,162
7370,Tweet,ESCochrane,reidepstein,121
7367,Tweet,ESCochrane,ESCochrane,1
7324,Tweet,ESCochrane,ESCochrane,1
7372,Tweet,ESCochrane,kenvogel,40
111092,Article,AndrewSparrow,williamnhutton,7
111205,Article,AndrewSparrow,nicholaswatt,48
111040,Article,AndrewSparrow,TimdeLisle,15
111269,Article,AndrewSparrow,AnushkaAsthana,2
111240,Article,AndrewSparrow,archiebland,2
111069,Article,AndrewSparrow,AndrewSparrow,1
111103,Article,AndrewSparrow,JohnJCrace,3
111262,Article,AndrewSparrow,paulmasonnews,3
111208,Article,AndrewSparrow,afuahirsch,6
111230,Article,AndrewSparrow,PippaCrerar,252
111150,Article,AndrewSparrow,andybrassell,41
111147,Article,AndrewSparrow,OLIVERBALCH,17
111260,Article,AndrewSparrow,PippaCrerar,204
111274,Article,AndrewSparrow,williamnhutton,14
111028,Article,AndrewSparrow,LauraCummingArt,20
111498,Tweet,AndrewSparrow,AndrewSparrow,1
111621,Tweet,AndrewSparrow,jbouie,175
111544,Tweet,AndrewSparrow,msrachelcooke,225
111405,Tweet,AndrewSparrow,AndrewSparrow,1
111722,Tweet,AndrewSparrow,AndrewSparrow,1
111569,Tweet,AndrewSparrow,sarahditum,150
111278,Tweet,AndrewSparrow,AndrewSparrow,1
111631,Tweet,AndrewSparrow,AndrewSparrow,1
111613,Tweet,AndrewSparrow,AndrewSparrow,1
111442,Tweet,AndrewSparrow,AndrewSparrow,1
111430,Tweet,AndrewSparrow,AndrewSparrow,1
111850,Tweet,AndrewSparrow,AndrewSparrow,1
111780,Tweet,AndrewSparrow,AndrewSparrow,1
111358,Tweet,AndrewSparrow,AndrewSparrow,1
111774,Tweet,AndrewSparrow,msrachelcooke,153
200282,Article,parthshastriTOI,rjadHinduBL,6
200204,Article,parthshastriTOI,KapildaveTOI,6
200304,Article,parthshastriTOI,SumitraDebRoy,9
200170,Article,parthshastriTOI,parthshastriTOI,1
200199,Article,parthshastriTOI,UttaraVarmaTOI,8
200184,Article,parthshastriTOI,NewtonSTOI,5
200156,Article,parthshastriTOI,parthshastriTOI,1
200157,Article,parthshastriTOI,vijayVsinghTOI,3
200155,Article,parthshastriTOI,AmritadTOI,6
200159,Article,parthshastriTOI,AmritadTOI,5
200147,Article,parthshastriTOI,NewtonSTOI,3
200179,Article,parthshastriTOI,SwatiShindeTOI,5
200267,Article,parthshastriTOI,parthshastriTOI,1
200291,Article,parthshastriTOI,yusrahusain,13
200110,Article,parthshastriTOI,AmritadTOI,2
200337,Tweet,parthshastriTOI,parthshastriTOI,1
200411,Tweet,parthshastriTOI,utejonmayamTOI,3
200401,Tweet,parthshastriTOI,utejonmayamTOI,2
200339,Tweet,parthshastriTOI,parthshastriTOI,1
200397,Tweet,parthshastriTOI,parthshastriTOI,1
200380,Tweet,parthshastriTOI,parthshastriTOI,1
200329,Tweet,parthshastriTOI,priyangiTOI,2
200391,Tweet,parthshastriTOI,parthshastriTOI,1
200364,Tweet,parthshastriTOI,parthshastriTOI,1
200410,Tweet,parthshastriTOI,Gauraw2297,5
200362,Tweet,parthshastriTOI,parthshastriTOI,1
200338,Tweet,parthshastriTOI,parthshastriTOI,1
200336,Tweet,parthshastriTOI,shafaquealamTOI,21
200369,Tweet,parthshastriTOI,polblonde,303
200399,Tweet,parthshastriTOI,utejonmayamTOI,2
58932,Article,laurenlaverne,laurenlaverne,1
58963,Article,laurenlaverne,salihughes,199
58891,Article,laurenlaverne,laurenlaverne,1
58981,Article,laurenlaverne,sarfrazmanzoor,34
58921,Article,laurenlaverne,laurenlaverne,1
58922,Article,laurenlaverne,laurenlaverne,1
58898,Article,laurenlaverne,laurenlaverne,1
58951,Article,laurenlaverne,salihughes,209
58952,Article,laurenlaverne,salihughes,151
58913,Article,laurenlaverne,salihughes,144
58944,Article,laurenlaverne,salihughes,157
58936,Article,laurenlaverne,laurenlaverne,1
58957,Article,laurenlaverne,salihughes,150
58967,Article,laurenlaverne,salihughes,201
58910,Article,laurenlaverne,salihughes,46
59563,Tweet,laurenlaverne,msrachelcooke,99
59404,Tweet,laurenlaverne,melissaclark,163
59288,Tweet,laurenlaverne,alanconnor,9
59301,Tweet,laurenlaverne,joncaramanica,6
59391,Tweet,laurenlaverne,DeccaJourno,2
59569,Tweet,laurenlaverne,alanconnor,47
59547,Tweet,laurenlaverne,polblonde,273
59251,Tweet,laurenlaverne,alanconnor,24
59238,Tweet,laurenlaverne,polblonde,317
59540,Tweet,laurenlaverne,andybrassell,115
59137,Tweet,laurenlaverne,alanconnor,4
59057,Tweet,laurenlaverne,joshwiddicombe,36
59553,Tweet,laurenlaverne,elizabday,116
59439,Tweet,laurenlaverne,msrachelcooke,243
59352,Tweet,laurenlaverne,JohnJCrace,372
112125,Article,NilsPratley,NilsPratley,1
111975,Article,NilsPratley,NilsPratley,1
112011,Article,NilsPratley,NilsPratley,1
111900,Article,NilsPratley,NilsPratley,1
112000,Article,NilsPratley,NilsPratley,1
112060,Article,NilsPratley,NilsPratley,1
111982,Article,NilsPratley,NilsPratley,1
112085,Article,NilsPratley,NilsPratley,1
111929,Article,NilsPratley,Freedland,314
111993,Article,NilsPratley,NilsPratley,1
112019,Article,NilsPratley,NilsPratley,1
112078,Article,NilsPratley,NilsPratley,1
111939,Article,NilsPratley,NilsPratley,1
111971,Article,NilsPratley,NilsPratley,1
111981,Article,NilsPratley,NilsPratley,1
112235,Tweet,NilsPratley,dwightgarner,31
112195,Tweet,NilsPratley,aleksk,94
112167,Tweet,NilsPratley,NilsPratley,1
112308,Tweet,NilsPratley,WilbyPeter,10
112236,Tweet,NilsPratley,niyatiparikhTOI,46
112226,Tweet,NilsPratley,davidleighx,8
112267,Tweet,NilsPratley,NilsPratley,1
112243,Tweet,NilsPratley,NilsPratley,1
112341,Tweet,NilsPratley,andrewrsorkin,2
112327,Tweet,NilsPratley,aleksk,406
112201,Tweet,NilsPratley,GiniaNYT,65
112176,Tweet,NilsPratley,GiniaNYT,33
112294,Tweet,NilsPratley,aleksk,14
112246,Tweet,NilsPratley,paulkrugman,12
112227,Tweet,NilsPratley,sarahlyall,91
160277,Article,TimdeLisle,Freedland,5
160223,Article,TimdeLisle,LauraCummingArt,10
160376,Article,TimdeLisle,andybrassell,4
160296,Article,TimdeLisle,andybrassell,2
160358,Article,TimdeLisle,andybrassell,7
160172,Article,TimdeLisle,andybrassell,3
160190,Article,TimdeLisle,TimdeLisle,1
160165,Article,TimdeLisle,andybrassell,2
160389,Article,TimdeLisle,andybrassell,2
160338,Article,TimdeLisle,andybrassell,4
160195,Article,TimdeLisle,andybrassell,12
160279,Article,TimdeLisle,andybrassell,2
160183,Article,TimdeLisle,andybrassell,10
160214,Article,TimdeLisle,JohnJCrace,9
160167,Article,TimdeLisle,TanyaGold1,151
160837,Tweet,TimdeLisle,alanconnor,306
160500,Tweet,TimdeLisle,aditya_bh16,2
160975,Tweet,TimdeLisle,jonpareles,38
160956,Tweet,TimdeLisle,Mahafreed_Irani,54
160920,Tweet,TimdeLisle,bglendenning,48
160789,Tweet,TimdeLisle,alanconnor,139
160712,Tweet,TimdeLisle,msrachelcooke,198
160994,Tweet,TimdeLisle,joshwiddicombe,77
160917,Tweet,TimdeLisle,tomfriedman,59
160530,Tweet,TimdeLisle,priyagupta999,37
160797,Tweet,TimdeLisle,TristramHuntVA,31
160857,Tweet,TimdeLisle,TimdeLisle,1
161010,Tweet,TimdeLisle,laurenlaverne,187
160621,Tweet,TimdeLisle,davidleighx,93
160862,Tweet,TimdeLisle,TimdeLisle,1
31228,Article,RachelDonadio,NikiKitsantonis,317
31213,Article,RachelDonadio,noamscheiber,339
31286,Article,RachelDonadio,benkenigsberg,9
31253,Article,RachelDonadio,NeilMacFarquhar,264
31231,Article,RachelDonadio,EllenBarryNYT,3
31218,Article,RachelDonadio,NeilMacFarquhar,30
31265,Article,RachelDonadio,NikiKitsantonis,4
31215,Article,RachelDonadio,RachelDonadio,1
31212,Article,RachelDonadio,brooksbarnesNYT,285
31235,Article,RachelDonadio,NikiKitsantonis,4
31238,Article,RachelDonadio,jorifinkel,35
31223,Article,RachelDonadio,farnazfassihi,186
31279,Article,RachelDonadio,NikiKitsantonis,311
31226,Article,RachelDonadio,RachelDonadio,1
31257,Article,RachelDonadio,jorifinkel,185
31367,Tweet,RachelDonadio,afuahirsch,22
31380,Tweet,RachelDonadio,tomfriedman,29
31392,Tweet,RachelDonadio,stevenerlanger,14
31316,Tweet,RachelDonadio,lukeharding1968,20
31303,Tweet,RachelDonadio,stevenerlanger,22
31376,Tweet,RachelDonadio,RoniNYTimes,142
31339,Tweet,RachelDonadio,lukeharding1968,8
31356,Tweet,RachelDonadio,EmmaBubola,12
31373,Tweet,RachelDonadio,polblonde,44
31345,Tweet,RachelDonadio,RachelDonadio,1
31351,Tweet,RachelDonadio,priyagupta999,6
31347,Tweet,RachelDonadio,EmmaBubola,3
31372,Tweet,RachelDonadio,nnougayrede,18
31337,Tweet,RachelDonadio,RachelDonadio,1
31342,Tweet,RachelDonadio,stevenerlanger,38
141365,Article,OLIVERBALCH,OLIVERBALCH,1
141377,Article,OLIVERBALCH,ollywainwright,11
141326,Article,OLIVERBALCH,garyyounge,4
141307,Article,OLIVERBALCH,ollywainwright,50
141504,Article,OLIVERBALCH,OLIVERBALCH,1
141345,Article,OLIVERBALCH,andybrassell,29
141444,Article,OLIVERBALCH,NilsPratley,290
141500,Article,OLIVERBALCH,williamnhutton,5
141453,Article,OLIVERBALCH,OLIVERBALCH,1
141455,Article,OLIVERBALCH,OwenJones84,13
141448,Article,OLIVERBALCH,OLIVERBALCH,1
141515,Article,OLIVERBALCH,OLIVERBALCH,1
141462,Article,OLIVERBALCH,OLIVERBALCH,1
141313,Article,OLIVERBALCH,NilsPratley,407
141447,Article,OLIVERBALCH,paulmasonnews,5
141680,Tweet,OLIVERBALCH,parul_sehgal,307
141870,Tweet,OLIVERBALCH,LeoHickman,13
141981,Tweet,OLIVERBALCH,niyatiparikhTOI,2
141766,Tweet,OLIVERBALCH,WilbyPeter,68
141937,Tweet,OLIVERBALCH,RebeccaSeal,207
142042,Tweet,OLIVERBALCH,OLIVERBALCH,1
141801,Tweet,OLIVERBALCH,afuahirsch,4
141709,Tweet,OLIVERBALCH,williamkeegan,226
141947,Tweet,OLIVERBALCH,andybrassell,20
141693,Tweet,OLIVERBALCH,andrewrsorkin,67
141714,Tweet,OLIVERBALCH,allegramcevedy,24
141783,Tweet,OLIVERBALCH,andybrassell,27
141728,Tweet,OLIVERBALCH,alanconnor,142
142116,Tweet,OLIVERBALCH,LeoHickman,32
141593,Tweet,OLIVERBALCH,msmirandasawyer,267
186822,Article,ishajainTOI,ishajainTOI,1
186912,Article,ishajainTOI,ishajainTOI,1
186880,Article,ishajainTOI,yusrahusain,16
186839,Article,ishajainTOI,ishajainTOI,1
186771,Article,ishajainTOI,ishajainTOI,1
186908,Article,ishajainTOI,ishajainTOI,1
186820,Article,ishajainTOI,yusrahusain,2
186832,Article,ishajainTOI,ishajainTOI,1
186914,Article,ishajainTOI,yusrahusain,12
186916,Article,ishajainTOI,SyedAkbarTOI,11
186829,Article,ishajainTOI,rajendrasTOI,4
186854,Article,ishajainTOI,anandbodhTOI,2
186758,Article,ishajainTOI,SribaalaVTOI,192
186717,Article,ishajainTOI,yusrahusain,4
186801,Article,ishajainTOI,yusrahusain,3
186981,Tweet,ishajainTOI,ishajainTOI,1
186969,Tweet,ishajainTOI,ishajainTOI,1
186997,Tweet,ishajainTOI,ishajainTOI,1
186956,Tweet,ishajainTOI,ishajainTOI,1
187028,Tweet,ishajainTOI,MohitaTOI,2
186964,Tweet,ishajainTOI,smita_mishra,121
187014,Tweet,ishajainTOI,MohitaTOI,9
187026,Tweet,ishajainTOI,Gauraw2297,10
187041,Tweet,ishajainTOI,meeravohraTOI,14
186966,Tweet,ishajainTOI,ishajainTOI,1
187037,Tweet,ishajainTOI,MohitaTOI,5
186977,Tweet,ishajainTOI,ishajainTOI,1
186999,Tweet,ishajainTOI,ishajainTOI,1
187019,Tweet,ishajainTOI,ishajainTOI,1
187001,Tweet,ishajainTOI,ishajainTOI,1
139750,Article,gracedent,RebeccaSeal,24
139625,Article,gracedent,gracedent,1
139709,Article,gracedent,thestephmerritt,2
139845,Article,gracedent,MarinaOLoughlin,2
139615,Article,gracedent,TimdeLisle,21
139841,Article,gracedent,gracedent,1
139844,Article,gracedent,MarinaHyde,48
139811,Article,gracedent,MarinaOLoughlin,2
139623,Article,gracedent,stevenpoole,6
139680,Article,gracedent,RebeccaSeal,2
139832,Article,gracedent,MarinaOLoughlin,2
139809,Article,gracedent,MarinaOLoughlin,2
139801,Article,gracedent,MarinaOLoughlin,2
139747,Article,gracedent,RebeccaSeal,29
139787,Article,gracedent,RebeccaSeal,10
140169,Tweet,gracedent,allegramcevedy,3
140116,Tweet,gracedent,wesley_morris,113
140249,Tweet,gracedent,andybrassell,28
140191,Tweet,gracedent,GiniaNYT,70
140018,Tweet,gracedent,smita_mishra,16
140104,Tweet,gracedent,salihughes,50
140384,Tweet,gracedent,GiniaNYT,40
140272,Tweet,gracedent,laurenlaverne,13
139984,Tweet,gracedent,laurenlaverne,9
140245,Tweet,gracedent,melissaclark,13
140417,Tweet,gracedent,RebeccaSeal,18
139945,Tweet,gracedent,melissaclark,21
140198,Tweet,gracedent,melissaclark,41
140050,Tweet,gracedent,msrachelcooke,22
139927,Tweet,gracedent,laurenlaverne,6
138877,Article,mtomasky,mtomasky,1
138766,Article,mtomasky,mtomasky,1
138816,Article,mtomasky,mtomasky,1
138861,Article,mtomasky,mtomasky,1
138953,Article,mtomasky,DouthatNYT,3
138781,Article,mtomasky,mtomasky,1
138981,Article,mtomasky,mtomasky,1
138777,Article,mtomasky,desaisantosh,62
138881,Article,mtomasky,mtomasky,1
138786,Article,mtomasky,mtomasky,1
138964,Article,mtomasky,mtomasky,1
138768,Article,mtomasky,DouthatNYT,3
138983,Article,mtomasky,mtomasky,1
138925,Article,mtomasky,andrewrsorkin,5
138800,Article,mtomasky,mtomasky,1
139100,Tweet,mtomasky,mtomasky,1
139238,Tweet,mtomasky,dwightgarner,37
139491,Tweet,mtomasky,andrewrsorkin,21
139165,Tweet,mtomasky,tomfriedman,248
139152,Tweet,mtomasky,mtomasky,1
139295,Tweet,mtomasky,tomfriedman,130
139447,Tweet,mtomasky,dwightgarner,19
139401,Tweet,mtomasky,mtomasky,1
139568,Tweet,mtomasky,tarasbernard,24
139439,Tweet,mtomasky,mtomasky,1
139280,Tweet,mtomasky,sermoninstone,250
139289,Tweet,mtomasky,GiniaNYT,24
139115,Tweet,mtomasky,tomfriedman,147
139227,Tweet,mtomasky,mtomasky,1
139094,Tweet,mtomasky,DavidWaldstein,112
58007,Article,domphillips,thestephmerritt,6
58152,Article,domphillips,TimdeLisle,93
58118,Article,domphillips,domphillips,1
58010,Article,domphillips,andybrassell,34
58074,Article,domphillips,OLIVERBALCH,26
58139,Article,domphillips,domphillips,1
58059,Article,domphillips,OwenJones84,76
58243,Article,domphillips,marthakelner,12
58134,Article,domphillips,domphillips,1
58165,Article,domphillips,domphillips,1
58032,Article,domphillips,axrenton,52
58190,Article,domphillips,MarinaHyde,72
58077,Article,domphillips,OwenJones84,152
58195,Article,domphillips,domphillips,1
58166,Article,domphillips,JohnJCrace,28
58850,Tweet,domphillips,tomfriedman,136
58431,Tweet,domphillips,RaphaelMinder,2
58477,Tweet,domphillips,GiniaNYT,308
58792,Tweet,domphillips,ukigoni,8
58827,Tweet,domphillips,domphillips,1
58444,Tweet,domphillips,domphillips,1
58572,Tweet,domphillips,domphillips,1
58734,Tweet,domphillips,domphillips,1
58626,Tweet,domphillips,LeoHickman,12
58818,Tweet,domphillips,domphillips,1
58421,Tweet,domphillips,domphillips,1
58467,Tweet,domphillips,stevenerlanger,5
58371,Tweet,domphillips,domphillips,1
58783,Tweet,domphillips,davidleighx,10
58593,Tweet,domphillips,domphillips,1
25299,Article,carlzimmer,EllenBarryNYT,4
25282,Article,carlzimmer,EmilyAnthes,13
25226,Article,carlzimmer,EmilyAnthes,9
25244,Article,carlzimmer,apoorva_nyc,3
25283,Article,carlzimmer,dwightgarner,34
25215,Article,carlzimmer,NeilMacFarquhar,218
25296,Article,carlzimmer,pete_wells,45
25212,Article,carlzimmer,apoorva_nyc,3
25297,Article,carlzimmer,apoorva_nyc,4
25222,Article,carlzimmer,SharonLNYT,5
25242,Article,carlzimmer,SharonLNYT,24
25289,Article,carlzimmer,EllenBarryNYT,4
25200,Article,carlzimmer,apoorva_nyc,5
25254,Article,carlzimmer,apoorva_nyc,3
25218,Article,carlzimmer,apoorva_nyc,3
25391,Tweet,carlzimmer,PamBelluck,10
25347,Tweet,carlzimmer,lukeharding1968,77
25380,Tweet,carlzimmer,carlzimmer,1
25356,Tweet,carlzimmer,carlzimmer,1
25324,Tweet,carlzimmer,carlzimmer,1
25385,Tweet,carlzimmer,SherylNYT,3
25388,Tweet,carlzimmer,carlzimmer,1
25339,Tweet,carlzimmer,richardwolffedc,192
25379,Tweet,carlzimmer,carlzimmer,1
25362,Tweet,carlzimmer,carlzimmer,1
25337,Tweet,carlzimmer,nytDeniseGrady,3
25359,Tweet,carlzimmer,carlzimmer,1
25312,Tweet,carlzimmer,antontroian,69
25334,Tweet,carlzimmer,carlzimmer,1
25320,Tweet,carlzimmer,jonpareles,112
208888,Article,saumyajitbTOI,aniljdias,4
208855,Article,saumyajitbTOI,kumaraswamykTOI,33
208897,Article,saumyajitbTOI,saumyajitbTOI,1
208895,Article,saumyajitbTOI,aniljdias,6
208972,Article,saumyajitbTOI,saumyajitbTOI,1
208805,Article,saumyajitbTOI,RorySmith,2
208923,Article,saumyajitbTOI,manujaveerappa,31
208874,Article,saumyajitbTOI,aniljdias,2
208905,Article,saumyajitbTOI,saumyajitbTOI,1
208791,Article,saumyajitbTOI,toi_rohanA,2
208884,Article,saumyajitbTOI,aniljdias,2
208975,Article,saumyajitbTOI,MarcusMergulhao,28
208882,Article,saumyajitbTOI,MarcusMergulhao,24
208906,Article,saumyajitbTOI,saumyajitbTOI,1
208950,Article,saumyajitbTOI,aniljdias,2
209081,Tweet,saumyajitbTOI,Banjotkaur,158
209096,Tweet,saumyajitbTOI,petleepeter,15
209112,Tweet,saumyajitbTOI,paulkrugman,2
209059,Tweet,saumyajitbTOI,saumyajitbTOI,1
209098,Tweet,saumyajitbTOI,ManjuVTOI,12
209091,Tweet,saumyajitbTOI,Gauraw2297,97
209085,Tweet,saumyajitbTOI,domphillips,180
209109,Tweet,saumyajitbTOI,nauzerbTOI,8
209050,Tweet,saumyajitbTOI,FabrizioRomano,8
209049,Tweet,saumyajitbTOI,MattFutterman,15
209124,Tweet,saumyajitbTOI,SyedAkbarTOI,2
209073,Tweet,saumyajitbTOI,joshwiddicombe,418
209077,Tweet,saumyajitbTOI,murarishetyeTOI,420
209086,Tweet,saumyajitbTOI,priyagupta999,380
209031,Tweet,saumyajitbTOI,saumyajitbTOI,1
19825,Article,tariqpanja,tariqpanja,1
19818,Article,tariqpanja,tariqpanja,1
19802,Article,tariqpanja,tariqpanja,1
19806,Article,tariqpanja,DavidWaldstein,3
19870,Article,tariqpanja,tariqpanja,1
19894,Article,tariqpanja,RorySmith,4
19879,Article,tariqpanja,tariqpanja,1
19830,Article,tariqpanja,tariqpanja,1
19841,Article,tariqpanja,tariqpanja,1
19880,Article,tariqpanja,tariqpanja,1
19888,Article,tariqpanja,tariqpanja,1
19897,Article,tariqpanja,tariqpanja,1
19810,Article,tariqpanja,EllenBarryNYT,5
19873,Article,tariqpanja,tariqpanja,1
19855,Article,tariqpanja,EllenBarryNYT,5
19958,Tweet,tariqpanja,priyagupta999,382
19916,Tweet,tariqpanja,RorySmith,2
19934,Tweet,tariqpanja,RorySmith,14
19917,Tweet,tariqpanja,RorySmith,8
19983,Tweet,tariqpanja,parthasinha,2
19956,Tweet,tariqpanja,joshwiddicombe,45
19982,Tweet,tariqpanja,FabrizioRomano,10
19994,Tweet,tariqpanja,RorySmith,3
19946,Tweet,tariqpanja,RorySmith,2
19910,Tweet,tariqpanja,RorySmith,2
19998,Tweet,tariqpanja,andrewrsorkin,88
19900,Tweet,tariqpanja,MonaChalabi,183
19975,Tweet,tariqpanja,RorySmith,2
19907,Tweet,tariqpanja,RorySmith,2
19905,Tweet,tariqpanja,paulmasonnews,216
158788,Article,hugolowell,hugolowell,1
158766,Article,hugolowell,garyyounge,73
158907,Article,hugolowell,hugolowell,1
158737,Article,hugolowell,AndrewSparrow,2
158968,Article,hugolowell,charlie_savage,2
158974,Article,hugolowell,hugolowell,1
158775,Article,hugolowell,hugolowell,1
158727,Article,hugolowell,hugolowell,1
158875,Article,hugolowell,hugolowell,1
158947,Article,hugolowell,hugolowell,1
158812,Article,hugolowell,OLIVERBALCH,31
158796,Article,hugolowell,hugolowell,1
158780,Article,hugolowell,hugolowell,1
158949,Article,hugolowell,hugolowell,1
158884,Article,hugolowell,hugolowell,1
159171,Tweet,hugolowell,charlie_savage,40
159335,Tweet,hugolowell,anniekarni,82
159505,Tweet,hugolowell,andybrassell,484
159376,Tweet,hugolowell,sarahditum,4
159485,Tweet,hugolowell,hugolowell,1
159133,Tweet,hugolowell,rachshabi,273
159185,Tweet,hugolowell,hugolowell,1
159219,Tweet,hugolowell,NeilMacFarquhar,39
159051,Tweet,hugolowell,nytmike,185
159058,Tweet,hugolowell,hugolowell,1
159341,Tweet,hugolowell,hugolowell,1
159259,Tweet,hugolowell,LauraCummingArt,50
159059,Tweet,hugolowell,ESCochrane,112
159412,Tweet,hugolowell,jbouie,2
159200,Tweet,hugolowell,sarahditum,53
206882,Article,rishachitlangia,journo_vibha,3
206818,Article,rishachitlangia,rishachitlangia,1
206747,Article,rishachitlangia,rishachitlangia,1
206837,Article,rishachitlangia,rishachitlangia,1
206678,Article,rishachitlangia,AtulMathur_,2
206798,Article,rishachitlangia,AtulMathur_,2
206854,Article,rishachitlangia,rajendrasTOI,5
206689,Article,rishachitlangia,rishachitlangia,1
206762,Article,rishachitlangia,rajendrasTOI,16
206866,Article,rishachitlangia,rajendrasTOI,5
206680,Article,rishachitlangia,AtulMathur_,2
206795,Article,rishachitlangia,journo_vibha,3
206774,Article,rishachitlangia,AtulMathur_,4
206912,Article,rishachitlangia,rajendrasTOI,29
206846,Article,rishachitlangia,AtulMathur_,2
206958,Tweet,rishachitlangia,journo_vibha,3
206967,Tweet,rishachitlangia,dipakdashTOI,9
206956,Tweet,rishachitlangia,journo_vibha,2
206929,Tweet,rishachitlangia,rashmidTOI,11
206957,Tweet,rishachitlangia,somitsenTOI,6
206949,Tweet,rishachitlangia,dipakdashTOI,3
206961,Tweet,rishachitlangia,polblonde,345
206930,Tweet,rishachitlangia,KapildaveTOI,2
206928,Tweet,rishachitlangia,KapildaveTOI,2
206966,Tweet,rishachitlangia,polblonde,366
206922,Tweet,rishachitlangia,rishachitlangia,1
206941,Tweet,rishachitlangia,polblonde,364
206938,Tweet,rishachitlangia,KapildaveTOI,2
206948,Tweet,rishachitlangia,Gauraw2297,10
206924,Tweet,rishachitlangia,KapildaveTOI,2
185232,Article,HemantaTOI,HemantaTOI,1
185140,Article,HemantaTOI,SindhukTOI,3
185151,Article,HemantaTOI,HemantaTOI,1
185190,Article,HemantaTOI,rjadHinduBL,7
185186,Article,HemantaTOI,AshokPradhanTOI,3
185072,Article,HemantaTOI,HemantaTOI,1
185204,Article,HemantaTOI,HemantaTOI,1
185134,Article,HemantaTOI,HemantaTOI,1
185219,Article,HemantaTOI,HemantaTOI,1
185154,Article,HemantaTOI,HemantaTOI,1
185142,Article,HemantaTOI,SidharthB25,19
185223,Article,HemantaTOI,sandhyanairTOI,17
185255,Article,HemantaTOI,HemantaTOI,1
185119,Article,HemantaTOI,rajendrasTOI,5
185229,Article,HemantaTOI,rajendrasTOI,4
185382,Tweet,HemantaTOI,HemantaTOI,1
185340,Tweet,HemantaTOI,HemantaTOI,1
185337,Tweet,HemantaTOI,journo_vibha,6
185295,Tweet,HemantaTOI,Gauraw2297,20
185311,Tweet,HemantaTOI,Gauraw2297,21
185389,Tweet,HemantaTOI,AshokPradhanTOI,9
185338,Tweet,HemantaTOI,utejonmayamTOI,19
185372,Tweet,HemantaTOI,akhileshsTOI,13
185300,Tweet,HemantaTOI,somitsenTOI,28
185359,Tweet,HemantaTOI,Gauraw2297,5
185318,Tweet,HemantaTOI,rajendrasTOI,4
185379,Tweet,HemantaTOI,priyagupta999,4
185354,Tweet,HemantaTOI,HemantaTOI,1
185378,Tweet,HemantaTOI,HemantaTOI,1
185374,Tweet,HemantaTOI,somitsenTOI,3
9234,Article,jasondhorowitz,NeilMacFarquhar,13
9213,Article,jasondhorowitz,NeilMacFarquhar,6
9251,Article,jasondhorowitz,jasondhorowitz,1
9236,Article,jasondhorowitz,NeilMacFarquhar,19
9233,Article,jasondhorowitz,hillhulse,8
9253,Article,jasondhorowitz,dwightgarner,55
9288,Article,jasondhorowitz,jasondhorowitz,1
9226,Article,jasondhorowitz,michaelcrowley,27
9278,Article,jasondhorowitz,jasondhorowitz,1
9271,Article,jasondhorowitz,apoorva_nyc,40
9261,Article,jasondhorowitz,dwightgarner,27
9204,Article,jasondhorowitz,ianrausten,3
9221,Article,jasondhorowitz,EmmaBubola,4
9294,Article,jasondhorowitz,EVincentelli,45
9283,Article,jasondhorowitz,helenecooper,4
9324,Tweet,jasondhorowitz,jasondhorowitz,1
9363,Tweet,jasondhorowitz,jasondhorowitz,1
9351,Tweet,jasondhorowitz,vwang3,3
9357,Tweet,jasondhorowitz,jasondhorowitz,1
9355,Tweet,jasondhorowitz,mlevenson,3
9332,Tweet,jasondhorowitz,jasondhorowitz,1
9307,Tweet,jasondhorowitz,ElianPeltier,14
9310,Tweet,jasondhorowitz,aleksk,47
9392,Tweet,jasondhorowitz,richardwolffedc,48
9302,Tweet,jasondhorowitz,PamBelluck,11
9380,Tweet,jasondhorowitz,joncaramanica,100
9362,Tweet,jasondhorowitz,carlzimmer,10
9311,Tweet,jasondhorowitz,mlevenson,21
9382,Tweet,jasondhorowitz,PamBelluck,4
9314,Tweet,jasondhorowitz,DerekMalcolm123,82
197164,Article,neelam_raaj,EVincentelli,5
197285,Article,neelam_raaj,DekaJayanta,14
197216,Article,neelam_raaj,andrewrsorkin,89
197209,Article,neelam_raaj,parthasinha,3
197305,Article,neelam_raaj,neelam_raaj,1
197124,Article,neelam_raaj,NewtonSTOI,6
197090,Article,neelam_raaj,DekaJayanta,5
197108,Article,neelam_raaj,Freedland,86
197104,Article,neelam_raaj,NewtonSTOI,2
197241,Article,neelam_raaj,EVincentelli,16
197272,Article,neelam_raaj,SyedAkbarTOI,3
197155,Article,neelam_raaj,NewtonSTOI,2
197167,Article,neelam_raaj,NeilMacFarquhar,35
197158,Article,neelam_raaj,ThevarSteffy,2
197176,Article,neelam_raaj,AtulMathur_,2
197347,Tweet,neelam_raaj,tejalrao,19
197331,Tweet,neelam_raaj,vanbadham,80
197348,Tweet,neelam_raaj,MohitaTOI,7
197322,Tweet,neelam_raaj,sio_burke,6
197328,Tweet,neelam_raaj,msrachelcooke,46
197374,Tweet,neelam_raaj,stevenerlanger,50
197329,Tweet,neelam_raaj,jennydeluxe,24
197340,Tweet,neelam_raaj,priyagupta999,21
197336,Tweet,neelam_raaj,sio_burke,9
197364,Tweet,neelam_raaj,vanbadham,79
197351,Tweet,neelam_raaj,msmirandasawyer,79
197352,Tweet,neelam_raaj,andybrassell,51
197353,Tweet,neelam_raaj,PamBelluck,82
197358,Tweet,neelam_raaj,sarahlyall,67
197341,Tweet,neelam_raaj,priyagupta999,12
206562,Article,richapintoi,richapintoi,1
206551,Article,richapintoi,ThevarSteffy,3
206532,Article,richapintoi,richapintoi,1
206476,Article,richapintoi,richapintoi,1
206543,Article,richapintoi,richapintoi,1
206505,Article,richapintoi,richapintoi,1
206471,Article,richapintoi,DSandip_TOI,6
206550,Article,richapintoi,richapintoi,1
206541,Article,richapintoi,richapintoi,1
206466,Article,richapintoi,richapintoi,1
206467,Article,richapintoi,richapintoi,1
206522,Article,richapintoi,richapintoi,1
206498,Article,richapintoi,richapintoi,1
206538,Article,richapintoi,richapintoi,1
206528,Article,richapintoi,rajendrasTOI,4
206575,Tweet,richapintoi,ollywainwright,326
206607,Tweet,richapintoi,SribaalaVTOI,14
206658,Tweet,richapintoi,ThevarSteffy,4
206602,Tweet,richapintoi,priyagupta999,228
206640,Tweet,richapintoi,richapintoi,1
206633,Tweet,richapintoi,murarishetyeTOI,8
206614,Tweet,richapintoi,somitsenTOI,2
206663,Tweet,richapintoi,jayamenon64,28
206592,Tweet,richapintoi,toi_dhananjayM,2
206584,Tweet,richapintoi,PNaveenTOI,37
206609,Tweet,richapintoi,rajendrasTOI,39
206612,Tweet,richapintoi,27saurabhsinha,13
206613,Tweet,richapintoi,pradeeptTOI,20
206671,Tweet,richapintoi,richapintoi,1
206583,Tweet,richapintoi,somitsenTOI,3
174243,Article,ArunDev1,MoharBasu,37
174292,Article,ArunDev1,NewtonSTOI,5
174272,Article,ArunDev1,ArunDev1,1
174208,Article,ArunDev1,SidharthB25,2
174229,Article,ArunDev1,ManjuVTOI,5
174223,Article,ArunDev1,MoharBasu,23
174322,Article,ArunDev1,ArunDev1,1
174306,Article,ArunDev1,ShrinivasaMTOI,17
174274,Article,ArunDev1,dipakdashTOI,45
174230,Article,ArunDev1,SidharthB25,2
174366,Article,ArunDev1,ArunDev1,1
174300,Article,ArunDev1,ArunDev1,1
174330,Article,ArunDev1,ArunDev1,1
174248,Article,ArunDev1,SumitraDebRoy,4
174303,Article,ArunDev1,ArunDev1,1
174400,Tweet,ArunDev1,vivek9301,54
174415,Tweet,ArunDev1,dwightgarner,44
174392,Tweet,ArunDev1,melissaclark,67
174396,Tweet,ArunDev1,NewtonSTOI,10
174461,Tweet,ArunDev1,Arun_Ram,160
174441,Tweet,ArunDev1,psangeetha2112,60
174381,Tweet,ArunDev1,pete_wells,38
174445,Tweet,ArunDev1,BellaKwai,271
174464,Tweet,ArunDev1,SidharthB25,3
174462,Tweet,ArunDev1,wesley_morris,117
174375,Tweet,ArunDev1,pete_wells,20
174454,Tweet,ArunDev1,DouthatNYT,22
174457,Tweet,ArunDev1,aleksk,283
174378,Tweet,ArunDev1,NewtonSTOI,26
174393,Tweet,ArunDev1,sarahlyall,26
187260,Article,itsshibuthomas,toi_dhananjayM,4
187070,Article,itsshibuthomas,rebeccaSTOI,5
187151,Article,itsshibuthomas,amitanandTOI,5
187198,Article,itsshibuthomas,toi_dhananjayM,5
187194,Article,itsshibuthomas,sandhyanairTOI,8
187218,Article,itsshibuthomas,toi_dhananjayM,3
187149,Article,itsshibuthomas,amitanandTOI,4
187173,Article,itsshibuthomas,toi_dhananjayM,23
187062,Article,itsshibuthomas,toi_dhananjayM,11
187249,Article,itsshibuthomas,toi_dhananjayM,4
187219,Article,itsshibuthomas,toi_dhananjayM,12
187042,Article,itsshibuthomas,rebeccaSTOI,4
187199,Article,itsshibuthomas,toi_dhananjayM,3
187056,Article,itsshibuthomas,toi_dhananjayM,6
187183,Article,itsshibuthomas,toi_dhananjayM,5
187309,Tweet,itsshibuthomas,shattenstone,86
187342,Tweet,itsshibuthomas,priyagupta999,234
187293,Tweet,itsshibuthomas,andybrassell,222
187312,Tweet,itsshibuthomas,DekaJayanta,17
187353,Tweet,itsshibuthomas,LauraCummingArt,111
187364,Tweet,itsshibuthomas,priyagupta999,66
187331,Tweet,itsshibuthomas,gailcollins,271
187291,Tweet,itsshibuthomas,vanbadham,275
187306,Tweet,itsshibuthomas,desaisantosh,107
187334,Tweet,itsshibuthomas,PeterTatchell,118
187348,Tweet,itsshibuthomas,PamBelluck,65
187302,Tweet,itsshibuthomas,Mahafreed_Irani,214
187330,Tweet,itsshibuthomas,polblonde,156
187318,Tweet,itsshibuthomas,carlzimmer,141
187347,Tweet,itsshibuthomas,alanconnor,67
212652,Article,smita_mishra,melissaclark,4
212672,Article,smita_mishra,smita_mishra,1
212645,Article,smita_mishra,smita_mishra,1
212742,Article,smita_mishra,OLIVERBALCH,67
212722,Article,smita_mishra,meeravohraTOI,7
212669,Article,smita_mishra,melissaclark,3
212726,Article,smita_mishra,NewtonSTOI,32
212746,Article,smita_mishra,smita_mishra,1
212762,Article,smita_mishra,smita_mishra,1
212735,Article,smita_mishra,smita_mishra,1
212702,Article,smita_mishra,smita_mishra,1
212667,Article,smita_mishra,pete_wells,11
212649,Article,smita_mishra,OLIVERBALCH,4
212745,Article,smita_mishra,smita_mishra,1
212767,Article,smita_mishra,melissaclark,2
212798,Tweet,smita_mishra,smita_mishra,1
212856,Tweet,smita_mishra,allegramcevedy,2
212829,Tweet,smita_mishra,AmritadTOI,19
212853,Tweet,smita_mishra,AtulMathur_,184
212780,Tweet,smita_mishra,Banjotkaur,84
212825,Tweet,smita_mishra,priyagupta999,5
212840,Tweet,smita_mishra,meeravohraTOI,6
212814,Tweet,smita_mishra,tarasbernard,77
212833,Tweet,smita_mishra,polblonde,180
212836,Tweet,smita_mishra,smita_mishra,1
212830,Tweet,smita_mishra,RowennaDavis,26
212775,Tweet,smita_mishra,advityabahlTOI,161
212771,Tweet,smita_mishra,IpsitaTOI,193
212792,Tweet,smita_mishra,smita_mishra,1
212778,Tweet,smita_mishra,DekaJayanta,2
215875,Article,SyedAkbarTOI,AmritadTOI,5
215914,Article,SyedAkbarTOI,AmritadTOI,23
215868,Article,SyedAkbarTOI,AmritadTOI,2
215719,Article,SyedAkbarTOI,AmritadTOI,3
215733,Article,SyedAkbarTOI,SyedAkbarTOI,1
215877,Article,SyedAkbarTOI,AmritadTOI,10
215713,Article,SyedAkbarTOI,rebeccaSTOI,2
215828,Article,SyedAkbarTOI,AmritadTOI,9
215863,Article,SyedAkbarTOI,AmritadTOI,2
215917,Article,SyedAkbarTOI,SyedAkbarTOI,1
215787,Article,SyedAkbarTOI,rajendrasTOI,9
215880,Article,SyedAkbarTOI,SyedAkbarTOI,1
215756,Article,SyedAkbarTOI,SyedAkbarTOI,1
215808,Article,SyedAkbarTOI,SyedAkbarTOI,1
215710,Article,SyedAkbarTOI,aditya_bh16,32
215931,Tweet,SyedAkbarTOI,msrachelcooke,34
215956,Tweet,SyedAkbarTOI,priyagupta999,19
215996,Tweet,SyedAkbarTOI,sarahlyall,35
215998,Tweet,SyedAkbarTOI,SyedAkbarTOI,1
215991,Tweet,SyedAkbarTOI,nauzerbTOI,4
215975,Tweet,SyedAkbarTOI,SyedAkbarTOI,1
215919,Tweet,SyedAkbarTOI,andybrassell,103
215954,Tweet,SyedAkbarTOI,priyagupta999,48
215928,Tweet,SyedAkbarTOI,msrachelcooke,98
215999,Tweet,SyedAkbarTOI,jbouie,120
216004,Tweet,SyedAkbarTOI,SyedAkbarTOI,1
216007,Tweet,SyedAkbarTOI,priyagupta999,34
215962,Tweet,SyedAkbarTOI,psangeetha2112,94
215993,Tweet,SyedAkbarTOI,LauraCummingArt,107
216009,Tweet,SyedAkbarTOI,PNaveenTOI,44
157153,Article,timlottwriter,timlottwriter,1
157183,Article,timlottwriter,timlottwriter,1
157149,Article,timlottwriter,timlottwriter,1
157267,Article,timlottwriter,timlottwriter,1
157198,Article,timlottwriter,timlottwriter,1
157166,Article,timlottwriter,timlottwriter,1
157201,Article,timlottwriter,timlottwriter,1
157328,Article,timlottwriter,RebeccaSeal,47
157382,Article,timlottwriter,thestephmerritt,6
157361,Article,timlottwriter,thestephmerritt,2
157315,Article,timlottwriter,timlottwriter,1
157268,Article,timlottwriter,timlottwriter,1
157138,Article,timlottwriter,mariellaf1,3
157323,Article,timlottwriter,timlottwriter,1
157180,Article,timlottwriter,timlottwriter,1
157650,Tweet,timlottwriter,PerriKlass,2
157936,Tweet,timlottwriter,NeilMacFarquhar,231
157833,Tweet,timlottwriter,GiniaNYT,65
157518,Tweet,timlottwriter,TanyaGold1,72
157919,Tweet,timlottwriter,andrewrsorkin,167
157916,Tweet,timlottwriter,GiniaNYT,141
157428,Tweet,timlottwriter,RebeccaSeal,16
157909,Tweet,timlottwriter,apoorva_nyc,201
157558,Tweet,timlottwriter,DouthatNYT,99
157602,Tweet,timlottwriter,parul_sehgal,62
157710,Tweet,timlottwriter,GiniaNYT,155
157465,Tweet,timlottwriter,sarahlyall,15
157823,Tweet,timlottwriter,polblonde,123
157633,Tweet,timlottwriter,MoharBasu,86
157774,Tweet,timlottwriter,pete_wells,144
85731,Article,ewenmacaskill,OwenJones84,98
85732,Article,ewenmacaskill,OwenJones84,106
85670,Article,ewenmacaskill,JohnJCrace,11
85789,Article,ewenmacaskill,nicholaswatt,2
85628,Article,ewenmacaskill,TimdeLisle,69
85727,Article,ewenmacaskill,ewenmacaskill,1
85671,Article,ewenmacaskill,ewenmacaskill,1
85798,Article,ewenmacaskill,garyyounge,19
85625,Article,ewenmacaskill,JohnJCrace,38
85665,Article,ewenmacaskill,ewenmacaskill,1
85707,Article,ewenmacaskill,ewenmacaskill,1
85663,Article,ewenmacaskill,ewenmacaskill,1
85782,Article,ewenmacaskill,jonronson,77
85807,Article,ewenmacaskill,ewenmacaskill,1
85718,Article,ewenmacaskill,ewenmacaskill,1
86333,Tweet,ewenmacaskill,helenecooper,31
86091,Tweet,ewenmacaskill,davidleighx,7
86148,Tweet,ewenmacaskill,annanorthtweets,74
85908,Tweet,ewenmacaskill,charlie_savage,111
86266,Tweet,ewenmacaskill,andrewrsorkin,16
86121,Tweet,ewenmacaskill,stevenerlanger,23
86278,Tweet,ewenmacaskill,GiniaNYT,104
86053,Tweet,ewenmacaskill,davidleighx,29
86174,Tweet,ewenmacaskill,ewenmacaskill,1
85990,Tweet,ewenmacaskill,davidleighx,5
85929,Tweet,ewenmacaskill,GiniaNYT,151
86007,Tweet,ewenmacaskill,SangerNYT,86
86363,Tweet,ewenmacaskill,stevenerlanger,17
86376,Tweet,ewenmacaskill,NeilMacFarquhar,71
86384,Tweet,ewenmacaskill,naomi2009,14
84812,Article,ameliagentleman,nicholaswatt,8
84957,Article,ameliagentleman,shattenstone,80
84995,Article,ameliagentleman,afuahirsch,15
84987,Article,ameliagentleman,ameliagentleman,1
84834,Article,ameliagentleman,AndrewSparrow,14
84903,Article,ameliagentleman,shattenstone,91
84786,Article,ameliagentleman,nicholaswatt,15
84908,Article,ameliagentleman,OwenJones84,10
84875,Article,ameliagentleman,declanwalsh,20
84993,Article,ameliagentleman,afuahirsch,6
84752,Article,ameliagentleman,paulmasonnews,9
84792,Article,ameliagentleman,andybrassell,28
84886,Article,ameliagentleman,garyyounge,41
84971,Article,ameliagentleman,nicholaswatt,16
84782,Article,ameliagentleman,garyyounge,48
85586,Tweet,ameliagentleman,elizabday,88
85047,Tweet,ameliagentleman,jackschofield,100
85144,Tweet,ameliagentleman,jennydeluxe,150
85034,Tweet,ameliagentleman,oliverburkeman,7
85117,Tweet,ameliagentleman,msrachelcooke,148
85091,Tweet,ameliagentleman,declanwalsh,134
85008,Tweet,ameliagentleman,msrachelcooke,168
85367,Tweet,ameliagentleman,lenoretaylor,3
85389,Tweet,ameliagentleman,OfficeGSBrown,9
85018,Tweet,ameliagentleman,nytDeniseGrady,31
85183,Tweet,ameliagentleman,BellaKwai,25
85119,Tweet,ameliagentleman,jennydeluxe,241
85413,Tweet,ameliagentleman,ameliagentleman,1
85600,Tweet,ameliagentleman,jennydeluxe,265
85369,Tweet,ameliagentleman,msrachelcooke,116
206253,Article,rhymetraveller,anandbodhTOI,2
206399,Article,rhymetraveller,TanyaGold1,280
206367,Article,rhymetraveller,anandbodhTOI,6
206227,Article,rhymetraveller,anandbodhTOI,5
206398,Article,rhymetraveller,anandbodhTOI,4
206372,Article,rhymetraveller,RowanMoore,111
206174,Article,rhymetraveller,anandbodhTOI,2
206343,Article,rhymetraveller,anandbodhTOI,14
206302,Article,rhymetraveller,anandbodhTOI,4
206319,Article,rhymetraveller,anandbodhTOI,5
206303,Article,rhymetraveller,anandbodhTOI,8
206205,Article,rhymetraveller,anandbodhTOI,6
206298,Article,rhymetraveller,BawaNaaved,63
206273,Article,rhymetraveller,anandbodhTOI,22
206217,Article,rhymetraveller,afuahirsch,53
206461,Tweet,rhymetraveller,advityabahlTOI,2
206463,Tweet,rhymetraveller,rhymetraveller,1
206439,Tweet,rhymetraveller,rhymetraveller,1
206408,Tweet,rhymetraveller,rashmidTOI,4
206455,Tweet,rhymetraveller,rhymetraveller,1
206437,Tweet,rhymetraveller,rhymetraveller,1
206429,Tweet,rhymetraveller,rhymetraveller,1
206424,Tweet,rhymetraveller,rhymetraveller,1
206446,Tweet,rhymetraveller,rhymetraveller,1
206454,Tweet,rhymetraveller,mlevenson,158
206430,Tweet,rhymetraveller,rhymetraveller,1
206427,Tweet,rhymetraveller,rhymetraveller,1
206415,Tweet,rhymetraveller,rhymetraveller,1
206452,Tweet,rhymetraveller,rashmidTOI,12
206447,Tweet,rhymetraveller,rhymetraveller,1
196523,Article,naomi2009,rebeccaSTOI,3
196424,Article,naomi2009,yusrahusain,2
196536,Article,naomi2009,rebeccaSTOI,3
196495,Article,naomi2009,naomi2009,1
196409,Article,naomi2009,naomi2009,1
196585,Article,naomi2009,naomi2009,1
196566,Article,naomi2009,naomi2009,1
196428,Article,naomi2009,naomi2009,1
196516,Article,naomi2009,OLIVERBALCH,221
196485,Article,naomi2009,naomi2009,1
196418,Article,naomi2009,naomi2009,1
196478,Article,naomi2009,toi_dhananjayM,3
196504,Article,naomi2009,aniljdias,3
196451,Article,naomi2009,naomi2009,1
196519,Article,naomi2009,aniljdias,3
196668,Tweet,naomi2009,gettleman,237
196629,Tweet,naomi2009,andrewrsorkin,36
196640,Tweet,naomi2009,mlevenson,328
196707,Tweet,naomi2009,andrewrsorkin,9
196654,Tweet,naomi2009,paulmasonnews,154
196642,Tweet,naomi2009,Lattif,227
196659,Tweet,naomi2009,ericschmittnyt,254
196645,Tweet,naomi2009,gettleman,309
196702,Tweet,naomi2009,gettleman,199
196713,Tweet,naomi2009,jayamenon64,155
196647,Tweet,naomi2009,gettleman,117
196716,Tweet,naomi2009,Lattif,248
196655,Tweet,naomi2009,Lattif,301
196694,Tweet,naomi2009,mlevenson,276
196699,Tweet,naomi2009,afuahirsch,316
12873,Article,marcatracy,noamscheiber,6
12886,Article,marcatracy,andrewrsorkin,15
12808,Article,marcatracy,MichaelPaulson,36
12841,Article,marcatracy,el_belson,7
12876,Article,marcatracy,DavidWaldstein,2
12882,Article,marcatracy,DavidWaldstein,7
12837,Article,marcatracy,noamscheiber,58
12845,Article,marcatracy,noamscheiber,4
12843,Article,marcatracy,cdcaron,3
12866,Article,marcatracy,DavidWaldstein,5
12803,Article,marcatracy,DavidWaldstein,4
12813,Article,marcatracy,AnaSwanson,75
12827,Article,marcatracy,DavidWaldstein,4
12860,Article,marcatracy,el_belson,5
12890,Article,marcatracy,charlie_savage,48
12932,Tweet,marcatracy,ceciliakang,91
12926,Tweet,marcatracy,paulmasonnews,87
12971,Tweet,marcatracy,el_belson,3
12960,Tweet,marcatracy,gailcollins,56
12917,Tweet,marcatracy,alexanderburns,109
12900,Tweet,marcatracy,wesley_morris,20
12913,Tweet,marcatracy,jbouie,76
12919,Tweet,marcatracy,PerriKlass,100
12943,Tweet,marcatracy,garyyounge,168
12988,Tweet,marcatracy,rpogrebin,113
12958,Tweet,marcatracy,apoorva_nyc,32
12964,Tweet,marcatracy,leninology,88
12976,Tweet,marcatracy,fmanjoo,12
12975,Tweet,marcatracy,davidleighx,72
12905,Tweet,marcatracy,jwpetersNYT,38
22468,Article,jonpareles,jonpareles,1
22454,Article,jonpareles,jonpareles,1
22428,Article,jonpareles,EVincentelli,114
22452,Article,jonpareles,dwightgarner,92
22416,Article,jonpareles,jonpareles,1
22460,Article,jonpareles,jonpareles,1
22497,Article,jonpareles,jonpareles,1
22438,Article,jonpareles,jonpareles,1
22455,Article,jonpareles,EVincentelli,67
22495,Article,jonpareles,jonpareles,1
22457,Article,jonpareles,benkenigsberg,58
22448,Article,jonpareles,sisario,120
22478,Article,jonpareles,jonpareles,1
22418,Article,jonpareles,dwightgarner,38
22422,Article,jonpareles,samrob12,104
22544,Tweet,jonpareles,richardwolffedc,9
22577,Tweet,jonpareles,jonpareles,1
22585,Tweet,jonpareles,sermoninstone,16
22578,Tweet,jonpareles,Mahafreed_Irani,17
22515,Tweet,jonpareles,PamBelluck,111
22564,Tweet,jonpareles,joncaramanica,24
22589,Tweet,jonpareles,jennydeluxe,9
22580,Tweet,jonpareles,MonaChalabi,184
22529,Tweet,jonpareles,kenvogel,120
22569,Tweet,jonpareles,jonpareles,1
22543,Tweet,jonpareles,Mahafreed_Irani,42
22537,Tweet,jonpareles,alanconnor,9
22550,Tweet,jonpareles,paulmasonnews,172
22586,Tweet,jonpareles,jonpareles,1
22522,Tweet,jonpareles,Mahafreed_Irani,17
108714,Article,seaningle,marthakelner,2
108835,Article,seaningle,JohnJCrace,62
108844,Article,seaningle,seaningle,1
108640,Article,seaningle,seaningle,1
108778,Article,seaningle,marthakelner,2
108834,Article,seaningle,OwenJones84,98
108703,Article,seaningle,seaningle,1
108747,Article,seaningle,tariqpanja,2
108625,Article,seaningle,seaningle,1
108762,Article,seaningle,seaningle,1
108861,Article,seaningle,axrenton,28
108629,Article,seaningle,marthakelner,2
108737,Article,seaningle,marthakelner,2
108641,Article,seaningle,seaningle,1
108783,Article,seaningle,toi_shailendraA,3
108929,Tweet,seaningle,davidleighx,397
109270,Tweet,seaningle,joshwiddicombe,33
109167,Tweet,seaningle,andybrassell,90
108975,Tweet,seaningle,dwightgarner,27
109103,Tweet,seaningle,msrachelcooke,21
109093,Tweet,seaningle,msrachelcooke,94
109205,Tweet,seaningle,msrachelcooke,107
109269,Tweet,seaningle,joshwiddicombe,268
109332,Tweet,seaningle,MattFutterman,162
109083,Tweet,seaningle,saumyajitbTOI,10
109174,Tweet,seaningle,saumyajitbTOI,9
109163,Tweet,seaningle,JohnJCrace,18
109281,Tweet,seaningle,tariqpanja,4
109422,Tweet,seaningle,jennydeluxe,50
109156,Tweet,seaningle,jonronson,81
74210,Article,DerekMalcolm123,DerekMalcolm123,1
74157,Article,DerekMalcolm123,benkenigsberg,2
74049,Article,DerekMalcolm123,LauraCummingArt,91
74138,Article,DerekMalcolm123,EVincentelli,2
74240,Article,DerekMalcolm123,EVincentelli,2
74239,Article,DerekMalcolm123,EVincentelli,12
73999,Article,DerekMalcolm123,billicritic,4
74163,Article,DerekMalcolm123,timlottwriter,14
74161,Article,DerekMalcolm123,DerekMalcolm123,1
74125,Article,DerekMalcolm123,billicritic,4
74103,Article,DerekMalcolm123,maevesther,37
74192,Article,DerekMalcolm123,DerekMalcolm123,1
74137,Article,DerekMalcolm123,DerekMalcolm123,1
74076,Article,DerekMalcolm123,DerekMalcolm123,1
74078,Article,DerekMalcolm123,DerekMalcolm123,1
74430,Tweet,DerekMalcolm123,benkenigsberg,5
74435,Tweet,DerekMalcolm123,DerekMalcolm123,1
74566,Tweet,DerekMalcolm123,benkenigsberg,2
74373,Tweet,DerekMalcolm123,msrachelcooke,90
74472,Tweet,DerekMalcolm123,DerekMalcolm123,1
74286,Tweet,DerekMalcolm123,sarahlyall,6
74354,Tweet,DerekMalcolm123,peterbradshaw1,292
74426,Tweet,DerekMalcolm123,salihughes,87
74532,Tweet,DerekMalcolm123,benkenigsberg,3
74429,Tweet,DerekMalcolm123,timlottwriter,156
74560,Tweet,DerekMalcolm123,DerekMalcolm123,1
74371,Tweet,DerekMalcolm123,SearleAdrian,72
74273,Tweet,DerekMalcolm123,DerekMalcolm123,1
74340,Tweet,DerekMalcolm123,DerekMalcolm123,1
74346,Tweet,DerekMalcolm123,dwightgarner,6
128505,Article,RBReich,RBReich,1
128584,Article,RBReich,paulmasonnews,5
128508,Article,RBReich,RBReich,1
128660,Article,RBReich,michelleinbklyn,7
128639,Article,RBReich,paulmasonnews,40
128657,Article,RBReich,RBReich,1
128674,Article,RBReich,RBReich,1
128570,Article,RBReich,williamnhutton,13
128670,Article,RBReich,archiebland,19
128564,Article,RBReich,RBReich,1
128510,Article,RBReich,RBReich,1
128558,Article,RBReich,RBReich,1
128554,Article,RBReich,RBReich,1
128561,Article,RBReich,RBReich,1
128719,Article,RBReich,RBReich,1
129193,Tweet,RBReich,SangerNYT,188
128861,Tweet,RBReich,davidleighx,70
128758,Tweet,RBReich,andrewrsorkin,6
129137,Tweet,RBReich,andrewrsorkin,7
128887,Tweet,RBReich,andrewrsorkin,9
129039,Tweet,RBReich,andrewrsorkin,3
129302,Tweet,RBReich,reidepstein,351
129110,Tweet,RBReich,MonaChalabi,309
129144,Tweet,RBReich,andrewrsorkin,11
128897,Tweet,RBReich,paulkrugman,3
128970,Tweet,RBReich,paulmasonnews,102
129090,Tweet,RBReich,gailcollins,180
129135,Tweet,RBReich,gailcollins,167
129277,Tweet,RBReich,paulkrugman,67
129280,Tweet,RBReich,bencasselman,12
181647,Article,divyapal2013,ChaitanyadTOI,22
181634,Article,divyapal2013,DekaJayanta,4
181790,Article,divyapal2013,divyapal2013,1
181796,Article,divyapal2013,aniljdias,36
181812,Article,divyapal2013,divyapal2013,1
181813,Article,divyapal2013,toi_shailendraA,9
181643,Article,divyapal2013,aniljdias,6
181734,Article,divyapal2013,divyapal2013,1
181625,Article,divyapal2013,andybrassell,97
181630,Article,divyapal2013,saumyajitbTOI,4
181853,Article,divyapal2013,aniljdias,85
181797,Article,divyapal2013,meeravohraTOI,5
181755,Article,divyapal2013,DekaJayanta,20
181638,Article,divyapal2013,BawaNaaved,6
181750,Article,divyapal2013,meeravohraTOI,5
181951,Tweet,divyapal2013,priyagupta999,8
181876,Tweet,divyapal2013,sarahditum,92
181904,Tweet,divyapal2013,jonronson,138
181967,Tweet,divyapal2013,priyagupta999,10
181902,Tweet,divyapal2013,sarahlyall,14
181932,Tweet,divyapal2013,priyagupta999,36
181953,Tweet,divyapal2013,afuahirsch,50
181952,Tweet,divyapal2013,priyagupta999,21
181962,Tweet,divyapal2013,priyagupta999,13
181961,Tweet,divyapal2013,priyagupta999,6
181938,Tweet,divyapal2013,jennydeluxe,50
181926,Tweet,divyapal2013,OwenJones84,110
181935,Tweet,divyapal2013,hadleyfreeman,43
181924,Tweet,divyapal2013,msrachelcooke,58
181905,Tweet,divyapal2013,sarahlyall,169
202346,Article,pradeeptTOI,vijayVsinghTOI,10
202336,Article,pradeeptTOI,toi_dhananjayM,6
202294,Article,pradeeptTOI,dipakdashTOI,17
202310,Article,pradeeptTOI,vijayVsinghTOI,6
202300,Article,pradeeptTOI,vijayVsinghTOI,4
202511,Article,pradeeptTOI,rajendrasTOI,12
202355,Article,pradeeptTOI,toi_dhananjayM,12
202478,Article,pradeeptTOI,vijayVsinghTOI,6
202484,Article,pradeeptTOI,toi_dhananjayM,7
202488,Article,pradeeptTOI,vijayVsinghTOI,7
202291,Article,pradeeptTOI,AmritadTOI,17
202288,Article,pradeeptTOI,vijayVsinghTOI,4
202367,Article,pradeeptTOI,rebeccaSTOI,10
202293,Article,pradeeptTOI,sushmi_dey,13
202459,Article,pradeeptTOI,toi_dhananjayM,20
202548,Tweet,pradeeptTOI,pradeepjourno,98
202585,Tweet,pradeeptTOI,pradeeptTOI,1
202587,Tweet,pradeeptTOI,gettleman,83
202574,Tweet,pradeeptTOI,vwang3,4
202625,Tweet,pradeeptTOI,paulmasonnews,28
202527,Tweet,pradeeptTOI,pradeeptTOI,1
202580,Tweet,pradeeptTOI,niyatiparikhTOI,7
202531,Tweet,pradeeptTOI,pradeeptTOI,1
202608,Tweet,pradeeptTOI,Gauraw2297,30
202571,Tweet,pradeeptTOI,vijayVsinghTOI,4
202594,Tweet,pradeeptTOI,BhanupratapsTOI,12
202526,Tweet,pradeeptTOI,pradeeptTOI,1
202583,Tweet,pradeeptTOI,pradeeptTOI,1
202623,Tweet,pradeeptTOI,divyadubey_,2
202591,Tweet,pradeeptTOI,pradeeptTOI,1
83082,Article,DawnHFoster,DawnHFoster,1
83261,Article,DawnHFoster,tomdyckhoff,5
83064,Article,DawnHFoster,emmabrockes,2
83228,Article,DawnHFoster,NilsPratley,60
83247,Article,DawnHFoster,tomdyckhoff,7
83206,Article,DawnHFoster,DawnHFoster,1
83144,Article,DawnHFoster,garyyounge,30
83236,Article,DawnHFoster,NilsPratley,264
83193,Article,DawnHFoster,afuahirsch,59
83168,Article,DawnHFoster,DawnHFoster,1
83229,Article,DawnHFoster,tomdyckhoff,5
83263,Article,DawnHFoster,garyyounge,65
83287,Article,DawnHFoster,DawnHFoster,1
83067,Article,DawnHFoster,DawnHFoster,1
83171,Article,DawnHFoster,DawnHFoster,1
83411,Tweet,DawnHFoster,msmirandasawyer,10
83749,Tweet,DawnHFoster,dwightgarner,250
83342,Tweet,DawnHFoster,richardwolffedc,15
83684,Tweet,DawnHFoster,davidleighx,136
83457,Tweet,DawnHFoster,shattenstone,14
83581,Tweet,DawnHFoster,JohnJCrace,18
83396,Tweet,DawnHFoster,joshwiddicombe,63
83766,Tweet,DawnHFoster,timjonze,44
83569,Tweet,DawnHFoster,melissaclark,312
83675,Tweet,DawnHFoster,shattenstone,27
83792,Tweet,DawnHFoster,VivianHo,5
83677,Tweet,DawnHFoster,priyagupta999,78
83404,Tweet,DawnHFoster,gailcollins,27
83872,Tweet,DawnHFoster,melissaclark,294
83510,Tweet,DawnHFoster,vanbadham,58
211943,Article,SindhukTOI,ThevarSteffy,8
211982,Article,SindhukTOI,SidharthB25,4
212168,Article,SindhukTOI,Crime_Selvaraj,3
212165,Article,SindhukTOI,Crime_Selvaraj,2
211967,Article,SindhukTOI,SidharthB25,4
211955,Article,SindhukTOI,KomalGautham,10
212002,Article,SindhukTOI,Crime_Selvaraj,11
211950,Article,SindhukTOI,SindhukTOI,1
212048,Article,SindhukTOI,SindhukTOI,1
211993,Article,SindhukTOI,SindhukTOI,1
212151,Article,SindhukTOI,Crime_Selvaraj,4
211939,Article,SindhukTOI,Crime_Selvaraj,2
211974,Article,SindhukTOI,Crime_Selvaraj,2
212137,Article,SindhukTOI,Crime_Selvaraj,3
212153,Article,SindhukTOI,KomalGautham,38
212227,Tweet,SindhukTOI,SindhukTOI,1
212186,Tweet,SindhukTOI,utejonmayamTOI,14
212277,Tweet,SindhukTOI,SindhukTOI,1
212282,Tweet,SindhukTOI,SindhukTOI,1
212238,Tweet,SindhukTOI,SindhukTOI,1
212260,Tweet,SindhukTOI,SindhukTOI,1
212192,Tweet,SindhukTOI,andybrassell,39
212274,Tweet,SindhukTOI,SindhukTOI,1
212230,Tweet,SindhukTOI,SindhukTOI,1
212199,Tweet,SindhukTOI,SindhukTOI,1
212254,Tweet,SindhukTOI,SindhukTOI,1
212268,Tweet,SindhukTOI,SindhukTOI,1
212232,Tweet,SindhukTOI,PNaveenTOI,8
212267,Tweet,SindhukTOI,SindhukTOI,1
212269,Tweet,SindhukTOI,SindhukTOI,1
8403,Article,GlennThrush,helenecooper,8
8433,Article,GlennThrush,hillhulse,16
8479,Article,GlennThrush,AnaSwanson,18
8495,Article,GlennThrush,BenWeiserNYT,32
8431,Article,GlennThrush,kannoyoungs,14
8494,Article,GlennThrush,julianbarnes,24
8420,Article,GlennThrush,kannoyoungs,10
8421,Article,GlennThrush,SharonLNYT,13
8406,Article,GlennThrush,jimtankersley,21
8409,Article,GlennThrush,ShaneGoldmacher,23
8457,Article,GlennThrush,hillhulse,38
8440,Article,GlennThrush,charlie_savage,14
8466,Article,GlennThrush,hillhulse,21
8414,Article,GlennThrush,hillhulse,13
8408,Article,GlennThrush,anniekarni,7
8520,Tweet,GlennThrush,richardwolffedc,36
8577,Tweet,GlennThrush,gailcollins,2
8558,Tweet,GlennThrush,ESCochrane,12
8523,Tweet,GlennThrush,jmart,5
8502,Tweet,GlennThrush,peterbakernyt,10
8530,Tweet,GlennThrush,viasimonromero,4
8553,Tweet,GlennThrush,PamBelluck,25
8540,Tweet,GlennThrush,ByMattStevens,31
8501,Tweet,GlennThrush,jbouie,256
8528,Tweet,GlennThrush,jbouie,161
8517,Tweet,GlennThrush,vwang3,53
8548,Tweet,GlennThrush,samsifton,50
8554,Tweet,GlennThrush,gailcollins,11
8582,Tweet,GlennThrush,jmart,5
8534,Tweet,GlennThrush,hillhulse,6
169888,Article,adwaidh,aniljdias,12
169887,Article,adwaidh,aniljdias,4
169857,Article,adwaidh,aniljdias,3
169870,Article,adwaidh,aniljdias,3
169880,Article,adwaidh,aniljdias,6
169894,Article,adwaidh,aniljdias,30
169858,Article,adwaidh,aniljdias,8
169913,Article,adwaidh,aniljdias,4
169849,Article,adwaidh,aniljdias,4
169886,Article,adwaidh,aniljdias,4
169877,Article,adwaidh,aniljdias,11
169911,Article,adwaidh,MarcusMergulhao,3
169908,Article,adwaidh,aniljdias,7
169906,Article,adwaidh,Shilarze_SSR,4
169891,Article,adwaidh,aniljdias,16
169990,Tweet,adwaidh,priyagupta999,184
169936,Tweet,adwaidh,adwaidh,1
169917,Tweet,adwaidh,andybrassell,133
169980,Tweet,adwaidh,elizabday,262
169930,Tweet,adwaidh,adwaidh,1
169973,Tweet,adwaidh,adwaidh,1
169923,Tweet,adwaidh,andybrassell,64
169928,Tweet,adwaidh,adwaidh,1
169985,Tweet,adwaidh,adwaidh,1
169961,Tweet,adwaidh,andybrassell,25
169927,Tweet,adwaidh,bylizrobbins,11
169977,Tweet,adwaidh,adwaidh,1
169924,Tweet,adwaidh,andybrassell,80
169984,Tweet,adwaidh,adwaidh,1
169922,Tweet,adwaidh,andybrassell,145
193379,Article,meeravohraTOI,divyapal2013,2
193532,Article,meeravohraTOI,ChaitanyadTOI,6
193456,Article,meeravohraTOI,divyapal2013,2
193477,Article,meeravohraTOI,meeravohraTOI,1
193495,Article,meeravohraTOI,meeravohraTOI,1
193426,Article,meeravohraTOI,meeravohraTOI,1
193547,Article,meeravohraTOI,meeravohraTOI,1
193418,Article,meeravohraTOI,meeravohraTOI,1
193347,Article,meeravohraTOI,meeravohraTOI,1
193316,Article,meeravohraTOI,meeravohraTOI,1
193422,Article,meeravohraTOI,rajendrasTOI,97
193375,Article,meeravohraTOI,meeravohraTOI,1
193326,Article,meeravohraTOI,meeravohraTOI,1
193339,Article,meeravohraTOI,meeravohraTOI,1
193515,Article,meeravohraTOI,yusrahusain,7
193620,Tweet,meeravohraTOI,meeravohraTOI,1
193576,Tweet,meeravohraTOI,sermoninstone,6
193615,Tweet,meeravohraTOI,priyagupta999,2
193585,Tweet,meeravohraTOI,DeccaJourno,37
193592,Tweet,meeravohraTOI,polblonde,92
193562,Tweet,meeravohraTOI,smita_mishra,64
193640,Tweet,meeravohraTOI,priyagupta999,2
193557,Tweet,meeravohraTOI,priyagupta999,5
193623,Tweet,meeravohraTOI,priyagupta999,107
193644,Tweet,meeravohraTOI,meeravohraTOI,1
193556,Tweet,meeravohraTOI,petleepeter,24
193561,Tweet,meeravohraTOI,meeravohraTOI,1
193584,Tweet,meeravohraTOI,andybrassell,42
193608,Tweet,meeravohraTOI,msmirandasawyer,74
193634,Tweet,meeravohraTOI,msrachelcooke,3
184568,Article,GRajivTOI,GRajivTOI,1
184439,Article,GRajivTOI,rajendrasTOI,35
184429,Article,GRajivTOI,rajendrasTOI,3
184503,Article,GRajivTOI,rajendrasTOI,32
184529,Article,GRajivTOI,AmritadTOI,3
184406,Article,GRajivTOI,rajendrasTOI,73
184558,Article,GRajivTOI,rajendrasTOI,7
184387,Article,GRajivTOI,rajendrasTOI,44
184385,Article,GRajivTOI,NewtonSTOI,13
184461,Article,GRajivTOI,toi_dhananjayM,5
184574,Article,GRajivTOI,anandbodhTOI,5
184505,Article,GRajivTOI,GRajivTOI,1
184389,Article,GRajivTOI,yusrahusain,10
184554,Article,GRajivTOI,rajendrasTOI,55
184368,Article,GRajivTOI,AmritadTOI,6
184699,Tweet,GRajivTOI,priyagupta999,5
184653,Tweet,GRajivTOI,GRajivTOI,1
184704,Tweet,GRajivTOI,GRajivTOI,1
184633,Tweet,GRajivTOI,KapildaveTOI,32
184660,Tweet,GRajivTOI,priyagupta999,18
184624,Tweet,GRajivTOI,ajaykanth7,2
184665,Tweet,GRajivTOI,KapildaveTOI,9
184613,Tweet,GRajivTOI,journo_vibha,20
184705,Tweet,GRajivTOI,GRajivTOI,1
184607,Tweet,GRajivTOI,pradeeptTOI,6
184654,Tweet,GRajivTOI,joshwiddicombe,330
184628,Tweet,GRajivTOI,GRajivTOI,1
184701,Tweet,GRajivTOI,GRajivTOI,1
184638,Tweet,GRajivTOI,SindhukTOI,6
184621,Tweet,GRajivTOI,GRajivTOI,1
167948,Article,27saurabhsinha,rajendrasTOI,50
167918,Article,27saurabhsinha,ManjuVTOI,4
167860,Article,27saurabhsinha,ManjuVTOI,2
167824,Article,27saurabhsinha,dipakdashTOI,2
167950,Article,27saurabhsinha,dipakdashTOI,34
167966,Article,27saurabhsinha,dipakdashTOI,12
167951,Article,27saurabhsinha,ManjuVTOI,3
167992,Article,27saurabhsinha,ManjuVTOI,3
167832,Article,27saurabhsinha,ManjuVTOI,8
167760,Article,27saurabhsinha,ManjuVTOI,4
167930,Article,27saurabhsinha,niyatiparikhTOI,25
167794,Article,27saurabhsinha,rajendrasTOI,51
167755,Article,27saurabhsinha,pankajdoval,16
167806,Article,27saurabhsinha,naomi2009,26
167988,Article,27saurabhsinha,ManjuVTOI,5
168017,Tweet,27saurabhsinha,priyagupta999,22
168033,Tweet,27saurabhsinha,27saurabhsinha,1
168032,Tweet,27saurabhsinha,ManjuVTOI,2
168087,Tweet,27saurabhsinha,27saurabhsinha,1
168075,Tweet,27saurabhsinha,polblonde,220
168012,Tweet,27saurabhsinha,polblonde,198
168024,Tweet,27saurabhsinha,27saurabhsinha,1
168010,Tweet,27saurabhsinha,philipoltermann,28
168011,Tweet,27saurabhsinha,27saurabhsinha,1
168029,Tweet,27saurabhsinha,Gauraw2297,45
168018,Tweet,27saurabhsinha,shiba_kurian,20
168084,Tweet,27saurabhsinha,27saurabhsinha,1
168063,Tweet,27saurabhsinha,priyagupta999,3
168007,Tweet,27saurabhsinha,27saurabhsinha,1
168094,Tweet,27saurabhsinha,27saurabhsinha,1
91905,Article,nicholaswatt,DeccaJourno,48
91971,Article,nicholaswatt,williamnhutton,78
91917,Article,nicholaswatt,nicholaswatt,1
91916,Article,nicholaswatt,nicholaswatt,1
91839,Article,nicholaswatt,nicholaswatt,1
91883,Article,nicholaswatt,williamnhutton,40
91849,Article,nicholaswatt,nicholaswatt,1
92022,Article,nicholaswatt,ewenmacaskill,2
91961,Article,nicholaswatt,andybrassell,47
92019,Article,nicholaswatt,nicholaswatt,1
91924,Article,nicholaswatt,nicholaswatt,1
91815,Article,nicholaswatt,nicholaswatt,1
92009,Article,nicholaswatt,AndrewSparrow,3
91814,Article,nicholaswatt,nicholaswatt,1
91910,Article,nicholaswatt,nicholaswatt,1
92184,Tweet,nicholaswatt,michaelcrowley,31
92550,Tweet,nicholaswatt,davidleighx,312
92217,Tweet,nicholaswatt,HackneyAbbott,330
92422,Tweet,nicholaswatt,gabyhinsliff,3
92635,Tweet,nicholaswatt,JohnJCrace,2
92331,Tweet,nicholaswatt,DSlotnik,113
92256,Tweet,nicholaswatt,AndrewSparrow,238
92149,Tweet,nicholaswatt,andrewrawnsley,471
92321,Tweet,nicholaswatt,SunilSubaiah,173
92419,Tweet,nicholaswatt,vanbadham,460
92136,Tweet,nicholaswatt,JohnJCrace,21
92587,Tweet,nicholaswatt,JohnJCrace,6
92527,Tweet,nicholaswatt,AndrewSparrow,242
92128,Tweet,nicholaswatt,vwang3,460
92192,Tweet,nicholaswatt,JohnJCrace,2
177098,Article,BawaNaaved,rebeccaSTOI,11
177166,Article,BawaNaaved,KanwardeepsTOI,2
177143,Article,BawaNaaved,rajendrasTOI,4
177148,Article,BawaNaaved,NewtonSTOI,40
177127,Article,BawaNaaved,ishajainTOI,23
177149,Article,BawaNaaved,AmritadTOI,53
177140,Article,BawaNaaved,BawaNaaved,1
177115,Article,BawaNaaved,rajendrasTOI,3
177135,Article,BawaNaaved,rebeccaSTOI,10
177130,Article,BawaNaaved,aniljdias,27
177156,Article,BawaNaaved,BawaNaaved,1
177141,Article,BawaNaaved,KanwardeepsTOI,3
177145,Article,BawaNaaved,KanwardeepsTOI,6
177138,Article,BawaNaaved,KanwardeepsTOI,2
177102,Article,BawaNaaved,KanwardeepsTOI,4
177187,Tweet,BawaNaaved,NYTLiz,9
177204,Tweet,BawaNaaved,smita_mishra,4
177236,Tweet,BawaNaaved,meeravohraTOI,78
177201,Tweet,BawaNaaved,BawaNaaved,1
177209,Tweet,BawaNaaved,BawaNaaved,1
177239,Tweet,BawaNaaved,smita_mishra,2
177192,Tweet,BawaNaaved,smita_mishra,41
177256,Tweet,BawaNaaved,andybrassell,11
177277,Tweet,BawaNaaved,KanwardeepsTOI,2
177200,Tweet,BawaNaaved,Gauraw2297,2
177237,Tweet,BawaNaaved,smita_mishra,7
177181,Tweet,BawaNaaved,smita_mishra,11
177233,Tweet,BawaNaaved,durgeshjhaTOI,137
177255,Tweet,BawaNaaved,BawaNaaved,1
177220,Tweet,BawaNaaved,Gauraw2297,12
7861,Article,FrankBruni,hillhulse,18
7833,Article,FrankBruni,hillhulse,35
7885,Article,FrankBruni,michelleinbklyn,45
7897,Article,FrankBruni,DouthatNYT,75
7826,Article,FrankBruni,DouthatNYT,19
7822,Article,FrankBruni,tarasbernard,89
7812,Article,FrankBruni,lukebroadwater,74
7872,Article,FrankBruni,DouthatNYT,19
7814,Article,FrankBruni,hillhulse,7
7843,Article,FrankBruni,DouthatNYT,27
7839,Article,FrankBruni,helenecooper,90
7827,Article,FrankBruni,anniekarni,71
7840,Article,FrankBruni,dwightgarner,60
7832,Article,FrankBruni,michelleinbklyn,23
7817,Article,FrankBruni,michelleinbklyn,57
7968,Tweet,FrankBruni,FrankBruni,1
7965,Tweet,FrankBruni,SherylNYT,4
7963,Tweet,FrankBruni,FrankBruni,1
7917,Tweet,FrankBruni,PamBelluck,9
7927,Tweet,FrankBruni,rpogrebin,47
7913,Tweet,FrankBruni,FrankBruni,1
7984,Tweet,FrankBruni,FrankBruni,1
7964,Tweet,FrankBruni,richardwolffedc,8
7916,Tweet,FrankBruni,dwightgarner,96
7909,Tweet,FrankBruni,PamBelluck,18
7953,Tweet,FrankBruni,FrankBruni,1
7945,Tweet,FrankBruni,FrankBruni,1
7911,Tweet,FrankBruni,tomfriedman,2
7924,Tweet,FrankBruni,FrankBruni,1
7982,Tweet,FrankBruni,debaratisen,34
168534,Article,abhishekTWEETS7,anandbodhTOI,4
168578,Article,abhishekTWEETS7,yusrahusain,2
168680,Article,abhishekTWEETS7,abhishekTWEETS7,1
168579,Article,abhishekTWEETS7,ThevarSteffy,2
168557,Article,abhishekTWEETS7,anandbodhTOI,6
168456,Article,abhishekTWEETS7,ShrinivasaMTOI,3
168682,Article,abhishekTWEETS7,rajendrasTOI,2
168612,Article,abhishekTWEETS7,rajendrasTOI,14
168593,Article,abhishekTWEETS7,anandbodhTOI,13
168586,Article,abhishekTWEETS7,NewtonSTOI,43
168630,Article,abhishekTWEETS7,rajendrasTOI,10
168572,Article,abhishekTWEETS7,ThevarSteffy,10
168521,Article,abhishekTWEETS7,rajendrasTOI,4
168571,Article,abhishekTWEETS7,rajendrasTOI,8
168691,Article,abhishekTWEETS7,rajendrasTOI,4
168696,Tweet,abhishekTWEETS7,priyagupta999,17
168705,Tweet,abhishekTWEETS7,sandhyanairTOI,18
168706,Tweet,abhishekTWEETS7,smita_mishra,53
168738,Tweet,abhishekTWEETS7,priyagupta999,10
168701,Tweet,abhishekTWEETS7,priyagupta999,79
168717,Tweet,abhishekTWEETS7,smita_mishra,85
168778,Tweet,abhishekTWEETS7,andybrassell,151
168740,Tweet,abhishekTWEETS7,priyagupta999,100
168793,Tweet,abhishekTWEETS7,IpsitaTOI,7
168732,Tweet,abhishekTWEETS7,andybrassell,79
168777,Tweet,abhishekTWEETS7,somitsenTOI,11
168791,Tweet,abhishekTWEETS7,jayamenon64,26
168747,Tweet,abhishekTWEETS7,andybrassell,57
168704,Tweet,abhishekTWEETS7,SwatiShindeTOI,62
168751,Tweet,abhishekTWEETS7,pradeepjourno,10
42242,Article,JessicaValenti,JessicaValenti,1
42301,Article,JessicaValenti,richardwolffedc,177
42360,Article,JessicaValenti,salihughes,6
42198,Article,JessicaValenti,JessicaValenti,1
42308,Article,JessicaValenti,OwenJones84,134
42207,Article,JessicaValenti,ASoloski,9
42366,Article,JessicaValenti,DouthatNYT,44
42311,Article,JessicaValenti,michelleinbklyn,10
42199,Article,JessicaValenti,JessicaValenti,1
42293,Article,JessicaValenti,michelleinbklyn,9
42295,Article,JessicaValenti,michelleinbklyn,4
42334,Article,JessicaValenti,michelleinbklyn,4
42400,Article,JessicaValenti,mtomasky,44
42279,Article,JessicaValenti,JessicaValenti,1
42220,Article,JessicaValenti,JessicaValenti,1
42548,Tweet,JessicaValenti,elizabday,35
42492,Tweet,JessicaValenti,RoniNYTimes,82
42620,Tweet,JessicaValenti,wesley_morris,69
42636,Tweet,JessicaValenti,SherylNYT,136
42818,Tweet,JessicaValenti,alanfeuer,48
42515,Tweet,JessicaValenti,SarahMaslinNir,56
42910,Tweet,JessicaValenti,paulkrugman,114
42475,Tweet,JessicaValenti,nytDeniseGrady,76
42600,Tweet,JessicaValenti,JohnJCrace,8
42608,Tweet,JessicaValenti,mlevenson,78
42779,Tweet,JessicaValenti,sarahditum,14
42577,Tweet,JessicaValenti,hugolowell,11
42467,Tweet,JessicaValenti,PamBelluck,69
42925,Tweet,JessicaValenti,PeterTatchell,68
42622,Tweet,JessicaValenti,nytDeniseGrady,99
147347,Article,polblonde,davidhepworth,79
147346,Article,polblonde,dwightgarner,50
147362,Article,polblonde,OLIVERBALCH,83
147353,Article,polblonde,hadleyfreeman,67
147363,Article,polblonde,OwenJones84,49
147320,Article,polblonde,thestephmerritt,30
147289,Article,polblonde,jimwaterson,38
147318,Article,polblonde,NilsPratley,49
147271,Article,polblonde,jimwaterson,28
147309,Article,polblonde,jimwaterson,45
147378,Article,polblonde,JohnJCrace,85
147365,Article,polblonde,LauraCummingArt,74
147255,Article,polblonde,nicholaswatt,15
147298,Article,polblonde,hadleyfreeman,60
147299,Article,polblonde,williamnhutton,65
147427,Tweet,polblonde,Mahafreed_Irani,4
147384,Tweet,polblonde,FrancesRobles,2
147676,Tweet,polblonde,GiniaNYT,100
147832,Tweet,polblonde,joshwiddicombe,34
147702,Tweet,polblonde,mlevenson,3
147824,Tweet,polblonde,polblonde,1
147451,Tweet,polblonde,tomfriedman,4
147922,Tweet,polblonde,AlysFowler,80
147738,Tweet,polblonde,polblonde,1
147417,Tweet,polblonde,dwightgarner,68
147735,Tweet,polblonde,jennydeluxe,104
147781,Tweet,polblonde,gailcollins,4
147656,Tweet,polblonde,sarahlyall,91
147872,Tweet,polblonde,polblonde,1
147549,Tweet,polblonde,jonronson,66
86517,Article,salihughes,salihughes,1
86456,Article,salihughes,hadleyfreeman,103
86576,Article,salihughes,salihughes,1
86515,Article,salihughes,salihughes,1
86694,Article,salihughes,salihughes,1
86513,Article,salihughes,salihughes,1
86684,Article,salihughes,salihughes,1
86647,Article,salihughes,salihughes,1
86465,Article,salihughes,salihughes,1
86510,Article,salihughes,salihughes,1
86494,Article,salihughes,salihughes,1
86474,Article,salihughes,gracedent,55
86589,Article,salihughes,salihughes,1
86468,Article,salihughes,salihughes,1
86461,Article,salihughes,salihughes,1
86761,Tweet,salihughes,aleksk,413
87152,Tweet,salihughes,salihughes,1
87297,Tweet,salihughes,melissaclark,8
86747,Tweet,salihughes,sarahlyall,5
87147,Tweet,salihughes,GiniaNYT,14
86919,Tweet,salihughes,andybrassell,92
86930,Tweet,salihughes,melissaclark,2
86849,Tweet,salihughes,salihughes,1
86703,Tweet,salihughes,davidhepworth,4
87187,Tweet,salihughes,salihughes,1
87261,Tweet,salihughes,elizabday,104
86765,Tweet,salihughes,joshwiddicombe,381
86848,Tweet,salihughes,GiniaNYT,10
86710,Tweet,salihughes,melissaclark,8
87257,Tweet,salihughes,andrewrsorkin,13
29885,Article,tarasbernard,jeannasmialek,3
29809,Article,tarasbernard,tarasbernard,1
29838,Article,tarasbernard,noamscheiber,31
29869,Article,tarasbernard,noamscheiber,11
29855,Article,tarasbernard,jimtankersley,23
29857,Article,tarasbernard,tarasbernard,1
29896,Article,tarasbernard,paulkrugman,2
29804,Article,tarasbernard,EllenBarryNYT,76
29854,Article,tarasbernard,FlitterOnFraud,4
29875,Article,tarasbernard,julianbarnes,21
29831,Article,tarasbernard,tarasbernard,1
29880,Article,tarasbernard,GiniaNYT,6
29817,Article,tarasbernard,tarasbernard,1
29871,Article,tarasbernard,marcatracy,18
29873,Article,tarasbernard,tarasbernard,1
29956,Tweet,tarasbernard,tarasbernard,1
29967,Tweet,tarasbernard,juliarebeccaj,211
29962,Tweet,tarasbernard,tarasbernard,1
29914,Tweet,tarasbernard,gailcollins,174
29941,Tweet,tarasbernard,salihughes,17
29903,Tweet,tarasbernard,jeannasmialek,106
29910,Tweet,tarasbernard,salihughes,46
29957,Tweet,tarasbernard,WilbyPeter,66
29973,Tweet,tarasbernard,PamBelluck,59
29931,Tweet,tarasbernard,tarasbernard,1
29984,Tweet,tarasbernard,andybrassell,179
29951,Tweet,tarasbernard,jennydeluxe,37
29966,Tweet,tarasbernard,polblonde,261
29993,Tweet,tarasbernard,tarasbernard,1
29954,Tweet,tarasbernard,nytdavidbrooks,206
2484,Article,Azi,RichardFausset,18
2410,Article,Azi,RichardFausset,15
2489,Article,Azi,NeilMacFarquhar,53
2427,Article,Azi,ShaneGoldmacher,25
2437,Article,Azi,NickAtNews,17
2404,Article,Azi,hillhulse,74
2495,Article,Azi,NeilMacFarquhar,16
2461,Article,Azi,NeilMacFarquhar,43
2468,Article,Azi,NeilMacFarquhar,41
2459,Article,Azi,NeilMacFarquhar,39
2490,Article,Azi,NeilMacFarquhar,28
2473,Article,Azi,BenWeiserNYT,18
2440,Article,Azi,el_belson,37
2491,Article,Azi,GiniaNYT,126
2483,Article,Azi,RaphaelMinder,74
2560,Tweet,Azi,reidepstein,7
2593,Tweet,Azi,richardwolffedc,9
2544,Tweet,Azi,reidepstein,5
2577,Tweet,Azi,jackschofield,62
2570,Tweet,Azi,mlevenson,4
2516,Tweet,Azi,hillhulse,22
2541,Tweet,Azi,npfandos,24
2517,Tweet,Azi,ShaneGoldmacher,14
2585,Tweet,Azi,SharonLNYT,22
2506,Tweet,Azi,ESCochrane,37
2566,Tweet,Azi,reidepstein,6
2511,Tweet,Azi,reidepstein,3
2505,Tweet,Azi,richardwolffedc,5
2514,Tweet,Azi,nytmike,7
2518,Tweet,Azi,jwpetersNYT,13
205610,Article,rashmidTOI,rajendrasTOI,30
205472,Article,rashmidTOI,rajendrasTOI,3
205551,Article,rashmidTOI,rajendrasTOI,30
205593,Article,rashmidTOI,rajendrasTOI,7
205596,Article,rashmidTOI,SribaalaVTOI,17
205614,Article,rashmidTOI,SidharthB25,30
205532,Article,rashmidTOI,rajendrasTOI,3
205562,Article,rashmidTOI,KanwardeepsTOI,38
205525,Article,rashmidTOI,rajendrasTOI,22
205640,Article,rashmidTOI,rajendrasTOI,5
205575,Article,rashmidTOI,rajendrasTOI,12
205547,Article,rashmidTOI,anandbodhTOI,5
205698,Article,rashmidTOI,rajendrasTOI,32
205512,Article,rashmidTOI,rajendrasTOI,32
205557,Article,rashmidTOI,garyyounge,2
205802,Tweet,rashmidTOI,rashmidTOI,1
205762,Tweet,rashmidTOI,polblonde,298
205785,Tweet,rashmidTOI,rashmidTOI,1
205781,Tweet,rashmidTOI,vijayVsinghTOI,3
205807,Tweet,rashmidTOI,rashmidTOI,1
205736,Tweet,rashmidTOI,rashmidTOI,1
205792,Tweet,rashmidTOI,divyadubey_,2
205729,Tweet,rashmidTOI,rashmidTOI,1
205795,Tweet,rashmidTOI,rashmidTOI,1
205714,Tweet,rashmidTOI,rashmidTOI,1
205782,Tweet,rashmidTOI,vwang3,131
205742,Tweet,rashmidTOI,rashmidTOI,1
205768,Tweet,rashmidTOI,SunilSubaiah,7
205721,Tweet,rashmidTOI,PNaveenTOI,2
205790,Tweet,rashmidTOI,rashmidTOI,1
205232,Article,ramendrasTOI,dkarthikTOI,2
205201,Article,ramendrasTOI,SwatiShindeTOI,2
205228,Article,ramendrasTOI,toi_dhananjayM,18
205258,Article,ramendrasTOI,NewtonSTOI,6
205323,Article,ramendrasTOI,rajendrasTOI,37
205394,Article,ramendrasTOI,anandbodhTOI,8
205225,Article,ramendrasTOI,ramendrasTOI,1
205233,Article,ramendrasTOI,rajendrasTOI,20
205214,Article,ramendrasTOI,rajendrasTOI,26
205322,Article,ramendrasTOI,richapintoi,24
205397,Article,ramendrasTOI,rajendrasTOI,4
205360,Article,ramendrasTOI,SribaalaVTOI,6
205318,Article,ramendrasTOI,SwatiShindeTOI,7
205361,Article,ramendrasTOI,aniljdias,38
205355,Article,ramendrasTOI,rajendrasTOI,2
205415,Tweet,ramendrasTOI,mateenHTOI,3
205464,Tweet,ramendrasTOI,PNaveenTOI,3
205419,Tweet,ramendrasTOI,ramendrasTOI,1
205465,Tweet,ramendrasTOI,priyagupta999,5
205423,Tweet,ramendrasTOI,niyatiparikhTOI,3
205453,Tweet,ramendrasTOI,TOISH31,6
205445,Tweet,ramendrasTOI,RosySequeiraTOI,408
205459,Tweet,ramendrasTOI,SribaalaVTOI,118
205447,Tweet,ramendrasTOI,polblonde,408
205455,Tweet,ramendrasTOI,ramendrasTOI,1
205434,Tweet,ramendrasTOI,ramendrasTOI,1
205435,Tweet,ramendrasTOI,ramendrasTOI,1
205427,Tweet,ramendrasTOI,ramendrasTOI,1
205416,Tweet,ramendrasTOI,mateenHTOI,4
205411,Tweet,ramendrasTOI,ramendrasTOI,1
60649,Article,winematcher,winematcher,1
60644,Article,winematcher,winematcher,1
60433,Article,winematcher,winematcher,1
60503,Article,winematcher,winematcher,1
60575,Article,winematcher,salihughes,28
60492,Article,winematcher,winematcher,1
60441,Article,winematcher,winematcher,1
60668,Article,winematcher,winematcher,1
60450,Article,winematcher,winematcher,1
60449,Article,winematcher,winematcher,1
60675,Article,winematcher,andybrassell,136
60633,Article,winematcher,TimdeLisle,193
60493,Article,winematcher,aleksk,6
60442,Article,winematcher,winematcher,1
60458,Article,winematcher,winematcher,1
61182,Tweet,winematcher,andybrassell,71
61057,Tweet,winematcher,melissaclark,42
61058,Tweet,winematcher,allegramcevedy,18
60908,Tweet,winematcher,allegramcevedy,9
61003,Tweet,winematcher,allegramcevedy,12
61024,Tweet,winematcher,gracedent,58
60706,Tweet,winematcher,sarahditum,35
61219,Tweet,winematcher,DeccaJourno,128
60767,Tweet,winematcher,jennydeluxe,95
61111,Tweet,winematcher,jonronson,273
60851,Tweet,winematcher,jennydeluxe,67
60983,Tweet,winematcher,jennydeluxe,143
60805,Tweet,winematcher,allegramcevedy,10
60773,Tweet,winematcher,gracedent,13
60962,Tweet,winematcher,jennydeluxe,148
163378,Article,nnougayrede,paulmasonnews,26
163340,Article,nnougayrede,nnougayrede,1
163299,Article,nnougayrede,williamnhutton,5
163346,Article,nnougayrede,williamnhutton,41
163321,Article,nnougayrede,richardwolffedc,7
163350,Article,nnougayrede,garyyounge,6
163324,Article,nnougayrede,paulmasonnews,2
163294,Article,nnougayrede,andrewrawnsley,30
163290,Article,nnougayrede,john_hooper,311
163363,Article,nnougayrede,JohnJCrace,33
163364,Article,nnougayrede,andybrassell,21
163221,Article,nnougayrede,williamnhutton,5
163392,Article,nnougayrede,garyyounge,5
163218,Article,nnougayrede,OwenJones84,7
163295,Article,nnougayrede,OwenJones84,20
163990,Tweet,nnougayrede,EmmaBubola,33
163872,Tweet,nnougayrede,nnougayrede,1
163818,Tweet,nnougayrede,gailcollins,121
163634,Tweet,nnougayrede,nnougayrede,1
163795,Tweet,nnougayrede,stevenerlanger,3
163430,Tweet,nnougayrede,nnougayrede,1
163514,Tweet,nnougayrede,BellaKwai,31
163656,Tweet,nnougayrede,nnougayrede,1
163936,Tweet,nnougayrede,williamkeegan,2
163499,Tweet,nnougayrede,nnougayrede,1
163922,Tweet,nnougayrede,lukeharding1968,4
163965,Tweet,nnougayrede,nnougayrede,1
163417,Tweet,nnougayrede,williamkeegan,9
163851,Tweet,nnougayrede,nnougayrede,1
163824,Tweet,nnougayrede,polblonde,233
30053,Article,PerriKlass,cdcaron,4
30010,Article,PerriKlass,PerriKlass,1
30097,Article,PerriKlass,PerriKlass,1
30078,Article,PerriKlass,apoorva_nyc,21
30079,Article,PerriKlass,RoniNYTimes,4
30006,Article,PerriKlass,cdcaron,3
30048,Article,PerriKlass,jennyschuessler,11
30085,Article,PerriKlass,annanorthtweets,16
30066,Article,PerriKlass,GiniaNYT,13
30025,Article,PerriKlass,apoorva_nyc,7
30023,Article,PerriKlass,annanorthtweets,20
30089,Article,PerriKlass,PerriKlass,1
30099,Article,PerriKlass,GiniaNYT,5
30001,Article,PerriKlass,cdcaron,2
30035,Article,PerriKlass,cdcaron,4
30136,Tweet,PerriKlass,paulkrugman,4
30122,Tweet,PerriKlass,alanconnor,69
30140,Tweet,PerriKlass,PerriKlass,1
30131,Tweet,PerriKlass,PerriKlass,1
30110,Tweet,PerriKlass,debaratisen,137
30153,Tweet,PerriKlass,priyagupta999,51
30188,Tweet,PerriKlass,samsifton,11
30106,Tweet,PerriKlass,carlzimmer,12
30170,Tweet,PerriKlass,aleksk,2
30146,Tweet,PerriKlass,PeterTatchell,49
30126,Tweet,PerriKlass,psangeetha2112,7
30172,Tweet,PerriKlass,desaisantosh,2
30179,Tweet,PerriKlass,smita_mishra,51
30108,Tweet,PerriKlass,sarahlyall,38
30135,Tweet,PerriKlass,priyagupta999,21
24693,Article,tripgabriel,helenecooper,2
24653,Article,tripgabriel,RichardFausset,71
24676,Article,tripgabriel,ESCochrane,3
24632,Article,tripgabriel,NeilMacFarquhar,12
24635,Article,tripgabriel,hillhulse,2
24640,Article,tripgabriel,adamliptak,5
24616,Article,tripgabriel,hillhulse,7
24659,Article,tripgabriel,tripgabriel,1
24684,Article,tripgabriel,hillhulse,2
24655,Article,tripgabriel,hillhulse,3
24664,Article,tripgabriel,hillhulse,2
24650,Article,tripgabriel,NeilMacFarquhar,72
24679,Article,tripgabriel,hillhulse,2
24678,Article,tripgabriel,hillhulse,2
24633,Article,tripgabriel,NeilMacFarquhar,79
24793,Tweet,tripgabriel,davidleighx,107
24720,Tweet,tripgabriel,andrewrsorkin,42
24790,Tweet,tripgabriel,Bencjacobs,3
24799,Tweet,tripgabriel,msrachelcooke,233
24724,Tweet,tripgabriel,mlevenson,23
24758,Tweet,tripgabriel,aurelienbrd,132
24792,Tweet,tripgabriel,hillhulse,11
24701,Tweet,tripgabriel,polblonde,165
24739,Tweet,tripgabriel,ByMattStevens,29
24723,Tweet,tripgabriel,nytmike,40
24753,Tweet,tripgabriel,npfandos,4
24782,Tweet,tripgabriel,jmart,6
24729,Tweet,tripgabriel,tripgabriel,1
24740,Tweet,tripgabriel,jbouie,29
24757,Tweet,tripgabriel,kenvogel,26
159614,Article,williamkeegan,NilsPratley,7
159778,Article,williamkeegan,williamnhutton,78
159748,Article,williamkeegan,msrachelcooke,119
159605,Article,williamkeegan,NilsPratley,6
159776,Article,williamkeegan,NilsPratley,8
159752,Article,williamkeegan,archiebland,59
159598,Article,williamkeegan,NilsPratley,6
159574,Article,williamkeegan,NilsPratley,3
159627,Article,williamkeegan,dwightgarner,3
159686,Article,williamkeegan,nicholaswatt,2
159587,Article,williamkeegan,williamkeegan,1
159780,Article,williamkeegan,john_hooper,11
159652,Article,williamkeegan,NilsPratley,10
159573,Article,williamkeegan,NilsPratley,4
159595,Article,williamkeegan,NilsPratley,6
160162,Tweet,williamkeegan,williamkeegan,1
160072,Tweet,williamkeegan,williamkeegan,1
159809,Tweet,williamkeegan,williamkeegan,1
159902,Tweet,williamkeegan,williamkeegan,1
159861,Tweet,williamkeegan,williamkeegan,1
159871,Tweet,williamkeegan,williamkeegan,1
160047,Tweet,williamkeegan,williamkeegan,1
159958,Tweet,williamkeegan,williamkeegan,1
159874,Tweet,williamkeegan,williamkeegan,1
159890,Tweet,williamkeegan,williamkeegan,1
160060,Tweet,williamkeegan,williamkeegan,1
159853,Tweet,williamkeegan,williamkeegan,1
160028,Tweet,williamkeegan,williamkeegan,1
160008,Tweet,williamkeegan,williamkeegan,1
160074,Tweet,williamkeegan,williamkeegan,1
48817,Article,nmcintosh,DerekMalcolm123,4
48902,Article,nmcintosh,LizAldermanNYT,20
48793,Article,nmcintosh,nmcintosh,1
48740,Article,nmcintosh,aleksk,2
48842,Article,nmcintosh,DerekMalcolm123,2
48784,Article,nmcintosh,davidhepworth,2
48872,Article,nmcintosh,andrewrsorkin,4
48756,Article,nmcintosh,NeilMacFarquhar,70
48941,Article,nmcintosh,nmcintosh,1
48789,Article,nmcintosh,nmcintosh,1
48869,Article,nmcintosh,steve_hewlett,3
48867,Article,nmcintosh,nmcintosh,1
48929,Article,nmcintosh,ewenmacaskill,61
48701,Article,nmcintosh,aleksk,4
48874,Article,nmcintosh,OLIVERBALCH,148
49401,Tweet,nmcintosh,psangeetha2112,50
49513,Tweet,nmcintosh,laurenlaverne,21
49422,Tweet,nmcintosh,RorySmith,14
49195,Tweet,nmcintosh,DouthatNYT,30
49491,Tweet,nmcintosh,davidleighx,18
49429,Tweet,nmcintosh,Mahafreed_Irani,68
49285,Tweet,nmcintosh,RorySmith,5
49070,Tweet,nmcintosh,GiniaNYT,17
49337,Tweet,nmcintosh,PamBelluck,146
49117,Tweet,nmcintosh,tarasbernard,3
49441,Tweet,nmcintosh,joshwiddicombe,30
49347,Tweet,nmcintosh,sendvictorious,11
49484,Tweet,nmcintosh,priyagupta999,106
49477,Tweet,nmcintosh,OfficeGSBrown,51
49028,Tweet,nmcintosh,LeoHickman,34
213019,Article,somitsenTOI,richapintoi,11
213051,Article,somitsenTOI,ManjuVTOI,2
213021,Article,somitsenTOI,sandhyanairTOI,5
212984,Article,somitsenTOI,richapintoi,16
213091,Article,somitsenTOI,somitsenTOI,1
212880,Article,somitsenTOI,sandhyanairTOI,2
212936,Article,somitsenTOI,sandhyanairTOI,2
213023,Article,somitsenTOI,somitsenTOI,1
212884,Article,somitsenTOI,somitsenTOI,1
212980,Article,somitsenTOI,ThevarSteffy,27
213056,Article,somitsenTOI,niyatiparikhTOI,2
213090,Article,somitsenTOI,sandhyanairTOI,29
212909,Article,somitsenTOI,anandbodhTOI,4
213097,Article,somitsenTOI,somitsenTOI,1
212873,Article,somitsenTOI,somitsenTOI,1
213196,Tweet,somitsenTOI,somitsenTOI,1
213157,Tweet,somitsenTOI,somitsenTOI,1
213187,Tweet,somitsenTOI,somitsenTOI,1
213127,Tweet,somitsenTOI,sermoninstone,81
213200,Tweet,somitsenTOI,priyagupta999,126
213191,Tweet,somitsenTOI,rashmidTOI,3
213161,Tweet,somitsenTOI,rashmidTOI,8
213183,Tweet,somitsenTOI,polblonde,355
213154,Tweet,somitsenTOI,ramarkosg,2
213206,Tweet,somitsenTOI,somitsenTOI,1
213148,Tweet,somitsenTOI,somitsenTOI,1
213146,Tweet,somitsenTOI,SwatiMathurTOI,3
213204,Tweet,somitsenTOI,somitsenTOI,1
213163,Tweet,somitsenTOI,somitsenTOI,1
213125,Tweet,somitsenTOI,jayamenon64,12
25068,Article,bencasselman,bencasselman,1
25004,Article,bencasselman,bencasselman,1
25091,Article,bencasselman,bencasselman,1
25098,Article,bencasselman,jimtankersley,2
25036,Article,bencasselman,apoorva_nyc,2
25085,Article,bencasselman,bencasselman,1
25030,Article,bencasselman,bencasselman,1
25011,Article,bencasselman,bencasselman,1
25039,Article,bencasselman,AnaSwanson,4
25094,Article,bencasselman,noamscheiber,3
25086,Article,bencasselman,bencasselman,1
25018,Article,bencasselman,bencasselman,1
25037,Article,bencasselman,ESCochrane,4
25061,Article,bencasselman,bencasselman,1
25003,Article,bencasselman,bencasselman,1
25163,Tweet,bencasselman,DouthatNYT,59
25124,Tweet,bencasselman,GiniaNYT,58
25107,Tweet,bencasselman,jeannasmialek,5
25162,Tweet,bencasselman,jeannasmialek,2
25140,Tweet,bencasselman,andrewrsorkin,2
25198,Tweet,bencasselman,aseemsgujar,32
25185,Tweet,bencasselman,andrewrsorkin,2
25166,Tweet,bencasselman,annanorthtweets,206
25176,Tweet,bencasselman,jimtankersley,8
25134,Tweet,bencasselman,bencasselman,1
25142,Tweet,bencasselman,jimtankersley,5
25195,Tweet,bencasselman,jimtankersley,2
25174,Tweet,bencasselman,andrewrsorkin,72
25152,Tweet,bencasselman,bencasselman,1
25169,Tweet,bencasselman,tarasbernard,108
21858,Article,gettleman,NeilMacFarquhar,15
21861,Article,gettleman,EllenBarryNYT,63
21854,Article,gettleman,gettleman,1
21894,Article,gettleman,NeilMacFarquhar,8
21881,Article,gettleman,julianbarnes,12
21810,Article,gettleman,NYTBen,7
21871,Article,gettleman,NeilMacFarquhar,5
21898,Article,gettleman,toi_dhananjayM,7
21891,Article,gettleman,RichardFausset,16
21893,Article,gettleman,NeilMacFarquhar,4
21827,Article,gettleman,dwightgarner,15
21807,Article,gettleman,NewtonSTOI,5
21830,Article,gettleman,ManjuVTOI,2
21897,Article,gettleman,NeilMacFarquhar,24
21823,Article,gettleman,ChaitanyadTOI,10
21950,Tweet,gettleman,jayamenon64,2
21961,Tweet,gettleman,gettleman,1
21976,Tweet,gettleman,Mahafreed_Irani,12
21926,Tweet,gettleman,lukeharding1968,6
21992,Tweet,gettleman,priyagupta999,4
21904,Tweet,gettleman,kush_junglee,3
21954,Tweet,gettleman,gettleman,1
21975,Tweet,gettleman,vanbadham,81
21917,Tweet,gettleman,samsifton,17
21994,Tweet,gettleman,sermoninstone,52
21969,Tweet,gettleman,ramarkosg,10
21928,Tweet,gettleman,gettleman,1
21931,Tweet,gettleman,pradeepjourno,5
21965,Tweet,gettleman,markriceoxley69,14
21958,Tweet,gettleman,kush_junglee,5
156494,Article,JohnJCrace,williamnhutton,7
156437,Article,JohnJCrace,JohnJCrace,1
156518,Article,JohnJCrace,NilsPratley,352
156445,Article,JohnJCrace,garyyounge,11
156370,Article,JohnJCrace,MarinaHyde,2
156436,Article,JohnJCrace,TimdeLisle,15
156382,Article,JohnJCrace,williamnhutton,10
156408,Article,JohnJCrace,andybrassell,8
156361,Article,JohnJCrace,andrewrawnsley,10
156459,Article,JohnJCrace,JohnJCrace,1
156429,Article,JohnJCrace,JohnJCrace,1
156400,Article,JohnJCrace,JohnJCrace,1
156434,Article,JohnJCrace,JohnJCrace,1
156439,Article,JohnJCrace,JohnJCrace,1
156475,Article,JohnJCrace,andybrassell,15
156548,Tweet,JohnJCrace,paulmasonnews,198
156838,Tweet,JohnJCrace,RowanMoore,5
157027,Tweet,JohnJCrace,msrachelcooke,7
156592,Tweet,JohnJCrace,JohnJCrace,1
156827,Tweet,JohnJCrace,shattenstone,14
156830,Tweet,JohnJCrace,priyagupta999,490
157123,Tweet,JohnJCrace,JohnJCrace,1
156633,Tweet,JohnJCrace,helenecooper,380
156867,Tweet,JohnJCrace,benkenigsberg,498
157054,Tweet,JohnJCrace,JohnJCrace,1
156778,Tweet,JohnJCrace,DavidWaldstein,497
156957,Tweet,JohnJCrace,msrachelcooke,4
157002,Tweet,JohnJCrace,AndrewSparrow,128
156892,Tweet,JohnJCrace,AnushkaAsthana,260
157066,Tweet,JohnJCrace,DouthatNYT,484
23863,Article,SarahMaslinNir,pete_wells,6
23856,Article,SarahMaslinNir,GiniaNYT,11
23876,Article,SarahMaslinNir,EllenBarryNYT,86
23803,Article,SarahMaslinNir,pete_wells,28
23893,Article,SarahMaslinNir,kannoyoungs,16
23818,Article,SarahMaslinNir,BenWeiserNYT,30
23815,Article,SarahMaslinNir,hillhulse,4
23816,Article,SarahMaslinNir,RachelDonadio,180
23817,Article,SarahMaslinNir,pete_wells,3
23822,Article,SarahMaslinNir,DavidWaldstein,4
23807,Article,SarahMaslinNir,cdcaron,9
23852,Article,SarahMaslinNir,NeilMacFarquhar,81
23868,Article,SarahMaslinNir,smbahr14,9
23800,Article,SarahMaslinNir,DavidWaldstein,5
23864,Article,SarahMaslinNir,pete_wells,10
23961,Tweet,SarahMaslinNir,thrasherxy,32
23902,Tweet,SarahMaslinNir,jennydeluxe,24
23951,Tweet,SarahMaslinNir,priyagupta999,111
23907,Tweet,SarahMaslinNir,jennydeluxe,20
23977,Tweet,SarahMaslinNir,jennydeluxe,8
23924,Tweet,SarahMaslinNir,MonaChalabi,89
23950,Tweet,SarahMaslinNir,jennydeluxe,8
23942,Tweet,SarahMaslinNir,jonronson,7
23906,Tweet,SarahMaslinNir,priyagupta999,265
23920,Tweet,SarahMaslinNir,oliverburkeman,5
23934,Tweet,SarahMaslinNir,jennydeluxe,16
23939,Tweet,SarahMaslinNir,mtomasky,4
23987,Tweet,SarahMaslinNir,emmabrockes,6
23932,Tweet,SarahMaslinNir,jennydeluxe,19
23900,Tweet,SarahMaslinNir,NYTLiz,4
212354,Article,SiwachSukhbir,vijayVsinghTOI,14
212360,Article,SiwachSukhbir,toi_dhananjayM,4
212469,Article,SiwachSukhbir,rajendrasTOI,3
212409,Article,SiwachSukhbir,rajendrasTOI,2
212482,Article,SiwachSukhbir,saumyajitbTOI,134
212527,Article,SiwachSukhbir,AmritadTOI,47
212417,Article,SiwachSukhbir,anandbodhTOI,2
212329,Article,SiwachSukhbir,toi_dhananjayM,11
212393,Article,SiwachSukhbir,rajendrasTOI,2
212418,Article,SiwachSukhbir,yusrahusain,5
212330,Article,SiwachSukhbir,anandbodhTOI,13
212403,Article,SiwachSukhbir,NewtonSTOI,22
212440,Article,SiwachSukhbir,rajendrasTOI,8
212373,Article,SiwachSukhbir,rajendrasTOI,11
212348,Article,SiwachSukhbir,SribaalaVTOI,13
212586,Tweet,SiwachSukhbir,priyagupta999,8
212608,Tweet,SiwachSukhbir,ramarkosg,5
212616,Tweet,SiwachSukhbir,meeravohraTOI,55
212543,Tweet,SiwachSukhbir,Gauraw2297,3
212615,Tweet,SiwachSukhbir,aseemsgujar,3
212582,Tweet,SiwachSukhbir,Gauraw2297,8
212565,Tweet,SiwachSukhbir,Gauraw2297,6
212597,Tweet,SiwachSukhbir,SiwachSukhbir,1
212568,Tweet,SiwachSukhbir,SiwachSukhbir,1
212567,Tweet,SiwachSukhbir,priyagupta999,4
212601,Tweet,SiwachSukhbir,rishachitlangia,8
212537,Tweet,SiwachSukhbir,manvirsainiTOI,3
212583,Tweet,SiwachSukhbir,ajaysuraTOI,26
212581,Tweet,SiwachSukhbir,Gauraw2297,7
212632,Tweet,SiwachSukhbir,manvirsainiTOI,3
75636,Article,chiggi,LauraCummingArt,24
75616,Article,chiggi,LauraCummingArt,38
75617,Article,chiggi,LauraCummingArt,38
75688,Article,chiggi,nicholaswatt,60
75724,Article,chiggi,davidhepworth,73
75644,Article,chiggi,seaningle,202
75606,Article,chiggi,EVincentelli,84
75673,Article,chiggi,davidhepworth,77
75679,Article,chiggi,LauraCummingArt,34
75631,Article,chiggi,msrachelcooke,45
75620,Article,chiggi,hadleyfreeman,53
75497,Article,chiggi,EVincentelli,47
75573,Article,chiggi,davidhepworth,36
75592,Article,chiggi,davidhepworth,45
75513,Article,chiggi,lukeharding1968,63
75752,Tweet,chiggi,dwightgarner,43
75936,Tweet,chiggi,gmorgenson,39
75793,Tweet,chiggi,jimwaterson,84
76256,Tweet,chiggi,rpogrebin,247
76117,Tweet,chiggi,pete_wells,92
76211,Tweet,chiggi,elizabday,11
76300,Tweet,chiggi,parul_sehgal,31
76179,Tweet,chiggi,sarahlyall,13
76291,Tweet,chiggi,EVincentelli,64
76104,Tweet,chiggi,davidhepworth,49
75758,Tweet,chiggi,DeccaJourno,12
75919,Tweet,chiggi,jennydeluxe,17
76036,Tweet,chiggi,DouthatNYT,112
76262,Tweet,chiggi,DerekMalcolm123,11
75810,Tweet,chiggi,jennydeluxe,23
209481,Article,shafaquealamTOI,journo_vibha,5
209408,Article,shafaquealamTOI,shafaquealamTOI,1
209534,Article,shafaquealamTOI,richapintoi,4
209365,Article,shafaquealamTOI,yusrahusain,6
209401,Article,shafaquealamTOI,AtulMathur_,6
209443,Article,shafaquealamTOI,AtulMathur_,5
209538,Article,shafaquealamTOI,sandhyanairTOI,2
209396,Article,shafaquealamTOI,richapintoi,4
209527,Article,shafaquealamTOI,rebeccaSTOI,15
209495,Article,shafaquealamTOI,rajendrasTOI,60
209391,Article,shafaquealamTOI,kush_junglee,4
209566,Article,shafaquealamTOI,rebeccaSTOI,30
209363,Article,shafaquealamTOI,kush_junglee,2
209455,Article,shafaquealamTOI,shafaquealamTOI,1
209407,Article,shafaquealamTOI,shafaquealamTOI,1
209632,Tweet,shafaquealamTOI,shafaquealamTOI,1
209651,Tweet,shafaquealamTOI,Gauraw2297,3
209638,Tweet,shafaquealamTOI,PNaveenTOI,25
209639,Tweet,shafaquealamTOI,PNaveenTOI,3
209596,Tweet,shafaquealamTOI,priyagupta999,7
209649,Tweet,shafaquealamTOI,shafaquealamTOI,1
209623,Tweet,shafaquealamTOI,NishikantkTOI,3
209669,Tweet,shafaquealamTOI,shafaquealamTOI,1
209628,Tweet,shafaquealamTOI,PNaveenTOI,3
209617,Tweet,shafaquealamTOI,davidleighx,6
209614,Tweet,shafaquealamTOI,Gauraw2297,5
209613,Tweet,shafaquealamTOI,shafaquealamTOI,1
209622,Tweet,shafaquealamTOI,sermoninstone,40
209605,Tweet,shafaquealamTOI,rashmidTOI,6
209597,Tweet,shafaquealamTOI,shafaquealamTOI,1
2641,Article,BellaKwai,NeilMacFarquhar,12
2663,Article,BellaKwai,damiencave,63
2650,Article,BellaKwai,IKershner,21
2601,Article,BellaKwai,ianrausten,100
2616,Article,BellaKwai,BellaKwai,1
2614,Article,BellaKwai,helenecooper,42
2615,Article,BellaKwai,IKershner,27
2606,Article,BellaKwai,mikeives,8
2667,Article,BellaKwai,apoorva_nyc,3
2674,Article,BellaKwai,EllenBarryNYT,84
2628,Article,BellaKwai,cdcaron,13
2660,Article,BellaKwai,PatrickKingsley,4
2659,Article,BellaKwai,NeilMacFarquhar,6
2637,Article,BellaKwai,EllenBarryNYT,38
2648,Article,BellaKwai,AmritadTOI,9
2719,Tweet,BellaKwai,damiencave,3
2726,Tweet,BellaKwai,garyyounge,31
2721,Tweet,BellaKwai,ollywainwright,92
2784,Tweet,BellaKwai,suilee,12
2731,Tweet,BellaKwai,PeterTatchell,4
2792,Tweet,BellaKwai,christophclarey,13
2704,Tweet,BellaKwai,vwang3,15
2795,Tweet,BellaKwai,carlzimmer,26
2739,Tweet,BellaKwai,jbouie,212
2750,Tweet,BellaKwai,BellaKwai,1
2729,Tweet,BellaKwai,paulkrugman,4
2730,Tweet,BellaKwai,RichardFausset,148
2787,Tweet,BellaKwai,PeterTatchell,23
2700,Tweet,BellaKwai,vwang3,4
2716,Tweet,BellaKwai,nicholaswatt,46
175752,Article,asrpmukeshTOI,rajendrasTOI,9
175804,Article,asrpmukeshTOI,anandbodhTOI,9
175814,Article,asrpmukeshTOI,rajendrasTOI,3
175841,Article,asrpmukeshTOI,rajendrasTOI,4
175781,Article,asrpmukeshTOI,ThevarSteffy,8
175822,Article,asrpmukeshTOI,rajendrasTOI,10
175733,Article,asrpmukeshTOI,rajendrasTOI,2
175894,Article,asrpmukeshTOI,rajendrasTOI,7
175741,Article,asrpmukeshTOI,rajendrasTOI,9
175793,Article,asrpmukeshTOI,AjayUgrasTOI,3
175795,Article,asrpmukeshTOI,rajendrasTOI,9
175831,Article,asrpmukeshTOI,anandbodhTOI,10
175785,Article,asrpmukeshTOI,rajendrasTOI,7
175866,Article,asrpmukeshTOI,rajendrasTOI,2
175908,Article,asrpmukeshTOI,SribaalaVTOI,3
176062,Tweet,asrpmukeshTOI,SribaalaVTOI,6
176020,Tweet,asrpmukeshTOI,toi_dhananjayM,23
176022,Tweet,asrpmukeshTOI,PNaveenTOI,25
176052,Tweet,asrpmukeshTOI,ramarkosg,93
176001,Tweet,asrpmukeshTOI,SribaalaVTOI,4
176034,Tweet,asrpmukeshTOI,polblonde,163
176013,Tweet,asrpmukeshTOI,PNaveenTOI,12
176044,Tweet,asrpmukeshTOI,Gauraw2297,20
175986,Tweet,asrpmukeshTOI,SribaalaVTOI,3
175979,Tweet,asrpmukeshTOI,rashmidTOI,22
175973,Tweet,asrpmukeshTOI,jbouie,35
176061,Tweet,asrpmukeshTOI,asrpmukeshTOI,1
176017,Tweet,asrpmukeshTOI,polblonde,121
175978,Tweet,asrpmukeshTOI,priyagupta999,51
176037,Tweet,asrpmukeshTOI,Gauraw2297,8
2018,Article,ASoloski,ASoloski,1
2003,Article,ASoloski,EVincentelli,2
2013,Article,ASoloski,NeilMacFarquhar,7
2017,Article,ASoloski,ASoloski,1
2052,Article,ASoloski,DouthatNYT,7
2004,Article,ASoloski,ASoloski,1
2043,Article,ASoloski,EVincentelli,2
2032,Article,ASoloski,dwightgarner,2
2081,Article,ASoloski,EVincentelli,2
2019,Article,ASoloski,ASoloski,1
2060,Article,ASoloski,EVincentelli,2
2061,Article,ASoloski,EVincentelli,2
2008,Article,ASoloski,benkenigsberg,4
2085,Article,ASoloski,EmilyAnthes,15
2090,Article,ASoloski,ASoloski,1
2145,Tweet,ASoloski,SocialQPhilip,427
2105,Tweet,ASoloski,dwightgarner,11
2191,Tweet,ASoloski,EVincentelli,2
2112,Tweet,ASoloski,ASoloski,1
2154,Tweet,ASoloski,wesley_morris,29
2126,Tweet,ASoloski,ASoloski,1
2104,Tweet,ASoloski,ASoloski,1
2111,Tweet,ASoloski,ASoloski,1
2186,Tweet,ASoloski,ASoloski,1
2174,Tweet,ASoloski,sarahditum,121
2155,Tweet,ASoloski,annanorthtweets,7
2102,Tweet,ASoloski,kiracochrane,258
2170,Tweet,ASoloski,gracedent,40
2173,Tweet,ASoloski,melissaclark,22
2141,Tweet,ASoloski,GiniaNYT,5
18044,Article,RorySmith,RorySmith,1
18048,Article,RorySmith,RorySmith,1
18003,Article,RorySmith,tariqpanja,2
18042,Article,RorySmith,RorySmith,1
18056,Article,RorySmith,RorySmith,1
18074,Article,RorySmith,tariqpanja,2
18094,Article,RorySmith,DouthatNYT,5
18038,Article,RorySmith,saumyajitbTOI,9
18059,Article,RorySmith,DavidWaldstein,2
18002,Article,RorySmith,RorySmith,1
18037,Article,RorySmith,RorySmith,1
18071,Article,RorySmith,RorySmith,1
18032,Article,RorySmith,dwightgarner,27
18087,Article,RorySmith,RorySmith,1
18022,Article,RorySmith,RorySmith,1
18165,Tweet,RorySmith,RorySmith,1
18139,Tweet,RorySmith,RorySmith,1
18154,Tweet,RorySmith,RorySmith,1
18149,Tweet,RorySmith,RorySmith,1
18163,Tweet,RorySmith,RorySmith,1
18178,Tweet,RorySmith,RorySmith,1
18183,Tweet,RorySmith,stevenerlanger,23
18121,Tweet,RorySmith,RorySmith,1
18113,Tweet,RorySmith,RorySmith,1
18177,Tweet,RorySmith,RorySmith,1
18159,Tweet,RorySmith,RorySmith,1
18138,Tweet,RorySmith,salihughes,46
18106,Tweet,RorySmith,BellaKwai,224
18195,Tweet,RorySmith,RorySmith,1
18157,Tweet,RorySmith,RorySmith,1
172470,Article,anandbodhTOI,amitanandTOI,3
172511,Article,anandbodhTOI,niyatiparikhTOI,2
172581,Article,anandbodhTOI,anandbodhTOI,1
172481,Article,anandbodhTOI,anandbodhTOI,1
172442,Article,anandbodhTOI,anandbodhTOI,1
172472,Article,anandbodhTOI,anandbodhTOI,1
172577,Article,anandbodhTOI,anandbodhTOI,1
172433,Article,anandbodhTOI,anandbodhTOI,1
172492,Article,anandbodhTOI,amitanandTOI,3
172576,Article,anandbodhTOI,anandbodhTOI,1
172539,Article,anandbodhTOI,anandbodhTOI,1
172479,Article,anandbodhTOI,anandbodhTOI,1
172464,Article,anandbodhTOI,anandbodhTOI,1
172501,Article,anandbodhTOI,anandbodhTOI,1
172554,Article,anandbodhTOI,anandbodhTOI,1
172748,Tweet,anandbodhTOI,rhymetraveller,8
172711,Tweet,anandbodhTOI,SribaalaVTOI,10
172686,Tweet,anandbodhTOI,SribaalaVTOI,21
172761,Tweet,anandbodhTOI,PNaveenTOI,134
172681,Tweet,anandbodhTOI,BhanupratapsTOI,41
172691,Tweet,anandbodhTOI,anandbodhTOI,1
172765,Tweet,anandbodhTOI,anandbodhTOI,1
172698,Tweet,anandbodhTOI,divyadubey_,57
172719,Tweet,anandbodhTOI,anandbodhTOI,1
172694,Tweet,anandbodhTOI,BhanupratapsTOI,48
172772,Tweet,anandbodhTOI,rajendrasTOI,3
172689,Tweet,anandbodhTOI,KapildaveTOI,5
172703,Tweet,anandbodhTOI,anandbodhTOI,1
172716,Tweet,anandbodhTOI,rhymetraveller,39
172677,Tweet,anandbodhTOI,BhanupratapsTOI,130
18617,Article,ShaneGoldmacher,ShaneGoldmacher,1
18690,Article,ShaneGoldmacher,SharonLNYT,25
18638,Article,ShaneGoldmacher,NeilMacFarquhar,41
18694,Article,ShaneGoldmacher,ShaneGoldmacher,1
18656,Article,ShaneGoldmacher,ShaneGoldmacher,1
18663,Article,ShaneGoldmacher,kenvogel,2
18625,Article,ShaneGoldmacher,hillhulse,3
18686,Article,ShaneGoldmacher,kenvogel,19
18614,Article,ShaneGoldmacher,ESCochrane,11
18685,Article,ShaneGoldmacher,hillhulse,3
18699,Article,ShaneGoldmacher,ShaneGoldmacher,1
18672,Article,ShaneGoldmacher,andrewrsorkin,8
18658,Article,ShaneGoldmacher,anniekarni,3
18650,Article,ShaneGoldmacher,hillhulse,9
18693,Article,ShaneGoldmacher,kenvogel,7
18733,Tweet,ShaneGoldmacher,reidepstein,2
18743,Tweet,ShaneGoldmacher,ShaneGoldmacher,1
18762,Tweet,ShaneGoldmacher,SharonLNYT,95
18782,Tweet,ShaneGoldmacher,reidepstein,3
18750,Tweet,ShaneGoldmacher,kenvogel,5
18781,Tweet,ShaneGoldmacher,ShaneGoldmacher,1
18722,Tweet,ShaneGoldmacher,gailcollins,52
18721,Tweet,ShaneGoldmacher,mlevenson,67
18783,Tweet,ShaneGoldmacher,alexanderburns,3
18715,Tweet,ShaneGoldmacher,reidepstein,3
18732,Tweet,ShaneGoldmacher,jmart,3
18742,Tweet,ShaneGoldmacher,julianbarnes,22
18764,Tweet,ShaneGoldmacher,reidepstein,9
18724,Tweet,ShaneGoldmacher,kenvogel,2
18748,Tweet,ShaneGoldmacher,NYTLiz,85
2251,Article,aurelienbrd,aurelienbrd,1
2236,Article,aurelienbrd,aurelienbrd,1
2253,Article,aurelienbrd,NeilMacFarquhar,3
2230,Article,aurelienbrd,aurelienbrd,1
2278,Article,aurelienbrd,aurelienbrd,1
2266,Article,aurelienbrd,NeilMacFarquhar,3
2213,Article,aurelienbrd,aurelienbrd,1
2285,Article,aurelienbrd,aurelienbrd,1
2297,Article,aurelienbrd,aurelienbrd,1
2229,Article,aurelienbrd,aurelienbrd,1
2248,Article,aurelienbrd,NeilMacFarquhar,2
2243,Article,aurelienbrd,michaelcrowley,30
2281,Article,aurelienbrd,aurelienbrd,1
2249,Article,aurelienbrd,aurelienbrd,1
2218,Article,aurelienbrd,aurelienbrd,1
2376,Tweet,aurelienbrd,nicholaswatt,59
2308,Tweet,aurelienbrd,nnougayrede,2
2337,Tweet,aurelienbrd,andrewrsorkin,263
2384,Tweet,aurelienbrd,aurelienbrd,1
2303,Tweet,aurelienbrd,NYTimesCohen,10
2394,Tweet,aurelienbrd,livia_ar,134
2307,Tweet,aurelienbrd,Lattif,5
2318,Tweet,aurelienbrd,vwang3,76
2348,Tweet,aurelienbrd,debaratisen,42
2323,Tweet,aurelienbrd,juliarebeccaj,119
2313,Tweet,aurelienbrd,LizAldermanNYT,17
2379,Tweet,aurelienbrd,NeilMacFarquhar,71
2342,Tweet,aurelienbrd,mikeives,2
2344,Tweet,aurelienbrd,DouthatNYT,252
2346,Tweet,aurelienbrd,aurelienbrd,1
145746,Article,AnushkaAsthana,PippaCrerar,4
145740,Article,AnushkaAsthana,williamnhutton,13
145581,Article,AnushkaAsthana,williamnhutton,2
145749,Article,AnushkaAsthana,PippaCrerar,5
145659,Article,AnushkaAsthana,AndrewSparrow,8
145723,Article,AnushkaAsthana,nicholaswatt,11
145561,Article,AnushkaAsthana,andybrassell,68
145599,Article,AnushkaAsthana,nicholaswatt,17
145603,Article,AnushkaAsthana,nicholaswatt,11
145696,Article,AnushkaAsthana,ewenmacaskill,9
145563,Article,AnushkaAsthana,nicholaswatt,10
145557,Article,AnushkaAsthana,tomdyckhoff,264
145679,Article,AnushkaAsthana,PippaCrerar,9
145747,Article,AnushkaAsthana,Freedland,30
145760,Article,AnushkaAsthana,ewenmacaskill,62
145938,Tweet,AnushkaAsthana,msrachelcooke,89
146299,Tweet,AnushkaAsthana,AnushkaAsthana,1
145819,Tweet,AnushkaAsthana,gabyhinsliff,35
145844,Tweet,AnushkaAsthana,mlevenson,19
146048,Tweet,AnushkaAsthana,naomi2009,80
146087,Tweet,AnushkaAsthana,AnushkaAsthana,1
146097,Tweet,AnushkaAsthana,paulkrugman,54
145964,Tweet,AnushkaAsthana,paulkrugman,2
145985,Tweet,AnushkaAsthana,sarahlyall,243
145990,Tweet,AnushkaAsthana,sarahlyall,185
145814,Tweet,AnushkaAsthana,andrewrsorkin,46
146384,Tweet,AnushkaAsthana,tarasbernard,275
146377,Tweet,AnushkaAsthana,paulkrugman,2
146073,Tweet,AnushkaAsthana,PippaCrerar,5
146270,Tweet,AnushkaAsthana,ESCochrane,5
171842,Article,amitanandTOI,toi_dhananjayM,2
171810,Article,amitanandTOI,toi_dhananjayM,3
171956,Article,amitanandTOI,toi_dhananjayM,2
171898,Article,amitanandTOI,toi_dhananjayM,2
171841,Article,amitanandTOI,toi_dhananjayM,2
171957,Article,amitanandTOI,toi_dhananjayM,2
171743,Article,amitanandTOI,amitanandTOI,1
171779,Article,amitanandTOI,OwenJones84,114
171852,Article,amitanandTOI,toi_dhananjayM,2
171854,Article,amitanandTOI,toi_dhananjayM,2
171945,Article,amitanandTOI,toi_dhananjayM,2
171960,Article,amitanandTOI,amitanandTOI,1
171855,Article,amitanandTOI,toi_dhananjayM,2
171914,Article,amitanandTOI,amitanandTOI,1
171955,Article,amitanandTOI,toi_dhananjayM,2
172016,Tweet,amitanandTOI,amitanandTOI,1
172046,Tweet,amitanandTOI,pradeeptTOI,64
171988,Tweet,amitanandTOI,SribaalaVTOI,3
172075,Tweet,amitanandTOI,somitsenTOI,133
172067,Tweet,amitanandTOI,toi_dhananjayM,5
171999,Tweet,amitanandTOI,amitanandTOI,1
172011,Tweet,amitanandTOI,SribaalaVTOI,12
171985,Tweet,amitanandTOI,amitanandTOI,1
172025,Tweet,amitanandTOI,toi_dhananjayM,2
172008,Tweet,amitanandTOI,BhanupratapsTOI,20
172017,Tweet,amitanandTOI,sarahditum,19
171986,Tweet,amitanandTOI,amitanandTOI,1
172041,Tweet,amitanandTOI,BhanupratapsTOI,31
172035,Tweet,amitanandTOI,pradeeptTOI,202
172021,Tweet,amitanandTOI,amitanandTOI,1
184795,Article,har_mandeep,KanwardeepsTOI,2
184861,Article,har_mandeep,SidharthB25,5
184915,Article,har_mandeep,KanwardeepsTOI,5
184815,Article,har_mandeep,anandbodhTOI,10
184941,Article,har_mandeep,KanwardeepsTOI,10
184743,Article,har_mandeep,har_mandeep,1
184873,Article,har_mandeep,yusrahusain,47
184767,Article,har_mandeep,SidharthB25,9
184730,Article,har_mandeep,anandbodhTOI,11
184745,Article,har_mandeep,ThevarSteffy,6
184827,Article,har_mandeep,ThevarSteffy,7
184741,Article,har_mandeep,rebeccaSTOI,8
184849,Article,har_mandeep,ShrinivasaMTOI,2
184805,Article,har_mandeep,KanwardeepsTOI,3
184854,Article,har_mandeep,SidharthB25,6
185028,Tweet,har_mandeep,har_mandeep,1
184984,Tweet,har_mandeep,ipsinghTOI,4
185013,Tweet,har_mandeep,har_mandeep,1
184970,Tweet,har_mandeep,meeravohraTOI,319
184992,Tweet,har_mandeep,har_mandeep,1
184951,Tweet,har_mandeep,har_mandeep,1
185011,Tweet,har_mandeep,har_mandeep,1
185031,Tweet,har_mandeep,har_mandeep,1
184997,Tweet,har_mandeep,nauzerbTOI,75
185032,Tweet,har_mandeep,NirupaTOI,11
184999,Tweet,har_mandeep,rashmidTOI,6
185006,Tweet,har_mandeep,har_mandeep,1
184991,Tweet,har_mandeep,PNaveenTOI,2
184988,Tweet,har_mandeep,AnaSwanson,247
184947,Tweet,har_mandeep,ramarkosg,49
61328,Article,peterbradshaw1,billicritic,3
61530,Article,peterbradshaw1,EVincentelli,41
61515,Article,peterbradshaw1,peterbradshaw1,1
61487,Article,peterbradshaw1,peterbradshaw1,1
61427,Article,peterbradshaw1,peterbradshaw1,1
61445,Article,peterbradshaw1,benkenigsberg,6
61443,Article,peterbradshaw1,peterbradshaw1,1
61438,Article,peterbradshaw1,jhoffman,7
61360,Article,peterbradshaw1,NilsPratley,103
61406,Article,peterbradshaw1,DerekMalcolm123,11
61465,Article,peterbradshaw1,DerekMalcolm123,17
61331,Article,peterbradshaw1,lyngardner,3
61442,Article,peterbradshaw1,jhoffman,9
61419,Article,peterbradshaw1,davidhepworth,6
61431,Article,peterbradshaw1,DerekMalcolm123,3
61750,Tweet,peterbradshaw1,peterbradshaw1,1
61731,Tweet,peterbradshaw1,aleksk,53
61977,Tweet,peterbradshaw1,GiniaNYT,268
61668,Tweet,peterbradshaw1,peterbradshaw1,1
62063,Tweet,peterbradshaw1,JohnJCrace,230
61538,Tweet,peterbradshaw1,peterbradshaw1,1
61816,Tweet,peterbradshaw1,benkenigsberg,3
61602,Tweet,peterbradshaw1,jonronson,256
62128,Tweet,peterbradshaw1,ditzkoff,154
61681,Tweet,peterbradshaw1,alanconnor,4
61806,Tweet,peterbradshaw1,peterbradshaw1,1
61969,Tweet,peterbradshaw1,peterbradshaw1,1
61859,Tweet,peterbradshaw1,peterbradshaw1,1
61696,Tweet,peterbradshaw1,shattenstone,197
61931,Tweet,peterbradshaw1,msrachelcooke,189
171158,Article,akhileshsTOI,rajendrasTOI,2
171105,Article,akhileshsTOI,SwatiMathurTOI,3
171223,Article,akhileshsTOI,rajendrasTOI,2
171198,Article,akhileshsTOI,rajendrasTOI,3
171086,Article,akhileshsTOI,SwatiMathurTOI,4
171226,Article,akhileshsTOI,rajendrasTOI,17
171118,Article,akhileshsTOI,rajendrasTOI,3
171245,Article,akhileshsTOI,andybrassell,216
171131,Article,akhileshsTOI,rajendrasTOI,8
171242,Article,akhileshsTOI,rajendrasTOI,11
171095,Article,akhileshsTOI,rajendrasTOI,8
171214,Article,akhileshsTOI,rajendrasTOI,10
171070,Article,akhileshsTOI,rajendrasTOI,7
171192,Article,akhileshsTOI,rajendrasTOI,3
171090,Article,akhileshsTOI,SribaalaVTOI,3
171344,Tweet,akhileshsTOI,priyagupta999,49
171336,Tweet,akhileshsTOI,akhileshsTOI,1
171378,Tweet,akhileshsTOI,akhileshsTOI,1
171320,Tweet,akhileshsTOI,akhileshsTOI,1
171324,Tweet,akhileshsTOI,akhileshsTOI,1
171348,Tweet,akhileshsTOI,rashmidTOI,5
171292,Tweet,akhileshsTOI,polblonde,253
171314,Tweet,akhileshsTOI,priyagupta999,109
171335,Tweet,akhileshsTOI,akhileshsTOI,1
171317,Tweet,akhileshsTOI,akhileshsTOI,1
171376,Tweet,akhileshsTOI,Gauraw2297,40
171289,Tweet,akhileshsTOI,Gauraw2297,155
171362,Tweet,akhileshsTOI,priyagupta999,113
171360,Tweet,akhileshsTOI,priyagupta999,103
171370,Tweet,akhileshsTOI,akhileshsTOI,1
203175,Article,Pratiks_TOI,Pratiks_TOI,1
203210,Article,Pratiks_TOI,manujaveerappa,2
203041,Article,Pratiks_TOI,Pratiks_TOI,1
203076,Article,Pratiks_TOI,TOISH31,42
203058,Article,Pratiks_TOI,manujaveerappa,2
202976,Article,Pratiks_TOI,Pratiks_TOI,1
202984,Article,Pratiks_TOI,manujaveerappa,8
203083,Article,Pratiks_TOI,manujaveerappa,2
203168,Article,Pratiks_TOI,manujaveerappa,2
202998,Article,Pratiks_TOI,Pratiks_TOI,1
203203,Article,Pratiks_TOI,Pratiks_TOI,1
203155,Article,Pratiks_TOI,Pratiks_TOI,1
203129,Article,Pratiks_TOI,Pratiks_TOI,1
203050,Article,Pratiks_TOI,aniljdias,2
203044,Article,Pratiks_TOI,manujaveerappa,2
203275,Tweet,Pratiks_TOI,aditya_bh16,7
203270,Tweet,Pratiks_TOI,aditya_bh16,393
203241,Tweet,Pratiks_TOI,aditya_bh16,2
203233,Tweet,Pratiks_TOI,aditya_bh16,55
203251,Tweet,Pratiks_TOI,Pratiks_TOI,1
203227,Tweet,Pratiks_TOI,andybrassell,52
203268,Tweet,Pratiks_TOI,Pratiks_TOI,1
203282,Tweet,Pratiks_TOI,msrachelcooke,453
203247,Tweet,Pratiks_TOI,aditya_bh16,2
203249,Tweet,Pratiks_TOI,Pratiks_TOI,1
203264,Tweet,Pratiks_TOI,AniltheMatrix,2
203317,Tweet,Pratiks_TOI,Pratiks_TOI,1
203234,Tweet,Pratiks_TOI,AraniBasuTOI,22
203295,Tweet,Pratiks_TOI,Pratiks_TOI,1
203310,Tweet,Pratiks_TOI,Pratiks_TOI,1
14644,Article,NeilMacFarquhar,NeilMacFarquhar,1
14619,Article,NeilMacFarquhar,NeilMacFarquhar,1
14647,Article,NeilMacFarquhar,cdcaron,3
14620,Article,NeilMacFarquhar,NeilMacFarquhar,1
14674,Article,NeilMacFarquhar,julianbarnes,2
14678,Article,NeilMacFarquhar,NeilMacFarquhar,1
14666,Article,NeilMacFarquhar,antontroian,2
14652,Article,NeilMacFarquhar,NeilMacFarquhar,1
14681,Article,NeilMacFarquhar,NeilMacFarquhar,1
14667,Article,NeilMacFarquhar,NeilMacFarquhar,1
14680,Article,NeilMacFarquhar,EllenBarryNYT,138
14655,Article,NeilMacFarquhar,NikiKitsantonis,2
14679,Article,NeilMacFarquhar,NeilMacFarquhar,1
14600,Article,NeilMacFarquhar,benkenigsberg,2
14670,Article,NeilMacFarquhar,noamscheiber,2
14779,Tweet,NeilMacFarquhar,antontroian,116
14791,Tweet,NeilMacFarquhar,NeilMacFarquhar,1
14770,Tweet,NeilMacFarquhar,antontroian,142
14752,Tweet,NeilMacFarquhar,antontroian,160
14705,Tweet,NeilMacFarquhar,viasimonromero,152
14797,Tweet,NeilMacFarquhar,NeilMacFarquhar,1
14709,Tweet,NeilMacFarquhar,EmmaBubola,100
14703,Tweet,NeilMacFarquhar,NeilMacFarquhar,1
14740,Tweet,NeilMacFarquhar,antontroian,30
14772,Tweet,NeilMacFarquhar,NeilMacFarquhar,1
14780,Tweet,NeilMacFarquhar,NeilMacFarquhar,1
14789,Tweet,NeilMacFarquhar,NeilMacFarquhar,1
14775,Tweet,NeilMacFarquhar,viasimonromero,75
14790,Tweet,NeilMacFarquhar,antontroian,137
14707,Tweet,NeilMacFarquhar,EmmaBubola,116
150694,Article,DanielKingChess,DanielKingChess,1
150682,Article,DanielKingChess,DerekMalcolm123,28
150668,Article,DanielKingChess,DanielKingChess,1
150569,Article,DanielKingChess,DanielKingChess,1
150623,Article,DanielKingChess,DanielKingChess,1
150656,Article,DanielKingChess,DanielKingChess,1
150670,Article,DanielKingChess,DanielKingChess,1
150467,Article,DanielKingChess,DanielKingChess,1
150632,Article,DanielKingChess,DanielKingChess,1
150576,Article,DanielKingChess,davidhepworth,92
150490,Article,DanielKingChess,DanielKingChess,1
150556,Article,DanielKingChess,DanielKingChess,1
150593,Article,DanielKingChess,DanielKingChess,1
150557,Article,DanielKingChess,DanielKingChess,1
150665,Article,DanielKingChess,DanielKingChess,1
150993,Tweet,DanielKingChess,smita_mishra,87
150764,Tweet,DanielKingChess,alanconnor,87
150817,Tweet,DanielKingChess,joshwiddicombe,34
150792,Tweet,DanielKingChess,NikiKitsantonis,275
151092,Tweet,DanielKingChess,Mahafreed_Irani,3
150721,Tweet,DanielKingChess,alanconnor,3
151252,Tweet,DanielKingChess,sarahlyall,110
150776,Tweet,DanielKingChess,bglendenning,212
150864,Tweet,DanielKingChess,DanielKingChess,1
150981,Tweet,DanielKingChess,alanconnor,6
150982,Tweet,DanielKingChess,alanconnor,2
150966,Tweet,DanielKingChess,27saurabhsinha,266
151288,Tweet,DanielKingChess,joshwiddicombe,2
151258,Tweet,DanielKingChess,jennyschuessler,121
150753,Tweet,DanielKingChess,sermoninstone,106
32007,Article,llerer,alexanderburns,17
32017,Article,llerer,hillhulse,4
32018,Article,llerer,ESCochrane,21
32077,Article,llerer,anniekarni,7
32046,Article,llerer,hillhulse,9
32044,Article,llerer,hillhulse,8
32094,Article,llerer,hillhulse,14
32022,Article,llerer,NeilMacFarquhar,16
32029,Article,llerer,ShaneGoldmacher,12
32049,Article,llerer,hillhulse,6
32008,Article,llerer,hillhulse,7
32002,Article,llerer,ESCochrane,13
32025,Article,llerer,EVincentelli,44
32034,Article,llerer,hillhulse,10
32074,Article,llerer,hillhulse,9
32135,Tweet,llerer,gailcollins,9
32196,Tweet,llerer,alexanderburns,8
32104,Tweet,llerer,jmart,5
32191,Tweet,llerer,SharonLNYT,16
32154,Tweet,llerer,ericschmittnyt,52
32145,Tweet,llerer,joncaramanica,62
32147,Tweet,llerer,vanbadham,184
32116,Tweet,llerer,SherylNYT,17
32110,Tweet,llerer,richardwolffedc,21
32174,Tweet,llerer,PamBelluck,13
32195,Tweet,llerer,gailcollins,10
32128,Tweet,llerer,tripgabriel,11
32199,Tweet,llerer,carlzimmer,50
32170,Tweet,llerer,anniekarni,7
32190,Tweet,llerer,hillhulse,12
126930,Article,jamesrbuk,jimwaterson,198
126847,Article,jamesrbuk,NilsPratley,167
126934,Article,jamesrbuk,hannahdev,206
126978,Article,jamesrbuk,archiebland,18
126998,Article,jamesrbuk,EllenBarryNYT,33
126959,Article,jamesrbuk,emilybell,188
127049,Article,jamesrbuk,MichaelWhite,38
126827,Article,jamesrbuk,thestephmerritt,27
126893,Article,jamesrbuk,NilsPratley,185
126952,Article,jamesrbuk,hannahdev,127
127010,Article,jamesrbuk,jamesrbuk,1
126925,Article,jamesrbuk,NilsPratley,262
126981,Article,jamesrbuk,JohnJCrace,45
127015,Article,jamesrbuk,ewenmacaskill,50
126912,Article,jamesrbuk,OwenJones84,27
127466,Tweet,jamesrbuk,BellaKwai,174
127143,Tweet,jamesrbuk,vanbadham,101
127173,Tweet,jamesrbuk,jonronson,113
127594,Tweet,jamesrbuk,andrewrsorkin,169
127446,Tweet,jamesrbuk,joshwiddicombe,75
127573,Tweet,jamesrbuk,garyyounge,86
127250,Tweet,jamesrbuk,msrachelcooke,10
127339,Tweet,jamesrbuk,MonaChalabi,21
127637,Tweet,jamesrbuk,richardwolffedc,30
127355,Tweet,jamesrbuk,JohnJCrace,40
127412,Tweet,jamesrbuk,sarahditum,21
127342,Tweet,jamesrbuk,joshwiddicombe,91
127426,Tweet,jamesrbuk,paulkrugman,215
127160,Tweet,jamesrbuk,lyngardner,70
127108,Tweet,jamesrbuk,sarahditum,18
168870,Article,AditiZero,Banjotkaur,10
168895,Article,AditiZero,Banjotkaur,6
168962,Article,AditiZero,nauzerbTOI,9
168917,Article,AditiZero,Banjotkaur,5
168954,Article,AditiZero,Banjotkaur,2
168902,Article,AditiZero,Banjotkaur,5
168934,Article,AditiZero,rajendrasTOI,2
168841,Article,AditiZero,ThevarSteffy,6
168933,Article,AditiZero,Banjotkaur,2
168925,Article,AditiZero,Banjotkaur,4
168816,Article,AditiZero,rajendrasTOI,11
168873,Article,AditiZero,SumitraDebRoy,6
168969,Article,AditiZero,Banjotkaur,2
169004,Article,AditiZero,Banjotkaur,3
168828,Article,AditiZero,rajendrasTOI,2
169129,Tweet,AditiZero,aseemsgujar,11
169063,Tweet,AditiZero,pradeeptTOI,4
169144,Tweet,AditiZero,noamscheiber,28
169055,Tweet,AditiZero,DekaJayanta,38
169052,Tweet,AditiZero,MujMash,8
169125,Tweet,AditiZero,BhanupratapsTOI,31
169072,Tweet,AditiZero,PNaveenTOI,9
169082,Tweet,AditiZero,BhanupratapsTOI,29
169121,Tweet,AditiZero,PNaveenTOI,30
169069,Tweet,AditiZero,PNaveenTOI,24
169075,Tweet,AditiZero,BhanupratapsTOI,18
169080,Tweet,AditiZero,PNaveenTOI,10
169102,Tweet,AditiZero,PNaveenTOI,17
169067,Tweet,AditiZero,mlevenson,40
169076,Tweet,AditiZero,gettleman,14
35048,Article,NYTLiz,npfandos,19
35007,Article,NYTLiz,hillhulse,9
35017,Article,NYTLiz,helenecooper,3
35010,Article,NYTLiz,RichardFausset,8
35019,Article,NYTLiz,NeilMacFarquhar,37
35092,Article,NYTLiz,BenWeiserNYT,43
35049,Article,NYTLiz,andrewrsorkin,8
35034,Article,NYTLiz,julianbarnes,37
35079,Article,NYTLiz,adamliptak,76
35033,Article,NYTLiz,charlie_savage,32
35088,Article,NYTLiz,DouthatNYT,8
35098,Article,NYTLiz,jbouie,2
35089,Article,NYTLiz,kannoyoungs,13
35021,Article,NYTLiz,pete_wells,16
35053,Article,NYTLiz,hillhulse,6
35111,Tweet,NYTLiz,parul_sehgal,41
35158,Tweet,NYTLiz,msrachelcooke,99
35159,Tweet,NYTLiz,gettinviggy,115
35115,Tweet,NYTLiz,jbouie,72
35160,Tweet,NYTLiz,Mahafreed_Irani,81
35120,Tweet,NYTLiz,jennydeluxe,18
35194,Tweet,NYTLiz,andybrassell,70
35119,Tweet,NYTLiz,carlzimmer,125
35152,Tweet,NYTLiz,PerriKlass,130
35173,Tweet,NYTLiz,jwpetersNYT,50
35113,Tweet,NYTLiz,allegramcevedy,65
35168,Tweet,NYTLiz,sarahlyall,10
35172,Tweet,NYTLiz,afuahirsch,105
35174,Tweet,NYTLiz,jwpetersNYT,31
35147,Tweet,NYTLiz,andrewrawnsley,86
117198,Article,garyyounge,NilsPratley,462
117234,Article,garyyounge,andybrassell,18
117276,Article,garyyounge,garyyounge,1
117183,Article,garyyounge,garyyounge,1
117224,Article,garyyounge,OwenJones84,76
117204,Article,garyyounge,KateEMcCann,331
117138,Article,garyyounge,garyyounge,1
117123,Article,garyyounge,andybrassell,18
117176,Article,garyyounge,andybrassell,13
117179,Article,garyyounge,garyyounge,1
117064,Article,garyyounge,JohnJCrace,15
117082,Article,garyyounge,JohnJCrace,7
117279,Article,garyyounge,paulkrugman,58
117149,Article,garyyounge,williamnhutton,3
117167,Article,garyyounge,declanwalsh,454
117459,Tweet,garyyounge,alanconnor,183
117362,Tweet,garyyounge,joshwiddicombe,32
117422,Tweet,garyyounge,dwightgarner,480
117418,Tweet,garyyounge,arusbridger,248
117487,Tweet,garyyounge,joshwiddicombe,35
117413,Tweet,garyyounge,alanconnor,17
117471,Tweet,garyyounge,msrachelcooke,298
117517,Tweet,garyyounge,DouthatNYT,478
117354,Tweet,garyyounge,DouthatNYT,471
117408,Tweet,garyyounge,WilbyPeter,195
117548,Tweet,garyyounge,HackneyAbbott,30
117337,Tweet,garyyounge,EmmaBubola,2
117328,Tweet,garyyounge,shattenstone,214
117538,Tweet,garyyounge,OfficeGSBrown,2
117450,Tweet,garyyounge,viasimonromero,48
96060,Article,patrickwintour,PippaCrerar,7
96070,Article,patrickwintour,patrickwintour,1
95987,Article,patrickwintour,lukeharding1968,21
96088,Article,patrickwintour,dansabbagh,38
96086,Article,patrickwintour,PippaCrerar,6
96182,Article,patrickwintour,naomi2009,9
96175,Article,patrickwintour,NilsPratley,6
96079,Article,patrickwintour,NilsPratley,11
95988,Article,patrickwintour,marthakelner,5
96119,Article,patrickwintour,declanwalsh,2
96121,Article,patrickwintour,lukeharding1968,8
95977,Article,patrickwintour,nicholaswatt,7
96084,Article,patrickwintour,ewenmacaskill,3
96158,Article,patrickwintour,john_hooper,3
95978,Article,patrickwintour,lukeharding1968,39
96705,Tweet,patrickwintour,farnazfassihi,37
96333,Tweet,patrickwintour,sarahlyall,199
96245,Tweet,patrickwintour,farnazfassihi,66
96592,Tweet,patrickwintour,charlie_savage,50
96317,Tweet,patrickwintour,farnazfassihi,71
96643,Tweet,patrickwintour,ericschmittnyt,33
96383,Tweet,patrickwintour,lukeharding1968,37
96701,Tweet,patrickwintour,laurenlaverne,289
96419,Tweet,patrickwintour,nytDeniseGrady,415
96726,Tweet,patrickwintour,farnazfassihi,5
96282,Tweet,patrickwintour,stevenerlanger,37
96714,Tweet,patrickwintour,HackneyAbbott,116
96440,Tweet,patrickwintour,desaisantosh,256
96495,Tweet,patrickwintour,vwang3,214
96350,Tweet,patrickwintour,meddynyt,14
204026,Article,psangeetha2112,shiba_kurian,4
204054,Article,psangeetha2112,DekaJayanta,73
204022,Article,psangeetha2112,ThevarSteffy,20
204088,Article,psangeetha2112,aniljdias,10
204107,Article,psangeetha2112,psangeetha2112,1
204052,Article,psangeetha2112,meeravohraTOI,6
204108,Article,psangeetha2112,aniljdias,10
204103,Article,psangeetha2112,afuahirsch,74
204055,Article,psangeetha2112,meeravohraTOI,7
204120,Article,psangeetha2112,debaratisen,7
204106,Article,psangeetha2112,KomalGautham,53
204035,Article,psangeetha2112,NewtonSTOI,92
204081,Article,psangeetha2112,meeravohraTOI,3
204094,Article,psangeetha2112,ThevarSteffy,36
204046,Article,psangeetha2112,yusrahusain,15
204161,Tweet,psangeetha2112,priyagupta999,2
204183,Tweet,psangeetha2112,priyagupta999,2
204164,Tweet,psangeetha2112,priyagupta999,3
204234,Tweet,psangeetha2112,priyagupta999,5
204146,Tweet,psangeetha2112,priyagupta999,2
204192,Tweet,psangeetha2112,sermoninstone,36
204180,Tweet,psangeetha2112,meeravohraTOI,8
204201,Tweet,psangeetha2112,jayamenon64,5
204187,Tweet,psangeetha2112,priyagupta999,2
204215,Tweet,psangeetha2112,priyagupta999,2
204172,Tweet,psangeetha2112,MoharBasu,9
204160,Tweet,psangeetha2112,priyagupta999,4
204177,Tweet,psangeetha2112,priyagupta999,3
204144,Tweet,psangeetha2112,MoharBasu,20
204147,Tweet,psangeetha2112,Mahafreed_Irani,10
204705,Article,rajendrasTOI,rajendrasTOI,1
204616,Article,rajendrasTOI,rajendrasTOI,1
204672,Article,rajendrasTOI,rajendrasTOI,1
204660,Article,rajendrasTOI,rajendrasTOI,1
204734,Article,rajendrasTOI,rajendrasTOI,1
204624,Article,rajendrasTOI,rajendrasTOI,1
204715,Article,rajendrasTOI,rajendrasTOI,1
204597,Article,rajendrasTOI,rajendrasTOI,1
204768,Article,rajendrasTOI,rajendrasTOI,1
204731,Article,rajendrasTOI,rajendrasTOI,1
204726,Article,rajendrasTOI,rajendrasTOI,1
204812,Article,rajendrasTOI,rajendrasTOI,1
204651,Article,rajendrasTOI,rajendrasTOI,1
204602,Article,rajendrasTOI,rajendrasTOI,1
204791,Article,rajendrasTOI,rajendrasTOI,1
204935,Tweet,rajendrasTOI,rajendrasTOI,1
204940,Tweet,rajendrasTOI,julianbarnes,13
204867,Tweet,rajendrasTOI,rashmidTOI,101
204887,Tweet,rajendrasTOI,dipakdashTOI,5
204911,Tweet,rajendrasTOI,vijayVsinghTOI,10
204924,Tweet,rajendrasTOI,helenecooper,72
204843,Tweet,rajendrasTOI,gettleman,474
204870,Tweet,rajendrasTOI,SidharthB25,25
204933,Tweet,rajendrasTOI,AnaSwanson,6
204903,Tweet,rajendrasTOI,helenecooper,131
204932,Tweet,rajendrasTOI,julianbarnes,5
204919,Tweet,rajendrasTOI,rajendrasTOI,1
204888,Tweet,rajendrasTOI,rajendrasTOI,1
204873,Tweet,rajendrasTOI,NewtonSTOI,2
204912,Tweet,rajendrasTOI,sushmi_dey,2
120208,Article,FelicityCloake,andybrassell,13
120080,Article,FelicityCloake,OwenJones84,61
120067,Article,FelicityCloake,FelicityCloake,1
120033,Article,FelicityCloake,andybrassell,2
120020,Article,FelicityCloake,axrenton,2
120197,Article,FelicityCloake,FelicityCloake,1
120059,Article,FelicityCloake,FelicityCloake,1
120053,Article,FelicityCloake,FelicityCloake,1
120207,Article,FelicityCloake,FelicityCloake,1
120187,Article,FelicityCloake,andybrassell,70
120236,Article,FelicityCloake,FelicityCloake,1
120221,Article,FelicityCloake,andybrassell,62
120214,Article,FelicityCloake,RebeccaSeal,3
120051,Article,FelicityCloake,RebeccaSeal,2
120148,Article,FelicityCloake,ollywainwright,44
120317,Tweet,FelicityCloake,FelicityCloake,1
120416,Tweet,FelicityCloake,FelicityCloake,1
120632,Tweet,FelicityCloake,msrachelcooke,41
120413,Tweet,FelicityCloake,MarinaOLoughlin,2
120769,Tweet,FelicityCloake,msrachelcooke,11
120447,Tweet,FelicityCloake,FelicityCloake,1
120362,Tweet,FelicityCloake,FelicityCloake,1
120823,Tweet,FelicityCloake,msrachelcooke,10
120427,Tweet,FelicityCloake,melissaclark,10
120292,Tweet,FelicityCloake,gabyhinsliff,12
120788,Tweet,FelicityCloake,msrachelcooke,40
120724,Tweet,FelicityCloake,RowanMoore,13
120588,Tweet,FelicityCloake,timjonze,9
120641,Tweet,FelicityCloake,melissaclark,2
120538,Tweet,FelicityCloake,jennydeluxe,45
35489,Article,EricaLG,noamscheiber,27
35415,Article,EricaLG,SharonLNYT,26
35475,Article,EricaLG,RichardFausset,92
35461,Article,EricaLG,cdcaron,68
35453,Article,EricaLG,ESCochrane,10
35418,Article,EricaLG,hillhulse,3
35488,Article,EricaLG,kannoyoungs,27
35408,Article,EricaLG,AnaSwanson,19
35406,Article,EricaLG,NeilMacFarquhar,141
35459,Article,EricaLG,kannoyoungs,24
35427,Article,EricaLG,cdcaron,29
35400,Article,EricaLG,anemonanyc,91
35487,Article,EricaLG,noamscheiber,35
35445,Article,EricaLG,ESCochrane,20
35492,Article,EricaLG,RichardFausset,52
35594,Tweet,EricaLG,GiniaNYT,78
35513,Tweet,EricaLG,andybrassell,9
35567,Tweet,EricaLG,afuahirsch,4
35534,Tweet,EricaLG,elizabday,4
35502,Tweet,EricaLG,vanbadham,72
35571,Tweet,EricaLG,jennydeluxe,39
35565,Tweet,EricaLG,SherylNYT,74
35548,Tweet,EricaLG,elizabday,3
35529,Tweet,EricaLG,garyyounge,86
35532,Tweet,EricaLG,elizabday,5
35531,Tweet,EricaLG,elizabday,5
35508,Tweet,EricaLG,jennydeluxe,3
35509,Tweet,EricaLG,jonronson,31
35569,Tweet,EricaLG,jennydeluxe,35
35599,Tweet,EricaLG,garyyounge,140
20653,Article,ewong,EllenBarryNYT,6
20646,Article,ewong,NeilMacFarquhar,6
20626,Article,ewong,NeilMacFarquhar,26
20683,Article,ewong,ewong,1
20612,Article,ewong,AnaSwanson,17
20652,Article,ewong,michaelcrowley,2
20698,Article,ewong,julianbarnes,6
20693,Article,ewong,julianbarnes,3
20611,Article,ewong,julianbarnes,2
20601,Article,ewong,andrewrsorkin,47
20656,Article,ewong,julianbarnes,3
20666,Article,ewong,ewong,1
20686,Article,ewong,julianbarnes,3
20619,Article,ewong,AnaSwanson,4
20679,Article,ewong,AnaSwanson,2
20728,Tweet,ewong,mlevenson,34
20734,Tweet,ewong,GiniaNYT,220
20769,Tweet,ewong,jimtankersley,12
20704,Tweet,ewong,ChuBailiang,16
20799,Tweet,ewong,antontroian,5
20752,Tweet,ewong,gailcollins,93
20725,Tweet,ewong,ewong,1
20731,Tweet,ewong,npwcnn,2
20755,Tweet,ewong,attackerman,5
20748,Tweet,ewong,stevenerlanger,2
20760,Tweet,ewong,SangerNYT,4
20770,Tweet,ewong,ericschmittnyt,2
20736,Tweet,ewong,stevenerlanger,7
20732,Tweet,ewong,ewong,1
20742,Tweet,ewong,viasimonromero,38
69426,Article,greenslader,RachelDonadio,68
69594,Article,greenslader,naomi2009,34
69487,Article,greenslader,timlottwriter,24
69448,Article,greenslader,OwenJones84,98
69625,Article,greenslader,naomi2009,12
69557,Article,greenslader,benkenigsberg,38
69503,Article,greenslader,jimwaterson,12
69430,Article,greenslader,andybrassell,118
69599,Article,greenslader,jimwaterson,29
69439,Article,greenslader,williamnhutton,69
69520,Article,greenslader,jimwaterson,29
69484,Article,greenslader,jimwaterson,13
69607,Article,greenslader,jimwaterson,23
69438,Article,greenslader,andybrassell,137
69414,Article,greenslader,IanCobain,98
69650,Tweet,greenslader,EmmaBubola,39
70099,Tweet,greenslader,greenslader,1
69834,Tweet,greenslader,markriceoxley69,4
70171,Tweet,greenslader,mlevenson,129
69895,Tweet,greenslader,GiniaNYT,127
69867,Tweet,greenslader,AnushkaAsthana,18
69771,Tweet,greenslader,davidleighx,38
69756,Tweet,greenslader,ceciliakang,2
69952,Tweet,greenslader,davidleighx,24
69970,Tweet,greenslader,AnushkaAsthana,20
69654,Tweet,greenslader,paulmasonnews,7
70104,Tweet,greenslader,greenslader,1
70090,Tweet,greenslader,WilbyPeter,6
69982,Tweet,greenslader,tomfriedman,85
69922,Tweet,greenslader,davidleighx,2
178445,Article,bishnoiarvind11,anandbodhTOI,3
178410,Article,bishnoiarvind11,anandbodhTOI,2
178499,Article,bishnoiarvind11,Crime_Selvaraj,4
178413,Article,bishnoiarvind11,bishnoiarvind11,1
178417,Article,bishnoiarvind11,anandbodhTOI,2
178371,Article,bishnoiarvind11,anandbodhTOI,6
178447,Article,bishnoiarvind11,anandbodhTOI,6
178520,Article,bishnoiarvind11,anandbodhTOI,2
178391,Article,bishnoiarvind11,ThevarSteffy,4
178396,Article,bishnoiarvind11,priyangiTOI,5
178500,Article,bishnoiarvind11,KanwardeepsTOI,22
178313,Article,bishnoiarvind11,KanwardeepsTOI,2
178361,Article,bishnoiarvind11,anandbodhTOI,2
178524,Article,bishnoiarvind11,richapintoi,6
178395,Article,bishnoiarvind11,anandbodhTOI,8
178553,Tweet,bishnoiarvind11,smita_mishra,58
178592,Tweet,bishnoiarvind11,bishnoiarvind11,1
178571,Tweet,bishnoiarvind11,shafaquealamTOI,2
178565,Tweet,bishnoiarvind11,bishnoiarvind11,1
178566,Tweet,bishnoiarvind11,bishnoiarvind11,1
178588,Tweet,bishnoiarvind11,bishnoiarvind11,1
178544,Tweet,bishnoiarvind11,PNaveenTOI,26
178627,Tweet,bishnoiarvind11,bishnoiarvind11,1
178585,Tweet,bishnoiarvind11,bishnoiarvind11,1
178591,Tweet,bishnoiarvind11,bishnoiarvind11,1
178559,Tweet,bishnoiarvind11,priyagupta999,2
178584,Tweet,bishnoiarvind11,bishnoiarvind11,1
178599,Tweet,bishnoiarvind11,bishnoiarvind11,1
178617,Tweet,bishnoiarvind11,bishnoiarvind11,1
178532,Tweet,bishnoiarvind11,priyagupta999,3
17662,Article,RichSandomir,genznyt,5
17692,Article,RichSandomir,RichSandomir,1
17699,Article,RichSandomir,dwightgarner,53
17644,Article,RichSandomir,genznyt,3
17613,Article,RichSandomir,RichSandomir,1
17651,Article,RichSandomir,RichSandomir,1
17628,Article,RichSandomir,samrob12,2
17656,Article,RichSandomir,samrob12,4
17665,Article,RichSandomir,samrob12,2
17655,Article,RichSandomir,samrob12,2
17672,Article,RichSandomir,genznyt,3
17610,Article,RichSandomir,samrob12,2
17670,Article,RichSandomir,samrob12,2
17695,Article,RichSandomir,samrob12,2
17627,Article,RichSandomir,samrob12,2
17748,Tweet,RichSandomir,RichSandomir,1
17709,Tweet,RichSandomir,mlevenson,30
17791,Tweet,RichSandomir,billmpennington,33
17780,Tweet,RichSandomir,kiracochrane,23
17710,Tweet,RichSandomir,DeccaJourno,7
17758,Tweet,RichSandomir,billywitz,8
17704,Tweet,RichSandomir,nytDeniseGrady,55
17751,Tweet,RichSandomir,LauraCummingArt,35
17754,Tweet,RichSandomir,TristramHuntVA,37
17764,Tweet,RichSandomir,tomfriedman,5
17794,Tweet,RichSandomir,PamBelluck,48
17735,Tweet,RichSandomir,PamBelluck,41
17717,Tweet,RichSandomir,psangeetha2112,28
17740,Tweet,RichSandomir,davidleighx,38
17798,Tweet,RichSandomir,joncaramanica,12
23614,Article,sarahlyall,EVincentelli,8
23685,Article,sarahlyall,hillhulse,34
23638,Article,sarahlyall,dwightgarner,5
23604,Article,sarahlyall,RorySmith,13
23661,Article,sarahlyall,dwightgarner,12
23610,Article,sarahlyall,dwightgarner,5
23660,Article,sarahlyall,pete_wells,4
23671,Article,sarahlyall,dwightgarner,5
23678,Article,sarahlyall,dwightgarner,6
23663,Article,sarahlyall,sarahlyall,1
23666,Article,sarahlyall,dwightgarner,7
23698,Article,sarahlyall,benkenigsberg,32
23699,Article,sarahlyall,andrewrsorkin,122
23688,Article,sarahlyall,NeilMacFarquhar,9
23696,Article,sarahlyall,ianrausten,51
23770,Tweet,sarahlyall,sarahlyall,1
23701,Tweet,sarahlyall,GiniaNYT,2
23711,Tweet,sarahlyall,elizabday,19
23702,Tweet,sarahlyall,GiniaNYT,2
23743,Tweet,sarahlyall,sermoninstone,112
23779,Tweet,sarahlyall,sarahlyall,1
23718,Tweet,sarahlyall,jennydeluxe,2
23712,Tweet,sarahlyall,sarahlyall,1
23766,Tweet,sarahlyall,GiniaNYT,2
23754,Tweet,sarahlyall,sarahlyall,1
23735,Tweet,sarahlyall,elizabday,17
23714,Tweet,sarahlyall,sarahlyall,1
23761,Tweet,sarahlyall,msrachelcooke,57
23725,Tweet,sarahlyall,DouthatNYT,6
23757,Tweet,sarahlyall,shattenstone,50
219890,Article,vaibhavgTOI,vaibhavgTOI,1
219723,Article,vaibhavgTOI,toi_dhananjayM,8
219886,Article,vaibhavgTOI,rajendrasTOI,2
219741,Article,vaibhavgTOI,anandbodhTOI,2
219824,Article,vaibhavgTOI,rajendrasTOI,2
219889,Article,vaibhavgTOI,rajendrasTOI,29
219950,Article,vaibhavgTOI,dipakdashTOI,16
219772,Article,vaibhavgTOI,toi_dhananjayM,13
219784,Article,vaibhavgTOI,vaibhavgTOI,1
219866,Article,vaibhavgTOI,toi_dhananjayM,5
219943,Article,vaibhavgTOI,rajendrasTOI,2
219858,Article,vaibhavgTOI,amitanandTOI,55
219882,Article,vaibhavgTOI,yusrahusain,26
219918,Article,vaibhavgTOI,rajendrasTOI,2
219806,Article,vaibhavgTOI,NewtonSTOI,97
219997,Tweet,vaibhavgTOI,vaibhavgTOI,1
220022,Tweet,vaibhavgTOI,kush_junglee,10
219966,Tweet,vaibhavgTOI,Gauraw2297,13
220014,Tweet,vaibhavgTOI,somitsenTOI,11
219994,Tweet,vaibhavgTOI,vaibhavgTOI,1
220018,Tweet,vaibhavgTOI,somitsenTOI,26
220039,Tweet,vaibhavgTOI,ChaitanyadTOI,11
220017,Tweet,vaibhavgTOI,vaibhavgTOI,1
219969,Tweet,vaibhavgTOI,vaibhavgTOI,1
219963,Tweet,vaibhavgTOI,rashmidTOI,5
220013,Tweet,vaibhavgTOI,priyagupta999,48
220028,Tweet,vaibhavgTOI,priyagupta999,41
220056,Tweet,vaibhavgTOI,BhanupratapsTOI,5
220047,Tweet,vaibhavgTOI,ChaitanyadTOI,3
220055,Tweet,vaibhavgTOI,ChaitanyadTOI,6
216471,Article,TOISH31,andybrassell,21
216581,Article,TOISH31,aniljdias,2
216529,Article,TOISH31,aniljdias,4
216559,Article,TOISH31,aniljdias,7
216434,Article,TOISH31,vivek9301,23
216458,Article,TOISH31,TOISH31,1
216381,Article,TOISH31,aniljdias,3
216565,Article,TOISH31,aniljdias,24
216556,Article,TOISH31,rajendrasTOI,3
216548,Article,TOISH31,aniljdias,5
216481,Article,TOISH31,rajendrasTOI,7
216499,Article,TOISH31,kumaraswamykTOI,2
216495,Article,TOISH31,aniljdias,5
216489,Article,TOISH31,aniljdias,2
216611,Article,TOISH31,aniljdias,10
216618,Tweet,TOISH31,TOISH31,1
216653,Tweet,TOISH31,TOISH31,1
216631,Tweet,TOISH31,TOISH31,1
216686,Tweet,TOISH31,TOISH31,1
216660,Tweet,TOISH31,TOISH31,1
216662,Tweet,TOISH31,TOISH31,1
216656,Tweet,TOISH31,TOISH31,1
216696,Tweet,TOISH31,TOISH31,1
216687,Tweet,TOISH31,TOISH31,1
216627,Tweet,TOISH31,TOISH31,1
216702,Tweet,TOISH31,TOISH31,1
216699,Tweet,TOISH31,TOISH31,1
216704,Tweet,TOISH31,TOISH31,1
216663,Tweet,TOISH31,TOISH31,1
216619,Tweet,TOISH31,TOISH31,1
54704,Article,alexvtunzelmann,alexvtunzelmann,1
54710,Article,alexvtunzelmann,alexvtunzelmann,1
54631,Article,alexvtunzelmann,DerekMalcolm123,2
54767,Article,alexvtunzelmann,alexvtunzelmann,1
54769,Article,alexvtunzelmann,alexvtunzelmann,1
54610,Article,alexvtunzelmann,NesrineMalik,63
54762,Article,alexvtunzelmann,alexvtunzelmann,1
54816,Article,alexvtunzelmann,alexvtunzelmann,1
54658,Article,alexvtunzelmann,alexvtunzelmann,1
54653,Article,alexvtunzelmann,alexvtunzelmann,1
54854,Article,alexvtunzelmann,alexvtunzelmann,1
54637,Article,alexvtunzelmann,alexvtunzelmann,1
54719,Article,alexvtunzelmann,alexvtunzelmann,1
54751,Article,alexvtunzelmann,DerekMalcolm123,2
54783,Article,alexvtunzelmann,alexvtunzelmann,1
55167,Tweet,alexvtunzelmann,AndrewSparrow,303
55287,Tweet,alexvtunzelmann,vanbadham,112
55365,Tweet,alexvtunzelmann,mariellaf1,452
55136,Tweet,alexvtunzelmann,msrachelcooke,10
55265,Tweet,alexvtunzelmann,davidleighx,282
54954,Tweet,alexvtunzelmann,msrachelcooke,34
55170,Tweet,alexvtunzelmann,jackschofield,284
54933,Tweet,alexvtunzelmann,sarahditum,44
55207,Tweet,alexvtunzelmann,msrachelcooke,46
55340,Tweet,alexvtunzelmann,paulmasonnews,421
55095,Tweet,alexvtunzelmann,sarahlyall,58
55176,Tweet,alexvtunzelmann,joshwiddicombe,306
54864,Tweet,alexvtunzelmann,mtomasky,55
55063,Tweet,alexvtunzelmann,SocialQPhilip,148
54871,Tweet,alexvtunzelmann,msmirandasawyer,21
100437,Article,archiebland,andybrassell,20
100340,Article,archiebland,JohnJCrace,16
100424,Article,archiebland,andybrassell,18
100402,Article,archiebland,garyyounge,14
100323,Article,archiebland,garyyounge,19
100364,Article,archiebland,paulmasonnews,2
100429,Article,archiebland,archiebland,1
100305,Article,archiebland,jimwaterson,417
100222,Article,archiebland,axrenton,64
100404,Article,archiebland,philipoltermann,18
100368,Article,archiebland,JohnJCrace,3
100431,Article,archiebland,OwenJones84,8
100421,Article,archiebland,gabyhinsliff,4
100193,Article,archiebland,JohnJCrace,22
100415,Article,archiebland,nicholaswatt,24
100902,Tweet,archiebland,dwightgarner,356
100755,Tweet,archiebland,PamBelluck,67
100699,Tweet,archiebland,msrachelcooke,47
100775,Tweet,archiebland,RowanMoore,72
100912,Tweet,archiebland,sarahditum,22
100686,Tweet,archiebland,markriceoxley69,93
100452,Tweet,archiebland,DanBilefsky,292
101030,Tweet,archiebland,sarahlyall,419
100946,Tweet,archiebland,alanconnor,123
100502,Tweet,archiebland,jestei,287
100566,Tweet,archiebland,alanconnor,91
100485,Tweet,archiebland,davidleighx,193
100696,Tweet,archiebland,afuahirsch,119
100712,Tweet,archiebland,andrewrsorkin,383
100710,Tweet,archiebland,msmirandasawyer,13
180504,Article,desaisantosh,garyyounge,91
180588,Article,desaisantosh,rjadHinduBL,223
180604,Article,desaisantosh,DerekMalcolm123,62
180490,Article,desaisantosh,jatinder_tur,85
180493,Article,desaisantosh,naomi2009,147
180583,Article,desaisantosh,DouthatNYT,224
180567,Article,desaisantosh,JohnJCrace,2
180577,Article,desaisantosh,rjadHinduBL,214
180616,Article,desaisantosh,williamnhutton,45
180516,Article,desaisantosh,NewtonSTOI,226
180517,Article,desaisantosh,lindasgrant,18
180502,Article,desaisantosh,RachelDonadio,25
180507,Article,desaisantosh,williamnhutton,48
180594,Article,desaisantosh,DerekMalcolm123,75
180596,Article,desaisantosh,saumyajitbTOI,70
180641,Tweet,desaisantosh,sarahlyall,63
180702,Tweet,desaisantosh,desaisantosh,1
180663,Tweet,desaisantosh,desaisantosh,1
180664,Tweet,desaisantosh,desaisantosh,1
180660,Tweet,desaisantosh,desaisantosh,1
180692,Tweet,desaisantosh,desaisantosh,1
180632,Tweet,desaisantosh,desaisantosh,1
180656,Tweet,desaisantosh,desaisantosh,1
180622,Tweet,desaisantosh,desaisantosh,1
180649,Tweet,desaisantosh,ollywainwright,2
180694,Tweet,desaisantosh,desaisantosh,1
180665,Tweet,desaisantosh,desaisantosh,1
180661,Tweet,desaisantosh,desaisantosh,1
180672,Tweet,desaisantosh,desaisantosh,1
180652,Tweet,desaisantosh,MohitaTOI,27
7689,Article,EVincentelli,EVincentelli,1
7629,Article,EVincentelli,EVincentelli,1
7661,Article,EVincentelli,EVincentelli,1
7667,Article,EVincentelli,ASoloski,2
7640,Article,EVincentelli,benkenigsberg,2
7684,Article,EVincentelli,sisario,2
7605,Article,EVincentelli,benkenigsberg,2
7652,Article,EVincentelli,dwightgarner,2
7688,Article,EVincentelli,MichaelPaulson,9
7631,Article,EVincentelli,sisario,3
7625,Article,EVincentelli,EVincentelli,1
7616,Article,EVincentelli,EVincentelli,1
7601,Article,EVincentelli,EVincentelli,1
7608,Article,EVincentelli,sisario,2
7648,Article,EVincentelli,ditzkoff,3
7710,Tweet,EVincentelli,meddynyt,462
7724,Tweet,EVincentelli,vvfriedman,211
7729,Tweet,EVincentelli,peterbradshaw1,101
7758,Tweet,EVincentelli,DanBilefsky,369
7799,Tweet,EVincentelli,EVincentelli,1
7797,Tweet,EVincentelli,debaratisen,351
7718,Tweet,EVincentelli,sarahlyall,6
7705,Tweet,EVincentelli,EVincentelli,1
7748,Tweet,EVincentelli,ASoloski,3
7790,Tweet,EVincentelli,wesley_morris,4
7767,Tweet,EVincentelli,wesley_morris,8
7743,Tweet,EVincentelli,joncaramanica,189
7745,Tweet,EVincentelli,dwightgarner,8
7761,Tweet,EVincentelli,jonathanwatts,15
7754,Tweet,EVincentelli,EVincentelli,1
202110,Article,pradeepjourno,KanwardeepsTOI,8
202162,Article,pradeepjourno,pradeepjourno,1
202128,Article,pradeepjourno,pradeepjourno,1
202104,Article,pradeepjourno,rebeccaSTOI,8
202050,Article,pradeepjourno,NishikantkTOI,6
202101,Article,pradeepjourno,pradeepjourno,1
201972,Article,pradeepjourno,vijayVsinghTOI,10
202135,Article,pradeepjourno,NishikantkTOI,4
202172,Article,pradeepjourno,pradeepjourno,1
201994,Article,pradeepjourno,BawaNaaved,39
202096,Article,pradeepjourno,NishikantkTOI,4
201929,Article,pradeepjourno,rajendrasTOI,3
201995,Article,pradeepjourno,rajendrasTOI,3
202087,Article,pradeepjourno,pradeepjourno,1
201991,Article,pradeepjourno,sandhyanairTOI,2
202255,Tweet,pradeepjourno,Gauraw2297,4
202266,Tweet,pradeepjourno,Gauraw2297,2
202211,Tweet,pradeepjourno,MKSinghGkp,2
202217,Tweet,pradeepjourno,afuahirsch,88
202184,Tweet,pradeepjourno,Gauraw2297,2
202201,Tweet,pradeepjourno,priyagupta999,11
202226,Tweet,pradeepjourno,joncaramanica,430
202256,Tweet,pradeepjourno,nandinisgTOI,17
202229,Tweet,pradeepjourno,Gauraw2297,7
202206,Tweet,pradeepjourno,saumyajitbTOI,362
202216,Tweet,pradeepjourno,SwatiShindeTOI,20
202204,Tweet,pradeepjourno,pradeepjourno,1
202250,Tweet,pradeepjourno,pradeepjourno,1
202200,Tweet,pradeepjourno,pradeepjourno,1
202257,Tweet,pradeepjourno,Gauraw2297,7
201411,Article,PjJoychen,NewtonSTOI,129
201355,Article,PjJoychen,toi_dhananjayM,18
201343,Article,PjJoychen,SumitraDebRoy,36
201319,Article,PjJoychen,rebeccaSTOI,21
201397,Article,PjJoychen,NewtonSTOI,85
201331,Article,PjJoychen,SidharthB25,88
201329,Article,PjJoychen,rajendrasTOI,9
201447,Article,PjJoychen,toi_dhananjayM,45
201431,Article,PjJoychen,toi_dhananjayM,21
201435,Article,PjJoychen,toi_dhananjayM,5
201396,Article,PjJoychen,rjadHinduBL,28
201378,Article,PjJoychen,SribaalaVTOI,103
201379,Article,PjJoychen,toi_dhananjayM,11
201365,Article,PjJoychen,rebeccaSTOI,24
201361,Article,PjJoychen,journo_vibha,13
201485,Tweet,PjJoychen,PjJoychen,1
201503,Tweet,PjJoychen,PjJoychen,1
201514,Tweet,PjJoychen,PjJoychen,1
201576,Tweet,PjJoychen,PjJoychen,1
201579,Tweet,PjJoychen,PjJoychen,1
201563,Tweet,PjJoychen,PjJoychen,1
201543,Tweet,PjJoychen,PjJoychen,1
201540,Tweet,PjJoychen,PjJoychen,1
201520,Tweet,PjJoychen,PjJoychen,1
201507,Tweet,PjJoychen,PjJoychen,1
201577,Tweet,PjJoychen,PjJoychen,1
201501,Tweet,PjJoychen,PjJoychen,1
201545,Tweet,PjJoychen,PjJoychen,1
201481,Tweet,PjJoychen,smita_mishra,460
201568,Tweet,PjJoychen,PjJoychen,1
30664,Article,jennydeluxe,EllenBarryNYT,3
30669,Article,jennydeluxe,andrewrsorkin,66
30642,Article,jennydeluxe,EVincentelli,44
30665,Article,jennydeluxe,jennydeluxe,1
30644,Article,jennydeluxe,bydanielvictor,137
30608,Article,jennydeluxe,jennydeluxe,1
30655,Article,jennydeluxe,ceciliakang,155
30682,Article,jennydeluxe,dwightgarner,115
30607,Article,jennydeluxe,NeilMacFarquhar,261
30681,Article,jennydeluxe,pete_wells,47
30697,Article,jennydeluxe,cdcaron,271
30688,Article,jennydeluxe,brooksbarnesNYT,121
30656,Article,jennydeluxe,jennydeluxe,1
30673,Article,jennydeluxe,andrewrsorkin,75
30672,Article,jennydeluxe,pete_wells,45
30725,Tweet,jennydeluxe,annanorthtweets,8
30705,Tweet,jennydeluxe,jennydeluxe,1
30761,Tweet,jennydeluxe,sarahlyall,5
30722,Tweet,jennydeluxe,jennydeluxe,1
30745,Tweet,jennydeluxe,JessicaValenti,21
30721,Tweet,jennydeluxe,afuahirsch,15
30742,Tweet,jennydeluxe,jonronson,4
30766,Tweet,jennydeluxe,JessicaValenti,3
30755,Tweet,jennydeluxe,smita_mishra,13
30736,Tweet,jennydeluxe,hadleyfreeman,52
30744,Tweet,jennydeluxe,annanorthtweets,2
30707,Tweet,jennydeluxe,msrachelcooke,4
30703,Tweet,jennydeluxe,elizabday,13
30716,Tweet,jennydeluxe,Mahafreed_Irani,113
30735,Tweet,jennydeluxe,jackschofield,264
218744,Article,umamahesh_ToI,anandbodhTOI,3
218826,Article,umamahesh_ToI,umamahesh_ToI,1
218718,Article,umamahesh_ToI,umamahesh_ToI,1
218904,Article,umamahesh_ToI,NewtonSTOI,4
218884,Article,umamahesh_ToI,anandbodhTOI,3
218704,Article,umamahesh_ToI,umamahesh_ToI,1
218868,Article,umamahesh_ToI,umamahesh_ToI,1
218850,Article,umamahesh_ToI,umamahesh_ToI,1
218765,Article,umamahesh_ToI,umamahesh_ToI,1
218909,Article,umamahesh_ToI,AmritadTOI,4
218914,Article,umamahesh_ToI,rajendrasTOI,14
218710,Article,umamahesh_ToI,rajendrasTOI,2
218891,Article,umamahesh_ToI,SwatiShindeTOI,2
218856,Article,umamahesh_ToI,PhanindraP_TNIE,2
218716,Article,umamahesh_ToI,PhanindraP_TNIE,7
218968,Tweet,umamahesh_ToI,desaisantosh,128
218944,Tweet,umamahesh_ToI,umamahesh_ToI,1
218959,Tweet,umamahesh_ToI,murarishetyeTOI,2
219003,Tweet,umamahesh_ToI,smita_mishra,125
219002,Tweet,umamahesh_ToI,sushmi_dey,2
218919,Tweet,umamahesh_ToI,27saurabhsinha,2
218992,Tweet,umamahesh_ToI,TristramHuntVA,8
218955,Tweet,umamahesh_ToI,umamahesh_ToI,1
219001,Tweet,umamahesh_ToI,durgeshjhaTOI,2
218996,Tweet,umamahesh_ToI,andybrassell,91
218939,Tweet,umamahesh_ToI,priyagupta999,4
218978,Tweet,umamahesh_ToI,polblonde,393
218951,Tweet,umamahesh_ToI,umamahesh_ToI,1
218977,Tweet,umamahesh_ToI,priyagupta999,6
218970,Tweet,umamahesh_ToI,petleepeter,68
26636,Article,tejalrao,sarahlyall,51
26681,Article,tejalrao,pete_wells,2
26683,Article,tejalrao,NeilMacFarquhar,47
26664,Article,tejalrao,melissaclark,2
26618,Article,tejalrao,GiniaNYT,20
26686,Article,tejalrao,melissaclark,2
26658,Article,tejalrao,pete_wells,28
26680,Article,tejalrao,pete_wells,52
26654,Article,tejalrao,RachelDonadio,9
26662,Article,tejalrao,pete_wells,38
26626,Article,tejalrao,pete_wells,10
26672,Article,tejalrao,pete_wells,3
26669,Article,tejalrao,melissaclark,7
26651,Article,tejalrao,pete_wells,34
26646,Article,tejalrao,pete_wells,4
26748,Tweet,tejalrao,tejalrao,1
26720,Tweet,tejalrao,vwang3,7
26739,Tweet,tejalrao,ollywainwright,9
26790,Tweet,tejalrao,allegramcevedy,6
26710,Tweet,tejalrao,elizabday,3
26784,Tweet,tejalrao,afuahirsch,9
26762,Tweet,tejalrao,melissaclark,3
26760,Tweet,tejalrao,we_are_food,5
26738,Tweet,tejalrao,jennydeluxe,25
26728,Tweet,tejalrao,tejalrao,1
26737,Tweet,tejalrao,joshwiddicombe,29
26702,Tweet,tejalrao,tejalrao,1
26773,Tweet,tejalrao,melissaclark,14
26785,Tweet,tejalrao,joshwiddicombe,37
26705,Tweet,tejalrao,we_are_food,2
179000,Article,ChaithanyaSwamy,mateenHTOI,3
179080,Article,ChaithanyaSwamy,SidharthB25,6
179027,Article,ChaithanyaSwamy,anandbodhTOI,34
178987,Article,ChaithanyaSwamy,ChaithanyaSwamy,1
179076,Article,ChaithanyaSwamy,ShrinivasaMTOI,13
179072,Article,ChaithanyaSwamy,ShrinivasaMTOI,11
178998,Article,ChaithanyaSwamy,ShrinivasaMTOI,15
179037,Article,ChaithanyaSwamy,Crime_Selvaraj,25
179031,Article,ChaithanyaSwamy,ArunDev1,10
179040,Article,ChaithanyaSwamy,SidharthB25,6
179014,Article,ChaithanyaSwamy,ArunDev1,6
179059,Article,ChaithanyaSwamy,richapintoi,17
179008,Article,ChaithanyaSwamy,ArunDev1,10
179094,Article,ChaithanyaSwamy,mateenHTOI,2
179068,Article,ChaithanyaSwamy,mateenHTOI,16
179215,Tweet,ChaithanyaSwamy,ChaithanyaSwamy,1
179152,Tweet,ChaithanyaSwamy,ChaithanyaSwamy,1
179171,Tweet,ChaithanyaSwamy,dubeyavishek,3
179185,Tweet,ChaithanyaSwamy,SindhukTOI,5
179201,Tweet,ChaithanyaSwamy,maheshbTOI,2
179162,Tweet,ChaithanyaSwamy,SindhukTOI,2
179145,Tweet,ChaithanyaSwamy,ChaithanyaSwamy,1
179204,Tweet,ChaithanyaSwamy,PjJoychen,4
179158,Tweet,ChaithanyaSwamy,laurenlaverne,26
179165,Tweet,ChaithanyaSwamy,PNaveenTOI,9
179186,Tweet,ChaithanyaSwamy,ChaithanyaSwamy,1
179144,Tweet,ChaithanyaSwamy,polblonde,422
179133,Tweet,ChaithanyaSwamy,maheshbTOI,4
179129,Tweet,ChaithanyaSwamy,27saurabhsinha,39
179161,Tweet,ChaithanyaSwamy,ChaithanyaSwamy,1
131115,Article,axrenton,FelicityCloake,43
131154,Article,axrenton,RebeccaSeal,58
131179,Article,axrenton,NilsPratley,144
131145,Article,axrenton,RebeccaSeal,68
131157,Article,axrenton,RebeccaSeal,54
131170,Article,axrenton,pete_wells,74
131071,Article,axrenton,OwenJones84,48
131112,Article,axrenton,nicholaswatt,119
131073,Article,axrenton,RebeccaSeal,68
131109,Article,axrenton,OwenJones84,43
131142,Article,axrenton,OLIVERBALCH,26
131092,Article,axrenton,NilsPratley,72
131059,Article,axrenton,hadleyfreeman,74
131096,Article,axrenton,VivianHo,17
131190,Article,axrenton,john_hooper,111
131305,Tweet,axrenton,axrenton,1
131310,Tweet,axrenton,cdcaron,73
131617,Tweet,axrenton,PamBelluck,149
131646,Tweet,axrenton,noamscheiber,84
131702,Tweet,axrenton,OfficeGSBrown,108
131399,Tweet,axrenton,NilsPratley,139
131333,Tweet,axrenton,nmcintosh,198
131755,Tweet,axrenton,charlie_savage,2
131363,Tweet,axrenton,axrenton,1
131506,Tweet,axrenton,alanconnor,49
131448,Tweet,axrenton,GiniaNYT,36
131735,Tweet,axrenton,davidleighx,180
131243,Tweet,axrenton,nicholaswatt,7
131526,Tweet,axrenton,sarahlyall,140
131238,Tweet,axrenton,andrewrsorkin,78
24833,Article,zwoolfe,MichaelPaulson,17
24873,Article,zwoolfe,EVincentelli,2
24878,Article,zwoolfe,EVincentelli,30
24845,Article,zwoolfe,dwightgarner,10
24894,Article,zwoolfe,smbahr14,2
24875,Article,zwoolfe,zwoolfe,1
24886,Article,zwoolfe,EVincentelli,2
24804,Article,zwoolfe,samrob12,9
24831,Article,zwoolfe,ASoloski,5
24803,Article,zwoolfe,dwightgarner,23
24891,Article,zwoolfe,MichaelPaulson,2
24807,Article,zwoolfe,EVincentelli,12
24849,Article,zwoolfe,EVincentelli,3
24859,Article,zwoolfe,ASoloski,20
24829,Article,zwoolfe,EVincentelli,32
24938,Tweet,zwoolfe,zwoolfe,1
24939,Tweet,zwoolfe,zwoolfe,1
24940,Tweet,zwoolfe,zwoolfe,1
24961,Tweet,zwoolfe,juliarebeccaj,12
24918,Tweet,zwoolfe,zwoolfe,1
24945,Tweet,zwoolfe,desaisantosh,49
24965,Tweet,zwoolfe,polblonde,22
24928,Tweet,zwoolfe,vanbadham,2
24964,Tweet,zwoolfe,rpogrebin,3
24980,Tweet,zwoolfe,zwoolfe,1
24970,Tweet,zwoolfe,sio_burke,4
24987,Tweet,zwoolfe,antontroian,27
24995,Tweet,zwoolfe,zwoolfe,1
24919,Tweet,zwoolfe,antontroian,12
24943,Tweet,zwoolfe,nnougayrede,106
16437,Article,paulkrugman,DouthatNYT,12
16458,Article,paulkrugman,DouthatNYT,13
16427,Article,paulkrugman,apoorva_nyc,72
16486,Article,paulkrugman,ESCochrane,35
16400,Article,paulkrugman,fmanjoo,191
16471,Article,paulkrugman,apoorva_nyc,93
16494,Article,paulkrugman,pete_wells,94
16433,Article,paulkrugman,DouthatNYT,20
16411,Article,paulkrugman,hillhulse,64
16416,Article,paulkrugman,ditzkoff,199
16425,Article,paulkrugman,bencasselman,13
16441,Article,paulkrugman,hillhulse,147
16446,Article,paulkrugman,michelleinbklyn,63
16470,Article,paulkrugman,AnaSwanson,5
16448,Article,paulkrugman,sangerkatz,28
16519,Tweet,paulkrugman,paulkrugman,1
16543,Tweet,paulkrugman,paulkrugman,1
16553,Tweet,paulkrugman,paulkrugman,1
16517,Tweet,paulkrugman,paulkrugman,1
16560,Tweet,paulkrugman,paulkrugman,1
16552,Tweet,paulkrugman,paulkrugman,1
16590,Tweet,paulkrugman,paulkrugman,1
16570,Tweet,paulkrugman,paulkrugman,1
16503,Tweet,paulkrugman,nytdavidbrooks,106
16541,Tweet,paulkrugman,paulkrugman,1
16576,Tweet,paulkrugman,paulkrugman,1
16550,Tweet,paulkrugman,paulkrugman,1
16579,Tweet,paulkrugman,paulkrugman,1
16535,Tweet,paulkrugman,paulmasonnews,42
16537,Tweet,paulkrugman,paulkrugman,1
217234,Article,toi_ManujaV,Pratiks_TOI,11
217266,Article,toi_ManujaV,aniljdias,15
217308,Article,toi_ManujaV,tushhaikhush,60
217239,Article,toi_ManujaV,AraniBasuTOI,7
217203,Article,toi_ManujaV,vivek9301,5
217233,Article,toi_ManujaV,vivek9301,10
217095,Article,toi_ManujaV,manujaveerappa,7
217091,Article,toi_ManujaV,AraniBasuTOI,10
217253,Article,toi_ManujaV,manujaveerappa,4
217197,Article,toi_ManujaV,UttaraVarmaTOI,59
217235,Article,toi_ManujaV,aniljdias,5
217189,Article,toi_ManujaV,aniljdias,3
217250,Article,toi_ManujaV,aniljdias,8
217096,Article,toi_ManujaV,aniljdias,3
217307,Article,toi_ManujaV,toi_shailendraA,8
217360,Tweet,toi_ManujaV,MoharBasu,24
217335,Tweet,toi_ManujaV,jennydeluxe,54
217333,Tweet,toi_ManujaV,aditya_bh16,6
217326,Tweet,toi_ManujaV,afuahirsch,105
217310,Tweet,toi_ManujaV,vanbadham,262
217389,Tweet,toi_ManujaV,christophclarey,13
217371,Tweet,toi_ManujaV,manujaveerappa,5
217407,Tweet,toi_ManujaV,toi_ManujaV,1
217372,Tweet,toi_ManujaV,aditya_bh16,4
217368,Tweet,toi_ManujaV,andybrassell,138
217359,Tweet,toi_ManujaV,andybrassell,108
217369,Tweet,toi_ManujaV,andybrassell,80
217408,Tweet,toi_ManujaV,SunilSubaiah,7
217378,Tweet,toi_ManujaV,aditya_bh16,3
217319,Tweet,toi_ManujaV,rashmidTOI,239
116540,Article,dansabbagh,philipoltermann,5
116683,Article,dansabbagh,PippaCrerar,12
116473,Article,dansabbagh,lukeharding1968,10
116690,Article,dansabbagh,JohnJCrace,43
116660,Article,dansabbagh,philipoltermann,15
116488,Article,dansabbagh,ewenmacaskill,15
116578,Article,dansabbagh,andybrassell,24
116508,Article,dansabbagh,philipoltermann,20
116513,Article,dansabbagh,ewenmacaskill,76
116680,Article,dansabbagh,ewenmacaskill,11
116622,Article,dansabbagh,andybrassell,30
116702,Article,dansabbagh,dansabbagh,1
116500,Article,dansabbagh,naomi2009,78
116474,Article,dansabbagh,ewenmacaskill,14
116529,Article,dansabbagh,andybrassell,82
117012,Tweet,dansabbagh,msrachelcooke,46
116745,Tweet,dansabbagh,NeilMacFarquhar,103
116726,Tweet,dansabbagh,JohnJCrace,36
116786,Tweet,dansabbagh,sarahditum,28
116828,Tweet,dansabbagh,nicholaswatt,70
116849,Tweet,dansabbagh,lukeharding1968,29
116727,Tweet,dansabbagh,AnaSwanson,30
116824,Tweet,dansabbagh,patrickwintour,6
116942,Tweet,dansabbagh,AndrewSparrow,89
116915,Tweet,dansabbagh,philipoltermann,19
116962,Tweet,dansabbagh,vwang3,34
116934,Tweet,dansabbagh,polblonde,73
116749,Tweet,dansabbagh,vanbadham,145
116820,Tweet,dansabbagh,patrickwintour,16
116923,Tweet,dansabbagh,paulkrugman,369
134279,Article,emilybell,aleksk,180
134147,Article,emilybell,OLIVERBALCH,61
134318,Article,emilybell,NilsPratley,2
134168,Article,emilybell,paulmasonnews,464
134352,Article,emilybell,NilsPratley,2
134146,Article,emilybell,DeccaJourno,245
134365,Article,emilybell,nmcintosh,32
134205,Article,emilybell,archiebland,22
134286,Article,emilybell,emilybell,1
134336,Article,emilybell,emilybell,1
134259,Article,emilybell,andrewrsorkin,3
134366,Article,emilybell,aleksk,36
134130,Article,emilybell,kenanmalik,14
134201,Article,emilybell,nicholaswatt,2
134275,Article,emilybell,emilybell,1
134398,Tweet,emilybell,SangerNYT,414
134687,Tweet,emilybell,NYTLiz,234
134563,Tweet,emilybell,sarahditum,2
134711,Tweet,emilybell,DerekMalcolm123,231
134543,Tweet,emilybell,msrachelcooke,16
134478,Tweet,emilybell,afuahirsch,221
134963,Tweet,emilybell,jbouie,3
134614,Tweet,emilybell,axrenton,2
134571,Tweet,emilybell,desaisantosh,402
134912,Tweet,emilybell,emilybell,1
134955,Tweet,emilybell,jbouie,3
134432,Tweet,emilybell,afuahirsch,428
134596,Tweet,emilybell,sarahditum,2
134589,Tweet,emilybell,emilybell,1
134913,Tweet,emilybell,msrachelcooke,13
182732,Article,DSandip_TOI,DSandip_TOI,1
182720,Article,DSandip_TOI,ThevarSteffy,2
182849,Article,DSandip_TOI,rajendrasTOI,6
182781,Article,DSandip_TOI,AjayUgrasTOI,9
182811,Article,DSandip_TOI,DSandip_TOI,1
182795,Article,DSandip_TOI,NewtonSTOI,2
182738,Article,DSandip_TOI,DSandip_TOI,1
182693,Article,DSandip_TOI,ThevarSteffy,2
182716,Article,DSandip_TOI,ThevarSteffy,3
182874,Article,DSandip_TOI,DSandip_TOI,1
182681,Article,DSandip_TOI,NewtonSTOI,8
182713,Article,DSandip_TOI,yusrahusain,3
182878,Article,DSandip_TOI,richapintoi,5
182856,Article,DSandip_TOI,sandhyanairTOI,12
182864,Article,DSandip_TOI,ThevarSteffy,2
182924,Tweet,DSandip_TOI,LauraCummingArt,293
182994,Tweet,DSandip_TOI,priyagupta999,32
182942,Tweet,DSandip_TOI,mateenHTOI,36
182951,Tweet,DSandip_TOI,msrachelcooke,319
183017,Tweet,DSandip_TOI,smita_mishra,121
182993,Tweet,DSandip_TOI,jennydeluxe,308
182955,Tweet,DSandip_TOI,NeilMacFarquhar,72
182947,Tweet,DSandip_TOI,Pratiks_TOI,57
182974,Tweet,DSandip_TOI,pankajdoval,6
182999,Tweet,DSandip_TOI,desaisantosh,23
182990,Tweet,DSandip_TOI,rashmidTOI,22
182946,Tweet,DSandip_TOI,KTVinobhaTOI,15
183009,Tweet,DSandip_TOI,gettleman,2
182926,Tweet,DSandip_TOI,somitsenTOI,11
182998,Tweet,DSandip_TOI,mateenHTOI,21
76542,Article,LauraCummingArt,ollywainwright,3
76422,Article,LauraCummingArt,SearleAdrian,11
76378,Article,LauraCummingArt,andybrassell,2
76505,Article,LauraCummingArt,andybrassell,2
76483,Article,LauraCummingArt,TristramHuntVA,2
76376,Article,LauraCummingArt,SearleAdrian,9
76360,Article,LauraCummingArt,SearleAdrian,7
76557,Article,LauraCummingArt,JohnJCrace,6
76433,Article,LauraCummingArt,LauraCummingArt,1
76460,Article,LauraCummingArt,andybrassell,4
76579,Article,LauraCummingArt,LauraCummingArt,1
76429,Article,LauraCummingArt,LauraCummingArt,1
76394,Article,LauraCummingArt,LauraCummingArt,1
76521,Article,LauraCummingArt,garyyounge,2
76567,Article,LauraCummingArt,axrenton,6
77134,Tweet,LauraCummingArt,msrachelcooke,12
77179,Tweet,LauraCummingArt,elizabday,43
77023,Tweet,LauraCummingArt,jennydeluxe,210
77017,Tweet,LauraCummingArt,sarahchurchwell,41
76735,Tweet,LauraCummingArt,ollywainwright,3
76687,Tweet,LauraCummingArt,alanconnor,354
77053,Tweet,LauraCummingArt,jimwaterson,315
76868,Tweet,LauraCummingArt,fmanjoo,456
77015,Tweet,LauraCummingArt,msrachelcooke,3
76666,Tweet,LauraCummingArt,LucyMangan,20
76853,Tweet,LauraCummingArt,sarahlyall,193
76647,Tweet,LauraCummingArt,smita_mishra,56
77103,Tweet,LauraCummingArt,msrachelcooke,4
77128,Tweet,LauraCummingArt,polblonde,469
77033,Tweet,LauraCummingArt,lisamonteiroTOI,499
4690,Article,ByMattStevens,MichaelPaulson,43
4604,Article,ByMattStevens,ianrausten,68
4645,Article,ByMattStevens,hillhulse,91
4649,Article,ByMattStevens,DSlotnik,91
4622,Article,ByMattStevens,ByMattStevens,1
4610,Article,ByMattStevens,kannoyoungs,144
4686,Article,ByMattStevens,hillhulse,39
4611,Article,ByMattStevens,DavidWaldstein,121
4602,Article,ByMattStevens,mikeives,101
4667,Article,ByMattStevens,sisario,55
4680,Article,ByMattStevens,anniekarni,71
4626,Article,ByMattStevens,EVincentelli,70
4670,Article,ByMattStevens,NeilMacFarquhar,117
4666,Article,ByMattStevens,jorifinkel,110
4669,Article,ByMattStevens,lukebroadwater,50
4797,Tweet,ByMattStevens,FelicityCloake,137
4715,Tweet,ByMattStevens,priyagupta999,7
4703,Tweet,ByMattStevens,MichaelPaulson,4
4785,Tweet,ByMattStevens,garyyounge,5
4794,Tweet,ByMattStevens,StacyCowley,33
4796,Tweet,ByMattStevens,MichaelPaulson,2
4738,Tweet,ByMattStevens,reidepstein,5
4784,Tweet,ByMattStevens,joshwiddicombe,2
4766,Tweet,ByMattStevens,ByMattStevens,1
4755,Tweet,ByMattStevens,viasimonromero,5
4733,Tweet,ByMattStevens,npfandos,6
4707,Tweet,ByMattStevens,joshwiddicombe,3
4745,Tweet,ByMattStevens,jmart,3
4781,Tweet,ByMattStevens,mlevenson,3
4714,Tweet,ByMattStevens,reidepstein,4
136471,Article,timjonze,EVincentelli,138
136279,Article,timjonze,msrachelcooke,8
136286,Article,timjonze,davidhepworth,50
136267,Article,timjonze,OwenJones84,61
136269,Article,timjonze,msrachelcooke,12
136261,Article,timjonze,MarinaHyde,33
136370,Article,timjonze,RebeccaSeal,86
136374,Article,timjonze,msmirandasawyer,13
136293,Article,timjonze,billicritic,47
136447,Article,timjonze,TimdeLisle,93
136240,Article,timjonze,maevesther,80
136375,Article,timjonze,andybrassell,48
136349,Article,timjonze,maevesther,187
136460,Article,timjonze,andybrassell,33
136399,Article,timjonze,timlottwriter,110
136813,Tweet,timjonze,timjonze,1
136605,Tweet,timjonze,sarahditum,5
136738,Tweet,timjonze,Mahafreed_Irani,245
136686,Tweet,timjonze,gracedent,20
136484,Tweet,timjonze,bydanielvictor,425
137047,Tweet,timjonze,charltonbrooker,10
137043,Tweet,timjonze,jonronson,3
136597,Tweet,timjonze,msrachelcooke,3
136727,Tweet,timjonze,msrachelcooke,5
136840,Tweet,timjonze,sarahditum,5
136654,Tweet,timjonze,LauraCummingArt,17
136943,Tweet,timjonze,JohnJCrace,12
136954,Tweet,timjonze,sarahditum,4
136930,Tweet,timjonze,wesley_morris,60
136808,Tweet,timjonze,jennydeluxe,36
34804,Article,cdcaron,cdcaron,1
34875,Article,cdcaron,cdcaron,1
34866,Article,cdcaron,cdcaron,1
34829,Article,cdcaron,cdcaron,1
34860,Article,cdcaron,EmilyAnthes,4
34849,Article,cdcaron,salihughes,13
34882,Article,cdcaron,apoorva_nyc,4
34887,Article,cdcaron,cdcaron,1
34832,Article,cdcaron,dwightgarner,27
34895,Article,cdcaron,RichardFausset,5
34830,Article,cdcaron,NewtonSTOI,16
34883,Article,cdcaron,apoorva_nyc,2
34893,Article,cdcaron,NeilMacFarquhar,5
34872,Article,cdcaron,RichardFausset,18
34871,Article,cdcaron,cdcaron,1
34978,Tweet,cdcaron,andrewrsorkin,6
34906,Tweet,cdcaron,annanorthtweets,43
34990,Tweet,cdcaron,cdcaron,1
34901,Tweet,cdcaron,PamBelluck,16
34912,Tweet,cdcaron,PamBelluck,36
34943,Tweet,cdcaron,elizabday,163
34953,Tweet,cdcaron,carlzimmer,17
34981,Tweet,cdcaron,sarahlyall,46
34979,Tweet,cdcaron,PeterTatchell,112
34957,Tweet,cdcaron,hadleyfreeman,241
34904,Tweet,cdcaron,apoorva_nyc,4
34991,Tweet,cdcaron,GiniaNYT,37
34973,Tweet,cdcaron,viasimonromero,100
34970,Tweet,cdcaron,PamBelluck,39
34915,Tweet,cdcaron,cdcaron,1
33,Article,adamliptak,NeilMacFarquhar,9
66,Article,adamliptak,adamliptak,1
61,Article,adamliptak,adamliptak,1
9,Article,adamliptak,nytmike,18
88,Article,adamliptak,adamliptak,1
46,Article,adamliptak,adamliptak,1
43,Article,adamliptak,adamliptak,1
51,Article,adamliptak,adamliptak,1
31,Article,adamliptak,adamliptak,1
78,Article,adamliptak,adamliptak,1
14,Article,adamliptak,adamliptak,1
1,Article,adamliptak,adamliptak,1
71,Article,adamliptak,adamliptak,1
12,Article,adamliptak,adamliptak,1
96,Article,adamliptak,adamliptak,1
169,Tweet,adamliptak,liamstack,89
163,Tweet,adamliptak,adamliptak,1
141,Tweet,adamliptak,SharonLNYT,3
182,Tweet,adamliptak,mlevenson,4
132,Tweet,adamliptak,hillhulse,2
176,Tweet,adamliptak,charlie_savage,3
113,Tweet,adamliptak,adamliptak,1
160,Tweet,adamliptak,adamliptak,1
138,Tweet,adamliptak,davidleighx,108
186,Tweet,adamliptak,toi_dhananjayM,3
140,Tweet,adamliptak,adamliptak,1
109,Tweet,adamliptak,adamliptak,1
179,Tweet,adamliptak,nytmike,69
105,Tweet,adamliptak,mlevenson,63
133,Tweet,adamliptak,adamliptak,1
189630,Article,KTVinobhaTOI,vijayVsinghTOI,57
189815,Article,KTVinobhaTOI,rajendrasTOI,17
189656,Article,KTVinobhaTOI,rajendrasTOI,36
189771,Article,KTVinobhaTOI,NewtonSTOI,14
189850,Article,KTVinobhaTOI,rajendrasTOI,17
189704,Article,KTVinobhaTOI,ShrinivasaMTOI,3
189787,Article,KTVinobhaTOI,rajendrasTOI,27
189760,Article,KTVinobhaTOI,toi_dhananjayM,40
189731,Article,KTVinobhaTOI,ShrinivasaMTOI,33
189795,Article,KTVinobhaTOI,ShrinivasaMTOI,14
189624,Article,KTVinobhaTOI,rajendrasTOI,32
189647,Article,KTVinobhaTOI,rajendrasTOI,25
189732,Article,KTVinobhaTOI,ShrinivasaMTOI,9
189712,Article,KTVinobhaTOI,ShrinivasaMTOI,10
189763,Article,KTVinobhaTOI,rajendrasTOI,12
189926,Tweet,KTVinobhaTOI,KTVinobhaTOI,1
189878,Tweet,KTVinobhaTOI,mateenHTOI,2
189914,Tweet,KTVinobhaTOI,KTVinobhaTOI,1
189886,Tweet,KTVinobhaTOI,KTVinobhaTOI,1
189941,Tweet,KTVinobhaTOI,KTVinobhaTOI,1
189906,Tweet,KTVinobhaTOI,polblonde,194
189928,Tweet,KTVinobhaTOI,rashmidTOI,70
189894,Tweet,KTVinobhaTOI,KTVinobhaTOI,1
189963,Tweet,KTVinobhaTOI,KTVinobhaTOI,1
189899,Tweet,KTVinobhaTOI,KTVinobhaTOI,1
189902,Tweet,KTVinobhaTOI,KTVinobhaTOI,1
189957,Tweet,KTVinobhaTOI,KTVinobhaTOI,1
189938,Tweet,KTVinobhaTOI,polblonde,160
189967,Tweet,KTVinobhaTOI,KTVinobhaTOI,1
189948,Tweet,KTVinobhaTOI,KTVinobhaTOI,1
201796,Article,PNaveenTOI,KanwardeepsTOI,5
201664,Article,PNaveenTOI,rajendrasTOI,11
201733,Article,PNaveenTOI,PNaveenTOI,1
201600,Article,PNaveenTOI,NewtonSTOI,22
201688,Article,PNaveenTOI,PNaveenTOI,1
201682,Article,PNaveenTOI,ramendrasTOI,8
201739,Article,PNaveenTOI,PNaveenTOI,1
201810,Article,PNaveenTOI,amitanandTOI,9
201767,Article,PNaveenTOI,rajendrasTOI,2
201591,Article,PNaveenTOI,NewtonSTOI,2
201596,Article,PNaveenTOI,rebeccaSTOI,5
201585,Article,PNaveenTOI,rajendrasTOI,54
201641,Article,PNaveenTOI,anandbodhTOI,37
201825,Article,PNaveenTOI,nandinisgTOI,48
201781,Article,PNaveenTOI,philipoltermann,250
201864,Tweet,PNaveenTOI,IKershner,4
201901,Tweet,PNaveenTOI,alanconnor,215
201858,Tweet,PNaveenTOI,PNaveenTOI,1
201897,Tweet,PNaveenTOI,PNaveenTOI,1
201881,Tweet,PNaveenTOI,PNaveenTOI,1
201829,Tweet,PNaveenTOI,PNaveenTOI,1
201873,Tweet,PNaveenTOI,PNaveenTOI,1
201845,Tweet,PNaveenTOI,PNaveenTOI,1
201846,Tweet,PNaveenTOI,attackerman,97
201837,Tweet,PNaveenTOI,PNaveenTOI,1
201926,Tweet,PNaveenTOI,PNaveenTOI,1
201861,Tweet,PNaveenTOI,pradeeptTOI,3
201871,Tweet,PNaveenTOI,NirupaTOI,58
201842,Tweet,PNaveenTOI,polblonde,279
201915,Tweet,PNaveenTOI,polblonde,185
102808,Article,ollywainwright,LauraCummingArt,5
102783,Article,ollywainwright,SearleAdrian,5
102738,Article,ollywainwright,SearleAdrian,13
102882,Article,ollywainwright,OLIVERBALCH,28
102739,Article,ollywainwright,LauraCummingArt,3
102785,Article,ollywainwright,JohnJCrace,38
102890,Article,ollywainwright,garyyounge,11
102934,Article,ollywainwright,RachelDonadio,20
102897,Article,ollywainwright,LauraCummingArt,33
102966,Article,ollywainwright,ollywainwright,1
102888,Article,ollywainwright,JohnJCrace,21
102762,Article,ollywainwright,ollywainwright,1
102869,Article,ollywainwright,ollywainwright,1
102782,Article,ollywainwright,LauraCummingArt,4
102830,Article,ollywainwright,davidhepworth,324
103189,Tweet,ollywainwright,SearleAdrian,3
102974,Tweet,ollywainwright,sarfrazmanzoor,154
102979,Tweet,ollywainwright,markriceoxley69,328
103309,Tweet,ollywainwright,ollywainwright,1
103061,Tweet,ollywainwright,alanconnor,22
103142,Tweet,ollywainwright,TristramHuntVA,2
103430,Tweet,ollywainwright,ollywainwright,1
103567,Tweet,ollywainwright,CeylanWrites,8
103414,Tweet,ollywainwright,vanbadham,20
103442,Tweet,ollywainwright,jonronson,284
103363,Tweet,ollywainwright,ollywainwright,1
103341,Tweet,ollywainwright,ollywainwright,1
103464,Tweet,ollywainwright,andybrassell,5
103130,Tweet,ollywainwright,sarahlyall,326
103203,Tweet,ollywainwright,GiniaNYT,323
216954,Article,toi_dhananjayM,toi_dhananjayM,1
216845,Article,toi_dhananjayM,toi_dhananjayM,1
216780,Article,toi_dhananjayM,toi_dhananjayM,1
216916,Article,toi_dhananjayM,toi_dhananjayM,1
216927,Article,toi_dhananjayM,toi_dhananjayM,1
216805,Article,toi_dhananjayM,toi_dhananjayM,1
216715,Article,toi_dhananjayM,toi_dhananjayM,1
216881,Article,toi_dhananjayM,toi_dhananjayM,1
216961,Article,toi_dhananjayM,toi_dhananjayM,1
216823,Article,toi_dhananjayM,toi_dhananjayM,1
216788,Article,toi_dhananjayM,toi_dhananjayM,1
216754,Article,toi_dhananjayM,toi_dhananjayM,1
216854,Article,toi_dhananjayM,toi_dhananjayM,1
216803,Article,toi_dhananjayM,toi_dhananjayM,1
216792,Article,toi_dhananjayM,amitanandTOI,2
217014,Tweet,toi_dhananjayM,amitanandTOI,2
217050,Tweet,toi_dhananjayM,toi_dhananjayM,1
217020,Tweet,toi_dhananjayM,toi_dhananjayM,1
217021,Tweet,toi_dhananjayM,toi_dhananjayM,1
217016,Tweet,toi_dhananjayM,PNaveenTOI,7
217026,Tweet,toi_dhananjayM,toi_dhananjayM,1
217044,Tweet,toi_dhananjayM,pradeeptTOI,2
216973,Tweet,toi_dhananjayM,amitanandTOI,2
217030,Tweet,toi_dhananjayM,toi_dhananjayM,1
217032,Tweet,toi_dhananjayM,amitanandTOI,2
217004,Tweet,toi_dhananjayM,PNaveenTOI,5
216972,Tweet,toi_dhananjayM,toi_dhananjayM,1
217035,Tweet,toi_dhananjayM,toi_dhananjayM,1
217010,Tweet,toi_dhananjayM,amitanandTOI,2
216982,Tweet,toi_dhananjayM,vishwamTOI,44
191062,Article,Mahafreed_Irani,DerekMalcolm123,25
191085,Article,Mahafreed_Irani,naomi2009,23
191005,Article,Mahafreed_Irani,brooksbarnesNYT,3
191111,Article,Mahafreed_Irani,DekaJayanta,19
191107,Article,Mahafreed_Irani,DekaJayanta,5
191049,Article,Mahafreed_Irani,desaisantosh,54
191028,Article,Mahafreed_Irani,NewtonSTOI,28
191099,Article,Mahafreed_Irani,sandhyanairTOI,71
191029,Article,Mahafreed_Irani,hadleyfreeman,121
191072,Article,Mahafreed_Irani,divyapal2013,13
191094,Article,Mahafreed_Irani,nauzerbTOI,8
191025,Article,Mahafreed_Irani,davidhepworth,28
191081,Article,Mahafreed_Irani,aniljdias,26
191052,Article,Mahafreed_Irani,NewtonSTOI,9
191008,Article,Mahafreed_Irani,DekaJayanta,5
191188,Tweet,Mahafreed_Irani,vanbadham,12
191190,Tweet,Mahafreed_Irani,priyagupta999,17
191201,Tweet,Mahafreed_Irani,SunilSubaiah,8
191180,Tweet,Mahafreed_Irani,gettleman,3
191192,Tweet,Mahafreed_Irani,Mahafreed_Irani,1
191183,Tweet,Mahafreed_Irani,27saurabhsinha,3
191153,Tweet,Mahafreed_Irani,Mahafreed_Irani,1
191213,Tweet,Mahafreed_Irani,msmirandasawyer,117
191200,Tweet,Mahafreed_Irani,jhoffman,53
191136,Tweet,Mahafreed_Irani,melissaclark,68
191175,Tweet,Mahafreed_Irani,aleksk,14
191174,Tweet,Mahafreed_Irani,vanbadham,15
191121,Tweet,Mahafreed_Irani,mlevenson,6
191197,Tweet,Mahafreed_Irani,LeoHickman,17
191178,Tweet,Mahafreed_Irani,bagishjhaTOI,2
221846,Article,yazhiniyanTOI,juliemTOI,16
221973,Article,yazhiniyanTOI,juliemTOI,2
221899,Article,yazhiniyanTOI,KomalGautham,7
221873,Article,yazhiniyanTOI,yazhiniyanTOI,1
221995,Article,yazhiniyanTOI,toi_dhananjayM,5
221988,Article,yazhiniyanTOI,rajendrasTOI,2
222007,Article,yazhiniyanTOI,yazhiniyanTOI,1
221914,Article,yazhiniyanTOI,yazhiniyanTOI,1
221939,Article,yazhiniyanTOI,rajendrasTOI,5
221876,Article,yazhiniyanTOI,HemantaTOI,9
221921,Article,yazhiniyanTOI,yazhiniyanTOI,1
221913,Article,yazhiniyanTOI,juliemTOI,2
222004,Article,yazhiniyanTOI,rajendrasTOI,11
221911,Article,yazhiniyanTOI,juliemTOI,2
221900,Article,yazhiniyanTOI,yazhiniyanTOI,1
222066,Tweet,yazhiniyanTOI,priyagupta999,25
222045,Tweet,yazhiniyanTOI,utejonmayamTOI,11
222118,Tweet,yazhiniyanTOI,Gauraw2297,15
222100,Tweet,yazhiniyanTOI,jayamenon64,21
222081,Tweet,yazhiniyanTOI,yazhiniyanTOI,1
222071,Tweet,yazhiniyanTOI,jayamenon64,3
222041,Tweet,yazhiniyanTOI,jayamenon64,3
222070,Tweet,yazhiniyanTOI,yazhiniyanTOI,1
222123,Tweet,yazhiniyanTOI,priyagupta999,7
222119,Tweet,yazhiniyanTOI,ArunDev1,51
222040,Tweet,yazhiniyanTOI,divyadubey_,7
222122,Tweet,yazhiniyanTOI,priyagupta999,8
222030,Tweet,yazhiniyanTOI,yazhiniyanTOI,1
222036,Tweet,yazhiniyanTOI,richardwolffedc,216
222069,Tweet,yazhiniyanTOI,smita_mishra,322
209788,Article,shiba_kurian,meeravohraTOI,2
209914,Article,shiba_kurian,shiba_kurian,1
209845,Article,shiba_kurian,shiba_kurian,1
209778,Article,shiba_kurian,aniljdias,3
209764,Article,shiba_kurian,shiba_kurian,1
209912,Article,shiba_kurian,EVincentelli,2
209708,Article,shiba_kurian,shiba_kurian,1
209782,Article,shiba_kurian,shiba_kurian,1
209900,Article,shiba_kurian,shiba_kurian,1
209933,Article,shiba_kurian,saumyajitbTOI,3
209756,Article,shiba_kurian,DerekMalcolm123,9
209795,Article,shiba_kurian,aniljdias,2
209794,Article,shiba_kurian,Shreyanka_M,4
209826,Article,shiba_kurian,aniljdias,11
209926,Article,shiba_kurian,meeravohraTOI,2
210028,Tweet,shiba_kurian,BhanupratapsTOI,25
210007,Tweet,shiba_kurian,ramarkosg,8
209959,Tweet,shiba_kurian,OfficeGSBrown,54
209980,Tweet,shiba_kurian,psangeetha2112,6
209957,Tweet,shiba_kurian,Mahafreed_Irani,18
210021,Tweet,shiba_kurian,PamBelluck,39
209955,Tweet,shiba_kurian,gettleman,14
210013,Tweet,shiba_kurian,ianrausten,104
209974,Tweet,shiba_kurian,PNaveenTOI,22
209995,Tweet,shiba_kurian,BhanupratapsTOI,20
209987,Tweet,shiba_kurian,BhanupratapsTOI,89
209967,Tweet,shiba_kurian,dklavaniaTOI,33
209946,Tweet,shiba_kurian,EmilyAnthes,29
209950,Tweet,shiba_kurian,Mahafreed_Irani,62
210019,Tweet,shiba_kurian,vanbadham,8
56447,Article,gilestremlett,john_hooper,9
56325,Article,gilestremlett,thestephmerritt,2
56541,Article,gilestremlett,john_hooper,5
56338,Article,gilestremlett,gabyhinsliff,75
56428,Article,gilestremlett,garyyounge,20
56307,Article,gilestremlett,OwenJones84,42
56367,Article,gilestremlett,gilestremlett,1
56424,Article,gilestremlett,john_hooper,4
56514,Article,gilestremlett,john_hooper,3
56412,Article,gilestremlett,marthakelner,6
56449,Article,gilestremlett,marthakelner,6
56455,Article,gilestremlett,andybrassell,23
56438,Article,gilestremlett,axrenton,32
56313,Article,gilestremlett,john_hooper,54
56421,Article,gilestremlett,john_hooper,2
56864,Tweet,gilestremlett,gilestremlett,1
56775,Tweet,gilestremlett,mlevenson,230
56992,Tweet,gilestremlett,lukeharding1968,116
56879,Tweet,gilestremlett,EVincentelli,305
57098,Tweet,gilestremlett,gilestremlett,1
56955,Tweet,gilestremlett,joshwiddicombe,67
57108,Tweet,gilestremlett,msrachelcooke,176
56716,Tweet,gilestremlett,RaphaelMinder,3
56771,Tweet,gilestremlett,BellaKwai,111
56817,Tweet,gilestremlett,edvulliamy,2
56650,Tweet,gilestremlett,tomfriedman,133
57076,Tweet,gilestremlett,nnougayrede,15
57130,Tweet,gilestremlett,RaphaelMinder,30
56690,Tweet,gilestremlett,KateEMcCann,85
57047,Tweet,gilestremlett,SangerNYT,141
47067,Article,MarinaOLoughlin,MarinaOLoughlin,1
47131,Article,MarinaOLoughlin,laurenlaverne,5
47002,Article,MarinaOLoughlin,MarinaOLoughlin,1
47167,Article,MarinaOLoughlin,andybrassell,35
47199,Article,MarinaOLoughlin,JohnJCrace,76
47204,Article,MarinaOLoughlin,pete_wells,66
47209,Article,MarinaOLoughlin,MarinaOLoughlin,1
47148,Article,MarinaOLoughlin,MarinaOLoughlin,1
47008,Article,MarinaOLoughlin,MarinaOLoughlin,1
47166,Article,MarinaOLoughlin,OwenJones84,97
47137,Article,MarinaOLoughlin,MarinaOLoughlin,1
47108,Article,MarinaOLoughlin,OLIVERBALCH,52
47098,Article,MarinaOLoughlin,MarinaOLoughlin,1
46999,Article,MarinaOLoughlin,MarinaOLoughlin,1
47123,Article,MarinaOLoughlin,MarinaOLoughlin,1
47826,Tweet,MarinaOLoughlin,msrachelcooke,3
47593,Tweet,MarinaOLoughlin,melissaclark,12
47386,Tweet,MarinaOLoughlin,msrachelcooke,8
47573,Tweet,MarinaOLoughlin,andybrassell,62
47731,Tweet,MarinaOLoughlin,DerekMalcolm123,134
47543,Tweet,MarinaOLoughlin,JohnJCrace,87
47345,Tweet,MarinaOLoughlin,axrenton,73
47784,Tweet,MarinaOLoughlin,jennydeluxe,22
47839,Tweet,MarinaOLoughlin,joshwiddicombe,206
47827,Tweet,MarinaOLoughlin,andybrassell,12
47618,Tweet,MarinaOLoughlin,gabyhinsliff,45
47659,Tweet,MarinaOLoughlin,vvfriedman,320
47805,Tweet,MarinaOLoughlin,allegramcevedy,74
47342,Tweet,MarinaOLoughlin,axrenton,157
47401,Tweet,MarinaOLoughlin,alanconnor,264
3476,Article,billmpennington,noamscheiber,250
3432,Article,billmpennington,bykaren,2
3430,Article,billmpennington,bykaren,3
3459,Article,billmpennington,billmpennington,1
3473,Article,billmpennington,el_belson,4
3485,Article,billmpennington,jonronson,46
3471,Article,billmpennington,wesley_morris,103
3421,Article,billmpennington,bykaren,3
3468,Article,billmpennington,NeilMacFarquhar,21
3470,Article,billmpennington,DavidWaldstein,10
3410,Article,billmpennington,bykaren,5
3450,Article,billmpennington,billmpennington,1
3415,Article,billmpennington,RichardFausset,8
3408,Article,billmpennington,helenecooper,5
3480,Article,billmpennington,bykaren,4
3523,Tweet,billmpennington,DavidWaldstein,8
3577,Tweet,billmpennington,shattenstone,34
3582,Tweet,billmpennington,MattFutterman,2
3519,Tweet,billmpennington,billywitz,3
3596,Tweet,billmpennington,billmpennington,1
3543,Tweet,billmpennington,bykaren,4
3517,Tweet,billmpennington,billmpennington,1
3516,Tweet,billmpennington,el_belson,4
3525,Tweet,billmpennington,joshwiddicombe,13
3557,Tweet,billmpennington,billmpennington,1
3535,Tweet,billmpennington,billmpennington,1
3570,Tweet,billmpennington,bykaren,13
3569,Tweet,billmpennington,BenRothenberg,44
3554,Tweet,billmpennington,billmpennington,1
3506,Tweet,billmpennington,msrachelcooke,116
34487,Article,dionnesearcey,NeilMacFarquhar,11
34456,Article,dionnesearcey,AnaSwanson,113
34499,Article,dionnesearcey,hillhulse,82
34415,Article,dionnesearcey,AnaSwanson,73
34441,Article,dionnesearcey,pete_wells,76
34431,Article,dionnesearcey,bencasselman,35
34429,Article,dionnesearcey,NeilMacFarquhar,60
34413,Article,dionnesearcey,NeilMacFarquhar,14
34412,Article,dionnesearcey,NeilMacFarquhar,23
34451,Article,dionnesearcey,NeilMacFarquhar,26
34475,Article,dionnesearcey,julianbarnes,58
34417,Article,dionnesearcey,NeilMacFarquhar,11
34433,Article,dionnesearcey,noamscheiber,80
34424,Article,dionnesearcey,Lattif,18
34462,Article,dionnesearcey,LizAldermanNYT,41
34566,Tweet,dionnesearcey,nnougayrede,2
34551,Tweet,dionnesearcey,dionnesearcey,1
34524,Tweet,dionnesearcey,joshwiddicombe,42
34578,Tweet,dionnesearcey,joncaramanica,16
34580,Tweet,dionnesearcey,dionnesearcey,1
34509,Tweet,dionnesearcey,utejonmayamTOI,2
34537,Tweet,dionnesearcey,dionnesearcey,1
34552,Tweet,dionnesearcey,stevenerlanger,2
34510,Tweet,dionnesearcey,dionnesearcey,1
34539,Tweet,dionnesearcey,dionnesearcey,1
34599,Tweet,dionnesearcey,nnougayrede,4
34511,Tweet,dionnesearcey,samrob12,42
34532,Tweet,dionnesearcey,dionnesearcey,1
34592,Tweet,dionnesearcey,EmmaBubola,7
34525,Tweet,dionnesearcey,dionnesearcey,1
37871,Article,PippaCrerar,williamnhutton,66
37998,Article,PippaCrerar,MichaelWhite,28
37607,Article,PippaCrerar,JohnJCrace,35
38223,Article,PippaCrerar,marthakelner,68
38227,Article,PippaCrerar,marthakelner,43
37755,Article,PippaCrerar,JohnJCrace,57
37635,Article,PippaCrerar,OLIVERBALCH,66
37738,Article,PippaCrerar,garyyounge,31
37954,Article,PippaCrerar,AndrewSparrow,14
37870,Article,PippaCrerar,JohnJCrace,77
38079,Article,PippaCrerar,Freedland,87
38016,Article,PippaCrerar,nicholaswatt,12
37778,Article,PippaCrerar,afuahirsch,32
38072,Article,PippaCrerar,nicholaswatt,2
37571,Article,PippaCrerar,williamnhutton,28
38245,Tweet,PippaCrerar,ewenmacaskill,2
38644,Tweet,PippaCrerar,noamscheiber,2
38638,Tweet,PippaCrerar,PippaCrerar,1
38395,Tweet,PippaCrerar,ewenmacaskill,3
38300,Tweet,PippaCrerar,gabyhinsliff,54
38484,Tweet,PippaCrerar,nytmike,190
38260,Tweet,PippaCrerar,davidleighx,58
38816,Tweet,PippaCrerar,OfficeGSBrown,19
38571,Tweet,PippaCrerar,helenecooper,6
38258,Tweet,PippaCrerar,davidleighx,23
38303,Tweet,PippaCrerar,afuahirsch,47
38632,Tweet,PippaCrerar,GiniaNYT,189
38612,Tweet,PippaCrerar,AndrewSparrow,7
38377,Tweet,PippaCrerar,BellaKwai,84
38506,Tweet,PippaCrerar,paulmasonnews,12
31600,Article,_nicolaclark,jameskanter,9
31608,Article,_nicolaclark,_nicolaclark,1
31652,Article,_nicolaclark,aurelienbrd,5
31673,Article,_nicolaclark,aurelienbrd,137
31662,Article,_nicolaclark,NeilMacFarquhar,97
31621,Article,_nicolaclark,jameskanter,8
31630,Article,_nicolaclark,aurelienbrd,31
31685,Article,_nicolaclark,_nicolaclark,1
31680,Article,_nicolaclark,LizAldermanNYT,18
31675,Article,_nicolaclark,vijayVsinghTOI,160
31692,Article,_nicolaclark,LizAldermanNYT,17
31667,Article,_nicolaclark,_nicolaclark,1
31648,Article,_nicolaclark,ManjuVTOI,8
31604,Article,_nicolaclark,julianbarnes,13
31631,Article,_nicolaclark,noamscheiber,50
31733,Tweet,_nicolaclark,afuahirsch,58
31747,Tweet,_nicolaclark,vvfriedman,41
31706,Tweet,_nicolaclark,vvfriedman,4
31701,Tweet,_nicolaclark,vvfriedman,18
31724,Tweet,_nicolaclark,GiniaNYT,214
31714,Tweet,_nicolaclark,DeccaJourno,354
31780,Tweet,_nicolaclark,davidleighx,105
31761,Tweet,_nicolaclark,andybrassell,51
31702,Tweet,_nicolaclark,mlevenson,64
31792,Tweet,_nicolaclark,ceciliakang,45
31784,Tweet,_nicolaclark,TristramHuntVA,30
31737,Tweet,_nicolaclark,carlzimmer,36
31738,Tweet,_nicolaclark,alanconnor,56
31754,Tweet,_nicolaclark,paulkrugman,406
31794,Tweet,_nicolaclark,afuahirsch,8
178012,Article,bindiyachariTOI,NewtonSTOI,2
178094,Article,bindiyachariTOI,NewtonSTOI,14
178016,Article,bindiyachariTOI,rebeccaSTOI,14
177937,Article,bindiyachariTOI,Crime_Selvaraj,15
178111,Article,bindiyachariTOI,rajendrasTOI,39
177992,Article,bindiyachariTOI,UttaraVarmaTOI,13
178025,Article,bindiyachariTOI,NewtonSTOI,26
178090,Article,bindiyachariTOI,NewtonSTOI,2
178003,Article,bindiyachariTOI,NewtonSTOI,114
178152,Article,bindiyachariTOI,NewtonSTOI,3
177958,Article,bindiyachariTOI,NewtonSTOI,3
178159,Article,bindiyachariTOI,NewtonSTOI,5
178042,Article,bindiyachariTOI,vishwamTOI,37
178085,Article,bindiyachariTOI,NewtonSTOI,2
177987,Article,bindiyachariTOI,SidharthB25,22
178202,Tweet,bindiyachariTOI,bindiyachariTOI,1
178199,Tweet,bindiyachariTOI,bindiyachariTOI,1
178216,Tweet,bindiyachariTOI,bindiyachariTOI,1
178203,Tweet,bindiyachariTOI,bindiyachariTOI,1
178239,Tweet,bindiyachariTOI,bindiyachariTOI,1
178231,Tweet,bindiyachariTOI,bindiyachariTOI,1
178252,Tweet,bindiyachariTOI,NewtonSTOI,165
178187,Tweet,bindiyachariTOI,NewtonSTOI,37
178214,Tweet,bindiyachariTOI,bindiyachariTOI,1
178220,Tweet,bindiyachariTOI,bindiyachariTOI,1
178189,Tweet,bindiyachariTOI,ArunDev1,106
178268,Tweet,bindiyachariTOI,NewtonSTOI,224
178228,Tweet,bindiyachariTOI,bindiyachariTOI,1
178194,Tweet,bindiyachariTOI,bindiyachariTOI,1
178272,Tweet,bindiyachariTOI,DekaJayanta,264
21002,Article,ericschmittnyt,ericschmittnyt,1
21051,Article,ericschmittnyt,ericschmittnyt,1
21069,Article,ericschmittnyt,julianbarnes,3
21080,Article,ericschmittnyt,julianbarnes,33
21025,Article,ericschmittnyt,julianbarnes,14
21018,Article,ericschmittnyt,julianbarnes,2
21093,Article,ericschmittnyt,julianbarnes,4
21028,Article,ericschmittnyt,julianbarnes,3
21003,Article,ericschmittnyt,ericschmittnyt,1
21077,Article,ericschmittnyt,julianbarnes,6
21057,Article,ericschmittnyt,julianbarnes,2
21076,Article,ericschmittnyt,helenecooper,16
21000,Article,ericschmittnyt,julianbarnes,4
21056,Article,ericschmittnyt,julianbarnes,3
21049,Article,ericschmittnyt,julianbarnes,2
21149,Tweet,ericschmittnyt,antontroian,7
21102,Tweet,ericschmittnyt,gailcollins,13
21179,Tweet,ericschmittnyt,ericschmittnyt,1
21183,Tweet,ericschmittnyt,ericschmittnyt,1
21125,Tweet,ericschmittnyt,ericschmittnyt,1
21154,Tweet,ericschmittnyt,ericschmittnyt,1
21138,Tweet,ericschmittnyt,ericschmittnyt,1
21124,Tweet,ericschmittnyt,ericschmittnyt,1
21135,Tweet,ericschmittnyt,ericschmittnyt,1
21107,Tweet,ericschmittnyt,ericschmittnyt,1
21150,Tweet,ericschmittnyt,michaelcrowley,5
21114,Tweet,ericschmittnyt,ericschmittnyt,1
21170,Tweet,ericschmittnyt,ericschmittnyt,1
21120,Tweet,ericschmittnyt,ericschmittnyt,1
21128,Tweet,ericschmittnyt,ericschmittnyt,1
215216,Article,SwatiMathurTOI,NewtonSTOI,11
215154,Article,SwatiMathurTOI,toi_dhananjayM,10
215124,Article,SwatiMathurTOI,NewtonSTOI,28
215191,Article,SwatiMathurTOI,rajendrasTOI,4
215195,Article,SwatiMathurTOI,toi_dhananjayM,4
215168,Article,SwatiMathurTOI,AtulMathur_,4
215077,Article,SwatiMathurTOI,SwatiMathurTOI,1
215214,Article,SwatiMathurTOI,rajendrasTOI,37
215065,Article,SwatiMathurTOI,rajendrasTOI,24
214993,Article,SwatiMathurTOI,vishwamTOI,20
215015,Article,SwatiMathurTOI,rajendrasTOI,10
215092,Article,SwatiMathurTOI,rajendrasTOI,7
215033,Article,SwatiMathurTOI,rajendrasTOI,10
215075,Article,SwatiMathurTOI,rajendrasTOI,9
215222,Article,SwatiMathurTOI,rajendrasTOI,3
215242,Tweet,SwatiMathurTOI,priyagupta999,5
215266,Tweet,SwatiMathurTOI,GRajivTOI,6
215267,Tweet,SwatiMathurTOI,27saurabhsinha,38
215293,Tweet,SwatiMathurTOI,sermoninstone,369
215262,Tweet,SwatiMathurTOI,dipakdashTOI,2
215260,Tweet,SwatiMathurTOI,27saurabhsinha,36
215312,Tweet,SwatiMathurTOI,SwatiMathurTOI,1
215229,Tweet,SwatiMathurTOI,meeravohraTOI,47
215254,Tweet,SwatiMathurTOI,SwatiMathurTOI,1
215298,Tweet,SwatiMathurTOI,BhanupratapsTOI,5
215303,Tweet,SwatiMathurTOI,dipakdashTOI,10
215253,Tweet,SwatiMathurTOI,rashmidTOI,3
215283,Tweet,SwatiMathurTOI,SwatiShindeTOI,19
215273,Tweet,SwatiMathurTOI,smita_mishra,432
215323,Tweet,SwatiMathurTOI,BhanupratapsTOI,5
19214,Article,sisario,sisario,1
19273,Article,sisario,NeilMacFarquhar,2
19237,Article,sisario,sisario,1
19249,Article,sisario,sisario,1
19218,Article,sisario,sisario,1
19263,Article,sisario,sisario,1
19206,Article,sisario,sisario,1
19268,Article,sisario,sisario,1
19275,Article,sisario,sisario,1
19257,Article,sisario,sisario,1
19225,Article,sisario,samrob12,5
19288,Article,sisario,BellaKwai,21
19212,Article,sisario,sisario,1
19207,Article,sisario,sisario,1
19246,Article,sisario,sisario,1
19351,Tweet,sisario,RichardFausset,17
19367,Tweet,sisario,sisario,1
19397,Tweet,sisario,sisario,1
19395,Tweet,sisario,sisario,1
19339,Tweet,sisario,Mahafreed_Irani,27
19329,Tweet,sisario,EVincentelli,2
19341,Tweet,sisario,juliarebeccaj,116
19382,Tweet,sisario,andrewrsorkin,3
19366,Tweet,sisario,davidleighx,227
19323,Tweet,sisario,sisario,1
19372,Tweet,sisario,davidleighx,10
19386,Tweet,sisario,joncaramanica,16
19383,Tweet,sisario,sisario,1
19334,Tweet,sisario,andrewrsorkin,2
19322,Tweet,sisario,EVincentelli,12
17230,Article,reidepstein,hillhulse,33
17261,Article,reidepstein,lukebroadwater,39
17278,Article,reidepstein,hillhulse,4
17296,Article,reidepstein,ShaneGoldmacher,2
17247,Article,reidepstein,adamliptak,21
17288,Article,reidepstein,hillhulse,29
17284,Article,reidepstein,hillhulse,21
17218,Article,reidepstein,ESCochrane,24
17281,Article,reidepstein,hillhulse,40
17208,Article,reidepstein,hillhulse,24
17265,Article,reidepstein,hillhulse,27
17257,Article,reidepstein,npfandos,19
17239,Article,reidepstein,ESCochrane,4
17214,Article,reidepstein,ESCochrane,11
17222,Article,reidepstein,helenecooper,88
17393,Tweet,reidepstein,hillhulse,7
17314,Tweet,reidepstein,ShaneGoldmacher,2
17388,Tweet,reidepstein,jmart,2
17364,Tweet,reidepstein,reidepstein,1
17332,Tweet,reidepstein,viasimonromero,7
17330,Tweet,reidepstein,reidepstein,1
17323,Tweet,reidepstein,jmart,3
17315,Tweet,reidepstein,ByMattStevens,4
17374,Tweet,reidepstein,PerriKlass,182
17313,Tweet,reidepstein,reidepstein,1
17391,Tweet,reidepstein,reidepstein,1
17300,Tweet,reidepstein,reidepstein,1
17343,Tweet,reidepstein,smervosh,10
17301,Tweet,reidepstein,dionnesearcey,14
17376,Tweet,reidepstein,reidepstein,1
1466,Article,antontroian,NeilMacFarquhar,2
1455,Article,antontroian,NeilMacFarquhar,4
1496,Article,antontroian,EllenBarryNYT,9
1460,Article,antontroian,michaelcrowley,3
1446,Article,antontroian,michaelcrowley,2
1492,Article,antontroian,NeilMacFarquhar,2
1449,Article,antontroian,NeilMacFarquhar,11
1490,Article,antontroian,antontroian,1
1432,Article,antontroian,antontroian,1
1409,Article,antontroian,NeilMacFarquhar,2
1433,Article,antontroian,NeilMacFarquhar,2
1440,Article,antontroian,NeilMacFarquhar,2
1498,Article,antontroian,antontroian,1
1481,Article,antontroian,EllenBarryNYT,50
1435,Article,antontroian,NeilMacFarquhar,4
1524,Tweet,antontroian,antontroian,1
1558,Tweet,antontroian,antontroian,1
1547,Tweet,antontroian,antontroian,1
1585,Tweet,antontroian,antontroian,1
1522,Tweet,antontroian,antontroian,1
1532,Tweet,antontroian,NeilMacFarquhar,25
1541,Tweet,antontroian,nnougayrede,2
1545,Tweet,antontroian,antontroian,1
1595,Tweet,antontroian,MiriamElder,4
1538,Tweet,antontroian,antontroian,1
1542,Tweet,antontroian,antontroian,1
1500,Tweet,antontroian,antontroian,1
1533,Tweet,antontroian,lukeharding1968,2
1529,Tweet,antontroian,EmmaBubola,4
1543,Tweet,antontroian,SangerNYT,12
3643,Article,billywitz,DavidWaldstein,3
3691,Article,billywitz,DavidWaldstein,5
3622,Article,billywitz,ByJamesWagner,3
3649,Article,billywitz,ByJamesWagner,5
3636,Article,billywitz,marcatracy,9
3672,Article,billywitz,DavidWaldstein,6
3601,Article,billywitz,DavidWaldstein,4
3666,Article,billywitz,DavidWaldstein,5
3645,Article,billywitz,DavidWaldstein,4
3604,Article,billywitz,DavidWaldstein,3
3678,Article,billywitz,el_belson,18
3635,Article,billywitz,ByJamesWagner,3
3600,Article,billywitz,DavidWaldstein,2
3671,Article,billywitz,DavidWaldstein,24
3697,Article,billywitz,DavidWaldstein,4
3758,Tweet,billywitz,joshwiddicombe,2
3793,Tweet,billywitz,ByJamesWagner,4
3762,Tweet,billywitz,joshwiddicombe,4
3798,Tweet,billywitz,mlevenson,2
3712,Tweet,billywitz,davidleighx,7
3734,Tweet,billywitz,DavidWaldstein,4
3742,Tweet,billywitz,el_belson,7
3715,Tweet,billywitz,DavidWaldstein,3
3764,Tweet,billywitz,DavidWaldstein,2
3700,Tweet,billywitz,billywitz,1
3785,Tweet,billywitz,MattFutterman,4
3719,Tweet,billywitz,mlevenson,9
3733,Tweet,billywitz,billywitz,1
3778,Tweet,billywitz,el_belson,6
3761,Tweet,billywitz,ByJamesWagner,2
46386,Article,oliverburkeman,garyyounge,86
46448,Article,oliverburkeman,oliverburkeman,1
46489,Article,oliverburkeman,oliverburkeman,1
46391,Article,oliverburkeman,oliverburkeman,1
46332,Article,oliverburkeman,DouthatNYT,72
46546,Article,oliverburkeman,oliverburkeman,1
46330,Article,oliverburkeman,dwightgarner,61
46381,Article,oliverburkeman,dwightgarner,45
46383,Article,oliverburkeman,dwightgarner,19
46366,Article,oliverburkeman,oliverburkeman,1
46547,Article,oliverburkeman,oliverburkeman,1
46501,Article,oliverburkeman,oliverburkeman,1
46354,Article,oliverburkeman,oliverburkeman,1
46395,Article,oliverburkeman,oliverburkeman,1
46385,Article,oliverburkeman,oliverburkeman,1
46594,Tweet,oliverburkeman,hadleyfreeman,125
46747,Tweet,oliverburkeman,msmirandasawyer,48
46775,Tweet,oliverburkeman,msrachelcooke,36
46577,Tweet,oliverburkeman,msrachelcooke,40
46752,Tweet,oliverburkeman,msrachelcooke,20
46808,Tweet,oliverburkeman,SocialQPhilip,23
46825,Tweet,oliverburkeman,jennydeluxe,228
46677,Tweet,oliverburkeman,jbouie,7
46735,Tweet,oliverburkeman,sarahditum,17
46706,Tweet,oliverburkeman,SocialQPhilip,6
46930,Tweet,oliverburkeman,alanconnor,179
46903,Tweet,oliverburkeman,tarasbernard,230
46858,Tweet,oliverburkeman,DouthatNYT,26
46728,Tweet,oliverburkeman,noamscheiber,115
46859,Tweet,oliverburkeman,tarasbernard,290
153098,Article,shattenstone,JohnJCrace,2
153055,Article,shattenstone,RorySmith,155
153006,Article,shattenstone,andybrassell,36
152955,Article,shattenstone,LauraCummingArt,3
152939,Article,shattenstone,tomdyckhoff,387
152916,Article,shattenstone,JohnJCrace,23
152975,Article,shattenstone,RachelDonadio,78
152905,Article,shattenstone,thestephmerritt,68
152954,Article,shattenstone,JohnJCrace,6
153027,Article,shattenstone,msrachelcooke,4
153018,Article,shattenstone,andybrassell,30
152929,Article,shattenstone,MichaelWhite,65
152925,Article,shattenstone,MarinaHyde,12
153102,Article,shattenstone,oliverburkeman,19
152974,Article,shattenstone,msrachelcooke,3
153324,Tweet,shattenstone,LucyMangan,16
153469,Tweet,shattenstone,msrachelcooke,10
153314,Tweet,shattenstone,msrachelcooke,14
153590,Tweet,shattenstone,msrachelcooke,8
153657,Tweet,shattenstone,sarahlyall,134
153190,Tweet,shattenstone,nnougayrede,391
153549,Tweet,shattenstone,msrachelcooke,5
153523,Tweet,shattenstone,GiniaNYT,125
153673,Tweet,shattenstone,priyagupta999,297
153183,Tweet,shattenstone,jennydeluxe,43
153175,Tweet,shattenstone,shattenstone,1
153172,Tweet,shattenstone,DeccaJourno,15
153424,Tweet,shattenstone,DeccaJourno,12
153658,Tweet,shattenstone,DeccaJourno,6
153201,Tweet,shattenstone,sarahlyall,32
82345,Article,hadleyfreeman,garyyounge,5
82291,Article,hadleyfreeman,garyyounge,5
82429,Article,hadleyfreeman,TanyaGold1,73
82418,Article,hadleyfreeman,jimwaterson,393
82218,Article,hadleyfreeman,msmirandasawyer,24
82410,Article,hadleyfreeman,JohnJCrace,7
82235,Article,hadleyfreeman,EVincentelli,399
82282,Article,hadleyfreeman,andybrassell,2
82316,Article,hadleyfreeman,LauraCummingArt,6
82367,Article,hadleyfreeman,LauraCummingArt,3
82362,Article,hadleyfreeman,hadleyfreeman,1
82216,Article,hadleyfreeman,hadleyfreeman,1
82340,Article,hadleyfreeman,salihughes,325
82317,Article,hadleyfreeman,andybrassell,3
82270,Article,hadleyfreeman,andybrassell,3
82576,Tweet,hadleyfreeman,elizabday,5
82691,Tweet,hadleyfreeman,sarahchurchwell,11
82739,Tweet,hadleyfreeman,priyagupta999,16
82580,Tweet,hadleyfreeman,philipoltermann,39
82958,Tweet,hadleyfreeman,jbouie,110
82826,Tweet,hadleyfreeman,sarahditum,67
82524,Tweet,hadleyfreeman,msmirandasawyer,9
82812,Tweet,hadleyfreeman,GiniaNYT,345
82578,Tweet,hadleyfreeman,afuahirsch,2
82681,Tweet,hadleyfreeman,DeccaJourno,10
82507,Tweet,hadleyfreeman,DeccaJourno,5
82458,Tweet,hadleyfreeman,vwang3,293
82820,Tweet,hadleyfreeman,jennydeluxe,92
82625,Tweet,hadleyfreeman,priyagupta999,312
82772,Tweet,hadleyfreeman,sarahlyall,86
214655,Article,sushmi_dey,sushmi_dey,1
214702,Article,sushmi_dey,sushmi_dey,1
214698,Article,sushmi_dey,kush_junglee,14
214643,Article,sushmi_dey,AmritadTOI,7
214820,Article,sushmi_dey,sushmi_dey,1
214786,Article,sushmi_dey,sushmi_dey,1
214662,Article,sushmi_dey,sushmi_dey,1
214780,Article,sushmi_dey,AmritadTOI,2
214644,Article,sushmi_dey,sushmi_dey,1
214791,Article,sushmi_dey,sushmi_dey,1
214833,Article,sushmi_dey,sushmi_dey,1
214812,Article,sushmi_dey,sushmi_dey,1
214739,Article,sushmi_dey,rajendrasTOI,4
214749,Article,sushmi_dey,AmritadTOI,2
214661,Article,sushmi_dey,Rupalijee,3
214972,Tweet,sushmi_dey,niyatiparikhTOI,2
214953,Tweet,sushmi_dey,PrashantrTOI,3
214929,Tweet,sushmi_dey,durgeshjhaTOI,6
214969,Tweet,sushmi_dey,priyagupta999,239
214963,Tweet,sushmi_dey,durgeshjhaTOI,2
214951,Tweet,sushmi_dey,sushmi_dey,1
214905,Tweet,sushmi_dey,desaisantosh,244
214895,Tweet,sushmi_dey,niyatiparikhTOI,40
214904,Tweet,sushmi_dey,durgeshjhaTOI,5
214908,Tweet,sushmi_dey,jennydeluxe,126
214968,Tweet,sushmi_dey,durgeshjhaTOI,2
214959,Tweet,sushmi_dey,niyatiparikhTOI,2
214936,Tweet,sushmi_dey,niyatiparikhTOI,2
214980,Tweet,sushmi_dey,durgeshjhaTOI,17
214930,Tweet,sushmi_dey,Shreyanka_M,419
14495,Article,MujMash,AmritadTOI,40
14438,Article,MujMash,AnaSwanson,6
14426,Article,MujMash,michaelcrowley,13
14453,Article,MujMash,MujMash,1
14494,Article,MujMash,NeilMacFarquhar,7
14416,Article,MujMash,NeilMacFarquhar,2
14417,Article,MujMash,MujMash,1
14465,Article,MujMash,MujMash,1
14427,Article,MujMash,akhileshsTOI,67
14491,Article,MujMash,NeilMacFarquhar,4
14442,Article,MujMash,cdcaron,29
14497,Article,MujMash,EllenBarryNYT,19
14474,Article,MujMash,EllenBarryNYT,16
14483,Article,MujMash,AmritadTOI,46
14461,Article,MujMash,NeilMacFarquhar,10
14598,Tweet,MujMash,Lattif,2
14568,Tweet,MujMash,mohuadazz,55
14517,Tweet,MujMash,MujMash,1
14564,Tweet,MujMash,MujMash,1
14503,Tweet,MujMash,MujMash,1
14579,Tweet,MujMash,MujMash,1
14561,Tweet,MujMash,MujMash,1
14560,Tweet,MujMash,MujMash,1
14584,Tweet,MujMash,somitsenTOI,3
14577,Tweet,MujMash,pradeeptTOI,10
14519,Tweet,MujMash,Lattif,2
14571,Tweet,MujMash,mohuadazz,26
14518,Tweet,MujMash,MujMash,1
14596,Tweet,MujMash,MujMash,1
14527,Tweet,MujMash,vwang3,2
23202,Article,samrob12,dwightgarner,92
23280,Article,samrob12,samrob12,1
23282,Article,samrob12,samrob12,1
23296,Article,samrob12,RichSandomir,2
23272,Article,samrob12,RichardFausset,114
23292,Article,samrob12,samrob12,1
23207,Article,samrob12,samrob12,1
23222,Article,samrob12,samrob12,1
23256,Article,samrob12,samrob12,1
23234,Article,samrob12,samrob12,1
23288,Article,samrob12,samrob12,1
23261,Article,samrob12,genznyt,2
23223,Article,samrob12,samrob12,1
23274,Article,samrob12,samrob12,1
23208,Article,samrob12,samrob12,1
23320,Tweet,samrob12,hugolowell,12
23354,Tweet,samrob12,rachlharris,10
23311,Tweet,samrob12,msrachelcooke,140
23342,Tweet,samrob12,alanconnor,265
23303,Tweet,samrob12,genznyt,11
23396,Tweet,samrob12,timlottwriter,311
23381,Tweet,samrob12,mlevenson,3
23321,Tweet,samrob12,marywalshjourno,81
23397,Tweet,samrob12,marywalshjourno,88
23326,Tweet,samrob12,oliverburkeman,2
23375,Tweet,samrob12,mlevenson,54
23377,Tweet,samrob12,vwang3,30
23312,Tweet,samrob12,sarahlyall,329
23379,Tweet,samrob12,Mahafreed_Irani,7
23330,Tweet,samrob12,davidleighx,94
211773,Article,SidharthB25,SidharthB25,1
211743,Article,SidharthB25,Gauraw2297,141
211650,Article,SidharthB25,SidharthB25,1
211719,Article,SidharthB25,Gauraw2297,128
211832,Article,SidharthB25,mateenHTOI,2
211755,Article,SidharthB25,SidharthB25,1
211810,Article,SidharthB25,SidharthB25,1
211646,Article,SidharthB25,SidharthB25,1
211789,Article,SidharthB25,SidharthB25,1
211710,Article,SidharthB25,SidharthB25,1
211788,Article,SidharthB25,SidharthB25,1
211618,Article,SidharthB25,SidharthB25,1
211834,Article,SidharthB25,SidharthB25,1
211752,Article,SidharthB25,SidharthB25,1
211722,Article,SidharthB25,SidharthB25,1
211909,Tweet,SidharthB25,sarahchurchwell,430
211875,Tweet,SidharthB25,sermoninstone,449
211883,Tweet,SidharthB25,rajatpTOI,198
211890,Tweet,SidharthB25,sermoninstone,177
211930,Tweet,SidharthB25,MarcusMergulhao,74
211867,Tweet,SidharthB25,27saurabhsinha,206
211881,Tweet,SidharthB25,rajatpTOI,238
211889,Tweet,SidharthB25,PeterTatchell,320
211902,Tweet,SidharthB25,saumyajitbTOI,76
211876,Tweet,SidharthB25,antontroian,298
211905,Tweet,SidharthB25,_nicolaclark,118
211910,Tweet,SidharthB25,LauraCummingArt,176
211887,Tweet,SidharthB25,aditya_bh16,80
211880,Tweet,SidharthB25,priyagupta999,196
211885,Tweet,SidharthB25,andybrassell,44
207096,Article,rjadHinduBL,NewtonSTOI,23
207205,Article,rjadHinduBL,rjadHinduBL,1
207002,Article,rjadHinduBL,NewtonSTOI,2
207013,Article,rjadHinduBL,rajendrasTOI,9
207221,Article,rjadHinduBL,rajendrasTOI,14
207121,Article,rjadHinduBL,rjadHinduBL,1
206982,Article,rjadHinduBL,rajendrasTOI,31
207063,Article,rjadHinduBL,toi_dhananjayM,33
207113,Article,rjadHinduBL,richapintoi,12
207123,Article,rjadHinduBL,rajendrasTOI,28
207181,Article,rjadHinduBL,anandbodhTOI,7
206975,Article,rjadHinduBL,ThevarSteffy,8
207171,Article,rjadHinduBL,ShrinivasaMTOI,16
207177,Article,rjadHinduBL,ThevarSteffy,6
207108,Article,rjadHinduBL,SribaalaVTOI,91
207303,Tweet,rjadHinduBL,rjadHinduBL,1
207315,Tweet,rjadHinduBL,rjadHinduBL,1
207231,Tweet,rjadHinduBL,rashmidTOI,66
207313,Tweet,rjadHinduBL,andrewrsorkin,58
207225,Tweet,rjadHinduBL,MujMash,67
207260,Tweet,rjadHinduBL,ramarkosg,9
207235,Tweet,rjadHinduBL,jayamenon64,121
207279,Tweet,rjadHinduBL,rjadHinduBL,1
207275,Tweet,rjadHinduBL,ramarkosg,2
207292,Tweet,rjadHinduBL,carlzimmer,65
207306,Tweet,rjadHinduBL,rjadHinduBL,1
207234,Tweet,rjadHinduBL,rjadHinduBL,1
207322,Tweet,rjadHinduBL,rjadHinduBL,1
207224,Tweet,rjadHinduBL,jayamenon64,41
207261,Tweet,rjadHinduBL,IpsitaTOI,25
210739,Article,Shreyanka_M,saumyajitbTOI,5
210779,Article,Shreyanka_M,debaratisen,6
210787,Article,Shreyanka_M,DekaJayanta,17
210735,Article,Shreyanka_M,DekaJayanta,61
210775,Article,Shreyanka_M,smita_mishra,3
210747,Article,Shreyanka_M,DekaJayanta,9
210784,Article,Shreyanka_M,meeravohraTOI,9
210744,Article,Shreyanka_M,NewtonSTOI,33
210774,Article,Shreyanka_M,saumyajitbTOI,35
210764,Article,Shreyanka_M,divyapal2013,4
210767,Article,Shreyanka_M,neelam_raaj,11
210732,Article,Shreyanka_M,divyapal2013,5
210734,Article,Shreyanka_M,meeravohraTOI,4
210796,Article,Shreyanka_M,ArunDev1,26
210794,Article,Shreyanka_M,NewtonSTOI,30
210858,Tweet,Shreyanka_M,debaratisen,7
210824,Tweet,Shreyanka_M,priyagupta999,2
210868,Tweet,Shreyanka_M,priyagupta999,9
210869,Tweet,Shreyanka_M,smita_mishra,18
210838,Tweet,Shreyanka_M,smita_mishra,7
210907,Tweet,Shreyanka_M,jennydeluxe,24
210871,Tweet,Shreyanka_M,MoharBasu,10
210867,Tweet,Shreyanka_M,MoharBasu,9
210880,Tweet,Shreyanka_M,sermoninstone,12
210901,Tweet,Shreyanka_M,debaratisen,5
210814,Tweet,Shreyanka_M,priyagupta999,6
210870,Tweet,Shreyanka_M,PNaveenTOI,92
210839,Tweet,Shreyanka_M,smita_mishra,8
210853,Tweet,Shreyanka_M,smita_mishra,14
210889,Tweet,Shreyanka_M,MoharBasu,8
180758,Article,digbijaymishra1,digbijaymishra1,1
180921,Article,digbijaymishra1,digbijaymishra1,1
180807,Article,digbijaymishra1,digbijaymishra1,1
180774,Article,digbijaymishra1,digbijaymishra1,1
180841,Article,digbijaymishra1,digbijaymishra1,1
180784,Article,digbijaymishra1,digbijaymishra1,1
180777,Article,digbijaymishra1,digbijaymishra1,1
180928,Article,digbijaymishra1,digbijaymishra1,1
180726,Article,digbijaymishra1,digbijaymishra1,1
180749,Article,digbijaymishra1,digbijaymishra1,1
180942,Article,digbijaymishra1,digbijaymishra1,1
180727,Article,digbijaymishra1,digbijaymishra1,1
180937,Article,digbijaymishra1,digbijaymishra1,1
180952,Article,digbijaymishra1,digbijaymishra1,1
180825,Article,digbijaymishra1,toi_dhananjayM,2
181018,Tweet,digbijaymishra1,alanconnor,364
180987,Tweet,digbijaymishra1,GiniaNYT,372
180970,Tweet,digbijaymishra1,ramarkosg,2
181030,Tweet,digbijaymishra1,noamscheiber,43
181060,Tweet,digbijaymishra1,DekaJayanta,149
181055,Tweet,digbijaymishra1,ramarkosg,2
181012,Tweet,digbijaymishra1,jayamenon64,7
180999,Tweet,digbijaymishra1,ceciliakang,2
181005,Tweet,digbijaymishra1,mlevenson,232
180980,Tweet,digbijaymishra1,ramarkosg,2
181048,Tweet,digbijaymishra1,SangerNYT,302
181052,Tweet,digbijaymishra1,desaisantosh,37
181054,Tweet,digbijaymishra1,digbijaymishra1,1
180994,Tweet,digbijaymishra1,digbijaymishra1,1
181051,Tweet,digbijaymishra1,digbijaymishra1,1
105276,Article,IAmTimDowling,jonronson,2
105281,Article,IAmTimDowling,GiniaNYT,4
105417,Article,IAmTimDowling,jonronson,2
105372,Article,IAmTimDowling,RebeccaSeal,7
105383,Article,IAmTimDowling,jonronson,2
105469,Article,IAmTimDowling,jonronson,2
105459,Article,IAmTimDowling,jonronson,3
105290,Article,IAmTimDowling,jonronson,2
105283,Article,IAmTimDowling,andrewrawnsley,113
105485,Article,IAmTimDowling,andybrassell,89
105313,Article,IAmTimDowling,IAmTimDowling,1
105427,Article,IAmTimDowling,jonronson,2
105439,Article,IAmTimDowling,RebeccaSeal,7
105422,Article,IAmTimDowling,jonronson,3
105407,Article,IAmTimDowling,IAmTimDowling,1
105750,Tweet,IAmTimDowling,SocialQPhilip,134
105946,Tweet,IAmTimDowling,margaretrenkl,21
106102,Tweet,IAmTimDowling,msrachelcooke,27
105840,Tweet,IAmTimDowling,GiniaNYT,22
105947,Tweet,IAmTimDowling,sarahlyall,11
106024,Tweet,IAmTimDowling,shattenstone,32
105601,Tweet,IAmTimDowling,GiniaNYT,36
105927,Tweet,IAmTimDowling,paulmasonnews,388
105798,Tweet,IAmTimDowling,JohnJCrace,27
105598,Tweet,IAmTimDowling,jennydeluxe,14
105919,Tweet,IAmTimDowling,PerriKlass,116
105934,Tweet,IAmTimDowling,jackschofield,60
105886,Tweet,IAmTimDowling,JessicaValenti,26
105679,Tweet,IAmTimDowling,joshwiddicombe,175
105848,Tweet,IAmTimDowling,PeterTatchell,386
198191,Article,NishikantkTOI,NewtonSTOI,26
198137,Article,NishikantkTOI,ThevarSteffy,6
198226,Article,NishikantkTOI,rebeccaSTOI,3
198155,Article,NishikantkTOI,rebeccaSTOI,4
198231,Article,NishikantkTOI,NishikantkTOI,1
198089,Article,NishikantkTOI,NishikantkTOI,1
198225,Article,NishikantkTOI,NishikantkTOI,1
198215,Article,NishikantkTOI,sandhyanairTOI,2
198004,Article,NishikantkTOI,NishikantkTOI,1
198152,Article,NishikantkTOI,NishikantkTOI,1
198248,Article,NishikantkTOI,NewtonSTOI,35
198223,Article,NishikantkTOI,sandhyanairTOI,4
198230,Article,NishikantkTOI,rebeccaSTOI,13
198085,Article,NishikantkTOI,rebeccaSTOI,2
198090,Article,NishikantkTOI,sandhyanairTOI,2
198316,Tweet,NishikantkTOI,NishikantkTOI,1
198263,Tweet,NishikantkTOI,mateenHTOI,2
198258,Tweet,NishikantkTOI,NishikantkTOI,1
198348,Tweet,NishikantkTOI,NishikantkTOI,1
198309,Tweet,NishikantkTOI,NishikantkTOI,1
198273,Tweet,NishikantkTOI,NishikantkTOI,1
198277,Tweet,NishikantkTOI,rashmidTOI,2
198317,Tweet,NishikantkTOI,NishikantkTOI,1
198310,Tweet,NishikantkTOI,NishikantkTOI,1
198306,Tweet,NishikantkTOI,NishikantkTOI,1
198312,Tweet,NishikantkTOI,NishikantkTOI,1
198301,Tweet,NishikantkTOI,NishikantkTOI,1
198347,Tweet,NishikantkTOI,NishikantkTOI,1
198256,Tweet,NishikantkTOI,SribaalaVTOI,182
198253,Tweet,NishikantkTOI,PNaveenTOI,5
53852,Article,kiracochrane,jimwaterson,38
53950,Article,kiracochrane,OwenJones84,42
53764,Article,kiracochrane,garyyounge,55
53982,Article,kiracochrane,bindelj,59
53983,Article,kiracochrane,OwenJones84,52
53842,Article,kiracochrane,garyyounge,34
53794,Article,kiracochrane,msrachelcooke,79
53927,Article,kiracochrane,OwenJones84,41
53905,Article,kiracochrane,msrachelcooke,51
53925,Article,kiracochrane,LauraCummingArt,34
53967,Article,kiracochrane,gabyhinsliff,40
53801,Article,kiracochrane,OwenJones84,55
53947,Article,kiracochrane,EVincentelli,111
53921,Article,kiracochrane,JohnJCrace,64
53796,Article,kiracochrane,davidhepworth,108
54338,Tweet,kiracochrane,AnushkaAsthana,52
54199,Tweet,kiracochrane,jonronson,58
54123,Tweet,kiracochrane,AnushkaAsthana,67
54191,Tweet,kiracochrane,nnougayrede,52
54048,Tweet,kiracochrane,joshwiddicombe,2
54452,Tweet,kiracochrane,joshwiddicombe,10
54176,Tweet,kiracochrane,markriceoxley69,7
54531,Tweet,kiracochrane,PamBelluck,2
54418,Tweet,kiracochrane,KateEMcCann,23
54222,Tweet,kiracochrane,joshwiddicombe,2
54440,Tweet,kiracochrane,alanconnor,21
54354,Tweet,kiracochrane,vanbadham,4
54100,Tweet,kiracochrane,TristramHuntVA,5
54332,Tweet,kiracochrane,kiracochrane,1
54237,Tweet,kiracochrane,BellaKwai,6
208284,Article,SagrikaKissu,SidharthB25,3
208344,Article,SagrikaKissu,KanwardeepsTOI,2
208314,Article,SagrikaKissu,SagrikaKissu,1
208232,Article,SagrikaKissu,mateenHTOI,2
208328,Article,SagrikaKissu,rebeccaSTOI,2
208308,Article,SagrikaKissu,SidharthB25,10
208290,Article,SagrikaKissu,KanwardeepsTOI,2
208337,Article,SagrikaKissu,rebeccaSTOI,2
208255,Article,SagrikaKissu,SidharthB25,4
208234,Article,SagrikaKissu,SidharthB25,15
208316,Article,SagrikaKissu,SagrikaKissu,1
208194,Article,SagrikaKissu,SidharthB25,13
208220,Article,SagrikaKissu,SidharthB25,3
208270,Article,SagrikaKissu,KanwardeepsTOI,2
208257,Article,SagrikaKissu,KanwardeepsTOI,3
208421,Tweet,SagrikaKissu,rashmidTOI,38
208394,Tweet,SagrikaKissu,ipsinghTOI,31
208387,Tweet,SagrikaKissu,polblonde,226
208411,Tweet,SagrikaKissu,HinaRohtaki,5
208415,Tweet,SagrikaKissu,Gauraw2297,74
208372,Tweet,SagrikaKissu,Mahafreed_Irani,38
208403,Tweet,SagrikaKissu,paulmasonnews,101
208384,Tweet,SagrikaKissu,AlokKNMishra,17
208396,Tweet,SagrikaKissu,shafaquealamTOI,3
208380,Tweet,SagrikaKissu,priyagupta999,18
208386,Tweet,SagrikaKissu,ipsinghTOI,7
208390,Tweet,SagrikaKissu,jayamenon64,20
208379,Tweet,SagrikaKissu,DekaJayanta,37
208408,Tweet,SagrikaKissu,smita_mishra,79
208407,Tweet,SagrikaKissu,Gauraw2297,27
2880,Article,benkenigsberg,benkenigsberg,1
2858,Article,benkenigsberg,benkenigsberg,1
2835,Article,benkenigsberg,timatkin,17
2857,Article,benkenigsberg,benkenigsberg,1
2813,Article,benkenigsberg,benkenigsberg,1
2895,Article,benkenigsberg,benkenigsberg,1
2802,Article,benkenigsberg,benkenigsberg,1
2879,Article,benkenigsberg,benkenigsberg,1
2870,Article,benkenigsberg,benkenigsberg,1
2846,Article,benkenigsberg,benkenigsberg,1
2820,Article,benkenigsberg,EVincentelli,2
2856,Article,benkenigsberg,benkenigsberg,1
2872,Article,benkenigsberg,jorifinkel,7
2885,Article,benkenigsberg,NeilMacFarquhar,2
2873,Article,benkenigsberg,benkenigsberg,1
2964,Tweet,benkenigsberg,benkenigsberg,1
2966,Tweet,benkenigsberg,fmanjoo,9
2994,Tweet,benkenigsberg,rpogrebin,5
2993,Tweet,benkenigsberg,benkenigsberg,1
2912,Tweet,benkenigsberg,joncaramanica,40
2978,Tweet,benkenigsberg,samsifton,101
2937,Tweet,benkenigsberg,salihughes,3
2974,Tweet,benkenigsberg,rachlharris,2
2942,Tweet,benkenigsberg,alanconnor,295
2904,Tweet,benkenigsberg,benkenigsberg,1
2922,Tweet,benkenigsberg,Mahafreed_Irani,36
2970,Tweet,benkenigsberg,EVincentelli,6
2903,Tweet,benkenigsberg,paulkrugman,86
2939,Tweet,benkenigsberg,alanconnor,10
2916,Tweet,benkenigsberg,benkenigsberg,1
218163,Article,TridibIANS,vivek9301,4
218193,Article,TridibIANS,aniljdias,3
218140,Article,TridibIANS,vivek9301,4
218210,Article,TridibIANS,aniljdias,8
218171,Article,TridibIANS,aniljdias,4
218170,Article,TridibIANS,vivek9301,3
218131,Article,TridibIANS,vivek9301,3
218149,Article,TridibIANS,vivek9301,4
218184,Article,TridibIANS,vivek9301,3
218125,Article,TridibIANS,Pratiks_TOI,7
218214,Article,TridibIANS,rajendrasTOI,19
218129,Article,TridibIANS,aniljdias,2
218152,Article,TridibIANS,aniljdias,5
218112,Article,TridibIANS,aniljdias,4
218194,Article,TridibIANS,Pratiks_TOI,5
218265,Tweet,TridibIANS,aditya_bh16,4
218264,Tweet,TridibIANS,vivek9301,4
218261,Tweet,TridibIANS,aditya_bh16,4
218263,Tweet,TridibIANS,aditya_bh16,8
218331,Tweet,TridibIANS,smita_mishra,91
218254,Tweet,TridibIANS,jackschofield,445
218289,Tweet,TridibIANS,jayamenon64,151
218311,Tweet,TridibIANS,priyagupta999,8
218317,Tweet,TridibIANS,smita_mishra,32
218245,Tweet,TridibIANS,priyagupta999,81
218252,Tweet,TridibIANS,aditya_bh16,14
218275,Tweet,TridibIANS,SunilSubaiah,129
218284,Tweet,TridibIANS,aditya_bh16,6
218328,Tweet,TridibIANS,adwaidh,4
218238,Tweet,TridibIANS,SunilSubaiah,6
23425,Article,samsifton,melissaclark,10
23408,Article,samsifton,tejalrao,2
23438,Article,samsifton,dwightgarner,27
23444,Article,samsifton,pete_wells,2
23409,Article,samsifton,melissaclark,2
23454,Article,samsifton,sio_burke,16
23430,Article,samsifton,pete_wells,10
23429,Article,samsifton,ASoloski,47
23403,Article,samsifton,pete_wells,14
23453,Article,samsifton,pete_wells,10
23400,Article,samsifton,melissaclark,4
23442,Article,samsifton,melissaclark,8
23412,Article,samsifton,pete_wells,14
23465,Article,samsifton,pete_wells,9
23486,Article,samsifton,GiniaNYT,7
23546,Tweet,samsifton,jackschofield,17
23578,Tweet,samsifton,jonpareles,121
23588,Tweet,samsifton,livia_ar,42
23562,Tweet,samsifton,samsifton,1
23561,Tweet,samsifton,joshwiddicombe,21
23597,Tweet,samsifton,samsifton,1
23567,Tweet,samsifton,gailcollins,62
23512,Tweet,samsifton,TristramHuntVA,108
23591,Tweet,samsifton,gailcollins,10
23551,Tweet,samsifton,tomfriedman,47
23521,Tweet,samsifton,bylizrobbins,3
23584,Tweet,samsifton,melissaclark,7
23552,Tweet,samsifton,sarahlyall,5
23502,Tweet,samsifton,we_are_food,5
23536,Tweet,samsifton,joncaramanica,16
214522,Article,SunilSubaiah,Pratiks_TOI,6
214536,Article,SunilSubaiah,AtulMathur_,14
214408,Article,SunilSubaiah,aniljdias,9
214441,Article,SunilSubaiah,aniljdias,5
214423,Article,SunilSubaiah,AniltheMatrix,12
214352,Article,SunilSubaiah,PjJoychen,3
214457,Article,SunilSubaiah,SunilSubaiah,1
214334,Article,SunilSubaiah,SribaalaVTOI,9
214476,Article,SunilSubaiah,aniljdias,14
214477,Article,SunilSubaiah,NewtonSTOI,25
214497,Article,SunilSubaiah,SunilSubaiah,1
214508,Article,SunilSubaiah,aniljdias,9
214356,Article,SunilSubaiah,vivek9301,9
214355,Article,SunilSubaiah,manujaveerappa,6
214385,Article,SunilSubaiah,aniljdias,26
214573,Tweet,SunilSubaiah,durgeshjhaTOI,116
214541,Tweet,SunilSubaiah,durgeshjhaTOI,278
214554,Tweet,SunilSubaiah,msrachelcooke,228
214542,Tweet,SunilSubaiah,priyagupta999,276
214594,Tweet,SunilSubaiah,BawaNaaved,57
214628,Tweet,SunilSubaiah,jbouie,134
214578,Tweet,SunilSubaiah,SunilSubaiah,1
214589,Tweet,SunilSubaiah,desaisantosh,126
214555,Tweet,SunilSubaiah,SribaalaVTOI,96
214602,Tweet,SunilSubaiah,ShrinivasaMTOI,5
214622,Tweet,SunilSubaiah,smita_mishra,58
214548,Tweet,SunilSubaiah,nauzerbTOI,95
214586,Tweet,SunilSubaiah,JohnJCrace,286
214581,Tweet,SunilSubaiah,BawaNaaved,194
214597,Tweet,SunilSubaiah,shattenstone,98
66487,Article,FranklinBlog,FranklinBlog,1
66541,Article,FranklinBlog,hadleyfreeman,79
66537,Article,FranklinBlog,FranklinBlog,1
66586,Article,FranklinBlog,declanwalsh,5
66481,Article,FranklinBlog,JohnJCrace,44
66590,Article,FranklinBlog,john_hooper,5
66573,Article,FranklinBlog,john_hooper,3
66427,Article,FranklinBlog,andybrassell,86
66466,Article,FranklinBlog,aniljdias,10
66384,Article,FranklinBlog,cdcaron,74
66556,Article,FranklinBlog,john_hooper,5
66588,Article,FranklinBlog,OwenJones84,95
66619,Article,FranklinBlog,john_hooper,5
66623,Article,FranklinBlog,john_hooper,5
66383,Article,FranklinBlog,dansabbagh,72
66646,Tweet,FranklinBlog,TanyaGold1,66
67137,Tweet,FranklinBlog,EmmaBubola,116
66693,Tweet,FranklinBlog,ukigoni,30
67023,Tweet,FranklinBlog,timlottwriter,50
67127,Tweet,FranklinBlog,timatkin,49
66994,Tweet,FranklinBlog,jennydeluxe,54
67099,Tweet,FranklinBlog,dionnesearcey,94
66931,Tweet,FranklinBlog,edvulliamy,30
66769,Tweet,FranklinBlog,shattenstone,114
67185,Tweet,FranklinBlog,RaphaelMinder,43
67228,Tweet,FranklinBlog,we_are_food,105
66801,Tweet,FranklinBlog,SunilSubaiah,330
66929,Tweet,FranklinBlog,stevenerlanger,166
66806,Tweet,FranklinBlog,msmirandasawyer,24
66764,Tweet,FranklinBlog,mariellaf1,327
32274,Article,NikiKitsantonis,NikiKitsantonis,1
32295,Article,NikiKitsantonis,pete_wells,65
32238,Article,NikiKitsantonis,BenWeiserNYT,3
32266,Article,NikiKitsantonis,NeilMacFarquhar,2
32271,Article,NikiKitsantonis,NikiKitsantonis,1
32264,Article,NikiKitsantonis,NikiKitsantonis,1
32212,Article,NikiKitsantonis,NikiKitsantonis,1
32225,Article,NikiKitsantonis,NikiKitsantonis,1
32257,Article,NikiKitsantonis,NikiKitsantonis,1
32218,Article,NikiKitsantonis,NikiKitsantonis,1
32268,Article,NikiKitsantonis,NikiKitsantonis,1
32281,Article,NikiKitsantonis,NikiKitsantonis,1
32224,Article,NikiKitsantonis,NikiKitsantonis,1
32244,Article,NikiKitsantonis,NikiKitsantonis,1
32298,Article,NikiKitsantonis,NikiKitsantonis,1
32317,Tweet,NikiKitsantonis,NikiKitsantonis,1
32322,Tweet,NikiKitsantonis,julianbarnes,2
32371,Tweet,NikiKitsantonis,NikiKitsantonis,1
32381,Tweet,NikiKitsantonis,NikiKitsantonis,1
32329,Tweet,NikiKitsantonis,NikiKitsantonis,1
32313,Tweet,NikiKitsantonis,MiriamElder,2
32308,Tweet,NikiKitsantonis,NikiKitsantonis,1
32312,Tweet,NikiKitsantonis,andybrassell,59
32366,Tweet,NikiKitsantonis,NikiKitsantonis,1
32318,Tweet,NikiKitsantonis,andybrassell,41
32315,Tweet,NikiKitsantonis,FrancesRobles,184
32383,Tweet,NikiKitsantonis,NikiKitsantonis,1
32348,Tweet,NikiKitsantonis,NikiKitsantonis,1
32374,Tweet,NikiKitsantonis,NikiKitsantonis,1
32386,Tweet,NikiKitsantonis,stevenerlanger,3
5404,Article,damiencave,damiencave,1
5402,Article,damiencave,mikeives,11
5428,Article,damiencave,jameskanter,4
5477,Article,damiencave,damiencave,1
5485,Article,damiencave,ChuBailiang,14
5460,Article,damiencave,IKershner,2
5491,Article,damiencave,GiniaNYT,40
5407,Article,damiencave,ianrausten,2
5411,Article,damiencave,NeilMacFarquhar,2
5481,Article,damiencave,NeilMacFarquhar,16
5488,Article,damiencave,damiencave,1
5424,Article,damiencave,andrewrsorkin,10
5422,Article,damiencave,damiencave,1
5454,Article,damiencave,jotted,7
5401,Article,damiencave,PatrickKingsley,10
5542,Tweet,damiencave,joshwiddicombe,85
5599,Tweet,damiencave,tomfriedman,2
5595,Tweet,damiencave,antontroian,35
5522,Tweet,damiencave,debaratisen,53
5559,Tweet,damiencave,vwang3,4
5517,Tweet,damiencave,nytdavidbrooks,11
5501,Tweet,damiencave,PamBelluck,3
5534,Tweet,damiencave,NYTimesCohen,9
5541,Tweet,damiencave,helenecooper,8
5597,Tweet,damiencave,aleksk,143
5512,Tweet,damiencave,MattFutterman,31
5586,Tweet,damiencave,DouthatNYT,27
5582,Tweet,damiencave,apoorva_nyc,16
5513,Tweet,damiencave,jwpetersNYT,25
5589,Tweet,damiencave,nnougayrede,6
15853,Article,NYTimesCohen,dwightgarner,36
15816,Article,NYTimesCohen,ianrausten,13
15813,Article,NYTimesCohen,DouthatNYT,17
15827,Article,NYTimesCohen,RorySmith,37
15820,Article,NYTimesCohen,DouthatNYT,4
15876,Article,NYTimesCohen,michaelcrowley,43
15854,Article,NYTimesCohen,dwightgarner,47
15811,Article,NYTimesCohen,dwightgarner,25
15858,Article,NYTimesCohen,EVincentelli,41
15828,Article,NYTimesCohen,NeilMacFarquhar,49
15812,Article,NYTimesCohen,michelleinbklyn,16
15867,Article,NYTimesCohen,DouthatNYT,11
15806,Article,NYTimesCohen,helenecooper,19
15857,Article,NYTimesCohen,nicholaswatt,37
15864,Article,NYTimesCohen,pete_wells,19
15919,Tweet,NYTimesCohen,gailcollins,10
15968,Tweet,NYTimesCohen,Lattif,17
15936,Tweet,NYTimesCohen,NYTimesCohen,1
15993,Tweet,NYTimesCohen,michaelcrowley,27
15977,Tweet,NYTimesCohen,andrewrsorkin,14
15921,Tweet,NYTimesCohen,lukeharding1968,21
15984,Tweet,NYTimesCohen,dwightgarner,38
15940,Tweet,NYTimesCohen,nnougayrede,5
15941,Tweet,NYTimesCohen,ewenmacaskill,8
15928,Tweet,NYTimesCohen,aurelienbrd,12
15954,Tweet,NYTimesCohen,tomfriedman,5
15999,Tweet,NYTimesCohen,NYTimesCohen,1
15912,Tweet,NYTimesCohen,PeterTatchell,52
15982,Tweet,NYTimesCohen,NeilMacFarquhar,43
15903,Tweet,NYTimesCohen,sarahlyall,14
3053,Article,BenRothenberg,BenRothenberg,1
3001,Article,BenRothenberg,BenRothenberg,1
3090,Article,BenRothenberg,BenRothenberg,1
3060,Article,BenRothenberg,BenRothenberg,1
3067,Article,BenRothenberg,BenRothenberg,1
3002,Article,BenRothenberg,BenRothenberg,1
3051,Article,BenRothenberg,BenRothenberg,1
3038,Article,BenRothenberg,BenRothenberg,1
3071,Article,BenRothenberg,BenRothenberg,1
3016,Article,BenRothenberg,BenRothenberg,1
3010,Article,BenRothenberg,BenRothenberg,1
3007,Article,BenRothenberg,BenRothenberg,1
3079,Article,BenRothenberg,BenRothenberg,1
3033,Article,BenRothenberg,BenRothenberg,1
3078,Article,BenRothenberg,BenRothenberg,1
3167,Tweet,BenRothenberg,MattFutterman,309
3198,Tweet,BenRothenberg,MattFutterman,166
3149,Tweet,BenRothenberg,BenRothenberg,1
3114,Tweet,BenRothenberg,BenRothenberg,1
3137,Tweet,BenRothenberg,jmart,447
3140,Tweet,BenRothenberg,BenRothenberg,1
3174,Tweet,BenRothenberg,BenRothenberg,1
3122,Tweet,BenRothenberg,priyagupta999,390
3117,Tweet,BenRothenberg,BenRothenberg,1
3195,Tweet,BenRothenberg,DavidWaldstein,2
3105,Tweet,BenRothenberg,christophclarey,295
3126,Tweet,BenRothenberg,BenRothenberg,1
3156,Tweet,BenRothenberg,BenRothenberg,1
3111,Tweet,BenRothenberg,BenRothenberg,1
3103,Tweet,BenRothenberg,joncaramanica,455
177764,Article,binays1960,ishajainTOI,32
177809,Article,binays1960,ishajainTOI,29
177633,Article,binays1960,anandbodhTOI,28
177602,Article,binays1960,SribaalaVTOI,22
177831,Article,binays1960,rajendrasTOI,10
177625,Article,binays1960,yazhiniyanTOI,20
177765,Article,binays1960,SwatiShindeTOI,15
177705,Article,binays1960,rajendrasTOI,18
177641,Article,binays1960,SribaalaVTOI,19
177648,Article,binays1960,rajendrasTOI,22
177789,Article,binays1960,anandbodhTOI,40
177794,Article,binays1960,vishwamTOI,19
177725,Article,binays1960,EllenBarryNYT,48
177718,Article,binays1960,NewtonSTOI,19
177714,Article,binays1960,rajendrasTOI,61
177922,Tweet,binays1960,kush_junglee,7
177845,Tweet,binays1960,binays1960,1
177863,Tweet,binays1960,RosySequeiraTOI,243
177870,Tweet,binays1960,KTVinobhaTOI,2
177840,Tweet,binays1960,divyadubey_,2
177898,Tweet,binays1960,binays1960,1
177874,Tweet,binays1960,priyagupta999,3
177867,Tweet,binays1960,binays1960,1
177884,Tweet,binays1960,KTVinobhaTOI,4
177846,Tweet,binays1960,KTVinobhaTOI,5
177930,Tweet,binays1960,akhileshsTOI,17
177877,Tweet,binays1960,priyagupta999,7
177915,Tweet,binays1960,binays1960,1
177918,Tweet,binays1960,ramendrasTOI,58
177894,Tweet,binays1960,binays1960,1
161057,Article,edvulliamy,OwenJones84,13
161209,Article,edvulliamy,JohnJCrace,25
161151,Article,edvulliamy,andybrassell,11
161264,Article,edvulliamy,john_hooper,353
161060,Article,edvulliamy,JohnJCrace,21
161135,Article,edvulliamy,williamnhutton,33
161169,Article,edvulliamy,andybrassell,20
161038,Article,edvulliamy,andybrassell,9
161139,Article,edvulliamy,andybrassell,11
161101,Article,edvulliamy,OwenJones84,11
161064,Article,edvulliamy,AndrewSparrow,32
161041,Article,edvulliamy,andybrassell,9
161148,Article,edvulliamy,john_hooper,331
161177,Article,edvulliamy,billicritic,217
161164,Article,edvulliamy,john_hooper,165
161321,Tweet,edvulliamy,zwoolfe,23
161350,Tweet,edvulliamy,parul_sehgal,195
161829,Tweet,edvulliamy,viasimonromero,2
161777,Tweet,edvulliamy,viasimonromero,18
161343,Tweet,edvulliamy,viasimonromero,47
161593,Tweet,edvulliamy,sarahchurchwell,17
161781,Tweet,edvulliamy,sarahlyall,4
161420,Tweet,edvulliamy,priyagupta999,12
161395,Tweet,edvulliamy,parul_sehgal,11
161475,Tweet,edvulliamy,parul_sehgal,163
161274,Tweet,edvulliamy,priyagupta999,20
161382,Tweet,edvulliamy,viasimonromero,12
161324,Tweet,edvulliamy,DouthatNYT,207
161771,Tweet,edvulliamy,jimwaterson,375
161703,Tweet,edvulliamy,annanorthtweets,212
199448,Article,pankajdoval,pankajdoval,1
199529,Article,pankajdoval,pankajdoval,1
199618,Article,pankajdoval,AtulMathur_,24
199498,Article,pankajdoval,dipakdashTOI,4
199635,Article,pankajdoval,pankajdoval,1
199455,Article,pankajdoval,pankajdoval,1
199610,Article,pankajdoval,pankajdoval,1
199430,Article,pankajdoval,nandinisgTOI,59
199462,Article,pankajdoval,pankajdoval,1
199460,Article,pankajdoval,pankajdoval,1
199469,Article,pankajdoval,AtulMathur_,13
199628,Article,pankajdoval,parthasinha,21
199558,Article,pankajdoval,pankajdoval,1
199518,Article,pankajdoval,toi_dhananjayM,2
199395,Article,pankajdoval,pankajdoval,1
199723,Tweet,pankajdoval,Mahafreed_Irani,74
199669,Tweet,pankajdoval,priyagupta999,2
199681,Tweet,pankajdoval,pankajdoval,1
199677,Tweet,pankajdoval,niyatiparikhTOI,5
199694,Tweet,pankajdoval,desaisantosh,286
199718,Tweet,pankajdoval,joshwiddicombe,150
199690,Tweet,pankajdoval,priyagupta999,61
199727,Tweet,pankajdoval,pankajdoval,1
199715,Tweet,pankajdoval,nandinisgTOI,11
199683,Tweet,pankajdoval,pankajdoval,1
199714,Tweet,pankajdoval,ramarkosg,2
199644,Tweet,pankajdoval,pankajdoval,1
199680,Tweet,pankajdoval,pankajdoval,1
199700,Tweet,pankajdoval,priyagupta999,321
199706,Tweet,pankajdoval,jackschofield,306
101938,Article,msrachelcooke,RebeccaSeal,140
102117,Article,msrachelcooke,OwenJones84,47
101939,Article,msrachelcooke,hadleyfreeman,83
101969,Article,msrachelcooke,EllenBarryNYT,130
101920,Article,msrachelcooke,thestephmerritt,7
101886,Article,msrachelcooke,sarahditum,2
101944,Article,msrachelcooke,garyyounge,60
101916,Article,msrachelcooke,MichaelWhite,36
101917,Article,msrachelcooke,MichaelWhite,62
101905,Article,msrachelcooke,mariellaf1,46
101915,Article,msrachelcooke,LauraCummingArt,29
101947,Article,msrachelcooke,andybrassell,78
102111,Article,msrachelcooke,hadleyfreeman,58
102077,Article,msrachelcooke,williamnhutton,23
101995,Article,msrachelcooke,emmabrockes,3
102467,Tweet,msrachelcooke,laurenlaverne,102
102653,Tweet,msrachelcooke,DeccaJourno,15
102248,Tweet,msrachelcooke,davidleighx,367
102601,Tweet,msrachelcooke,msrachelcooke,1
102199,Tweet,msrachelcooke,jonronson,108
102606,Tweet,msrachelcooke,SearleAdrian,213
102661,Tweet,msrachelcooke,polblonde,462
102333,Tweet,msrachelcooke,msrachelcooke,1
102236,Tweet,msrachelcooke,DeccaJourno,25
102605,Tweet,msrachelcooke,joshwiddicombe,227
102679,Tweet,msrachelcooke,sarahchurchwell,145
102488,Tweet,msrachelcooke,msrachelcooke,1
102466,Tweet,msrachelcooke,msrachelcooke,1
102680,Tweet,msrachelcooke,alanconnor,411
102419,Tweet,msrachelcooke,msrachelcooke,1
24068,Article,viasimonromero,NeilMacFarquhar,43
24099,Article,viasimonromero,kannoyoungs,4
24081,Article,viasimonromero,ianrausten,64
24007,Article,viasimonromero,ianrausten,16
24045,Article,viasimonromero,NeilMacFarquhar,3
24071,Article,viasimonromero,NeilMacFarquhar,72
24016,Article,viasimonromero,RichardFausset,10
24012,Article,viasimonromero,KSchulten,47
24053,Article,viasimonromero,ChaitanyadTOI,5
24010,Article,viasimonromero,RichardFausset,54
24031,Article,viasimonromero,NeilMacFarquhar,15
24024,Article,viasimonromero,ianrausten,54
24040,Article,viasimonromero,RichardFausset,44
24011,Article,viasimonromero,NeilMacFarquhar,11
24054,Article,viasimonromero,samrob12,25
24152,Tweet,viasimonromero,RaphaelMinder,8
24147,Tweet,viasimonromero,ericschmittnyt,10
24171,Tweet,viasimonromero,vanbadham,138
24139,Tweet,viasimonromero,nnougayrede,11
24173,Tweet,viasimonromero,PamBelluck,14
24142,Tweet,viasimonromero,viasimonromero,1
24129,Tweet,viasimonromero,BellaKwai,3
24140,Tweet,viasimonromero,mlevenson,2
24144,Tweet,viasimonromero,mlevenson,2
24123,Tweet,viasimonromero,Lattif,17
24128,Tweet,viasimonromero,mlevenson,2
24104,Tweet,viasimonromero,joshwiddicombe,6
24194,Tweet,viasimonromero,garyyounge,3
24137,Tweet,viasimonromero,ramarkosg,15
24125,Tweet,viasimonromero,hugolowell,24
203447,Article,priyagupta999,priyagupta999,1
203439,Article,priyagupta999,debaratisen,6
203558,Article,priyagupta999,meeravohraTOI,3
203340,Article,priyagupta999,Shreyanka_M,55
203323,Article,priyagupta999,MoharBasu,2
203459,Article,priyagupta999,priyagupta999,1
203332,Article,priyagupta999,priyagupta999,1
203424,Article,priyagupta999,garyyounge,52
203451,Article,priyagupta999,MoharBasu,3
203460,Article,priyagupta999,aditya_bh16,9
203550,Article,priyagupta999,hadleyfreeman,34
203434,Article,priyagupta999,priyagupta999,1
203519,Article,priyagupta999,shiba_kurian,122
203376,Article,priyagupta999,priyagupta999,1
203402,Article,priyagupta999,MoharBasu,2
203597,Tweet,priyagupta999,priyagupta999,1
203662,Tweet,priyagupta999,priyagupta999,1
203592,Tweet,priyagupta999,priyagupta999,1
203588,Tweet,priyagupta999,priyagupta999,1
203641,Tweet,priyagupta999,priyagupta999,1
203601,Tweet,priyagupta999,priyagupta999,1
203582,Tweet,priyagupta999,MoharBasu,2
203628,Tweet,priyagupta999,priyagupta999,1
203638,Tweet,priyagupta999,smita_mishra,9
203602,Tweet,priyagupta999,priyagupta999,1
203599,Tweet,priyagupta999,priyagupta999,1
203649,Tweet,priyagupta999,Gauraw2297,2
203640,Tweet,priyagupta999,priyagupta999,1
203650,Tweet,priyagupta999,Gauraw2297,2
203595,Tweet,priyagupta999,MKSinghGkp,3
27441,Article,marywalshjourno,andrewrsorkin,24
27405,Article,marywalshjourno,noamscheiber,135
27492,Article,marywalshjourno,bencasselman,24
27429,Article,marywalshjourno,EllenBarryNYT,6
27472,Article,marywalshjourno,EllenBarryNYT,2
27437,Article,marywalshjourno,jeannasmialek,42
27488,Article,marywalshjourno,EllenBarryNYT,5
27434,Article,marywalshjourno,_nicolaclark,5
27406,Article,marywalshjourno,EllenBarryNYT,5
27435,Article,marywalshjourno,hillhulse,132
27432,Article,marywalshjourno,andrewrsorkin,56
27498,Article,marywalshjourno,julianbarnes,30
27418,Article,marywalshjourno,andrewrsorkin,59
27457,Article,marywalshjourno,_nicolaclark,5
27459,Article,marywalshjourno,toi_dhananjayM,29
27527,Tweet,marywalshjourno,marywalshjourno,1
27546,Tweet,marywalshjourno,andrewrsorkin,28
27515,Tweet,marywalshjourno,davidleighx,161
27501,Tweet,marywalshjourno,LFFriedman,33
27574,Tweet,marywalshjourno,marywalshjourno,1
27522,Tweet,marywalshjourno,andrewrsorkin,96
27508,Tweet,marywalshjourno,gailcollins,2
27580,Tweet,marywalshjourno,jeannasmialek,6
27523,Tweet,marywalshjourno,marywalshjourno,1
27503,Tweet,marywalshjourno,marywalshjourno,1
27521,Tweet,marywalshjourno,marywalshjourno,1
27549,Tweet,marywalshjourno,bencasselman,9
27568,Tweet,marywalshjourno,nytDeniseGrady,5
27577,Tweet,marywalshjourno,marywalshjourno,1
27526,Tweet,marywalshjourno,marywalshjourno,1
183396,Article,durgeshjhaTOI,durgeshjhaTOI,1
183449,Article,durgeshjhaTOI,AmritadTOI,3
183384,Article,durgeshjhaTOI,rajendrasTOI,29
183390,Article,durgeshjhaTOI,durgeshjhaTOI,1
183564,Article,durgeshjhaTOI,toi_dhananjayM,7
183421,Article,durgeshjhaTOI,AmritadTOI,2
183400,Article,durgeshjhaTOI,AmritadTOI,3
183377,Article,durgeshjhaTOI,durgeshjhaTOI,1
183519,Article,durgeshjhaTOI,durgeshjhaTOI,1
183472,Article,durgeshjhaTOI,toi_dhananjayM,3
183496,Article,durgeshjhaTOI,AmritadTOI,3
183493,Article,durgeshjhaTOI,NewtonSTOI,7
183526,Article,durgeshjhaTOI,durgeshjhaTOI,1
183572,Article,durgeshjhaTOI,RoniNYTimes,2
183402,Article,durgeshjhaTOI,toi_dhananjayM,7
183614,Tweet,durgeshjhaTOI,durgeshjhaTOI,1
183670,Tweet,durgeshjhaTOI,niyatiparikhTOI,11
183646,Tweet,durgeshjhaTOI,durgeshjhaTOI,1
183581,Tweet,durgeshjhaTOI,ChaitanyadTOI,25
183588,Tweet,durgeshjhaTOI,durgeshjhaTOI,1
183641,Tweet,durgeshjhaTOI,durgeshjhaTOI,1
183598,Tweet,durgeshjhaTOI,durgeshjhaTOI,1
183656,Tweet,durgeshjhaTOI,durgeshjhaTOI,1
183610,Tweet,durgeshjhaTOI,durgeshjhaTOI,1
183635,Tweet,durgeshjhaTOI,stevenerlanger,57
183668,Tweet,durgeshjhaTOI,desaisantosh,363
183589,Tweet,durgeshjhaTOI,durgeshjhaTOI,1
183621,Tweet,durgeshjhaTOI,durgeshjhaTOI,1
183580,Tweet,durgeshjhaTOI,durgeshjhaTOI,1
183609,Tweet,durgeshjhaTOI,niyatiparikhTOI,13
1074,Article,andrewrsorkin,SharonLNYT,42
1067,Article,andrewrsorkin,SwatiShindeTOI,6
1054,Article,andrewrsorkin,andrewrsorkin,1
1078,Article,andrewrsorkin,andrewrsorkin,1
1079,Article,andrewrsorkin,andrewrsorkin,1
1091,Article,andrewrsorkin,NeilMacFarquhar,2
1004,Article,andrewrsorkin,brooksbarnesNYT,2
1023,Article,andrewrsorkin,andrewrsorkin,1
1077,Article,andrewrsorkin,andrewrsorkin,1
1016,Article,andrewrsorkin,andrewrsorkin,1
1032,Article,andrewrsorkin,adamliptak,4
1096,Article,andrewrsorkin,noamscheiber,2
1093,Article,andrewrsorkin,AnaSwanson,10
1089,Article,andrewrsorkin,noamscheiber,3
1076,Article,andrewrsorkin,SwatiShindeTOI,22
1123,Tweet,andrewrsorkin,paulmasonnews,216
1181,Tweet,andrewrsorkin,FlitterOnFraud,5
1169,Tweet,andrewrsorkin,ramarkosg,273
1109,Tweet,andrewrsorkin,marywalshjourno,33
1113,Tweet,andrewrsorkin,sarahditum,115
1173,Tweet,andrewrsorkin,melissaclark,17
1107,Tweet,andrewrsorkin,tomfriedman,226
1124,Tweet,andrewrsorkin,sarahditum,36
1165,Tweet,andrewrsorkin,ceciliakang,48
1126,Tweet,andrewrsorkin,andrewrsorkin,1
1102,Tweet,andrewrsorkin,andrewrsorkin,1
1179,Tweet,andrewrsorkin,RachelDonadio,180
1155,Tweet,andrewrsorkin,andrewrsorkin,1
1148,Tweet,andrewrsorkin,andrewrsorkin,1
1188,Tweet,andrewrsorkin,jmart,199
9430,Article,jeannasmialek,bencasselman,2
9455,Article,jeannasmialek,jeannasmialek,1
9458,Article,jeannasmialek,jeannasmialek,1
9449,Article,jeannasmialek,jeannasmialek,1
9439,Article,jeannasmialek,jeannasmialek,1
9442,Article,jeannasmialek,anniekarni,10
9478,Article,jeannasmialek,jeannasmialek,1
9446,Article,jeannasmialek,jeannasmialek,1
9445,Article,jeannasmialek,AnaSwanson,11
9425,Article,jeannasmialek,bencasselman,2
9415,Article,jeannasmialek,jeannasmialek,1
9499,Article,jeannasmialek,jeannasmialek,1
9447,Article,jeannasmialek,jeannasmialek,1
9428,Article,jeannasmialek,jeannasmialek,1
9420,Article,jeannasmialek,jeannasmialek,1
9503,Tweet,jeannasmialek,jeannasmialek,1
9501,Tweet,jeannasmialek,jimtankersley,3
9580,Tweet,jeannasmialek,jeannasmialek,1
9523,Tweet,jeannasmialek,andrewrsorkin,28
9590,Tweet,jeannasmialek,bencasselman,7
9519,Tweet,jeannasmialek,joncaramanica,109
9534,Tweet,jeannasmialek,jeannasmialek,1
9564,Tweet,jeannasmialek,marywalshjourno,2
9516,Tweet,jeannasmialek,jeannasmialek,1
9507,Tweet,jeannasmialek,digbijaymishra1,11
9548,Tweet,jeannasmialek,noamscheiber,3
9554,Tweet,jeannasmialek,FlitterOnFraud,9
9517,Tweet,jeannasmialek,jeannasmialek,1
9574,Tweet,jeannasmialek,jeannasmialek,1
9581,Tweet,jeannasmialek,jeannasmialek,1
190665,Article,lisamonteiroTOI,NewtonSTOI,10
190854,Article,lisamonteiroTOI,NewtonSTOI,2
190850,Article,lisamonteiroTOI,AmritadTOI,16
190819,Article,lisamonteiroTOI,NewtonSTOI,3
190789,Article,lisamonteiroTOI,NewtonSTOI,20
190903,Article,lisamonteiroTOI,NewtonSTOI,2
190668,Article,lisamonteiroTOI,ThevarSteffy,2
190886,Article,lisamonteiroTOI,GovindKMaadTOI,2
190727,Article,lisamonteiroTOI,toi_dhananjayM,4
190751,Article,lisamonteiroTOI,naomi2009,27
190744,Article,lisamonteiroTOI,NewtonSTOI,19
190728,Article,lisamonteiroTOI,toi_dhananjayM,5
190813,Article,lisamonteiroTOI,NewtonSTOI,10
190713,Article,lisamonteiroTOI,ThevarSteffy,11
190839,Article,lisamonteiroTOI,toi_dhananjayM,4
190996,Tweet,lisamonteiroTOI,murarishetye,2
191000,Tweet,lisamonteiroTOI,bindiyachariTOI,4
190913,Tweet,lisamonteiroTOI,durgeshjhaTOI,4
190993,Tweet,lisamonteiroTOI,nytDeniseGrady,91
190968,Tweet,lisamonteiroTOI,bindiyachariTOI,3
190948,Tweet,lisamonteiroTOI,priyagupta999,8
190950,Tweet,lisamonteiroTOI,murarishetye,3
190952,Tweet,lisamonteiroTOI,murarishetye,2
190915,Tweet,lisamonteiroTOI,murarishetyeTOI,3
190923,Tweet,lisamonteiroTOI,polblonde,240
190991,Tweet,lisamonteiroTOI,murarishetye,3
190985,Tweet,lisamonteiroTOI,murarishetye,2
190989,Tweet,lisamonteiroTOI,bindiyachariTOI,4
190964,Tweet,lisamonteiroTOI,murarishetyeTOI,3
190995,Tweet,lisamonteiroTOI,bindiyachariTOI,4
21290,Article,gailcollins,sarahlyall,18
21254,Article,gailcollins,sarahlyall,4
21219,Article,gailcollins,hillhulse,36
21261,Article,gailcollins,wesley_morris,9
21224,Article,gailcollins,wesley_morris,18
21220,Article,gailcollins,gailcollins,1
21256,Article,gailcollins,DouthatNYT,14
21273,Article,gailcollins,DouthatNYT,104
21233,Article,gailcollins,gailcollins,1
21296,Article,gailcollins,sarahlyall,37
21201,Article,gailcollins,michelleinbklyn,32
21260,Article,gailcollins,michelleinbklyn,54
21281,Article,gailcollins,NYTLiz,41
21214,Article,gailcollins,wesley_morris,16
21229,Article,gailcollins,gailcollins,1
21326,Tweet,gailcollins,gailcollins,1
21347,Tweet,gailcollins,gailcollins,1
21357,Tweet,gailcollins,gailcollins,1
21301,Tweet,gailcollins,ginakolata,3
21354,Tweet,gailcollins,SangerNYT,13
21348,Tweet,gailcollins,gailcollins,1
21376,Tweet,gailcollins,tomfriedman,5
21300,Tweet,gailcollins,gailcollins,1
21356,Tweet,gailcollins,richardwolffedc,4
21374,Tweet,gailcollins,gailcollins,1
21349,Tweet,gailcollins,aleksk,3
21399,Tweet,gailcollins,Mahafreed_Irani,2
21332,Tweet,gailcollins,jmart,7
21387,Tweet,gailcollins,jwpetersNYT,2
21380,Tweet,gailcollins,gailcollins,1
175538,Article,AshokPradhanTOI,toi_dhananjayM,6
175601,Article,AshokPradhanTOI,rajendrasTOI,3
175598,Article,AshokPradhanTOI,sandhyanairTOI,19
175385,Article,AshokPradhanTOI,anandbodhTOI,6
175401,Article,AshokPradhanTOI,AshokPradhanTOI,1
175599,Article,AshokPradhanTOI,rajendrasTOI,2
175560,Article,AshokPradhanTOI,rajendrasTOI,2
175460,Article,AshokPradhanTOI,rajendrasTOI,2
175499,Article,AshokPradhanTOI,SribaalaVTOI,54
175594,Article,AshokPradhanTOI,rajendrasTOI,2
175429,Article,AshokPradhanTOI,rajendrasTOI,2
175503,Article,AshokPradhanTOI,rajendrasTOI,2
175484,Article,AshokPradhanTOI,rajendrasTOI,2
175584,Article,AshokPradhanTOI,AshokPradhanTOI,1
175405,Article,AshokPradhanTOI,NewtonSTOI,122
175690,Tweet,AshokPradhanTOI,Gauraw2297,25
175716,Tweet,AshokPradhanTOI,mateenHTOI,12
175661,Tweet,AshokPradhanTOI,rajendrasTOI,2
175664,Tweet,AshokPradhanTOI,AshokPradhanTOI,1
175701,Tweet,AshokPradhanTOI,BhanupratapsTOI,4
175633,Tweet,AshokPradhanTOI,priyagupta999,53
175628,Tweet,AshokPradhanTOI,HemantaTOI,5
175657,Tweet,AshokPradhanTOI,AshokPradhanTOI,1
175659,Tweet,AshokPradhanTOI,rashmidTOI,11
175707,Tweet,AshokPradhanTOI,rajendrasTOI,2
175687,Tweet,AshokPradhanTOI,AshokPradhanTOI,1
175627,Tweet,AshokPradhanTOI,toi_shailendraA,312
175666,Tweet,AshokPradhanTOI,HemantaTOI,2
175672,Tweet,AshokPradhanTOI,HemantaTOI,2
175709,Tweet,AshokPradhanTOI,AshokPradhanTOI,1
193012,Article,mateenHTOI,sandhyanairTOI,3
192963,Article,mateenHTOI,mateenHTOI,1
193158,Article,mateenHTOI,sandhyanairTOI,17
192961,Article,mateenHTOI,mateenHTOI,1
193137,Article,mateenHTOI,sandhyanairTOI,9
192994,Article,mateenHTOI,SidharthB25,6
193186,Article,mateenHTOI,vijayVsinghTOI,4
192959,Article,mateenHTOI,SidharthB25,5
193174,Article,mateenHTOI,rebeccaSTOI,4
192960,Article,mateenHTOI,mateenHTOI,1
193140,Article,mateenHTOI,rebeccaSTOI,5
193191,Article,mateenHTOI,rebeccaSTOI,5
192977,Article,mateenHTOI,sandhyanairTOI,68
193064,Article,mateenHTOI,sandhyanairTOI,2
192998,Article,mateenHTOI,SidharthB25,2
193288,Tweet,mateenHTOI,mateenHTOI,1
193221,Tweet,mateenHTOI,mateenHTOI,1
193271,Tweet,mateenHTOI,jbouie,434
193262,Tweet,mateenHTOI,mateenHTOI,1
193231,Tweet,mateenHTOI,polblonde,365
193207,Tweet,mateenHTOI,mateenHTOI,1
193220,Tweet,mateenHTOI,mateenHTOI,1
193285,Tweet,mateenHTOI,amitanandTOI,85
193241,Tweet,mateenHTOI,mateenHTOI,1
193293,Tweet,mateenHTOI,mateenHTOI,1
193246,Tweet,mateenHTOI,PNaveenTOI,2
193203,Tweet,mateenHTOI,mateenHTOI,1
193224,Tweet,mateenHTOI,KTVinobhaTOI,2
193266,Tweet,mateenHTOI,mateenHTOI,1
193268,Tweet,mateenHTOI,mateenHTOI,1
11675,Article,kylebuchanan,DavidWaldstein,2
11669,Article,kylebuchanan,helenecooper,2
11628,Article,kylebuchanan,benkenigsberg,12
11647,Article,kylebuchanan,DerekMalcolm123,3
11606,Article,kylebuchanan,brooksbarnesNYT,2
11601,Article,kylebuchanan,benkenigsberg,4
11644,Article,kylebuchanan,benkenigsberg,5
11629,Article,kylebuchanan,benkenigsberg,9
11685,Article,kylebuchanan,sisario,6
11688,Article,kylebuchanan,andybrassell,21
11617,Article,kylebuchanan,EVincentelli,6
11600,Article,kylebuchanan,EVincentelli,19
11632,Article,kylebuchanan,smbahr14,9
11638,Article,kylebuchanan,kylebuchanan,1
11666,Article,kylebuchanan,EVincentelli,50
11760,Tweet,kylebuchanan,benkenigsberg,3
11750,Tweet,kylebuchanan,benkenigsberg,38
11700,Tweet,kylebuchanan,vvfriedman,7
11703,Tweet,kylebuchanan,ByMattStevens,20
11779,Tweet,kylebuchanan,wesley_morris,14
11783,Tweet,kylebuchanan,kylebuchanan,1
11793,Tweet,kylebuchanan,brooksbarnesNYT,12
11782,Tweet,kylebuchanan,brooksbarnesNYT,2
11770,Tweet,kylebuchanan,sarahlyall,12
11714,Tweet,kylebuchanan,benkenigsberg,3
11768,Tweet,kylebuchanan,benkenigsberg,4
11749,Tweet,kylebuchanan,Shreyanka_M,40
11745,Tweet,kylebuchanan,EVincentelli,7
11737,Tweet,kylebuchanan,msrachelcooke,44
11763,Tweet,kylebuchanan,brooksbarnesNYT,2
222698,Article,yusrahusain,yusrahusain,1
222671,Article,yusrahusain,rajendrasTOI,2
222480,Article,yusrahusain,rajendrasTOI,2
222641,Article,yusrahusain,rajendrasTOI,2
222509,Article,yusrahusain,yusrahusain,1
222652,Article,yusrahusain,yusrahusain,1
222644,Article,yusrahusain,rajendrasTOI,3
222574,Article,yusrahusain,toi_dhananjayM,4
222531,Article,yusrahusain,toi_dhananjayM,12
222543,Article,yusrahusain,BawaNaaved,3
222690,Article,yusrahusain,JohnJCrace,99
222514,Article,yusrahusain,yusrahusain,1
222561,Article,yusrahusain,yusrahusain,1
222482,Article,yusrahusain,yusrahusain,1
222679,Article,yusrahusain,yusrahusain,1
222816,Tweet,yusrahusain,priyagupta999,72
222797,Tweet,yusrahusain,priyagupta999,136
222724,Tweet,yusrahusain,jbouie,234
222746,Tweet,yusrahusain,mohuadazz,163
222723,Tweet,yusrahusain,smita_mishra,2
222731,Tweet,yusrahusain,LauraCummingArt,237
222742,Tweet,yusrahusain,DekaJayanta,20
222785,Tweet,yusrahusain,priyagupta999,149
222750,Tweet,yusrahusain,LauraCummingArt,194
222795,Tweet,yusrahusain,jennydeluxe,83
222781,Tweet,yusrahusain,mohuadazz,138
222769,Tweet,yusrahusain,jackschofield,190
222749,Tweet,yusrahusain,elizabday,184
222734,Tweet,yusrahusain,mohuadazz,212
222748,Tweet,yusrahusain,DekaJayanta,5
198380,Article,niyatiparikhTOI,nandinisgTOI,7
198576,Article,niyatiparikhTOI,niyatiparikhTOI,1
198561,Article,niyatiparikhTOI,KapildaveTOI,4
198567,Article,niyatiparikhTOI,ThevarSteffy,8
198533,Article,niyatiparikhTOI,nandinisgTOI,8
198557,Article,niyatiparikhTOI,niyatiparikhTOI,1
198466,Article,niyatiparikhTOI,niyatiparikhTOI,1
198581,Article,niyatiparikhTOI,niyatiparikhTOI,1
198431,Article,niyatiparikhTOI,ThevarSteffy,85
198398,Article,niyatiparikhTOI,Rupalijee,2
198503,Article,niyatiparikhTOI,parthshastriTOI,15
198448,Article,niyatiparikhTOI,pankajdoval,2
198542,Article,niyatiparikhTOI,niyatiparikhTOI,1
198427,Article,niyatiparikhTOI,richapintoi,147
198442,Article,niyatiparikhTOI,KapildaveTOI,3
198606,Tweet,niyatiparikhTOI,vijayVsinghTOI,3
198621,Tweet,niyatiparikhTOI,rachshabi,500
198638,Tweet,niyatiparikhTOI,niyatiparikhTOI,1
198640,Tweet,niyatiparikhTOI,niyatiparikhTOI,1
198609,Tweet,niyatiparikhTOI,niyatiparikhTOI,1
198653,Tweet,niyatiparikhTOI,niyatiparikhTOI,1
198689,Tweet,niyatiparikhTOI,niyatiparikhTOI,1
198599,Tweet,niyatiparikhTOI,niyatiparikhTOI,1
198687,Tweet,niyatiparikhTOI,niyatiparikhTOI,1
198612,Tweet,niyatiparikhTOI,desaisantosh,457
198626,Tweet,niyatiparikhTOI,niyatiparikhTOI,1
198688,Tweet,niyatiparikhTOI,niyatiparikhTOI,1
198694,Tweet,niyatiparikhTOI,niyatiparikhTOI,1
198686,Tweet,niyatiparikhTOI,niyatiparikhTOI,1
198675,Tweet,niyatiparikhTOI,niyatiparikhTOI,1
172775,Article,aniljdias,aniljdias,1
172908,Article,aniljdias,saumyajitbTOI,2
172966,Article,aniljdias,aniljdias,1
172904,Article,aniljdias,aniljdias,1
172822,Article,aniljdias,aniljdias,1
172784,Article,aniljdias,aniljdias,1
172834,Article,aniljdias,aniljdias,1
172848,Article,aniljdias,aniljdias,1
172806,Article,aniljdias,aniljdias,1
172811,Article,aniljdias,aniljdias,1
172943,Article,aniljdias,aniljdias,1
172873,Article,aniljdias,aniljdias,1
172790,Article,aniljdias,aniljdias,1
172907,Article,aniljdias,aniljdias,1
172781,Article,aniljdias,vivek9301,3
173032,Tweet,aniljdias,msrachelcooke,211
173083,Tweet,aniljdias,MoharBasu,446
173033,Tweet,aniljdias,Shrivathsan1437,10
173055,Tweet,aniljdias,aditya_bh16,154
173052,Tweet,aniljdias,aniljdias,1
173071,Tweet,aniljdias,MarcusMergulhao,2
173054,Tweet,aniljdias,kumaraswamykTOI,314
173103,Tweet,aniljdias,bglendenning,8
173086,Tweet,aniljdias,priyagupta999,292
173050,Tweet,aniljdias,aniljdias,1
173027,Tweet,aniljdias,sudeshnagTOI,18
173093,Tweet,aniljdias,joshwiddicombe,474
173099,Tweet,aniljdias,aniljdias,1
173076,Tweet,aniljdias,saumyajitbTOI,2
173078,Tweet,aniljdias,psangeetha2112,414
11087,Article,kbennhold,kbennhold,1
11077,Article,kbennhold,SharonLNYT,10
11083,Article,kbennhold,kbennhold,1
11030,Article,kbennhold,sarahlyall,2
11034,Article,kbennhold,kbennhold,1
11046,Article,kbennhold,kbennhold,1
11071,Article,kbennhold,kbennhold,1
11036,Article,kbennhold,kbennhold,1
11021,Article,kbennhold,kbennhold,1
11073,Article,kbennhold,kbennhold,1
11000,Article,kbennhold,kbennhold,1
11096,Article,kbennhold,kbennhold,1
11010,Article,kbennhold,kbennhold,1
11022,Article,kbennhold,NeilMacFarquhar,3
11016,Article,kbennhold,meddynyt,2
11177,Tweet,kbennhold,kbennhold,1
11166,Tweet,kbennhold,stevenerlanger,4
11181,Tweet,kbennhold,kbennhold,1
11131,Tweet,kbennhold,meddynyt,5
11178,Tweet,kbennhold,carlzimmer,77
11193,Tweet,kbennhold,RoniNYTimes,13
11180,Tweet,kbennhold,ByMattStevens,129
11141,Tweet,kbennhold,kbennhold,1
11163,Tweet,kbennhold,kbennhold,1
11197,Tweet,kbennhold,stevenerlanger,20
11156,Tweet,kbennhold,kbennhold,1
11187,Tweet,kbennhold,kbennhold,1
11176,Tweet,kbennhold,meddynyt,2
11160,Tweet,kbennhold,kbennhold,1
11157,Tweet,kbennhold,kbennhold,1
44764,Article,lindasgrant,msrachelcooke,11
44778,Article,lindasgrant,lindasgrant,1
44834,Article,lindasgrant,andybrassell,24
44813,Article,lindasgrant,JohnJCrace,36
44721,Article,lindasgrant,andybrassell,5
44791,Article,lindasgrant,declanwalsh,177
44819,Article,lindasgrant,msrachelcooke,17
44814,Article,lindasgrant,LauraCummingArt,13
44807,Article,lindasgrant,OwenJones84,10
44763,Article,lindasgrant,andybrassell,7
44733,Article,lindasgrant,nicklezard,83
44858,Article,lindasgrant,OwenJones84,22
44867,Article,lindasgrant,LauraCummingArt,12
44855,Article,lindasgrant,davidhepworth,131
44820,Article,lindasgrant,davidhepworth,109
44933,Tweet,lindasgrant,NilsPratley,155
45464,Tweet,lindasgrant,tarasbernard,237
44883,Tweet,lindasgrant,vvfriedman,200
45097,Tweet,lindasgrant,sarahlyall,60
45460,Tweet,lindasgrant,parul_sehgal,81
45219,Tweet,lindasgrant,GiniaNYT,93
44963,Tweet,lindasgrant,NilsPratley,156
44966,Tweet,lindasgrant,sarahlyall,91
45028,Tweet,lindasgrant,EVincentelli,89
45154,Tweet,lindasgrant,IKershner,249
45351,Tweet,lindasgrant,dwightgarner,156
44959,Tweet,lindasgrant,NilsPratley,208
44960,Tweet,lindasgrant,ditzkoff,233
45005,Tweet,lindasgrant,davidhepworth,91
45116,Tweet,lindasgrant,sarahlyall,29
219022,Article,utejonmayamTOI,dkarthikTOI,2
219101,Article,utejonmayamTOI,SyedAkbarTOI,89
219078,Article,utejonmayamTOI,KomalGautham,6
219209,Article,utejonmayamTOI,dkarthikTOI,6
219196,Article,utejonmayamTOI,utejonmayamTOI,1
219048,Article,utejonmayamTOI,archiebland,322
219242,Article,utejonmayamTOI,rajendrasTOI,18
219182,Article,utejonmayamTOI,utejonmayamTOI,1
219217,Article,utejonmayamTOI,utejonmayamTOI,1
219161,Article,utejonmayamTOI,ramendrasTOI,40
219067,Article,utejonmayamTOI,NewtonSTOI,8
219056,Article,utejonmayamTOI,anandbodhTOI,5
219149,Article,utejonmayamTOI,andybrassell,332
219042,Article,utejonmayamTOI,NewtonSTOI,20
219248,Article,utejonmayamTOI,NewtonSTOI,3
219312,Tweet,utejonmayamTOI,utejonmayamTOI,1
219291,Tweet,utejonmayamTOI,utejonmayamTOI,1
219313,Tweet,utejonmayamTOI,utejonmayamTOI,1
219329,Tweet,utejonmayamTOI,utejonmayamTOI,1
219362,Tweet,utejonmayamTOI,utejonmayamTOI,1
219302,Tweet,utejonmayamTOI,utejonmayamTOI,1
219275,Tweet,utejonmayamTOI,utejonmayamTOI,1
219346,Tweet,utejonmayamTOI,Chethan_Dash,13
219307,Tweet,utejonmayamTOI,utejonmayamTOI,1
219303,Tweet,utejonmayamTOI,utejonmayamTOI,1
219294,Tweet,utejonmayamTOI,utejonmayamTOI,1
219311,Tweet,utejonmayamTOI,utejonmayamTOI,1
219361,Tweet,utejonmayamTOI,utejonmayamTOI,1
219290,Tweet,utejonmayamTOI,vishwamTOI,3
219360,Tweet,utejonmayamTOI,durgeshjhaTOI,3
170737,Article,AjayUgrasTOI,ThevarSteffy,18
170884,Article,AjayUgrasTOI,AjayUgrasTOI,1
170758,Article,AjayUgrasTOI,KomalGautham,2
170856,Article,AjayUgrasTOI,rajendrasTOI,7
170832,Article,AjayUgrasTOI,AjayUgrasTOI,1
170878,Article,AjayUgrasTOI,NewtonSTOI,2
170937,Article,AjayUgrasTOI,anandbodhTOI,13
170721,Article,AjayUgrasTOI,AjayUgrasTOI,1
170778,Article,AjayUgrasTOI,AjayUgrasTOI,1
170871,Article,AjayUgrasTOI,AjayUgrasTOI,1
170804,Article,AjayUgrasTOI,nauzerbTOI,38
170874,Article,AjayUgrasTOI,AjayUgrasTOI,1
170841,Article,AjayUgrasTOI,rajendrasTOI,3
170915,Article,AjayUgrasTOI,rjadHinduBL,11
170820,Article,AjayUgrasTOI,toi_dhananjayM,20
171012,Tweet,AjayUgrasTOI,BhanupratapsTOI,11
171028,Tweet,AjayUgrasTOI,rashmidTOI,37
171030,Tweet,AjayUgrasTOI,priyagupta999,6
171018,Tweet,AjayUgrasTOI,vijaysinghTOI,4
170957,Tweet,AjayUgrasTOI,vijaypTOI,2
170959,Tweet,AjayUgrasTOI,priyagupta999,29
171020,Tweet,AjayUgrasTOI,Mahafreed_Irani,101
170978,Tweet,AjayUgrasTOI,KapildaveTOI,6
170992,Tweet,AjayUgrasTOI,Gauraw2297,11
170962,Tweet,AjayUgrasTOI,PNaveenTOI,2
170953,Tweet,AjayUgrasTOI,priyagupta999,2
171029,Tweet,AjayUgrasTOI,PNaveenTOI,49
170981,Tweet,AjayUgrasTOI,kush_junglee,2
170989,Tweet,AjayUgrasTOI,BhanupratapsTOI,6
170995,Tweet,AjayUgrasTOI,PNaveenTOI,2
68130,Article,DeccaJourno,nicholaswatt,121
68116,Article,DeccaJourno,gabyhinsliff,26
68221,Article,DeccaJourno,JohnJCrace,15
68091,Article,DeccaJourno,hadleyfreeman,8
68250,Article,DeccaJourno,DeccaJourno,1
68096,Article,DeccaJourno,garyyounge,9
68257,Article,DeccaJourno,jbouie,166
68049,Article,DeccaJourno,LauraCummingArt,15
68044,Article,DeccaJourno,OwenJones84,9
68146,Article,DeccaJourno,hadleyfreeman,18
68225,Article,DeccaJourno,MichaelWhite,3
68213,Article,DeccaJourno,JohnJCrace,28
68066,Article,DeccaJourno,msmirandasawyer,7
68145,Article,DeccaJourno,hadleyfreeman,10
68185,Article,DeccaJourno,williamnhutton,24
68362,Tweet,DeccaJourno,DeccaJourno,1
68435,Tweet,DeccaJourno,mariellaf1,63
68322,Tweet,DeccaJourno,DeccaJourno,1
68514,Tweet,DeccaJourno,sarahlyall,231
68323,Tweet,DeccaJourno,GiniaNYT,221
68438,Tweet,DeccaJourno,sarahlyall,116
68353,Tweet,DeccaJourno,joshwiddicombe,108
68388,Tweet,DeccaJourno,joshwiddicombe,59
68321,Tweet,DeccaJourno,DerekMalcolm123,122
68345,Tweet,DeccaJourno,arusbridger,44
68519,Tweet,DeccaJourno,DeccaJourno,1
68307,Tweet,DeccaJourno,DeccaJourno,1
68512,Tweet,DeccaJourno,DeccaJourno,1
68413,Tweet,DeccaJourno,aleksk,3
68461,Tweet,DeccaJourno,joncaramanica,140
196168,Article,nandinisgTOI,niyatiparikhTOI,9
196211,Article,nandinisgTOI,parthasinha,2
196162,Article,nandinisgTOI,nandinisgTOI,1
196176,Article,nandinisgTOI,nandinisgTOI,1
196137,Article,nandinisgTOI,NewtonSTOI,2
196117,Article,nandinisgTOI,nandinisgTOI,1
196075,Article,nandinisgTOI,parthasinha,4
196071,Article,nandinisgTOI,nandinisgTOI,1
196126,Article,nandinisgTOI,niyatiparikhTOI,3
196213,Article,nandinisgTOI,nandinisgTOI,1
196028,Article,nandinisgTOI,NewtonSTOI,11
196155,Article,nandinisgTOI,NewtonSTOI,5
196171,Article,nandinisgTOI,pankajdoval,3
196205,Article,nandinisgTOI,nandinisgTOI,1
196091,Article,nandinisgTOI,parthasinha,3
196282,Tweet,nandinisgTOI,priyagupta999,37
196377,Tweet,nandinisgTOI,desaisantosh,57
196353,Tweet,nandinisgTOI,aditya_bh16,142
196371,Tweet,nandinisgTOI,aditya_bh16,70
196324,Tweet,nandinisgTOI,priyagupta999,17
196329,Tweet,nandinisgTOI,aditya_bh16,100
196355,Tweet,nandinisgTOI,priyagupta999,167
196290,Tweet,nandinisgTOI,TristramHuntVA,25
196352,Tweet,nandinisgTOI,msrachelcooke,330
196295,Tweet,nandinisgTOI,priyagupta999,30
196288,Tweet,nandinisgTOI,priyagupta999,153
196298,Tweet,nandinisgTOI,msrachelcooke,51
196309,Tweet,nandinisgTOI,priyagupta999,19
196333,Tweet,nandinisgTOI,sermoninstone,35
196370,Tweet,nandinisgTOI,msrachelcooke,157
169285,Article,aditya_bh16,Gauraw2297,7
169212,Article,aditya_bh16,vivek9301,164
169177,Article,aditya_bh16,andybrassell,3
169307,Article,aditya_bh16,Shilarze_SSR,147
169209,Article,aditya_bh16,aditya_bh16,1
169170,Article,aditya_bh16,aditya_bh16,1
169375,Article,aditya_bh16,vivek9301,184
169236,Article,aditya_bh16,vivek9301,183
169352,Article,aditya_bh16,aniljdias,438
169205,Article,aditya_bh16,vivek9301,72
169378,Article,aditya_bh16,vivek9301,189
169273,Article,aditya_bh16,aniljdias,429
169189,Article,aditya_bh16,aniljdias,437
169246,Article,aditya_bh16,andybrassell,4
169383,Article,aditya_bh16,aditya_bh16,1
169418,Tweet,aditya_bh16,priyagupta999,54
169449,Tweet,aditya_bh16,aditya_bh16,1
169428,Tweet,aditya_bh16,Mahafreed_Irani,340
169489,Tweet,aditya_bh16,vivek9301,7
169435,Tweet,aditya_bh16,priyagupta999,24
169440,Tweet,aditya_bh16,msrachelcooke,135
169456,Tweet,aditya_bh16,tushhaikhush,2
169454,Tweet,aditya_bh16,vivek9301,4
169425,Tweet,aditya_bh16,aditya_bh16,1
169466,Tweet,aditya_bh16,priyagupta999,17
169441,Tweet,aditya_bh16,aditya_bh16,1
169492,Tweet,aditya_bh16,desaisantosh,216
169482,Tweet,aditya_bh16,aditya_bh16,1
169461,Tweet,aditya_bh16,andybrassell,2
169470,Tweet,aditya_bh16,andybrassell,63
200548,Article,payaldhawanTOI,anandbodhTOI,7
200465,Article,payaldhawanTOI,SidharthB25,5
200448,Article,payaldhawanTOI,anandbodhTOI,3
200668,Article,payaldhawanTOI,payaldhawanTOI,1
200480,Article,payaldhawanTOI,SidharthB25,22
200596,Article,payaldhawanTOI,NewtonSTOI,72
200618,Article,payaldhawanTOI,SidharthB25,33
200439,Article,payaldhawanTOI,SidharthB25,4
200472,Article,payaldhawanTOI,anandbodhTOI,4
200523,Article,payaldhawanTOI,SidharthB25,3
200503,Article,payaldhawanTOI,payaldhawanTOI,1
200552,Article,payaldhawanTOI,aniljdias,65
200601,Article,payaldhawanTOI,BawaNaaved,7
200554,Article,payaldhawanTOI,SidharthB25,4
200506,Article,payaldhawanTOI,NewtonSTOI,40
200718,Tweet,payaldhawanTOI,payaldhawanTOI,1
200695,Tweet,payaldhawanTOI,PNaveenTOI,11
200769,Tweet,payaldhawanTOI,har_mandeep,3
200697,Tweet,payaldhawanTOI,payaldhawanTOI,1
200698,Tweet,payaldhawanTOI,maheshbTOI,12
200742,Tweet,payaldhawanTOI,payaldhawanTOI,1
200721,Tweet,payaldhawanTOI,payaldhawanTOI,1
200704,Tweet,payaldhawanTOI,vijaypTOI,6
200713,Tweet,payaldhawanTOI,priyagupta999,30
200711,Tweet,payaldhawanTOI,payaldhawanTOI,1
200686,Tweet,payaldhawanTOI,payaldhawanTOI,1
200719,Tweet,payaldhawanTOI,jayamenon64,21
200761,Tweet,payaldhawanTOI,priyagupta999,3
200723,Tweet,payaldhawanTOI,payaldhawanTOI,1
200725,Tweet,payaldhawanTOI,payaldhawanTOI,1
135131,Article,MarinaHyde,andybrassell,6
134995,Article,MarinaHyde,JohnJCrace,4
134998,Article,MarinaHyde,archiebland,19
135003,Article,MarinaHyde,andybrassell,5
135107,Article,MarinaHyde,JohnJCrace,6
135076,Article,MarinaHyde,andybrassell,5
135104,Article,MarinaHyde,afuahirsch,12
135156,Article,MarinaHyde,emmabrockes,261
134993,Article,MarinaHyde,TimdeLisle,17
135064,Article,MarinaHyde,OwenJones84,10
135142,Article,MarinaHyde,andybrassell,6
135036,Article,MarinaHyde,williamnhutton,7
134997,Article,MarinaHyde,mariellaf1,201
135074,Article,MarinaHyde,OLIVERBALCH,8
135022,Article,MarinaHyde,andybrassell,9
135257,Tweet,MarinaHyde,LucyMangan,42
135269,Tweet,MarinaHyde,shattenstone,6
135366,Tweet,MarinaHyde,msrachelcooke,78
135312,Tweet,MarinaHyde,WilbyPeter,12
135288,Tweet,MarinaHyde,msrachelcooke,5
135238,Tweet,MarinaHyde,paulmasonnews,12
135369,Tweet,MarinaHyde,MarinaHyde,1
135237,Tweet,MarinaHyde,jonronson,190
135296,Tweet,MarinaHyde,jennydeluxe,191
135264,Tweet,MarinaHyde,garyyounge,18
135283,Tweet,MarinaHyde,msrachelcooke,15
135289,Tweet,MarinaHyde,viasimonromero,157
135353,Tweet,MarinaHyde,alanconnor,98
135280,Tweet,MarinaHyde,joshwiddicombe,13
135246,Tweet,MarinaHyde,jennydeluxe,182
188712,Article,KanwardeepsTOI,BawaNaaved,2
188607,Article,KanwardeepsTOI,KanwardeepsTOI,1
188678,Article,KanwardeepsTOI,KanwardeepsTOI,1
188648,Article,KanwardeepsTOI,KanwardeepsTOI,1
188753,Article,KanwardeepsTOI,KanwardeepsTOI,1
188781,Article,KanwardeepsTOI,KanwardeepsTOI,1
188743,Article,KanwardeepsTOI,KanwardeepsTOI,1
188758,Article,KanwardeepsTOI,KanwardeepsTOI,1
188590,Article,KanwardeepsTOI,KanwardeepsTOI,1
188784,Article,KanwardeepsTOI,KanwardeepsTOI,1
188628,Article,KanwardeepsTOI,KanwardeepsTOI,1
188811,Article,KanwardeepsTOI,KanwardeepsTOI,1
188615,Article,KanwardeepsTOI,rebeccaSTOI,3
188602,Article,KanwardeepsTOI,rajendrasTOI,7
188778,Article,KanwardeepsTOI,anandbodhTOI,5
188855,Tweet,KanwardeepsTOI,psangeetha2112,27
188896,Tweet,KanwardeepsTOI,dklavaniaTOI,3
188856,Tweet,KanwardeepsTOI,mlevenson,47
188839,Tweet,KanwardeepsTOI,KomalGautham,35
188886,Tweet,KanwardeepsTOI,msrachelcooke,323
188853,Tweet,KanwardeepsTOI,Gauraw2297,6
188884,Tweet,KanwardeepsTOI,Banjotkaur,8
188852,Tweet,KanwardeepsTOI,dubeyavishek,2
188888,Tweet,KanwardeepsTOI,advityabahlTOI,3
188900,Tweet,KanwardeepsTOI,rebeccaSTOI,3
188899,Tweet,KanwardeepsTOI,priyagupta999,6
188866,Tweet,KanwardeepsTOI,KanwardeepsTOI,1
188849,Tweet,KanwardeepsTOI,priyagupta999,48
188906,Tweet,KanwardeepsTOI,dklavaniaTOI,6
188917,Tweet,KanwardeepsTOI,KanwardeepsTOI,1
21417,Article,ginakolata,RoniNYTimes,4
21406,Article,ginakolata,carlzimmer,7
21465,Article,ginakolata,EllenBarryNYT,21
21405,Article,ginakolata,EllenBarryNYT,19
21493,Article,ginakolata,apoorva_nyc,4
21429,Article,ginakolata,EllenBarryNYT,13
21436,Article,ginakolata,cdcaron,7
21479,Article,ginakolata,julianbarnes,44
21483,Article,ginakolata,dwightgarner,35
21426,Article,ginakolata,cdcaron,10
21463,Article,ginakolata,nytDeniseGrady,12
21486,Article,ginakolata,SharonLNYT,69
21445,Article,ginakolata,apoorva_nyc,5
21498,Article,ginakolata,NeilMacFarquhar,17
21476,Article,ginakolata,apoorva_nyc,6
21594,Tweet,ginakolata,RoniNYTimes,4
21512,Tweet,ginakolata,nytDeniseGrady,5
21573,Tweet,ginakolata,nytDeniseGrady,3
21516,Tweet,ginakolata,nytDeniseGrady,5
21589,Tweet,ginakolata,aleksk,2
21543,Tweet,ginakolata,nytDeniseGrady,3
21523,Tweet,ginakolata,nytDeniseGrady,3
21595,Tweet,ginakolata,nytDeniseGrady,6
21534,Tweet,ginakolata,BellaKwai,19
21587,Tweet,ginakolata,jennydeluxe,109
21537,Tweet,ginakolata,vanbadham,16
21581,Tweet,ginakolata,desaisantosh,77
21554,Tweet,ginakolata,nytDeniseGrady,5
21505,Tweet,ginakolata,aleksk,2
21535,Tweet,ginakolata,ginakolata,1
129479,Article,LeoHickman,archiebland,17
129475,Article,LeoHickman,JohnJCrace,30
129419,Article,LeoHickman,garyyounge,15
129438,Article,LeoHickman,garyyounge,26
129497,Article,LeoHickman,AnaSwanson,49
129457,Article,LeoHickman,EllenBarryNYT,57
129584,Article,LeoHickman,declanwalsh,157
129462,Article,LeoHickman,naomi2009,142
129531,Article,LeoHickman,kiracochrane,57
129456,Article,LeoHickman,nicholaswatt,14
129549,Article,LeoHickman,lucysiegle,8
129559,Article,LeoHickman,smbahr14,197
129528,Article,LeoHickman,lucysiegle,26
129396,Article,LeoHickman,GiniaNYT,233
129569,Article,LeoHickman,NilsPratley,122
129986,Tweet,LeoHickman,LeoHickman,1
129691,Tweet,LeoHickman,LeoHickman,1
129760,Tweet,LeoHickman,emilybell,35
130089,Tweet,LeoHickman,ukigoni,24
129793,Tweet,LeoHickman,RowennaDavis,2
129950,Tweet,LeoHickman,LeoHickman,1
130127,Tweet,LeoHickman,LeoHickman,1
129949,Tweet,LeoHickman,CarolineLucas,4
129922,Tweet,LeoHickman,LeoHickman,1
129980,Tweet,LeoHickman,LeoHickman,1
129755,Tweet,LeoHickman,richardwolffedc,73
130086,Tweet,LeoHickman,polblonde,31
129732,Tweet,LeoHickman,LeoHickman,1
129715,Tweet,LeoHickman,rachshabi,64
129999,Tweet,LeoHickman,SwatiShindeTOI,23
16671,Article,peterbakernyt,helenecooper,8
16623,Article,peterbakernyt,anniekarni,4
16659,Article,peterbakernyt,andrewrsorkin,30
16696,Article,peterbakernyt,ESCochrane,11
16682,Article,peterbakernyt,anniekarni,6
16654,Article,peterbakernyt,jbouie,59
16673,Article,peterbakernyt,helenecooper,6
16614,Article,peterbakernyt,helenecooper,14
16663,Article,peterbakernyt,michaelcrowley,3
16675,Article,peterbakernyt,SharonLNYT,3
16662,Article,peterbakernyt,helenecooper,13
16638,Article,peterbakernyt,helenecooper,11
16677,Article,peterbakernyt,benkenigsberg,183
16624,Article,peterbakernyt,hillhulse,16
16615,Article,peterbakernyt,jimtankersley,2
16782,Tweet,peterbakernyt,antontroian,48
16762,Tweet,peterbakernyt,ShaneGoldmacher,3
16728,Tweet,peterbakernyt,SharonLNYT,25
16746,Tweet,peterbakernyt,MattFutterman,12
16714,Tweet,peterbakernyt,aleksk,36
16709,Tweet,peterbakernyt,mlevenson,2
16774,Tweet,peterbakernyt,npwcnn,43
16748,Tweet,peterbakernyt,PerriKlass,174
16702,Tweet,peterbakernyt,TristramHuntVA,24
16786,Tweet,peterbakernyt,jeannasmialek,13
16790,Tweet,peterbakernyt,SangerNYT,3
16756,Tweet,peterbakernyt,IKershner,8
16771,Tweet,peterbakernyt,jimtankersley,5
16779,Tweet,peterbakernyt,adamliptak,10
16795,Tweet,peterbakernyt,hillhulse,19
205005,Article,ramarkosg,SribaalaVTOI,44
204949,Article,ramarkosg,desaisantosh,138
204973,Article,ramarkosg,rajendrasTOI,99
204967,Article,ramarkosg,ramarkosg,1
204999,Article,ramarkosg,parthasinha,16
204997,Article,ramarkosg,dipakdashTOI,41
205040,Article,ramarkosg,digbijaymishra1,7
205036,Article,ramarkosg,DekaJayanta,104
204974,Article,ramarkosg,ramarkosg,1
205038,Article,ramarkosg,parthasinha,7
205048,Article,ramarkosg,DekaJayanta,121
205018,Article,ramarkosg,parthasinha,21
204994,Article,ramarkosg,ramarkosg,1
204975,Article,ramarkosg,ramarkosg,1
205033,Article,ramarkosg,ramarkosg,1
205134,Tweet,ramarkosg,jennydeluxe,267
205098,Tweet,ramarkosg,ramarkosg,1
205138,Tweet,ramarkosg,aditya_bh16,91
205147,Tweet,ramarkosg,DekaJayanta,171
205131,Tweet,ramarkosg,joncaramanica,99
205099,Tweet,ramarkosg,ramarkosg,1
205129,Tweet,ramarkosg,priyagupta999,2
205062,Tweet,ramarkosg,meeravohraTOI,2
205141,Tweet,ramarkosg,gettleman,27
205107,Tweet,ramarkosg,ramarkosg,1
205142,Tweet,ramarkosg,sermoninstone,110
205125,Tweet,ramarkosg,ramarkosg,1
205078,Tweet,ramarkosg,joshwiddicombe,10
205135,Tweet,ramarkosg,LauraCummingArt,283
205137,Tweet,ramarkosg,priyagupta999,41
36206,Article,GiniaNYT,RachelDonadio,20
36225,Article,GiniaNYT,dwightgarner,8
36272,Article,GiniaNYT,EllenBarryNYT,150
36216,Article,GiniaNYT,EllenBarryNYT,51
36253,Article,GiniaNYT,benkenigsberg,30
36240,Article,GiniaNYT,pete_wells,3
36209,Article,GiniaNYT,ditzkoff,5
36235,Article,GiniaNYT,EllenBarryNYT,114
36246,Article,GiniaNYT,cdcaron,21
36277,Article,GiniaNYT,EllenBarryNYT,109
36283,Article,GiniaNYT,RachelDonadio,215
36275,Article,GiniaNYT,RachelDonadio,214
36262,Article,GiniaNYT,dwightgarner,2
36276,Article,GiniaNYT,sisario,13
36264,Article,GiniaNYT,benkenigsberg,20
36360,Tweet,GiniaNYT,vanbadham,421
36370,Tweet,GiniaNYT,sarahlyall,2
36330,Tweet,GiniaNYT,andrewrawnsley,305
36384,Tweet,GiniaNYT,dwightgarner,8
36300,Tweet,GiniaNYT,dwightgarner,3
36386,Tweet,GiniaNYT,ASoloski,2
36350,Tweet,GiniaNYT,debaratisen,236
36392,Tweet,GiniaNYT,joncaramanica,152
36382,Tweet,GiniaNYT,priyagupta999,348
36373,Tweet,GiniaNYT,ASoloski,2
36326,Tweet,GiniaNYT,wesley_morris,2
36352,Tweet,GiniaNYT,jbouie,11
36372,Tweet,GiniaNYT,jennydeluxe,7
36395,Tweet,GiniaNYT,wesley_morris,3
36341,Tweet,GiniaNYT,livia_ar,210
171479,Article,AlokKNMishra,rajendrasTOI,3
171562,Article,AlokKNMishra,rajendrasTOI,2
171557,Article,AlokKNMishra,rajendrasTOI,2
171503,Article,AlokKNMishra,rajendrasTOI,3
171528,Article,AlokKNMishra,sushmi_dey,3
171580,Article,AlokKNMishra,AtulMathur_,15
171624,Article,AlokKNMishra,AlokKNMishra,1
171398,Article,AlokKNMishra,AtulMathur_,4
171585,Article,AlokKNMishra,AlokKNMishra,1
171604,Article,AlokKNMishra,rajendrasTOI,2
171514,Article,AlokKNMishra,toi_dhananjayM,3
171589,Article,AlokKNMishra,AmritadTOI,2
171412,Article,AlokKNMishra,AtulMathur_,5
171438,Article,AlokKNMishra,rajendrasTOI,2
171390,Article,AlokKNMishra,AlokKNMishra,1
171638,Tweet,AlokKNMishra,BhanupratapsTOI,2
171636,Tweet,AlokKNMishra,MichaelWhite,137
171655,Tweet,AlokKNMishra,AlokKNMishra,1
171648,Tweet,AlokKNMishra,SribaalaVTOI,52
171647,Tweet,AlokKNMishra,AlokKNMishra,1
171682,Tweet,AlokKNMishra,SribaalaVTOI,10
171673,Tweet,AlokKNMishra,BhanupratapsTOI,5
171714,Tweet,AlokKNMishra,AlokKNMishra,1
171704,Tweet,AlokKNMishra,Gauraw2297,20
171680,Tweet,AlokKNMishra,AtulMathur_,8
171710,Tweet,AlokKNMishra,BhanupratapsTOI,2
171657,Tweet,AlokKNMishra,AlokKNMishra,1
171703,Tweet,AlokKNMishra,smita_mishra,477
171720,Tweet,AlokKNMishra,AlokKNMishra,1
171683,Tweet,AlokKNMishra,rishachitlangia,8
114947,Article,mswainwright,DanielKingChess,46
114852,Article,mswainwright,TimdeLisle,78
114812,Article,mswainwright,marthakelner,203
114874,Article,mswainwright,nmcintosh,61
114809,Article,mswainwright,garyyounge,78
114974,Article,mswainwright,benkenigsberg,82
114862,Article,mswainwright,NilsPratley,86
114773,Article,mswainwright,davidhepworth,21
114834,Article,mswainwright,JohnJCrace,71
114873,Article,mswainwright,NilsPratley,69
114927,Article,mswainwright,NilsPratley,122
115005,Article,mswainwright,DeccaJourno,60
114775,Article,mswainwright,ollywainwright,30
114973,Article,mswainwright,JohnJCrace,96
114935,Article,mswainwright,naomi2009,74
115064,Tweet,mswainwright,alanconnor,7
115167,Tweet,mswainwright,joshwiddicombe,2
115416,Tweet,mswainwright,ollywainwright,8
115040,Tweet,mswainwright,mswainwright,1
115398,Tweet,mswainwright,PeterTatchell,57
115077,Tweet,mswainwright,joshwiddicombe,2
115348,Tweet,mswainwright,ollywainwright,7
115186,Tweet,mswainwright,RowennaDavis,7
115449,Tweet,mswainwright,alanconnor,49
115099,Tweet,mswainwright,andybrassell,72
115124,Tweet,mswainwright,gracedent,55
115433,Tweet,mswainwright,ollywainwright,2
115043,Tweet,mswainwright,vwang3,19
115328,Tweet,mswainwright,paulmasonnews,53
115216,Tweet,mswainwright,leninology,125
12085,Article,LFFriedman,lukebroadwater,4
12073,Article,LFFriedman,helenecooper,2
12024,Article,LFFriedman,SharonLNYT,3
12087,Article,LFFriedman,LFFriedman,1
12039,Article,LFFriedman,LFFriedman,1
12047,Article,LFFriedman,LFFriedman,1
12086,Article,LFFriedman,anniekarni,27
12089,Article,LFFriedman,livia_ar,3
12030,Article,LFFriedman,LFFriedman,1
12091,Article,LFFriedman,LFFriedman,1
12014,Article,LFFriedman,livia_ar,3
12043,Article,LFFriedman,charlie_savage,5
12070,Article,LFFriedman,LFFriedman,1
12098,Article,LFFriedman,LFFriedman,1
12021,Article,LFFriedman,LFFriedman,1
12125,Tweet,LFFriedman,mtomasky,106
12160,Tweet,LFFriedman,msrachelcooke,369
12116,Tweet,LFFriedman,cdcaron,7
12106,Tweet,LFFriedman,hillhulse,38
12149,Tweet,LFFriedman,KeithBradsher,49
12154,Tweet,LFFriedman,jbouie,133
12155,Tweet,LFFriedman,LFFriedman,1
12150,Tweet,LFFriedman,sarahlyall,199
12171,Tweet,LFFriedman,andrewrsorkin,103
12104,Tweet,LFFriedman,sarahlyall,179
12129,Tweet,LFFriedman,LFFriedman,1
12138,Tweet,LFFriedman,joshwiddicombe,116
12146,Tweet,LFFriedman,alanconnor,237
12174,Tweet,LFFriedman,LFFriedman,1
12185,Tweet,LFFriedman,andrewrsorkin,5
103654,Article,richardwolffedc,williamnhutton,6
103696,Article,richardwolffedc,JohnJCrace,10
103673,Article,richardwolffedc,TimdeLisle,18
103652,Article,richardwolffedc,richardwolffedc,1
103799,Article,richardwolffedc,davidhepworth,354
103649,Article,richardwolffedc,afuahirsch,19
103755,Article,richardwolffedc,garyyounge,9
103597,Article,richardwolffedc,OwenJones84,16
103804,Article,richardwolffedc,williamnhutton,22
103643,Article,richardwolffedc,OwenJones84,3
103820,Article,richardwolffedc,andybrassell,2
103693,Article,richardwolffedc,JohnJCrace,8
103690,Article,richardwolffedc,JohnJCrace,35
103596,Article,richardwolffedc,JohnJCrace,19
103722,Article,richardwolffedc,JohnJCrace,41
104389,Tweet,richardwolffedc,richardwolffedc,1
104255,Tweet,richardwolffedc,richardwolffedc,1
104320,Tweet,richardwolffedc,TristramHuntVA,5
104304,Tweet,richardwolffedc,tomfriedman,7
103949,Tweet,richardwolffedc,carlzimmer,91
104340,Tweet,richardwolffedc,tomfriedman,3
104324,Tweet,richardwolffedc,NYTLiz,362
104005,Tweet,richardwolffedc,gailcollins,106
103893,Tweet,richardwolffedc,richardwolffedc,1
104050,Tweet,richardwolffedc,richardwolffedc,1
104222,Tweet,richardwolffedc,DouthatNYT,442
104193,Tweet,richardwolffedc,joshwiddicombe,63
103931,Tweet,richardwolffedc,richardwolffedc,1
104315,Tweet,richardwolffedc,richardwolffedc,1
104230,Tweet,richardwolffedc,richardwolffedc,1
33441,Article,vwang3,KeithBradsher,8
33464,Article,vwang3,mikeives,22
33489,Article,vwang3,hillhulse,56
33481,Article,vwang3,mikeives,3
33429,Article,vwang3,NeilMacFarquhar,97
33402,Article,vwang3,NeilMacFarquhar,11
33415,Article,vwang3,charlie_savage,63
33428,Article,vwang3,mikeives,12
33450,Article,vwang3,NeilMacFarquhar,18
33483,Article,vwang3,mikeives,3
33472,Article,vwang3,antontroian,19
33439,Article,vwang3,NeilMacFarquhar,22
33407,Article,vwang3,BenWeiserNYT,58
33418,Article,vwang3,ChuBailiang,6
33448,Article,vwang3,EllenBarryNYT,31
33588,Tweet,vwang3,jotted,2
33564,Tweet,vwang3,ChuBailiang,2
33524,Tweet,vwang3,PerriKlass,17
33540,Tweet,vwang3,ChuBailiang,8
33502,Tweet,vwang3,msrachelcooke,304
33542,Tweet,vwang3,vwang3,1
33599,Tweet,vwang3,ChuBailiang,2
33577,Tweet,vwang3,EmmaBubola,5
33576,Tweet,vwang3,mlevenson,7
33566,Tweet,vwang3,vwang3,1
33558,Tweet,vwang3,gettinviggy,19
33547,Tweet,vwang3,dionnesearcey,3
33546,Tweet,vwang3,afuahirsch,94
33531,Tweet,vwang3,PNaveenTOI,2
33544,Tweet,vwang3,mohuadazz,2
22612,Article,melissaclark,melissaclark,1
22619,Article,melissaclark,pete_wells,3
22690,Article,melissaclark,melissaclark,1
22645,Article,melissaclark,pete_wells,2
22665,Article,melissaclark,pete_wells,4
22611,Article,melissaclark,melissaclark,1
22604,Article,melissaclark,melissaclark,1
22680,Article,melissaclark,melissaclark,1
22661,Article,melissaclark,melissaclark,1
22625,Article,melissaclark,melissaclark,1
22651,Article,melissaclark,melissaclark,1
22644,Article,melissaclark,melissaclark,1
22658,Article,melissaclark,pete_wells,2
22663,Article,melissaclark,pete_wells,2
22691,Article,melissaclark,smbahr14,38
22772,Tweet,melissaclark,debaratisen,253
22762,Tweet,melissaclark,jennydeluxe,2
22728,Tweet,melissaclark,jennydeluxe,5
22777,Tweet,melissaclark,joshwiddicombe,234
22794,Tweet,melissaclark,salihughes,2
22758,Tweet,melissaclark,melissaclark,1
22750,Tweet,melissaclark,jennydeluxe,6
22733,Tweet,melissaclark,jennydeluxe,7
22739,Tweet,melissaclark,alanconnor,205
22723,Tweet,melissaclark,aleksk,2
22730,Tweet,melissaclark,smita_mishra,15
22749,Tweet,melissaclark,jennydeluxe,5
22707,Tweet,melissaclark,alanconnor,283
22793,Tweet,melissaclark,msrachelcooke,58
22715,Tweet,melissaclark,priyagupta999,95
220287,Article,vijaypTOI,anandbodhTOI,42
220235,Article,vijaypTOI,richapintoi,27
220278,Article,vijaypTOI,ThevarSteffy,30
220272,Article,vijaypTOI,rajendrasTOI,95
220073,Article,vijaypTOI,sandhyanairTOI,10
220290,Article,vijaypTOI,rajendrasTOI,69
220076,Article,vijaypTOI,ThevarSteffy,2
220240,Article,vijaypTOI,ChaitanyadTOI,65
220128,Article,vijaypTOI,rajendrasTOI,36
220207,Article,vijaypTOI,anandbodhTOI,30
220208,Article,vijaypTOI,ThevarSteffy,3
220150,Article,vijaypTOI,rajendrasTOI,110
220140,Article,vijaypTOI,toi_dhananjayM,40
220196,Article,vijaypTOI,NewtonSTOI,69
220199,Article,vijaypTOI,vijaypTOI,1
220367,Tweet,vijaypTOI,DekaJayanta,387
220339,Tweet,vijaypTOI,vijaypTOI,1
220352,Tweet,vijaypTOI,sandhyanairTOI,47
220392,Tweet,vijaypTOI,GiniaNYT,385
220386,Tweet,vijaypTOI,nauzerbTOI,50
220389,Tweet,vijaypTOI,vijaypTOI,1
220378,Tweet,vijaypTOI,vijaypTOI,1
220358,Tweet,vijaypTOI,NewtonSTOI,17
220359,Tweet,vijaypTOI,priyagupta999,2
220323,Tweet,vijaypTOI,PNaveenTOI,2
220354,Tweet,vijaypTOI,vijaypTOI,1
220400,Tweet,vijaypTOI,vijaypTOI,1
220388,Tweet,vijaypTOI,nauzerbTOI,71
220398,Tweet,vijaypTOI,somitsenTOI,17
220345,Tweet,vijaypTOI,vijaypTOI,1
36039,Article,jennyschuessler,smbahr14,2
36066,Article,jennyschuessler,dwightgarner,21
36058,Article,jennyschuessler,sisario,30
36056,Article,jennyschuessler,dwightgarner,14
36017,Article,jennyschuessler,jorifinkel,5
36088,Article,jennyschuessler,NeilMacFarquhar,257
36041,Article,jennyschuessler,dwightgarner,20
36042,Article,jennyschuessler,helenecooper,56
36034,Article,jennyschuessler,dwightgarner,25
36029,Article,jennyschuessler,MichaelPaulson,23
36030,Article,jennyschuessler,dwightgarner,34
36033,Article,jennyschuessler,NeilMacFarquhar,23
36086,Article,jennyschuessler,dwightgarner,15
36015,Article,jennyschuessler,noamscheiber,78
36083,Article,jennyschuessler,dwightgarner,21
36171,Tweet,jennyschuessler,msrachelcooke,48
36177,Tweet,jennyschuessler,rpogrebin,122
36153,Tweet,jennyschuessler,afuahirsch,50
36112,Tweet,jennyschuessler,afuahirsch,68
36161,Tweet,jennyschuessler,elizabday,44
36168,Tweet,jennyschuessler,rpogrebin,157
36110,Tweet,jennyschuessler,andybrassell,26
36115,Tweet,jennyschuessler,GiniaNYT,36
36179,Tweet,jennyschuessler,msrachelcooke,40
36197,Tweet,jennyschuessler,GiniaNYT,23
36192,Tweet,jennyschuessler,mlevenson,357
36187,Tweet,jennyschuessler,LauraCummingArt,94
36146,Tweet,jennyschuessler,joncaramanica,107
36114,Tweet,jennyschuessler,andybrassell,23
36109,Tweet,jennyschuessler,msmirandasawyer,76
195184,Article,mohuadazz,nauzerbTOI,64
195212,Article,mohuadazz,ThevarSteffy,30
195168,Article,mohuadazz,yusrahusain,39
195060,Article,mohuadazz,VivianHo,89
195217,Article,mohuadazz,yusrahusain,93
195053,Article,mohuadazz,saumyajitbTOI,20
195177,Article,mohuadazz,sandhyanairTOI,140
195178,Article,mohuadazz,andybrassell,90
195111,Article,mohuadazz,UttaraVarmaTOI,9
195235,Article,mohuadazz,NewtonSTOI,24
195145,Article,mohuadazz,OLIVERBALCH,13
195056,Article,mohuadazz,pankajdoval,82
195102,Article,mohuadazz,NewtonSTOI,32
195147,Article,mohuadazz,nauzerbTOI,80
195174,Article,mohuadazz,aniljdias,18
195308,Tweet,mohuadazz,msmirandasawyer,98
195301,Tweet,mohuadazz,desaisantosh,2
195327,Tweet,mohuadazz,vanbadham,18
195245,Tweet,mohuadazz,afuahirsch,12
195302,Tweet,mohuadazz,noamscheiber,2
195328,Tweet,mohuadazz,afuahirsch,19
195299,Tweet,mohuadazz,Mahafreed_Irani,11
195329,Tweet,mohuadazz,mlevenson,146
195273,Tweet,mohuadazz,smita_mishra,13
195285,Tweet,mohuadazz,joshwiddicombe,25
195334,Tweet,mohuadazz,smita_mishra,8
195315,Tweet,mohuadazz,polblonde,71
195321,Tweet,mohuadazz,TristramHuntVA,14
195325,Tweet,mohuadazz,alanconnor,3
195255,Tweet,mohuadazz,joshwiddicombe,38
179315,Article,Chethan_Dash,anandbodhTOI,71
179288,Article,Chethan_Dash,AnujaJaiswalTOI,15
179455,Article,Chethan_Dash,rjadHinduBL,3
179239,Article,Chethan_Dash,rajatpTOI,2
179319,Article,Chethan_Dash,ThevarSteffy,14
179459,Article,Chethan_Dash,ThevarSteffy,124
179275,Article,Chethan_Dash,rajatpTOI,6
179234,Article,Chethan_Dash,rajatpTOI,2
179224,Article,Chethan_Dash,ArunDev1,110
179317,Article,Chethan_Dash,NewtonSTOI,9
179343,Article,Chethan_Dash,ShrinivasaMTOI,105
179391,Article,Chethan_Dash,Chethan_Dash,1
179340,Article,Chethan_Dash,ThevarSteffy,53
179240,Article,Chethan_Dash,Chethan_Dash,1
179356,Article,Chethan_Dash,rjadHinduBL,18
179503,Tweet,Chethan_Dash,Chethan_Dash,1
179514,Tweet,Chethan_Dash,Chethan_Dash,1
179489,Tweet,Chethan_Dash,utejonmayamTOI,8
179510,Tweet,Chethan_Dash,Chethan_Dash,1
179546,Tweet,Chethan_Dash,Chethan_Dash,1
179559,Tweet,Chethan_Dash,Chethan_Dash,1
179475,Tweet,Chethan_Dash,Chethan_Dash,1
179469,Tweet,Chethan_Dash,Chethan_Dash,1
179547,Tweet,Chethan_Dash,Chethan_Dash,1
179555,Tweet,Chethan_Dash,stevenerlanger,344
179465,Tweet,Chethan_Dash,Chethan_Dash,1
179476,Tweet,Chethan_Dash,Chethan_Dash,1
179536,Tweet,Chethan_Dash,Chethan_Dash,1
179474,Tweet,Chethan_Dash,Chethan_Dash,1
179464,Tweet,Chethan_Dash,Chethan_Dash,1
170390,Article,ajaysuraTOI,amitanandTOI,6
170497,Article,ajaysuraTOI,toi_dhananjayM,6
170395,Article,ajaysuraTOI,toi_dhananjayM,7
170476,Article,ajaysuraTOI,rebeccaSTOI,8
170362,Article,ajaysuraTOI,toi_dhananjayM,4
170573,Article,ajaysuraTOI,toi_dhananjayM,5
170465,Article,ajaysuraTOI,rebeccaSTOI,7
170468,Article,ajaysuraTOI,toi_dhananjayM,6
170565,Article,ajaysuraTOI,rajendrasTOI,39
170359,Article,ajaysuraTOI,amitanandTOI,4
170488,Article,ajaysuraTOI,anandbodhTOI,88
170351,Article,ajaysuraTOI,amitanandTOI,6
170512,Article,ajaysuraTOI,amitanandTOI,6
170521,Article,ajaysuraTOI,toi_dhananjayM,9
170356,Article,ajaysuraTOI,anandbodhTOI,102
170608,Tweet,ajaysuraTOI,BhanupratapsTOI,23
170626,Tweet,ajaysuraTOI,har_mandeep,14
170667,Tweet,ajaysuraTOI,manvirsainiTOI,4
170642,Tweet,ajaysuraTOI,akhileshsTOI,34
170638,Tweet,ajaysuraTOI,polblonde,22
170629,Tweet,ajaysuraTOI,BhanupratapsTOI,7
170691,Tweet,ajaysuraTOI,polblonde,28
170645,Tweet,ajaysuraTOI,polblonde,23
170657,Tweet,ajaysuraTOI,polblonde,23
170595,Tweet,ajaysuraTOI,polblonde,23
170633,Tweet,ajaysuraTOI,polblonde,24
170663,Tweet,ajaysuraTOI,polblonde,33
170684,Tweet,ajaysuraTOI,SunilSubaiah,75
170646,Tweet,ajaysuraTOI,rashmidTOI,36
170600,Tweet,ajaysuraTOI,manvirsainiTOI,19
11890,Article,Lattif,NeilMacFarquhar,122
11816,Article,Lattif,mikeives,6
11801,Article,Lattif,apoorva_nyc,76
11883,Article,Lattif,NeilMacFarquhar,19
11882,Article,Lattif,AmritadTOI,3
11832,Article,Lattif,Lattif,1
11888,Article,Lattif,EllenBarryNYT,5
11809,Article,Lattif,Lattif,1
11885,Article,Lattif,mikeives,2
11851,Article,Lattif,EllenBarryNYT,7
11879,Article,Lattif,Lattif,1
11812,Article,Lattif,EllenBarryNYT,6
11839,Article,Lattif,NewtonSTOI,92
11808,Article,Lattif,helenecooper,165
11858,Article,Lattif,NeilMacFarquhar,141
11971,Tweet,Lattif,Lattif,1
11978,Tweet,Lattif,ollywainwright,101
11955,Tweet,Lattif,NeilMacFarquhar,30
11995,Tweet,Lattif,desaisantosh,42
11958,Tweet,Lattif,Lattif,1
11975,Tweet,Lattif,Lattif,1
11949,Tweet,Lattif,Lattif,1
11992,Tweet,Lattif,Lattif,1
11998,Tweet,Lattif,gettleman,4
11901,Tweet,Lattif,SunilSubaiah,3
11967,Tweet,Lattif,rebeccaSTOI,42
11903,Tweet,Lattif,BellaKwai,2
11930,Tweet,Lattif,Lattif,1
11997,Tweet,Lattif,Lattif,1
11965,Tweet,Lattif,priyagupta999,21
216235,Article,ThevarSteffy,ThevarSteffy,1
216197,Article,ThevarSteffy,ThevarSteffy,1
216234,Article,ThevarSteffy,ThevarSteffy,1
216173,Article,ThevarSteffy,ThevarSteffy,1
216130,Article,ThevarSteffy,ChaitanyadTOI,3
216174,Article,ThevarSteffy,ThevarSteffy,1
216095,Article,ThevarSteffy,ThevarSteffy,1
216209,Article,ThevarSteffy,ThevarSteffy,1
216075,Article,ThevarSteffy,ThevarSteffy,1
216245,Article,ThevarSteffy,SunilSubaiah,23
216092,Article,ThevarSteffy,ThevarSteffy,1
216153,Article,ThevarSteffy,ThevarSteffy,1
216223,Article,ThevarSteffy,AmritadTOI,3
216217,Article,ThevarSteffy,AmritadTOI,11
216042,Article,ThevarSteffy,ThevarSteffy,1
216366,Tweet,ThevarSteffy,durgeshjhaTOI,58
216346,Tweet,ThevarSteffy,smita_mishra,39
216302,Tweet,ThevarSteffy,smita_mishra,2
216354,Tweet,ThevarSteffy,gettleman,165
216344,Tweet,ThevarSteffy,27saurabhsinha,102
216271,Tweet,ThevarSteffy,joncaramanica,332
216342,Tweet,ThevarSteffy,nauzerbTOI,56
216343,Tweet,ThevarSteffy,sarahlyall,94
216282,Tweet,ThevarSteffy,desaisantosh,87
216360,Tweet,ThevarSteffy,LauraCummingArt,212
216297,Tweet,ThevarSteffy,IpsitaTOI,30
216347,Tweet,ThevarSteffy,kush_junglee,38
216306,Tweet,ThevarSteffy,smita_mishra,14
216309,Tweet,ThevarSteffy,nytDeniseGrady,112
216284,Tweet,ThevarSteffy,andrewrsorkin,66
217451,Article,toi_rohanA,gabyhinsliff,8
217471,Article,toi_rohanA,aniljdias,11
217476,Article,toi_rohanA,toi_rohanA,1
217517,Article,toi_rohanA,kumaraswamykTOI,5
217524,Article,toi_rohanA,aniljdias,10
217582,Article,toi_rohanA,aniljdias,3
217445,Article,toi_rohanA,aniljdias,5
217568,Article,toi_rohanA,aniljdias,4
217560,Article,toi_rohanA,aniljdias,6
217628,Article,toi_rohanA,aniljdias,4
217575,Article,toi_rohanA,aniljdias,5
217654,Article,toi_rohanA,aniljdias,2
217515,Article,toi_rohanA,aniljdias,5
217564,Article,toi_rohanA,aniljdias,4
217415,Article,toi_rohanA,aniljdias,27
217704,Tweet,toi_rohanA,priyagupta999,63
217749,Tweet,toi_rohanA,desaisantosh,54
217713,Tweet,toi_rohanA,aditya_bh16,4
217723,Tweet,toi_rohanA,MarcusMergulhao,3
217735,Tweet,toi_rohanA,MarcusMergulhao,11
217745,Tweet,toi_rohanA,vanbadham,257
217681,Tweet,toi_rohanA,sarahditum,138
217710,Tweet,toi_rohanA,vivek9301,15
217737,Tweet,toi_rohanA,aditya_bh16,9
217693,Tweet,toi_rohanA,kumaraswamykTOI,2
217699,Tweet,toi_rohanA,BenRothenberg,11
217714,Tweet,toi_rohanA,MattFutterman,2
217675,Tweet,toi_rohanA,vanbadham,302
217733,Tweet,toi_rohanA,toi_rohanA,1
217722,Tweet,toi_rohanA,aditya_bh16,37
14071,Article,mikeives,julianbarnes,18
14027,Article,mikeives,ianrausten,10
14023,Article,mikeives,NeilMacFarquhar,7
14058,Article,mikeives,NeilMacFarquhar,17
14037,Article,mikeives,dwightgarner,6
14019,Article,mikeives,EllenBarryNYT,24
14033,Article,mikeives,ManjuVTOI,2
14062,Article,mikeives,mikeives,1
14081,Article,mikeives,mikeives,1
14034,Article,mikeives,ianrausten,10
14002,Article,mikeives,tariqpanja,5
14089,Article,mikeives,helenecooper,17
14051,Article,mikeives,mikeives,1
14044,Article,mikeives,KeithBradsher,2
14017,Article,mikeives,NeilMacFarquhar,4
14120,Tweet,mikeives,axrenton,25
14124,Tweet,mikeives,EmmaBubola,73
14105,Tweet,mikeives,mikeives,1
14153,Tweet,mikeives,vwang3,102
14127,Tweet,mikeives,EmmaBubola,7
14182,Tweet,mikeives,mikeives,1
14138,Tweet,mikeives,mikeives,1
14197,Tweet,mikeives,ericschmittnyt,43
14156,Tweet,mikeives,vwang3,2
14190,Tweet,mikeives,vwang3,2
14132,Tweet,mikeives,Lattif,9
14134,Tweet,mikeives,vwang3,2
14148,Tweet,mikeives,samsifton,105
14170,Tweet,mikeives,nytDeniseGrady,139
14177,Tweet,mikeives,mikeives,1
197722,Article,NirupaTOI,AmritadTOI,8
197701,Article,NirupaTOI,yusrahusain,46
197888,Article,NirupaTOI,rjadHinduBL,3
197760,Article,NirupaTOI,sandhyanairTOI,5
197729,Article,NirupaTOI,UttaraVarmaTOI,37
197715,Article,NirupaTOI,NewtonSTOI,16
197889,Article,NirupaTOI,NewtonSTOI,47
197830,Article,NirupaTOI,SribaalaVTOI,32
197831,Article,NirupaTOI,AmritadTOI,6
197870,Article,NirupaTOI,sandhyanairTOI,7
197906,Article,NirupaTOI,NewtonSTOI,33
197816,Article,NirupaTOI,nandinisgTOI,45
197832,Article,NirupaTOI,SribaalaVTOI,8
197668,Article,NirupaTOI,AmritadTOI,7
197825,Article,NirupaTOI,SumitraDebRoy,42
197964,Tweet,NirupaTOI,NirupaTOI,1
197936,Tweet,NirupaTOI,NirupaTOI,1
197973,Tweet,NirupaTOI,NirupaTOI,1
197957,Tweet,NirupaTOI,NirupaTOI,1
197986,Tweet,NirupaTOI,NirupaTOI,1
197956,Tweet,NirupaTOI,NirupaTOI,1
197949,Tweet,NirupaTOI,desaisantosh,9
197933,Tweet,NirupaTOI,NirupaTOI,1
197979,Tweet,NirupaTOI,AmritadTOI,3
197963,Tweet,NirupaTOI,NirupaTOI,1
197990,Tweet,NirupaTOI,NirupaTOI,1
197981,Tweet,NirupaTOI,desaisantosh,380
197922,Tweet,NirupaTOI,PjJoychen,22
197977,Tweet,NirupaTOI,NirupaTOI,1
197938,Tweet,NirupaTOI,NirupaTOI,1
188110,Article,journo_vibha,journo_vibha,1
188034,Article,journo_vibha,toi_dhananjayM,2
188043,Article,journo_vibha,journo_vibha,1
187992,Article,journo_vibha,journo_vibha,1
187896,Article,journo_vibha,NewtonSTOI,6
187930,Article,journo_vibha,AtulMathur_,2
188021,Article,journo_vibha,AtulMathur_,3
187932,Article,journo_vibha,journo_vibha,1
188081,Article,journo_vibha,journo_vibha,1
187953,Article,journo_vibha,journo_vibha,1
187970,Article,journo_vibha,AtulMathur_,5
188002,Article,journo_vibha,journo_vibha,1
187940,Article,journo_vibha,AtulMathur_,4
187950,Article,journo_vibha,journo_vibha,1
187933,Article,journo_vibha,AtulMathur_,6
188184,Tweet,journo_vibha,journo_vibha,1
188145,Tweet,journo_vibha,dipakdashTOI,4
188181,Tweet,journo_vibha,niyatiparikhTOI,2
188166,Tweet,journo_vibha,journo_vibha,1
188134,Tweet,journo_vibha,journo_vibha,1
188131,Tweet,journo_vibha,journo_vibha,1
188224,Tweet,journo_vibha,journo_vibha,1
188212,Tweet,journo_vibha,journo_vibha,1
188156,Tweet,journo_vibha,journo_vibha,1
188163,Tweet,journo_vibha,journo_vibha,1
188155,Tweet,journo_vibha,journo_vibha,1
188152,Tweet,journo_vibha,journo_vibha,1
188198,Tweet,journo_vibha,journo_vibha,1
188159,Tweet,journo_vibha,rishachitlangia,5
188158,Tweet,journo_vibha,journo_vibha,1
221496,Article,vivek9301,vivek9301,1
221514,Article,vivek9301,manujaveerappa,2
221641,Article,vivek9301,SunilSubaiah,4
221643,Article,vivek9301,vivek9301,1
221677,Article,vivek9301,vivek9301,1
221648,Article,vivek9301,Shilarze_SSR,3
221477,Article,vivek9301,vivek9301,1
221536,Article,vivek9301,MoharBasu,23
221487,Article,vivek9301,vivek9301,1
221667,Article,vivek9301,aniljdias,5
221675,Article,vivek9301,vivek9301,1
221516,Article,vivek9301,saumyajitbTOI,2
221493,Article,vivek9301,Pratiks_TOI,2
221490,Article,vivek9301,vivek9301,1
221694,Article,vivek9301,vivek9301,1
221769,Tweet,vivek9301,andybrassell,29
221791,Tweet,vivek9301,aniljdias,2
221761,Tweet,vivek9301,jayamenon64,365
221725,Tweet,vivek9301,aditya_bh16,13
221733,Tweet,vivek9301,aditya_bh16,2
221705,Tweet,vivek9301,jennydeluxe,328
221718,Tweet,vivek9301,vivek9301,1
221727,Tweet,vivek9301,toi_ManujaV,43
221719,Tweet,vivek9301,vivek9301,1
221713,Tweet,vivek9301,RorySmith,9
221728,Tweet,vivek9301,Pratiks_TOI,2
221785,Tweet,vivek9301,Pratiks_TOI,2
221734,Tweet,vivek9301,Pratiks_TOI,2
221756,Tweet,vivek9301,aditya_bh16,18
221778,Tweet,vivek9301,vivek9301,1
36466,Article,ElisabethMalkin,EllenBarryNYT,2
36443,Article,ElisabethMalkin,NeilMacFarquhar,3
36460,Article,ElisabethMalkin,IKershner,19
36456,Article,ElisabethMalkin,NeilMacFarquhar,28
36408,Article,ElisabethMalkin,toi_dhananjayM,73
36442,Article,ElisabethMalkin,kannoyoungs,48
36429,Article,ElisabethMalkin,NeilMacFarquhar,37
36433,Article,ElisabethMalkin,NeilMacFarquhar,37
36497,Article,ElisabethMalkin,cdcaron,48
36474,Article,ElisabethMalkin,andrewrsorkin,63
36471,Article,ElisabethMalkin,dwightgarner,28
36496,Article,ElisabethMalkin,ElisabethMalkin,1
36468,Article,ElisabethMalkin,dwightgarner,109
36448,Article,ElisabethMalkin,AnaSwanson,93
36406,Article,ElisabethMalkin,livia_ar,8
36518,Tweet,ElisabethMalkin,garyyounge,178
36550,Tweet,ElisabethMalkin,ElisabethMalkin,1
36591,Tweet,ElisabethMalkin,thrasherxy,13
36580,Tweet,ElisabethMalkin,sarahlyall,236
36500,Tweet,ElisabethMalkin,ukigoni,18
36537,Tweet,ElisabethMalkin,viasimonromero,8
36511,Tweet,ElisabethMalkin,viasimonromero,15
36519,Tweet,ElisabethMalkin,vanbadham,188
36530,Tweet,ElisabethMalkin,CeylanWrites,4
36561,Tweet,ElisabethMalkin,murarishetye,53
36524,Tweet,ElisabethMalkin,priyagupta999,19
36548,Tweet,ElisabethMalkin,carlzimmer,141
36593,Tweet,ElisabethMalkin,mlevenson,11
36528,Tweet,ElisabethMalkin,smita_mishra,22
36585,Tweet,ElisabethMalkin,ElisabethMalkin,1
19610,Article,SocialQPhilip,SocialQPhilip,1
19645,Article,SocialQPhilip,SocialQPhilip,1
19605,Article,SocialQPhilip,SocialQPhilip,1
19603,Article,SocialQPhilip,SocialQPhilip,1
19634,Article,SocialQPhilip,SocialQPhilip,1
19651,Article,SocialQPhilip,SocialQPhilip,1
19618,Article,SocialQPhilip,SocialQPhilip,1
19684,Article,SocialQPhilip,SocialQPhilip,1
19688,Article,SocialQPhilip,SocialQPhilip,1
19658,Article,SocialQPhilip,SocialQPhilip,1
19648,Article,SocialQPhilip,SocialQPhilip,1
19616,Article,SocialQPhilip,SocialQPhilip,1
19602,Article,SocialQPhilip,SocialQPhilip,1
19653,Article,SocialQPhilip,SocialQPhilip,1
19612,Article,SocialQPhilip,SocialQPhilip,1
19722,Tweet,SocialQPhilip,jwpetersNYT,78
19756,Tweet,SocialQPhilip,gailcollins,24
19759,Tweet,SocialQPhilip,cdcaron,9
19742,Tweet,SocialQPhilip,andrewrsorkin,18
19728,Tweet,SocialQPhilip,SocialQPhilip,1
19716,Tweet,SocialQPhilip,PeterTatchell,32
19775,Tweet,SocialQPhilip,OfficeGSBrown,7
19790,Tweet,SocialQPhilip,ByMattStevens,10
19720,Tweet,SocialQPhilip,SocialQPhilip,1
19714,Tweet,SocialQPhilip,richardwolffedc,16
19776,Tweet,SocialQPhilip,rondakaysen,12
19706,Tweet,SocialQPhilip,GiniaNYT,22
19795,Tweet,SocialQPhilip,sarahlyall,2
19786,Tweet,SocialQPhilip,vanbadham,5
19794,Tweet,SocialQPhilip,alanconnor,2
10241,Article,jotted,mikeives,4
10245,Article,jotted,cdcaron,30
10259,Article,jotted,mikeives,4
10261,Article,jotted,jeannasmialek,5
10200,Article,jotted,AnaSwanson,3
10216,Article,jotted,mikeives,3
10289,Article,jotted,ChuBailiang,5
10219,Article,jotted,KeithBradsher,3
10229,Article,jotted,cdcaron,16
10205,Article,jotted,AnaSwanson,4
10295,Article,jotted,julianbarnes,9
10244,Article,jotted,ChuBailiang,3
10262,Article,jotted,bencasselman,3
10253,Article,jotted,EllenBarryNYT,48
10260,Article,jotted,jotted,1
10301,Tweet,jotted,vwang3,39
10368,Tweet,jotted,charlie_savage,8
10321,Tweet,jotted,vwang3,5
10386,Tweet,jotted,SocialQPhilip,108
10381,Tweet,jotted,gabyhinsliff,70
10346,Tweet,jotted,paulkrugman,13
10341,Tweet,jotted,hugolowell,108
10332,Tweet,jotted,vanbadham,95
10303,Tweet,jotted,ChuBailiang,4
10323,Tweet,jotted,ChuBailiang,13
10357,Tweet,jotted,suilee,18
10324,Tweet,jotted,carlzimmer,15
10396,Tweet,jotted,vwang3,24
10375,Tweet,jotted,vwang3,7
10318,Tweet,jotted,vwang3,4
213844,Article,sudhanshub16,DekaJayanta,35
213772,Article,sudhanshub16,Shrivathsan1437,4
213837,Article,sudhanshub16,aniljdias,4
213821,Article,sudhanshub16,aniljdias,21
213827,Article,sudhanshub16,aniljdias,77
213810,Article,sudhanshub16,rajendrasTOI,31
213779,Article,sudhanshub16,aniljdias,10
213767,Article,sudhanshub16,aniljdias,5
213823,Article,sudhanshub16,vivek9301,16
213825,Article,sudhanshub16,SribaalaVTOI,23
213795,Article,sudhanshub16,DekaJayanta,18
213774,Article,sudhanshub16,yusrahusain,20
213839,Article,sudhanshub16,Pratiks_TOI,11
213842,Article,sudhanshub16,aniljdias,8
213843,Article,sudhanshub16,aniljdias,27
213867,Tweet,sudhanshub16,meeravohraTOI,53
213916,Tweet,sudhanshub16,ChaitanyadTOI,15
213938,Tweet,sudhanshub16,joshwiddicombe,123
213909,Tweet,sudhanshub16,priyagupta999,7
213927,Tweet,sudhanshub16,Arun_Ram,27
213847,Tweet,sudhanshub16,aditya_bh16,16
213913,Tweet,sudhanshub16,elizabday,137
213902,Tweet,sudhanshub16,jayamenon64,29
213863,Tweet,sudhanshub16,divyapal2013,60
213925,Tweet,sudhanshub16,ShrinivasaMTOI,105
213891,Tweet,sudhanshub16,saumyajitbTOI,146
213919,Tweet,sudhanshub16,BenRothenberg,44
213894,Tweet,sudhanshub16,priyagupta999,2
213848,Tweet,sudhanshub16,polblonde,79
213917,Tweet,sudhanshub16,ChaitanyadTOI,11
17463,Article,RichardFausset,npfandos,7
17450,Article,RichardFausset,lukebroadwater,11
17468,Article,RichardFausset,RichardFausset,1
17402,Article,RichardFausset,hillhulse,7
17464,Article,RichardFausset,RichardFausset,1
17413,Article,RichardFausset,samrob12,6
17477,Article,RichardFausset,NeilMacFarquhar,3
17472,Article,RichardFausset,EllenBarryNYT,60
17439,Article,RichardFausset,charlie_savage,6
17400,Article,RichardFausset,PatriciaMazzei,5
17423,Article,RichardFausset,RichardFausset,1
17451,Article,RichardFausset,RichardFausset,1
17482,Article,RichardFausset,RichardFausset,1
17440,Article,RichardFausset,RichardFausset,1
17406,Article,RichardFausset,noamscheiber,10
17511,Tweet,RichardFausset,mlevenson,79
17571,Tweet,RichardFausset,juliarebeccaj,77
17539,Tweet,RichardFausset,paulkrugman,2
17596,Tweet,RichardFausset,vvfriedman,188
17579,Tweet,RichardFausset,RichardFausset,1
17527,Tweet,RichardFausset,charlie_savage,2
17586,Tweet,RichardFausset,npfandos,3
17510,Tweet,RichardFausset,RichardFausset,1
17551,Tweet,RichardFausset,wesley_morris,64
17503,Tweet,RichardFausset,RichardFausset,1
17561,Tweet,RichardFausset,vanbadham,153
17570,Tweet,RichardFausset,RichardFausset,1
17537,Tweet,RichardFausset,RichardFausset,1
17592,Tweet,RichardFausset,RichardFausset,1
17525,Tweet,RichardFausset,RichardFausset,1
6458,Article,DouthatNYT,DouthatNYT,1
6409,Article,DouthatNYT,hillhulse,3
6433,Article,DouthatNYT,hillhulse,5
6428,Article,DouthatNYT,DouthatNYT,1
6423,Article,DouthatNYT,julianbarnes,11
6481,Article,DouthatNYT,ianrausten,3
6462,Article,DouthatNYT,DouthatNYT,1
6448,Article,DouthatNYT,RichardFausset,7
6408,Article,DouthatNYT,hillhulse,10
6427,Article,DouthatNYT,NeilMacFarquhar,2
6470,Article,DouthatNYT,DouthatNYT,1
6429,Article,DouthatNYT,DouthatNYT,1
6493,Article,DouthatNYT,DouthatNYT,1
6492,Article,DouthatNYT,EllenBarryNYT,75
6402,Article,DouthatNYT,DouthatNYT,1
6532,Tweet,DouthatNYT,DouthatNYT,1
6545,Tweet,DouthatNYT,tomfriedman,191
6519,Tweet,DouthatNYT,wesley_morris,31
6509,Tweet,DouthatNYT,DouthatNYT,1
6505,Tweet,DouthatNYT,DouthatNYT,1
6518,Tweet,DouthatNYT,DouthatNYT,1
6524,Tweet,DouthatNYT,DouthatNYT,1
6543,Tweet,DouthatNYT,benkenigsberg,6
6579,Tweet,DouthatNYT,benkenigsberg,4
6578,Tweet,DouthatNYT,charlie_savage,239
6587,Tweet,DouthatNYT,DouthatNYT,1
6563,Tweet,DouthatNYT,tomfriedman,268
6557,Tweet,DouthatNYT,DouthatNYT,1
6539,Tweet,DouthatNYT,DouthatNYT,1
6589,Tweet,DouthatNYT,DouthatNYT,1
29013,Article,parul_sehgal,dwightgarner,4
29021,Article,parul_sehgal,dwightgarner,8
29095,Article,parul_sehgal,dwightgarner,2
29054,Article,parul_sehgal,dwightgarner,2
29063,Article,parul_sehgal,dwightgarner,2
29065,Article,parul_sehgal,dwightgarner,2
29071,Article,parul_sehgal,dwightgarner,2
29094,Article,parul_sehgal,dwightgarner,2
29022,Article,parul_sehgal,parul_sehgal,1
29038,Article,parul_sehgal,dwightgarner,4
29014,Article,parul_sehgal,dwightgarner,2
29049,Article,parul_sehgal,dwightgarner,2
29097,Article,parul_sehgal,dwightgarner,2
29055,Article,parul_sehgal,dwightgarner,2
29025,Article,parul_sehgal,dwightgarner,2
29123,Tweet,parul_sehgal,msrachelcooke,46
29145,Tweet,parul_sehgal,allegramcevedy,110
29161,Tweet,parul_sehgal,ollywainwright,108
29118,Tweet,parul_sehgal,Mahafreed_Irani,327
29173,Tweet,parul_sehgal,sarahlyall,3
29176,Tweet,parul_sehgal,GiniaNYT,6
29171,Tweet,parul_sehgal,msrachelcooke,39
29192,Tweet,parul_sehgal,alanconnor,48
29113,Tweet,parul_sehgal,jennydeluxe,23
29142,Tweet,parul_sehgal,sarfrazmanzoor,17
29137,Tweet,parul_sehgal,joshwiddicombe,163
29160,Tweet,parul_sehgal,vvfriedman,142
29157,Tweet,parul_sehgal,mariellaf1,75
29198,Tweet,parul_sehgal,alanconnor,56
29150,Tweet,parul_sehgal,polblonde,139
22040,Article,jestei,julianbarnes,10
22034,Article,jestei,apoorva_nyc,17
22031,Article,jestei,helenecooper,5
22005,Article,jestei,NeilMacFarquhar,28
22097,Article,jestei,ESCochrane,23
22044,Article,jestei,pete_wells,26
22095,Article,jestei,helenecooper,11
22041,Article,jestei,jestei,1
22092,Article,jestei,NeilMacFarquhar,6
22016,Article,jestei,jestei,1
22043,Article,jestei,apoorva_nyc,10
22042,Article,jestei,apoorva_nyc,9
22066,Article,jestei,julianbarnes,28
22056,Article,jestei,pete_wells,3
22009,Article,jestei,hillhulse,7
22169,Tweet,jestei,AlysFowler,37
22123,Tweet,jestei,SharonLNYT,173
22148,Tweet,jestei,ollywainwright,178
22168,Tweet,jestei,EmmaBubola,109
22117,Tweet,jestei,richardwolffedc,108
22170,Tweet,jestei,EVincentelli,66
22147,Tweet,jestei,tejalrao,30
22143,Tweet,jestei,lukeharding1968,234
22139,Tweet,jestei,annanorthtweets,122
22144,Tweet,jestei,NYTLiz,4
22167,Tweet,jestei,jbouie,52
22164,Tweet,jestei,vanbadham,202
22153,Tweet,jestei,apoorva_nyc,11
22152,Tweet,jestei,jbouie,18
22163,Tweet,jestei,we_are_food,88
18878,Article,SharonLNYT,SharonLNYT,1
18872,Article,SharonLNYT,NeilMacFarquhar,6
18847,Article,SharonLNYT,julianbarnes,38
18868,Article,SharonLNYT,SharonLNYT,1
18805,Article,SharonLNYT,nytmike,4
18809,Article,SharonLNYT,NeilMacFarquhar,61
18817,Article,SharonLNYT,apoorva_nyc,2
18896,Article,SharonLNYT,BenWeiserNYT,5
18815,Article,SharonLNYT,nytmike,6
18839,Article,SharonLNYT,SharonLNYT,1
18802,Article,SharonLNYT,SharonLNYT,1
18811,Article,SharonLNYT,SharonLNYT,1
18879,Article,SharonLNYT,adamliptak,3
18852,Article,SharonLNYT,NeilMacFarquhar,12
18837,Article,SharonLNYT,SharonLNYT,1
18976,Tweet,SharonLNYT,SherylNYT,2
18953,Tweet,SharonLNYT,nytmike,6
18990,Tweet,SharonLNYT,SharonLNYT,1
18908,Tweet,SharonLNYT,vwang3,8
18997,Tweet,SharonLNYT,nytDeniseGrady,4
18923,Tweet,SharonLNYT,nytDeniseGrady,2
18964,Tweet,SharonLNYT,PamBelluck,40
18913,Tweet,SharonLNYT,SharonLNYT,1
18906,Tweet,SharonLNYT,SharonLNYT,1
18962,Tweet,SharonLNYT,SharonLNYT,1
18973,Tweet,SharonLNYT,alexanderburns,9
18984,Tweet,SharonLNYT,SharonLNYT,1
18999,Tweet,SharonLNYT,SharonLNYT,1
18987,Tweet,SharonLNYT,kenvogel,5
18958,Tweet,SharonLNYT,BenWeiserNYT,7
180071,Article,debaratisen,andybrassell,17
179967,Article,debaratisen,EVincentelli,13
180029,Article,debaratisen,debaratisen,1
180106,Article,debaratisen,meeravohraTOI,7
180144,Article,debaratisen,meeravohraTOI,3
179924,Article,debaratisen,LauraCummingArt,29
180076,Article,debaratisen,debaratisen,1
180070,Article,debaratisen,debaratisen,1
179960,Article,debaratisen,parthasinha,135
180103,Article,debaratisen,ThevarSteffy,4
179922,Article,debaratisen,debaratisen,1
180010,Article,debaratisen,garyyounge,17
180021,Article,debaratisen,NewtonSTOI,155
179927,Article,debaratisen,debaratisen,1
180003,Article,debaratisen,LauraCummingArt,13
180179,Tweet,debaratisen,priyagupta999,2
180187,Tweet,debaratisen,priyagupta999,2
180201,Tweet,debaratisen,smita_mishra,5
180194,Tweet,debaratisen,somitsenTOI,184
180228,Tweet,debaratisen,debaratisen,1
180250,Tweet,debaratisen,priyagupta999,7
180168,Tweet,debaratisen,debaratisen,1
180226,Tweet,debaratisen,MarcusMergulhao,22
180191,Tweet,debaratisen,priyagupta999,5
180183,Tweet,debaratisen,aleksk,2
180227,Tweet,debaratisen,meeravohraTOI,2
180219,Tweet,debaratisen,sermoninstone,2
180235,Tweet,debaratisen,meeravohraTOI,3
180198,Tweet,debaratisen,smita_mishra,2
180177,Tweet,debaratisen,MoharBasu,3
27837,Article,ceciliakang,AnaSwanson,3
27897,Article,ceciliakang,AnaSwanson,8
27806,Article,ceciliakang,samrob12,44
27839,Article,ceciliakang,NeilMacFarquhar,62
27855,Article,ceciliakang,noamscheiber,8
27896,Article,ceciliakang,BenWeiserNYT,40
27863,Article,ceciliakang,AnaSwanson,2
27804,Article,ceciliakang,julianbarnes,4
27877,Article,ceciliakang,NeilMacFarquhar,41
27835,Article,ceciliakang,julianbarnes,41
27812,Article,ceciliakang,adamliptak,4
27832,Article,ceciliakang,noamscheiber,8
27885,Article,ceciliakang,ceciliakang,1
27879,Article,ceciliakang,AnaSwanson,3
27825,Article,ceciliakang,NeilMacFarquhar,35
27926,Tweet,ceciliakang,jonronson,182
27976,Tweet,ceciliakang,JohnJCrace,265
27906,Tweet,ceciliakang,nmcintosh,102
27913,Tweet,ceciliakang,jennydeluxe,244
27933,Tweet,ceciliakang,desaisantosh,50
27911,Tweet,ceciliakang,ceciliakang,1
27956,Tweet,ceciliakang,msrachelcooke,174
27945,Tweet,ceciliakang,gailcollins,9
27923,Tweet,ceciliakang,richardwolffedc,18
27951,Tweet,ceciliakang,vwang3,3
27990,Tweet,ceciliakang,NYTimesCohen,52
27924,Tweet,ceciliakang,richardwolffedc,73
27903,Tweet,ceciliakang,LauraCummingArt,254
27984,Tweet,ceciliakang,sarahditum,142
27964,Tweet,ceciliakang,davidleighx,3
480,Article,alexanderburns,hillhulse,7
458,Article,alexanderburns,npfandos,2
452,Article,alexanderburns,ShaneGoldmacher,2
457,Article,alexanderburns,hillhulse,9
440,Article,alexanderburns,alexanderburns,1
438,Article,alexanderburns,hillhulse,18
489,Article,alexanderburns,kenvogel,13
412,Article,alexanderburns,lukebroadwater,16
453,Article,alexanderburns,anniekarni,8
439,Article,alexanderburns,alexanderburns,1
428,Article,alexanderburns,hillhulse,4
462,Article,alexanderburns,hillhulse,15
445,Article,alexanderburns,hillhulse,4
499,Article,alexanderburns,hillhulse,7
442,Article,alexanderburns,hillhulse,5
540,Tweet,alexanderburns,paulmasonnews,4
558,Tweet,alexanderburns,reidepstein,6
539,Tweet,alexanderburns,reidepstein,2
591,Tweet,alexanderburns,peterbakernyt,12
554,Tweet,alexanderburns,alexanderburns,1
512,Tweet,alexanderburns,MaggieAstor,14
598,Tweet,alexanderburns,jwpetersNYT,3
532,Tweet,alexanderburns,lukebroadwater,13
524,Tweet,alexanderburns,paulmasonnews,2
562,Tweet,alexanderburns,nytDeniseGrady,54
545,Tweet,alexanderburns,alexanderburns,1
583,Tweet,alexanderburns,nnougayrede,14
570,Tweet,alexanderburns,richardwolffedc,6
573,Tweet,alexanderburns,SherylNYT,20
515,Tweet,alexanderburns,vwang3,193
71819,Article,Bencjacobs,hugolowell,3
71866,Article,Bencjacobs,richardwolffedc,31
71785,Article,Bencjacobs,VivianHo,14
71978,Article,Bencjacobs,hugolowell,2
71852,Article,Bencjacobs,NilsPratley,4
71989,Article,Bencjacobs,hugolowell,5
72009,Article,Bencjacobs,hugolowell,2
71949,Article,Bencjacobs,hillhulse,5
71914,Article,Bencjacobs,JohnJCrace,13
71994,Article,Bencjacobs,JohnJCrace,10
71959,Article,Bencjacobs,hillhulse,4
71805,Article,Bencjacobs,hugolowell,2
71974,Article,Bencjacobs,ewenmacaskill,2
71783,Article,Bencjacobs,andybrassell,40
71943,Article,Bencjacobs,OLIVERBALCH,45
72083,Tweet,Bencjacobs,jbouie,9
72255,Tweet,Bencjacobs,sarahlyall,69
72203,Tweet,Bencjacobs,GiniaNYT,171
72268,Tweet,Bencjacobs,jbouie,17
72098,Tweet,Bencjacobs,ShaneGoldmacher,20
72142,Tweet,Bencjacobs,richardwolffedc,5
72017,Tweet,Bencjacobs,JohnJCrace,16
72238,Tweet,Bencjacobs,wesley_morris,218
72097,Tweet,Bencjacobs,garyyounge,130
72079,Tweet,Bencjacobs,msrachelcooke,14
72267,Tweet,Bencjacobs,SharonLNYT,149
72044,Tweet,Bencjacobs,MonaChalabi,149
72208,Tweet,Bencjacobs,Bencjacobs,1
72257,Tweet,Bencjacobs,richardwolffedc,28
72076,Tweet,Bencjacobs,richardwolffedc,75
17868,Article,rondakaysen,AlysFowler,8
17843,Article,rondakaysen,dwightgarner,5
17867,Article,rondakaysen,rondakaysen,1
17800,Article,rondakaysen,pete_wells,2
17801,Article,rondakaysen,rondakaysen,1
17824,Article,rondakaysen,rondakaysen,1
17827,Article,rondakaysen,DavidWaldstein,19
17805,Article,rondakaysen,benkenigsberg,46
17828,Article,rondakaysen,rondakaysen,1
17830,Article,rondakaysen,rondakaysen,1
17882,Article,rondakaysen,cdcaron,27
17847,Article,rondakaysen,rondakaysen,1
17811,Article,rondakaysen,rondakaysen,1
17821,Article,rondakaysen,rondakaysen,1
17857,Article,rondakaysen,rondakaysen,1
17964,Tweet,rondakaysen,SharonLNYT,269
17915,Tweet,rondakaysen,msrachelcooke,29
17981,Tweet,rondakaysen,andrewrsorkin,5
17977,Tweet,rondakaysen,msrachelcooke,12
17972,Tweet,rondakaysen,margaretrenkl,11
17943,Tweet,rondakaysen,PerriKlass,5
17982,Tweet,rondakaysen,DanBilefsky,31
17965,Tweet,rondakaysen,alanconnor,17
17989,Tweet,rondakaysen,dionnesearcey,76
17969,Tweet,rondakaysen,rpogrebin,18
17983,Tweet,rondakaysen,SocialQPhilip,3
17949,Tweet,rondakaysen,tejalrao,28
17923,Tweet,rondakaysen,joshwiddicombe,4
17904,Tweet,rondakaysen,msrachelcooke,71
17910,Tweet,rondakaysen,tarasbernard,6
5650,Article,DanBilefsky,ianrausten,17
5629,Article,DanBilefsky,pete_wells,20
5648,Article,DanBilefsky,NeilMacFarquhar,5
5617,Article,DanBilefsky,NeilMacFarquhar,24
5612,Article,DanBilefsky,NeilMacFarquhar,23
5651,Article,DanBilefsky,mikeives,33
5678,Article,DanBilefsky,mikeives,5
5630,Article,DanBilefsky,NeilMacFarquhar,2
5680,Article,DanBilefsky,NeilMacFarquhar,29
5660,Article,DanBilefsky,jotted,17
5613,Article,DanBilefsky,GiniaNYT,48
5604,Article,DanBilefsky,ianrausten,19
5619,Article,DanBilefsky,EllenBarryNYT,58
5684,Article,DanBilefsky,cdcaron,35
5682,Article,DanBilefsky,NeilMacFarquhar,11
5770,Tweet,DanBilefsky,antontroian,10
5754,Tweet,DanBilefsky,mlevenson,2
5782,Tweet,DanBilefsky,DanBilefsky,1
5778,Tweet,DanBilefsky,ericschmittnyt,15
5797,Tweet,DanBilefsky,joncaramanica,19
5744,Tweet,DanBilefsky,lukeharding1968,7
5791,Tweet,DanBilefsky,ByMattStevens,24
5743,Tweet,DanBilefsky,DanBilefsky,1
5793,Tweet,DanBilefsky,cdcaron,33
5713,Tweet,DanBilefsky,vwang3,20
5750,Tweet,DanBilefsky,antontroian,8
5712,Tweet,DanBilefsky,DanBilefsky,1
5724,Tweet,DanBilefsky,DanBilefsky,1
5775,Tweet,DanBilefsky,lukeharding1968,8
5786,Tweet,DanBilefsky,DanBilefsky,1
27260,Article,kannoyoungs,NeilMacFarquhar,4
27209,Article,kannoyoungs,julianbarnes,4
27222,Article,kannoyoungs,helenecooper,2
27273,Article,kannoyoungs,AnaSwanson,10
27298,Article,kannoyoungs,cdcaron,2
27297,Article,kannoyoungs,helenecooper,4
27257,Article,kannoyoungs,andrewrsorkin,5
27210,Article,kannoyoungs,julianbarnes,2
27213,Article,kannoyoungs,nytmike,4
27254,Article,kannoyoungs,kannoyoungs,1
27206,Article,kannoyoungs,AnaSwanson,4
27279,Article,kannoyoungs,kannoyoungs,1
27219,Article,kannoyoungs,kannoyoungs,1
27227,Article,kannoyoungs,AnaSwanson,23
27214,Article,kannoyoungs,kannoyoungs,1
27334,Tweet,kannoyoungs,kenvogel,40
27305,Tweet,kannoyoungs,richardwolffedc,56
27394,Tweet,kannoyoungs,LauraCummingArt,272
27335,Tweet,kannoyoungs,ewong,5
27300,Tweet,kannoyoungs,tripgabriel,71
27379,Tweet,kannoyoungs,SharonLNYT,9
27368,Tweet,kannoyoungs,peterbakernyt,75
27382,Tweet,kannoyoungs,SharonLNYT,10
27349,Tweet,kannoyoungs,DawnHFoster,128
27320,Tweet,kannoyoungs,Lattif,196
27370,Tweet,kannoyoungs,helenecooper,2
27376,Tweet,kannoyoungs,aleksk,174
27383,Tweet,kannoyoungs,mariellaf1,182
27306,Tweet,kannoyoungs,michaelcrowley,35
27328,Tweet,kannoyoungs,NYTLiz,85
176903,Article,Banjotkaur,rajendrasTOI,3
176795,Article,Banjotkaur,Banjotkaur,1
176983,Article,Banjotkaur,AditiZero,2
176956,Article,Banjotkaur,NewtonSTOI,2
176777,Article,Banjotkaur,SumitraDebRoy,6
176772,Article,Banjotkaur,Banjotkaur,1
176810,Article,Banjotkaur,ThevarSteffy,4
176976,Article,Banjotkaur,rajendrasTOI,9
176782,Article,Banjotkaur,rebeccaSTOI,3
176812,Article,Banjotkaur,ThevarSteffy,4
176827,Article,Banjotkaur,AditiZero,4
176938,Article,Banjotkaur,Banjotkaur,1
176992,Article,Banjotkaur,SyedAkbarTOI,4
176923,Article,Banjotkaur,Banjotkaur,1
176977,Article,Banjotkaur,SumitraDebRoy,6
177025,Tweet,Banjotkaur,carlzimmer,35
177027,Tweet,Banjotkaur,LauraCummingArt,131
177038,Tweet,Banjotkaur,PeterTatchell,227
177015,Tweet,Banjotkaur,jayamenon64,46
177089,Tweet,Banjotkaur,pradeeptTOI,68
177053,Tweet,Banjotkaur,sushmi_dey,14
177077,Tweet,Banjotkaur,dklavaniaTOI,66
177058,Tweet,Banjotkaur,Banjotkaur,1
177019,Tweet,Banjotkaur,durgeshjhaTOI,98
177051,Tweet,Banjotkaur,priyagupta999,78
177050,Tweet,Banjotkaur,Gauraw2297,105
177026,Tweet,Banjotkaur,jennydeluxe,51
177028,Tweet,Banjotkaur,jayamenon64,111
177056,Tweet,Banjotkaur,GiniaNYT,24
177060,Tweet,Banjotkaur,MKSinghGkp,15
17046,Article,RaphaelMinder,RaphaelMinder,1
17002,Article,RaphaelMinder,PatrickKingsley,13
17075,Article,RaphaelMinder,RaphaelMinder,1
17026,Article,RaphaelMinder,RaphaelMinder,1
17073,Article,RaphaelMinder,NeilMacFarquhar,7
17093,Article,RaphaelMinder,RaphaelMinder,1
17027,Article,RaphaelMinder,RaphaelMinder,1
17022,Article,RaphaelMinder,RaphaelMinder,1
17007,Article,RaphaelMinder,smbahr14,7
17098,Article,RaphaelMinder,RaphaelMinder,1
17070,Article,RaphaelMinder,RaphaelMinder,1
17032,Article,RaphaelMinder,RaphaelMinder,1
17067,Article,RaphaelMinder,mikeives,4
17077,Article,RaphaelMinder,noamscheiber,2
17031,Article,RaphaelMinder,SyedAkbarTOI,2
17156,Tweet,RaphaelMinder,davidleighx,2
17155,Tweet,RaphaelMinder,debaratisen,9
17170,Tweet,RaphaelMinder,RaphaelMinder,1
17109,Tweet,RaphaelMinder,RaphaelMinder,1
17110,Tweet,RaphaelMinder,RaphaelMinder,1
17136,Tweet,RaphaelMinder,vwang3,7
17166,Tweet,RaphaelMinder,RaphaelMinder,1
17198,Tweet,RaphaelMinder,NYTimesCohen,26
17197,Tweet,RaphaelMinder,RaphaelMinder,1
17118,Tweet,RaphaelMinder,PamBelluck,11
17112,Tweet,RaphaelMinder,RaphaelMinder,1
17100,Tweet,RaphaelMinder,MattFutterman,2
17140,Tweet,RaphaelMinder,RaphaelMinder,1
17182,Tweet,RaphaelMinder,RaphaelMinder,1
17114,Tweet,RaphaelMinder,RaphaelMinder,1
29607,Article,EmilyAnthes,apoorva_nyc,2
29685,Article,EmilyAnthes,apoorva_nyc,3
29606,Article,EmilyAnthes,apoorva_nyc,5
29666,Article,EmilyAnthes,apoorva_nyc,2
29619,Article,EmilyAnthes,apoorva_nyc,4
29636,Article,EmilyAnthes,julianbarnes,6
29684,Article,EmilyAnthes,apoorva_nyc,2
29627,Article,EmilyAnthes,apoorva_nyc,8
29655,Article,EmilyAnthes,SharonLNYT,15
29688,Article,EmilyAnthes,apoorva_nyc,2
29692,Article,EmilyAnthes,carlzimmer,3
29623,Article,EmilyAnthes,apoorva_nyc,9
29602,Article,EmilyAnthes,apoorva_nyc,5
29635,Article,EmilyAnthes,apoorva_nyc,2
29618,Article,EmilyAnthes,apoorva_nyc,10
29702,Tweet,EmilyAnthes,gailcollins,70
29706,Tweet,EmilyAnthes,PamBelluck,3
29745,Tweet,EmilyAnthes,GiniaNYT,56
29769,Tweet,EmilyAnthes,annanorthtweets,17
29710,Tweet,EmilyAnthes,carlzimmer,3
29716,Tweet,EmilyAnthes,GiniaNYT,15
29759,Tweet,EmilyAnthes,gailcollins,88
29750,Tweet,EmilyAnthes,jennydeluxe,98
29703,Tweet,EmilyAnthes,EmilyAnthes,1
29718,Tweet,EmilyAnthes,PamBelluck,26
29725,Tweet,EmilyAnthes,jennydeluxe,77
29717,Tweet,EmilyAnthes,jennydeluxe,65
29795,Tweet,EmilyAnthes,andrewrsorkin,6
29787,Tweet,EmilyAnthes,LauraCummingArt,90
29720,Tweet,EmilyAnthes,carlzimmer,11
15684,Article,nytdavidbrooks,DouthatNYT,15
15670,Article,nytdavidbrooks,cdcaron,30
15689,Article,nytdavidbrooks,DouthatNYT,16
15630,Article,nytdavidbrooks,NeilMacFarquhar,52
15629,Article,nytdavidbrooks,DouthatNYT,14
15631,Article,nytdavidbrooks,DouthatNYT,14
15681,Article,nytdavidbrooks,DouthatNYT,18
15626,Article,nytdavidbrooks,DouthatNYT,70
15661,Article,nytdavidbrooks,NeilMacFarquhar,151
15682,Article,nytdavidbrooks,andrewrsorkin,8
15673,Article,nytdavidbrooks,DouthatNYT,29
15615,Article,nytdavidbrooks,DouthatNYT,22
15657,Article,nytdavidbrooks,ESCochrane,62
15665,Article,nytdavidbrooks,DouthatNYT,7
15677,Article,nytdavidbrooks,DouthatNYT,8
15708,Tweet,nytdavidbrooks,jimtankersley,14
15753,Tweet,nytdavidbrooks,noamscheiber,11
15774,Tweet,nytdavidbrooks,jwpetersNYT,33
15714,Tweet,nytdavidbrooks,dwightgarner,50
15766,Tweet,nytdavidbrooks,joncaramanica,18
15790,Tweet,nytdavidbrooks,paulmasonnews,32
15725,Tweet,nytdavidbrooks,nytdavidbrooks,1
15731,Tweet,nytdavidbrooks,vwang3,22
15778,Tweet,nytdavidbrooks,jmart,2
15756,Tweet,nytdavidbrooks,dwightgarner,40
15739,Tweet,nytdavidbrooks,nytdavidbrooks,1
15773,Tweet,nytdavidbrooks,PerriKlass,4
15788,Tweet,nytdavidbrooks,apoorva_nyc,58
15705,Tweet,nytdavidbrooks,alexanderburns,5
15734,Tweet,nytdavidbrooks,tomfriedman,3
184159,Article,GovindKMaadTOI,yusrahusain,8
184106,Article,GovindKMaadTOI,SidharthB25,13
184197,Article,GovindKMaadTOI,OLIVERBALCH,89
184230,Article,GovindKMaadTOI,rajendrasTOI,16
184187,Article,GovindKMaadTOI,rajendrasTOI,2
184151,Article,GovindKMaadTOI,AmritadTOI,14
184047,Article,GovindKMaadTOI,SidharthB25,20
184023,Article,GovindKMaadTOI,NewtonSTOI,2
184119,Article,GovindKMaadTOI,rajendrasTOI,3
184144,Article,GovindKMaadTOI,SumitraDebRoy,21
184209,Article,GovindKMaadTOI,Crime_Selvaraj,44
184129,Article,GovindKMaadTOI,NewtonSTOI,34
184078,Article,GovindKMaadTOI,AjayUgrasTOI,63
184037,Article,GovindKMaadTOI,GovindKMaadTOI,1
184172,Article,GovindKMaadTOI,NewtonSTOI,3
184340,Tweet,GovindKMaadTOI,smita_mishra,30
184313,Tweet,GovindKMaadTOI,murarishetyeTOI,8
184345,Tweet,GovindKMaadTOI,murarishetyeTOI,2
184317,Tweet,GovindKMaadTOI,EmmaBubola,211
184338,Tweet,GovindKMaadTOI,murarishetye,29
184356,Tweet,GovindKMaadTOI,murarishetyeTOI,10
184310,Tweet,GovindKMaadTOI,murarishetyeTOI,12
184335,Tweet,GovindKMaadTOI,somitsenTOI,20
184321,Tweet,GovindKMaadTOI,smita_mishra,3
184329,Tweet,GovindKMaadTOI,BhanupratapsTOI,11
184307,Tweet,GovindKMaadTOI,murarishetye,35
184339,Tweet,GovindKMaadTOI,murarishetyeTOI,28
184341,Tweet,GovindKMaadTOI,bindiyachariTOI,20
184347,Tweet,GovindKMaadTOI,sermoninstone,158
184283,Tweet,GovindKMaadTOI,bindiyachariTOI,13
201152,Article,PhanindraP_TNIE,PhanindraP_TNIE,1
201191,Article,PhanindraP_TNIE,ManjuVTOI,2
201254,Article,PhanindraP_TNIE,ShrinivasaMTOI,3
201232,Article,PhanindraP_TNIE,SribaalaVTOI,4
201194,Article,PhanindraP_TNIE,PhanindraP_TNIE,1
201229,Article,PhanindraP_TNIE,PhanindraP_TNIE,1
201141,Article,PhanindraP_TNIE,PhanindraP_TNIE,1
201199,Article,PhanindraP_TNIE,PhanindraP_TNIE,1
201164,Article,PhanindraP_TNIE,PhanindraP_TNIE,1
201233,Article,PhanindraP_TNIE,PhanindraP_TNIE,1
201253,Article,PhanindraP_TNIE,PhanindraP_TNIE,1
201151,Article,PhanindraP_TNIE,KanwardeepsTOI,11
201183,Article,PhanindraP_TNIE,yusrahusain,10
201133,Article,PhanindraP_TNIE,PhanindraP_TNIE,1
201222,Article,PhanindraP_TNIE,PhanindraP_TNIE,1
201317,Tweet,PhanindraP_TNIE,PNaveenTOI,11
201269,Tweet,PhanindraP_TNIE,sermoninstone,33
201263,Tweet,PhanindraP_TNIE,priyagupta999,124
201259,Tweet,PhanindraP_TNIE,priyagupta999,55
201275,Tweet,PhanindraP_TNIE,smita_mishra,27
201291,Tweet,PhanindraP_TNIE,SindhukTOI,5
201272,Tweet,PhanindraP_TNIE,andybrassell,189
201300,Tweet,PhanindraP_TNIE,priyagupta999,143
201292,Tweet,PhanindraP_TNIE,advityabahlTOI,20
201283,Tweet,PhanindraP_TNIE,priyagupta999,50
201286,Tweet,PhanindraP_TNIE,maheshbTOI,4
201301,Tweet,PhanindraP_TNIE,LauraCummingArt,101
201280,Tweet,PhanindraP_TNIE,PjJoychen,6
201307,Tweet,PhanindraP_TNIE,DekaJayanta,37
201279,Tweet,PhanindraP_TNIE,priyagupta999,5
26467,Article,michaelcrowley,michaelcrowley,1
26411,Article,michaelcrowley,helenecooper,4
26433,Article,michaelcrowley,michaelcrowley,1
26461,Article,michaelcrowley,EllenBarryNYT,165
26407,Article,michaelcrowley,EllenBarryNYT,49
26409,Article,michaelcrowley,NeilMacFarquhar,2
26405,Article,michaelcrowley,michaelcrowley,1
26421,Article,michaelcrowley,michaelcrowley,1
26423,Article,michaelcrowley,michaelcrowley,1
26434,Article,michaelcrowley,michaelcrowley,1
26424,Article,michaelcrowley,anniekarni,14
26455,Article,michaelcrowley,michaelcrowley,1
26417,Article,michaelcrowley,anniekarni,5
26408,Article,michaelcrowley,EllenBarryNYT,72
26426,Article,michaelcrowley,antontroian,2
26592,Tweet,michaelcrowley,antontroian,2
26597,Tweet,michaelcrowley,desaisantosh,176
26589,Tweet,michaelcrowley,polblonde,220
26515,Tweet,michaelcrowley,nytmike,3
26586,Tweet,michaelcrowley,jmart,30
26504,Tweet,michaelcrowley,EllenBarryNYT,22
26505,Tweet,michaelcrowley,npwcnn,5
26527,Tweet,michaelcrowley,Mahafreed_Irani,144
26578,Tweet,michaelcrowley,ewong,7
26579,Tweet,michaelcrowley,sermoninstone,396
26583,Tweet,michaelcrowley,stevenerlanger,5
26539,Tweet,michaelcrowley,attackerman,10
26573,Tweet,michaelcrowley,EmmaBubola,2
26584,Tweet,michaelcrowley,michaelcrowley,1
26598,Tweet,michaelcrowley,vwang3,43
14230,Article,mlevenson,NeilMacFarquhar,74
14273,Article,mlevenson,NeilMacFarquhar,2
14259,Article,mlevenson,NeilMacFarquhar,11
14290,Article,mlevenson,NeilMacFarquhar,110
14268,Article,mlevenson,BenWeiserNYT,6
14288,Article,mlevenson,noamscheiber,33
14236,Article,mlevenson,NeilMacFarquhar,10
14208,Article,mlevenson,tariqpanja,93
14210,Article,mlevenson,lukebroadwater,17
14248,Article,mlevenson,cdcaron,99
14238,Article,mlevenson,BenWeiserNYT,14
14286,Article,mlevenson,NeilMacFarquhar,7
14232,Article,mlevenson,livia_ar,9
14203,Article,mlevenson,RichardFausset,36
14242,Article,mlevenson,apoorva_nyc,287
14349,Tweet,mlevenson,richardwolffedc,69
14331,Tweet,mlevenson,bylizrobbins,66
14335,Tweet,mlevenson,BellaKwai,5
14316,Tweet,mlevenson,viasimonromero,2
14329,Tweet,mlevenson,mlevenson,1
14307,Tweet,mlevenson,davidleighx,8
14389,Tweet,mlevenson,lukeharding1968,27
14398,Tweet,mlevenson,antontroian,16
14395,Tweet,mlevenson,livia_ar,2
14310,Tweet,mlevenson,mlevenson,1
14380,Tweet,mlevenson,rpogrebin,74
14375,Tweet,mlevenson,SharonLNYT,16
14323,Tweet,mlevenson,PamBelluck,3
14315,Tweet,mlevenson,zwoolfe,52
14317,Tweet,mlevenson,lukeharding1968,20
13613,Article,MichaelPaulson,MichaelPaulson,1
13681,Article,MichaelPaulson,MichaelPaulson,1
13622,Article,MichaelPaulson,MichaelPaulson,1
13639,Article,MichaelPaulson,MichaelPaulson,1
13610,Article,MichaelPaulson,MichaelPaulson,1
13617,Article,MichaelPaulson,ASoloski,13
13659,Article,MichaelPaulson,MichaelPaulson,1
13645,Article,MichaelPaulson,MichaelPaulson,1
13623,Article,MichaelPaulson,MichaelPaulson,1
13677,Article,MichaelPaulson,NeilMacFarquhar,74
13605,Article,MichaelPaulson,MichaelPaulson,1
13674,Article,MichaelPaulson,ditzkoff,11
13606,Article,MichaelPaulson,RachelDonadio,116
13658,Article,MichaelPaulson,MichaelPaulson,1
13646,Article,MichaelPaulson,MichaelPaulson,1
13751,Tweet,MichaelPaulson,MichaelPaulson,1
13746,Tweet,MichaelPaulson,genznyt,6
13729,Tweet,MichaelPaulson,MichaelPaulson,1
13787,Tweet,MichaelPaulson,MichaelPaulson,1
13771,Tweet,MichaelPaulson,bencasselman,2
13737,Tweet,MichaelPaulson,juliarebeccaj,3
13777,Tweet,MichaelPaulson,MichaelPaulson,1
13708,Tweet,MichaelPaulson,juliarebeccaj,2
13793,Tweet,MichaelPaulson,ASoloski,3
13786,Tweet,MichaelPaulson,MichaelPaulson,1
13721,Tweet,MichaelPaulson,MichaelPaulson,1
13795,Tweet,MichaelPaulson,MichaelPaulson,1
13752,Tweet,MichaelPaulson,rpogrebin,3
13753,Tweet,MichaelPaulson,MichaelPaulson,1
13766,Tweet,MichaelPaulson,MichaelPaulson,1
30235,Article,smervosh,livia_ar,73
30239,Article,smervosh,el_belson,77
30290,Article,smervosh,cdcaron,22
30284,Article,smervosh,brooksbarnesNYT,78
30250,Article,smervosh,NikiKitsantonis,89
30258,Article,smervosh,EmmaBubola,40
30202,Article,smervosh,RachelDonadio,136
30207,Article,smervosh,dwightgarner,91
30221,Article,smervosh,kannoyoungs,34
30274,Article,smervosh,cdcaron,9
30276,Article,smervosh,toi_dhananjayM,10
30246,Article,smervosh,adamliptak,61
30252,Article,smervosh,NeilMacFarquhar,63
30222,Article,smervosh,helenecooper,79
30209,Article,smervosh,NeilMacFarquhar,49
30339,Tweet,smervosh,stevenerlanger,23
30397,Tweet,smervosh,msrachelcooke,121
30324,Tweet,smervosh,gailcollins,77
30385,Tweet,smervosh,SherylNYT,8
30371,Tweet,smervosh,NickAtNews,9
30302,Tweet,smervosh,joshwiddicombe,69
30354,Tweet,smervosh,nytDeniseGrady,31
30309,Tweet,smervosh,mlevenson,3
30319,Tweet,smervosh,PamBelluck,3
30395,Tweet,smervosh,andrewrsorkin,14
30343,Tweet,smervosh,alanconnor,91
30373,Tweet,smervosh,davidleighx,44
30356,Tweet,smervosh,vanbadham,123
30327,Tweet,smervosh,SherylNYT,2
30380,Tweet,smervosh,OfficeGSBrown,48
181457,Article,divyadubey_,NewtonSTOI,60
181512,Article,divyadubey_,KanwardeepsTOI,62
181444,Article,divyadubey_,KomalGautham,41
181459,Article,divyadubey_,aniljdias,55
181507,Article,divyadubey_,rajendrasTOI,50
181466,Article,divyadubey_,NewtonSTOI,97
181469,Article,divyadubey_,ishajainTOI,14
181447,Article,divyadubey_,sandhyanairTOI,54
181478,Article,divyadubey_,ShrinivasaMTOI,11
181504,Article,divyadubey_,NewtonSTOI,68
181476,Article,divyadubey_,rajendrasTOI,39
181500,Article,divyadubey_,SyedAkbarTOI,40
181489,Article,divyadubey_,rebeccaSTOI,38
181462,Article,divyadubey_,rajendrasTOI,20
181505,Article,divyadubey_,dipakdashTOI,75
181553,Tweet,divyadubey_,MoharBasu,6
181590,Tweet,divyadubey_,divyadubey_,1
181582,Tweet,divyadubey_,BhanupratapsTOI,3
181557,Tweet,divyadubey_,Gauraw2297,2
181575,Tweet,divyadubey_,PNaveenTOI,3
181570,Tweet,divyadubey_,Gauraw2297,2
181604,Tweet,divyadubey_,Gauraw2297,6
181542,Tweet,divyadubey_,priyagupta999,3
181538,Tweet,divyadubey_,rashmidTOI,2
181566,Tweet,divyadubey_,smita_mishra,7
181600,Tweet,divyadubey_,rashmidTOI,2
181560,Tweet,divyadubey_,divyadubey_,1
181610,Tweet,divyadubey_,MoharBasu,7
181565,Tweet,divyadubey_,Gauraw2297,3
181568,Tweet,divyadubey_,shafaquealamTOI,52
25687,Article,farnazfassihi,AnaSwanson,4
25694,Article,farnazfassihi,farnazfassihi,1
25661,Article,farnazfassihi,ewong,2
25617,Article,farnazfassihi,farnazfassihi,1
25638,Article,farnazfassihi,AnaSwanson,2
25676,Article,farnazfassihi,farnazfassihi,1
25651,Article,farnazfassihi,farnazfassihi,1
25672,Article,farnazfassihi,farnazfassihi,1
25662,Article,farnazfassihi,julianbarnes,4
25648,Article,farnazfassihi,farnazfassihi,1
25650,Article,farnazfassihi,NYTBen,4
25680,Article,farnazfassihi,farnazfassihi,1
25637,Article,farnazfassihi,farnazfassihi,1
25626,Article,farnazfassihi,farnazfassihi,1
25605,Article,farnazfassihi,julianbarnes,7
25731,Tweet,farnazfassihi,EllenBarryNYT,53
25748,Tweet,farnazfassihi,dwightgarner,9
25715,Tweet,farnazfassihi,annanorthtweets,46
25758,Tweet,farnazfassihi,rpogrebin,82
25749,Tweet,farnazfassihi,jonronson,63
25792,Tweet,farnazfassihi,antontroian,45
25734,Tweet,farnazfassihi,DouthatNYT,21
25711,Tweet,farnazfassihi,antontroian,48
25751,Tweet,farnazfassihi,helenecooper,6
25793,Tweet,farnazfassihi,priyagupta999,236
25778,Tweet,farnazfassihi,antontroian,6
25724,Tweet,farnazfassihi,mswainwright,26
25717,Tweet,farnazfassihi,jennydeluxe,73
25770,Tweet,farnazfassihi,mlevenson,61
25740,Tweet,farnazfassihi,andybrassell,124
173254,Article,AniltheMatrix,rajendrasTOI,4
173138,Article,AniltheMatrix,AtulMathur_,9
173331,Article,AniltheMatrix,rajendrasTOI,2
173177,Article,AniltheMatrix,SumitraDebRoy,33
173248,Article,AniltheMatrix,rajendrasTOI,4
173237,Article,AniltheMatrix,anandbodhTOI,8
173346,Article,AniltheMatrix,ArunDev1,3
173333,Article,AniltheMatrix,NewtonSTOI,9
173232,Article,AniltheMatrix,rajendrasTOI,8
173242,Article,AniltheMatrix,rajendrasTOI,3
173348,Article,AniltheMatrix,toi_dhananjayM,5
173221,Article,AniltheMatrix,ShrinivasaMTOI,9
173302,Article,AniltheMatrix,toi_dhananjayM,4
173328,Article,AniltheMatrix,ArunDev1,4
173293,Article,AniltheMatrix,rajendrasTOI,2
173399,Tweet,AniltheMatrix,Pratiks_TOI,10
173430,Tweet,AniltheMatrix,AraniBasuTOI,4
173442,Tweet,AniltheMatrix,manujaveerappa,10
173456,Tweet,AniltheMatrix,andybrassell,36
173374,Tweet,AniltheMatrix,aditya_bh16,7
173412,Tweet,AniltheMatrix,msrachelcooke,16
173382,Tweet,AniltheMatrix,manujaveerappa,7
173390,Tweet,AniltheMatrix,JohnJCrace,36
173395,Tweet,AniltheMatrix,joshwiddicombe,124
173406,Tweet,AniltheMatrix,AraniBasuTOI,4
173462,Tweet,AniltheMatrix,andybrassell,183
173398,Tweet,AniltheMatrix,manujaveerappa,6
173383,Tweet,AniltheMatrix,aditya_bh16,18
173376,Tweet,AniltheMatrix,AraniBasuTOI,11
173464,Tweet,AniltheMatrix,msrachelcooke,164
1230,Article,anniekarni,anniekarni,1
1270,Article,anniekarni,NeilMacFarquhar,2
1299,Article,anniekarni,anniekarni,1
1206,Article,anniekarni,anniekarni,1
1252,Article,anniekarni,anniekarni,1
1282,Article,anniekarni,AnaSwanson,15
1234,Article,anniekarni,michaelcrowley,7
1205,Article,anniekarni,anniekarni,1
1274,Article,anniekarni,cdcaron,28
1286,Article,anniekarni,helenecooper,2
1227,Article,anniekarni,ESCochrane,5
1228,Article,anniekarni,SharonLNYT,3
1201,Article,anniekarni,anniekarni,1
1261,Article,anniekarni,ESCochrane,6
1283,Article,anniekarni,helenecooper,5
1392,Tweet,anniekarni,NeilMacFarquhar,6
1360,Tweet,anniekarni,hillhulse,3
1325,Tweet,anniekarni,LeoHickman,175
1331,Tweet,anniekarni,ShaneGoldmacher,19
1312,Tweet,anniekarni,SangerNYT,7
1370,Tweet,anniekarni,mlevenson,34
1310,Tweet,anniekarni,peterbakernyt,16
1379,Tweet,anniekarni,jmart,16
1313,Tweet,anniekarni,jmart,7
1301,Tweet,anniekarni,nytmike,8
1386,Tweet,anniekarni,MaggieAstor,6
1302,Tweet,anniekarni,gailcollins,16
1362,Tweet,anniekarni,kannoyoungs,5
1358,Tweet,anniekarni,SherylNYT,11
1359,Tweet,anniekarni,davidleighx,156
189341,Article,KomalGautham,KomalGautham,1
189293,Article,KomalGautham,ThevarSteffy,3
189414,Article,KomalGautham,SindhukTOI,19
189353,Article,KomalGautham,KomalGautham,1
189487,Article,KomalGautham,BawaNaaved,2
189384,Article,KomalGautham,KomalGautham,1
189278,Article,KomalGautham,KomalGautham,1
189333,Article,KomalGautham,KomalGautham,1
189325,Article,KomalGautham,KomalGautham,1
189286,Article,KomalGautham,KomalGautham,1
189403,Article,KomalGautham,KomalGautham,1
189312,Article,KomalGautham,KomalGautham,1
189405,Article,KomalGautham,KomalGautham,1
189404,Article,KomalGautham,KomalGautham,1
189454,Article,KomalGautham,KomalGautham,1
189534,Tweet,KomalGautham,utejonmayamTOI,13
189597,Tweet,KomalGautham,SindhukTOI,4
189603,Tweet,KomalGautham,omjasvinTOI,10
189583,Tweet,KomalGautham,PNaveenTOI,104
189535,Tweet,KomalGautham,ShrinivasaMTOI,2
189608,Tweet,KomalGautham,SwatiMathurTOI,62
189576,Tweet,KomalGautham,priyagupta999,122
189520,Tweet,KomalGautham,jayamenon64,108
189582,Tweet,KomalGautham,jayamenon64,164
189538,Tweet,KomalGautham,sudeshnagTOI,5
189568,Tweet,KomalGautham,andybrassell,223
189604,Tweet,KomalGautham,SribaalaVTOI,140
189559,Tweet,KomalGautham,DekaJayanta,24
189600,Tweet,KomalGautham,declanwalsh,77
189617,Tweet,KomalGautham,omjasvinTOI,27
204287,Article,rajatpTOI,rajatpTOI,1
204444,Article,rajatpTOI,rajatpTOI,1
204303,Article,rajatpTOI,rajatpTOI,1
204255,Article,rajatpTOI,rajatpTOI,1
204401,Article,rajatpTOI,rajatpTOI,1
204382,Article,rajatpTOI,rajatpTOI,1
204393,Article,rajatpTOI,rajatpTOI,1
204398,Article,rajatpTOI,rajatpTOI,1
204308,Article,rajatpTOI,rajatpTOI,1
204399,Article,rajatpTOI,rajatpTOI,1
204370,Article,rajatpTOI,rajatpTOI,1
204386,Article,rajatpTOI,rajatpTOI,1
204414,Article,rajatpTOI,rajatpTOI,1
204332,Article,rajatpTOI,rajatpTOI,1
204292,Article,rajatpTOI,rajatpTOI,1
204566,Tweet,rajatpTOI,priyagupta999,303
204516,Tweet,rajatpTOI,rajatpTOI,1
204564,Tweet,rajatpTOI,priyagupta999,247
204536,Tweet,rajatpTOI,rajatpTOI,1
204571,Tweet,rajatpTOI,gailcollins,426
204504,Tweet,rajatpTOI,MujMash,4
204553,Tweet,rajatpTOI,27saurabhsinha,5
204578,Tweet,rajatpTOI,sarahlyall,416
204584,Tweet,rajatpTOI,rajatpTOI,1
204588,Tweet,rajatpTOI,rajatpTOI,1
204502,Tweet,rajatpTOI,rajatpTOI,1
204562,Tweet,rajatpTOI,psangeetha2112,313
204558,Tweet,rajatpTOI,utejonmayamTOI,6
204518,Tweet,rajatpTOI,rajatpTOI,1
204590,Tweet,rajatpTOI,jennydeluxe,415
218335,Article,tushhaikhush,aniljdias,2
218555,Article,tushhaikhush,aniljdias,8
218353,Article,tushhaikhush,Pratiks_TOI,11
218417,Article,tushhaikhush,vivek9301,26
218535,Article,tushhaikhush,kumaraswamykTOI,3
218512,Article,tushhaikhush,aniljdias,9
218375,Article,tushhaikhush,aniljdias,22
218336,Article,tushhaikhush,rajendrasTOI,38
218398,Article,tushhaikhush,richapintoi,94
218360,Article,tushhaikhush,aniljdias,2
218527,Article,tushhaikhush,vivek9301,27
218443,Article,tushhaikhush,TOISH31,2
218355,Article,tushhaikhush,aniljdias,5
218567,Article,tushhaikhush,aniljdias,9
218504,Article,tushhaikhush,aniljdias,14
218667,Tweet,tushhaikhush,sarahditum,99
218648,Tweet,tushhaikhush,sermoninstone,3
218662,Tweet,tushhaikhush,andybrassell,8
218675,Tweet,tushhaikhush,TOISH31,16
218669,Tweet,tushhaikhush,sarahditum,22
218597,Tweet,tushhaikhush,nytDeniseGrady,355
218647,Tweet,tushhaikhush,andybrassell,5
218679,Tweet,tushhaikhush,andybrassell,26
218677,Tweet,tushhaikhush,ronojoy_sen,7
218658,Tweet,tushhaikhush,afuahirsch,98
218588,Tweet,tushhaikhush,andybrassell,2
218678,Tweet,tushhaikhush,ronojoy_sen,5
218664,Tweet,tushhaikhush,jhoffman,37
218629,Tweet,tushhaikhush,smita_mishra,6
218593,Tweet,tushhaikhush,aditya_bh16,6
210192,Article,Shilarze_SSR,aniljdias,2
210128,Article,Shilarze_SSR,aniljdias,4
210253,Article,Shilarze_SSR,Shilarze_SSR,1
210146,Article,Shilarze_SSR,aniljdias,4
210267,Article,Shilarze_SSR,aniljdias,2
210169,Article,Shilarze_SSR,vivek9301,3
210195,Article,Shilarze_SSR,MarcusMergulhao,2
210119,Article,Shilarze_SSR,vivek9301,6
210122,Article,Shilarze_SSR,vivek9301,6
210074,Article,Shilarze_SSR,aniljdias,4
210193,Article,Shilarze_SSR,vivek9301,4
210095,Article,Shilarze_SSR,aniljdias,2
210091,Article,Shilarze_SSR,Shilarze_SSR,1
210083,Article,Shilarze_SSR,vivek9301,3
210072,Article,Shilarze_SSR,Shilarze_SSR,1
210356,Tweet,Shilarze_SSR,aniljdias,4
210366,Tweet,Shilarze_SSR,ramarkosg,142
210338,Tweet,Shilarze_SSR,adwaidh,33
210299,Tweet,Shilarze_SSR,priyagupta999,45
210340,Tweet,Shilarze_SSR,seaningle,172
210327,Tweet,Shilarze_SSR,adwaidh,8
210380,Tweet,Shilarze_SSR,richardwolffedc,192
210298,Tweet,Shilarze_SSR,DekaJayanta,141
210334,Tweet,Shilarze_SSR,MarcusMergulhao,2
210358,Tweet,Shilarze_SSR,saumyajitbTOI,4
210352,Tweet,Shilarze_SSR,priyagupta999,52
210324,Tweet,Shilarze_SSR,MarcusMergulhao,3
210359,Tweet,Shilarze_SSR,ukigoni,99
210341,Tweet,Shilarze_SSR,joshwiddicombe,59
210368,Tweet,Shilarze_SSR,Shreyanka_M,130
194451,Article,MoharBasu,priyagupta999,2
194498,Article,MoharBasu,meeravohraTOI,229
194555,Article,MoharBasu,MoharBasu,1
194349,Article,MoharBasu,MoharBasu,1
194577,Article,MoharBasu,MoharBasu,1
194442,Article,MoharBasu,MoharBasu,1
194370,Article,MoharBasu,divyapal2013,6
194586,Article,MoharBasu,priyagupta999,2
194409,Article,MoharBasu,afuahirsch,36
194395,Article,MoharBasu,MoharBasu,1
194578,Article,MoharBasu,MoharBasu,1
194481,Article,MoharBasu,priyagupta999,2
194516,Article,MoharBasu,divyapal2013,19
194358,Article,MoharBasu,MoharBasu,1
194373,Article,MoharBasu,MoharBasu,1
194657,Tweet,MoharBasu,EVincentelli,57
194617,Tweet,MoharBasu,brooksbarnesNYT,123
194601,Tweet,MoharBasu,sermoninstone,2
194681,Tweet,MoharBasu,smita_mishra,3
194609,Tweet,MoharBasu,MarinaOLoughlin,2
194641,Tweet,MoharBasu,MoharBasu,1
194640,Tweet,MoharBasu,smita_mishra,41
194627,Tweet,MoharBasu,MoharBasu,1
194687,Tweet,MoharBasu,priyagupta999,23
194602,Tweet,MoharBasu,elizabday,9
194647,Tweet,MoharBasu,MoharBasu,1
194686,Tweet,MoharBasu,jennydeluxe,96
194646,Tweet,MoharBasu,smita_mishra,5
194664,Tweet,MoharBasu,smita_mishra,2
194659,Tweet,MoharBasu,BhanupratapsTOI,302
207348,Article,ronojoy_sen,DekaJayanta,2
207371,Article,ronojoy_sen,rjadHinduBL,7
207372,Article,ronojoy_sen,ronojoy_sen,1
207379,Article,ronojoy_sen,ronojoy_sen,1
207363,Article,ronojoy_sen,jatinder_tur,33
207359,Article,ronojoy_sen,JohnJCrace,20
207362,Article,ronojoy_sen,divyapal2013,11
207338,Article,ronojoy_sen,ronojoy_sen,1
207369,Article,ronojoy_sen,naomi2009,100
207343,Article,ronojoy_sen,LauraCummingArt,99
207391,Article,ronojoy_sen,rajendrasTOI,25
207354,Article,ronojoy_sen,saumyajitbTOI,9
207370,Article,ronojoy_sen,SyedAkbarTOI,12
207352,Article,ronojoy_sen,NeilMacFarquhar,136
207398,Article,ronojoy_sen,SyedAkbarTOI,49
207468,Tweet,ronojoy_sen,sermoninstone,8
207404,Tweet,ronojoy_sen,mohuadazz,3
207432,Tweet,ronojoy_sen,ramarkosg,3
207465,Tweet,ronojoy_sen,jennydeluxe,12
207486,Tweet,ronojoy_sen,jennydeluxe,6
207467,Tweet,ronojoy_sen,nicklezard,58
207417,Tweet,ronojoy_sen,aditya_bh16,46
207466,Tweet,ronojoy_sen,sermoninstone,3
207435,Tweet,ronojoy_sen,vwang3,63
207421,Tweet,ronojoy_sen,msrachelcooke,65
207479,Tweet,ronojoy_sen,jennydeluxe,41
207427,Tweet,ronojoy_sen,ronojoy_sen,1
207431,Tweet,ronojoy_sen,jayamenon64,45
207451,Tweet,ronojoy_sen,jennydeluxe,54
207476,Tweet,ronojoy_sen,mohuadazz,13
5272,Article,ChuBailiang,AnaSwanson,11
5209,Article,ChuBailiang,ewong,3
5204,Article,ChuBailiang,ChuBailiang,1
5274,Article,ChuBailiang,NeilMacFarquhar,8
5277,Article,ChuBailiang,NeilMacFarquhar,3
5241,Article,ChuBailiang,ChuBailiang,1
5220,Article,ChuBailiang,ChuBailiang,1
5247,Article,ChuBailiang,NeilMacFarquhar,2
5232,Article,ChuBailiang,NeilMacFarquhar,6
5267,Article,ChuBailiang,AnaSwanson,6
5256,Article,ChuBailiang,NeilMacFarquhar,16
5246,Article,ChuBailiang,jotted,8
5280,Article,ChuBailiang,KeithBradsher,5
5243,Article,ChuBailiang,ChuBailiang,1
5201,Article,ChuBailiang,ewong,3
5377,Tweet,ChuBailiang,ChuBailiang,1
5316,Tweet,ChuBailiang,garyyounge,31
5319,Tweet,ChuBailiang,KeithBradsher,2
5303,Tweet,ChuBailiang,mlevenson,10
5310,Tweet,ChuBailiang,ChuBailiang,1
5385,Tweet,ChuBailiang,vvfriedman,17
5362,Tweet,ChuBailiang,ChuBailiang,1
5376,Tweet,ChuBailiang,ChuBailiang,1
5386,Tweet,ChuBailiang,ChuBailiang,1
5311,Tweet,ChuBailiang,ChuBailiang,1
5339,Tweet,ChuBailiang,ChuBailiang,1
5371,Tweet,ChuBailiang,ChuBailiang,1
5369,Tweet,ChuBailiang,vwang3,10
5315,Tweet,ChuBailiang,ChuBailiang,1
5322,Tweet,ChuBailiang,vwang3,5
194940,Article,MohitaTOI,ishajainTOI,5
194878,Article,MohitaTOI,aniljdias,4
194778,Article,MohitaTOI,UttaraVarmaTOI,11
194775,Article,MohitaTOI,ishajainTOI,4
194769,Article,MohitaTOI,yusrahusain,4
194805,Article,MohitaTOI,yusrahusain,20
194807,Article,MohitaTOI,ishajainTOI,6
194936,Article,MohitaTOI,yusrahusain,5
194787,Article,MohitaTOI,yusrahusain,23
194939,Article,MohitaTOI,ishajainTOI,26
194934,Article,MohitaTOI,yusrahusain,2
194912,Article,MohitaTOI,yusrahusain,45
194836,Article,MohitaTOI,aniljdias,103
194901,Article,MohitaTOI,DekaJayanta,33
194736,Article,MohitaTOI,kush_junglee,53
194991,Tweet,MohitaTOI,priyagupta999,9
194946,Tweet,MohitaTOI,priyagupta999,11
194959,Tweet,MohitaTOI,MohitaTOI,1
194976,Tweet,MohitaTOI,sarahditum,196
195026,Tweet,MohitaTOI,MohitaTOI,1
194990,Tweet,MohitaTOI,priyagupta999,9
195039,Tweet,MohitaTOI,ChaitanyadTOI,4
194993,Tweet,MohitaTOI,MohitaTOI,1
195017,Tweet,MohitaTOI,jayamenon64,4
195024,Tweet,MohitaTOI,polblonde,155
195023,Tweet,MohitaTOI,jayamenon64,3
195030,Tweet,MohitaTOI,Gauraw2297,6
195018,Tweet,MohitaTOI,priyagupta999,20
194982,Tweet,MohitaTOI,MohitaTOI,1
194964,Tweet,MohitaTOI,andybrassell,218
195742,Article,murarishetyeTOI,NewtonSTOI,28
195827,Article,murarishetyeTOI,rajendrasTOI,42
195705,Article,murarishetyeTOI,toi_dhananjayM,42
195703,Article,murarishetyeTOI,NewtonSTOI,99
195861,Article,murarishetyeTOI,toi_dhananjayM,41
195878,Article,murarishetyeTOI,rajendrasTOI,138
195798,Article,murarishetyeTOI,SidharthB25,16
195903,Article,murarishetyeTOI,SribaalaVTOI,151
195769,Article,murarishetyeTOI,BawaNaaved,41
195707,Article,murarishetyeTOI,NewtonSTOI,75
195914,Article,murarishetyeTOI,Crime_Selvaraj,57
195716,Article,murarishetyeTOI,desaisantosh,64
195849,Article,murarishetyeTOI,bindiyachariTOI,49
195704,Article,murarishetyeTOI,NewtonSTOI,91
195754,Article,murarishetyeTOI,NewtonSTOI,22
195947,Tweet,murarishetyeTOI,murarishetyeTOI,1
195996,Tweet,murarishetyeTOI,murarishetyeTOI,1
196011,Tweet,murarishetyeTOI,murarishetyeTOI,1
195980,Tweet,murarishetyeTOI,bindiyachariTOI,8
196008,Tweet,murarishetyeTOI,murarishetyeTOI,1
195991,Tweet,murarishetyeTOI,murarishetyeTOI,1
196009,Tweet,murarishetyeTOI,murarishetyeTOI,1
196002,Tweet,murarishetyeTOI,murarishetyeTOI,1
195928,Tweet,murarishetyeTOI,murarishetyeTOI,1
195943,Tweet,murarishetyeTOI,murarishetyeTOI,1
195988,Tweet,murarishetyeTOI,murarishetyeTOI,1
195985,Tweet,murarishetyeTOI,murarishetyeTOI,1
195995,Tweet,murarishetyeTOI,murarishetyeTOI,1
195934,Tweet,murarishetyeTOI,murarishetyeTOI,1
195964,Tweet,murarishetyeTOI,murarishetyeTOI,1
12633,Article,MaggieAstor,tripgabriel,44
12607,Article,MaggieAstor,SharonLNYT,210
12655,Article,MaggieAstor,seaningle,23
12666,Article,MaggieAstor,MaggieAstor,1
12648,Article,MaggieAstor,EllenBarryNYT,73
12630,Article,MaggieAstor,hillhulse,85
12676,Article,MaggieAstor,hillhulse,42
12651,Article,MaggieAstor,adamliptak,114
12683,Article,MaggieAstor,NeilMacFarquhar,54
12684,Article,MaggieAstor,hillhulse,19
12605,Article,MaggieAstor,hillhulse,19
12689,Article,MaggieAstor,RichardFausset,56
12677,Article,MaggieAstor,lukebroadwater,52
12642,Article,MaggieAstor,helenecooper,23
12622,Article,MaggieAstor,tripgabriel,49
12743,Tweet,MaggieAstor,PerriKlass,15
12799,Tweet,MaggieAstor,SherylNYT,178
12729,Tweet,MaggieAstor,LeoHickman,96
12797,Tweet,MaggieAstor,PerriKlass,42
12785,Tweet,MaggieAstor,SharonLNYT,47
12763,Tweet,MaggieAstor,MattFutterman,91
12792,Tweet,MaggieAstor,PamBelluck,26
12732,Tweet,MaggieAstor,ByMattStevens,60
12770,Tweet,MaggieAstor,sarahditum,27
12761,Tweet,MaggieAstor,mlevenson,27
12741,Tweet,MaggieAstor,juliarebeccaj,39
12738,Tweet,MaggieAstor,margaretrenkl,42
12758,Tweet,MaggieAstor,SharonLNYT,109
12755,Tweet,MaggieAstor,dwightgarner,61
12787,Tweet,MaggieAstor,DouthatNYT,22
198755,Article,omjasvinTOI,KomalGautham,6
198844,Article,omjasvinTOI,dkarthikTOI,3
198911,Article,omjasvinTOI,KomalGautham,13
198708,Article,omjasvinTOI,omjasvinTOI,1
198746,Article,omjasvinTOI,KomalGautham,6
198796,Article,omjasvinTOI,NewtonSTOI,9
198722,Article,omjasvinTOI,NewtonSTOI,13
198758,Article,omjasvinTOI,dkarthikTOI,3
198731,Article,omjasvinTOI,KomalGautham,10
198847,Article,omjasvinTOI,KomalGautham,10
198748,Article,omjasvinTOI,KomalGautham,2
198894,Article,omjasvinTOI,KomalGautham,2
198837,Article,omjasvinTOI,KomalGautham,2
198821,Article,omjasvinTOI,rajendrasTOI,38
198705,Article,omjasvinTOI,ThevarSteffy,3
199022,Tweet,omjasvinTOI,SyedAkbarTOI,170
199031,Tweet,omjasvinTOI,rajendrasTOI,196
198983,Tweet,omjasvinTOI,jayamenon64,26
198971,Tweet,omjasvinTOI,msrachelcooke,417
198959,Tweet,omjasvinTOI,vanbadham,355
198968,Tweet,omjasvinTOI,utejonmayamTOI,5
198949,Tweet,omjasvinTOI,omjasvinTOI,1
199036,Tweet,omjasvinTOI,OfficeGSBrown,106
199018,Tweet,omjasvinTOI,omjasvinTOI,1
198950,Tweet,omjasvinTOI,omjasvinTOI,1
198976,Tweet,omjasvinTOI,omjasvinTOI,1
199007,Tweet,omjasvinTOI,yazhiniyanTOI,6
199006,Tweet,omjasvinTOI,omjasvinTOI,1
198972,Tweet,omjasvinTOI,msrachelcooke,257
198954,Tweet,omjasvinTOI,Mahafreed_Irani,122
6670,Article,DSlotnik,smbahr14,83
6650,Article,DSlotnik,RichSandomir,6
6682,Article,DSlotnik,apoorva_nyc,3
6615,Article,DSlotnik,samrob12,4
6669,Article,DSlotnik,samrob12,4
6629,Article,DSlotnik,RichSandomir,4
6638,Article,DSlotnik,genznyt,2
6675,Article,DSlotnik,RichSandomir,4
6684,Article,DSlotnik,genznyt,2
6648,Article,DSlotnik,samrob12,4
6636,Article,DSlotnik,pete_wells,116
6605,Article,DSlotnik,ewong,77
6656,Article,DSlotnik,samrob12,2
6660,Article,DSlotnik,kbennhold,54
6661,Article,DSlotnik,apoorva_nyc,3
6705,Tweet,DSlotnik,SharonLNYT,12
6732,Tweet,DSlotnik,apoorva_nyc,16
6744,Tweet,DSlotnik,carlzimmer,106
6702,Tweet,DSlotnik,SharonLNYT,43
6701,Tweet,DSlotnik,ollywainwright,232
6726,Tweet,DSlotnik,ShaneGoldmacher,84
6775,Tweet,DSlotnik,TimdeLisle,391
6735,Tweet,DSlotnik,el_belson,87
6784,Tweet,DSlotnik,BellaKwai,14
6714,Tweet,DSlotnik,SherylNYT,7
6762,Tweet,DSlotnik,noamscheiber,55
6706,Tweet,DSlotnik,SharonLNYT,18
6786,Tweet,DSlotnik,SharonLNYT,15
6769,Tweet,DSlotnik,SherylNYT,6
6751,Tweet,DSlotnik,noamscheiber,178
10453,Article,julianbarnes,julianbarnes,1
10438,Article,julianbarnes,julianbarnes,1
10467,Article,julianbarnes,julianbarnes,1
10403,Article,julianbarnes,BenWeiserNYT,7
10470,Article,julianbarnes,julianbarnes,1
10406,Article,julianbarnes,AnaSwanson,2
10405,Article,julianbarnes,AnaSwanson,2
10489,Article,julianbarnes,julianbarnes,1
10476,Article,julianbarnes,julianbarnes,1
10428,Article,julianbarnes,julianbarnes,1
10484,Article,julianbarnes,julianbarnes,1
10427,Article,julianbarnes,julianbarnes,1
10424,Article,julianbarnes,julianbarnes,1
10419,Article,julianbarnes,julianbarnes,1
10451,Article,julianbarnes,julianbarnes,1
10529,Tweet,julianbarnes,julianbarnes,1
10523,Tweet,julianbarnes,michaelcrowley,2
10581,Tweet,julianbarnes,michaelcrowley,2
10594,Tweet,julianbarnes,SangerNYT,40
10589,Tweet,julianbarnes,julianbarnes,1
10590,Tweet,julianbarnes,ericschmittnyt,11
10527,Tweet,julianbarnes,julianbarnes,1
10595,Tweet,julianbarnes,lukebroadwater,23
10571,Tweet,julianbarnes,julianbarnes,1
10528,Tweet,julianbarnes,EmmaBubola,136
10503,Tweet,julianbarnes,ericschmittnyt,4
10592,Tweet,julianbarnes,GiniaNYT,47
10556,Tweet,julianbarnes,stevenerlanger,32
10566,Tweet,julianbarnes,genznyt,418
10574,Tweet,julianbarnes,antontroian,67
16257,Article,PatrickKingsley,RaphaelMinder,7
16261,Article,PatrickKingsley,GiniaNYT,51
16242,Article,PatrickKingsley,CeylanWrites,15
16258,Article,PatrickKingsley,PatrickKingsley,1
16269,Article,PatrickKingsley,michaelcrowley,4
16233,Article,PatrickKingsley,PatrickKingsley,1
16273,Article,PatrickKingsley,IKershner,2
16232,Article,PatrickKingsley,PatrickKingsley,1
16235,Article,PatrickKingsley,NeilMacFarquhar,2
16210,Article,PatrickKingsley,NeilMacFarquhar,4
16211,Article,PatrickKingsley,PatrickKingsley,1
16298,Article,PatrickKingsley,IKershner,2
16282,Article,PatrickKingsley,IKershner,2
16285,Article,PatrickKingsley,PatrickKingsley,1
16294,Article,PatrickKingsley,IKershner,4
16311,Tweet,PatrickKingsley,dionnesearcey,71
16317,Tweet,PatrickKingsley,MujMash,51
16392,Tweet,PatrickKingsley,ericschmittnyt,49
16388,Tweet,PatrickKingsley,meddynyt,28
16305,Tweet,PatrickKingsley,sarahditum,37
16380,Tweet,PatrickKingsley,OfficeGSBrown,41
16390,Tweet,PatrickKingsley,sarahditum,103
16340,Tweet,PatrickKingsley,IKershner,77
16379,Tweet,PatrickKingsley,IKershner,22
16378,Tweet,PatrickKingsley,ElianPeltier,90
16376,Tweet,PatrickKingsley,BellaKwai,37
16384,Tweet,PatrickKingsley,BellaKwai,3
16332,Tweet,PatrickKingsley,IKershner,22
16365,Tweet,PatrickKingsley,philipoltermann,5
16334,Tweet,PatrickKingsley,nnougayrede,43
26289,Article,margaretrenkl,dwightgarner,33
26226,Article,margaretrenkl,ianrausten,10
26267,Article,margaretrenkl,margaretrenkl,1
26275,Article,margaretrenkl,andrewrsorkin,4
26208,Article,margaretrenkl,smbahr14,4
26235,Article,margaretrenkl,margaretrenkl,1
26229,Article,margaretrenkl,ASoloski,6
26239,Article,margaretrenkl,michelleinbklyn,5
26265,Article,margaretrenkl,ASoloski,4
26231,Article,margaretrenkl,GiniaNYT,2
26281,Article,margaretrenkl,ASoloski,2
26256,Article,margaretrenkl,margaretrenkl,1
26212,Article,margaretrenkl,andrewrsorkin,8
26261,Article,margaretrenkl,pete_wells,6
26296,Article,margaretrenkl,fmanjoo,6
26320,Tweet,margaretrenkl,AlysFowler,8
26378,Tweet,margaretrenkl,pete_wells,17
26384,Tweet,margaretrenkl,sermoninstone,80
26330,Tweet,margaretrenkl,sarahlyall,4
26398,Tweet,margaretrenkl,dwightgarner,7
26395,Tweet,margaretrenkl,GiniaNYT,4
26360,Tweet,margaretrenkl,tomfriedman,148
26344,Tweet,margaretrenkl,andybrassell,82
26387,Tweet,margaretrenkl,andrewrsorkin,5
26355,Tweet,margaretrenkl,andybrassell,47
26324,Tweet,margaretrenkl,alanconnor,146
26399,Tweet,margaretrenkl,sarahlyall,6
26386,Tweet,margaretrenkl,sarahchurchwell,46
26369,Tweet,margaretrenkl,GiniaNYT,3
26317,Tweet,margaretrenkl,GiniaNYT,3
172227,Article,AmritadTOI,AmritadTOI,1
172199,Article,AmritadTOI,AmritadTOI,1
172110,Article,AmritadTOI,yusrahusain,9
172311,Article,AmritadTOI,AmritadTOI,1
172224,Article,AmritadTOI,SumitraDebRoy,2
172273,Article,AmritadTOI,AmritadTOI,1
172148,Article,AmritadTOI,AmritadTOI,1
172202,Article,AmritadTOI,AmritadTOI,1
172238,Article,AmritadTOI,AmritadTOI,1
172183,Article,AmritadTOI,AmritadTOI,1
172170,Article,AmritadTOI,AmritadTOI,1
172279,Article,AmritadTOI,AmritadTOI,1
172256,Article,AmritadTOI,AmritadTOI,1
172214,Article,AmritadTOI,AmritadTOI,1
172218,Article,AmritadTOI,AmritadTOI,1
172401,Tweet,AmritadTOI,AmritadTOI,1
172338,Tweet,AmritadTOI,rashmidTOI,301
172421,Tweet,AmritadTOI,AmritadTOI,1
172390,Tweet,AmritadTOI,AmritadTOI,1
172342,Tweet,AmritadTOI,nytDeniseGrady,74
172409,Tweet,AmritadTOI,AmritadTOI,1
172399,Tweet,AmritadTOI,AmritadTOI,1
172329,Tweet,AmritadTOI,NirupaTOI,133
172356,Tweet,AmritadTOI,sushmi_dey,2
172362,Tweet,AmritadTOI,divyapal2013,118
172367,Tweet,AmritadTOI,AmritadTOI,1
172410,Tweet,AmritadTOI,AmritadTOI,1
172424,Tweet,AmritadTOI,PjJoychen,2
172384,Tweet,AmritadTOI,AmritadTOI,1
172379,Tweet,AmritadTOI,AmritadTOI,1
188260,Article,juliemTOI,toi_dhananjayM,4
188326,Article,juliemTOI,juliemTOI,1
188323,Article,juliemTOI,anandbodhTOI,2
188270,Article,juliemTOI,rajendrasTOI,2
188250,Article,juliemTOI,niyatiparikhTOI,10
188467,Article,juliemTOI,juliemTOI,1
188334,Article,juliemTOI,juliemTOI,1
188429,Article,juliemTOI,juliemTOI,1
188321,Article,juliemTOI,KomalGautham,6
188318,Article,juliemTOI,NewtonSTOI,11
188288,Article,juliemTOI,rajendrasTOI,2
188373,Article,juliemTOI,anandbodhTOI,2
188439,Article,juliemTOI,anandbodhTOI,2
188258,Article,juliemTOI,juliemTOI,1
188240,Article,juliemTOI,rajendrasTOI,2
188564,Tweet,juliemTOI,polblonde,231
188536,Tweet,juliemTOI,juliemTOI,1
188570,Tweet,juliemTOI,PNaveenTOI,32
188559,Tweet,juliemTOI,jayamenon64,2
188486,Tweet,juliemTOI,polblonde,172
188542,Tweet,juliemTOI,Crime_Selvaraj,11
188515,Tweet,juliemTOI,juliemTOI,1
188540,Tweet,juliemTOI,juliemTOI,1
188557,Tweet,juliemTOI,polblonde,283
188572,Tweet,juliemTOI,polblonde,146
188484,Tweet,juliemTOI,juliemTOI,1
188521,Tweet,juliemTOI,jayamenon64,2
188537,Tweet,juliemTOI,SunilSubaiah,4
188562,Tweet,juliemTOI,polblonde,194
188504,Tweet,juliemTOI,jayamenon64,2
173992,Article,AraniBasuTOI,aniljdias,49
173817,Article,AraniBasuTOI,AraniBasuTOI,1
173970,Article,AraniBasuTOI,vivek9301,3
173895,Article,AraniBasuTOI,vivek9301,3
173991,Article,AraniBasuTOI,Pratiks_TOI,13
173782,Article,AraniBasuTOI,vivek9301,4
173871,Article,AraniBasuTOI,aniljdias,3
173918,Article,AraniBasuTOI,kush_junglee,24
173888,Article,AraniBasuTOI,aniljdias,3
173977,Article,AraniBasuTOI,saumyajitbTOI,2
173923,Article,AraniBasuTOI,aniljdias,4
173922,Article,AraniBasuTOI,aniljdias,2
173783,Article,AraniBasuTOI,AraniBasuTOI,1
173955,Article,AraniBasuTOI,vivek9301,2
173983,Article,AraniBasuTOI,vivek9301,5
174059,Tweet,AraniBasuTOI,TridibIANS,10
174037,Tweet,AraniBasuTOI,jackschofield,343
174022,Tweet,AraniBasuTOI,saumyajitbTOI,8
174075,Tweet,AraniBasuTOI,mohuadazz,11
174051,Tweet,AraniBasuTOI,ramarkosg,2
174053,Tweet,AraniBasuTOI,aditya_bh16,29
174107,Tweet,AraniBasuTOI,aditya_bh16,8
174087,Tweet,AraniBasuTOI,vvfriedman,297
174089,Tweet,AraniBasuTOI,vivek9301,2
174043,Tweet,AraniBasuTOI,msrachelcooke,39
174021,Tweet,AraniBasuTOI,mohuadazz,3
174096,Tweet,AraniBasuTOI,aditya_bh16,3
174050,Tweet,AraniBasuTOI,AraniBasuTOI,1
174024,Tweet,AraniBasuTOI,pankajdoval,37
174103,Tweet,AraniBasuTOI,aditya_bh16,9
191263,Article,maheshbTOI,SidharthB25,7
191458,Article,maheshbTOI,SidharthB25,2
191456,Article,maheshbTOI,sandhyanairTOI,13
191383,Article,maheshbTOI,SidharthB25,4
191332,Article,maheshbTOI,Crime_Selvaraj,8
191418,Article,maheshbTOI,maheshbTOI,1
191459,Article,maheshbTOI,SidharthB25,3
191231,Article,maheshbTOI,mateenHTOI,2
191394,Article,maheshbTOI,SidharthB25,10
191389,Article,maheshbTOI,SidharthB25,2
191403,Article,maheshbTOI,mateenHTOI,3
191446,Article,maheshbTOI,rajendrasTOI,2
191297,Article,maheshbTOI,mateenHTOI,5
191298,Article,maheshbTOI,SidharthB25,4
191237,Article,maheshbTOI,SidharthB25,4
191537,Tweet,maheshbTOI,maheshbTOI,1
191500,Tweet,maheshbTOI,priyagupta999,2
191518,Tweet,maheshbTOI,polblonde,335
191548,Tweet,maheshbTOI,manvirsainiTOI,10
191514,Tweet,maheshbTOI,SindhukTOI,2
191545,Tweet,maheshbTOI,maheshbTOI,1
191467,Tweet,maheshbTOI,mlevenson,14
191474,Tweet,maheshbTOI,SindhukTOI,2
191560,Tweet,maheshbTOI,garyyounge,211
191524,Tweet,maheshbTOI,maheshbTOI,1
191563,Tweet,maheshbTOI,jayamenon64,104
191533,Tweet,maheshbTOI,maheshbTOI,1
191477,Tweet,maheshbTOI,maheshbTOI,1
191486,Tweet,maheshbTOI,SindhukTOI,2
191507,Tweet,maheshbTOI,SindhukTOI,3
178747,Article,ChaitanyadTOI,rajendrasTOI,47
178664,Article,ChaitanyadTOI,ChaitanyadTOI,1
178851,Article,ChaitanyadTOI,ChaitanyadTOI,1
178842,Article,ChaitanyadTOI,ThevarSteffy,2
178782,Article,ChaitanyadTOI,ChaitanyadTOI,1
178767,Article,ChaitanyadTOI,yusrahusain,3
178648,Article,ChaitanyadTOI,ChaitanyadTOI,1
178674,Article,ChaitanyadTOI,anandbodhTOI,7
178871,Article,ChaitanyadTOI,ChaitanyadTOI,1
178742,Article,ChaitanyadTOI,ChaitanyadTOI,1
178644,Article,ChaitanyadTOI,ChaitanyadTOI,1
178733,Article,ChaitanyadTOI,SumitraDebRoy,10
178653,Article,ChaitanyadTOI,ThevarSteffy,3
178779,Article,ChaitanyadTOI,ChaitanyadTOI,1
178864,Article,ChaitanyadTOI,rajendrasTOI,2
178952,Tweet,ChaitanyadTOI,ChaitanyadTOI,1
178884,Tweet,ChaitanyadTOI,Gauraw2297,21
178944,Tweet,ChaitanyadTOI,ChaitanyadTOI,1
178898,Tweet,ChaitanyadTOI,ChaitanyadTOI,1
178890,Tweet,ChaitanyadTOI,priyagupta999,26
178923,Tweet,ChaitanyadTOI,AnujaJaiswalTOI,4
178879,Tweet,ChaitanyadTOI,psangeetha2112,343
178886,Tweet,ChaitanyadTOI,Gauraw2297,6
178971,Tweet,ChaitanyadTOI,Gauraw2297,16
178957,Tweet,ChaitanyadTOI,MohitaTOI,20
178928,Tweet,ChaitanyadTOI,durgeshjhaTOI,84
178891,Tweet,ChaitanyadTOI,joshwiddicombe,347
178918,Tweet,ChaitanyadTOI,priyagupta999,244
178889,Tweet,ChaitanyadTOI,PjJoychen,2
178963,Tweet,ChaitanyadTOI,priyagupta999,103
191635,Article,ManjuVTOI,ManjuVTOI,1
191634,Article,ManjuVTOI,ManjuVTOI,1
191716,Article,ManjuVTOI,ManjuVTOI,1
191750,Article,ManjuVTOI,ManjuVTOI,1
191677,Article,ManjuVTOI,NewtonSTOI,6
191638,Article,ManjuVTOI,OwenJones84,144
191764,Article,ManjuVTOI,ManjuVTOI,1
191573,Article,ManjuVTOI,ManjuVTOI,1
191591,Article,ManjuVTOI,ManjuVTOI,1
191799,Article,ManjuVTOI,ManjuVTOI,1
191697,Article,ManjuVTOI,ManjuVTOI,1
191583,Article,ManjuVTOI,ManjuVTOI,1
191631,Article,ManjuVTOI,mateenHTOI,3
191805,Article,ManjuVTOI,ManjuVTOI,1
191770,Article,ManjuVTOI,ManjuVTOI,1
191842,Tweet,ManjuVTOI,andrewrsorkin,3
191888,Tweet,ManjuVTOI,lukeharding1968,195
191872,Tweet,ManjuVTOI,ManjuVTOI,1
191891,Tweet,ManjuVTOI,27saurabhsinha,16
191901,Tweet,ManjuVTOI,27saurabhsinha,7
191832,Tweet,ManjuVTOI,27saurabhsinha,7
191907,Tweet,ManjuVTOI,parthasinha,4
191881,Tweet,ManjuVTOI,27saurabhsinha,2
191913,Tweet,ManjuVTOI,SwatiShindeTOI,157
191875,Tweet,ManjuVTOI,27saurabhsinha,2
191846,Tweet,ManjuVTOI,ManjuVTOI,1
191910,Tweet,ManjuVTOI,ManjuVTOI,1
191879,Tweet,ManjuVTOI,smita_mishra,40
191852,Tweet,ManjuVTOI,NishikantkTOI,41
191870,Tweet,ManjuVTOI,27saurabhsinha,31
24493,Article,tomfriedman,hillhulse,22
24450,Article,tomfriedman,AnaSwanson,27
24406,Article,tomfriedman,mikeives,16
24414,Article,tomfriedman,andrewrsorkin,42
24417,Article,tomfriedman,helenecooper,3
24411,Article,tomfriedman,julianbarnes,21
24419,Article,tomfriedman,andrewrsorkin,62
24481,Article,tomfriedman,andrewrsorkin,5
24449,Article,tomfriedman,bykaren,43
24471,Article,tomfriedman,paulkrugman,17
24441,Article,tomfriedman,DouthatNYT,36
24459,Article,tomfriedman,andrewrsorkin,36
24401,Article,tomfriedman,andrewrsorkin,54
24430,Article,tomfriedman,DouthatNYT,13
24452,Article,tomfriedman,DouthatNYT,8
24568,Tweet,tomfriedman,antontroian,2
24553,Tweet,tomfriedman,tomfriedman,1
24525,Tweet,tomfriedman,nytDeniseGrady,5
24566,Tweet,tomfriedman,farnazfassihi,9
24571,Tweet,tomfriedman,tomfriedman,1
24501,Tweet,tomfriedman,stevenerlanger,9
24546,Tweet,tomfriedman,michelleinbklyn,15
24550,Tweet,tomfriedman,tomfriedman,1
24563,Tweet,tomfriedman,nytmike,7
24564,Tweet,tomfriedman,richardwolffedc,3
24502,Tweet,tomfriedman,antontroian,7
24559,Tweet,tomfriedman,priyagupta999,19
24578,Tweet,tomfriedman,jmart,18
24580,Tweet,tomfriedman,nnougayrede,5
24520,Tweet,tomfriedman,mohuadazz,2
29259,Article,FrancesRobles,RichardFausset,43
29291,Article,FrancesRobles,julianbarnes,33
29230,Article,FrancesRobles,dwightgarner,45
29226,Article,FrancesRobles,mikeives,6
29209,Article,FrancesRobles,EllenBarryNYT,33
29216,Article,FrancesRobles,NeilMacFarquhar,32
29288,Article,FrancesRobles,RichardFausset,44
29251,Article,FrancesRobles,RichardFausset,4
29236,Article,FrancesRobles,CeylanWrites,3
29228,Article,FrancesRobles,NeilMacFarquhar,33
29219,Article,FrancesRobles,NeilMacFarquhar,27
29264,Article,FrancesRobles,EllenBarryNYT,66
29270,Article,FrancesRobles,RichardFausset,17
29273,Article,FrancesRobles,julianbarnes,26
29274,Article,FrancesRobles,RichardFausset,4
29338,Tweet,FrancesRobles,GiniaNYT,116
29302,Tweet,FrancesRobles,polblonde,3
29355,Tweet,FrancesRobles,FrancesRobles,1
29310,Tweet,FrancesRobles,noamscheiber,31
29377,Tweet,FrancesRobles,fmanjoo,95
29367,Tweet,FrancesRobles,elizabday,120
29351,Tweet,FrancesRobles,FrancesRobles,1
29328,Tweet,FrancesRobles,polblonde,5
29383,Tweet,FrancesRobles,garyyounge,31
29301,Tweet,FrancesRobles,LauraCummingArt,138
29357,Tweet,FrancesRobles,mlevenson,6
29386,Tweet,FrancesRobles,FrancesRobles,1
29316,Tweet,FrancesRobles,we_are_food,29
29391,Tweet,FrancesRobles,CeylanWrites,2
29359,Tweet,FrancesRobles,FrancesRobles,1
16018,Article,PatriciaMazzei,apoorva_nyc,14
16005,Article,PatriciaMazzei,BenWeiserNYT,2
16069,Article,PatriciaMazzei,NeilMacFarquhar,60
16014,Article,PatriciaMazzei,NeilMacFarquhar,12
16017,Article,PatriciaMazzei,NeilMacFarquhar,10
16071,Article,PatriciaMazzei,mikeives,15
16093,Article,PatriciaMazzei,NeilMacFarquhar,5
16010,Article,PatriciaMazzei,NeilMacFarquhar,2
16059,Article,PatriciaMazzei,NeilMacFarquhar,3
16084,Article,PatriciaMazzei,PatriciaMazzei,1
16091,Article,PatriciaMazzei,apoorva_nyc,15
16023,Article,PatriciaMazzei,apoorva_nyc,25
16008,Article,PatriciaMazzei,PatriciaMazzei,1
16087,Article,PatriciaMazzei,PatriciaMazzei,1
16032,Article,PatriciaMazzei,PatriciaMazzei,1
16123,Tweet,PatriciaMazzei,FrancesRobles,7
16148,Tweet,PatriciaMazzei,mlevenson,11
16177,Tweet,PatriciaMazzei,mlevenson,21
16115,Tweet,PatriciaMazzei,hillhulse,4
16169,Tweet,PatriciaMazzei,gettinviggy,10
16140,Tweet,PatriciaMazzei,PatriciaMazzei,1
16122,Tweet,PatriciaMazzei,BenWeiserNYT,18
16175,Tweet,PatriciaMazzei,apoorva_nyc,2
16155,Tweet,PatriciaMazzei,jbouie,93
16104,Tweet,PatriciaMazzei,FrancesRobles,5
16144,Tweet,PatriciaMazzei,joncaramanica,123
16114,Tweet,PatriciaMazzei,BenWeiserNYT,7
16131,Tweet,PatriciaMazzei,PatriciaMazzei,1
16130,Tweet,PatriciaMazzei,BellaKwai,9
16105,Tweet,PatriciaMazzei,mlevenson,5
182459,Article,dklavaniaTOI,rebeccaSTOI,125
182510,Article,dklavaniaTOI,rebeccaSTOI,32
182344,Article,dklavaniaTOI,BawaNaaved,5
182466,Article,dklavaniaTOI,rebeccaSTOI,57
182442,Article,dklavaniaTOI,KanwardeepsTOI,11
182355,Article,dklavaniaTOI,rajendrasTOI,15
182527,Article,dklavaniaTOI,minatisinghaTOI,100
182406,Article,dklavaniaTOI,anandbodhTOI,113
182346,Article,dklavaniaTOI,rajendrasTOI,49
182518,Article,dklavaniaTOI,Crime_Selvaraj,28
182329,Article,dklavaniaTOI,SidharthB25,21
182493,Article,dklavaniaTOI,ishajainTOI,74
182390,Article,dklavaniaTOI,ThevarSteffy,26
182368,Article,dklavaniaTOI,rajendrasTOI,48
182365,Article,dklavaniaTOI,BawaNaaved,3
182584,Tweet,dklavaniaTOI,somitsenTOI,4
182569,Tweet,dklavaniaTOI,BhanupratapsTOI,13
182575,Tweet,dklavaniaTOI,rashmidTOI,4
182589,Tweet,dklavaniaTOI,rashmidTOI,2
182646,Tweet,dklavaniaTOI,somitsenTOI,2
182617,Tweet,dklavaniaTOI,NishikantkTOI,3
182609,Tweet,dklavaniaTOI,priyagupta999,15
182656,Tweet,dklavaniaTOI,dklavaniaTOI,1
182641,Tweet,dklavaniaTOI,kumaraswamykTOI,2
182638,Tweet,dklavaniaTOI,Gauraw2297,2
182637,Tweet,dklavaniaTOI,IpsitaTOI,3
182598,Tweet,dklavaniaTOI,advityabahlTOI,12
182622,Tweet,dklavaniaTOI,NishikantkTOI,3
182578,Tweet,dklavaniaTOI,priyagupta999,4
182661,Tweet,dklavaniaTOI,har_mandeep,2
9090,Article,IKershner,IKershner,1
9023,Article,IKershner,NeilMacFarquhar,5
9082,Article,IKershner,PatrickKingsley,3
9056,Article,IKershner,PatrickKingsley,2
9066,Article,IKershner,IKershner,1
9043,Article,IKershner,IKershner,1
9021,Article,IKershner,IKershner,1
9096,Article,IKershner,IKershner,1
9010,Article,IKershner,IKershner,1
9058,Article,IKershner,IKershner,1
9012,Article,IKershner,IKershner,1
9047,Article,IKershner,SharonLNYT,6
9053,Article,IKershner,IKershner,1
9024,Article,IKershner,IKershner,1
9007,Article,IKershner,IKershner,1
9168,Tweet,IKershner,TristramHuntVA,7
9110,Tweet,IKershner,dionnesearcey,11
9154,Tweet,IKershner,IKershner,1
9192,Tweet,IKershner,IKershner,1
9103,Tweet,IKershner,IKershner,1
9193,Tweet,IKershner,IKershner,1
9119,Tweet,IKershner,Lattif,3
9137,Tweet,IKershner,IKershner,1
9108,Tweet,IKershner,nnougayrede,7
9113,Tweet,IKershner,antontroian,47
9149,Tweet,IKershner,NeilMacFarquhar,5
9159,Tweet,IKershner,philipoltermann,89
9140,Tweet,IKershner,garyyounge,115
9102,Tweet,IKershner,IKershner,1
9195,Tweet,IKershner,davidleighx,81
20895,Article,EllenBarryNYT,EllenBarryNYT,1
20812,Article,EllenBarryNYT,livia_ar,277
20824,Article,EllenBarryNYT,NeilMacFarquhar,21
20885,Article,EllenBarryNYT,DouthatNYT,181
20815,Article,EllenBarryNYT,EllenBarryNYT,1
20819,Article,EllenBarryNYT,NeilMacFarquhar,38
20866,Article,EllenBarryNYT,EllenBarryNYT,1
20882,Article,EllenBarryNYT,NeilMacFarquhar,45
20862,Article,EllenBarryNYT,NeilMacFarquhar,65
20801,Article,EllenBarryNYT,EllenBarryNYT,1
20873,Article,EllenBarryNYT,EllenBarryNYT,1
20837,Article,EllenBarryNYT,NeilMacFarquhar,16
20822,Article,EllenBarryNYT,sisario,156
20850,Article,EllenBarryNYT,EllenBarryNYT,1
20856,Article,EllenBarryNYT,EllenBarryNYT,1
20975,Tweet,EllenBarryNYT,msrachelcooke,189
20970,Tweet,EllenBarryNYT,sarahlyall,102
20983,Tweet,EllenBarryNYT,antontroian,5
20902,Tweet,EllenBarryNYT,elizabday,111
20990,Tweet,EllenBarryNYT,GiniaNYT,156
20964,Tweet,EllenBarryNYT,jbouie,129
20963,Tweet,EllenBarryNYT,mlevenson,141
20952,Tweet,EllenBarryNYT,joncaramanica,200
20945,Tweet,EllenBarryNYT,cdcaron,270
20948,Tweet,EllenBarryNYT,jennydeluxe,48
20938,Tweet,EllenBarryNYT,PamBelluck,204
20961,Tweet,EllenBarryNYT,PamBelluck,141
20954,Tweet,EllenBarryNYT,antontroian,4
20987,Tweet,EllenBarryNYT,GiniaNYT,60
20921,Tweet,EllenBarryNYT,cdcaron,153
8008,Article,gettinviggy,pete_wells,143
8048,Article,gettinviggy,cdcaron,139
8029,Article,gettinviggy,NeilMacFarquhar,71
8051,Article,gettinviggy,NeilMacFarquhar,16
8073,Article,gettinviggy,BenWeiserNYT,26
8042,Article,gettinviggy,livia_ar,43
8012,Article,gettinviggy,NeilMacFarquhar,33
8050,Article,gettinviggy,EllenBarryNYT,23
8015,Article,gettinviggy,hillhulse,27
8018,Article,gettinviggy,hillhulse,34
8026,Article,gettinviggy,KeithBradsher,63
8035,Article,gettinviggy,EllenBarryNYT,116
8010,Article,gettinviggy,hillhulse,53
8005,Article,gettinviggy,RichardFausset,13
8094,Article,gettinviggy,NeilMacFarquhar,21
8102,Tweet,gettinviggy,gettinviggy,1
8101,Tweet,gettinviggy,gettinviggy,1
8125,Tweet,gettinviggy,garyyounge,71
8160,Tweet,gettinviggy,nytDeniseGrady,29
8170,Tweet,gettinviggy,NYTimesCohen,55
8177,Tweet,gettinviggy,hillhulse,32
8117,Tweet,gettinviggy,jwpetersNYT,21
8147,Tweet,gettinviggy,davidleighx,71
8123,Tweet,gettinviggy,livia_ar,6
8167,Tweet,gettinviggy,mlevenson,4
8157,Tweet,gettinviggy,gettinviggy,1
8154,Tweet,gettinviggy,LFFriedman,22
8189,Tweet,gettinviggy,gettinviggy,1
8179,Tweet,gettinviggy,jmart,12
8115,Tweet,gettinviggy,mlevenson,6
13400,Article,meddynyt,NYTBen,3
13461,Article,meddynyt,antontroian,4
13446,Article,meddynyt,kbennhold,2
13421,Article,meddynyt,meddynyt,1
13484,Article,meddynyt,sisario,79
13478,Article,meddynyt,jeannasmialek,19
13419,Article,meddynyt,kbennhold,10
13479,Article,meddynyt,toi_dhananjayM,2
13454,Article,meddynyt,anemonanyc,90
13440,Article,meddynyt,PatrickKingsley,2
13465,Article,meddynyt,ASoloski,102
13463,Article,meddynyt,meddynyt,1
13474,Article,meddynyt,apoorva_nyc,2
13472,Article,meddynyt,NeilMacFarquhar,2
13476,Article,meddynyt,NeilMacFarquhar,13
13516,Tweet,meddynyt,kbennhold,2
13509,Tweet,meddynyt,sarahlyall,105
13512,Tweet,meddynyt,kiracochrane,142
13537,Tweet,meddynyt,philipoltermann,70
13549,Tweet,meddynyt,meddynyt,1
13561,Tweet,meddynyt,ericschmittnyt,3
13517,Tweet,meddynyt,sarahlyall,8
13577,Tweet,meddynyt,meddynyt,1
13503,Tweet,meddynyt,nnougayrede,2
13557,Tweet,meddynyt,meddynyt,1
13521,Tweet,meddynyt,kbennhold,2
13576,Tweet,meddynyt,kbennhold,2
13522,Tweet,meddynyt,GiniaNYT,219
13591,Tweet,meddynyt,charlie_savage,60
13501,Tweet,meddynyt,kbennhold,2
208610,Article,sandhyanairTOI,SidharthB25,3
208508,Article,sandhyanairTOI,sandhyanairTOI,1
208659,Article,sandhyanairTOI,sandhyanairTOI,1
208453,Article,sandhyanairTOI,sandhyanairTOI,1
208550,Article,sandhyanairTOI,sandhyanairTOI,1
208533,Article,sandhyanairTOI,sandhyanairTOI,1
208476,Article,sandhyanairTOI,NewtonSTOI,3
208584,Article,sandhyanairTOI,SwatiShindeTOI,14
208437,Article,sandhyanairTOI,rebeccaSTOI,3
208468,Article,sandhyanairTOI,sandhyanairTOI,1
208433,Article,sandhyanairTOI,sandhyanairTOI,1
208457,Article,sandhyanairTOI,sandhyanairTOI,1
208574,Article,sandhyanairTOI,SwatiShindeTOI,2
208573,Article,sandhyanairTOI,SidharthB25,2
208557,Article,sandhyanairTOI,sandhyanairTOI,1
208746,Tweet,sandhyanairTOI,KapildaveTOI,5
208719,Tweet,sandhyanairTOI,durgeshjhaTOI,21
208733,Tweet,sandhyanairTOI,KapildaveTOI,16
208748,Tweet,sandhyanairTOI,andrewrsorkin,59
208774,Tweet,sandhyanairTOI,vanbadham,234
208725,Tweet,sandhyanairTOI,mateenHTOI,24
208752,Tweet,sandhyanairTOI,KapildaveTOI,9
208771,Tweet,sandhyanairTOI,durgeshjhaTOI,11
208728,Tweet,sandhyanairTOI,mateenHTOI,17
208757,Tweet,sandhyanairTOI,durgeshjhaTOI,6
208739,Tweet,sandhyanairTOI,PNaveenTOI,39
208761,Tweet,sandhyanairTOI,polblonde,339
208755,Tweet,sandhyanairTOI,DekaJayanta,67
208693,Tweet,sandhyanairTOI,Mahafreed_Irani,50
208696,Tweet,sandhyanairTOI,PNaveenTOI,5
27688,Article,karenzraick,RichardFausset,56
27682,Article,karenzraick,EllenBarryNYT,151
27642,Article,karenzraick,NeilMacFarquhar,37
27609,Article,karenzraick,EllenBarryNYT,212
27634,Article,karenzraick,melissaclark,24
27697,Article,karenzraick,Chethan_Dash,69
27699,Article,karenzraick,SharonLNYT,193
27606,Article,karenzraick,EllenBarryNYT,33
27652,Article,karenzraick,andrewrsorkin,42
27602,Article,karenzraick,BenWeiserNYT,81
27615,Article,karenzraick,EllenBarryNYT,242
27655,Article,karenzraick,adamliptak,107
27695,Article,karenzraick,NeilMacFarquhar,34
27626,Article,karenzraick,AnaSwanson,222
27630,Article,karenzraick,KeithBradsher,160
27747,Tweet,karenzraick,NYTLiz,10
27739,Tweet,karenzraick,priyagupta999,179
27728,Tweet,karenzraick,andrewrsorkin,20
27782,Tweet,karenzraick,smita_mishra,12
27798,Tweet,karenzraick,joshwiddicombe,128
27733,Tweet,karenzraick,BenWeiserNYT,91
27763,Tweet,karenzraick,jennydeluxe,24
27736,Tweet,karenzraick,joncaramanica,3
27784,Tweet,karenzraick,LauraCummingArt,100
27776,Tweet,karenzraick,livia_ar,21
27771,Tweet,karenzraick,EmmaBubola,66
27779,Tweet,karenzraick,RaphaelMinder,20
27722,Tweet,karenzraick,msrachelcooke,48
27797,Tweet,karenzraick,mlevenson,139
27789,Tweet,karenzraick,jennydeluxe,13
19011,Article,SherylNYT,EllenBarryNYT,154
19026,Article,SherylNYT,SharonLNYT,8
19010,Article,SherylNYT,EllenBarryNYT,186
19051,Article,SherylNYT,SharonLNYT,14
19074,Article,SherylNYT,SharonLNYT,16
19079,Article,SherylNYT,SharonLNYT,16
19048,Article,SherylNYT,ESCochrane,38
19044,Article,SherylNYT,SharonLNYT,12
19007,Article,SherylNYT,apoorva_nyc,52
19022,Article,SherylNYT,ESCochrane,18
19031,Article,SherylNYT,SharonLNYT,7
19080,Article,SherylNYT,ESCochrane,41
19000,Article,SherylNYT,cdcaron,70
19069,Article,SherylNYT,SharonLNYT,10
19014,Article,SherylNYT,kannoyoungs,4
19155,Tweet,SherylNYT,dwightgarner,238
19113,Tweet,SherylNYT,rpogrebin,2
19100,Tweet,SherylNYT,PamBelluck,4
19153,Tweet,SherylNYT,SherylNYT,1
19103,Tweet,SherylNYT,sangerkatz,73
19188,Tweet,SherylNYT,SherylNYT,1
19130,Tweet,SherylNYT,NYTLiz,183
19104,Tweet,SherylNYT,SherylNYT,1
19141,Tweet,SherylNYT,SherylNYT,1
19137,Tweet,SherylNYT,PamBelluck,2
19127,Tweet,SherylNYT,EmmaBubola,48
19181,Tweet,SherylNYT,SherylNYT,1
19176,Tweet,SherylNYT,ByMattStevens,4
19122,Tweet,SherylNYT,SherylNYT,1
19158,Tweet,SherylNYT,OfficeGSBrown,5
217968,Article,toi_shailendraA,toi_shailendraA,1
217761,Article,toi_shailendraA,aniljdias,2
217909,Article,toi_shailendraA,aniljdias,4
217916,Article,toi_shailendraA,parthasinha,6
217888,Article,toi_shailendraA,aniljdias,2
217818,Article,toi_shailendraA,aniljdias,3
217813,Article,toi_shailendraA,toi_shailendraA,1
217986,Article,toi_shailendraA,toi_shailendraA,1
217942,Article,toi_shailendraA,NewtonSTOI,6
217914,Article,toi_shailendraA,toi_shailendraA,1
217784,Article,toi_shailendraA,toi_shailendraA,1
217911,Article,toi_shailendraA,parthasinha,2
217845,Article,toi_shailendraA,ThevarSteffy,3
217928,Article,toi_shailendraA,toi_shailendraA,1
217997,Article,toi_shailendraA,toi_shailendraA,1
218035,Tweet,toi_shailendraA,toi_shailendraA,1
218060,Tweet,toi_shailendraA,mlevenson,210
218042,Tweet,toi_shailendraA,murarishetyeTOI,124
218090,Tweet,toi_shailendraA,toi_shailendraA,1
218067,Tweet,toi_shailendraA,kumaraswamykTOI,3
218025,Tweet,toi_shailendraA,aditya_bh16,19
218028,Tweet,toi_shailendraA,toi_shailendraA,1
218013,Tweet,toi_shailendraA,toi_shailendraA,1
218043,Tweet,toi_shailendraA,toi_shailendraA,1
218048,Tweet,toi_shailendraA,aditya_bh16,7
218047,Tweet,toi_shailendraA,toi_shailendraA,1
218100,Tweet,toi_shailendraA,toi_shailendraA,1
218045,Tweet,toi_shailendraA,toi_shailendraA,1
218094,Tweet,toi_shailendraA,TimdeLisle,119
218097,Tweet,toi_shailendraA,psangeetha2112,2
16851,Article,pete_wells,smbahr14,4
16861,Article,pete_wells,pete_wells,1
16862,Article,pete_wells,pete_wells,1
16879,Article,pete_wells,pete_wells,1
16844,Article,pete_wells,pete_wells,1
16805,Article,pete_wells,pete_wells,1
16818,Article,pete_wells,pete_wells,1
16893,Article,pete_wells,pete_wells,1
16896,Article,pete_wells,andrewrsorkin,2
16808,Article,pete_wells,pete_wells,1
16828,Article,pete_wells,pete_wells,1
16875,Article,pete_wells,pete_wells,1
16881,Article,pete_wells,pete_wells,1
16883,Article,pete_wells,pete_wells,1
16833,Article,pete_wells,pete_wells,1
16994,Tweet,pete_wells,ASoloski,21
16924,Tweet,pete_wells,pete_wells,1
16982,Tweet,pete_wells,FrankBruni,106
16910,Tweet,pete_wells,pete_wells,1
16967,Tweet,pete_wells,pete_wells,1
16926,Tweet,pete_wells,we_are_food,136
16929,Tweet,pete_wells,pete_wells,1
16903,Tweet,pete_wells,melissaclark,4
16938,Tweet,pete_wells,vanbadham,279
16916,Tweet,pete_wells,rondakaysen,4
16911,Tweet,pete_wells,rpogrebin,295
16966,Tweet,pete_wells,andrewrsorkin,2
16917,Tweet,pete_wells,salihughes,3
16977,Tweet,pete_wells,PamBelluck,276
16934,Tweet,pete_wells,andrewrsorkin,5
24241,Article,stevenerlanger,farnazfassihi,8
24211,Article,stevenerlanger,julianbarnes,38
24225,Article,stevenerlanger,meddynyt,112
24237,Article,stevenerlanger,jameskanter,15
24238,Article,stevenerlanger,PatrickKingsley,44
24227,Article,stevenerlanger,michaelcrowley,4
24293,Article,stevenerlanger,NeilMacFarquhar,17
24232,Article,stevenerlanger,jameskanter,3
24243,Article,stevenerlanger,michaelcrowley,7
24224,Article,stevenerlanger,jameskanter,19
24287,Article,stevenerlanger,DouthatNYT,45
24249,Article,stevenerlanger,jameskanter,14
24221,Article,stevenerlanger,jameskanter,5
24295,Article,stevenerlanger,NeilMacFarquhar,7
24250,Article,stevenerlanger,michaelcrowley,16
24307,Tweet,stevenerlanger,andybrassell,100
24302,Tweet,stevenerlanger,PamBelluck,50
24370,Tweet,stevenerlanger,gailcollins,4
24335,Tweet,stevenerlanger,DanBilefsky,40
24306,Tweet,stevenerlanger,vanbadham,27
24327,Tweet,stevenerlanger,joshwiddicombe,93
24351,Tweet,stevenerlanger,polblonde,2
24318,Tweet,stevenerlanger,IKershner,26
24367,Tweet,stevenerlanger,stevenerlanger,1
24354,Tweet,stevenerlanger,richardwolffedc,8
24394,Tweet,stevenerlanger,nnougayrede,15
24358,Tweet,stevenerlanger,michaelcrowley,4
24341,Tweet,stevenerlanger,garyyounge,5
24350,Tweet,stevenerlanger,jennydeluxe,140
24385,Tweet,stevenerlanger,stevenerlanger,1
177466,Article,BhanupratapsTOI,BhanupratapsTOI,1
177497,Article,BhanupratapsTOI,rajendrasTOI,72
177511,Article,BhanupratapsTOI,rajendrasTOI,6
177394,Article,BhanupratapsTOI,anandbodhTOI,20
177431,Article,BhanupratapsTOI,BhanupratapsTOI,1
177494,Article,BhanupratapsTOI,rajendrasTOI,3
177321,Article,BhanupratapsTOI,anandbodhTOI,30
177435,Article,BhanupratapsTOI,toi_dhananjayM,14
177358,Article,BhanupratapsTOI,rajendrasTOI,2
177320,Article,BhanupratapsTOI,rajendrasTOI,98
177287,Article,BhanupratapsTOI,rajendrasTOI,2
177369,Article,BhanupratapsTOI,rajendrasTOI,2
177387,Article,BhanupratapsTOI,anandbodhTOI,29
177503,Article,BhanupratapsTOI,rajendrasTOI,20
177442,Article,BhanupratapsTOI,BhanupratapsTOI,1
177559,Tweet,BhanupratapsTOI,priyagupta999,8
177550,Tweet,BhanupratapsTOI,smita_mishra,357
177576,Tweet,BhanupratapsTOI,BhanupratapsTOI,1
177569,Tweet,BhanupratapsTOI,BhanupratapsTOI,1
177543,Tweet,BhanupratapsTOI,BhanupratapsTOI,1
177530,Tweet,BhanupratapsTOI,BhanupratapsTOI,1
177581,Tweet,BhanupratapsTOI,ipsinghTOI,2
177568,Tweet,BhanupratapsTOI,Gauraw2297,5
177577,Tweet,BhanupratapsTOI,andybrassell,51
177542,Tweet,BhanupratapsTOI,dklavaniaTOI,7
177578,Tweet,BhanupratapsTOI,smita_mishra,41
177555,Tweet,BhanupratapsTOI,BhanupratapsTOI,1
177537,Tweet,BhanupratapsTOI,BhanupratapsTOI,1
177529,Tweet,BhanupratapsTOI,Gauraw2297,6
177574,Tweet,BhanupratapsTOI,BhanupratapsTOI,1
1655,Article,apoorva_nyc,farnazfassihi,3
1613,Article,apoorva_nyc,apoorva_nyc,1
1620,Article,apoorva_nyc,apoorva_nyc,1
1698,Article,apoorva_nyc,apoorva_nyc,1
1626,Article,apoorva_nyc,apoorva_nyc,1
1673,Article,apoorva_nyc,apoorva_nyc,1
1687,Article,apoorva_nyc,apoorva_nyc,1
1654,Article,apoorva_nyc,SharonLNYT,30
1601,Article,apoorva_nyc,SharonLNYT,2
1624,Article,apoorva_nyc,apoorva_nyc,1
1615,Article,apoorva_nyc,SharonLNYT,2
1672,Article,apoorva_nyc,apoorva_nyc,1
1649,Article,apoorva_nyc,apoorva_nyc,1
1684,Article,apoorva_nyc,apoorva_nyc,1
1612,Article,apoorva_nyc,apoorva_nyc,1
1712,Tweet,apoorva_nyc,andrewrsorkin,3
1771,Tweet,apoorva_nyc,apoorva_nyc,1
1711,Tweet,apoorva_nyc,apoorva_nyc,1
1782,Tweet,apoorva_nyc,OwenJones84,15
1789,Tweet,apoorva_nyc,msrachelcooke,72
1770,Tweet,apoorva_nyc,apoorva_nyc,1
1781,Tweet,apoorva_nyc,SherylNYT,20
1778,Tweet,apoorva_nyc,carlzimmer,7
1779,Tweet,apoorva_nyc,carlzimmer,4
1701,Tweet,apoorva_nyc,PamBelluck,13
1749,Tweet,apoorva_nyc,apoorva_nyc,1
1721,Tweet,apoorva_nyc,apoorva_nyc,1
1746,Tweet,apoorva_nyc,andrewrsorkin,8
1760,Tweet,apoorva_nyc,carlzimmer,9
1718,Tweet,apoorva_nyc,SharonLNYT,13
35275,Article,bylizrobbins,sarahlyall,127
35240,Article,bylizrobbins,noamscheiber,394
35281,Article,bylizrobbins,DavidWaldstein,64
35219,Article,bylizrobbins,DavidWaldstein,208
35237,Article,bylizrobbins,DavidWaldstein,137
35257,Article,bylizrobbins,DavidWaldstein,114
35288,Article,bylizrobbins,NeilMacFarquhar,354
35245,Article,bylizrobbins,noamscheiber,353
35231,Article,bylizrobbins,EllenBarryNYT,6
35273,Article,bylizrobbins,DavidWaldstein,97
35294,Article,bylizrobbins,el_belson,187
35224,Article,bylizrobbins,DavidWaldstein,179
35221,Article,bylizrobbins,NeilMacFarquhar,189
35216,Article,bylizrobbins,lukebroadwater,334
35239,Article,bylizrobbins,DavidWaldstein,132
35397,Tweet,bylizrobbins,joshwiddicombe,21
35335,Tweet,bylizrobbins,KSchulten,7
35343,Tweet,bylizrobbins,priyagupta999,7
35329,Tweet,bylizrobbins,smervosh,158
35325,Tweet,bylizrobbins,MattFutterman,3
35337,Tweet,bylizrobbins,jennydeluxe,130
35364,Tweet,bylizrobbins,charlie_savage,161
35398,Tweet,bylizrobbins,joshwiddicombe,6
35311,Tweet,bylizrobbins,joshwiddicombe,2
35336,Tweet,bylizrobbins,PamBelluck,34
35369,Tweet,bylizrobbins,nnougayrede,11
35313,Tweet,bylizrobbins,ollywainwright,6
35383,Tweet,bylizrobbins,joshwiddicombe,2
35377,Tweet,bylizrobbins,bylizrobbins,1
35309,Tweet,bylizrobbins,debaratisen,14
3246,Article,BenWeiserNYT,nytmike,3
3235,Article,BenWeiserNYT,NeilMacFarquhar,2
3216,Article,BenWeiserNYT,BenWeiserNYT,1
3266,Article,BenWeiserNYT,BenWeiserNYT,1
3219,Article,BenWeiserNYT,NeilMacFarquhar,6
3269,Article,BenWeiserNYT,BenWeiserNYT,1
3274,Article,BenWeiserNYT,nytmike,2
3217,Article,BenWeiserNYT,BenWeiserNYT,1
3255,Article,BenWeiserNYT,kannoyoungs,9
3249,Article,BenWeiserNYT,BenWeiserNYT,1
3287,Article,BenWeiserNYT,BenWeiserNYT,1
3220,Article,BenWeiserNYT,BenWeiserNYT,1
3204,Article,BenWeiserNYT,BenWeiserNYT,1
3278,Article,BenWeiserNYT,kannoyoungs,2
3271,Article,BenWeiserNYT,BenWeiserNYT,1
3393,Tweet,BenWeiserNYT,mlevenson,14
3324,Tweet,BenWeiserNYT,BenWeiserNYT,1
3359,Tweet,BenWeiserNYT,BenWeiserNYT,1
3376,Tweet,BenWeiserNYT,mlevenson,3
3390,Tweet,BenWeiserNYT,PamBelluck,5
3349,Tweet,BenWeiserNYT,alanfeuer,2
3340,Tweet,BenWeiserNYT,nytmike,2
3313,Tweet,BenWeiserNYT,EmmaBubola,140
3338,Tweet,BenWeiserNYT,NYTimesCohen,173
3351,Tweet,BenWeiserNYT,RichardFausset,3
3373,Tweet,BenWeiserNYT,mlevenson,2
3345,Tweet,BenWeiserNYT,nytmike,12
3329,Tweet,BenWeiserNYT,viasimonromero,23
3384,Tweet,BenWeiserNYT,dionnesearcey,96
3355,Tweet,BenWeiserNYT,BenWeiserNYT,1
34605,Article,nytDeniseGrady,dwightgarner,32
34668,Article,nytDeniseGrady,ElisabethMalkin,39
34644,Article,nytDeniseGrady,cdcaron,8
34690,Article,nytDeniseGrady,AnaSwanson,15
34602,Article,nytDeniseGrady,EllenBarryNYT,17
34657,Article,nytDeniseGrady,julianbarnes,5
34662,Article,nytDeniseGrady,cdcaron,3
34613,Article,nytDeniseGrady,julianbarnes,12
34646,Article,nytDeniseGrady,apoorva_nyc,3
34618,Article,nytDeniseGrady,dwightgarner,32
34620,Article,nytDeniseGrady,cdcaron,28
34631,Article,nytDeniseGrady,apoorva_nyc,36
34675,Article,nytDeniseGrady,pete_wells,164
34612,Article,nytDeniseGrady,EllenBarryNYT,26
34637,Article,nytDeniseGrady,EllenBarryNYT,6
34768,Tweet,nytDeniseGrady,nytDeniseGrady,1
34775,Tweet,nytDeniseGrady,livia_ar,71
34790,Tweet,nytDeniseGrady,nytDeniseGrady,1
34778,Tweet,nytDeniseGrady,KeithBradsher,5
34750,Tweet,nytDeniseGrady,EmilyAnthes,3
34721,Tweet,nytDeniseGrady,carlzimmer,3
34701,Tweet,nytDeniseGrady,SharonLNYT,2
34785,Tweet,nytDeniseGrady,nytDeniseGrady,1
34715,Tweet,nytDeniseGrady,jennydeluxe,261
34736,Tweet,nytDeniseGrady,nytDeniseGrady,1
34757,Tweet,nytDeniseGrady,aleksk,46
34767,Tweet,nytDeniseGrady,nytDeniseGrady,1
34754,Tweet,nytDeniseGrady,nytDeniseGrady,1
34788,Tweet,nytDeniseGrady,jennydeluxe,264
34791,Tweet,nytDeniseGrady,nytDeniseGrady,1
35628,Article,lauriegnyt,RachelDonadio,12
35670,Article,lauriegnyt,jasondhorowitz,3
35640,Article,lauriegnyt,NeilMacFarquhar,26
35671,Article,lauriegnyt,dwightgarner,38
35683,Article,lauriegnyt,RichardFausset,26
35611,Article,lauriegnyt,cdcaron,98
35632,Article,lauriegnyt,julianbarnes,3
35612,Article,lauriegnyt,EllenBarryNYT,6
35604,Article,lauriegnyt,hillhulse,28
35645,Article,lauriegnyt,SharonLNYT,26
35622,Article,lauriegnyt,EllenBarryNYT,6
35619,Article,lauriegnyt,julianbarnes,8
35672,Article,lauriegnyt,BellaKwai,15
35618,Article,lauriegnyt,jasondhorowitz,3
35650,Article,lauriegnyt,RachelDonadio,6
35747,Tweet,lauriegnyt,GiniaNYT,77
35721,Tweet,lauriegnyt,rachlharris,16
35763,Tweet,lauriegnyt,andrewrsorkin,70
35727,Tweet,lauriegnyt,annanorthtweets,16
35737,Tweet,lauriegnyt,mlevenson,15
35768,Tweet,lauriegnyt,annanorthtweets,70
35706,Tweet,lauriegnyt,jasondhorowitz,2
35718,Tweet,lauriegnyt,jasondhorowitz,8
35791,Tweet,lauriegnyt,emmabrockes,26
35774,Tweet,lauriegnyt,GiniaNYT,44
35720,Tweet,lauriegnyt,GiniaNYT,20
35777,Tweet,lauriegnyt,lauriegnyt,1
35713,Tweet,lauriegnyt,gettleman,67
35711,Tweet,lauriegnyt,sarahlyall,29
35717,Tweet,lauriegnyt,GiniaNYT,18
107096,Article,CarolineLucas,nmcintosh,325
107147,Article,CarolineLucas,billicritic,243
107037,Article,CarolineLucas,naomi2009,236
107123,Article,CarolineLucas,ArthurNeslen,27
107161,Article,CarolineLucas,williamnhutton,29
107128,Article,CarolineLucas,jameskanter,138
107099,Article,CarolineLucas,NilsPratley,313
107122,Article,CarolineLucas,rjadHinduBL,301
107119,Article,CarolineLucas,NilsPratley,172
107105,Article,CarolineLucas,paulmasonnews,16
106999,Article,CarolineLucas,nicholaswatt,7
107094,Article,CarolineLucas,NilsPratley,259
107051,Article,CarolineLucas,NilsPratley,152
107041,Article,CarolineLucas,sunny_hundal,229
107143,Article,CarolineLucas,NilsPratley,254
107302,Tweet,CarolineLucas,PippaCrerar,3
107666,Tweet,CarolineLucas,PeterTatchell,3
107218,Tweet,CarolineLucas,gabyhinsliff,2
107605,Tweet,CarolineLucas,dionnesearcey,17
107422,Tweet,CarolineLucas,allegramcevedy,24
107274,Tweet,CarolineLucas,CarolineLucas,1
107332,Tweet,CarolineLucas,PeterTatchell,2
107598,Tweet,CarolineLucas,domphillips,2
107189,Tweet,CarolineLucas,CarolineLucas,1
107481,Tweet,CarolineLucas,PeterTatchell,23
107524,Tweet,CarolineLucas,OfficeGSBrown,7
107233,Tweet,CarolineLucas,CarolineLucas,1
107588,Tweet,CarolineLucas,CarolineLucas,1
107734,Tweet,CarolineLucas,CarolineLucas,1
107277,Tweet,CarolineLucas,PippaCrerar,2
10099,Article,joecoscarelli,joecoscarelli,1
10008,Article,joecoscarelli,juliarebeccaj,4
10007,Article,joecoscarelli,sisario,2
10072,Article,joecoscarelli,sisario,9
10088,Article,joecoscarelli,BenWeiserNYT,18
10098,Article,joecoscarelli,EVincentelli,17
10060,Article,joecoscarelli,BenWeiserNYT,42
10029,Article,joecoscarelli,benkenigsberg,7
10054,Article,joecoscarelli,sisario,4
10041,Article,joecoscarelli,sisario,8
10052,Article,joecoscarelli,sisario,2
10034,Article,joecoscarelli,sisario,2
10068,Article,joecoscarelli,sisario,2
10048,Article,joecoscarelli,sisario,3
10021,Article,joecoscarelli,RichardFausset,2
10105,Tweet,joecoscarelli,gettinviggy,14
10188,Tweet,joecoscarelli,msmirandasawyer,25
10194,Tweet,joecoscarelli,TristramHuntVA,161
10145,Tweet,joecoscarelli,joncaramanica,3
10162,Tweet,joecoscarelli,joncaramanica,6
10142,Tweet,joecoscarelli,joncaramanica,5
10140,Tweet,joecoscarelli,joncaramanica,9
10170,Tweet,joecoscarelli,juliarebeccaj,18
10199,Tweet,joecoscarelli,joncaramanica,36
10119,Tweet,joecoscarelli,jhoffman,65
10172,Tweet,joecoscarelli,joncaramanica,2
10143,Tweet,joecoscarelli,andybrassell,134
10113,Tweet,joecoscarelli,joncaramanica,2
10163,Tweet,joecoscarelli,joncaramanica,7
10195,Tweet,joecoscarelli,joncaramanica,16
15271,Article,npfandos,charlie_savage,2
15284,Article,npfandos,hillhulse,3
15253,Article,npfandos,nytmike,7
15205,Article,npfandos,EllenBarryNYT,72
15258,Article,npfandos,hillhulse,3
15235,Article,npfandos,ESCochrane,4
15227,Article,npfandos,ESCochrane,4
15268,Article,npfandos,npfandos,1
15216,Article,npfandos,EllenBarryNYT,42
15209,Article,npfandos,nytmike,4
15243,Article,npfandos,ESCochrane,3
15262,Article,npfandos,ESCochrane,3
15240,Article,npfandos,hillhulse,3
15290,Article,npfandos,lukebroadwater,4
15233,Article,npfandos,ESCochrane,2
15339,Tweet,npfandos,npfandos,1
15390,Tweet,npfandos,PeterTatchell,33
15399,Tweet,npfandos,npfandos,1
15391,Tweet,npfandos,reidepstein,28
15312,Tweet,npfandos,reidepstein,9
15351,Tweet,npfandos,SherylNYT,9
15318,Tweet,npfandos,NeilMacFarquhar,3
15389,Tweet,npfandos,llerer,4
15385,Tweet,npfandos,aleksk,39
15368,Tweet,npfandos,hillhulse,3
15361,Tweet,npfandos,charlie_savage,26
15333,Tweet,npfandos,gettinviggy,24
15387,Tweet,npfandos,npfandos,1
15349,Tweet,npfandos,ByMattStevens,63
15325,Tweet,npfandos,npfandos,1
10677,Article,juliarebeccaj,RichardFausset,17
10605,Article,juliarebeccaj,MichaelPaulson,9
10607,Article,juliarebeccaj,ASoloski,64
10688,Article,juliarebeccaj,NeilMacFarquhar,83
10634,Article,juliarebeccaj,juliarebeccaj,1
10692,Article,juliarebeccaj,noamscheiber,18
10614,Article,juliarebeccaj,andybrassell,118
10681,Article,juliarebeccaj,charlie_savage,25
10662,Article,juliarebeccaj,adamliptak,67
10673,Article,juliarebeccaj,EVincentelli,70
10696,Article,juliarebeccaj,andrewrsorkin,47
10675,Article,juliarebeccaj,adamliptak,63
10632,Article,juliarebeccaj,NeilMacFarquhar,61
10624,Article,juliarebeccaj,sisario,30
10689,Article,juliarebeccaj,noamscheiber,13
10775,Tweet,juliarebeccaj,mlevenson,32
10792,Tweet,juliarebeccaj,BenWeiserNYT,8
10752,Tweet,juliarebeccaj,MichaelPaulson,2
10734,Tweet,juliarebeccaj,gailcollins,24
10705,Tweet,juliarebeccaj,PerriKlass,18
10761,Tweet,juliarebeccaj,zwoolfe,3
10711,Tweet,juliarebeccaj,viasimonromero,7
10770,Tweet,juliarebeccaj,mlevenson,23
10757,Tweet,juliarebeccaj,EmmaBubola,32
10724,Tweet,juliarebeccaj,DouthatNYT,163
10790,Tweet,juliarebeccaj,rpogrebin,2
10717,Tweet,juliarebeccaj,juliarebeccaj,1
10751,Tweet,juliarebeccaj,MichaelPaulson,2
10793,Tweet,juliarebeccaj,rpogrebin,2
10755,Tweet,juliarebeccaj,vwang3,5
9874,Article,jmart,npfandos,12
9897,Article,jmart,hillhulse,6
9844,Article,jmart,hillhulse,58
9852,Article,jmart,anniekarni,21
9877,Article,jmart,hillhulse,23
9834,Article,jmart,jimtankersley,18
9803,Article,jmart,hillhulse,13
9869,Article,jmart,hillhulse,12
9819,Article,jmart,alexanderburns,5
9883,Article,jmart,AnaSwanson,80
9813,Article,jmart,hillhulse,11
9887,Article,jmart,hillhulse,18
9814,Article,jmart,anniekarni,19
9825,Article,jmart,SharonLNYT,25
9833,Article,jmart,anniekarni,15
9972,Tweet,jmart,kannoyoungs,90
9949,Tweet,jmart,jmart,1
9947,Tweet,jmart,jmart,1
9999,Tweet,jmart,alanconnor,167
9935,Tweet,jmart,el_belson,71
9979,Tweet,jmart,SharonLNYT,24
9930,Tweet,jmart,alanconnor,175
9980,Tweet,jmart,jmart,1
9921,Tweet,jmart,msrachelcooke,316
9967,Tweet,jmart,jmart,1
9907,Tweet,jmart,smervosh,36
9976,Tweet,jmart,reidepstein,2
9902,Tweet,jmart,jmart,1
9989,Tweet,jmart,CeylanWrites,195
9916,Tweet,jmart,michelleinbklyn,32
34059,Article,jorifinkel,jorifinkel,1
34065,Article,jorifinkel,jorifinkel,1
34044,Article,jorifinkel,jorifinkel,1
34073,Article,jorifinkel,jorifinkel,1
34082,Article,jorifinkel,benkenigsberg,2
34093,Article,jorifinkel,jorifinkel,1
34055,Article,jorifinkel,jorifinkel,1
34091,Article,jorifinkel,GiniaNYT,59
34022,Article,jorifinkel,jorifinkel,1
34009,Article,jorifinkel,EVincentelli,2
34030,Article,jorifinkel,jorifinkel,1
34070,Article,jorifinkel,EVincentelli,15
34049,Article,jorifinkel,RachelDonadio,17
34037,Article,jorifinkel,dwightgarner,16
34035,Article,jorifinkel,benkenigsberg,4
34122,Tweet,jorifinkel,jonronson,122
34137,Tweet,jorifinkel,rpogrebin,2
34147,Tweet,jorifinkel,jorifinkel,1
34100,Tweet,jorifinkel,laurenlaverne,3
34124,Tweet,jorifinkel,emilybell,99
34169,Tweet,jorifinkel,rpogrebin,2
34157,Tweet,jorifinkel,mtomasky,33
34165,Tweet,jorifinkel,jorifinkel,1
34121,Tweet,jorifinkel,rpogrebin,2
34133,Tweet,jorifinkel,rpogrebin,2
34191,Tweet,jorifinkel,andrewrsorkin,103
34167,Tweet,jorifinkel,jorifinkel,1
34106,Tweet,jorifinkel,dwightgarner,23
34193,Tweet,jorifinkel,parul_sehgal,29
34146,Tweet,jorifinkel,GiniaNYT,117
12292,Article,liamstack,EmilyAnthes,59
12240,Article,liamstack,mikeives,9
12288,Article,liamstack,NeilMacFarquhar,27
12225,Article,liamstack,hillhulse,19
12244,Article,liamstack,BenWeiserNYT,13
12275,Article,liamstack,NeilMacFarquhar,19
12232,Article,liamstack,NeilMacFarquhar,23
12220,Article,liamstack,SharonLNYT,15
12209,Article,liamstack,RichardFausset,28
12205,Article,liamstack,BenWeiserNYT,9
12263,Article,liamstack,ianrausten,19
12270,Article,liamstack,smbahr14,65
12258,Article,liamstack,EllenBarryNYT,211
12268,Article,liamstack,vvfriedman,51
12284,Article,liamstack,ianrausten,56
12301,Tweet,liamstack,carlzimmer,28
12351,Tweet,liamstack,ElianPeltier,20
12342,Tweet,liamstack,viasimonromero,3
12337,Tweet,liamstack,NeilMacFarquhar,46
12375,Tweet,liamstack,mlevenson,21
12325,Tweet,liamstack,SherylNYT,10
12320,Tweet,liamstack,carlzimmer,20
12366,Tweet,liamstack,jasondhorowitz,13
12354,Tweet,liamstack,GiniaNYT,112
12380,Tweet,liamstack,sarahditum,88
12381,Tweet,liamstack,viasimonromero,11
12378,Tweet,liamstack,vwang3,79
12389,Tweet,liamstack,RoniNYTimes,19
12336,Tweet,liamstack,vvfriedman,13
12340,Tweet,liamstack,nnougayrede,96
31856,Article,PamBelluck,hillhulse,95
31820,Article,PamBelluck,adamliptak,105
31816,Article,PamBelluck,DouthatNYT,162
31828,Article,PamBelluck,SharonLNYT,16
31891,Article,PamBelluck,EllenBarryNYT,106
31829,Article,PamBelluck,ESCochrane,78
31894,Article,PamBelluck,hillhulse,119
31862,Article,PamBelluck,RichardFausset,33
31893,Article,PamBelluck,EllenBarryNYT,30
31869,Article,PamBelluck,LFFriedman,147
31879,Article,PamBelluck,apoorva_nyc,15
31841,Article,PamBelluck,ThevarSteffy,24
31806,Article,PamBelluck,hillhulse,112
31899,Article,PamBelluck,NeilMacFarquhar,21
31835,Article,PamBelluck,charlie_savage,45
31992,Tweet,PamBelluck,priyagupta999,8
31913,Tweet,PamBelluck,EmilyAnthes,12
31941,Tweet,PamBelluck,SharonLNYT,3
31954,Tweet,PamBelluck,debaratisen,2
31973,Tweet,PamBelluck,SharonLNYT,2
31955,Tweet,PamBelluck,jennydeluxe,104
31914,Tweet,PamBelluck,PamBelluck,1
31970,Tweet,PamBelluck,PamBelluck,1
31909,Tweet,PamBelluck,PamBelluck,1
31935,Tweet,PamBelluck,annanorthtweets,57
31921,Tweet,PamBelluck,PamBelluck,1
31963,Tweet,PamBelluck,GiniaNYT,55
31949,Tweet,PamBelluck,SharonLNYT,2
31984,Tweet,PamBelluck,RoniNYTimes,5
31960,Tweet,PamBelluck,PamBelluck,1
5014,Article,christophclarey,BenRothenberg,6
5060,Article,christophclarey,BenRothenberg,5
5067,Article,christophclarey,BenRothenberg,6
5052,Article,christophclarey,BenRothenberg,4
5051,Article,christophclarey,BenRothenberg,3
5044,Article,christophclarey,BenRothenberg,5
5077,Article,christophclarey,BenRothenberg,6
5009,Article,christophclarey,BenRothenberg,2
5050,Article,christophclarey,BenRothenberg,2
5016,Article,christophclarey,BenRothenberg,2
5035,Article,christophclarey,BenRothenberg,3
5086,Article,christophclarey,BenRothenberg,7
5054,Article,christophclarey,ianrausten,172
5066,Article,christophclarey,BenRothenberg,6
5031,Article,christophclarey,BenRothenberg,6
5137,Tweet,christophclarey,christophclarey,1
5154,Tweet,christophclarey,shattenstone,8
5163,Tweet,christophclarey,msrachelcooke,43
5132,Tweet,christophclarey,joncaramanica,68
5106,Tweet,christophclarey,BenRothenberg,4
5138,Tweet,christophclarey,christophclarey,1
5130,Tweet,christophclarey,joshwiddicombe,3
5157,Tweet,christophclarey,christophclarey,1
5114,Tweet,christophclarey,christophclarey,1
5115,Tweet,christophclarey,MattFutterman,17
5173,Tweet,christophclarey,sarahditum,148
5187,Tweet,christophclarey,christophclarey,1
5101,Tweet,christophclarey,jbouie,22
5180,Tweet,christophclarey,christophclarey,1
5158,Tweet,christophclarey,joshwiddicombe,2
18279,Article,rpogrebin,helenecooper,9
18269,Article,rpogrebin,jorifinkel,3
18214,Article,rpogrebin,smbahr14,25
18254,Article,rpogrebin,jorifinkel,5
18206,Article,rpogrebin,jorifinkel,4
18237,Article,rpogrebin,dwightgarner,65
18258,Article,rpogrebin,jorifinkel,11
18219,Article,rpogrebin,jorifinkel,2
18250,Article,rpogrebin,smbahr14,32
18257,Article,rpogrebin,jorifinkel,3
18259,Article,rpogrebin,smbahr14,19
18213,Article,rpogrebin,NeilMacFarquhar,25
18273,Article,rpogrebin,jorifinkel,2
18294,Article,rpogrebin,jorifinkel,3
18233,Article,rpogrebin,andrewrsorkin,32
18384,Tweet,rpogrebin,sarahchurchwell,7
18379,Tweet,rpogrebin,lauriegnyt,39
18374,Tweet,rpogrebin,jorifinkel,2
18385,Tweet,rpogrebin,FrankBruni,3
18386,Tweet,rpogrebin,rpogrebin,1
18312,Tweet,rpogrebin,priyagupta999,17
18318,Tweet,rpogrebin,Mahafreed_Irani,7
18391,Tweet,rpogrebin,rpogrebin,1
18317,Tweet,rpogrebin,rpogrebin,1
18380,Tweet,rpogrebin,SearleAdrian,3
18358,Tweet,rpogrebin,rpogrebin,1
18355,Tweet,rpogrebin,rpogrebin,1
18365,Tweet,rpogrebin,vvfriedman,2
18370,Tweet,rpogrebin,aleksk,211
18328,Tweet,rpogrebin,mohuadazz,2
185531,Article,HinaRohtaki,sandhyanairTOI,102
185457,Article,HinaRohtaki,aniljdias,26
185455,Article,HinaRohtaki,SidharthB25,45
185500,Article,HinaRohtaki,yusrahusain,19
185548,Article,HinaRohtaki,ThevarSteffy,4
185441,Article,HinaRohtaki,NewtonSTOI,72
185397,Article,HinaRohtaki,anandbodhTOI,109
185517,Article,HinaRohtaki,SidharthB25,55
185557,Article,HinaRohtaki,SidharthB25,16
185507,Article,HinaRohtaki,anandbodhTOI,63
185488,Article,HinaRohtaki,ThevarSteffy,12
185401,Article,HinaRohtaki,anandbodhTOI,59
185414,Article,HinaRohtaki,bishnoiarvind11,70
185494,Article,HinaRohtaki,SidharthB25,29
185463,Article,HinaRohtaki,ManjuVTOI,28
185638,Tweet,HinaRohtaki,HinaRohtaki,1
185619,Tweet,HinaRohtaki,HinaRohtaki,1
185599,Tweet,HinaRohtaki,27saurabhsinha,9
185592,Tweet,HinaRohtaki,rashmidTOI,7
185644,Tweet,HinaRohtaki,HinaRohtaki,1
185565,Tweet,HinaRohtaki,priyagupta999,2
185627,Tweet,HinaRohtaki,BhanupratapsTOI,15
185628,Tweet,HinaRohtaki,BhanupratapsTOI,6
185574,Tweet,HinaRohtaki,27saurabhsinha,5
185626,Tweet,HinaRohtaki,HinaRohtaki,1
185630,Tweet,HinaRohtaki,bishnoiarvind11,3
185617,Tweet,HinaRohtaki,priyagupta999,14
185563,Tweet,HinaRohtaki,smita_mishra,361
185650,Tweet,HinaRohtaki,HinaRohtaki,1
185573,Tweet,HinaRohtaki,HinaRohtaki,1
33847,Article,annanorthtweets,cdcaron,3
33887,Article,annanorthtweets,dwightgarner,10
33835,Article,annanorthtweets,tarasbernard,9
33850,Article,annanorthtweets,GiniaNYT,8
33898,Article,annanorthtweets,RachelDonadio,126
33839,Article,annanorthtweets,tarasbernard,3
33895,Article,annanorthtweets,andrewrsorkin,33
33879,Article,annanorthtweets,andrewrsorkin,3
33896,Article,annanorthtweets,annanorthtweets,1
33874,Article,annanorthtweets,julianbarnes,228
33816,Article,annanorthtweets,DouthatNYT,5
33833,Article,annanorthtweets,ditzkoff,16
33883,Article,annanorthtweets,EVincentelli,12
33875,Article,annanorthtweets,hillhulse,40
33800,Article,annanorthtweets,pete_wells,13
33961,Tweet,annanorthtweets,cdcaron,2
33906,Tweet,annanorthtweets,annanorthtweets,1
33970,Tweet,annanorthtweets,laurenlaverne,109
33991,Tweet,annanorthtweets,jennydeluxe,5
33988,Tweet,annanorthtweets,jennydeluxe,2
33941,Tweet,annanorthtweets,OfficeGSBrown,186
33908,Tweet,annanorthtweets,sarahlyall,8
33947,Tweet,annanorthtweets,elizabday,6
33976,Tweet,annanorthtweets,joshwiddicombe,195
33953,Tweet,annanorthtweets,jackschofield,157
33974,Tweet,annanorthtweets,joshwiddicombe,109
33901,Tweet,annanorthtweets,noamscheiber,105
33948,Tweet,annanorthtweets,rpogrebin,79
33986,Tweet,annanorthtweets,jennydeluxe,7
33903,Tweet,annanorthtweets,WilbyPeter,121
4893,Article,charlie_savage,julianbarnes,15
4863,Article,charlie_savage,charlie_savage,1
4814,Article,charlie_savage,julianbarnes,7
4825,Article,charlie_savage,charlie_savage,1
4899,Article,charlie_savage,nytmike,2
4838,Article,charlie_savage,adamliptak,4
4818,Article,charlie_savage,adamliptak,2
4852,Article,charlie_savage,ESCochrane,21
4819,Article,charlie_savage,nytmike,5
4827,Article,charlie_savage,charlie_savage,1
4830,Article,charlie_savage,adamliptak,4
4805,Article,charlie_savage,charlie_savage,1
4877,Article,charlie_savage,charlie_savage,1
4854,Article,charlie_savage,julianbarnes,4
4892,Article,charlie_savage,adamliptak,2
4935,Tweet,charlie_savage,dionnesearcey,58
4951,Tweet,charlie_savage,charlie_savage,1
4992,Tweet,charlie_savage,ceciliakang,76
4987,Tweet,charlie_savage,peterbakernyt,71
4919,Tweet,charlie_savage,SocialQPhilip,100
4945,Tweet,charlie_savage,charlie_savage,1
4912,Tweet,charlie_savage,charlie_savage,1
4947,Tweet,charlie_savage,EmmaBubola,64
4940,Tweet,charlie_savage,charlie_savage,1
4902,Tweet,charlie_savage,charlie_savage,1
4956,Tweet,charlie_savage,charlie_savage,1
4941,Tweet,charlie_savage,charlie_savage,1
4993,Tweet,charlie_savage,charlie_savage,1
4967,Tweet,charlie_savage,charlie_savage,1
4930,Tweet,charlie_savage,charlie_savage,1
25895,Article,jbouie,charlie_savage,171
25885,Article,jbouie,GlennThrush,94
25845,Article,jbouie,noamscheiber,75
25891,Article,jbouie,DouthatNYT,57
25860,Article,jbouie,hillhulse,28
25855,Article,jbouie,DouthatNYT,46
25843,Article,jbouie,jbouie,1
25804,Article,jbouie,hillhulse,32
25837,Article,jbouie,DouthatNYT,76
25835,Article,jbouie,bencasselman,63
25832,Article,jbouie,adamliptak,223
25826,Article,jbouie,michelleinbklyn,5
25877,Article,jbouie,DouthatNYT,6
25836,Article,jbouie,dwightgarner,136
25858,Article,jbouie,helenecooper,103
25977,Tweet,jbouie,jbouie,1
25938,Tweet,jbouie,LauraCummingArt,75
25933,Tweet,jbouie,msrachelcooke,5
25907,Tweet,jbouie,msrachelcooke,19
25901,Tweet,jbouie,msrachelcooke,3
25961,Tweet,jbouie,jennydeluxe,47
25986,Tweet,jbouie,DouthatNYT,5
25914,Tweet,jbouie,jbouie,1
25964,Tweet,jbouie,msmirandasawyer,29
25952,Tweet,jbouie,andrewrsorkin,23
25980,Tweet,jbouie,sangerkatz,51
25919,Tweet,jbouie,gailcollins,152
25925,Tweet,jbouie,JohnJCrace,19
25999,Tweet,jbouie,jbouie,1
25990,Tweet,jbouie,msrachelcooke,16
286,Article,alanfeuer,BenWeiserNYT,14
226,Article,alanfeuer,julianbarnes,12
246,Article,alanfeuer,RichardFausset,22
252,Article,alanfeuer,lukebroadwater,3
225,Article,alanfeuer,kenvogel,18
229,Article,alanfeuer,SharonLNYT,212
273,Article,alanfeuer,BenWeiserNYT,3
236,Article,alanfeuer,nytmike,11
250,Article,alanfeuer,charlie_savage,15
291,Article,alanfeuer,NeilMacFarquhar,35
243,Article,alanfeuer,NeilMacFarquhar,9
289,Article,alanfeuer,BenWeiserNYT,52
263,Article,alanfeuer,charlie_savage,17
295,Article,alanfeuer,charlie_savage,7
234,Article,alanfeuer,BenWeiserNYT,29
369,Tweet,alanfeuer,alanfeuer,1
310,Tweet,alanfeuer,NeilMacFarquhar,4
395,Tweet,alanfeuer,NYTLiz,30
365,Tweet,alanfeuer,alanfeuer,1
308,Tweet,alanfeuer,charlie_savage,10
333,Tweet,alanfeuer,nytmike,6
359,Tweet,alanfeuer,mlevenson,2
388,Tweet,alanfeuer,charlie_savage,7
398,Tweet,alanfeuer,dwightgarner,45
363,Tweet,alanfeuer,hillhulse,19
350,Tweet,alanfeuer,RichardFausset,8
349,Tweet,alanfeuer,alanfeuer,1
322,Tweet,alanfeuer,hillhulse,9
362,Tweet,alanfeuer,alanfeuer,1
313,Tweet,alanfeuer,alanfeuer,1
12487,Article,lukebroadwater,lukebroadwater,1
12468,Article,lukebroadwater,lukebroadwater,1
12444,Article,lukebroadwater,lukebroadwater,1
12446,Article,lukebroadwater,NeilMacFarquhar,6
12476,Article,lukebroadwater,kenvogel,2
12417,Article,lukebroadwater,hillhulse,9
12457,Article,lukebroadwater,hillhulse,7
12472,Article,lukebroadwater,lukebroadwater,1
12414,Article,lukebroadwater,ESCochrane,6
12438,Article,lukebroadwater,charlie_savage,2
12418,Article,lukebroadwater,RichardFausset,3
12436,Article,lukebroadwater,lukebroadwater,1
12479,Article,lukebroadwater,ESCochrane,2
12478,Article,lukebroadwater,anniekarni,17
12403,Article,lukebroadwater,lukebroadwater,1
12588,Tweet,lukebroadwater,nytmike,4
12562,Tweet,lukebroadwater,NYTLiz,208
12583,Tweet,lukebroadwater,NeilMacFarquhar,2
12596,Tweet,lukebroadwater,nytmike,2
12558,Tweet,lukebroadwater,nytmike,2
12556,Tweet,lukebroadwater,hugolowell,5
12507,Tweet,lukebroadwater,nytmike,2
12566,Tweet,lukebroadwater,lukebroadwater,1
12581,Tweet,lukebroadwater,mlevenson,17
12571,Tweet,lukebroadwater,charlie_savage,2
12567,Tweet,lukebroadwater,mlevenson,4
12529,Tweet,lukebroadwater,nytmike,5
12538,Tweet,lukebroadwater,hugolowell,4
12548,Tweet,lukebroadwater,jmart,7
12577,Tweet,lukebroadwater,hugolowell,3
28088,Article,jameskanter,_nicolaclark,4
28039,Article,jameskanter,NikiKitsantonis,2
28093,Article,jameskanter,jameskanter,1
28046,Article,jameskanter,jameskanter,1
28008,Article,jameskanter,_nicolaclark,3
28058,Article,jameskanter,noamscheiber,3
28043,Article,jameskanter,jameskanter,1
28075,Article,jameskanter,jameskanter,1
28052,Article,jameskanter,jameskanter,1
28041,Article,jameskanter,michaelcrowley,2
28050,Article,jameskanter,jameskanter,1
28035,Article,jameskanter,jameskanter,1
28016,Article,jameskanter,jameskanter,1
28089,Article,jameskanter,ericschmittnyt,87
28070,Article,jameskanter,jameskanter,1
28144,Tweet,jameskanter,jameskanter,1
28104,Tweet,jameskanter,nnougayrede,27
28196,Tweet,jameskanter,NeilMacFarquhar,2
28117,Tweet,jameskanter,stevenerlanger,66
28132,Tweet,jameskanter,ElianPeltier,47
28168,Tweet,jameskanter,tariqpanja,2
28193,Tweet,jameskanter,TristramHuntVA,273
28125,Tweet,jameskanter,nnougayrede,111
28150,Tweet,jameskanter,noamscheiber,12
28128,Tweet,jameskanter,sarahlyall,192
28130,Tweet,jameskanter,Bencjacobs,98
28120,Tweet,jameskanter,OLIVERBALCH,3
28184,Tweet,jameskanter,jennydeluxe,75
28151,Tweet,jameskanter,ElianPeltier,111
28199,Tweet,jameskanter,polblonde,252
7081,Article,el_belson,el_belson,1
7075,Article,el_belson,el_belson,1
7003,Article,el_belson,el_belson,1
7041,Article,el_belson,el_belson,1
7080,Article,el_belson,DavidWaldstein,2
7035,Article,el_belson,el_belson,1
7001,Article,el_belson,DavidWaldstein,3
7074,Article,el_belson,tariqpanja,4
7057,Article,el_belson,el_belson,1
7082,Article,el_belson,el_belson,1
7026,Article,el_belson,el_belson,1
7037,Article,el_belson,BenRothenberg,6
7071,Article,el_belson,el_belson,1
7056,Article,el_belson,DavidWaldstein,2
7023,Article,el_belson,el_belson,1
7131,Tweet,el_belson,el_belson,1
7149,Tweet,el_belson,nytDeniseGrady,2
7103,Tweet,el_belson,el_belson,1
7166,Tweet,el_belson,PamBelluck,186
7184,Tweet,el_belson,MattFutterman,7
7187,Tweet,el_belson,el_belson,1
7150,Tweet,el_belson,el_belson,1
7146,Tweet,el_belson,rpogrebin,3
7144,Tweet,el_belson,noamscheiber,4
7195,Tweet,el_belson,el_belson,1
7101,Tweet,el_belson,el_belson,1
7181,Tweet,el_belson,el_belson,1
7142,Tweet,el_belson,el_belson,1
7183,Tweet,el_belson,el_belson,1
7180,Tweet,el_belson,el_belson,1
6820,Article,ElianPeltier,apoorva_nyc,4
6880,Article,ElianPeltier,BellaKwai,28
6835,Article,ElianPeltier,NeilMacFarquhar,23
6846,Article,ElianPeltier,smbahr14,57
6891,Article,ElianPeltier,aurelienbrd,12
6811,Article,ElianPeltier,jameskanter,3
6810,Article,ElianPeltier,BellaKwai,26
6862,Article,ElianPeltier,samrob12,47
6855,Article,ElianPeltier,NYTBen,26
6828,Article,ElianPeltier,jorifinkel,58
6825,Article,ElianPeltier,DSlotnik,31
6830,Article,ElianPeltier,aurelienbrd,34
6899,Article,ElianPeltier,noamscheiber,18
6839,Article,ElianPeltier,NeilMacFarquhar,18
6896,Article,ElianPeltier,NeilMacFarquhar,26
6913,Tweet,ElianPeltier,nnougayrede,8
6963,Tweet,ElianPeltier,rpogrebin,45
6985,Tweet,ElianPeltier,EmmaBubola,5
6923,Tweet,ElianPeltier,aurelienbrd,26
6924,Tweet,ElianPeltier,BellaKwai,8
6957,Tweet,ElianPeltier,BellaKwai,3
6979,Tweet,ElianPeltier,markriceoxley69,36
6933,Tweet,ElianPeltier,mariellaf1,33
6947,Tweet,ElianPeltier,BellaKwai,6
6942,Tweet,ElianPeltier,ElianPeltier,1
6996,Tweet,ElianPeltier,nnougayrede,2
6916,Tweet,ElianPeltier,aurelienbrd,4
6928,Tweet,ElianPeltier,Lattif,11
6919,Tweet,ElianPeltier,stevenerlanger,4
6921,Tweet,ElianPeltier,shiba_kurian,10
35849,Article,KSchulten,dwightgarner,62
35830,Article,KSchulten,NeilMacFarquhar,193
35801,Article,KSchulten,smbahr14,47
35812,Article,KSchulten,EmilyAnthes,120
35870,Article,KSchulten,EllenBarryNYT,3
35852,Article,KSchulten,helenecooper,248
35807,Article,KSchulten,cdcaron,2
35850,Article,KSchulten,smbahr14,10
35820,Article,KSchulten,GiniaNYT,18
35864,Article,KSchulten,EllenBarryNYT,5
35829,Article,KSchulten,KSchulten,1
35898,Article,KSchulten,dwightgarner,125
35899,Article,KSchulten,RachelDonadio,2
35814,Article,KSchulten,KSchulten,1
35879,Article,KSchulten,andrewrsorkin,18
35948,Tweet,KSchulten,GiniaNYT,41
35961,Tweet,KSchulten,KSchulten,1
35985,Tweet,KSchulten,joshwiddicombe,97
35942,Tweet,KSchulten,jennydeluxe,3
35913,Tweet,KSchulten,elizabday,12
35949,Tweet,KSchulten,msrachelcooke,170
35953,Tweet,KSchulten,smita_mishra,2
35991,Tweet,KSchulten,sarahlyall,18
35932,Tweet,KSchulten,fmanjoo,47
35998,Tweet,KSchulten,elizabday,3
35935,Tweet,KSchulten,SwatiShindeTOI,5
35946,Tweet,KSchulten,elizabday,12
35958,Tweet,KSchulten,jennydeluxe,2
35957,Tweet,KSchulten,GiniaNYT,34
35975,Tweet,KSchulten,jennydeluxe,8
32884,Article,RoniNYTimes,nytDeniseGrady,6
32820,Article,RoniNYTimes,nytDeniseGrady,3
32862,Article,RoniNYTimes,apoorva_nyc,3
32824,Article,RoniNYTimes,EllenBarryNYT,7
32827,Article,RoniNYTimes,RoniNYTimes,1
32840,Article,RoniNYTimes,RoniNYTimes,1
32875,Article,RoniNYTimes,RoniNYTimes,1
32893,Article,RoniNYTimes,EllenBarryNYT,3
32837,Article,RoniNYTimes,nytDeniseGrady,2
32832,Article,RoniNYTimes,apoorva_nyc,3
32801,Article,RoniNYTimes,DouthatNYT,148
32856,Article,RoniNYTimes,SharonLNYT,4
32855,Article,RoniNYTimes,pete_wells,152
32876,Article,RoniNYTimes,RoniNYTimes,1
32877,Article,RoniNYTimes,SharonLNYT,20
32994,Tweet,RoniNYTimes,RoniNYTimes,1
32968,Tweet,RoniNYTimes,NYTLiz,22
32911,Tweet,RoniNYTimes,nytDeniseGrady,4
32908,Tweet,RoniNYTimes,vanbadham,9
32926,Tweet,RoniNYTimes,carlzimmer,6
32907,Tweet,RoniNYTimes,sermoninstone,167
32918,Tweet,RoniNYTimes,RoniNYTimes,1
32969,Tweet,RoniNYTimes,nytDeniseGrady,3
32913,Tweet,RoniNYTimes,polblonde,93
32938,Tweet,RoniNYTimes,nytDeniseGrady,2
32904,Tweet,RoniNYTimes,mlevenson,33
32953,Tweet,RoniNYTimes,tarasbernard,9
32900,Tweet,RoniNYTimes,nytDeniseGrady,6
32995,Tweet,RoniNYTimes,RoniNYTimes,1
32982,Tweet,RoniNYTimes,sarahditum,205
196834,Article,nauzerbTOI,nauzerbTOI,1
196940,Article,nauzerbTOI,nauzerbTOI,1
196904,Article,nauzerbTOI,NewtonSTOI,2
196898,Article,nauzerbTOI,parthasinha,6
196949,Article,nauzerbTOI,richapintoi,2
196959,Article,nauzerbTOI,nauzerbTOI,1
196824,Article,nauzerbTOI,DouthatNYT,13
196731,Article,nauzerbTOI,nauzerbTOI,1
196801,Article,nauzerbTOI,NewtonSTOI,4
196730,Article,nauzerbTOI,nauzerbTOI,1
196924,Article,nauzerbTOI,rajendrasTOI,2
196936,Article,nauzerbTOI,nauzerbTOI,1
196896,Article,nauzerbTOI,ThevarSteffy,7
196789,Article,nauzerbTOI,toi_dhananjayM,2
196816,Article,nauzerbTOI,nauzerbTOI,1
197046,Tweet,nauzerbTOI,msrachelcooke,163
197063,Tweet,nauzerbTOI,msrachelcooke,198
196989,Tweet,nauzerbTOI,sarahlyall,67
197049,Tweet,nauzerbTOI,GiniaNYT,28
196991,Tweet,nauzerbTOI,sarahlyall,29
197041,Tweet,nauzerbTOI,sandhyanairTOI,6
197030,Tweet,nauzerbTOI,shafaquealamTOI,4
196997,Tweet,nauzerbTOI,priyagupta999,253
196974,Tweet,nauzerbTOI,smita_mishra,33
196979,Tweet,nauzerbTOI,Gauraw2297,12
197001,Tweet,nauzerbTOI,petleepeter,12
197068,Tweet,nauzerbTOI,aditya_bh16,248
196976,Tweet,nauzerbTOI,priyagupta999,132
196982,Tweet,nauzerbTOI,TanyaGold1,201
196990,Tweet,nauzerbTOI,mohuadazz,71
15474,Article,NYTBen,NeilMacFarquhar,2
15471,Article,NYTBen,dwightgarner,5
15486,Article,NYTBen,NeilMacFarquhar,3
15485,Article,NYTBen,NYTBen,1
15450,Article,NYTBen,helenecooper,3
15487,Article,NYTBen,NYTBen,1
15497,Article,NYTBen,NeilMacFarquhar,5
15418,Article,NYTBen,NYTBen,1
15409,Article,NYTBen,NYTBen,1
15443,Article,NYTBen,NYTBen,1
15439,Article,NYTBen,NYTBen,1
15495,Article,NYTBen,NYTBen,1
15457,Article,NYTBen,NYTBen,1
15434,Article,NYTBen,jorifinkel,10
15413,Article,NYTBen,ewong,10
15508,Tweet,NYTBen,NYTBen,1
15588,Tweet,NYTBen,SangerNYT,93
15544,Tweet,NYTBen,nytdavidbrooks,208
15509,Tweet,NYTBen,NeilMacFarquhar,3
15594,Tweet,NYTBen,meddynyt,79
15530,Tweet,NYTBen,NYTBen,1
15559,Tweet,NYTBen,priyagupta999,113
15537,Tweet,NYTBen,suilee,31
15560,Tweet,NYTBen,andrewrsorkin,3
15569,Tweet,NYTBen,andrewrsorkin,2
15574,Tweet,NYTBen,Lattif,60
15504,Tweet,NYTBen,Lattif,10
15519,Tweet,NYTBen,attackerman,123
15573,Tweet,NYTBen,joncaramanica,240
15580,Tweet,NYTBen,charlie_savage,2
3870,Article,brooksbarnesNYT,brooksbarnesNYT,1
3897,Article,brooksbarnesNYT,CeylanWrites,4
3896,Article,brooksbarnesNYT,marcatracy,10
3803,Article,brooksbarnesNYT,kylebuchanan,2
3817,Article,brooksbarnesNYT,brooksbarnesNYT,1
3827,Article,brooksbarnesNYT,noamscheiber,3
3886,Article,brooksbarnesNYT,brooksbarnesNYT,1
3811,Article,brooksbarnesNYT,BenWeiserNYT,8
3818,Article,brooksbarnesNYT,andrewrsorkin,3
3835,Article,brooksbarnesNYT,brooksbarnesNYT,1
3883,Article,brooksbarnesNYT,brooksbarnesNYT,1
3845,Article,brooksbarnesNYT,bencasselman,2
3839,Article,brooksbarnesNYT,MichaelPaulson,2
3855,Article,brooksbarnesNYT,charlie_savage,47
3832,Article,brooksbarnesNYT,ditzkoff,3
3987,Tweet,brooksbarnesNYT,vwang3,15
3957,Tweet,brooksbarnesNYT,ASoloski,3
3966,Tweet,brooksbarnesNYT,brooksbarnesNYT,1
3936,Tweet,brooksbarnesNYT,brooksbarnesNYT,1
3995,Tweet,brooksbarnesNYT,PamBelluck,326
3952,Tweet,brooksbarnesNYT,brooksbarnesNYT,1
3920,Tweet,brooksbarnesNYT,andrewrsorkin,8
3989,Tweet,brooksbarnesNYT,mlevenson,3
3921,Tweet,brooksbarnesNYT,wesley_morris,2
3912,Tweet,brooksbarnesNYT,FlitterOnFraud,2
3900,Tweet,brooksbarnesNYT,PamBelluck,14
3949,Tweet,brooksbarnesNYT,sisario,2
3940,Tweet,brooksbarnesNYT,desaisantosh,201
3959,Tweet,brooksbarnesNYT,KeithBradsher,6
3947,Tweet,brooksbarnesNYT,brooksbarnesNYT,1
27056,Article,wesley_morris,benkenigsberg,3
27031,Article,wesley_morris,EVincentelli,3
27009,Article,wesley_morris,EVincentelli,2
27059,Article,wesley_morris,EVincentelli,5
27091,Article,wesley_morris,EVincentelli,3
27097,Article,wesley_morris,benkenigsberg,5
27029,Article,wesley_morris,benkenigsberg,5
27032,Article,wesley_morris,sisario,13
27084,Article,wesley_morris,EVincentelli,5
27078,Article,wesley_morris,EVincentelli,4
27076,Article,wesley_morris,dwightgarner,3
27017,Article,wesley_morris,bykaren,64
27062,Article,wesley_morris,NeilMacFarquhar,27
27083,Article,wesley_morris,DouthatNYT,6
27080,Article,wesley_morris,dwightgarner,11
27150,Tweet,wesley_morris,wesley_morris,1
27197,Tweet,wesley_morris,GiniaNYT,2
27170,Tweet,wesley_morris,ASoloski,6
27124,Tweet,wesley_morris,elizabday,11
27106,Tweet,wesley_morris,GiniaNYT,5
27141,Tweet,wesley_morris,jennydeluxe,18
27103,Tweet,wesley_morris,ASoloski,4
27127,Tweet,wesley_morris,joshwiddicombe,246
27104,Tweet,wesley_morris,vanbadham,239
27194,Tweet,wesley_morris,laurenlaverne,69
27108,Tweet,wesley_morris,wesley_morris,1
27166,Tweet,wesley_morris,msmirandasawyer,4
27113,Tweet,wesley_morris,pete_wells,14
27182,Tweet,wesley_morris,kylebuchanan,2
27139,Tweet,wesley_morris,melissaclark,3
13805,Article,michelleinbklyn,michelleinbklyn,1
13848,Article,michelleinbklyn,cdcaron,10
13847,Article,michelleinbklyn,michelleinbklyn,1
13836,Article,michelleinbklyn,michelleinbklyn,1
13858,Article,michelleinbklyn,NeilMacFarquhar,37
13819,Article,michelleinbklyn,marcatracy,83
13853,Article,michelleinbklyn,dwightgarner,6
13889,Article,michelleinbklyn,hillhulse,6
13800,Article,michelleinbklyn,lukebroadwater,34
13843,Article,michelleinbklyn,PatrickKingsley,8
13841,Article,michelleinbklyn,kylebuchanan,95
13842,Article,michelleinbklyn,NeilMacFarquhar,4
13838,Article,michelleinbklyn,apoorva_nyc,37
13828,Article,michelleinbklyn,michelleinbklyn,1
13850,Article,michelleinbklyn,apoorva_nyc,3
13988,Tweet,michelleinbklyn,nytDeniseGrady,371
13917,Tweet,michelleinbklyn,michelleinbklyn,1
13912,Tweet,michelleinbklyn,michelleinbklyn,1
13921,Tweet,michelleinbklyn,msrachelcooke,111
13946,Tweet,michelleinbklyn,DouthatNYT,4
13982,Tweet,michelleinbklyn,DouthatNYT,3
13938,Tweet,michelleinbklyn,gailcollins,68
13995,Tweet,michelleinbklyn,GiniaNYT,8
13959,Tweet,michelleinbklyn,DouthatNYT,3
13908,Tweet,michelleinbklyn,DouthatNYT,4
13927,Tweet,michelleinbklyn,michelleinbklyn,1
13957,Tweet,michelleinbklyn,charlie_savage,100
13967,Tweet,michelleinbklyn,jbouie,24
13993,Tweet,michelleinbklyn,DouthatNYT,3
13934,Tweet,michelleinbklyn,andrewrsorkin,4
215476,Article,SwatiShindeTOI,ThevarSteffy,2
215514,Article,SwatiShindeTOI,minatisinghaTOI,11
215544,Article,SwatiShindeTOI,niyatiparikhTOI,2
215565,Article,SwatiShindeTOI,SwatiShindeTOI,1
215518,Article,SwatiShindeTOI,SwatiShindeTOI,1
215409,Article,SwatiShindeTOI,SwatiShindeTOI,1
215390,Article,SwatiShindeTOI,SwatiShindeTOI,1
215539,Article,SwatiShindeTOI,SwatiShindeTOI,1
215412,Article,SwatiShindeTOI,SwatiShindeTOI,1
215330,Article,SwatiShindeTOI,SwatiShindeTOI,1
215395,Article,SwatiShindeTOI,ramendrasTOI,27
215389,Article,SwatiShindeTOI,SwatiShindeTOI,1
215488,Article,SwatiShindeTOI,SwatiShindeTOI,1
215531,Article,SwatiShindeTOI,SwatiShindeTOI,1
215463,Article,SwatiShindeTOI,SwatiShindeTOI,1
215582,Tweet,SwatiShindeTOI,ronojoy_sen,20
215653,Tweet,SwatiShindeTOI,utejonmayamTOI,27
215595,Tweet,SwatiShindeTOI,SwatiShindeTOI,1
215652,Tweet,SwatiShindeTOI,MohitaTOI,31
215625,Tweet,SwatiShindeTOI,ramarkosg,9
215649,Tweet,SwatiShindeTOI,msrachelcooke,202
215669,Tweet,SwatiShindeTOI,priyagupta999,3
215670,Tweet,SwatiShindeTOI,ramarkosg,124
215593,Tweet,SwatiShindeTOI,sermoninstone,46
215613,Tweet,SwatiShindeTOI,priyagupta999,2
215667,Tweet,SwatiShindeTOI,sermoninstone,22
215580,Tweet,SwatiShindeTOI,Gauraw2297,4
215660,Tweet,SwatiShindeTOI,Gauraw2297,24
215605,Tweet,SwatiShindeTOI,NirupaTOI,3
215600,Tweet,SwatiShindeTOI,toi_dhananjayM,72
209131,Article,sermoninstone,sermoninstone,1
209156,Article,sermoninstone,sermoninstone,1
209143,Article,sermoninstone,sermoninstone,1
209179,Article,sermoninstone,saumyajitbTOI,181
209200,Article,sermoninstone,sermoninstone,1
209178,Article,sermoninstone,sermoninstone,1
209132,Article,sermoninstone,saumyajitbTOI,161
209125,Article,sermoninstone,sarfrazmanzoor,10
209185,Article,sermoninstone,andybrassell,31
209216,Article,sermoninstone,sermoninstone,1
209170,Article,sermoninstone,sermoninstone,1
209165,Article,sermoninstone,sermoninstone,1
209201,Article,sermoninstone,meeravohraTOI,4
209191,Article,sermoninstone,sermoninstone,1
209213,Article,sermoninstone,sermoninstone,1
209282,Tweet,sermoninstone,sermoninstone,1
209312,Tweet,sermoninstone,smita_mishra,2
209243,Tweet,sermoninstone,sermoninstone,1
209270,Tweet,sermoninstone,LauraCummingArt,77
209261,Tweet,sermoninstone,jbouie,238
209324,Tweet,sermoninstone,andybrassell,6
209319,Tweet,sermoninstone,elizabday,2
209256,Tweet,sermoninstone,sarahditum,117
209330,Tweet,sermoninstone,GiniaNYT,232
209264,Tweet,sermoninstone,smita_mishra,5
209298,Tweet,sermoninstone,sarahditum,143
209297,Tweet,sermoninstone,polblonde,72
209272,Tweet,sermoninstone,MonaChalabi,118
209290,Tweet,sermoninstone,priyagupta999,5
209322,Tweet,sermoninstone,JohnJCrace,117
31402,Article,sangerkatz,sangerkatz,1
31484,Article,sangerkatz,hillhulse,2
31426,Article,sangerkatz,sangerkatz,1
31448,Article,sangerkatz,sangerkatz,1
31499,Article,sangerkatz,sangerkatz,1
31487,Article,sangerkatz,tarasbernard,4
31401,Article,sangerkatz,sangerkatz,1
31416,Article,sangerkatz,ESCochrane,2
31459,Article,sangerkatz,hillhulse,3
31475,Article,sangerkatz,ESCochrane,2
31425,Article,sangerkatz,ESCochrane,3
31417,Article,sangerkatz,SharonLNYT,2
31498,Article,sangerkatz,sangerkatz,1
31461,Article,sangerkatz,jbouie,30
31407,Article,sangerkatz,SharonLNYT,4
31519,Tweet,sangerkatz,ESCochrane,6
31549,Tweet,sangerkatz,alanconnor,42
31536,Tweet,sangerkatz,charlie_savage,60
31510,Tweet,sangerkatz,sangerkatz,1
31560,Tweet,sangerkatz,desaisantosh,170
31513,Tweet,sangerkatz,charlie_savage,2
31507,Tweet,sangerkatz,andrewrsorkin,3
31533,Tweet,sangerkatz,carlzimmer,7
31569,Tweet,sangerkatz,suilee,8
31523,Tweet,sangerkatz,michelleinbklyn,20
31559,Tweet,sangerkatz,PamBelluck,2
31515,Tweet,sangerkatz,sangerkatz,1
31575,Tweet,sangerkatz,OLIVERBALCH,40
31506,Tweet,sangerkatz,sangerkatz,1
31588,Tweet,sangerkatz,sangerkatz,1
173615,Article,AnujaJaiswalTOI,yusrahusain,7
173508,Article,AnujaJaiswalTOI,ManjuVTOI,4
173677,Article,AnujaJaiswalTOI,NewtonSTOI,60
173515,Article,AnujaJaiswalTOI,AtulMathur_,24
173494,Article,AnujaJaiswalTOI,AnujaJaiswalTOI,1
173479,Article,AnujaJaiswalTOI,AtulMathur_,55
173648,Article,AnujaJaiswalTOI,yusrahusain,27
173686,Article,AnujaJaiswalTOI,rajendrasTOI,41
173647,Article,AnujaJaiswalTOI,ThevarSteffy,3
173707,Article,AnujaJaiswalTOI,ThevarSteffy,6
173679,Article,AnujaJaiswalTOI,dipakdashTOI,38
173534,Article,AnujaJaiswalTOI,ThevarSteffy,4
173710,Article,AnujaJaiswalTOI,rajendrasTOI,46
173629,Article,AnujaJaiswalTOI,ThevarSteffy,7
173691,Article,AnujaJaiswalTOI,AtulMathur_,6
173729,Tweet,AnujaJaiswalTOI,PNaveenTOI,37
173725,Tweet,AnujaJaiswalTOI,polblonde,200
173730,Tweet,AnujaJaiswalTOI,akhileshsTOI,32
173748,Tweet,AnujaJaiswalTOI,somitsenTOI,3
173733,Tweet,AnujaJaiswalTOI,AnujaJaiswalTOI,1
173756,Tweet,AnujaJaiswalTOI,carlzimmer,14
173727,Tweet,AnujaJaiswalTOI,PamBelluck,18
173743,Tweet,AnujaJaiswalTOI,durgeshjhaTOI,2
173772,Tweet,AnujaJaiswalTOI,AnujaJaiswalTOI,1
173745,Tweet,AnujaJaiswalTOI,vvfriedman,246
173734,Tweet,AnujaJaiswalTOI,durgeshjhaTOI,2
173762,Tweet,AnujaJaiswalTOI,nytDeniseGrady,6
173744,Tweet,AnujaJaiswalTOI,rishachitlangia,20
173751,Tweet,AnujaJaiswalTOI,AnujaJaiswalTOI,1
173752,Tweet,AnujaJaiswalTOI,durgeshjhaTOI,4
21688,Article,helenecooper,julianbarnes,2
21656,Article,helenecooper,ericschmittnyt,7
21685,Article,helenecooper,julianbarnes,4
21607,Article,helenecooper,helenecooper,1
21678,Article,helenecooper,ericschmittnyt,5
21615,Article,helenecooper,ericschmittnyt,3
21665,Article,helenecooper,julianbarnes,3
21645,Article,helenecooper,ericschmittnyt,6
21625,Article,helenecooper,helenecooper,1
21641,Article,helenecooper,julianbarnes,2
21658,Article,helenecooper,helenecooper,1
21670,Article,helenecooper,helenecooper,1
21654,Article,helenecooper,ericschmittnyt,3
21606,Article,helenecooper,ericschmittnyt,2
21648,Article,helenecooper,helenecooper,1
21794,Tweet,helenecooper,samsifton,48
21735,Tweet,helenecooper,tomfriedman,162
21769,Tweet,helenecooper,joncaramanica,214
21786,Tweet,helenecooper,saumyajitbTOI,8
21783,Tweet,helenecooper,NYTLiz,6
21711,Tweet,helenecooper,GiniaNYT,40
21753,Tweet,helenecooper,helenecooper,1
21798,Tweet,helenecooper,mtomasky,8
21708,Tweet,helenecooper,apoorva_nyc,62
21795,Tweet,helenecooper,vanbadham,177
21787,Tweet,helenecooper,msrachelcooke,275
21790,Tweet,helenecooper,JessicaValenti,185
21745,Tweet,helenecooper,SocialQPhilip,211
21748,Tweet,helenecooper,melissaclark,126
21742,Tweet,helenecooper,vvfriedman,144
26007,Article,kenvogel,michaelcrowley,18
26008,Article,kenvogel,BenWeiserNYT,2
26088,Article,kenvogel,michaelcrowley,13
26031,Article,kenvogel,julianbarnes,9
26006,Article,kenvogel,michaelcrowley,5
26009,Article,kenvogel,kenvogel,1
26018,Article,kenvogel,hillhulse,17
26055,Article,kenvogel,michaelcrowley,2
26016,Article,kenvogel,hillhulse,11
26061,Article,kenvogel,NeilMacFarquhar,44
26091,Article,kenvogel,hillhulse,18
26086,Article,kenvogel,michaelcrowley,3
26042,Article,kenvogel,ShaneGoldmacher,2
26092,Article,kenvogel,kenvogel,1
26044,Article,kenvogel,kenvogel,1
26169,Tweet,kenvogel,joshwiddicombe,53
26143,Tweet,kenvogel,tomfriedman,118
26155,Tweet,kenvogel,andybrassell,380
26130,Tweet,kenvogel,MonaChalabi,55
26107,Tweet,kenvogel,jbouie,216
26183,Tweet,kenvogel,msrachelcooke,372
26129,Tweet,kenvogel,ShaneGoldmacher,4
26121,Tweet,kenvogel,DavidWaldstein,95
26109,Tweet,kenvogel,charlie_savage,7
26145,Tweet,kenvogel,OwenJones84,271
26186,Tweet,kenvogel,joshwiddicombe,220
26118,Tweet,kenvogel,kenvogel,1
26135,Tweet,kenvogel,jonpareles,114
26180,Tweet,kenvogel,BenWeiserNYT,20
26152,Tweet,kenvogel,charlie_savage,20
23097,Article,genznyt,samrob12,3
23026,Article,genznyt,BenRothenberg,26
23064,Article,genznyt,genznyt,1
23036,Article,genznyt,samrob12,3
23068,Article,genznyt,samrob12,3
23086,Article,genznyt,genznyt,1
23092,Article,genznyt,samrob12,3
23031,Article,genznyt,samrob12,2
23017,Article,genznyt,RichardFausset,137
23066,Article,genznyt,samrob12,2
23046,Article,genznyt,samrob12,2
23011,Article,genznyt,samrob12,3
23099,Article,genznyt,samrob12,3
23051,Article,genznyt,genznyt,1
23057,Article,genznyt,genznyt,1
23189,Tweet,genznyt,viasimonromero,124
23192,Tweet,genznyt,GiniaNYT,238
23162,Tweet,genznyt,salihughes,238
23165,Tweet,genznyt,DavidWaldstein,254
23174,Tweet,genznyt,garyyounge,111
23178,Tweet,genznyt,SherylNYT,214
23170,Tweet,genznyt,genznyt,1
23146,Tweet,genznyt,PamBelluck,28
23139,Tweet,genznyt,CeylanWrites,117
23138,Tweet,genznyt,genznyt,1
23186,Tweet,genznyt,ollywainwright,55
23118,Tweet,genznyt,genznyt,1
23150,Tweet,genznyt,RichSandomir,3
23122,Tweet,genznyt,mlevenson,13
23184,Tweet,genznyt,jonpareles,104
20229,Article,ditzkoff,EVincentelli,5
20211,Article,ditzkoff,ditzkoff,1
20243,Article,ditzkoff,brooksbarnesNYT,5
20237,Article,ditzkoff,ditzkoff,1
20251,Article,ditzkoff,brooksbarnesNYT,28
20254,Article,ditzkoff,kylebuchanan,3
20262,Article,ditzkoff,el_belson,11
20294,Article,ditzkoff,MichaelPaulson,18
20273,Article,ditzkoff,brooksbarnesNYT,4
20279,Article,ditzkoff,ditzkoff,1
20220,Article,ditzkoff,ditzkoff,1
20270,Article,ditzkoff,EVincentelli,4
20278,Article,ditzkoff,ditzkoff,1
20281,Article,ditzkoff,benkenigsberg,7
20224,Article,ditzkoff,cdcaron,40
20349,Tweet,ditzkoff,joncaramanica,87
20358,Tweet,ditzkoff,msrachelcooke,14
20355,Tweet,ditzkoff,msrachelcooke,38
20327,Tweet,ditzkoff,joshwiddicombe,146
20312,Tweet,ditzkoff,ditzkoff,1
20325,Tweet,ditzkoff,msrachelcooke,54
20342,Tweet,ditzkoff,LauraCummingArt,33
20383,Tweet,ditzkoff,alanconnor,199
20360,Tweet,ditzkoff,jonpareles,35
20393,Tweet,ditzkoff,polblonde,249
20311,Tweet,ditzkoff,msrachelcooke,20
20386,Tweet,ditzkoff,joshwiddicombe,306
20333,Tweet,ditzkoff,jbouie,28
20387,Tweet,ditzkoff,TanyaGold1,4
20368,Tweet,ditzkoff,gettleman,280
5867,Article,DavidWaldstein,BenRothenberg,2
5877,Article,DavidWaldstein,DavidWaldstein,1
5875,Article,DavidWaldstein,DavidWaldstein,1
5873,Article,DavidWaldstein,BenRothenberg,2
5891,Article,DavidWaldstein,EVincentelli,22
5894,Article,DavidWaldstein,BenRothenberg,2
5856,Article,DavidWaldstein,DavidWaldstein,1
5845,Article,DavidWaldstein,ByJamesWagner,2
5802,Article,DavidWaldstein,BenRothenberg,6
5840,Article,DavidWaldstein,DavidWaldstein,1
5866,Article,DavidWaldstein,ByJamesWagner,2
5874,Article,DavidWaldstein,noamscheiber,11
5899,Article,DavidWaldstein,RachelDonadio,468
5825,Article,DavidWaldstein,EllenBarryNYT,130
5885,Article,DavidWaldstein,ByJamesWagner,2
5910,Tweet,DavidWaldstein,mlevenson,107
5921,Tweet,DavidWaldstein,GiniaNYT,4
5932,Tweet,DavidWaldstein,SocialQPhilip,361
5949,Tweet,DavidWaldstein,DavidWaldstein,1
5963,Tweet,DavidWaldstein,DavidWaldstein,1
5911,Tweet,DavidWaldstein,shattenstone,57
5964,Tweet,DavidWaldstein,SarahMaslinNir,17
5991,Tweet,DavidWaldstein,viasimonromero,384
5973,Tweet,DavidWaldstein,sarahlyall,9
5941,Tweet,DavidWaldstein,msrachelcooke,37
5913,Tweet,DavidWaldstein,DavidWaldstein,1
5974,Tweet,DavidWaldstein,MattFutterman,130
5930,Tweet,DavidWaldstein,DavidWaldstein,1
5956,Tweet,DavidWaldstein,kiracochrane,267
5946,Tweet,DavidWaldstein,jennydeluxe,3
10875,Article,jwpetersNYT,adamliptak,55
10846,Article,jwpetersNYT,hillhulse,13
10816,Article,jwpetersNYT,DouthatNYT,66
10892,Article,jwpetersNYT,marcatracy,46
10821,Article,jwpetersNYT,hillhulse,27
10828,Article,jwpetersNYT,NeilMacFarquhar,24
10884,Article,jwpetersNYT,RichardFausset,8
10893,Article,jwpetersNYT,apoorva_nyc,18
10803,Article,jwpetersNYT,RichardFausset,29
10866,Article,jwpetersNYT,adamliptak,30
10823,Article,jwpetersNYT,tarasbernard,106
10888,Article,jwpetersNYT,tripgabriel,19
10832,Article,jwpetersNYT,lukebroadwater,37
10858,Article,jwpetersNYT,npfandos,48
10859,Article,jwpetersNYT,hillhulse,9
10921,Tweet,jwpetersNYT,DouthatNYT,24
10900,Tweet,jwpetersNYT,jwpetersNYT,1
10993,Tweet,jwpetersNYT,gailcollins,3
10906,Tweet,jwpetersNYT,DouthatNYT,38
10932,Tweet,jwpetersNYT,DouthatNYT,19
10979,Tweet,jwpetersNYT,gailcollins,3
10974,Tweet,jwpetersNYT,richardwolffedc,2
10965,Tweet,jwpetersNYT,anniekarni,3
10927,Tweet,jwpetersNYT,PeterTatchell,69
10970,Tweet,jwpetersNYT,viasimonromero,2
10929,Tweet,jwpetersNYT,richardwolffedc,2
10953,Tweet,jwpetersNYT,richardwolffedc,3
10999,Tweet,jwpetersNYT,michelleinbklyn,29
10940,Tweet,jwpetersNYT,jmart,5
10923,Tweet,jwpetersNYT,michelleinbklyn,24
15011,Article,noamscheiber,bencasselman,3
15079,Article,noamscheiber,noamscheiber,1
15007,Article,noamscheiber,noamscheiber,1
15001,Article,noamscheiber,el_belson,10
15074,Article,noamscheiber,noamscheiber,1
15042,Article,noamscheiber,noamscheiber,1
15094,Article,noamscheiber,noamscheiber,1
15062,Article,noamscheiber,noamscheiber,1
15005,Article,noamscheiber,noamscheiber,1
15057,Article,noamscheiber,noamscheiber,1
15022,Article,noamscheiber,noamscheiber,1
15070,Article,noamscheiber,bencasselman,4
15084,Article,noamscheiber,noamscheiber,1
15064,Article,noamscheiber,EllenBarryNYT,125
15029,Article,noamscheiber,tarasbernard,3
15133,Tweet,noamscheiber,paulkrugman,2
15167,Tweet,noamscheiber,noamscheiber,1
15192,Tweet,noamscheiber,paulkrugman,2
15143,Tweet,noamscheiber,paulkrugman,117
15161,Tweet,noamscheiber,toi_dhananjayM,2
15120,Tweet,noamscheiber,jimtankersley,3
15157,Tweet,noamscheiber,noamscheiber,1
15126,Tweet,noamscheiber,noamscheiber,1
15159,Tweet,noamscheiber,noamscheiber,1
15173,Tweet,noamscheiber,paulkrugman,2
15183,Tweet,noamscheiber,gettinviggy,6
15139,Tweet,noamscheiber,noamscheiber,1
15193,Tweet,noamscheiber,bencasselman,14
15153,Tweet,noamscheiber,noamscheiber,1
15136,Tweet,noamscheiber,noamscheiber,1
8694,Article,hillhulse,hillhulse,1
8642,Article,hillhulse,hillhulse,1
8697,Article,hillhulse,hillhulse,1
8680,Article,hillhulse,hillhulse,1
8606,Article,hillhulse,hillhulse,1
8672,Article,hillhulse,hillhulse,1
8652,Article,hillhulse,hillhulse,1
8647,Article,hillhulse,hillhulse,1
8689,Article,hillhulse,helenecooper,4
8696,Article,hillhulse,adamliptak,2
8656,Article,hillhulse,hillhulse,1
8613,Article,hillhulse,anniekarni,2
8607,Article,hillhulse,hillhulse,1
8600,Article,hillhulse,lukebroadwater,3
8629,Article,hillhulse,toi_dhananjayM,14
8780,Tweet,hillhulse,hillhulse,1
8771,Tweet,hillhulse,ESCochrane,3
8737,Tweet,hillhulse,charlie_savage,2
8790,Tweet,hillhulse,ESCochrane,2
8715,Tweet,hillhulse,jmart,6
8757,Tweet,hillhulse,hillhulse,1
8720,Tweet,hillhulse,charlie_savage,11
8730,Tweet,hillhulse,charlie_savage,19
8753,Tweet,hillhulse,jmart,25
8743,Tweet,hillhulse,mlevenson,169
8758,Tweet,hillhulse,tomfriedman,228
8742,Tweet,hillhulse,lukebroadwater,3
8793,Tweet,hillhulse,michelleinbklyn,3
8719,Tweet,hillhulse,hillhulse,1
8732,Tweet,hillhulse,helenecooper,10
