id,genre,label,prediction,rank
122567,Article,MiriamElder,julianbarnes,157
122705,Article,MiriamElder,npwcnn,2
122616,Article,MiriamElder,jameskanter,102
122635,Article,MiriamElder,RaphaelMinder,108
122610,Article,MiriamElder,ChuBailiang,51
122716,Article,MiriamElder,abantika77,29
122761,Article,MiriamElder,MiriamElder,1
122730,Article,MiriamElder,PatrickKingsley,201
122725,Article,MiriamElder,advityabahlTOI,2
122784,Article,MiriamElder,farnazfassihi,13
122801,Article,MiriamElder,farnazfassihi,24
122760,Article,MiriamElder,LauraCummingArt,25
122622,Article,MiriamElder,kbennhold,117
122590,Article,MiriamElder,npwcnn,8
122592,Article,MiriamElder,patrickwintour,2
123083,Tweet,MiriamElder,DouthatNYT,103
123165,Tweet,MiriamElder,binays1960,257
123022,Tweet,MiriamElder,EricaLG,47
123096,Tweet,MiriamElder,ggreenwald,120
122820,Tweet,MiriamElder,DanielKingChess,143
122862,Tweet,MiriamElder,jhoffman,242
122971,Tweet,MiriamElder,joncaramanica,91
123275,Tweet,MiriamElder,EricaLG,36
123118,Tweet,MiriamElder,GiniaNYT,65
123268,Tweet,MiriamElder,tomfriedman,266
123095,Tweet,MiriamElder,leninology,203
123320,Tweet,MiriamElder,andrewrsorkin,312
122828,Tweet,MiriamElder,ByJamesWagner,57
123337,Tweet,MiriamElder,salihughes,91
123151,Tweet,MiriamElder,SocialQPhilip,158
51369,Article,NesrineMalik,thrasherxy,29
51334,Article,NesrineMalik,VivianHo,24
51258,Article,NesrineMalik,hugolowell,19
51429,Article,NesrineMalik,NesrineMalik,1
51263,Article,NesrineMalik,DeccaJourno,2
51274,Article,NesrineMalik,HackneyAbbott,61
51271,Article,NesrineMalik,ameliagentleman,7
51321,Article,NesrineMalik,Freedland,10
51474,Article,NesrineMalik,paulmasonnews,11
51265,Article,NesrineMalik,jillfilipovic,4
51432,Article,NesrineMalik,TimdeLisle,17
51308,Article,NesrineMalik,andybrassell,10
51309,Article,NesrineMalik,petleepeter,20
51427,Article,NesrineMalik,FabrizioRomano,49
51232,Article,NesrineMalik,afuahirsch,17
52050,Tweet,NesrineMalik,AnushkaAsthana,42
51968,Tweet,NesrineMalik,alexbellos,298
52046,Tweet,NesrineMalik,AndrewSparrow,112
51757,Tweet,NesrineMalik,thestephmerritt,104
52057,Tweet,NesrineMalik,desaisantosh,364
51637,Tweet,NesrineMalik,ggreenwald,93
51924,Tweet,NesrineMalik,LauraCummingArt,51
51928,Tweet,NesrineMalik,yeshikabudhwar,374
51557,Tweet,NesrineMalik,williamnhutton,61
51921,Tweet,NesrineMalik,williamnhutton,171
51488,Tweet,NesrineMalik,OwenJones84,20
51964,Tweet,NesrineMalik,RorySmith,10
51865,Tweet,NesrineMalik,RBReich,146
51722,Tweet,NesrineMalik,wesley_morris,82
51674,Tweet,NesrineMalik,jimwaterson,90
91048,Article,Freedland,JoshuaRozenberg,303
90991,Article,Freedland,lukeharding1968,93
91101,Article,Freedland,bglendenning,14
91022,Article,Freedland,bglendenning,3
91068,Article,Freedland,charltonbrooker,64
91087,Article,Freedland,carolecadwalla,39
90955,Article,Freedland,GeorgeMonbiot,36
91197,Article,Freedland,gilestremlett,71
90993,Article,Freedland,nicklezard,130
91041,Article,Freedland,CarolineLucas,37
91180,Article,Freedland,elizabday,56
90954,Article,Freedland,NesrineMalik,57
91170,Article,Freedland,jillfilipovic,136
91105,Article,Freedland,IanCobain,289
90962,Article,Freedland,Freedland,1
91502,Tweet,Freedland,rachshabi,13
91364,Tweet,Freedland,DSlotnik,263
91456,Tweet,Freedland,RosySequeiraTOI,220
91542,Tweet,Freedland,SarahMaslinNir,261
91608,Tweet,Freedland,EricaLG,14
91391,Tweet,Freedland,saumyajitbTOI,225
91758,Tweet,Freedland,bglendenning,4
91635,Tweet,Freedland,Shreyanka_M,228
91282,Tweet,Freedland,JohnJCrace,47
91216,Tweet,Freedland,EricaLG,48
91328,Tweet,Freedland,williamkeegan,211
91300,Tweet,Freedland,Freedland,1
91512,Tweet,Freedland,margaretrenkl,11
91270,Tweet,Freedland,annanorthtweets,13
91704,Tweet,Freedland,joncaramanica,292
30807,Article,rachlharris,margaretrenkl,167
30832,Article,rachlharris,EVincentelli,41
30800,Article,rachlharris,adamliptak,117
30802,Article,rachlharris,ramarkosg,55
30877,Article,rachlharris,melissaclark,129
30833,Article,rachlharris,saumyajitbTOI,382
30824,Article,rachlharris,Chethan_Dash,103
30858,Article,rachlharris,charlie_savage,267
30862,Article,rachlharris,ElisabethMalkin,203
30821,Article,rachlharris,rondakaysen,31
30882,Article,rachlharris,tarasbernard,158
30866,Article,rachlharris,GlennThrush,253
30886,Article,rachlharris,AnaSwanson,318
30801,Article,rachlharris,marcatracy,11
30851,Article,rachlharris,reidepstein,15
30936,Tweet,rachlharris,laurenlaverne,107
30960,Tweet,rachlharris,vvfriedman,48
30922,Tweet,rachlharris,lisamonteiroTOI,236
30908,Tweet,rachlharris,StacyCowley,46
30967,Tweet,rachlharris,PerriKlass,81
30914,Tweet,rachlharris,rachlharris,1
30920,Tweet,rachlharris,chrishughes,13
30973,Tweet,rachlharris,andrew_mueller,142
30910,Tweet,rachlharris,RosySequeiraTOI,111
30932,Tweet,rachlharris,debaratisen,71
30906,Tweet,rachlharris,rachlharris,1
30940,Tweet,rachlharris,NikiKitsantonis,68
30934,Tweet,rachlharris,RaphaelMinder,323
30911,Tweet,rachlharris,rachlharris,1
30951,Tweet,rachlharris,vanbadham,34
40028,Article,john_hooper,JoshuaRozenberg,4
40116,Article,john_hooper,john_hooper,1
41049,Article,john_hooper,williamkeegan,8
38892,Article,john_hooper,marthakelner,8
40147,Article,john_hooper,john_hooper,1
39484,Article,john_hooper,jasondhorowitz,11
40313,Article,john_hooper,RorySmith,74
40052,Article,john_hooper,alanconnor,12
40688,Article,john_hooper,williamkeegan,15
40393,Article,john_hooper,john_hooper,1
39065,Article,john_hooper,jillfilipovic,317
39503,Article,john_hooper,NilsPratley,19
39730,Article,john_hooper,bglendenning,7
40865,Article,john_hooper,nicholaswatt,11
40800,Article,john_hooper,Lattif,13
41813,Tweet,john_hooper,michelleinbklyn,191
42111,Tweet,john_hooper,martcrossy,39
42076,Tweet,john_hooper,desaisantosh,154
41618,Tweet,john_hooper,WilbyPeter,43
42078,Tweet,john_hooper,andrewrsorkin,75
41647,Tweet,john_hooper,NYTimesCohen,17
41632,Tweet,john_hooper,john_hooper,1
41786,Tweet,john_hooper,desaisantosh,25
42054,Tweet,john_hooper,williamkeegan,18
41980,Tweet,john_hooper,naomi2009,4
42022,Tweet,john_hooper,bindelj,319
41758,Tweet,john_hooper,NilsPratley,17
41913,Tweet,john_hooper,nytdavidbrooks,27
41578,Tweet,john_hooper,parthasinha,27
42114,Tweet,john_hooper,tomfriedman,12
140618,Article,bindelj,lucysiegle,8
140636,Article,bindelj,naomi2009,66
140607,Article,bindelj,alexvtunzelmann,2
140510,Article,bindelj,davidhepworth,4
140622,Article,bindelj,AndrewSparrow,16
140529,Article,bindelj,CarolineLucas,2
140511,Article,bindelj,DeccaJourno,13
140624,Article,bindelj,williamkeegan,27
140545,Article,bindelj,chiggi,14
140585,Article,bindelj,ameliagentleman,70
140647,Article,bindelj,bindelj,1
140559,Article,bindelj,AndrewSparrow,2
140601,Article,bindelj,wesley_morris,158
140530,Article,bindelj,alanconnor,9
140532,Article,bindelj,mariellaf1,3
140902,Tweet,bindelj,juliemTOI,83
141092,Tweet,bindelj,thestephmerritt,53
141296,Tweet,bindelj,elizabday,15
141204,Tweet,bindelj,binays1960,105
141164,Tweet,bindelj,DekaJayanta,77
141175,Tweet,bindelj,jennydeluxe,19
140847,Tweet,bindelj,sarahditum,5
140995,Tweet,bindelj,parul_sehgal,9
141288,Tweet,bindelj,bindelj,1
141209,Tweet,bindelj,rondakaysen,95
141268,Tweet,bindelj,DeccaJourno,51
140890,Tweet,bindelj,RosySequeiraTOI,12
140874,Tweet,bindelj,MarinaOLoughlin,23
141132,Tweet,bindelj,laurenlaverne,13
140805,Tweet,bindelj,JessicaValenti,9
121918,Article,RebeccaSeal,alexvtunzelmann,27
121831,Article,RebeccaSeal,sunny_hundal,69
121915,Article,RebeccaSeal,alanconnor,39
121889,Article,RebeccaSeal,alexvtunzelmann,51
121891,Article,RebeccaSeal,charltonbrooker,26
121905,Article,RebeccaSeal,polblonde,70
121885,Article,RebeccaSeal,mswainwright,81
121772,Article,RebeccaSeal,gracedent,3
121913,Article,RebeccaSeal,rjadHinduBL,27
121826,Article,RebeccaSeal,lucywardsings,40
121813,Article,RebeccaSeal,tomdyckhoff,2
121755,Article,RebeccaSeal,ottolenghi,8
121830,Article,RebeccaSeal,IAmTimDowling,25
121763,Article,RebeccaSeal,stevenpoole,2
121723,Article,RebeccaSeal,OwenJones84,276
122151,Tweet,RebeccaSeal,DawnHFoster,66
122324,Tweet,RebeccaSeal,KateEMcCann,142
122159,Tweet,RebeccaSeal,desaisantosh,67
122001,Tweet,RebeccaSeal,paulkrugman,121
122195,Tweet,RebeccaSeal,elizabday,5
122011,Tweet,RebeccaSeal,BawaNaaved,333
122188,Tweet,RebeccaSeal,pete_wells,160
122238,Tweet,RebeccaSeal,oliverburkeman,31
122148,Tweet,RebeccaSeal,sendvictorious,61
122516,Tweet,RebeccaSeal,SocialQPhilip,37
122104,Tweet,RebeccaSeal,davidhepworth,19
122317,Tweet,RebeccaSeal,rjadHinduBL,271
122408,Tweet,RebeccaSeal,we_are_food,5
122504,Tweet,RebeccaSeal,BellaKwai,83
122077,Tweet,RebeccaSeal,carolecadwalla,288
205936,Article,rebeccaSTOI,vijayVsinghTOI,7
206059,Article,rebeccaSTOI,itsshibuthomas,4
205880,Article,rebeccaSTOI,rebeccaSTOI,1
205952,Article,rebeccaSTOI,ArthurNeslen,4
205928,Article,rebeccaSTOI,vijayVsinghTOI,5
206041,Article,rebeccaSTOI,PjJoychen,4
205842,Article,rebeccaSTOI,vijayVsinghTOI,12
205853,Article,rebeccaSTOI,vijayVsinghTOI,3
205875,Article,rebeccaSTOI,rebeccaSTOI,1
205889,Article,rebeccaSTOI,vijayVsinghTOI,4
205970,Article,rebeccaSTOI,vijayVsinghTOI,37
205817,Article,rebeccaSTOI,RosySequeiraTOI,3
206010,Article,rebeccaSTOI,NishikantkTOI,2
205814,Article,rebeccaSTOI,rebeccaSTOI,1
205819,Article,rebeccaSTOI,bindelj,21
206148,Tweet,rebeccaSTOI,KateEMcCann,120
206149,Tweet,rebeccaSTOI,msrachelcooke,73
206103,Tweet,rebeccaSTOI,niyatiparikhTOI,9
206065,Tweet,rebeccaSTOI,minatisinghaTOI,57
206132,Tweet,rebeccaSTOI,SwatiMathurTOI,3
206067,Tweet,rebeccaSTOI,ronojoy_sen,59
206126,Tweet,rebeccaSTOI,farnazfassihi,6
206118,Tweet,rebeccaSTOI,rebeccaSTOI,1
206078,Tweet,rebeccaSTOI,JoshuaRozenberg,11
206097,Tweet,rebeccaSTOI,SwatiMathurTOI,5
206146,Tweet,rebeccaSTOI,smita_mishra,39
206093,Tweet,rebeccaSTOI,RichardFausset,123
206125,Tweet,rebeccaSTOI,smita_mishra,25
206141,Tweet,rebeccaSTOI,rebeccaSTOI,1
206128,Tweet,rebeccaSTOI,bglendenning,102
168205,Article,abantika77,KateEMcCann,39
168216,Article,abantika77,AshokPradhanTOI,13
168307,Article,abantika77,akhileshsTOI,20
168189,Article,abantika77,abantika77,1
168180,Article,abantika77,toi_dhananjayM,10
168130,Article,abantika77,sandhyanairTOI,66
168126,Article,abantika77,DerekMalcolm123,6
168161,Article,abantika77,john_hooper,20
168144,Article,abantika77,akhileshsTOI,32
168100,Article,abantika77,Chethan_Dash,73
168251,Article,abantika77,naomi2009,43
168155,Article,abantika77,AraniBasuTOI,6
168157,Article,abantika77,AditiZero,4
168255,Article,abantika77,naomi2009,7
168231,Article,abantika77,rishachitlangia,76
168374,Tweet,abantika77,AraniBasuTOI,96
168406,Tweet,abantika77,KTVinobhaTOI,38
168389,Tweet,abantika77,desaisantosh,29
168446,Tweet,abantika77,GRajivTOI,29
168426,Tweet,abantika77,rjadHinduBL,137
168379,Tweet,abantika77,GRajivTOI,152
168395,Tweet,abantika77,MoharBasu,155
168368,Tweet,abantika77,saumyajitbTOI,117
168373,Tweet,abantika77,BenRothenberg,105
168366,Tweet,abantika77,divyapal2013,178
168351,Tweet,abantika77,tripgabriel,97
168388,Tweet,abantika77,ChaitanyadTOI,149
168424,Tweet,abantika77,dklavaniaTOI,143
168414,Tweet,abantika77,ElisabethMalkin,27
168439,Tweet,abantika77,TristramHuntVA,153
49755,Article,jimwaterson,jimwaterson,1
49711,Article,jimwaterson,MarinaOLoughlin,40
49549,Article,jimwaterson,davidleighx,11
49620,Article,jimwaterson,jimwaterson,1
49744,Article,jimwaterson,jimwaterson,1
49583,Article,jimwaterson,AnushkaAsthana,6
49635,Article,jimwaterson,ameliagentleman,18
49548,Article,jimwaterson,steve_hewlett,2
49662,Article,jimwaterson,jimwaterson,1
49690,Article,jimwaterson,hugolowell,84
49591,Article,jimwaterson,jimwaterson,1
49761,Article,jimwaterson,peterbradshaw1,6
49785,Article,jimwaterson,NilsPratley,7
49553,Article,jimwaterson,emilybell,2
49762,Article,jimwaterson,brooksbarnesNYT,39
49986,Tweet,jimwaterson,msrachelcooke,76
50002,Tweet,jimwaterson,davidhepworth,6
49971,Tweet,jimwaterson,paulmasonnews,80
50321,Tweet,jimwaterson,davidhepworth,17
49886,Tweet,jimwaterson,williamkeegan,90
49878,Tweet,jimwaterson,williamkeegan,193
50338,Tweet,jimwaterson,NilsPratley,53
50248,Tweet,jimwaterson,pete_wells,116
50334,Tweet,jimwaterson,salihughes,38
49938,Tweet,jimwaterson,joshwiddicombe,123
50083,Tweet,jimwaterson,JessicaValenti,30
49858,Tweet,jimwaterson,sendvictorious,22
50061,Tweet,jimwaterson,naomi2009,10
49997,Tweet,jimwaterson,sendvictorious,31
50336,Tweet,jimwaterson,charltonbrooker,117
109481,Article,IanCobain,AndrewSparrow,4
109588,Article,IanCobain,lucywardsings,4
109573,Article,IanCobain,hugolowell,10
109648,Article,IanCobain,IanCobain,1
109673,Article,IanCobain,peterbakernyt,152
109492,Article,IanCobain,nicholaswatt,7
109583,Article,IanCobain,bindiyachariTOI,107
109521,Article,IanCobain,christophclarey,181
109688,Article,IanCobain,ArthurNeslen,16
109705,Article,IanCobain,davidleighx,27
109638,Article,IanCobain,ewenmacaskill,9
109487,Article,IanCobain,sunny_hundal,23
109533,Article,IanCobain,NilsPratley,39
109634,Article,IanCobain,dansabbagh,2
109678,Article,IanCobain,IanCobain,1
109796,Tweet,IanCobain,andybrassell,25
109946,Tweet,IanCobain,RaphaelMinder,333
110100,Tweet,IanCobain,patrickwintour,93
109746,Tweet,IanCobain,SangerNYT,183
110202,Tweet,IanCobain,AndrewSparrow,106
110175,Tweet,IanCobain,peterbradshaw1,135
110258,Tweet,IanCobain,sendvictorious,35
110158,Tweet,IanCobain,antontroian,97
109757,Tweet,IanCobain,NYTimesCohen,5
110214,Tweet,IanCobain,nicholaswatt,72
110141,Tweet,IanCobain,chiggi,110
110113,Tweet,IanCobain,ewenmacaskill,38
110030,Tweet,IanCobain,chiggi,25
109886,Tweet,IanCobain,samsifton,152
109929,Tweet,IanCobain,saumyajitbTOI,165
57338,Article,steve_hewlett,alanconnor,2
57327,Article,steve_hewlett,steve_hewlett,1
57228,Article,steve_hewlett,nmcintosh,6
57334,Article,steve_hewlett,steve_hewlett,1
57401,Article,steve_hewlett,steve_hewlett,1
57348,Article,steve_hewlett,alanconnor,2
57281,Article,steve_hewlett,davidhepworth,2
57164,Article,steve_hewlett,steve_hewlett,1
57284,Article,steve_hewlett,steve_hewlett,1
57366,Article,steve_hewlett,emilybell,3
57169,Article,steve_hewlett,steve_hewlett,1
57385,Article,steve_hewlett,alanconnor,2
57286,Article,steve_hewlett,steve_hewlett,1
57210,Article,steve_hewlett,steve_hewlett,1
57233,Article,steve_hewlett,steve_hewlett,1
57561,Tweet,steve_hewlett,steve_hewlett,1
57708,Tweet,steve_hewlett,rachshabi,103
57873,Tweet,steve_hewlett,chiggi,69
57920,Tweet,steve_hewlett,laurenlaverne,8
57952,Tweet,steve_hewlett,jonpareles,166
57886,Tweet,steve_hewlett,divyapal2013,9
57733,Tweet,steve_hewlett,mswainwright,324
57781,Tweet,steve_hewlett,paulmasonnews,4
57986,Tweet,steve_hewlett,jennydeluxe,194
57815,Tweet,steve_hewlett,digbijaymishra1,21
57752,Tweet,steve_hewlett,steve_hewlett,1
57645,Tweet,steve_hewlett,timatkin,43
57611,Tweet,steve_hewlett,margaretrenkl,432
57722,Tweet,steve_hewlett,lyngardner,8
57841,Tweet,steve_hewlett,williamkeegan,36
90420,Article,joshwiddicombe,steve_hewlett,10
90287,Article,joshwiddicombe,seaningle,374
90374,Article,joshwiddicombe,joshwiddicombe,1
90264,Article,joshwiddicombe,sarfrazmanzoor,38
90393,Article,joshwiddicombe,jennydeluxe,34
90359,Article,joshwiddicombe,martcrossy,13
90385,Article,joshwiddicombe,naomi2009,2
90323,Article,joshwiddicombe,aleksk,96
90362,Article,joshwiddicombe,alexmarshall81,54
90386,Article,joshwiddicombe,amitanandTOI,267
90281,Article,joshwiddicombe,jonronson,145
90366,Article,joshwiddicombe,joshwiddicombe,1
90361,Article,joshwiddicombe,hadleyfreeman,304
90382,Article,joshwiddicombe,joshwiddicombe,1
90300,Article,joshwiddicombe,sarfrazmanzoor,38
90740,Tweet,joshwiddicombe,brooksbarnesNYT,18
90914,Tweet,joshwiddicombe,andrewrawnsley,16
90904,Tweet,joshwiddicombe,nmcintosh,89
90898,Tweet,joshwiddicombe,MonaChalabi,74
90556,Tweet,joshwiddicombe,Markbeaumontuk,141
90568,Tweet,joshwiddicombe,jfordham_jazz,102
90702,Tweet,joshwiddicombe,alanconnor,202
90477,Tweet,joshwiddicombe,GRajivTOI,21
90540,Tweet,joshwiddicombe,DerekMalcolm123,128
90602,Tweet,joshwiddicombe,gailcollins,26
90889,Tweet,joshwiddicombe,KateEMcCann,93
90716,Tweet,joshwiddicombe,MonaChalabi,18
90471,Tweet,joshwiddicombe,charltonbrooker,12
90638,Tweet,joshwiddicombe,laurenlaverne,5
90664,Tweet,joshwiddicombe,jhoffman,3
151315,Article,ottolenghi,gabyhinsliff,12
151520,Article,ottolenghi,ottolenghi,1
151400,Article,ottolenghi,ottolenghi,1
151319,Article,ottolenghi,sarfrazmanzoor,126
151540,Article,ottolenghi,ottolenghi,1
151385,Article,ottolenghi,ottolenghi,1
151330,Article,ottolenghi,ottolenghi,1
151428,Article,ottolenghi,ottolenghi,1
151317,Article,ottolenghi,RebeccaSeal,17
151356,Article,ottolenghi,ottolenghi,1
151411,Article,ottolenghi,MarinaOLoughlin,9
151512,Article,ottolenghi,ottolenghi,1
151447,Article,ottolenghi,ottolenghi,1
151466,Article,ottolenghi,we_are_food,2
151354,Article,ottolenghi,ottolenghi,1
151635,Tweet,ottolenghi,ottolenghi,1
151717,Tweet,ottolenghi,007pandey,11
151919,Tweet,ottolenghi,we_are_food,4
152158,Tweet,ottolenghi,RebeccaSeal,6
151941,Tweet,ottolenghi,tejalrao,2
151952,Tweet,ottolenghi,ShrinivasaMTOI,5
152067,Tweet,ottolenghi,we_are_food,2
151897,Tweet,ottolenghi,williamkeegan,278
152078,Tweet,ottolenghi,ottolenghi,1
151626,Tweet,ottolenghi,we_are_food,2
151810,Tweet,ottolenghi,we_are_food,2
151774,Tweet,ottolenghi,ottolenghi,1
152055,Tweet,ottolenghi,ottolenghi,1
152109,Tweet,ottolenghi,MarinaOLoughlin,11
152142,Tweet,ottolenghi,marywalshjourno,74
83903,Article,jhoffman,elizabday,302
84072,Article,jhoffman,jhoffman,1
84102,Article,jhoffman,ggreenwald,8
84108,Article,jhoffman,jhoffman,1
83981,Article,jhoffman,LucyMangan,6
83998,Article,jhoffman,jhoffman,1
84081,Article,jhoffman,jhoffman,1
84039,Article,jhoffman,jhoffman,1
84046,Article,jhoffman,jhoffman,1
84031,Article,jhoffman,jhoffman,1
84122,Article,jhoffman,alexvtunzelmann,4
84111,Article,jhoffman,michelleinbklyn,10
83944,Article,jhoffman,jbouie,35
83962,Article,jhoffman,jhoffman,1
84129,Article,jhoffman,jhoffman,1
84582,Tweet,jhoffman,DerekMalcolm123,23
84337,Tweet,jhoffman,RosySequeiraTOI,11
84338,Tweet,jhoffman,oliverburkeman,95
84497,Tweet,jhoffman,jennydeluxe,109
84335,Tweet,jhoffman,RorySmith,26
84576,Tweet,jhoffman,MoharBasu,99
84208,Tweet,jhoffman,ByJamesWagner,73
84169,Tweet,jhoffman,jhoffman,1
84483,Tweet,jhoffman,pradeeptTOI,251
84265,Tweet,jhoffman,MonaChalabi,44
84393,Tweet,jhoffman,GioRussonello,23
84333,Tweet,jhoffman,brooksbarnesNYT,7
84154,Tweet,jhoffman,paulkrugman,40
84452,Tweet,jhoffman,benkenigsberg,8
84238,Tweet,jhoffman,jennydeluxe,66
97769,Article,andrewrawnsley,AndrewSparrow,8
97676,Article,andrewrawnsley,RBReich,135
97764,Article,andrewrawnsley,hugolowell,111
97870,Article,andrewrawnsley,afuahirsch,13
97713,Article,andrewrawnsley,PeterTatchell,51
97694,Article,andrewrawnsley,alanconnor,122
97661,Article,andrewrawnsley,andrewrawnsley,1
97644,Article,andrewrawnsley,IanCobain,16
97741,Article,andrewrawnsley,LauraCummingArt,65
97678,Article,andrewrawnsley,charltonbrooker,20
97854,Article,andrewrawnsley,RowennaDavis,23
97781,Article,andrewrawnsley,msrachelcooke,66
97695,Article,andrewrawnsley,AnushkaAsthana,20
97874,Article,andrewrawnsley,alexanderburns,16
97683,Article,andrewrawnsley,nicholaswatt,27
98209,Tweet,andrewrawnsley,andrewrawnsley,1
98186,Tweet,andrewrawnsley,andrewrawnsley,1
98082,Tweet,andrewrawnsley,andrewrawnsley,1
97912,Tweet,andrewrawnsley,andrewrawnsley,1
98072,Tweet,andrewrawnsley,vvfriedman,2
98151,Tweet,andrewrawnsley,andrewrawnsley,1
98484,Tweet,andrewrawnsley,andrewrawnsley,1
98016,Tweet,andrewrawnsley,andrewrawnsley,1
98407,Tweet,andrewrawnsley,andrewrawnsley,1
98111,Tweet,andrewrawnsley,andrewrawnsley,1
98342,Tweet,andrewrawnsley,andrewrawnsley,1
98370,Tweet,andrewrawnsley,andrewrawnsley,1
98341,Tweet,andrewrawnsley,andrewrawnsley,1
98204,Tweet,andrewrawnsley,JoshuaRozenberg,21
97978,Tweet,andrewrawnsley,andrewrawnsley,1
119192,Article,andrew_mueller,sendvictorious,2
119387,Article,andrew_mueller,christophclarey,62
119254,Article,andrew_mueller,IanCobain,139
119365,Article,andrew_mueller,andrew_mueller,1
119221,Article,andrew_mueller,sendvictorious,2
119284,Article,andrew_mueller,sendvictorious,2
119378,Article,andrew_mueller,sendvictorious,2
119267,Article,andrew_mueller,sendvictorious,2
119388,Article,andrew_mueller,PippaCrerar,261
119281,Article,andrew_mueller,peterbradshaw1,77
119270,Article,andrew_mueller,sendvictorious,2
119280,Article,andrew_mueller,LucyMangan,213
119333,Article,andrew_mueller,laurenlaverne,4
119394,Article,andrew_mueller,sendvictorious,2
119169,Article,andrew_mueller,sendvictorious,2
119575,Tweet,andrew_mueller,naomi2009,64
119758,Tweet,andrew_mueller,emilybell,7
119628,Tweet,andrew_mueller,andrewrawnsley,6
119721,Tweet,andrew_mueller,DerekMalcolm123,88
119425,Tweet,andrew_mueller,DerekMalcolm123,11
119473,Tweet,andrew_mueller,DerekMalcolm123,4
119500,Tweet,andrew_mueller,desaisantosh,54
119553,Tweet,andrew_mueller,GeorgeMonbiot,295
119802,Tweet,andrew_mueller,DerekMalcolm123,2
119604,Tweet,andrew_mueller,FabrizioRomano,167
119895,Tweet,andrew_mueller,timatkin,41
119726,Tweet,andrew_mueller,jfordham_jazz,13
119491,Tweet,andrew_mueller,sendvictorious,2
119793,Tweet,andrew_mueller,chiggi,27
119458,Tweet,andrew_mueller,gailcollins,11
219532,Article,UttaraVarmaTOI,vijaysinghTOI,2
219516,Article,UttaraVarmaTOI,ramendrasTOI,71
219574,Article,UttaraVarmaTOI,HinaRohtaki,82
219499,Article,UttaraVarmaTOI,ramarkosg,108
219488,Article,UttaraVarmaTOI,PjJoychen,96
219497,Article,UttaraVarmaTOI,AtulMathur_,60
219583,Article,UttaraVarmaTOI,AnujaJaiswalTOI,16
219575,Article,UttaraVarmaTOI,ManjuVTOI,86
219439,Article,UttaraVarmaTOI,ManjuVTOI,9
219493,Article,UttaraVarmaTOI,pradeepjourno,21
219567,Article,UttaraVarmaTOI,SindhukTOI,81
219530,Article,UttaraVarmaTOI,ChuBailiang,21
219523,Article,UttaraVarmaTOI,asrpmukeshTOI,32
219529,Article,UttaraVarmaTOI,UttaraVarmaTOI,1
219520,Article,UttaraVarmaTOI,AditiZero,42
219705,Tweet,UttaraVarmaTOI,sudhanshub16,48
219693,Tweet,UttaraVarmaTOI,murarishetye,68
219691,Tweet,UttaraVarmaTOI,meeravohraTOI,6
219694,Tweet,UttaraVarmaTOI,meeravohraTOI,8
219636,Tweet,UttaraVarmaTOI,niyatiparikhTOI,39
219640,Tweet,UttaraVarmaTOI,tushhaikhush,120
219611,Tweet,UttaraVarmaTOI,GovindKMaadTOI,94
219680,Tweet,UttaraVarmaTOI,parthasinha,198
219627,Tweet,UttaraVarmaTOI,BhanupratapsTOI,76
219631,Tweet,UttaraVarmaTOI,vijaysinghTOI,61
219675,Tweet,UttaraVarmaTOI,jonronson,184
219697,Tweet,UttaraVarmaTOI,jayamenon64,147
219660,Tweet,UttaraVarmaTOI,tejalrao,117
219699,Tweet,UttaraVarmaTOI,lenoretaylor,91
219689,Tweet,UttaraVarmaTOI,lucysiegle,32
222249,Article,yeshikabudhwar,sandhyanairTOI,23
222137,Article,yeshikabudhwar,SagrikaKissu,3
222221,Article,yeshikabudhwar,kush_junglee,3
222283,Article,yeshikabudhwar,PippaCrerar,3
222197,Article,yeshikabudhwar,vijayVsinghTOI,4
222153,Article,yeshikabudhwar,vijayVsinghTOI,168
222294,Article,yeshikabudhwar,Crime_Selvaraj,33
222161,Article,yeshikabudhwar,AnujaJaiswalTOI,52
222329,Article,yeshikabudhwar,PjJoychen,4
222189,Article,yeshikabudhwar,rajatpTOI,10
222235,Article,yeshikabudhwar,amitanandTOI,13
222187,Article,yeshikabudhwar,MKSinghGkp,7
222206,Article,yeshikabudhwar,AshokPradhanTOI,9
222321,Article,yeshikabudhwar,mateenHTOI,105
222133,Article,yeshikabudhwar,mateenHTOI,5
222422,Tweet,yeshikabudhwar,AlokKNMishra,113
222448,Tweet,yeshikabudhwar,EricaLG,15
222466,Tweet,yeshikabudhwar,mswainwright,31
222395,Tweet,yeshikabudhwar,priyangiTOI,146
222418,Tweet,yeshikabudhwar,EricaLG,15
222435,Tweet,yeshikabudhwar,NYTimesCohen,374
222408,Tweet,yeshikabudhwar,AlokKNMishra,134
222390,Tweet,yeshikabudhwar,aleksk,46
222444,Tweet,yeshikabudhwar,vanbadham,27
222407,Tweet,yeshikabudhwar,EricaLG,195
222457,Tweet,yeshikabudhwar,parthshastriTOI,138
222454,Tweet,yeshikabudhwar,vvfriedman,4
222460,Tweet,yeshikabudhwar,sermoninstone,61
222371,Tweet,yeshikabudhwar,yeshikabudhwar,1
222427,Tweet,yeshikabudhwar,chrishughes,9
20093,Article,chrishughes,chrishughes,1
20068,Article,chrishughes,chrishughes,1
20070,Article,chrishughes,chrishughes,1
20059,Article,chrishughes,chrishughes,1
20027,Article,chrishughes,chrishughes,1
20096,Article,chrishughes,pete_wells,392
20097,Article,chrishughes,chrishughes,1
20049,Article,chrishughes,chrishughes,1
20066,Article,chrishughes,chrishughes,1
20075,Article,chrishughes,chrishughes,1
20008,Article,chrishughes,chrishughes,1
20072,Article,chrishughes,chrishughes,1
20000,Article,chrishughes,gailcollins,470
20010,Article,chrishughes,sermoninstone,429
20088,Article,chrishughes,chrishughes,1
20161,Tweet,chrishughes,ditzkoff,11
20191,Tweet,chrishughes,DerekMalcolm123,364
20162,Tweet,chrishughes,journo_vibha,131
20107,Tweet,chrishughes,RBReich,230
20139,Tweet,chrishughes,SherylNYT,131
20130,Tweet,chrishughes,kbennhold,337
20144,Tweet,chrishughes,chrishughes,1
20197,Tweet,chrishughes,RosySequeiraTOI,319
20108,Tweet,chrishughes,ajaysuraTOI,209
20117,Tweet,chrishughes,mtomasky,94
20118,Tweet,chrishughes,GeorgeMonbiot,486
20157,Tweet,chrishughes,fmanjoo,23
20194,Tweet,chrishughes,paulkrugman,5
20198,Tweet,chrishughes,richardwolffedc,83
20176,Tweet,chrishughes,joncaramanica,2
47855,Article,kenanmalik,thestephmerritt,23
47966,Article,kenanmalik,DanielKingChess,11
48075,Article,kenanmalik,kenanmalik,1
47919,Article,kenanmalik,AndrewSparrow,69
47846,Article,kenanmalik,Bencjacobs,275
48094,Article,kenanmalik,kenanmalik,1
47981,Article,kenanmalik,kenanmalik,1
47917,Article,kenanmalik,PatrickKingsley,2
47881,Article,kenanmalik,mswainwright,99
47987,Article,kenanmalik,kenanmalik,1
48077,Article,kenanmalik,nytdavidbrooks,41
47847,Article,kenanmalik,mtomasky,156
48020,Article,kenanmalik,kenanmalik,1
48089,Article,kenanmalik,kenanmalik,1
48033,Article,kenanmalik,kenanmalik,1
48165,Tweet,kenanmalik,sendvictorious,244
48493,Tweet,kenanmalik,davidhepworth,70
48307,Tweet,kenanmalik,RaphaelMinder,21
48571,Tweet,kenanmalik,marywalshjourno,174
48634,Tweet,kenanmalik,RosySequeiraTOI,48
48185,Tweet,kenanmalik,carolecadwalla,336
48345,Tweet,kenanmalik,MarinaHyde,169
48582,Tweet,kenanmalik,MichaelWhite,68
48386,Tweet,kenanmalik,EricaLG,66
48478,Tweet,kenanmalik,benkenigsberg,48
48435,Tweet,kenanmalik,ShaneGoldmacher,336
48161,Tweet,kenanmalik,timatkin,337
48501,Tweet,kenanmalik,lauriegnyt,90
48579,Tweet,kenanmalik,bglendenning,82
48524,Tweet,kenanmalik,WilbyPeter,4
210533,Article,ShoebKhanTOI,shafaquealamTOI,76
210600,Article,ShoebKhanTOI,rajendrasTOI,104
210531,Article,ShoebKhanTOI,dipakdashTOI,49
210449,Article,ShoebKhanTOI,rajendrasTOI,29
210596,Article,ShoebKhanTOI,ShoebKhanTOI,1
210418,Article,ShoebKhanTOI,minatisinghaTOI,31
210575,Article,ShoebKhanTOI,Banjotkaur,6
210514,Article,ShoebKhanTOI,maevesther,3
210611,Article,ShoebKhanTOI,pankajdoval,11
210553,Article,ShoebKhanTOI,palaknandiTOI,18
210416,Article,ShoebKhanTOI,SiwachSukhbir,33
210623,Article,ShoebKhanTOI,toi_dhananjayM,113
210562,Article,ShoebKhanTOI,27saurabhsinha,8
210498,Article,ShoebKhanTOI,rhymetraveller,65
210572,Article,ShoebKhanTOI,SidharthB25,71
210702,Tweet,ShoebKhanTOI,rajendrasTOI,42
210685,Tweet,ShoebKhanTOI,manvirsainiTOI,32
210665,Tweet,ShoebKhanTOI,vvfriedman,474
210651,Tweet,ShoebKhanTOI,KTVinobhaTOI,4
210715,Tweet,ShoebKhanTOI,BhanupratapsTOI,2
210696,Tweet,ShoebKhanTOI,murarishetye,13
210707,Tweet,ShoebKhanTOI,rajendrasTOI,43
210667,Tweet,ShoebKhanTOI,pradeeptTOI,72
210730,Tweet,ShoebKhanTOI,palaknandiTOI,9
210677,Tweet,ShoebKhanTOI,ShoebKhanTOI,1
210636,Tweet,ShoebKhanTOI,ShoebKhanTOI,1
210721,Tweet,ShoebKhanTOI,AlokKNMishra,5
210644,Tweet,ShoebKhanTOI,aditya_bh16,85
210727,Tweet,ShoebKhanTOI,DerekMalcolm123,23
210672,Tweet,ShoebKhanTOI,KapildaveTOI,5
208014,Article,Rupalijee,NewtonSTOI,18
208021,Article,Rupalijee,parthasinha,27
207867,Article,Rupalijee,rhymetraveller,2
207952,Article,Rupalijee,SyedAkbarTOI,3
207903,Article,Rupalijee,Crime_Selvaraj,8
208055,Article,Rupalijee,007pandey,29
207908,Article,Rupalijee,27saurabhsinha,45
208013,Article,Rupalijee,007pandey,13
207938,Article,Rupalijee,DanielKingChess,8
208027,Article,Rupalijee,AraniBasuTOI,86
207893,Article,Rupalijee,aseemsgujar,24
207932,Article,Rupalijee,parthasinha,4
208092,Article,Rupalijee,priyangiTOI,22
208057,Article,Rupalijee,parthasinha,27
207990,Article,Rupalijee,Rupalijee,1
208167,Tweet,Rupalijee,winematcher,52
208186,Tweet,Rupalijee,KomalGautham,11
208121,Tweet,Rupalijee,smita_mishra,51
208136,Tweet,Rupalijee,ArthurNeslen,234
208125,Tweet,Rupalijee,petleepeter,21
208174,Tweet,Rupalijee,Rupalijee,1
208115,Tweet,Rupalijee,petleepeter,54
208094,Tweet,Rupalijee,rjadHinduBL,8
208107,Tweet,Rupalijee,sudhanshub16,192
208165,Tweet,Rupalijee,vijayVsinghTOI,7
208154,Tweet,Rupalijee,timlottwriter,2
208129,Tweet,Rupalijee,AniltheMatrix,93
208127,Tweet,Rupalijee,AniltheMatrix,81
208103,Tweet,Rupalijee,rebeccaSTOI,66
208187,Tweet,Rupalijee,journo_vibha,182
65685,Article,davidleighx,sarfrazmanzoor,186
65609,Article,davidleighx,steve_hewlett,4
65772,Article,davidleighx,declanwalsh,4
65776,Article,davidleighx,NilsPratley,4
65680,Article,davidleighx,martcrossy,2
65741,Article,davidleighx,declanwalsh,8
65546,Article,davidleighx,jeannasmialek,146
65597,Article,davidleighx,nicholaswatt,2
65715,Article,davidleighx,declanwalsh,20
65655,Article,davidleighx,attackerman,17
65758,Article,davidleighx,davidleighx,1
65726,Article,davidleighx,patrickwintour,203
65536,Article,davidleighx,stevenpoole,302
65642,Article,davidleighx,PippaCrerar,2
65763,Article,davidleighx,steve_hewlett,13
66092,Tweet,davidleighx,RosySequeiraTOI,8
66168,Tweet,davidleighx,KateEMcCann,30
66257,Tweet,davidleighx,RosySequeiraTOI,7
65936,Tweet,davidleighx,jimwaterson,20
66082,Tweet,davidleighx,attackerman,149
66184,Tweet,davidleighx,davidleighx,1
65946,Tweet,davidleighx,RosySequeiraTOI,3
65947,Tweet,davidleighx,chiggi,47
66109,Tweet,davidleighx,RaphaelMinder,34
65810,Tweet,davidleighx,RosySequeiraTOI,8
66340,Tweet,davidleighx,msrachelcooke,27
66356,Tweet,davidleighx,KTVinobhaTOI,8
66153,Tweet,davidleighx,juliemTOI,3
65959,Tweet,davidleighx,naomi2009,147
66274,Tweet,davidleighx,ramarkosg,41
20443,Article,dwightgarner,DouthatNYT,3
20448,Article,dwightgarner,RorySmith,35
20462,Article,dwightgarner,pete_wells,9
20422,Article,dwightgarner,NYTLiz,5
20447,Article,dwightgarner,zwoolfe,18
20424,Article,dwightgarner,tomfriedman,10
20433,Article,dwightgarner,RBReich,12
20452,Article,dwightgarner,margaretrenkl,8
20477,Article,dwightgarner,samsifton,3
20444,Article,dwightgarner,alanconnor,126
20421,Article,dwightgarner,parul_sehgal,2
20449,Article,dwightgarner,parul_sehgal,6
20463,Article,dwightgarner,SocialQPhilip,4
20403,Article,dwightgarner,NYTimesCohen,8
20458,Article,dwightgarner,jonronson,11
20546,Tweet,dwightgarner,brooksbarnesNYT,88
20515,Tweet,dwightgarner,ginakolata,13
20584,Tweet,dwightgarner,mtomasky,7
20588,Tweet,dwightgarner,rachshabi,390
20520,Tweet,dwightgarner,WilbyPeter,71
20587,Tweet,dwightgarner,ginakolata,3
20549,Tweet,dwightgarner,smbahr14,43
20599,Tweet,dwightgarner,DouthatNYT,13
20555,Tweet,dwightgarner,dwightgarner,1
20594,Tweet,dwightgarner,samrob12,32
20509,Tweet,dwightgarner,ginakolata,60
20527,Tweet,dwightgarner,aleksk,4
20523,Tweet,dwightgarner,alanconnor,219
20597,Tweet,dwightgarner,bykaren,115
20542,Tweet,dwightgarner,charltonbrooker,20
192282,Article,manvirsainiTOI,SiwachSukhbir,86
192504,Article,manvirsainiTOI,aniljdias,60
192360,Article,manvirsainiTOI,KapildaveTOI,12
192298,Article,manvirsainiTOI,GRajivTOI,13
192344,Article,manvirsainiTOI,rashmidTOI,164
192295,Article,manvirsainiTOI,PNaveenTOI,195
192329,Article,manvirsainiTOI,toi_dhananjayM,39
192361,Article,manvirsainiTOI,BhanupratapsTOI,16
192372,Article,manvirsainiTOI,Shilarze_SSR,107
192423,Article,manvirsainiTOI,har_mandeep,150
192371,Article,manvirsainiTOI,jimwaterson,13
192418,Article,manvirsainiTOI,williamkeegan,332
192306,Article,manvirsainiTOI,kbennhold,206
192475,Article,manvirsainiTOI,toi_dhananjayM,40
192448,Article,manvirsainiTOI,MKSinghGkp,107
192601,Tweet,manvirsainiTOI,KTVinobhaTOI,130
192599,Tweet,manvirsainiTOI,ShoebKhanTOI,47
192547,Tweet,manvirsainiTOI,MohitaTOI,16
192527,Tweet,manvirsainiTOI,manvirsainiTOI,1
192570,Tweet,manvirsainiTOI,PjJoychen,115
192513,Tweet,manvirsainiTOI,KTVinobhaTOI,162
192515,Tweet,manvirsainiTOI,omjasvinTOI,64
192535,Tweet,manvirsainiTOI,akhileshsTOI,9
192574,Tweet,manvirsainiTOI,murarishetyeTOI,9
192585,Tweet,manvirsainiTOI,AshokPradhanTOI,29
192533,Tweet,manvirsainiTOI,journo_vibha,6
192563,Tweet,manvirsainiTOI,rajendrasTOI,60
192554,Tweet,manvirsainiTOI,BhanupratapsTOI,12
192596,Tweet,manvirsainiTOI,manvirsainiTOI,1
192580,Tweet,manvirsainiTOI,manvirsainiTOI,1
123499,Article,AlysFowler,AlysFowler,1
123585,Article,AlysFowler,AlysFowler,1
123481,Article,AlysFowler,AlysFowler,1
123446,Article,AlysFowler,AlysFowler,1
123502,Article,AlysFowler,AlysFowler,1
123575,Article,AlysFowler,winematcher,2
123514,Article,AlysFowler,gracedent,70
123550,Article,AlysFowler,AlysFowler,1
123619,Article,AlysFowler,SunilSubaiah,5
123565,Article,AlysFowler,DerekMalcolm123,66
123629,Article,AlysFowler,AlysFowler,1
123546,Article,AlysFowler,AlysFowler,1
123517,Article,AlysFowler,AlysFowler,1
123552,Article,AlysFowler,FelicityCloake,52
123452,Article,AlysFowler,AlysFowler,1
124070,Tweet,AlysFowler,toi_shailendraA,129
123768,Tweet,AlysFowler,desaisantosh,44
124181,Tweet,AlysFowler,EricaLG,65
124228,Tweet,AlysFowler,smita_mishra,3
123712,Tweet,AlysFowler,allegramcevedy,131
123946,Tweet,AlysFowler,VivianHo,472
124024,Tweet,AlysFowler,AlysFowler,1
123940,Tweet,AlysFowler,alexbellos,24
123758,Tweet,AlysFowler,desaisantosh,5
123872,Tweet,AlysFowler,alexvtunzelmann,95
123880,Tweet,AlysFowler,desaisantosh,22
124179,Tweet,AlysFowler,desaisantosh,101
123905,Tweet,AlysFowler,AlysFowler,1
123778,Tweet,AlysFowler,ArthurNeslen,178
123725,Tweet,AlysFowler,ajaysuraTOI,92
52975,Article,alanconnor,alanconnor,1
52914,Article,alanconnor,alanconnor,1
53026,Article,alanconnor,alanconnor,1
53112,Article,alanconnor,alanconnor,1
52919,Article,alanconnor,alanconnor,1
53116,Article,alanconnor,alanconnor,1
52997,Article,alanconnor,SearleAdrian,39
52988,Article,alanconnor,alanconnor,1
53056,Article,alanconnor,alanconnor,1
53119,Article,alanconnor,alanconnor,1
53133,Article,alanconnor,davidhepworth,2
52946,Article,alanconnor,alanconnor,1
53083,Article,alanconnor,steve_hewlett,2
53000,Article,alanconnor,laurenlaverne,2
53131,Article,alanconnor,billicritic,3
53350,Tweet,alanconnor,alexbellos,122
53734,Tweet,alanconnor,sandhyanairTOI,40
53421,Tweet,alanconnor,jhoffman,58
53374,Tweet,alanconnor,attackerman,30
53450,Tweet,alanconnor,RosySequeiraTOI,19
53708,Tweet,alanconnor,JessicaValenti,162
53468,Tweet,alanconnor,MarinaOLoughlin,203
53488,Tweet,alanconnor,MarinaOLoughlin,229
53729,Tweet,alanconnor,TristramHuntVA,82
53252,Tweet,alanconnor,MarinaOLoughlin,228
53275,Tweet,alanconnor,oliverburkeman,16
53280,Tweet,alanconnor,salihughes,16
53585,Tweet,alanconnor,AndrewSparrow,35
53753,Tweet,alanconnor,lucysiegle,14
53403,Tweet,alanconnor,SocialQPhilip,139
87327,Article,lyngardner,billicritic,3
87440,Article,lyngardner,billicritic,2
87526,Article,lyngardner,lyngardner,1
87426,Article,lyngardner,LFFriedman,446
87388,Article,lyngardner,winematcher,2
87411,Article,lyngardner,mariellaf1,13
87420,Article,lyngardner,lyngardner,1
87459,Article,lyngardner,billicritic,3
87422,Article,lyngardner,lyngardner,1
87454,Article,lyngardner,lyngardner,1
87549,Article,lyngardner,paulmasonnews,71
87497,Article,lyngardner,lyngardner,1
87328,Article,lyngardner,IanCobain,145
87381,Article,lyngardner,gracedent,165
87391,Article,lyngardner,ericschmittnyt,470
87718,Tweet,lyngardner,DerekMalcolm123,24
87696,Tweet,lyngardner,lyngardner,1
87630,Tweet,lyngardner,KTVinobhaTOI,32
87662,Tweet,lyngardner,laurenlaverne,55
87579,Tweet,lyngardner,ChaitanyadTOI,48
87674,Tweet,lyngardner,sendvictorious,7
87604,Tweet,lyngardner,tomdyckhoff,4
87566,Tweet,lyngardner,RosySequeiraTOI,16
87734,Tweet,lyngardner,AlysFowler,21
87657,Tweet,lyngardner,TristramHuntVA,32
87553,Tweet,lyngardner,bindiyachariTOI,19
87670,Tweet,lyngardner,KTVinobhaTOI,24
87639,Tweet,lyngardner,RosySequeiraTOI,16
87680,Tweet,lyngardner,RosySequeiraTOI,20
87592,Tweet,lyngardner,EricaLG,120
127747,Article,RowanMoore,LucyMangan,46
127753,Article,RowanMoore,joecoscarelli,34
127768,Article,RowanMoore,elizabday,12
127771,Article,RowanMoore,ameliagentleman,83
127764,Article,RowanMoore,williamnhutton,15
127871,Article,RowanMoore,greenslader,26
127843,Article,RowanMoore,kenanmalik,3
127681,Article,RowanMoore,SumitraDebRoy,250
127826,Article,RowanMoore,williamkeegan,14
127649,Article,RowanMoore,TristramHuntVA,76
127656,Article,RowanMoore,paulmasonnews,60
127709,Article,RowanMoore,FelicityCloake,60
127879,Article,RowanMoore,npwcnn,84
127775,Article,RowanMoore,jackschofield,24
127738,Article,RowanMoore,thestephmerritt,44
128171,Tweet,RowanMoore,NYTimesCohen,114
128125,Tweet,RowanMoore,andrewrawnsley,32
128359,Tweet,RowanMoore,EricaLG,62
127981,Tweet,RowanMoore,DerekMalcolm123,55
128378,Tweet,RowanMoore,oliverburkeman,85
128411,Tweet,RowanMoore,DanielKingChess,157
128449,Tweet,RowanMoore,alexbellos,26
128099,Tweet,RowanMoore,rhymetraveller,349
128286,Tweet,RowanMoore,JoshuaRozenberg,51
127972,Tweet,RowanMoore,jackschofield,276
128016,Tweet,RowanMoore,kbennhold,223
128144,Tweet,RowanMoore,benkenigsberg,363
128371,Tweet,RowanMoore,laurenlaverne,54
127969,Tweet,RowanMoore,oliverburkeman,20
128202,Tweet,RowanMoore,pete_wells,28
78129,Article,jackschofield,alexbellos,171
78122,Article,jackschofield,jamesrbuk,187
78109,Article,jackschofield,aleksk,33
78253,Article,jackschofield,LucyMangan,6
78043,Article,jackschofield,ditzkoff,3
78057,Article,jackschofield,aleksk,29
78213,Article,jackschofield,OLIVERBALCH,3
78270,Article,jackschofield,alanconnor,75
78281,Article,jackschofield,nicklezard,4
78116,Article,jackschofield,jackschofield,1
78134,Article,jackschofield,GeorgeMonbiot,5
78241,Article,jackschofield,el_belson,141
78073,Article,jackschofield,MarinaOLoughlin,69
78108,Article,jackschofield,oliverburkeman,74
78060,Article,jackschofield,manujaveerappa,290
78759,Tweet,jackschofield,jeannasmialek,14
78608,Tweet,jackschofield,peterbradshaw1,126
78534,Tweet,jackschofield,jimwaterson,68
78732,Tweet,jackschofield,DSlotnik,9
78803,Tweet,jackschofield,jackschofield,1
78785,Tweet,jackschofield,marywalshjourno,26
78379,Tweet,jackschofield,gailcollins,17
78363,Tweet,jackschofield,jackschofield,1
78480,Tweet,jackschofield,paulkrugman,24
78479,Tweet,jackschofield,paulkrugman,74
78589,Tweet,jackschofield,andrew_mueller,283
78629,Tweet,jackschofield,livia_ar,71
78598,Tweet,jackschofield,tomdyckhoff,62
78666,Tweet,jackschofield,LeoHickman,72
78472,Tweet,jackschofield,IAmTimDowling,192
194053,Article,MKSinghGkp,KapildaveTOI,6
194086,Article,MKSinghGkp,mariellaf1,112
194229,Article,MKSinghGkp,pradeeptTOI,13
194040,Article,MKSinghGkp,paulkrugman,156
194001,Article,MKSinghGkp,jonronson,258
194219,Article,MKSinghGkp,ManjuVTOI,7
194127,Article,MKSinghGkp,aniljdias,7
194187,Article,MKSinghGkp,MKSinghGkp,1
194141,Article,MKSinghGkp,27saurabhsinha,7
194124,Article,MKSinghGkp,007pandey,12
194027,Article,MKSinghGkp,bencasselman,10
194077,Article,MKSinghGkp,RoniNYTimes,3
194008,Article,MKSinghGkp,parthasinha,69
194212,Article,MKSinghGkp,HemantaTOI,30
194160,Article,MKSinghGkp,divyadubey_,23
194295,Tweet,MKSinghGkp,tejalrao,403
194324,Tweet,MKSinghGkp,ThevarSteffy,4
194323,Tweet,MKSinghGkp,ipsinghTOI,125
194273,Tweet,MKSinghGkp,samsifton,44
194260,Tweet,MKSinghGkp,RosySequeiraTOI,117
194276,Tweet,MKSinghGkp,vanbadham,227
194272,Tweet,MKSinghGkp,priyagupta999,48
194340,Tweet,MKSinghGkp,tariqpanja,86
194332,Tweet,MKSinghGkp,MKSinghGkp,1
194306,Tweet,MKSinghGkp,ronojoy_sen,2
194346,Tweet,MKSinghGkp,Gauraw2297,7
194280,Tweet,MKSinghGkp,sermoninstone,6
194251,Tweet,MKSinghGkp,jeannasmialek,163
194329,Tweet,MKSinghGkp,Gauraw2297,4
194337,Tweet,MKSinghGkp,somitsenTOI,12
158096,Article,leninology,ggreenwald,95
158060,Article,leninology,peterbradshaw1,9
158085,Article,leninology,williamkeegan,47
157995,Article,leninology,charltonbrooker,20
158025,Article,leninology,garyyounge,4
158007,Article,leninology,lukeharding1968,20
158074,Article,leninology,Bencjacobs,200
158036,Article,leninology,nicklezard,3
158064,Article,leninology,davidhepworth,77
158029,Article,leninology,alexanderburns,5
157991,Article,leninology,AndrewSparrow,16
158057,Article,leninology,PatriciaMazzei,174
158094,Article,leninology,leninology,1
158073,Article,leninology,charltonbrooker,67
158032,Article,leninology,leninology,1
158690,Tweet,leninology,philipoltermann,8
158352,Tweet,leninology,Rupalijee,263
158587,Tweet,leninology,nytdavidbrooks,22
158649,Tweet,leninology,RosySequeiraTOI,61
158455,Tweet,leninology,RosySequeiraTOI,99
158519,Tweet,leninology,RosySequeiraTOI,122
158161,Tweet,leninology,TimdeLisle,239
158520,Tweet,leninology,DouthatNYT,61
158687,Tweet,leninology,RBReich,90
158623,Tweet,leninology,007pandey,81
158706,Tweet,leninology,dwightgarner,45
158205,Tweet,leninology,llerer,138
158537,Tweet,leninology,RorySmith,61
158442,Tweet,leninology,HackneyAbbott,22
158646,Tweet,leninology,parthasinha,317
192688,Article,MarcusMergulhao,parthasinha,6
192741,Article,MarcusMergulhao,bencasselman,17
192775,Article,MarcusMergulhao,saumyajitbTOI,21
192820,Article,MarcusMergulhao,sudeshnagTOI,54
192699,Article,MarcusMergulhao,RorySmith,2
192615,Article,MarcusMergulhao,AraniBasuTOI,17
192661,Article,MarcusMergulhao,nandinisgTOI,97
192667,Article,MarcusMergulhao,adwaidh,9
192815,Article,MarcusMergulhao,DouthatNYT,17
192768,Article,MarcusMergulhao,parthasinha,7
192745,Article,MarcusMergulhao,RosySequeiraTOI,3
192719,Article,MarcusMergulhao,adwaidh,13
192743,Article,MarcusMergulhao,abantika77,12
192675,Article,MarcusMergulhao,sudeshnagTOI,17
192761,Article,MarcusMergulhao,RorySmith,7
192882,Tweet,MarcusMergulhao,chiggi,42
192871,Tweet,MarcusMergulhao,RichardFausset,77
192919,Tweet,MarcusMergulhao,adwaidh,8
192953,Tweet,MarcusMergulhao,nytmike,154
192911,Tweet,MarcusMergulhao,joshwiddicombe,121
192864,Tweet,MarcusMergulhao,andrewrawnsley,129
192907,Tweet,MarcusMergulhao,AraniBasuTOI,4
192870,Tweet,MarcusMergulhao,DekaJayanta,13
192906,Tweet,MarcusMergulhao,sio_burke,19
192896,Tweet,MarcusMergulhao,RorySmith,9
192909,Tweet,MarcusMergulhao,RorySmith,3
192875,Tweet,MarcusMergulhao,joncaramanica,174
192945,Tweet,MarcusMergulhao,DanielKingChess,5
192867,Tweet,MarcusMergulhao,smbahr14,24
192944,Tweet,MarcusMergulhao,BawaNaaved,47
52218,Article,KateEMcCann,winematcher,2
52304,Article,KateEMcCann,winematcher,4
52109,Article,KateEMcCann,winematcher,3
52221,Article,KateEMcCann,arusbridger,24
52142,Article,KateEMcCann,sunny_hundal,3
52268,Article,KateEMcCann,charltonbrooker,51
52087,Article,KateEMcCann,billicritic,110
52135,Article,KateEMcCann,KateEMcCann,1
52290,Article,KateEMcCann,KateEMcCann,1
52288,Article,KateEMcCann,arusbridger,3
52188,Article,KateEMcCann,DawnHFoster,10
52241,Article,KateEMcCann,VivianHo,110
52191,Article,KateEMcCann,FabrizioRomano,3
52211,Article,KateEMcCann,aleksk,348
52083,Article,KateEMcCann,sarfrazmanzoor,50
52740,Tweet,KateEMcCann,ArthurNeslen,295
52484,Tweet,KateEMcCann,GeorgeMonbiot,54
52444,Tweet,KateEMcCann,AndrewSparrow,3
52639,Tweet,KateEMcCann,marthakelner,5
52437,Tweet,KateEMcCann,AndrewSparrow,2
52399,Tweet,KateEMcCann,steve_hewlett,4
52672,Tweet,KateEMcCann,JohnJCrace,15
52350,Tweet,KateEMcCann,EricaLG,163
52596,Tweet,KateEMcCann,andybrassell,33
52730,Tweet,KateEMcCann,NilsPratley,31
52456,Tweet,KateEMcCann,paulmasonnews,17
52643,Tweet,KateEMcCann,AnushkaAsthana,8
52554,Tweet,KateEMcCann,AndrewSparrow,12
52835,Tweet,KateEMcCann,john_hooper,16
52889,Tweet,KateEMcCann,MoharBasu,194
152190,Article,sarahchurchwell,IAmTimDowling,4
152265,Article,sarahchurchwell,IKershner,268
152268,Article,sarahchurchwell,MiriamElder,213
152214,Article,sarahchurchwell,paulmasonnews,21
152260,Article,sarahchurchwell,sisario,35
152226,Article,sarahchurchwell,AnushkaAsthana,26
152196,Article,sarahchurchwell,gilestremlett,395
152283,Article,sarahchurchwell,mariellaf1,24
152168,Article,sarahchurchwell,thestephmerritt,114
152194,Article,sarahchurchwell,MaggieAstor,207
152173,Article,sarahchurchwell,alexbellos,59
152267,Article,sarahchurchwell,parul_sehgal,21
152216,Article,sarahchurchwell,NesrineMalik,132
152264,Article,sarahchurchwell,gabyhinsliff,22
152253,Article,sarahchurchwell,rachshabi,90
152699,Tweet,sarahchurchwell,williamkeegan,120
152369,Tweet,sarahchurchwell,andybrassell,160
152315,Tweet,sarahchurchwell,salihughes,46
152556,Tweet,sarahchurchwell,EricaLG,109
152756,Tweet,sarahchurchwell,samsifton,19
152720,Tweet,sarahchurchwell,RorySmith,96
152577,Tweet,sarahchurchwell,charltonbrooker,92
152340,Tweet,sarahchurchwell,tushhaikhush,124
152565,Tweet,sarahchurchwell,JoshuaRozenberg,6
152866,Tweet,sarahchurchwell,dwightgarner,316
152693,Tweet,sarahchurchwell,NYTimesCohen,327
152653,Tweet,sarahchurchwell,binays1960,99
152810,Tweet,sarahchurchwell,charltonbrooker,22
152413,Tweet,sarahchurchwell,RosySequeiraTOI,44
152483,Tweet,sarahchurchwell,sermoninstone,122
200791,Article,petleepeter,rajatpTOI,12
200984,Article,petleepeter,yeshikabudhwar,48
200810,Article,petleepeter,AshokPradhanTOI,70
200851,Article,petleepeter,AlokKNMishra,4
200911,Article,petleepeter,AditiZero,3
200854,Article,petleepeter,vijayVsinghTOI,7
200994,Article,petleepeter,imabdulgani,16
200961,Article,petleepeter,bindiyachariTOI,77
200855,Article,petleepeter,kush_junglee,16
200963,Article,petleepeter,UttaraVarmaTOI,18
200930,Article,petleepeter,UttaraVarmaTOI,4
200845,Article,petleepeter,AniltheMatrix,48
200938,Article,petleepeter,toi_ManujaV,10
200799,Article,petleepeter,RosySequeiraTOI,37
200982,Article,petleepeter,aseemsgujar,53
201030,Tweet,petleepeter,petleepeter,1
201037,Tweet,petleepeter,GRajivTOI,105
201100,Tweet,petleepeter,vivek9301,33
201041,Tweet,petleepeter,petleepeter,1
201110,Tweet,petleepeter,mateenHTOI,143
201026,Tweet,petleepeter,petleepeter,1
201043,Tweet,petleepeter,meeravohraTOI,2
201082,Tweet,petleepeter,pradeepjourno,133
201036,Tweet,petleepeter,vijayVsinghTOI,25
201023,Tweet,petleepeter,petleepeter,1
201035,Tweet,petleepeter,priyangiTOI,94
201097,Tweet,petleepeter,sudeshnagTOI,267
201111,Tweet,petleepeter,petleepeter,1
201027,Tweet,petleepeter,petleepeter,1
201105,Tweet,petleepeter,petleepeter,1
130437,Article,ArthurNeslen,PjJoychen,4
130359,Article,ArthurNeslen,ArthurNeslen,1
130434,Article,ArthurNeslen,ewenmacaskill,3
130305,Article,ArthurNeslen,PippaCrerar,10
130402,Article,ArthurNeslen,noamscheiber,14
130278,Article,ArthurNeslen,jonathanwatts,3
130217,Article,ArthurNeslen,PjJoychen,2
130409,Article,ArthurNeslen,ArthurNeslen,1
130426,Article,ArthurNeslen,williamnhutton,56
130358,Article,ArthurNeslen,ArthurNeslen,1
130380,Article,ArthurNeslen,naomi2009,4
130347,Article,ArthurNeslen,jimtankersley,58
130224,Article,ArthurNeslen,ArthurNeslen,1
130320,Article,ArthurNeslen,ArthurNeslen,1
130214,Article,ArthurNeslen,ArthurNeslen,1
130479,Tweet,ArthurNeslen,ArthurNeslen,1
130780,Tweet,ArthurNeslen,SindhukTOI,51
130969,Tweet,ArthurNeslen,PNaveenTOI,21
130556,Tweet,ArthurNeslen,JessicaValenti,406
130909,Tweet,ArthurNeslen,vijayVsinghTOI,54
130862,Tweet,ArthurNeslen,ArthurNeslen,1
130622,Tweet,ArthurNeslen,marywalshjourno,38
130774,Tweet,ArthurNeslen,bindelj,12
130677,Tweet,ArthurNeslen,PjJoychen,12
130849,Tweet,ArthurNeslen,PippaCrerar,53
130647,Tweet,ArthurNeslen,peterbradshaw1,181
130872,Tweet,ArthurNeslen,WilbyPeter,3
130701,Tweet,ArthurNeslen,meeravohraTOI,348
130871,Tweet,ArthurNeslen,lukeharding1968,381
130624,Tweet,ArthurNeslen,williamkeegan,119
161937,Article,jfordham_jazz,MarinaOLoughlin,105
162073,Article,jfordham_jazz,melissaclark,199
162084,Article,jfordham_jazz,alanconnor,34
161911,Article,jfordham_jazz,jfordham_jazz,1
162077,Article,jfordham_jazz,samsifton,129
161933,Article,jfordham_jazz,jfordham_jazz,1
162108,Article,jfordham_jazz,joecoscarelli,57
162070,Article,jfordham_jazz,nnougayrede,11
162092,Article,jfordham_jazz,zwoolfe,154
162056,Article,jfordham_jazz,davidhepworth,31
161882,Article,jfordham_jazz,jfordham_jazz,1
162038,Article,jfordham_jazz,sangerkatz,20
161986,Article,jfordham_jazz,LeoHickman,2
161964,Article,jfordham_jazz,gracedent,105
161998,Article,jfordham_jazz,bglendenning,235
162121,Tweet,jfordham_jazz,jfordham_jazz,1
162143,Tweet,jfordham_jazz,laurenlaverne,32
162278,Tweet,jfordham_jazz,AlysFowler,2
162148,Tweet,jfordham_jazz,jfordham_jazz,1
162309,Tweet,jfordham_jazz,PNaveenTOI,3
162136,Tweet,jfordham_jazz,AlokKNMishra,3
162243,Tweet,jfordham_jazz,davidleighx,140
162322,Tweet,jfordham_jazz,jayamenon64,13
162124,Tweet,jfordham_jazz,billicritic,3
162244,Tweet,jfordham_jazz,jfordham_jazz,1
162326,Tweet,jfordham_jazz,PNaveenTOI,6
162165,Tweet,jfordham_jazz,DanielKingChess,9
162295,Tweet,jfordham_jazz,ASoloski,10
162223,Tweet,jfordham_jazz,billicritic,2
162274,Tweet,jfordham_jazz,steve_hewlett,4
131915,Article,tomdyckhoff,tomdyckhoff,1
131958,Article,tomdyckhoff,tomdyckhoff,1
131959,Article,tomdyckhoff,tomdyckhoff,1
131828,Article,tomdyckhoff,tomdyckhoff,1
132035,Article,tomdyckhoff,tomdyckhoff,1
131899,Article,tomdyckhoff,tomdyckhoff,1
132074,Article,tomdyckhoff,tomdyckhoff,1
131969,Article,tomdyckhoff,tomdyckhoff,1
131957,Article,tomdyckhoff,tomdyckhoff,1
131951,Article,tomdyckhoff,tomdyckhoff,1
131834,Article,tomdyckhoff,tomdyckhoff,1
131940,Article,tomdyckhoff,tomdyckhoff,1
132046,Article,tomdyckhoff,tomdyckhoff,1
132039,Article,tomdyckhoff,tomdyckhoff,1
131837,Article,tomdyckhoff,tomdyckhoff,1
133744,Tweet,tomdyckhoff,DouthatNYT,132
133140,Tweet,tomdyckhoff,wesley_morris,153
133467,Tweet,tomdyckhoff,MoharBasu,82
132853,Tweet,tomdyckhoff,elizabday,163
133374,Tweet,tomdyckhoff,sio_burke,453
133304,Tweet,tomdyckhoff,oliverburkeman,162
133275,Tweet,tomdyckhoff,AndrewSparrow,19
133683,Tweet,tomdyckhoff,binays1960,188
133165,Tweet,tomdyckhoff,joshwiddicombe,13
132357,Tweet,tomdyckhoff,binays1960,335
133908,Tweet,tomdyckhoff,lyngardner,30
133464,Tweet,tomdyckhoff,BawaNaaved,83
133469,Tweet,tomdyckhoff,sendvictorious,13
132674,Tweet,tomdyckhoff,tomdyckhoff,1
132463,Tweet,tomdyckhoff,kenanmalik,19
28295,Article,StacyCowley,bencasselman,39
28269,Article,StacyCowley,bencasselman,6
28236,Article,StacyCowley,jeannasmialek,6
28259,Article,StacyCowley,StacyCowley,1
28268,Article,StacyCowley,tripgabriel,32
28265,Article,StacyCowley,nandinisgTOI,167
28283,Article,StacyCowley,StacyCowley,1
28205,Article,StacyCowley,margaretrenkl,16
28249,Article,StacyCowley,mtomasky,116
28228,Article,StacyCowley,bencasselman,8
28227,Article,StacyCowley,hillhulse,36
28234,Article,StacyCowley,jeannasmialek,25
28203,Article,StacyCowley,fmanjoo,115
28206,Article,StacyCowley,jimtankersley,3
28233,Article,StacyCowley,bencasselman,8
28307,Tweet,StacyCowley,ESCochrane,12
28395,Tweet,StacyCowley,sangerkatz,35
28366,Tweet,StacyCowley,EricaLG,32
28396,Tweet,StacyCowley,gettinviggy,119
28392,Tweet,StacyCowley,StacyCowley,1
28397,Tweet,StacyCowley,jennydeluxe,9
28340,Tweet,StacyCowley,paulkrugman,56
28308,Tweet,StacyCowley,peterbakernyt,177
28335,Tweet,StacyCowley,SharonLNYT,8
28388,Tweet,StacyCowley,StacyCowley,1
28300,Tweet,StacyCowley,StacyCowley,1
28332,Tweet,StacyCowley,billywitz,55
28368,Tweet,StacyCowley,StacyCowley,1
28330,Tweet,StacyCowley,StacyCowley,1
28305,Tweet,StacyCowley,michelleinbklyn,32
164942,Article,andybrassell,pete_wells,2
164876,Article,andybrassell,dwightgarner,9
165067,Article,andybrassell,parul_sehgal,191
164873,Article,andybrassell,williamkeegan,44
164880,Article,andybrassell,jennydeluxe,2
164978,Article,andybrassell,OLIVERBALCH,9
164919,Article,andybrassell,rachshabi,3
165009,Article,andybrassell,andybrassell,1
164883,Article,andybrassell,ByJamesWagner,6
164872,Article,andybrassell,andybrassell,1
165018,Article,andybrassell,FabrizioRomano,49
164987,Article,andybrassell,kenanmalik,18
165010,Article,andybrassell,bglendenning,12
165077,Article,andybrassell,ByJamesWagner,47
165091,Article,andybrassell,aleksk,2
165298,Tweet,andybrassell,saumyajitbTOI,115
165492,Tweet,andybrassell,seaningle,271
165384,Tweet,andybrassell,rachshabi,93
165165,Tweet,andybrassell,RorySmith,23
165306,Tweet,andybrassell,Shreyanka_M,296
165164,Tweet,andybrassell,KTVinobhaTOI,245
165610,Tweet,andybrassell,bglendenning,6
165483,Tweet,andybrassell,EricaLG,10
165468,Tweet,andybrassell,andybrassell,1
165695,Tweet,andybrassell,jennydeluxe,6
165323,Tweet,andybrassell,seaningle,43
165330,Tweet,andybrassell,andrewrawnsley,46
165429,Tweet,andybrassell,bglendenning,37
165597,Tweet,andybrassell,FabrizioRomano,4
165667,Tweet,andybrassell,andybrassell,1
211409,Article,Shrivathsan1437,Shrivathsan1437,1
211313,Article,Shrivathsan1437,AraniBasuTOI,6
211310,Article,Shrivathsan1437,Shrivathsan1437,1
211280,Article,Shrivathsan1437,vivek9301,2
211412,Article,Shrivathsan1437,sudeshnagTOI,12
211386,Article,Shrivathsan1437,SunilSubaiah,4
211378,Article,Shrivathsan1437,vijayVsinghTOI,34
211304,Article,Shrivathsan1437,Pratiks_TOI,37
211345,Article,Shrivathsan1437,vivek9301,10
211462,Article,Shrivathsan1437,divyapal2013,102
211491,Article,Shrivathsan1437,marywalshjourno,104
211465,Article,Shrivathsan1437,joshwiddicombe,100
211419,Article,Shrivathsan1437,adwaidh,17
211447,Article,Shrivathsan1437,adwaidh,14
211401,Article,Shrivathsan1437,TridibIANS,2
211553,Tweet,Shrivathsan1437,vivek9301,2
211600,Tweet,Shrivathsan1437,christophclarey,21
211530,Tweet,Shrivathsan1437,vivek9301,64
211592,Tweet,Shrivathsan1437,FabrizioRomano,257
211546,Tweet,Shrivathsan1437,sudeshnagTOI,51
211564,Tweet,Shrivathsan1437,smita_mishra,2
211534,Tweet,Shrivathsan1437,sudeshnagTOI,2
211517,Tweet,Shrivathsan1437,bglendenning,29
211531,Tweet,Shrivathsan1437,annanorthtweets,34
211567,Tweet,Shrivathsan1437,AraniBasuTOI,69
211562,Tweet,Shrivathsan1437,toi_ManujaV,15
211571,Tweet,Shrivathsan1437,PNaveenTOI,30
211526,Tweet,Shrivathsan1437,DekaJayanta,151
211563,Tweet,Shrivathsan1437,palaknandiTOI,17
211513,Tweet,Shrivathsan1437,tushhaikhush,3
8806,Article,ianrausten,mtomasky,10
8820,Article,ianrausten,pete_wells,10
8833,Article,ianrausten,DanBilefsky,2
8836,Article,ianrausten,DouthatNYT,18
8859,Article,ianrausten,samrob12,126
8879,Article,ianrausten,AlysFowler,6
8856,Article,ianrausten,ianrausten,1
8824,Article,ianrausten,melissaclark,31
8810,Article,ianrausten,aseemsgujar,413
8855,Article,ianrausten,NYTimesCohen,31
8839,Article,ianrausten,naomi2009,3
8894,Article,ianrausten,DerekMalcolm123,43
8864,Article,ianrausten,meddynyt,58
8842,Article,ianrausten,farnazfassihi,77
8890,Article,ianrausten,naomi2009,52
8978,Tweet,ianrausten,CeylanWrites,97
8923,Tweet,ianrausten,pankajdoval,59
8933,Tweet,ianrausten,billmpennington,220
8943,Tweet,ianrausten,lisamonteiroTOI,106
8960,Tweet,ianrausten,digbijaymishra1,142
8915,Tweet,ianrausten,benkenigsberg,72
8947,Tweet,ianrausten,benkenigsberg,31
8962,Tweet,ianrausten,suilee,10
8929,Tweet,ianrausten,nicholaswatt,115
8953,Tweet,ianrausten,ianrausten,1
8918,Tweet,ianrausten,SearleAdrian,94
8987,Tweet,ianrausten,SocialQPhilip,135
8909,Tweet,ianrausten,pankajdoval,23
8906,Tweet,ianrausten,pete_wells,20
8979,Tweet,ianrausten,williamkeegan,126
113288,Article,attackerman,hugolowell,2
113136,Article,attackerman,hugolowell,3
113117,Article,attackerman,mikeives,5
113328,Article,attackerman,EricaLG,239
113211,Article,attackerman,leninology,158
113185,Article,attackerman,aleksk,31
113250,Article,attackerman,attackerman,1
113134,Article,attackerman,ggreenwald,48
113335,Article,attackerman,ggreenwald,23
113146,Article,attackerman,martcrossy,4
113114,Article,attackerman,hugolowell,2
113141,Article,attackerman,hugolowell,3
113139,Article,attackerman,hugolowell,16
113192,Article,attackerman,ggreenwald,17
113342,Article,attackerman,aleksk,49
113838,Tweet,attackerman,carolecadwalla,25
113755,Tweet,attackerman,JoshuaRozenberg,270
113628,Tweet,attackerman,brooksbarnesNYT,227
113858,Tweet,attackerman,GiniaNYT,52
113616,Tweet,attackerman,007pandey,221
113378,Tweet,attackerman,charlie_savage,235
113592,Tweet,attackerman,thrasherxy,234
113438,Tweet,attackerman,jotted,16
113750,Tweet,attackerman,NYTimesCohen,353
113739,Tweet,attackerman,vvfriedman,164
113497,Tweet,attackerman,julianbarnes,20
113679,Tweet,attackerman,yeshikabudhwar,66
113662,Tweet,attackerman,julianbarnes,65
113485,Tweet,attackerman,jestei,34
113394,Tweet,attackerman,hillhulse,117
19486,Article,smbahr14,rachlharris,43
19433,Article,smbahr14,kenanmalik,111
19450,Article,smbahr14,DerekMalcolm123,108
19493,Article,smbahr14,niyatiparikhTOI,73
19481,Article,smbahr14,mtomasky,158
19422,Article,smbahr14,FrancesRobles,206
19456,Article,smbahr14,EmmaBubola,67
19454,Article,smbahr14,wesley_morris,51
19411,Article,smbahr14,ASoloski,57
19484,Article,smbahr14,vwang3,167
19464,Article,smbahr14,rachlharris,24
19426,Article,smbahr14,KapildaveTOI,44
19475,Article,smbahr14,paulkrugman,121
19483,Article,smbahr14,SagrikaKissu,17
19415,Article,smbahr14,alexmarshall81,132
19511,Tweet,smbahr14,yusrahusain,73
19578,Tweet,smbahr14,allegramcevedy,21
19558,Tweet,smbahr14,MichaelPaulson,28
19517,Tweet,smbahr14,sermoninstone,248
19593,Tweet,smbahr14,MichaelPaulson,16
19564,Tweet,smbahr14,peterbradshaw1,7
19518,Tweet,smbahr14,IKershner,136
19582,Tweet,smbahr14,stevenerlanger,40
19595,Tweet,smbahr14,reidepstein,162
19557,Tweet,smbahr14,psangeetha2112,334
19501,Tweet,smbahr14,TristramHuntVA,151
19538,Tweet,smbahr14,kylebuchanan,59
19555,Tweet,smbahr14,ManjuVTOI,193
19503,Tweet,smbahr14,billywitz,104
19565,Tweet,smbahr14,brooksbarnesNYT,52
72375,Article,VivianHo,ElisabethMalkin,83
72545,Article,VivianHo,SherylNYT,47
72360,Article,VivianHo,lukeharding1968,2
72440,Article,VivianHo,jackschofield,123
72374,Article,VivianHo,AtulMathur_,76
72405,Article,VivianHo,tejalrao,40
72342,Article,VivianHo,dansabbagh,125
72496,Article,VivianHo,NilsPratley,104
72450,Article,VivianHo,murarishetyeTOI,47
72337,Article,VivianHo,paulkrugman,63
72459,Article,VivianHo,charltonbrooker,19
72497,Article,VivianHo,aditya_bh16,329
72441,Article,VivianHo,hugolowell,90
72453,Article,VivianHo,richardwolffedc,269
72530,Article,VivianHo,mtomasky,77
72678,Tweet,VivianHo,bykaren,245
72914,Tweet,VivianHo,MoharBasu,218
72639,Tweet,VivianHo,ukigoni,115
72777,Tweet,VivianHo,lucywardsings,416
72608,Tweet,VivianHo,andybrassell,55
72671,Tweet,VivianHo,christophclarey,313
73131,Tweet,VivianHo,divyapal2013,2
72762,Tweet,VivianHo,tejalrao,2
73114,Tweet,VivianHo,yeshikabudhwar,247
73032,Tweet,VivianHo,EricaLG,30
72647,Tweet,VivianHo,MarinaHyde,97
72670,Tweet,VivianHo,sio_burke,9
72766,Tweet,VivianHo,jimwaterson,56
72643,Tweet,VivianHo,ginakolata,41
72612,Tweet,VivianHo,mswainwright,415
164031,Article,PeterTatchell,nicklezard,94
164053,Article,PeterTatchell,alexvtunzelmann,52
164135,Article,PeterTatchell,HackneyAbbott,18
164194,Article,PeterTatchell,alexbellos,7
164109,Article,PeterTatchell,sunny_hundal,12
164161,Article,PeterTatchell,thrasherxy,105
164217,Article,PeterTatchell,alexvtunzelmann,2
164228,Article,PeterTatchell,Freedland,103
164019,Article,PeterTatchell,PeterTatchell,1
164150,Article,PeterTatchell,bglendenning,67
164127,Article,PeterTatchell,bglendenning,32
164153,Article,PeterTatchell,thrasherxy,11
164100,Article,PeterTatchell,sunny_hundal,23
164018,Article,PeterTatchell,PeterTatchell,1
164156,Article,PeterTatchell,msrachelcooke,11
164540,Tweet,PeterTatchell,laurenlaverne,23
164721,Tweet,PeterTatchell,MichaelWhite,15
164641,Tweet,PeterTatchell,ewenmacaskill,19
164430,Tweet,PeterTatchell,RaphaelMinder,5
164307,Tweet,PeterTatchell,ChuBailiang,253
164807,Tweet,PeterTatchell,WilbyPeter,2
164298,Tweet,PeterTatchell,CarolineLucas,26
164735,Tweet,PeterTatchell,HackneyAbbott,2
164472,Tweet,PeterTatchell,GioRussonello,5
164604,Tweet,PeterTatchell,williamnhutton,2
164303,Tweet,PeterTatchell,genznyt,20
164300,Tweet,PeterTatchell,lukeharding1968,147
164723,Tweet,PeterTatchell,ewenmacaskill,57
164608,Tweet,PeterTatchell,pradeeptTOI,31
164821,Tweet,PeterTatchell,mateenHTOI,3
126101,Article,martcrossy,martcrossy,1
125955,Article,martcrossy,martcrossy,1
126041,Article,martcrossy,ewenmacaskill,135
125982,Article,martcrossy,martcrossy,1
126097,Article,martcrossy,williamkeegan,11
126008,Article,martcrossy,joshwiddicombe,21
126024,Article,martcrossy,martcrossy,1
126094,Article,martcrossy,martcrossy,1
126068,Article,martcrossy,martcrossy,1
126027,Article,martcrossy,martcrossy,1
126143,Article,martcrossy,martcrossy,1
126089,Article,martcrossy,martcrossy,1
126005,Article,martcrossy,martcrossy,1
126055,Article,martcrossy,martcrossy,1
126159,Article,martcrossy,martcrossy,1
126285,Tweet,martcrossy,nicholaswatt,40
126440,Tweet,martcrossy,RosySequeiraTOI,70
126278,Tweet,martcrossy,divyapal2013,12
126274,Tweet,martcrossy,FabrizioRomano,149
126315,Tweet,martcrossy,sudeshnagTOI,31
126220,Tweet,martcrossy,RosySequeiraTOI,18
126751,Tweet,martcrossy,vijaysinghTOI,243
126786,Tweet,martcrossy,DanielKingChess,125
126340,Tweet,martcrossy,wesley_morris,485
126766,Tweet,martcrossy,WilbyPeter,208
126562,Tweet,martcrossy,sendvictorious,30
126328,Tweet,martcrossy,AlysFowler,90
126474,Tweet,martcrossy,andybrassell,33
126602,Tweet,martcrossy,DanielKingChess,128
126299,Tweet,martcrossy,SribaalaVTOI,66
14821,Article,NickAtNews,SribaalaVTOI,280
14801,Article,NickAtNews,llerer,67
14835,Article,NickAtNews,sio_burke,261
14880,Article,NickAtNews,SumitraDebRoy,145
14820,Article,NickAtNews,jennydeluxe,132
14839,Article,NickAtNews,el_belson,5
14883,Article,NickAtNews,BenWeiserNYT,60
14888,Article,NickAtNews,SyedAkbarTOI,312
14804,Article,NickAtNews,antontroian,148
14800,Article,NickAtNews,lukebroadwater,2
14833,Article,NickAtNews,jmart,37
14868,Article,NickAtNews,NikiKitsantonis,22
14827,Article,NickAtNews,NikiKitsantonis,2
14896,Article,NickAtNews,dwightgarner,77
14806,Article,NickAtNews,alexanderburns,93
14951,Tweet,NickAtNews,alanfeuer,19
14999,Tweet,NickAtNews,NeilMacFarquhar,2
14954,Tweet,NickAtNews,gettinviggy,18
14980,Tweet,NickAtNews,ggreenwald,18
14915,Tweet,NickAtNews,jennydeluxe,412
14947,Tweet,NickAtNews,hugolowell,40
14977,Tweet,NickAtNews,DSlotnik,3
14928,Tweet,NickAtNews,hugolowell,5
14970,Tweet,NickAtNews,adamliptak,30
14996,Tweet,NickAtNews,gettinviggy,3
14961,Tweet,NickAtNews,tripgabriel,37
14923,Tweet,NickAtNews,DouthatNYT,130
14988,Tweet,NickAtNews,pradeeptTOI,203
14990,Tweet,NickAtNews,attackerman,44
14931,Tweet,NickAtNews,hugolowell,71
187728,Article,jayamenon64,rajendrasTOI,21
187615,Article,jayamenon64,jayamenon64,1
187742,Article,jayamenon64,Banjotkaur,28
187644,Article,jayamenon64,yazhiniyanTOI,80
187650,Article,jayamenon64,jayamenon64,1
187643,Article,jayamenon64,Crime_Selvaraj,45
187668,Article,jayamenon64,Arun_Ram,2
187707,Article,jayamenon64,juliemTOI,20
187645,Article,jayamenon64,SribaalaVTOI,74
187686,Article,jayamenon64,naomi2009,39
187690,Article,jayamenon64,declanwalsh,89
187746,Article,jayamenon64,dklavaniaTOI,144
187698,Article,jayamenon64,jayamenon64,1
187786,Article,jayamenon64,juliemTOI,11
187738,Article,jayamenon64,williamkeegan,5
187814,Tweet,jayamenon64,dkarthikTOI,5
187853,Tweet,jayamenon64,durgeshjhaTOI,5
187833,Tweet,jayamenon64,SiwachSukhbir,56
187806,Tweet,jayamenon64,SangerNYT,79
187860,Tweet,jayamenon64,Banjotkaur,38
187828,Tweet,jayamenon64,dubeyavishek,47
187854,Tweet,jayamenon64,MujMash,146
187848,Tweet,jayamenon64,omjasvinTOI,13
187877,Tweet,jayamenon64,PjJoychen,14
187832,Tweet,jayamenon64,PippaCrerar,34
187841,Tweet,jayamenon64,PNaveenTOI,97
187824,Tweet,jayamenon64,manvirsainiTOI,36
187869,Tweet,jayamenon64,petleepeter,232
187836,Tweet,jayamenon64,SindhukTOI,24
187856,Tweet,jayamenon64,GRajivTOI,21
96922,Article,OwenJones84,RBReich,64
96827,Article,OwenJones84,binays1960,11
96874,Article,OwenJones84,leninology,24
96854,Article,OwenJones84,NesrineMalik,221
96982,Article,OwenJones84,mtomasky,36
96999,Article,OwenJones84,paulkrugman,191
96892,Article,OwenJones84,jackschofield,18
96878,Article,OwenJones84,kenanmalik,31
96804,Article,OwenJones84,thestephmerritt,91
96920,Article,OwenJones84,PippaCrerar,20
96820,Article,OwenJones84,RorySmith,29
96868,Article,OwenJones84,jennydeluxe,99
96939,Article,OwenJones84,hugolowell,117
96971,Article,OwenJones84,jimwaterson,31
96839,Article,OwenJones84,williamkeegan,104
97309,Tweet,OwenJones84,sunny_hundal,78
97156,Tweet,OwenJones84,ShaneGoldmacher,313
97375,Tweet,OwenJones84,seaningle,376
97318,Tweet,OwenJones84,ggreenwald,154
97468,Tweet,OwenJones84,HackneyAbbott,110
97261,Tweet,OwenJones84,GioRussonello,42
97404,Tweet,OwenJones84,tomdyckhoff,177
97638,Tweet,OwenJones84,tejalrao,71
97403,Tweet,OwenJones84,TanyaGold1,49
97235,Tweet,OwenJones84,dwightgarner,266
97304,Tweet,OwenJones84,lucysiegle,81
97218,Tweet,OwenJones84,DouthatNYT,73
97470,Tweet,OwenJones84,Shrivathsan1437,74
97116,Tweet,OwenJones84,007pandey,28
97377,Tweet,OwenJones84,IAmTimDowling,79
214079,Article,SumitraDebRoy,SumitraDebRoy,1
213977,Article,SumitraDebRoy,AnujaJaiswalTOI,2
214186,Article,SumitraDebRoy,durgeshjhaTOI,2
214182,Article,SumitraDebRoy,AnujaJaiswalTOI,49
214112,Article,SumitraDebRoy,SumitraDebRoy,1
214161,Article,SumitraDebRoy,mohuadazz,2
214034,Article,SumitraDebRoy,KapildaveTOI,2
214127,Article,SumitraDebRoy,PhanindraP_TNIE,37
214036,Article,SumitraDebRoy,rishachitlangia,110
214077,Article,SumitraDebRoy,AtulMathur_,3
214109,Article,SumitraDebRoy,ChaitanyadTOI,3
214019,Article,SumitraDebRoy,AnujaJaiswalTOI,14
214038,Article,SumitraDebRoy,divyadubey_,3
214074,Article,SumitraDebRoy,NishikantkTOI,110
214029,Article,SumitraDebRoy,ThevarSteffy,4
214231,Tweet,SumitraDebRoy,smita_mishra,101
214286,Tweet,SumitraDebRoy,rishachitlangia,17
214223,Tweet,SumitraDebRoy,viasimonromero,277
214201,Tweet,SumitraDebRoy,melissaclark,45
214212,Tweet,SumitraDebRoy,jmart,52
214237,Tweet,SumitraDebRoy,AnushkaAsthana,5
214202,Tweet,SumitraDebRoy,rjadHinduBL,96
214234,Tweet,SumitraDebRoy,KomalGautham,23
214206,Tweet,SumitraDebRoy,AlokKNMishra,4
214275,Tweet,SumitraDebRoy,SindhukTOI,58
214220,Tweet,SumitraDebRoy,suilee,62
214240,Tweet,SumitraDebRoy,priyagupta999,52
214213,Tweet,SumitraDebRoy,ASoloski,347
214269,Tweet,SumitraDebRoy,RosySequeiraTOI,450
214257,Tweet,SumitraDebRoy,priyangiTOI,21
211032,Article,ShrinivasaMTOI,KomalGautham,34
211098,Article,ShrinivasaMTOI,BhanupratapsTOI,7
210975,Article,ShrinivasaMTOI,neelam_raaj,86
211087,Article,ShrinivasaMTOI,amitanandTOI,28
211128,Article,ShrinivasaMTOI,ShrinivasaMTOI,1
210931,Article,ShrinivasaMTOI,MarinaOLoughlin,40
211016,Article,ShrinivasaMTOI,utejonmayamTOI,70
211014,Article,ShrinivasaMTOI,GRajivTOI,130
210912,Article,ShrinivasaMTOI,priyangiTOI,11
211140,Article,ShrinivasaMTOI,BenRothenberg,113
210922,Article,ShrinivasaMTOI,dklavaniaTOI,9
211086,Article,ShrinivasaMTOI,akhileshsTOI,51
211051,Article,ShrinivasaMTOI,imabdulgani,63
210962,Article,ShrinivasaMTOI,AtulMathur_,57
211068,Article,ShrinivasaMTOI,williamkeegan,73
211164,Tweet,ShrinivasaMTOI,niyatiparikhTOI,68
211241,Tweet,ShrinivasaMTOI,antontroian,77
211228,Tweet,ShrinivasaMTOI,RoniNYTimes,247
211235,Tweet,ShrinivasaMTOI,ShrinivasaMTOI,1
211159,Tweet,ShrinivasaMTOI,ameliagentleman,171
211185,Tweet,ShrinivasaMTOI,vijaysinghTOI,313
211171,Tweet,ShrinivasaMTOI,antontroian,55
211242,Tweet,ShrinivasaMTOI,sandhyanairTOI,136
211191,Tweet,ShrinivasaMTOI,priyangiTOI,147
211161,Tweet,ShrinivasaMTOI,divyapal2013,97
211216,Tweet,ShrinivasaMTOI,saumyajitbTOI,239
211199,Tweet,ShrinivasaMTOI,pradeeptTOI,118
211179,Tweet,ShrinivasaMTOI,ChaitanyadTOI,40
211251,Tweet,ShrinivasaMTOI,bylizrobbins,153
211204,Tweet,ShrinivasaMTOI,smita_mishra,12
189091,Article,KapildaveTOI,naomi2009,4
188977,Article,KapildaveTOI,KapildaveTOI,1
189145,Article,KapildaveTOI,AshokPradhanTOI,3
189156,Article,KapildaveTOI,KapildaveTOI,1
189022,Article,KapildaveTOI,jameskanter,3
189094,Article,KapildaveTOI,vijayVsinghTOI,2
188970,Article,KapildaveTOI,NishikantkTOI,6
188959,Article,KapildaveTOI,KapildaveTOI,1
189114,Article,KapildaveTOI,vishwamTOI,3
189034,Article,KapildaveTOI,KapildaveTOI,1
188985,Article,KapildaveTOI,pankajdoval,3
189170,Article,KapildaveTOI,shafaquealamTOI,60
189053,Article,KapildaveTOI,KapildaveTOI,1
189015,Article,KapildaveTOI,KapildaveTOI,1
189027,Article,KapildaveTOI,pankajdoval,2
189197,Tweet,KapildaveTOI,PjJoychen,12
189174,Tweet,KapildaveTOI,alexanderburns,7
189208,Tweet,KapildaveTOI,KapildaveTOI,1
189221,Tweet,KapildaveTOI,KapildaveTOI,1
189207,Tweet,KapildaveTOI,PrashantrTOI,16
189228,Tweet,KapildaveTOI,PjJoychen,2
189213,Tweet,KapildaveTOI,niyatiparikhTOI,2
189220,Tweet,KapildaveTOI,KapildaveTOI,1
189219,Tweet,KapildaveTOI,PrashantrTOI,2
189199,Tweet,KapildaveTOI,ManjuVTOI,15
189227,Tweet,KapildaveTOI,KapildaveTOI,1
189203,Tweet,KapildaveTOI,palaknandiTOI,45
189198,Tweet,KapildaveTOI,PrashantrTOI,5
189242,Tweet,KapildaveTOI,TOISH31,67
189200,Tweet,KapildaveTOI,niyatiparikhTOI,2
22284,Article,joncaramanica,leninology,83
22283,Article,joncaramanica,NYTimesCohen,33
22252,Article,joncaramanica,joncaramanica,1
22260,Article,joncaramanica,brooksbarnesNYT,11
22248,Article,joncaramanica,jonpareles,7
22214,Article,joncaramanica,bylizrobbins,5
22266,Article,joncaramanica,DouthatNYT,10
22234,Article,joncaramanica,joncaramanica,1
22267,Article,joncaramanica,DouthatNYT,14
22243,Article,joncaramanica,ElisabethMalkin,80
22273,Article,joncaramanica,MaggieAstor,23
22282,Article,joncaramanica,jonpareles,4
22231,Article,joncaramanica,samrob12,154
22287,Article,joncaramanica,brooksbarnesNYT,2
22211,Article,joncaramanica,nytdavidbrooks,9
22323,Tweet,joncaramanica,joncaramanica,1
22333,Tweet,joncaramanica,noamscheiber,29
22384,Tweet,joncaramanica,JessicaValenti,21
22334,Tweet,joncaramanica,tomdyckhoff,3
22366,Tweet,joncaramanica,aleksk,3
22375,Tweet,joncaramanica,joncaramanica,1
22320,Tweet,joncaramanica,RorySmith,3
22372,Tweet,joncaramanica,joncaramanica,1
22340,Tweet,joncaramanica,billmpennington,10
22355,Tweet,joncaramanica,joncaramanica,1
22339,Tweet,joncaramanica,laurenlaverne,9
22397,Tweet,joncaramanica,SarahMaslinNir,11
22386,Tweet,joncaramanica,ajaysuraTOI,9
22345,Tweet,joncaramanica,parul_sehgal,98
22363,Tweet,joncaramanica,joecoscarelli,2
104571,Article,elizabday,jillfilipovic,91
104663,Article,elizabday,thestephmerritt,158
104586,Article,elizabday,lucywardsings,69
104596,Article,elizabday,GeorgeMonbiot,194
104467,Article,elizabday,wesley_morris,301
104650,Article,elizabday,DawnHFoster,176
104436,Article,elizabday,ggreenwald,182
104575,Article,elizabday,hadleyfreeman,42
104484,Article,elizabday,jfordham_jazz,463
104450,Article,elizabday,noamscheiber,380
104633,Article,elizabday,SearleAdrian,16
104576,Article,elizabday,MichaelWhite,25
104661,Article,elizabday,DerekMalcolm123,381
104600,Article,elizabday,NesrineMalik,93
104443,Article,elizabday,ElisabethMalkin,22
104888,Tweet,elizabday,tushhaikhush,3
105109,Tweet,elizabday,LauraCummingArt,71
105268,Tweet,elizabday,GeorgeMonbiot,52
105250,Tweet,elizabday,tejalrao,2
105153,Tweet,elizabday,EricaLG,6
104823,Tweet,elizabday,desaisantosh,2
105182,Tweet,elizabday,LucyMangan,173
104843,Tweet,elizabday,samsifton,14
104980,Tweet,elizabday,afuahirsch,5
104858,Tweet,elizabday,davidhepworth,246
104739,Tweet,elizabday,EricaLG,2
105110,Tweet,elizabday,salihughes,372
104852,Tweet,elizabday,ewenmacaskill,436
105259,Tweet,elizabday,laurenlaverne,55
105260,Tweet,elizabday,DerekMalcolm123,272
142190,Article,nicklezard,nicklezard,1
142319,Article,nicklezard,nicklezard,1
142331,Article,nicklezard,nicklezard,1
142155,Article,nicklezard,nicklezard,1
142290,Article,nicklezard,nicklezard,1
142336,Article,nicklezard,charlie_savage,152
142367,Article,nicklezard,williamkeegan,5
142358,Article,nicklezard,nicklezard,1
142227,Article,nicklezard,nicklezard,1
142182,Article,nicklezard,nicklezard,1
142199,Article,nicklezard,nicklezard,1
142162,Article,nicklezard,nicklezard,1
142254,Article,nicklezard,nicklezard,1
142318,Article,nicklezard,sarahchurchwell,5
142279,Article,nicklezard,alexvtunzelmann,4
142935,Tweet,nicklezard,RowanMoore,91
142447,Tweet,nicklezard,alanconnor,44
142753,Tweet,nicklezard,parul_sehgal,13
142491,Tweet,nicklezard,jennydeluxe,96
142846,Tweet,nicklezard,joncaramanica,173
142759,Tweet,nicklezard,mswainwright,203
142512,Tweet,nicklezard,jayrayner1,388
142506,Tweet,nicklezard,andrew_mueller,95
142552,Tweet,nicklezard,IKershner,262
142520,Tweet,nicklezard,LucyMangan,16
142533,Tweet,nicklezard,RorySmith,5
142646,Tweet,nicklezard,andybrassell,186
142758,Tweet,nicklezard,jennydeluxe,185
142839,Tweet,nicklezard,OwenJones84,300
142617,Tweet,nicklezard,NilsPratley,47
31006,Article,anemonanyc,liamstack,135
31077,Article,anemonanyc,CeylanWrites,69
31086,Article,anemonanyc,ESCochrane,78
31028,Article,anemonanyc,lukebroadwater,39
31035,Article,anemonanyc,bencasselman,84
31041,Article,anemonanyc,toi_dhananjayM,187
31011,Article,anemonanyc,ESCochrane,16
31050,Article,anemonanyc,sangerkatz,24
31031,Article,anemonanyc,nytmike,40
31076,Article,anemonanyc,nytdavidbrooks,21
31059,Article,anemonanyc,margaretrenkl,43
31032,Article,anemonanyc,reidepstein,23
31066,Article,anemonanyc,IKershner,55
31049,Article,anemonanyc,FrankBruni,16
31014,Article,anemonanyc,sangerkatz,48
31132,Tweet,anemonanyc,lisamonteiroTOI,126
31157,Tweet,anemonanyc,yeshikabudhwar,153
31113,Tweet,anemonanyc,vvfriedman,88
31129,Tweet,anemonanyc,PeterTatchell,151
31197,Tweet,anemonanyc,dwightgarner,24
31166,Tweet,anemonanyc,michelleinbklyn,13
31153,Tweet,anemonanyc,andrew_mueller,197
31145,Tweet,anemonanyc,SindhukTOI,79
31142,Tweet,anemonanyc,tarasbernard,59
31199,Tweet,anemonanyc,gettinviggy,218
31119,Tweet,anemonanyc,SharonLNYT,10
31125,Tweet,anemonanyc,mateenHTOI,100
31159,Tweet,anemonanyc,vvfriedman,5
31120,Tweet,anemonanyc,mikeives,148
31156,Tweet,anemonanyc,LFFriedman,125
852,Article,AnaSwanson,SharonLNYT,34
850,Article,AnaSwanson,jameskanter,2
831,Article,AnaSwanson,AnaSwanson,1
881,Article,AnaSwanson,jimtankersley,9
872,Article,AnaSwanson,pete_wells,3
887,Article,AnaSwanson,KeithBradsher,8
854,Article,AnaSwanson,Bencjacobs,55
825,Article,AnaSwanson,KeithBradsher,3
882,Article,AnaSwanson,AnaSwanson,1
893,Article,AnaSwanson,kbennhold,23
899,Article,AnaSwanson,ewong,2
855,Article,AnaSwanson,ShaneGoldmacher,19
891,Article,AnaSwanson,hillhulse,41
876,Article,AnaSwanson,jimtankersley,2
894,Article,AnaSwanson,AnaSwanson,1
962,Tweet,AnaSwanson,hillhulse,57
901,Tweet,AnaSwanson,hugolowell,10
968,Tweet,AnaSwanson,jwpetersNYT,187
967,Tweet,AnaSwanson,aniljdias,36
932,Tweet,AnaSwanson,SwatiMathurTOI,67
915,Tweet,AnaSwanson,shattenstone,80
904,Tweet,AnaSwanson,tripgabriel,3
913,Tweet,AnaSwanson,fmanjoo,499
950,Tweet,AnaSwanson,priyangiTOI,296
964,Tweet,AnaSwanson,hillhulse,50
940,Tweet,AnaSwanson,BenWeiserNYT,8
994,Tweet,AnaSwanson,jeannasmialek,10
958,Tweet,AnaSwanson,StacyCowley,13
963,Tweet,AnaSwanson,bencasselman,10
995,Tweet,AnaSwanson,williamnhutton,453
88693,Article,sarfrazmanzoor,sarfrazmanzoor,1
88630,Article,sarfrazmanzoor,jonronson,18
88720,Article,sarfrazmanzoor,DouthatNYT,98
88767,Article,sarfrazmanzoor,FabrizioRomano,71
88760,Article,sarfrazmanzoor,axrenton,33
88734,Article,sarfrazmanzoor,laurenlaverne,48
88772,Article,sarfrazmanzoor,charltonbrooker,27
88579,Article,sarfrazmanzoor,msmirandasawyer,34
88729,Article,sarfrazmanzoor,WilbyPeter,33
88564,Article,sarfrazmanzoor,LFFriedman,304
88673,Article,sarfrazmanzoor,polblonde,29
88786,Article,sarfrazmanzoor,RorySmith,54
88750,Article,sarfrazmanzoor,billicritic,32
88658,Article,sarfrazmanzoor,alanconnor,12
88663,Article,sarfrazmanzoor,nicholaswatt,59
89360,Tweet,sarfrazmanzoor,williamkeegan,23
89367,Tweet,sarfrazmanzoor,NilsPratley,46
89361,Tweet,sarfrazmanzoor,sendvictorious,11
89121,Tweet,sarfrazmanzoor,bylizrobbins,462
89166,Tweet,sarfrazmanzoor,BawaNaaved,10
89118,Tweet,sarfrazmanzoor,nmcintosh,68
88933,Tweet,sarfrazmanzoor,andrewrawnsley,290
89263,Tweet,sarfrazmanzoor,davidhepworth,37
89220,Tweet,sarfrazmanzoor,stevenpoole,109
89076,Tweet,sarfrazmanzoor,elizabday,9
88947,Tweet,sarfrazmanzoor,leninology,62
88962,Tweet,sarfrazmanzoor,RosySequeiraTOI,53
88839,Tweet,sarfrazmanzoor,vvfriedman,342
88911,Tweet,sarfrazmanzoor,RBReich,447
89381,Tweet,sarfrazmanzoor,bglendenning,44
176251,Article,AtulMathur_,rajendrasTOI,5
176168,Article,AtulMathur_,sandhyanairTOI,54
176247,Article,AtulMathur_,desaisantosh,60
176094,Article,AtulMathur_,SidharthB25,11
176206,Article,AtulMathur_,journo_vibha,18
176098,Article,AtulMathur_,naomi2009,21
176188,Article,AtulMathur_,AtulMathur_,1
176288,Article,AtulMathur_,KapildaveTOI,6
176200,Article,AtulMathur_,rishachitlangia,3
176271,Article,AtulMathur_,sandhyanairTOI,4
176084,Article,AtulMathur_,AtulMathur_,1
176282,Article,AtulMathur_,ArthurNeslen,4
176253,Article,AtulMathur_,AtulMathur_,1
176187,Article,AtulMathur_,KapildaveTOI,2
176174,Article,AtulMathur_,AtulMathur_,1
176361,Tweet,AtulMathur_,ajaykanth7,109
176356,Tweet,AtulMathur_,rajatpTOI,37
176407,Tweet,AtulMathur_,PjJoychen,18
176318,Tweet,AtulMathur_,tushhaikhush,136
176347,Tweet,AtulMathur_,AraniBasuTOI,47
176414,Tweet,AtulMathur_,nauzerbTOI,84
176410,Tweet,AtulMathur_,journo_vibha,7
176402,Tweet,AtulMathur_,DawnHFoster,306
176383,Tweet,AtulMathur_,aniljdias,40
176355,Tweet,AtulMathur_,ThevarSteffy,65
176339,Tweet,AtulMathur_,AditiZero,9
176348,Tweet,AtulMathur_,aniljdias,82
176353,Tweet,AtulMathur_,priyagupta999,55
176405,Tweet,AtulMathur_,AmritadTOI,70
176326,Tweet,AtulMathur_,RorySmith,443
183181,Article,dubeyavishek,kush_junglee,41
183172,Article,dubeyavishek,Crime_Selvaraj,13
183242,Article,dubeyavishek,vijayVsinghTOI,26
183100,Article,dubeyavishek,RosySequeiraTOI,2
183192,Article,dubeyavishek,mateenHTOI,9
183086,Article,dubeyavishek,AtulMathur_,21
183073,Article,dubeyavishek,nauzerbTOI,36
183045,Article,dubeyavishek,kush_junglee,8
183253,Article,dubeyavishek,dubeyavishek,1
183058,Article,dubeyavishek,BawaNaaved,23
183248,Article,dubeyavishek,sandhyanairTOI,12
183093,Article,dubeyavishek,SindhukTOI,82
183216,Article,dubeyavishek,advityabahlTOI,7
183203,Article,dubeyavishek,PhanindraP_TNIE,7
183115,Article,dubeyavishek,shafaquealamTOI,3
183354,Tweet,dubeyavishek,GRajivTOI,33
183327,Tweet,dubeyavishek,PNaveenTOI,6
183285,Tweet,dubeyavishek,AraniBasuTOI,56
183281,Tweet,dubeyavishek,ManjuVTOI,49
183304,Tweet,dubeyavishek,NishikantkTOI,132
183362,Tweet,dubeyavishek,MujMash,24
183334,Tweet,dubeyavishek,mateenHTOI,6
183349,Tweet,dubeyavishek,mateenHTOI,26
183329,Tweet,dubeyavishek,advityabahlTOI,3
183322,Tweet,dubeyavishek,KapildaveTOI,101
183296,Tweet,dubeyavishek,BhanupratapsTOI,52
183283,Tweet,dubeyavishek,TOISH31,63
183317,Tweet,dubeyavishek,NishikantkTOI,3
183280,Tweet,dubeyavishek,ManjuVTOI,112
183357,Tweet,dubeyavishek,dubeyavishek,1
79672,Article,marthakelner,marthakelner,1
79839,Article,marthakelner,seaningle,7
79712,Article,marthakelner,seaningle,3
79717,Article,marthakelner,julianbarnes,133
79833,Article,marthakelner,marthakelner,1
79787,Article,marthakelner,peterbradshaw1,12
79884,Article,marthakelner,marthakelner,1
79660,Article,marthakelner,FabrizioRomano,5
79864,Article,marthakelner,joshwiddicombe,7
79714,Article,marthakelner,tomdyckhoff,17
79743,Article,marthakelner,FabrizioRomano,2
79798,Article,marthakelner,seaningle,10
79902,Article,marthakelner,martcrossy,3
79900,Article,marthakelner,steve_hewlett,16
79708,Article,marthakelner,JoshuaRozenberg,15
80202,Tweet,marthakelner,marthakelner,1
80343,Tweet,marthakelner,laurenlaverne,154
80363,Tweet,marthakelner,nicklezard,114
80098,Tweet,marthakelner,lauriegnyt,131
79935,Tweet,marthakelner,gailcollins,350
80089,Tweet,marthakelner,EricaLG,30
79974,Tweet,marthakelner,kenvogel,133
80275,Tweet,marthakelner,saumyajitbTOI,36
80410,Tweet,marthakelner,nicholaswatt,79
80105,Tweet,marthakelner,elizabday,24
80221,Tweet,marthakelner,michaelcrowley,80
80347,Tweet,marthakelner,sudeshnagTOI,36
80040,Tweet,marthakelner,jonronson,22
80380,Tweet,marthakelner,joshwiddicombe,60
80401,Tweet,marthakelner,billywitz,29
4481,Article,bykaren,saumyajitbTOI,18
4437,Article,bykaren,bykaren,1
4477,Article,bykaren,TOISH31,65
4449,Article,bykaren,margaretrenkl,186
4434,Article,bykaren,billywitz,5
4471,Article,bykaren,billmpennington,2
4453,Article,bykaren,toi_rohanA,3
4448,Article,bykaren,gailcollins,87
4406,Article,bykaren,RorySmith,15
4465,Article,bykaren,tariqpanja,19
4485,Article,bykaren,billmpennington,2
4402,Article,bykaren,RorySmith,10
4411,Article,bykaren,TridibIANS,32
4414,Article,bykaren,ByJamesWagner,7
4463,Article,bykaren,BenRothenberg,6
4518,Tweet,bykaren,andrewrawnsley,159
4590,Tweet,bykaren,damiencave,10
4566,Tweet,bykaren,ByJamesWagner,32
4532,Tweet,bykaren,yeshikabudhwar,46
4592,Tweet,bykaren,MattFutterman,79
4539,Tweet,bykaren,melissaclark,154
4549,Tweet,bykaren,FrankBruni,7
4509,Tweet,bykaren,el_belson,149
4537,Tweet,bykaren,oliverburkeman,305
4526,Tweet,bykaren,saumyajitbTOI,2
4536,Tweet,bykaren,bykaren,1
4577,Tweet,bykaren,kumaraswamykTOI,19
4563,Tweet,bykaren,Shrivathsan1437,58
4530,Tweet,bykaren,gailcollins,318
4579,Tweet,bykaren,alexanderburns,369
149010,Article,jonathanwatts,lucywardsings,3
148891,Article,jonathanwatts,paulmasonnews,97
149056,Article,jonathanwatts,paulmasonnews,105
149055,Article,jonathanwatts,ArthurNeslen,7
148998,Article,jonathanwatts,DawnHFoster,21
148942,Article,jonathanwatts,jonathanwatts,1
149078,Article,jonathanwatts,kush_junglee,5
148854,Article,jonathanwatts,lucysiegle,2
148856,Article,jonathanwatts,TimdeLisle,40
148866,Article,jonathanwatts,ArthurNeslen,3
148933,Article,jonathanwatts,GeorgeMonbiot,26
148943,Article,jonathanwatts,livia_ar,10
149063,Article,jonathanwatts,williamkeegan,118
148843,Article,jonathanwatts,hugolowell,295
149028,Article,jonathanwatts,paulkrugman,109
149642,Tweet,jonathanwatts,smita_mishra,52
149666,Tweet,jonathanwatts,NilsPratley,150
149156,Tweet,jonathanwatts,charlie_savage,271
149581,Tweet,jonathanwatts,nicholaswatt,428
149408,Tweet,jonathanwatts,sendvictorious,8
149144,Tweet,jonathanwatts,billicritic,36
149619,Tweet,jonathanwatts,TristramHuntVA,17
149228,Tweet,jonathanwatts,winematcher,43
149501,Tweet,jonathanwatts,andrewrawnsley,50
149284,Tweet,jonathanwatts,DerekMalcolm123,487
149295,Tweet,jonathanwatts,NilsPratley,232
149398,Tweet,jonathanwatts,NilsPratley,155
149535,Tweet,jonathanwatts,RosySequeiraTOI,221
149464,Tweet,jonathanwatts,jonronson,132
149141,Tweet,jonathanwatts,chiggi,118
192039,Article,manujaveerappa,bencasselman,265
192055,Article,manujaveerappa,toi_rohanA,51
192149,Article,manujaveerappa,AraniBasuTOI,5
192137,Article,manujaveerappa,AraniBasuTOI,13
191937,Article,manujaveerappa,Shilarze_SSR,60
192085,Article,manujaveerappa,toi_ManujaV,12
192010,Article,manujaveerappa,Shrivathsan1437,7
191929,Article,manujaveerappa,toi_ManujaV,10
192109,Article,manujaveerappa,williamkeegan,103
192153,Article,manujaveerappa,TridibIANS,17
192049,Article,manujaveerappa,vivek9301,6
192102,Article,manujaveerappa,Pratiks_TOI,60
191969,Article,manujaveerappa,juliemTOI,66
192143,Article,manujaveerappa,toi_ManujaV,25
191979,Article,manujaveerappa,Shrivathsan1437,3
192197,Tweet,manujaveerappa,HinaRohtaki,164
192193,Tweet,manujaveerappa,pradeeptTOI,183
192240,Tweet,manujaveerappa,Freedland,54
192253,Tweet,manujaveerappa,billicritic,39
192216,Tweet,manujaveerappa,DekaJayanta,63
192182,Tweet,manujaveerappa,jatinder_tur,109
192187,Tweet,manujaveerappa,EVincentelli,163
192231,Tweet,manujaveerappa,Pratiks_TOI,12
192229,Tweet,manujaveerappa,meeravohraTOI,12
192194,Tweet,manujaveerappa,ronojoy_sen,11
192196,Tweet,manujaveerappa,palaknandiTOI,102
192233,Tweet,manujaveerappa,vivek9301,37
192245,Tweet,manujaveerappa,ThevarSteffy,114
192261,Tweet,manujaveerappa,AraniBasuTOI,24
192168,Tweet,manujaveerappa,manvirsainiTOI,99
87887,Article,allegramcevedy,allegramcevedy,1
87880,Article,allegramcevedy,allegramcevedy,1
87864,Article,allegramcevedy,allegramcevedy,1
87865,Article,allegramcevedy,sarfrazmanzoor,394
87768,Article,allegramcevedy,melissaclark,30
87956,Article,allegramcevedy,winematcher,7
87920,Article,allegramcevedy,allegramcevedy,1
87794,Article,allegramcevedy,sarfrazmanzoor,394
87927,Article,allegramcevedy,smita_mishra,37
87781,Article,allegramcevedy,thestephmerritt,57
87832,Article,allegramcevedy,FelicityCloake,47
87799,Article,allegramcevedy,sarfrazmanzoor,394
87925,Article,allegramcevedy,msrachelcooke,2
87889,Article,allegramcevedy,AlysFowler,3
87886,Article,allegramcevedy,msrachelcooke,4
88219,Tweet,allegramcevedy,charltonbrooker,22
88035,Tweet,allegramcevedy,lucysiegle,18
88162,Tweet,allegramcevedy,MarinaHyde,147
88247,Tweet,allegramcevedy,binays1960,15
88006,Tweet,allegramcevedy,andrewrawnsley,28
88511,Tweet,allegramcevedy,HackneyAbbott,138
88371,Tweet,allegramcevedy,AlysFowler,156
88230,Tweet,allegramcevedy,davidhepworth,48
87975,Tweet,allegramcevedy,LucyMangan,10
88562,Tweet,allegramcevedy,MarinaOLoughlin,20
88384,Tweet,allegramcevedy,andrewrawnsley,135
88506,Tweet,allegramcevedy,binays1960,67
88263,Tweet,allegramcevedy,we_are_food,73
88101,Tweet,allegramcevedy,MarinaOLoughlin,6
88023,Tweet,allegramcevedy,MarinaOLoughlin,14
63882,Article,mariellaf1,CarolineLucas,57
63901,Article,mariellaf1,hadleyfreeman,80
63948,Article,mariellaf1,mariellaf1,1
63836,Article,mariellaf1,SearleAdrian,2
63900,Article,mariellaf1,mariellaf1,1
64010,Article,mariellaf1,mariellaf1,1
63955,Article,mariellaf1,mariellaf1,1
63934,Article,mariellaf1,NilsPratley,193
64067,Article,mariellaf1,mariellaf1,1
64071,Article,mariellaf1,mariellaf1,1
63896,Article,mariellaf1,MoharBasu,318
63940,Article,mariellaf1,chiggi,92
64018,Article,mariellaf1,mariellaf1,1
63935,Article,mariellaf1,mariellaf1,1
63972,Article,mariellaf1,mariellaf1,1
64561,Tweet,mariellaf1,nytdavidbrooks,204
64276,Tweet,mariellaf1,mateenHTOI,199
64563,Tweet,mariellaf1,williamkeegan,27
64468,Tweet,mariellaf1,LeoHickman,19
64587,Tweet,mariellaf1,WilbyPeter,34
64273,Tweet,mariellaf1,vivek9301,261
64200,Tweet,mariellaf1,andrewrawnsley,75
64114,Tweet,mariellaf1,WilbyPeter,35
64263,Tweet,mariellaf1,debaratisen,17
64419,Tweet,mariellaf1,DerekMalcolm123,11
64141,Tweet,mariellaf1,williamkeegan,4
64458,Tweet,mariellaf1,MarinaOLoughlin,266
64630,Tweet,mariellaf1,steve_hewlett,5
64467,Tweet,mariellaf1,sarfrazmanzoor,16
64411,Tweet,mariellaf1,NYTBen,298
34241,Article,gmorgenson,marywalshjourno,13
34247,Article,gmorgenson,andrewrsorkin,3
34218,Article,gmorgenson,NilsPratley,3
34294,Article,gmorgenson,jeannasmialek,94
34254,Article,gmorgenson,jimtankersley,88
34259,Article,gmorgenson,maheshbTOI,33
34203,Article,gmorgenson,aseemsgujar,2
34213,Article,gmorgenson,andrewrsorkin,6
34223,Article,gmorgenson,paulkrugman,31
34261,Article,gmorgenson,sangerkatz,4
34293,Article,gmorgenson,andrewrsorkin,54
34255,Article,gmorgenson,marywalshjourno,2
34217,Article,gmorgenson,vvfriedman,173
34202,Article,gmorgenson,bencasselman,27
34233,Article,gmorgenson,jhoffman,38
34388,Tweet,gmorgenson,GeorgeMonbiot,62
34386,Tweet,gmorgenson,gmorgenson,1
34392,Tweet,gmorgenson,gmorgenson,1
34311,Tweet,gmorgenson,desaisantosh,39
34340,Tweet,gmorgenson,NYTLiz,16
34393,Tweet,gmorgenson,TOISH31,4
34333,Tweet,gmorgenson,vijayVsinghTOI,101
34312,Tweet,gmorgenson,gmorgenson,1
34391,Tweet,gmorgenson,gmorgenson,1
34303,Tweet,gmorgenson,AditiZero,68
34318,Tweet,gmorgenson,KSchulten,180
34308,Tweet,gmorgenson,nauzerbTOI,70
34346,Tweet,gmorgenson,tomdyckhoff,217
34316,Tweet,gmorgenson,RaphaelMinder,33
34365,Tweet,gmorgenson,pete_wells,6
202787,Article,PrashantrTOI,MoharBasu,2
202716,Article,PrashantrTOI,ManjuVTOI,21
202869,Article,PrashantrTOI,SindhukTOI,18
202635,Article,PrashantrTOI,SwatiShindeTOI,2
202818,Article,PrashantrTOI,NishikantkTOI,61
202813,Article,PrashantrTOI,durgeshjhaTOI,46
202860,Article,PrashantrTOI,27saurabhsinha,77
202838,Article,PrashantrTOI,binays1960,2
202819,Article,PrashantrTOI,akhileshsTOI,105
202746,Article,PrashantrTOI,PrashantrTOI,1
202684,Article,PrashantrTOI,MohitaTOI,6
202832,Article,PrashantrTOI,divyapal2013,3
202648,Article,PrashantrTOI,PrashantrTOI,1
202725,Article,PrashantrTOI,PrashantrTOI,1
202788,Article,PrashantrTOI,Banjotkaur,31
202919,Tweet,PrashantrTOI,niyatiparikhTOI,2
202875,Tweet,PrashantrTOI,PrashantrTOI,1
202871,Tweet,PrashantrTOI,KapildaveTOI,2
202899,Tweet,PrashantrTOI,KapildaveTOI,3
202918,Tweet,PrashantrTOI,PrashantrTOI,1
202898,Tweet,PrashantrTOI,PrashantrTOI,1
202939,Tweet,PrashantrTOI,PjJoychen,102
202956,Tweet,PrashantrTOI,PrashantrTOI,1
202892,Tweet,PrashantrTOI,desaisantosh,64
202963,Tweet,PrashantrTOI,PrashantrTOI,1
202961,Tweet,PrashantrTOI,PrashantrTOI,1
202933,Tweet,PrashantrTOI,niyatiparikhTOI,6
202949,Tweet,PrashantrTOI,PrashantrTOI,1
202902,Tweet,PrashantrTOI,SindhukTOI,3
202889,Tweet,PrashantrTOI,kbennhold,270
220854,Article,vijayVsinghTOI,ManjuVTOI,117
220939,Article,vijayVsinghTOI,NishikantkTOI,47
220852,Article,vijayVsinghTOI,vijayVsinghTOI,1
220860,Article,vijayVsinghTOI,vijayVsinghTOI,1
220956,Article,vijayVsinghTOI,Chethan_Dash,3
220920,Article,vijayVsinghTOI,vijayVsinghTOI,1
220837,Article,vijayVsinghTOI,vijayVsinghTOI,1
220934,Article,vijayVsinghTOI,priyangiTOI,3
220915,Article,vijayVsinghTOI,NishikantkTOI,3
220861,Article,vijayVsinghTOI,vijayVsinghTOI,1
220962,Article,vijayVsinghTOI,vijayVsinghTOI,1
220906,Article,vijayVsinghTOI,rashmidTOI,2
220947,Article,vijayVsinghTOI,vijayVsinghTOI,1
220831,Article,vijayVsinghTOI,vijayVsinghTOI,1
220824,Article,vijayVsinghTOI,nauzerbTOI,8
221042,Tweet,vijayVsinghTOI,RosySequeiraTOI,5
221014,Tweet,vijayVsinghTOI,palaknandiTOI,56
221036,Tweet,vijayVsinghTOI,RosySequeiraTOI,5
221025,Tweet,vijayVsinghTOI,vijayVsinghTOI,1
221060,Tweet,vijayVsinghTOI,AlokKNMishra,15
221072,Tweet,vijayVsinghTOI,toi_dhananjayM,108
221047,Tweet,vijayVsinghTOI,vijayVsinghTOI,1
221057,Tweet,vijayVsinghTOI,vijayVsinghTOI,1
221090,Tweet,vijayVsinghTOI,PNaveenTOI,31
221035,Tweet,vijayVsinghTOI,vijayVsinghTOI,1
221086,Tweet,vijayVsinghTOI,RosySequeiraTOI,4
221052,Tweet,vijayVsinghTOI,mateenHTOI,17
221043,Tweet,vijayVsinghTOI,vijayVsinghTOI,1
221092,Tweet,vijayVsinghTOI,damiencave,374
221011,Tweet,vijayVsinghTOI,LFFriedman,22
59641,Article,emmabrockes,LucyMangan,78
59704,Article,emmabrockes,LauraCummingArt,20
59804,Article,emmabrockes,saumyajitbTOI,145
59680,Article,emmabrockes,kenanmalik,3
59760,Article,emmabrockes,emmabrockes,1
59590,Article,emmabrockes,gabyhinsliff,46
59782,Article,emmabrockes,VivianHo,35
59818,Article,emmabrockes,emmabrockes,1
59652,Article,emmabrockes,emmabrockes,1
59631,Article,emmabrockes,emmabrockes,1
59606,Article,emmabrockes,seaningle,314
59661,Article,emmabrockes,lyngardner,46
59683,Article,emmabrockes,emmabrockes,1
59819,Article,emmabrockes,ggreenwald,64
59755,Article,emmabrockes,hadleyfreeman,12
60274,Tweet,emmabrockes,BenRothenberg,74
59948,Tweet,emmabrockes,Freedland,46
60283,Tweet,emmabrockes,AlysFowler,9
60153,Tweet,emmabrockes,laurenlaverne,21
59969,Tweet,emmabrockes,billicritic,289
60142,Tweet,emmabrockes,WilbyPeter,358
60102,Tweet,emmabrockes,elizabday,39
60048,Tweet,emmabrockes,LucyMangan,115
60403,Tweet,emmabrockes,timatkin,157
59891,Tweet,emmabrockes,elizabday,9
59879,Tweet,emmabrockes,nicklezard,216
60315,Tweet,emmabrockes,MiriamElder,70
60140,Tweet,emmabrockes,brooksbarnesNYT,200
59870,Tweet,emmabrockes,lauriegnyt,99
59930,Tweet,emmabrockes,WilbyPeter,224
93520,Article,OfficeGSBrown,AnushkaAsthana,17
93511,Article,OfficeGSBrown,mswainwright,20
93505,Article,OfficeGSBrown,FabrizioRomano,97
93545,Article,OfficeGSBrown,williamnhutton,34
93558,Article,OfficeGSBrown,KeithBradsher,170
93523,Article,OfficeGSBrown,FabrizioRomano,15
93622,Article,OfficeGSBrown,DanielKingChess,41
93540,Article,OfficeGSBrown,AndrewSparrow,60
93598,Article,OfficeGSBrown,RorySmith,72
93507,Article,OfficeGSBrown,tarasbernard,146
93534,Article,OfficeGSBrown,rachshabi,216
93568,Article,OfficeGSBrown,bykaren,356
93611,Article,OfficeGSBrown,WilbyPeter,18
93532,Article,OfficeGSBrown,oliverburkeman,92
93518,Article,OfficeGSBrown,PippaCrerar,25
94132,Tweet,OfficeGSBrown,saumyajitbTOI,31
94239,Tweet,OfficeGSBrown,OfficeGSBrown,1
93987,Tweet,OfficeGSBrown,DouthatNYT,162
93814,Tweet,OfficeGSBrown,TristramHuntVA,14
94020,Tweet,OfficeGSBrown,winematcher,8
94156,Tweet,OfficeGSBrown,lucysiegle,29
94095,Tweet,OfficeGSBrown,IKershner,311
94031,Tweet,OfficeGSBrown,parthasinha,16
93935,Tweet,OfficeGSBrown,RorySmith,52
93838,Tweet,OfficeGSBrown,durgeshjhaTOI,2
94180,Tweet,OfficeGSBrown,MarinaHyde,61
94003,Tweet,OfficeGSBrown,stevenerlanger,25
93670,Tweet,OfficeGSBrown,durgeshjhaTOI,10
94153,Tweet,OfficeGSBrown,LizAldermanNYT,121
94000,Tweet,OfficeGSBrown,pete_wells,214
182009,Article,dkarthikTOI,KomalGautham,2
182219,Article,dkarthikTOI,dkarthikTOI,1
181972,Article,dkarthikTOI,journo_vibha,6
182060,Article,dkarthikTOI,SindhukTOI,37
182197,Article,dkarthikTOI,dkarthikTOI,1
182116,Article,dkarthikTOI,dubeyavishek,4
182128,Article,dkarthikTOI,ramarkosg,61
182070,Article,dkarthikTOI,rishachitlangia,49
182147,Article,dkarthikTOI,shafaquealamTOI,2
181990,Article,dkarthikTOI,GRajivTOI,258
182044,Article,dkarthikTOI,DawnHFoster,3
182067,Article,dkarthikTOI,Crime_Selvaraj,4
182166,Article,dkarthikTOI,dubeyavishek,7
181984,Article,dkarthikTOI,mohuadazz,84
182137,Article,dkarthikTOI,ChaitanyadTOI,33
182247,Tweet,dkarthikTOI,mateenHTOI,88
182308,Tweet,dkarthikTOI,PjJoychen,18
182275,Tweet,dkarthikTOI,palaknandiTOI,40
182302,Tweet,dkarthikTOI,AjayUgrasTOI,3
182229,Tweet,dkarthikTOI,priyangiTOI,2
182237,Tweet,dkarthikTOI,SindhukTOI,12
182318,Tweet,dkarthikTOI,PhanindraP_TNIE,60
182292,Tweet,dkarthikTOI,PjJoychen,48
182312,Tweet,dkarthikTOI,anandbodhTOI,3
182256,Tweet,dkarthikTOI,ChaithanyaSwamy,2
182274,Tweet,dkarthikTOI,PjJoychen,12
182265,Tweet,dkarthikTOI,priyangiTOI,37
182227,Tweet,dkarthikTOI,GRajivTOI,4
182267,Tweet,dkarthikTOI,jatinder_tur,86
182226,Tweet,dkarthikTOI,NirupaTOI,46
32679,Article,CeylanWrites,PatrickKingsley,16
32662,Article,CeylanWrites,IKershner,9
32648,Article,CeylanWrites,jmart,131
32622,Article,CeylanWrites,NYTBen,23
32644,Article,CeylanWrites,vwang3,246
32606,Article,CeylanWrites,NikiKitsantonis,4
32641,Article,CeylanWrites,TanyaGold1,132
32647,Article,CeylanWrites,NYTimesCohen,109
32650,Article,CeylanWrites,kbennhold,43
32681,Article,CeylanWrites,RaphaelMinder,41
32667,Article,CeylanWrites,EricaLG,48
32626,Article,CeylanWrites,stevenerlanger,106
32689,Article,CeylanWrites,tripgabriel,104
32677,Article,CeylanWrites,farnazfassihi,4
32657,Article,CeylanWrites,stevenerlanger,12
32710,Tweet,CeylanWrites,RosySequeiraTOI,130
32720,Tweet,CeylanWrites,MichaelPaulson,91
32767,Tweet,CeylanWrites,vijaysinghTOI,67
32733,Tweet,CeylanWrites,FabrizioRomano,110
32799,Tweet,CeylanWrites,priyagupta999,141
32735,Tweet,CeylanWrites,payaldhawanTOI,24
32746,Tweet,CeylanWrites,hillhulse,279
32745,Tweet,CeylanWrites,ajaykanth7,82
32738,Tweet,CeylanWrites,gettinviggy,186
32762,Tweet,CeylanWrites,RosySequeiraTOI,90
32752,Tweet,CeylanWrites,GRajivTOI,177
32742,Tweet,CeylanWrites,apoorva_nyc,57
32711,Tweet,CeylanWrites,priyagupta999,85
32779,Tweet,CeylanWrites,PatrickKingsley,78
32768,Tweet,CeylanWrites,suilee,211
101267,Article,thrasherxy,TimdeLisle,69
101066,Article,thrasherxy,rachshabi,3
101097,Article,thrasherxy,ggreenwald,22
101147,Article,thrasherxy,AtulMathur_,271
101084,Article,thrasherxy,rachshabi,19
101043,Article,thrasherxy,oliverburkeman,8
101238,Article,thrasherxy,el_belson,164
101051,Article,thrasherxy,emmabrockes,19
101225,Article,thrasherxy,anemonanyc,139
101056,Article,thrasherxy,thrasherxy,1
101042,Article,thrasherxy,oliverburkeman,15
101149,Article,thrasherxy,charltonbrooker,10
101054,Article,thrasherxy,leninology,12
101234,Article,thrasherxy,jillfilipovic,2
101090,Article,thrasherxy,thrasherxy,1
101734,Tweet,thrasherxy,jennydeluxe,151
101830,Tweet,thrasherxy,ByJamesWagner,134
101673,Tweet,thrasherxy,andrewrsorkin,113
101793,Tweet,thrasherxy,RosySequeiraTOI,67
101515,Tweet,thrasherxy,leninology,62
101871,Tweet,thrasherxy,WilbyPeter,358
101442,Tweet,thrasherxy,JessicaValenti,29
101337,Tweet,thrasherxy,RBReich,29
101703,Tweet,thrasherxy,PerriKlass,117
101718,Tweet,thrasherxy,brooksbarnesNYT,42
101668,Tweet,thrasherxy,DerekMalcolm123,369
101854,Tweet,thrasherxy,sendvictorious,463
101801,Tweet,thrasherxy,jennydeluxe,30
101577,Tweet,thrasherxy,nnougayrede,176
101587,Tweet,thrasherxy,ukigoni,106
149769,Article,WilbyPeter,MiriamElder,42
149893,Article,WilbyPeter,emilybell,4
149750,Article,WilbyPeter,tushhaikhush,141
149819,Article,WilbyPeter,andybrassell,42
149783,Article,WilbyPeter,williamkeegan,12
149811,Article,WilbyPeter,steve_hewlett,5
149907,Article,WilbyPeter,domphillips,19
149828,Article,WilbyPeter,afuahirsch,30
149924,Article,WilbyPeter,sunny_hundal,320
149747,Article,WilbyPeter,OLIVERBALCH,254
149842,Article,WilbyPeter,charltonbrooker,27
149844,Article,WilbyPeter,el_belson,38
149753,Article,WilbyPeter,steve_hewlett,9
149745,Article,WilbyPeter,andrew_mueller,24
149866,Article,WilbyPeter,paulmasonnews,90
150030,Tweet,WilbyPeter,WilbyPeter,1
150032,Tweet,WilbyPeter,WilbyPeter,1
150112,Tweet,WilbyPeter,WilbyPeter,1
150383,Tweet,WilbyPeter,aleksk,6
150024,Tweet,WilbyPeter,WilbyPeter,1
150351,Tweet,WilbyPeter,WilbyPeter,1
150330,Tweet,WilbyPeter,WilbyPeter,1
150089,Tweet,WilbyPeter,WilbyPeter,1
150026,Tweet,WilbyPeter,williamkeegan,9
150160,Tweet,WilbyPeter,sarfrazmanzoor,19
150016,Tweet,WilbyPeter,WilbyPeter,1
150227,Tweet,WilbyPeter,WilbyPeter,1
150421,Tweet,WilbyPeter,WilbyPeter,1
149968,Tweet,WilbyPeter,WilbyPeter,1
150116,Tweet,WilbyPeter,AndrewSparrow,2
73152,Article,lucysiegle,jillfilipovic,92
73359,Article,lucysiegle,MoharBasu,121
73377,Article,lucysiegle,sarahlyall,11
73257,Article,lucysiegle,lucysiegle,1
73318,Article,lucysiegle,lucysiegle,1
73328,Article,lucysiegle,timatkin,4
73250,Article,lucysiegle,lucysiegle,1
73170,Article,lucysiegle,lucysiegle,1
73333,Article,lucysiegle,laurenlaverne,2
73358,Article,lucysiegle,lucysiegle,1
73342,Article,lucysiegle,timatkin,96
73254,Article,lucysiegle,lucysiegle,1
73204,Article,lucysiegle,CarolineLucas,11
73355,Article,lucysiegle,lucysiegle,1
73211,Article,lucysiegle,kenanmalik,51
73627,Tweet,lucysiegle,DanielKingChess,64
73634,Tweet,lucysiegle,seaningle,70
73943,Tweet,lucysiegle,KateEMcCann,6
73733,Tweet,lucysiegle,lenoretaylor,245
73791,Tweet,lucysiegle,lucysiegle,1
73973,Tweet,lucysiegle,LeoHickman,299
73511,Tweet,lucysiegle,thestephmerritt,183
73647,Tweet,lucysiegle,RosySequeiraTOI,98
73970,Tweet,lucysiegle,debaratisen,146
73498,Tweet,lucysiegle,ChaitanyadTOI,109
73687,Tweet,lucysiegle,GeorgeMonbiot,9
73757,Tweet,lucysiegle,DawnHFoster,238
73597,Tweet,lucysiegle,jeannasmialek,238
73948,Tweet,lucysiegle,elizabday,66
73771,Tweet,lucysiegle,NilsPratley,3
117651,Article,rachshabi,alexvtunzelmann,25
117762,Article,rachshabi,paulmasonnews,22
117649,Article,rachshabi,NYTBen,12
117686,Article,rachshabi,bglendenning,127
117777,Article,rachshabi,FranklinBlog,252
117606,Article,rachshabi,leninology,47
117666,Article,rachshabi,damiencave,318
117697,Article,rachshabi,PatrickKingsley,315
117770,Article,rachshabi,msmirandasawyer,23
117592,Article,rachshabi,charltonbrooker,3
117757,Article,rachshabi,sunny_hundal,85
117781,Article,rachshabi,bglendenning,160
117577,Article,rachshabi,RorySmith,41
117572,Article,rachshabi,MonaChalabi,78
117703,Article,rachshabi,greenslader,34
118006,Tweet,rachshabi,BenRothenberg,114
117865,Tweet,rachshabi,samsifton,59
118255,Tweet,rachshabi,CarolineLucas,37
118141,Tweet,rachshabi,petleepeter,109
118185,Tweet,rachshabi,steve_hewlett,82
117806,Tweet,rachshabi,laurenlaverne,88
118043,Tweet,rachshabi,elizabday,8
117883,Tweet,rachshabi,nytdavidbrooks,261
118129,Tweet,rachshabi,ditzkoff,39
118373,Tweet,rachshabi,Freedland,16
117916,Tweet,rachshabi,andrewrawnsley,22
118354,Tweet,rachshabi,thestephmerritt,46
118132,Tweet,rachshabi,AndrewSparrow,148
118110,Tweet,rachshabi,npfandos,324
118161,Tweet,rachshabi,margaretrenkl,86
4030,Article,bydanielvictor,lukebroadwater,48
4023,Article,bydanielvictor,hugolowell,234
4029,Article,bydanielvictor,NYTimesCohen,157
4076,Article,bydanielvictor,PatrickKingsley,71
4099,Article,bydanielvictor,NikiKitsantonis,253
4035,Article,bydanielvictor,JessicaValenti,13
4073,Article,bydanielvictor,mikeives,52
4085,Article,bydanielvictor,IKershner,109
4024,Article,bydanielvictor,adamliptak,56
4081,Article,bydanielvictor,KSchulten,26
4048,Article,bydanielvictor,kannoyoungs,54
4063,Article,bydanielvictor,LFFriedman,59
4044,Article,bydanielvictor,nytmike,40
4003,Article,bydanielvictor,jimwaterson,24
4007,Article,bydanielvictor,LizAldermanNYT,62
4157,Tweet,bydanielvictor,ggreenwald,17
4153,Tweet,bydanielvictor,suilee,107
4121,Tweet,bydanielvictor,ditzkoff,11
4100,Tweet,bydanielvictor,SocialQPhilip,333
4105,Tweet,bydanielvictor,vvfriedman,75
4151,Tweet,bydanielvictor,vwang3,123
4197,Tweet,bydanielvictor,seaningle,262
4108,Tweet,bydanielvictor,kylebuchanan,34
4181,Tweet,bydanielvictor,fmanjoo,161
4196,Tweet,bydanielvictor,RorySmith,127
4117,Tweet,bydanielvictor,wesley_morris,148
4147,Tweet,bydanielvictor,vanbadham,215
4136,Tweet,bydanielvictor,peterbradshaw1,205
4161,Tweet,bydanielvictor,AlokKNMishra,313
4172,Tweet,bydanielvictor,nytDeniseGrady,184
89414,Article,declanwalsh,lukeharding1968,36
89552,Article,declanwalsh,williamkeegan,65
89612,Article,declanwalsh,ewenmacaskill,7
89434,Article,declanwalsh,lukeharding1968,68
89592,Article,declanwalsh,hugolowell,86
89662,Article,declanwalsh,declanwalsh,1
6042,Article,declanwalsh,PatrickKingsley,23
89464,Article,declanwalsh,sunny_hundal,20
89594,Article,declanwalsh,ewenmacaskill,4
89517,Article,declanwalsh,ewenmacaskill,2
89574,Article,declanwalsh,declanwalsh,1
89499,Article,declanwalsh,pankajdoval,21
89580,Article,declanwalsh,rjadHinduBL,89
89508,Article,declanwalsh,declanwalsh,1
6072,Article,declanwalsh,RaphaelMinder,120
89673,Tweet,declanwalsh,Lattif,68
89865,Tweet,declanwalsh,kenanmalik,19
6148,Tweet,declanwalsh,WilbyPeter,7
89879,Tweet,declanwalsh,kbennhold,388
6143,Tweet,declanwalsh,michaelcrowley,68
90206,Tweet,declanwalsh,petleepeter,214
89790,Tweet,declanwalsh,FabrizioRomano,34
90104,Tweet,declanwalsh,polblonde,290
90237,Tweet,declanwalsh,IKershner,22
89926,Tweet,declanwalsh,RosySequeiraTOI,94
90047,Tweet,declanwalsh,HackneyAbbott,161
89710,Tweet,declanwalsh,AraniBasuTOI,210
89749,Tweet,declanwalsh,petleepeter,53
89968,Tweet,declanwalsh,AshokPradhanTOI,285
6136,Tweet,declanwalsh,domphillips,56
45537,Article,lukeharding1968,jillfilipovic,13
45524,Article,lukeharding1968,RaphaelMinder,9
45647,Article,lukeharding1968,JoshuaRozenberg,113
45505,Article,lukeharding1968,RowennaDavis,13
45627,Article,lukeharding1968,michaelcrowley,59
45535,Article,lukeharding1968,npwcnn,2
45583,Article,lukeharding1968,garyyounge,2
45622,Article,lukeharding1968,philipoltermann,57
45690,Article,lukeharding1968,JoshuaRozenberg,25
45639,Article,lukeharding1968,PamBelluck,414
45559,Article,lukeharding1968,NikiKitsantonis,19
45484,Article,lukeharding1968,jimwaterson,4
45473,Article,lukeharding1968,SearleAdrian,31
45653,Article,lukeharding1968,bglendenning,15
45630,Article,lukeharding1968,markriceoxley69,12
45997,Tweet,lukeharding1968,andrewrawnsley,190
46027,Tweet,lukeharding1968,jhoffman,217
46026,Tweet,lukeharding1968,lukeharding1968,1
45935,Tweet,lukeharding1968,RaphaelMinder,2
45752,Tweet,lukeharding1968,rajatpTOI,12
46260,Tweet,lukeharding1968,RaphaelMinder,100
45871,Tweet,lukeharding1968,andrewrawnsley,320
46207,Tweet,lukeharding1968,NikiKitsantonis,21
46242,Tweet,lukeharding1968,antontroian,12
46002,Tweet,lukeharding1968,andrewrawnsley,354
46036,Tweet,lukeharding1968,MujMash,4
46177,Tweet,lukeharding1968,AlokKNMishra,142
45990,Tweet,lukeharding1968,NYTimesCohen,5
46111,Tweet,lukeharding1968,sarahditum,238
46255,Tweet,lukeharding1968,lukeharding1968,1
143044,Article,msmirandasawyer,laurenlaverne,5
143196,Article,msmirandasawyer,jennydeluxe,232
143165,Article,msmirandasawyer,_nicolaclark,13
143079,Article,msmirandasawyer,NesrineMalik,53
143049,Article,msmirandasawyer,davidhepworth,7
143012,Article,msmirandasawyer,tarasbernard,439
143065,Article,msmirandasawyer,alanconnor,3
143069,Article,msmirandasawyer,NesrineMalik,42
143068,Article,msmirandasawyer,msrachelcooke,28
143107,Article,msmirandasawyer,SearleAdrian,44
143016,Article,msmirandasawyer,tejalrao,149
143194,Article,msmirandasawyer,LauraCummingArt,11
143183,Article,msmirandasawyer,charltonbrooker,3
143249,Article,msmirandasawyer,alanconnor,10
143051,Article,msmirandasawyer,aleksk,55
143632,Tweet,msmirandasawyer,elizabday,34
143396,Tweet,msmirandasawyer,laurenlaverne,3
143788,Tweet,msmirandasawyer,FabrizioRomano,37
143770,Tweet,msmirandasawyer,parul_sehgal,66
143821,Tweet,msmirandasawyer,oliverburkeman,216
143473,Tweet,msmirandasawyer,elizabday,25
143665,Tweet,msmirandasawyer,hadleyfreeman,43
143740,Tweet,msmirandasawyer,AlysFowler,35
143590,Tweet,msmirandasawyer,jayrayner1,31
143609,Tweet,msmirandasawyer,lyngardner,24
143394,Tweet,msmirandasawyer,laurenlaverne,3
143542,Tweet,msmirandasawyer,laurenlaverne,2
143573,Tweet,msmirandasawyer,LucyMangan,36
143648,Tweet,msmirandasawyer,joshwiddicombe,23
143568,Tweet,msmirandasawyer,elizabday,43
203809,Article,priyangiTOI,rashmidTOI,6
203801,Article,priyangiTOI,priyangiTOI,1
203851,Article,priyangiTOI,journo_vibha,3
203771,Article,priyangiTOI,kush_junglee,2
203719,Article,priyangiTOI,ramendrasTOI,11
203704,Article,priyangiTOI,priyangiTOI,1
203914,Article,priyangiTOI,priyangiTOI,1
203883,Article,priyangiTOI,dkarthikTOI,37
203844,Article,priyangiTOI,rishachitlangia,18
203798,Article,priyangiTOI,SindhukTOI,17
203882,Article,priyangiTOI,SindhukTOI,11
203716,Article,priyangiTOI,priyangiTOI,1
203867,Article,priyangiTOI,priyangiTOI,1
203773,Article,priyangiTOI,priyangiTOI,1
203820,Article,priyangiTOI,rishachitlangia,5
203934,Tweet,priyangiTOI,RBReich,396
203974,Tweet,priyangiTOI,kush_junglee,16
203953,Tweet,priyangiTOI,journo_vibha,6
203967,Tweet,priyangiTOI,PrashantrTOI,86
203956,Tweet,priyangiTOI,priyangiTOI,1
204003,Tweet,priyangiTOI,journo_vibha,2
203970,Tweet,priyangiTOI,priyangiTOI,1
204010,Tweet,priyangiTOI,NYTimesCohen,5
204008,Tweet,priyangiTOI,journo_vibha,6
203962,Tweet,priyangiTOI,AshokPradhanTOI,25
203978,Tweet,priyangiTOI,NYTBen,29
204002,Tweet,priyangiTOI,priyangiTOI,1
203941,Tweet,priyangiTOI,williamnhutton,3
203943,Tweet,priyangiTOI,AlokKNMishra,4
203938,Tweet,priyangiTOI,priyangiTOI,1
179808,Article,Crime_Selvaraj,SindhukTOI,12
179800,Article,Crime_Selvaraj,SribaalaVTOI,5
179691,Article,Crime_Selvaraj,Crime_Selvaraj,1
179578,Article,Crime_Selvaraj,SindhukTOI,3
179639,Article,Crime_Selvaraj,SindhukTOI,17
179616,Article,Crime_Selvaraj,SidharthB25,6
179611,Article,Crime_Selvaraj,dkarthikTOI,3
179674,Article,Crime_Selvaraj,SindhukTOI,2
179612,Article,Crime_Selvaraj,rajatpTOI,28
179627,Article,Crime_Selvaraj,Crime_Selvaraj,1
179661,Article,Crime_Selvaraj,SindhukTOI,2
179699,Article,Crime_Selvaraj,SindhukTOI,4
179659,Article,Crime_Selvaraj,Crime_Selvaraj,1
179727,Article,Crime_Selvaraj,naomi2009,2
179776,Article,Crime_Selvaraj,Crime_Selvaraj,1
179856,Tweet,Crime_Selvaraj,AnujaJaiswalTOI,11
179875,Tweet,Crime_Selvaraj,richapintoi,169
179897,Tweet,Crime_Selvaraj,bindelj,75
179860,Tweet,Crime_Selvaraj,RosySequeiraTOI,6
179840,Tweet,Crime_Selvaraj,Crime_Selvaraj,1
179819,Tweet,Crime_Selvaraj,SindhukTOI,3
179898,Tweet,Crime_Selvaraj,KTVinobhaTOI,3
179845,Tweet,Crime_Selvaraj,Crime_Selvaraj,1
179818,Tweet,Crime_Selvaraj,CeylanWrites,8
179841,Tweet,Crime_Selvaraj,RosySequeiraTOI,16
179863,Tweet,Crime_Selvaraj,RosySequeiraTOI,6
179816,Tweet,Crime_Selvaraj,SindhukTOI,2
179862,Tweet,Crime_Selvaraj,RosySequeiraTOI,6
179829,Tweet,Crime_Selvaraj,RosySequeiraTOI,6
179830,Tweet,Crime_Selvaraj,sangerkatz,159
169573,Article,advityabahlTOI,AnujaJaiswalTOI,220
169538,Article,advityabahlTOI,maheshbTOI,37
169500,Article,advityabahlTOI,vijayVsinghTOI,15
169655,Article,advityabahlTOI,advityabahlTOI,1
169510,Article,advityabahlTOI,dubeyavishek,12
169598,Article,advityabahlTOI,vijayVsinghTOI,19
169554,Article,advityabahlTOI,ajaykanth7,38
169658,Article,advityabahlTOI,dubeyavishek,6
169638,Article,advityabahlTOI,sandhyanairTOI,23
169716,Article,advityabahlTOI,ChaithanyaSwamy,9
169513,Article,advityabahlTOI,JessicaValenti,111
169579,Article,advityabahlTOI,dubeyavishek,2
169649,Article,advityabahlTOI,SindhukTOI,11
169641,Article,advityabahlTOI,ChaithanyaSwamy,29
169498,Article,advityabahlTOI,mateenHTOI,17
169799,Tweet,advityabahlTOI,advityabahlTOI,1
169779,Tweet,advityabahlTOI,toi_dhananjayM,92
169823,Tweet,advityabahlTOI,shafaquealamTOI,21
169809,Tweet,advityabahlTOI,PippaCrerar,15
169782,Tweet,advityabahlTOI,pradeeptTOI,263
169761,Tweet,advityabahlTOI,AnujaJaiswalTOI,24
169803,Tweet,advityabahlTOI,dubeyavishek,2
169763,Tweet,advityabahlTOI,shafaquealamTOI,78
169790,Tweet,advityabahlTOI,liamstack,96
169767,Tweet,advityabahlTOI,vijayVsinghTOI,74
169787,Tweet,advityabahlTOI,vijayVsinghTOI,135
169838,Tweet,advityabahlTOI,vwang3,80
169798,Tweet,advityabahlTOI,damiencave,44
169755,Tweet,advityabahlTOI,dklavaniaTOI,26
169748,Tweet,advityabahlTOI,yusrahusain,2
153870,Article,gabyhinsliff,paulmasonnews,79
153856,Article,gabyhinsliff,bindelj,52
153846,Article,gabyhinsliff,Freedland,9
153985,Article,gabyhinsliff,gabyhinsliff,1
153872,Article,gabyhinsliff,gabyhinsliff,1
153875,Article,gabyhinsliff,msrachelcooke,127
153955,Article,gabyhinsliff,afuahirsch,36
153911,Article,gabyhinsliff,mswainwright,61
153880,Article,gabyhinsliff,JessicaValenti,174
153830,Article,gabyhinsliff,oliverburkeman,56
153823,Article,gabyhinsliff,MarinaHyde,33
153858,Article,gabyhinsliff,bindelj,23
153851,Article,gabyhinsliff,MarinaHyde,21
153765,Article,gabyhinsliff,TanyaGold1,36
153854,Article,gabyhinsliff,chrishughes,131
154458,Tweet,gabyhinsliff,RorySmith,11
154050,Tweet,gabyhinsliff,mtomasky,161
154222,Tweet,gabyhinsliff,ameliagentleman,63
154489,Tweet,gabyhinsliff,jennydeluxe,17
154025,Tweet,gabyhinsliff,sandhyanairTOI,64
154338,Tweet,gabyhinsliff,nicholaswatt,4
154046,Tweet,gabyhinsliff,tomdyckhoff,138
154097,Tweet,gabyhinsliff,jennydeluxe,22
154130,Tweet,gabyhinsliff,andrewrawnsley,226
154556,Tweet,gabyhinsliff,chiggi,10
154549,Tweet,gabyhinsliff,richapintoi,91
154553,Tweet,gabyhinsliff,joncaramanica,177
154527,Tweet,gabyhinsliff,elizabday,91
154402,Tweet,gabyhinsliff,jimwaterson,6
154250,Tweet,gabyhinsliff,charltonbrooker,41
106180,Article,stevenpoole,alanconnor,10
106331,Article,stevenpoole,nicklezard,19
106168,Article,stevenpoole,stevenpoole,1
106145,Article,stevenpoole,billicritic,3
106134,Article,stevenpoole,salihughes,18
106336,Article,stevenpoole,RBReich,59
106322,Article,stevenpoole,nicklezard,6
106337,Article,stevenpoole,williamkeegan,22
106345,Article,stevenpoole,DouthatNYT,164
106230,Article,stevenpoole,jbouie,94
106195,Article,stevenpoole,stevenpoole,1
106349,Article,stevenpoole,TimdeLisle,115
106249,Article,stevenpoole,nicklezard,21
106186,Article,stevenpoole,stevenpoole,1
106189,Article,stevenpoole,stevenpoole,1
106811,Tweet,stevenpoole,jeannasmialek,302
106759,Tweet,stevenpoole,oliverburkeman,65
106855,Tweet,stevenpoole,BenWeiserNYT,371
106835,Tweet,stevenpoole,paulkrugman,109
106451,Tweet,stevenpoole,rachshabi,405
106534,Tweet,stevenpoole,gmorgenson,173
106560,Tweet,stevenpoole,leninology,196
106745,Tweet,stevenpoole,wesley_morris,100
106871,Tweet,stevenpoole,greenslader,33
106385,Tweet,stevenpoole,HackneyAbbott,63
106793,Tweet,stevenpoole,MarinaOLoughlin,129
106376,Tweet,stevenpoole,LauraCummingArt,50
106947,Tweet,stevenpoole,ginakolata,173
106592,Tweet,stevenpoole,fmanjoo,108
106639,Tweet,stevenpoole,jonpareles,381
13293,Article,MattFutterman,Azi,15
13243,Article,MattFutterman,el_belson,223
13291,Article,MattFutterman,BenRothenberg,5
13253,Article,MattFutterman,KeithBradsher,16
13273,Article,MattFutterman,murarishetyeTOI,102
13281,Article,MattFutterman,saumyajitbTOI,8
13283,Article,MattFutterman,marcatracy,14
13289,Article,MattFutterman,ByJamesWagner,9
13241,Article,MattFutterman,NYTBen,26
13232,Article,MattFutterman,BenRothenberg,9
13249,Article,MattFutterman,SharonLNYT,53
13216,Article,MattFutterman,ianrausten,56
13278,Article,MattFutterman,billywitz,31
13247,Article,MattFutterman,billmpennington,10
13229,Article,MattFutterman,ukigoni,97
13307,Tweet,MattFutterman,williamkeegan,115
13338,Tweet,MattFutterman,RosySequeiraTOI,39
13375,Tweet,MattFutterman,tomfriedman,23
13358,Tweet,MattFutterman,debaratisen,4
13321,Tweet,MattFutterman,billywitz,36
13359,Tweet,MattFutterman,MonaChalabi,350
13315,Tweet,MattFutterman,salihughes,392
13327,Tweet,MattFutterman,FranklinBlog,35
13372,Tweet,MattFutterman,jonpareles,13
13317,Tweet,MattFutterman,ajaysuraTOI,185
13368,Tweet,MattFutterman,MattFutterman,1
13364,Tweet,MattFutterman,michaelcrowley,77
13310,Tweet,MattFutterman,bylizrobbins,26
13316,Tweet,MattFutterman,andrew_mueller,41
13337,Tweet,MattFutterman,jbouie,72
137232,Article,arusbridger,davidhepworth,76
137228,Article,arusbridger,davidhepworth,27
137185,Article,arusbridger,DerekMalcolm123,4
137279,Article,arusbridger,davidhepworth,15
137236,Article,arusbridger,jonronson,28
137156,Article,arusbridger,LauraCummingArt,89
137120,Article,arusbridger,laurenlaverne,48
137271,Article,arusbridger,steve_hewlett,65
137253,Article,arusbridger,greenslader,3
137140,Article,arusbridger,sarfrazmanzoor,9
137169,Article,arusbridger,alexbellos,62
137269,Article,arusbridger,jillfilipovic,285
137139,Article,arusbridger,sarfrazmanzoor,9
137187,Article,arusbridger,DeccaJourno,184
137174,Article,arusbridger,andybrassell,98
137795,Tweet,arusbridger,stevenerlanger,69
137433,Tweet,arusbridger,SearleAdrian,13
137759,Tweet,arusbridger,rachshabi,187
137596,Tweet,arusbridger,RosySequeiraTOI,50
137761,Tweet,arusbridger,gracedent,22
137808,Tweet,arusbridger,alexanderburns,313
137837,Tweet,arusbridger,oliverburkeman,202
137396,Tweet,arusbridger,HackneyAbbott,88
137755,Tweet,arusbridger,GRajivTOI,171
137671,Tweet,arusbridger,MichaelWhite,21
137720,Tweet,arusbridger,HackneyAbbott,52
137741,Tweet,arusbridger,sio_burke,204
137351,Tweet,arusbridger,damiencave,18
137348,Tweet,arusbridger,nicholaswatt,37
137622,Tweet,arusbridger,pradeeptTOI,149
92824,Article,aleksk,alexbellos,2
92876,Article,aleksk,paulmasonnews,3
92766,Article,aleksk,aleksk,1
92864,Article,aleksk,aleksk,1
92656,Article,aleksk,noamscheiber,155
92751,Article,aleksk,steve_hewlett,5
92856,Article,aleksk,DawnHFoster,2
92711,Article,aleksk,aleksk,1
92836,Article,aleksk,aleksk,1
92862,Article,aleksk,aleksk,1
92764,Article,aleksk,jimwaterson,15
92790,Article,aleksk,alanconnor,26
92799,Article,aleksk,KapildaveTOI,90
92897,Article,aleksk,andrew_mueller,315
92860,Article,aleksk,GeorgeMonbiot,3
93062,Tweet,aleksk,aleksk,1
93449,Tweet,aleksk,laurenlaverne,28
93239,Tweet,aleksk,joncaramanica,2
93244,Tweet,aleksk,melissaclark,299
93406,Tweet,aleksk,fmanjoo,148
93094,Tweet,aleksk,jonronson,20
93459,Tweet,aleksk,jennydeluxe,212
93305,Tweet,aleksk,steve_hewlett,213
93083,Tweet,aleksk,nmcintosh,27
93266,Tweet,aleksk,KeithBradsher,499
93424,Tweet,aleksk,RBReich,148
93159,Tweet,aleksk,jillfilipovic,31
93041,Tweet,aleksk,desaisantosh,323
92986,Tweet,aleksk,ginakolata,3
93353,Tweet,aleksk,lucywardsings,13
221151,Article,vishwamTOI,vijayVsinghTOI,23
221273,Article,vishwamTOI,parthasinha,39
221304,Article,vishwamTOI,KapildaveTOI,32
221310,Article,vishwamTOI,vishwamTOI,1
221247,Article,vishwamTOI,ewong,85
221145,Article,vishwamTOI,priyangiTOI,9
221212,Article,vishwamTOI,KapildaveTOI,26
221255,Article,vishwamTOI,IpsitaTOI,8
221180,Article,vishwamTOI,ramarkosg,7
221114,Article,vishwamTOI,aseemsgujar,16
221282,Article,vishwamTOI,007pandey,18
221123,Article,vishwamTOI,KapildaveTOI,100
221198,Article,vishwamTOI,priyangiTOI,47
221201,Article,vishwamTOI,AtulMathur_,10
221263,Article,vishwamTOI,durgeshjhaTOI,3
221426,Tweet,vishwamTOI,digbijaymishra1,81
221441,Tweet,vishwamTOI,akhileshsTOI,170
221442,Tweet,vishwamTOI,digbijaymishra1,56
221445,Tweet,vishwamTOI,damiencave,58
221379,Tweet,vishwamTOI,ArthurNeslen,13
221382,Tweet,vishwamTOI,PjJoychen,69
221402,Tweet,vishwamTOI,saumyajitbTOI,44
221439,Tweet,vishwamTOI,antontroian,301
221399,Tweet,vishwamTOI,toi_dhananjayM,96
221428,Tweet,vishwamTOI,williamkeegan,261
221440,Tweet,vishwamTOI,BhanupratapsTOI,82
221450,Tweet,vishwamTOI,AditiZero,115
221401,Tweet,vishwamTOI,desaisantosh,2
221430,Tweet,vishwamTOI,EricaLG,35
221409,Tweet,vishwamTOI,petleepeter,3
30402,Article,LizAldermanNYT,ameliagentleman,218
30474,Article,LizAldermanNYT,ManjuVTOI,4
30493,Article,LizAldermanNYT,aurelienbrd,2
30478,Article,LizAldermanNYT,ChuBailiang,2
30421,Article,LizAldermanNYT,NYTBen,41
30418,Article,LizAldermanNYT,KeithBradsher,13
30468,Article,LizAldermanNYT,stevenerlanger,66
30454,Article,LizAldermanNYT,andrewrsorkin,87
30462,Article,LizAldermanNYT,ianrausten,30
30477,Article,LizAldermanNYT,RBReich,69
30430,Article,LizAldermanNYT,bencasselman,2
30448,Article,LizAldermanNYT,anemonanyc,35
30437,Article,LizAldermanNYT,jimtankersley,26
30403,Article,LizAldermanNYT,jimtankersley,248
30426,Article,LizAldermanNYT,stevenerlanger,5
30586,Tweet,LizAldermanNYT,andrewrsorkin,12
30580,Tweet,LizAldermanNYT,bglendenning,266
30518,Tweet,LizAldermanNYT,SangerNYT,7
30544,Tweet,LizAldermanNYT,ceciliakang,272
30562,Tweet,LizAldermanNYT,LizAldermanNYT,1
30510,Tweet,LizAldermanNYT,andybrassell,192
30595,Tweet,LizAldermanNYT,vijayVsinghTOI,44
30598,Tweet,LizAldermanNYT,WilbyPeter,42
30599,Tweet,LizAldermanNYT,Shilarze_SSR,64
30549,Tweet,LizAldermanNYT,RosySequeiraTOI,97
30506,Tweet,LizAldermanNYT,LizAldermanNYT,1
30577,Tweet,LizAldermanNYT,MKSinghGkp,25
30500,Tweet,LizAldermanNYT,charlie_savage,7
30581,Tweet,LizAldermanNYT,HinaRohtaki,27
30515,Tweet,LizAldermanNYT,vijayVsinghTOI,146
22807,Article,nytmike,hugolowell,8
22826,Article,nytmike,kenvogel,3
22809,Article,nytmike,jwpetersNYT,38
22881,Article,nytmike,nytmike,1
22851,Article,nytmike,hugolowell,7
22846,Article,nytmike,peterbakernyt,2
22895,Article,nytmike,SharonLNYT,3
22877,Article,nytmike,npfandos,3
22800,Article,nytmike,michelleinbklyn,10
22842,Article,nytmike,nytmike,1
22861,Article,nytmike,lukebroadwater,6
22853,Article,nytmike,charlie_savage,2
22832,Article,nytmike,npfandos,9
22884,Article,nytmike,adamliptak,11
22828,Article,nytmike,kenvogel,2
22902,Tweet,nytmike,AnaSwanson,86
22995,Tweet,nytmike,juliemTOI,97
22900,Tweet,nytmike,ShaneGoldmacher,16
22997,Tweet,nytmike,tripgabriel,11
22917,Tweet,nytmike,charlie_savage,3
22944,Tweet,nytmike,ggreenwald,250
22913,Tweet,nytmike,hugolowell,10
22901,Tweet,nytmike,anniekarni,13
22916,Tweet,nytmike,sangerkatz,25
22927,Tweet,nytmike,lukebroadwater,9
22974,Tweet,nytmike,ChuBailiang,135
22910,Tweet,nytmike,ShoebKhanTOI,112
22951,Tweet,nytmike,charlie_savage,3
22903,Tweet,nytmike,michelleinbklyn,39
22932,Tweet,nytmike,Azi,9
43109,Article,lucywardsings,sunny_hundal,7
43092,Article,lucywardsings,nicholaswatt,2
43063,Article,lucywardsings,KateEMcCann,10
43070,Article,lucywardsings,garyyounge,5
43098,Article,lucywardsings,ArthurNeslen,5
43268,Article,lucywardsings,ameliagentleman,2
43207,Article,lucywardsings,lucywardsings,1
43091,Article,lucywardsings,DanielKingChess,25
43056,Article,lucywardsings,paulmasonnews,7
43111,Article,lucywardsings,MarinaOLoughlin,60
43153,Article,lucywardsings,hugolowell,68
43266,Article,lucywardsings,lucywardsings,1
43051,Article,lucywardsings,PippaCrerar,2
43239,Article,lucywardsings,lucywardsings,1
43221,Article,lucywardsings,lucywardsings,1
43824,Tweet,lucywardsings,sermoninstone,44
43437,Tweet,lucywardsings,lucywardsings,1
43594,Tweet,lucywardsings,priyagupta999,140
43367,Tweet,lucywardsings,desaisantosh,108
43698,Tweet,lucywardsings,priyagupta999,74
43654,Tweet,lucywardsings,JessicaValenti,293
43529,Tweet,lucywardsings,MichaelPaulson,69
43279,Tweet,lucywardsings,tejalrao,223
43802,Tweet,lucywardsings,lucywardsings,1
43313,Tweet,lucywardsings,billicritic,135
43770,Tweet,lucywardsings,GRajivTOI,96
43829,Tweet,lucywardsings,PNaveenTOI,121
43652,Tweet,lucywardsings,sarfrazmanzoor,48
43850,Tweet,lucywardsings,rachshabi,217
43322,Tweet,lucywardsings,steve_hewlett,6
74659,Article,davidhepworth,davidhepworth,1
74707,Article,davidhepworth,davidhepworth,1
74799,Article,davidhepworth,davidhepworth,1
74728,Article,davidhepworth,davidhepworth,1
74720,Article,davidhepworth,davidhepworth,1
74701,Article,davidhepworth,davidhepworth,1
74652,Article,davidhepworth,davidhepworth,1
74806,Article,davidhepworth,davidhepworth,1
74753,Article,davidhepworth,davidhepworth,1
74855,Article,davidhepworth,davidhepworth,1
74749,Article,davidhepworth,davidhepworth,1
74864,Article,davidhepworth,davidhepworth,1
74859,Article,davidhepworth,davidhepworth,1
74867,Article,davidhepworth,davidhepworth,1
74751,Article,davidhepworth,davidhepworth,1
74932,Tweet,davidhepworth,williamkeegan,18
75273,Tweet,davidhepworth,williamkeegan,80
75094,Tweet,davidhepworth,sendvictorious,55
74931,Tweet,davidhepworth,chiggi,2
75358,Tweet,davidhepworth,jfordham_jazz,181
74966,Tweet,davidhepworth,williamkeegan,19
75040,Tweet,davidhepworth,williamkeegan,59
75091,Tweet,davidhepworth,margaretrenkl,30
75177,Tweet,davidhepworth,seaningle,64
75307,Tweet,davidhepworth,RosySequeiraTOI,10
75438,Tweet,davidhepworth,chiggi,27
75420,Tweet,davidhepworth,davidhepworth,1
75223,Tweet,davidhepworth,SocialQPhilip,151
75205,Tweet,davidhepworth,zwoolfe,164
75281,Tweet,davidhepworth,sendvictorious,11
110529,Article,maevesther,alexbellos,37
110434,Article,maevesther,tomdyckhoff,11
110499,Article,maevesther,jimwaterson,3
110513,Article,maevesther,SocialQPhilip,63
110348,Article,maevesther,thestephmerritt,34
110345,Article,maevesther,HackneyAbbott,54
110501,Article,maevesther,sarahditum,84
110494,Article,maevesther,SindhukTOI,22
110314,Article,maevesther,bglendenning,171
110404,Article,maevesther,MarinaOLoughlin,3
110413,Article,maevesther,tomdyckhoff,26
110551,Article,maevesther,tomdyckhoff,17
110351,Article,maevesther,lucysiegle,80
110390,Article,maevesther,tomdyckhoff,14
110546,Article,maevesther,lucywardsings,24
110713,Tweet,maevesther,we_are_food,53
110702,Tweet,maevesther,FelicityCloake,5
110707,Tweet,maevesther,seaningle,25
110800,Tweet,maevesther,journo_vibha,20
110736,Tweet,maevesther,margaretrenkl,69
110708,Tweet,maevesther,billicritic,20
110929,Tweet,maevesther,timjonze,48
110762,Tweet,maevesther,kenanmalik,112
110940,Tweet,maevesther,elizabday,100
110706,Tweet,maevesther,nytDeniseGrady,56
110843,Tweet,maevesther,we_are_food,38
110704,Tweet,maevesther,ottolenghi,6
110859,Tweet,maevesther,PjJoychen,123
110648,Tweet,maevesther,bykaren,16
110634,Tweet,maevesther,jfordham_jazz,40
9678,Article,jimtankersley,anniekarni,48
9693,Article,jimtankersley,tejalrao,35
9642,Article,jimtankersley,jimtankersley,1
9663,Article,jimtankersley,tripgabriel,5
9621,Article,jimtankersley,paulkrugman,6
9617,Article,jimtankersley,farnazfassihi,106
9644,Article,jimtankersley,ESCochrane,4
9688,Article,jimtankersley,ESCochrane,6
9689,Article,jimtankersley,michaelcrowley,20
9653,Article,jimtankersley,ESCochrane,7
9622,Article,jimtankersley,jimtankersley,1
9662,Article,jimtankersley,jestei,19
9694,Article,jimtankersley,stevenerlanger,39
9629,Article,jimtankersley,bencasselman,4
9639,Article,jimtankersley,ESCochrane,2
9720,Tweet,jimtankersley,paulkrugman,3
9742,Tweet,jimtankersley,har_mandeep,79
9775,Tweet,jimtankersley,hugolowell,19
9743,Tweet,jimtankersley,jeannasmialek,2
9776,Tweet,jimtankersley,hillhulse,3
9707,Tweet,jimtankersley,michaelcrowley,438
9735,Tweet,jimtankersley,advityabahlTOI,395
9727,Tweet,jimtankersley,jameskanter,28
9784,Tweet,jimtankersley,pete_wells,50
9725,Tweet,jimtankersley,jimtankersley,1
9773,Tweet,jimtankersley,sangerkatz,3
9748,Tweet,jimtankersley,hillhulse,19
9749,Tweet,jimtankersley,marywalshjourno,11
9779,Tweet,jimtankersley,damiencave,405
9763,Tweet,jimtankersley,paulkrugman,5
180320,Article,DekaJayanta,digbijaymishra1,15
180279,Article,DekaJayanta,PjJoychen,24
180328,Article,DekaJayanta,divyapal2013,46
180347,Article,DekaJayanta,SindhukTOI,2
180267,Article,DekaJayanta,Crime_Selvaraj,45
180374,Article,DekaJayanta,meeravohraTOI,70
180344,Article,DekaJayanta,007pandey,43
180352,Article,DekaJayanta,pankajdoval,55
180297,Article,DekaJayanta,DekaJayanta,1
180293,Article,DekaJayanta,payaldhawanTOI,15
180299,Article,DekaJayanta,aseemsgujar,15
180334,Article,DekaJayanta,PjJoychen,68
180318,Article,DekaJayanta,007pandey,60
180348,Article,DekaJayanta,digbijaymishra1,12
180343,Article,DekaJayanta,rishachitlangia,40
180441,Tweet,DekaJayanta,seaningle,13
180407,Tweet,DekaJayanta,andrewrawnsley,123
180387,Tweet,DekaJayanta,RorySmith,204
180415,Tweet,DekaJayanta,saumyajitbTOI,6
180426,Tweet,DekaJayanta,williamkeegan,162
180382,Tweet,DekaJayanta,MoharBasu,84
180422,Tweet,DekaJayanta,ChaitanyadTOI,2
180442,Tweet,DekaJayanta,PhanindraP_TNIE,38
180401,Tweet,DekaJayanta,alanconnor,19
180386,Tweet,DekaJayanta,smita_mishra,14
180411,Tweet,DekaJayanta,bindiyachariTOI,27
180417,Tweet,DekaJayanta,ManjuVTOI,22
180399,Tweet,DekaJayanta,ArthurNeslen,143
180438,Tweet,DekaJayanta,saumyajitbTOI,11
180425,Tweet,DekaJayanta,AnujaJaiswalTOI,51
687,Article,alexmarshall81,RaphaelMinder,45
679,Article,alexmarshall81,williamkeegan,37
658,Article,alexmarshall81,NYTBen,33
620,Article,alexmarshall81,DSlotnik,35
639,Article,alexmarshall81,nauzerbTOI,162
661,Article,alexmarshall81,vvfriedman,8
688,Article,alexmarshall81,ElisabethMalkin,92
613,Article,alexmarshall81,DerekMalcolm123,24
624,Article,alexmarshall81,jotted,114
685,Article,alexmarshall81,DanBilefsky,20
651,Article,alexmarshall81,genznyt,19
604,Article,alexmarshall81,anemonanyc,97
677,Article,alexmarshall81,DSlotnik,15
643,Article,alexmarshall81,jonpareles,6
601,Article,alexmarshall81,zwoolfe,59
714,Tweet,alexmarshall81,nytDeniseGrady,316
720,Tweet,alexmarshall81,lucywardsings,65
770,Tweet,alexmarshall81,msrachelcooke,211
778,Tweet,alexmarshall81,davidhepworth,141
783,Tweet,alexmarshall81,davidhepworth,139
719,Tweet,alexmarshall81,steve_hewlett,82
796,Tweet,alexmarshall81,GeorgeMonbiot,8
724,Tweet,alexmarshall81,TanyaGold1,90
725,Tweet,alexmarshall81,samrob12,18
707,Tweet,alexmarshall81,ewenmacaskill,153
776,Tweet,alexmarshall81,llerer,88
793,Tweet,alexmarshall81,carolecadwalla,49
739,Tweet,alexmarshall81,jfordham_jazz,17
756,Tweet,alexmarshall81,sisario,34
766,Tweet,alexmarshall81,tejalrao,5
64882,Article,timatkin,timatkin,1
64799,Article,timatkin,timatkin,1
64911,Article,timatkin,timatkin,1
64748,Article,timatkin,timatkin,1
64790,Article,timatkin,timatkin,1
64863,Article,timatkin,timatkin,1
64874,Article,timatkin,ewenmacaskill,14
64839,Article,timatkin,timatkin,1
64838,Article,timatkin,billicritic,2
64809,Article,timatkin,salihughes,31
64768,Article,timatkin,timatkin,1
64698,Article,timatkin,winematcher,4
64865,Article,timatkin,timatkin,1
64689,Article,timatkin,winematcher,24
64693,Article,timatkin,MoharBasu,109
65190,Tweet,timatkin,saumyajitbTOI,132
65280,Tweet,timatkin,DerekMalcolm123,32
65278,Tweet,timatkin,tejalrao,298
65520,Tweet,timatkin,NilsPratley,35
65249,Tweet,timatkin,journo_vibha,116
65002,Tweet,timatkin,desaisantosh,4
65021,Tweet,timatkin,ottolenghi,36
65009,Tweet,timatkin,timatkin,1
65267,Tweet,timatkin,abantika77,375
65243,Tweet,timatkin,greenslader,225
65448,Tweet,timatkin,gmorgenson,18
65044,Tweet,timatkin,dubeyavishek,63
65131,Tweet,timatkin,jayrayner1,13
65157,Tweet,timatkin,AlysFowler,77
65039,Tweet,timatkin,we_are_food,11
120978,Article,carolecadwalla,DawnHFoster,37
120966,Article,carolecadwalla,PippaCrerar,16
121084,Article,carolecadwalla,DeccaJourno,81
121094,Article,carolecadwalla,ggreenwald,108
120982,Article,carolecadwalla,aleksk,106
120975,Article,carolecadwalla,hadleyfreeman,47
121042,Article,carolecadwalla,williamnhutton,108
121083,Article,carolecadwalla,oliverburkeman,60
120917,Article,carolecadwalla,ameliagentleman,39
120972,Article,carolecadwalla,andybrassell,44
120940,Article,carolecadwalla,jimwaterson,30
120916,Article,carolecadwalla,williamkeegan,91
121066,Article,carolecadwalla,alanconnor,116
120880,Article,carolecadwalla,PippaCrerar,56
120902,Article,carolecadwalla,PippaCrerar,16
121158,Tweet,carolecadwalla,tomfriedman,195
121266,Tweet,carolecadwalla,williamkeegan,9
121613,Tweet,carolecadwalla,ggreenwald,71
121504,Tweet,carolecadwalla,dubeyavishek,35
121295,Tweet,carolecadwalla,carolecadwalla,1
121578,Tweet,carolecadwalla,williamkeegan,10
121437,Tweet,carolecadwalla,ewenmacaskill,198
121195,Tweet,carolecadwalla,007pandey,4
121388,Tweet,carolecadwalla,charltonbrooker,69
121559,Tweet,carolecadwalla,nytDeniseGrady,176
121203,Tweet,carolecadwalla,DerekMalcolm123,333
121649,Tweet,carolecadwalla,NilsPratley,32
121385,Tweet,carolecadwalla,williamkeegan,228
121617,Tweet,carolecadwalla,carolecadwalla,1
121443,Tweet,carolecadwalla,NilsPratley,67
138078,Article,jayrayner1,melissaclark,85
138089,Article,jayrayner1,williamkeegan,7
138061,Article,jayrayner1,Markbeaumontuk,52
137979,Article,jayrayner1,RowennaDavis,81
138015,Article,jayrayner1,davidhepworth,8
137926,Article,jayrayner1,FelicityCloake,16
138094,Article,jayrayner1,alanconnor,12
137962,Article,jayrayner1,MarinaOLoughlin,8
138101,Article,jayrayner1,lyngardner,60
138118,Article,jayrayner1,bglendenning,71
137956,Article,jayrayner1,RBReich,28
138002,Article,jayrayner1,JohnJCrace,48
138041,Article,jayrayner1,RowanMoore,13
138138,Article,jayrayner1,nicklezard,11
137935,Article,jayrayner1,RebeccaSeal,21
138733,Tweet,jayrayner1,ottolenghi,21
138292,Tweet,jayrayner1,steve_hewlett,46
138513,Tweet,jayrayner1,AlysFowler,6
138348,Tweet,jayrayner1,sandhyanairTOI,379
138537,Tweet,jayrayner1,DeccaJourno,48
138653,Tweet,jayrayner1,FabrizioRomano,50
138210,Tweet,jayrayner1,stevenpoole,49
138396,Tweet,jayrayner1,DerekMalcolm123,13
138692,Tweet,jayrayner1,NilsPratley,45
138188,Tweet,jayrayner1,rondakaysen,210
138606,Tweet,jayrayner1,elizabday,93
138236,Tweet,jayrayner1,williamkeegan,17
138341,Tweet,jayrayner1,elizabday,9
138266,Tweet,jayrayner1,lucysiegle,60
138696,Tweet,jayrayner1,DerekMalcolm123,46
107961,Article,ggreenwald,mtomasky,2
107888,Article,ggreenwald,ggreenwald,1
107996,Article,ggreenwald,jillfilipovic,13
107889,Article,ggreenwald,ggreenwald,1
107768,Article,ggreenwald,mtomasky,51
107807,Article,ggreenwald,sarfrazmanzoor,34
107941,Article,ggreenwald,aleksk,47
107838,Article,ggreenwald,ggreenwald,1
107854,Article,ggreenwald,ggreenwald,1
107909,Article,ggreenwald,ggreenwald,1
107843,Article,ggreenwald,NYTBen,66
107829,Article,ggreenwald,charltonbrooker,8
107973,Article,ggreenwald,JessicaValenti,8
107772,Article,ggreenwald,sarfrazmanzoor,34
107784,Article,ggreenwald,digbijaymishra1,95
108537,Tweet,ggreenwald,paulkrugman,12
108417,Tweet,ggreenwald,andrewrsorkin,57
108366,Tweet,ggreenwald,SocialQPhilip,3
108327,Tweet,ggreenwald,ggreenwald,1
108196,Tweet,ggreenwald,ggreenwald,1
108338,Tweet,ggreenwald,MoharBasu,85
108344,Tweet,ggreenwald,vijayVsinghTOI,9
108070,Tweet,ggreenwald,davidhepworth,29
108529,Tweet,ggreenwald,Gauraw2297,454
108544,Tweet,ggreenwald,Crime_Selvaraj,35
108445,Tweet,ggreenwald,RBReich,21
108211,Tweet,ggreenwald,ShaneGoldmacher,40
108482,Tweet,ggreenwald,mtomasky,8
108492,Tweet,ggreenwald,fmanjoo,3
108201,Tweet,ggreenwald,leninology,6
33221,Article,jessbidgood,KSchulten,26
33263,Article,jessbidgood,NikiKitsantonis,5
33206,Article,jessbidgood,NikiKitsantonis,32
33285,Article,jessbidgood,sangerkatz,65
33226,Article,jessbidgood,nauzerbTOI,56
33277,Article,jessbidgood,tripgabriel,42
33298,Article,jessbidgood,antontroian,159
33205,Article,jessbidgood,jwpetersNYT,41
33216,Article,jessbidgood,marywalshjourno,57
33214,Article,jessbidgood,har_mandeep,368
33247,Article,jessbidgood,jameskanter,21
33272,Article,jessbidgood,RichardFausset,75
33203,Article,jessbidgood,reidepstein,46
33222,Article,jessbidgood,tripgabriel,37
33233,Article,jessbidgood,smervosh,127
33398,Tweet,jessbidgood,gailcollins,6
33316,Tweet,jessbidgood,alexanderburns,36
33362,Tweet,jessbidgood,hillhulse,29
33334,Tweet,jessbidgood,charlie_savage,14
33389,Tweet,jessbidgood,fmanjoo,285
33351,Tweet,jessbidgood,andrewrawnsley,241
33357,Tweet,jessbidgood,mateenHTOI,207
33372,Tweet,jessbidgood,RorySmith,366
33305,Tweet,jessbidgood,RosySequeiraTOI,423
33326,Tweet,jessbidgood,tripgabriel,71
33393,Tweet,jessbidgood,llerer,98
33376,Tweet,jessbidgood,GeorgeMonbiot,436
33378,Tweet,jessbidgood,alexanderburns,69
33336,Tweet,jessbidgood,adamliptak,12
33346,Tweet,jessbidgood,KTVinobhaTOI,57
36681,Article,markriceoxley69,DawnHFoster,85
36816,Article,markriceoxley69,gilestremlett,280
36631,Article,markriceoxley69,alanconnor,6
36740,Article,markriceoxley69,williamkeegan,172
36692,Article,markriceoxley69,shattenstone,126
36615,Article,markriceoxley69,kenanmalik,12
36785,Article,markriceoxley69,PippaCrerar,39
36614,Article,markriceoxley69,kenanmalik,11
36734,Article,markriceoxley69,NilsPratley,24
36731,Article,markriceoxley69,aleksk,28
36873,Article,markriceoxley69,SangerNYT,377
36754,Article,markriceoxley69,kenanmalik,27
36809,Article,markriceoxley69,tomdyckhoff,34
36633,Article,markriceoxley69,msmirandasawyer,23
36770,Article,markriceoxley69,kenanmalik,17
37204,Tweet,markriceoxley69,billicritic,152
37190,Tweet,markriceoxley69,kbennhold,271
37126,Tweet,markriceoxley69,john_hooper,294
37461,Tweet,markriceoxley69,damiencave,305
37253,Tweet,markriceoxley69,samsifton,202
37124,Tweet,markriceoxley69,williamkeegan,83
36970,Tweet,markriceoxley69,LeoHickman,48
37267,Tweet,markriceoxley69,tomdyckhoff,32
37177,Tweet,markriceoxley69,jonpareles,16
36998,Tweet,markriceoxley69,PNaveenTOI,279
37239,Tweet,markriceoxley69,thestephmerritt,93
37199,Tweet,markriceoxley69,msrachelcooke,235
37455,Tweet,markriceoxley69,jonpareles,402
37446,Tweet,markriceoxley69,MichaelWhite,64
36999,Tweet,markriceoxley69,joshwiddicombe,95
190085,Article,kumaraswamykTOI,sudhanshub16,2
190196,Article,kumaraswamykTOI,sudhanshub16,3
190068,Article,kumaraswamykTOI,StacyCowley,336
190148,Article,kumaraswamykTOI,toi_ManujaV,5
190145,Article,kumaraswamykTOI,aniljdias,147
189991,Article,kumaraswamykTOI,toi_ManujaV,20
190167,Article,kumaraswamykTOI,kumaraswamykTOI,1
190170,Article,kumaraswamykTOI,GRajivTOI,203
189971,Article,kumaraswamykTOI,AraniBasuTOI,31
190118,Article,kumaraswamykTOI,aniljdias,3
190175,Article,kumaraswamykTOI,hugolowell,111
190189,Article,kumaraswamykTOI,Shilarze_SSR,9
190131,Article,kumaraswamykTOI,kumaraswamykTOI,1
190201,Article,kumaraswamykTOI,FabrizioRomano,293
189998,Article,kumaraswamykTOI,Pratiks_TOI,29
190296,Tweet,kumaraswamykTOI,RosySequeiraTOI,216
190228,Tweet,kumaraswamykTOI,DanielKingChess,277
190292,Tweet,kumaraswamykTOI,suilee,123
190313,Tweet,kumaraswamykTOI,KTVinobhaTOI,290
190230,Tweet,kumaraswamykTOI,kumaraswamykTOI,1
190312,Tweet,kumaraswamykTOI,advityabahlTOI,67
190299,Tweet,kumaraswamykTOI,RosySequeiraTOI,237
190287,Tweet,kumaraswamykTOI,RosySequeiraTOI,213
190289,Tweet,kumaraswamykTOI,priyagupta999,47
190259,Tweet,kumaraswamykTOI,RosySequeiraTOI,18
190288,Tweet,kumaraswamykTOI,FabrizioRomano,27
190227,Tweet,kumaraswamykTOI,AlokKNMishra,120
190226,Tweet,kumaraswamykTOI,divyadubey_,61
190247,Tweet,kumaraswamykTOI,desaisantosh,45
190250,Tweet,kumaraswamykTOI,kumaraswamykTOI,1
148115,Article,Markbeaumontuk,Markbeaumontuk,1
148141,Article,Markbeaumontuk,davidhepworth,19
148219,Article,Markbeaumontuk,Markbeaumontuk,1
148092,Article,Markbeaumontuk,Markbeaumontuk,1
148071,Article,Markbeaumontuk,lyngardner,8
148221,Article,Markbeaumontuk,msrachelcooke,10
148104,Article,Markbeaumontuk,Markbeaumontuk,1
148128,Article,Markbeaumontuk,alanconnor,6
147997,Article,Markbeaumontuk,Markbeaumontuk,1
148175,Article,Markbeaumontuk,davidhepworth,9
148055,Article,Markbeaumontuk,Markbeaumontuk,1
148064,Article,Markbeaumontuk,lyngardner,2
148032,Article,Markbeaumontuk,DerekMalcolm123,26
148047,Article,Markbeaumontuk,IanCobain,86
148028,Article,Markbeaumontuk,jfordham_jazz,3
148592,Tweet,Markbeaumontuk,kenanmalik,4
148378,Tweet,Markbeaumontuk,williamnhutton,27
148706,Tweet,Markbeaumontuk,AlokKNMishra,491
148764,Tweet,Markbeaumontuk,williamkeegan,142
148469,Tweet,Markbeaumontuk,gailcollins,387
148541,Tweet,Markbeaumontuk,binays1960,180
148823,Tweet,Markbeaumontuk,AlysFowler,109
148385,Tweet,Markbeaumontuk,mariellaf1,190
148370,Tweet,Markbeaumontuk,WilbyPeter,9
148585,Tweet,Markbeaumontuk,wesley_morris,164
148655,Tweet,Markbeaumontuk,RaphaelMinder,359
148611,Tweet,Markbeaumontuk,gracedent,23
148391,Tweet,Markbeaumontuk,joncaramanica,248
148593,Tweet,Markbeaumontuk,BawaNaaved,346
148746,Tweet,Markbeaumontuk,RosySequeiraTOI,374
18424,Article,SangerNYT,julianbarnes,2
18468,Article,SangerNYT,BenWeiserNYT,30
18446,Article,SangerNYT,julianbarnes,4
18406,Article,SangerNYT,ericschmittnyt,13
18458,Article,SangerNYT,ewong,30
18476,Article,SangerNYT,jestei,24
18418,Article,SangerNYT,jameskanter,14
18456,Article,SangerNYT,farnazfassihi,9
18450,Article,SangerNYT,Azi,65
18451,Article,SangerNYT,ChuBailiang,14
18422,Article,SangerNYT,paulkrugman,35
18480,Article,SangerNYT,farnazfassihi,8
18464,Article,SangerNYT,npfandos,57
18498,Article,SangerNYT,maheshbTOI,94
18440,Article,SangerNYT,ewong,27
18595,Tweet,SangerNYT,Shilarze_SSR,145
18573,Tweet,SangerNYT,akhileshsTOI,58
18547,Tweet,SangerNYT,jonpareles,269
18517,Tweet,SangerNYT,pete_wells,39
18551,Tweet,SangerNYT,Crime_Selvaraj,154
18575,Tweet,SangerNYT,DekaJayanta,75
18562,Tweet,SangerNYT,ramendrasTOI,188
18587,Tweet,SangerNYT,akhileshsTOI,274
18527,Tweet,SangerNYT,GlennThrush,84
18506,Tweet,SangerNYT,Markbeaumontuk,112
18561,Tweet,SangerNYT,ChuBailiang,41
18564,Tweet,SangerNYT,IKershner,38
18522,Tweet,SangerNYT,alexmarshall81,3
18569,Tweet,SangerNYT,advityabahlTOI,43
18556,Tweet,SangerNYT,bylizrobbins,168
114112,Article,paulmasonnews,mtomasky,11
113975,Article,paulmasonnews,OwenJones84,2
114168,Article,paulmasonnews,binays1960,65
114149,Article,paulmasonnews,oliverburkeman,35
114138,Article,paulmasonnews,parul_sehgal,38
113948,Article,paulmasonnews,andybrassell,124
114048,Article,paulmasonnews,GeorgeMonbiot,12
113988,Article,paulmasonnews,RowennaDavis,63
113986,Article,paulmasonnews,annanorthtweets,137
114089,Article,paulmasonnews,AnushkaAsthana,27
114062,Article,paulmasonnews,AndrewSparrow,17
114117,Article,paulmasonnews,Markbeaumontuk,73
114113,Article,paulmasonnews,leninology,18
114078,Article,paulmasonnews,afuahirsch,116
113969,Article,paulmasonnews,jackschofield,43
114644,Tweet,paulmasonnews,HackneyAbbott,37
114254,Tweet,paulmasonnews,vijayVsinghTOI,148
114417,Tweet,paulmasonnews,NishikantkTOI,121
114335,Tweet,paulmasonnews,steve_hewlett,36
114220,Tweet,paulmasonnews,AnushkaAsthana,11
114769,Tweet,paulmasonnews,toi_dhananjayM,100
114535,Tweet,paulmasonnews,paulmasonnews,1
114255,Tweet,paulmasonnews,tomfriedman,75
114209,Tweet,paulmasonnews,journo_vibha,248
114362,Tweet,paulmasonnews,HackneyAbbott,46
114336,Tweet,paulmasonnews,williamkeegan,19
114652,Tweet,paulmasonnews,ArthurNeslen,3
114324,Tweet,paulmasonnews,antontroian,80
114454,Tweet,paulmasonnews,rajatpTOI,63
114432,Tweet,paulmasonnews,FabrizioRomano,148
190531,Article,kush_junglee,asrpmukeshTOI,21
190456,Article,kush_junglee,vijaypTOI,36
190553,Article,kush_junglee,kush_junglee,1
190548,Article,kush_junglee,murarishetye,7
190413,Article,kush_junglee,kush_junglee,1
190339,Article,kush_junglee,kush_junglee,1
190524,Article,kush_junglee,KomalGautham,21
190330,Article,kush_junglee,digbijaymishra1,44
190532,Article,kush_junglee,priyangiTOI,10
190499,Article,kush_junglee,rishachitlangia,83
190354,Article,kush_junglee,kush_junglee,1
190333,Article,kush_junglee,kush_junglee,1
190345,Article,kush_junglee,bishnoiarvind11,9
190496,Article,kush_junglee,priyangiTOI,4
190401,Article,kush_junglee,AtulMathur_,24
190640,Tweet,kush_junglee,IpsitaTOI,3
190579,Tweet,kush_junglee,ArthurNeslen,2
190646,Tweet,kush_junglee,PjJoychen,2
190600,Tweet,kush_junglee,ChaitanyadTOI,2
190601,Tweet,kush_junglee,Crime_Selvaraj,5
190602,Tweet,kush_junglee,rishachitlangia,9
190589,Tweet,kush_junglee,kush_junglee,1
190644,Tweet,kush_junglee,kush_junglee,1
190567,Tweet,kush_junglee,smita_mishra,17
190595,Tweet,kush_junglee,ArthurNeslen,86
190588,Tweet,kush_junglee,rishachitlangia,6
190609,Tweet,kush_junglee,ShoebKhanTOI,120
190594,Tweet,kush_junglee,ArunDev1,8
190597,Tweet,kush_junglee,saumyajitbTOI,4
190585,Tweet,kush_junglee,ChaitanyadTOI,3
170059,Article,ajaykanth7,PippaCrerar,5
170113,Article,ajaykanth7,ajaykanth7,1
170199,Article,ajaykanth7,ajaykanth7,1
170106,Article,ajaykanth7,SidharthB25,3
170047,Article,ajaykanth7,anemonanyc,134
170262,Article,ajaykanth7,vijayVsinghTOI,31
170027,Article,ajaykanth7,KapildaveTOI,7
170078,Article,ajaykanth7,maheshbTOI,33
170085,Article,ajaykanth7,GRajivTOI,4
170097,Article,ajaykanth7,ajaykanth7,1
170040,Article,ajaykanth7,sandhyanairTOI,19
170255,Article,ajaykanth7,vijayVsinghTOI,18
170048,Article,ajaykanth7,vijaypTOI,7
170042,Article,ajaykanth7,RaphaelMinder,82
170192,Article,ajaykanth7,AndrewSparrow,6
170296,Tweet,ajaykanth7,mohuadazz,14
170275,Tweet,ajaykanth7,vijayVsinghTOI,6
170300,Tweet,ajaykanth7,RosySequeiraTOI,54
170282,Tweet,ajaykanth7,vijaysinghTOI,67
170288,Tweet,ajaykanth7,joncaramanica,203
170348,Tweet,ajaykanth7,PNaveenTOI,28
170304,Tweet,ajaykanth7,EricaLG,247
170274,Tweet,ajaykanth7,vanbadham,179
170287,Tweet,ajaykanth7,GRajivTOI,12
170322,Tweet,ajaykanth7,toi_rohanA,3
170316,Tweet,ajaykanth7,GRajivTOI,106
170329,Tweet,ajaykanth7,SiwachSukhbir,7
170313,Tweet,ajaykanth7,Rupalijee,19
170293,Tweet,ajaykanth7,vijaysinghTOI,3
170323,Tweet,ajaykanth7,ajaykanth7,1
207650,Article,RosySequeiraTOI,ramendrasTOI,2
207686,Article,RosySequeiraTOI,RosySequeiraTOI,1
207703,Article,RosySequeiraTOI,vijayVsinghTOI,4
207711,Article,RosySequeiraTOI,RosySequeiraTOI,1
207550,Article,RosySequeiraTOI,RosySequeiraTOI,1
207549,Article,RosySequeiraTOI,vijaypTOI,2
207717,Article,RosySequeiraTOI,vijayVsinghTOI,2
207669,Article,RosySequeiraTOI,RosySequeiraTOI,1
207604,Article,RosySequeiraTOI,PjJoychen,2
207725,Article,RosySequeiraTOI,RosySequeiraTOI,1
207732,Article,RosySequeiraTOI,RosySequeiraTOI,1
207724,Article,RosySequeiraTOI,RosySequeiraTOI,1
207706,Article,RosySequeiraTOI,amitanandTOI,9
207618,Article,RosySequeiraTOI,mateenHTOI,5
207627,Article,RosySequeiraTOI,RosySequeiraTOI,1
207803,Tweet,RosySequeiraTOI,RosySequeiraTOI,1
207818,Tweet,RosySequeiraTOI,RosySequeiraTOI,1
207825,Tweet,RosySequeiraTOI,RosySequeiraTOI,1
207790,Tweet,RosySequeiraTOI,RosySequeiraTOI,1
207842,Tweet,RosySequeiraTOI,RosySequeiraTOI,1
207843,Tweet,RosySequeiraTOI,niyatiparikhTOI,45
207824,Tweet,RosySequeiraTOI,RosySequeiraTOI,1
207833,Tweet,RosySequeiraTOI,RosySequeiraTOI,1
207787,Tweet,RosySequeiraTOI,RosySequeiraTOI,1
207819,Tweet,RosySequeiraTOI,RosySequeiraTOI,1
207791,Tweet,RosySequeiraTOI,RosySequeiraTOI,1
207807,Tweet,RosySequeiraTOI,sio_burke,119
207795,Tweet,RosySequeiraTOI,RosySequeiraTOI,1
207797,Tweet,RosySequeiraTOI,andrewrawnsley,164
207831,Tweet,RosySequeiraTOI,RosySequeiraTOI,1
162474,Article,npwcnn,npwcnn,1
162528,Article,npwcnn,john_hooper,3
162500,Article,npwcnn,john_hooper,4
162440,Article,npwcnn,PatrickKingsley,109
162558,Article,npwcnn,helenecooper,21
162438,Article,npwcnn,gilestremlett,35
162585,Article,npwcnn,samrob12,15
162368,Article,npwcnn,nicklezard,23
162459,Article,npwcnn,davidhepworth,26
162458,Article,npwcnn,john_hooper,3
162571,Article,npwcnn,MiriamElder,2
162468,Article,npwcnn,npwcnn,1
162590,Article,npwcnn,domphillips,9
162499,Article,npwcnn,antontroian,148
162427,Article,npwcnn,ewenmacaskill,10
163008,Tweet,npwcnn,anandbodhTOI,62
163111,Tweet,npwcnn,AraniBasuTOI,51
162718,Tweet,npwcnn,FabrizioRomano,102
162924,Tweet,npwcnn,tomdyckhoff,307
163010,Tweet,npwcnn,FabrizioRomano,84
162885,Tweet,npwcnn,ericschmittnyt,33
163040,Tweet,npwcnn,RaphaelMinder,106
163130,Tweet,npwcnn,NeilMacFarquhar,18
162692,Tweet,npwcnn,michaelcrowley,32
162902,Tweet,npwcnn,NYTBen,47
162653,Tweet,npwcnn,RaphaelMinder,17
163038,Tweet,npwcnn,NeilMacFarquhar,6
162858,Tweet,npwcnn,davidleighx,52
162807,Tweet,npwcnn,wesley_morris,118
162673,Tweet,npwcnn,pete_wells,437
115835,Article,JoshuaRozenberg,paulmasonnews,39
115656,Article,JoshuaRozenberg,JoshuaRozenberg,1
115670,Article,JoshuaRozenberg,williamkeegan,2
115699,Article,JoshuaRozenberg,ggreenwald,276
115703,Article,JoshuaRozenberg,sunny_hundal,13
115717,Article,JoshuaRozenberg,GRajivTOI,3
115866,Article,JoshuaRozenberg,williamkeegan,9
115860,Article,JoshuaRozenberg,NilsPratley,8
115818,Article,JoshuaRozenberg,marthakelner,26
115762,Article,JoshuaRozenberg,polblonde,9
115801,Article,JoshuaRozenberg,sunny_hundal,5
115707,Article,JoshuaRozenberg,NilsPratley,2
115658,Article,JoshuaRozenberg,williamkeegan,2
115804,Article,JoshuaRozenberg,sunny_hundal,9
115685,Article,JoshuaRozenberg,sendvictorious,72
116123,Tweet,JoshuaRozenberg,NYTimesCohen,92
116424,Tweet,JoshuaRozenberg,adamliptak,8
116143,Tweet,JoshuaRozenberg,AlysFowler,145
116388,Tweet,JoshuaRozenberg,KateEMcCann,31
115923,Tweet,JoshuaRozenberg,JoshuaRozenberg,1
116358,Tweet,JoshuaRozenberg,andrewrawnsley,53
116216,Tweet,JoshuaRozenberg,MujMash,128
116367,Tweet,JoshuaRozenberg,NickAtNews,7
116142,Tweet,JoshuaRozenberg,thrasherxy,4
115925,Tweet,JoshuaRozenberg,andrewrawnsley,35
115921,Tweet,JoshuaRozenberg,juliemTOI,37
115999,Tweet,JoshuaRozenberg,damiencave,31
115906,Tweet,JoshuaRozenberg,PippaCrerar,19
115910,Tweet,JoshuaRozenberg,andrewrawnsley,22
116099,Tweet,JoshuaRozenberg,AndrewSparrow,89
95213,Article,alexbellos,alexbellos,1
95135,Article,alexbellos,alexbellos,1
95260,Article,alexbellos,alexbellos,1
95108,Article,alexbellos,alexbellos,1
95236,Article,alexbellos,davidhepworth,4
95094,Article,alexbellos,alexbellos,1
95315,Article,alexbellos,alanconnor,2
95101,Article,alexbellos,alexbellos,1
95132,Article,alexbellos,msmirandasawyer,19
95224,Article,alexbellos,alexbellos,1
95264,Article,alexbellos,alexbellos,1
95125,Article,alexbellos,alexbellos,1
95162,Article,alexbellos,alexbellos,1
95188,Article,alexbellos,alexbellos,1
95252,Article,alexbellos,alexbellos,1
95342,Tweet,alexbellos,petleepeter,34
95684,Tweet,alexbellos,debaratisen,9
95793,Tweet,alexbellos,nicklezard,390
95610,Tweet,alexbellos,kenanmalik,3
95772,Tweet,alexbellos,bglendenning,127
95704,Tweet,alexbellos,greenslader,10
95559,Tweet,alexbellos,nytdavidbrooks,3
95774,Tweet,alexbellos,Rupalijee,24
95647,Tweet,alexbellos,timatkin,9
95779,Tweet,alexbellos,RorySmith,236
95356,Tweet,alexbellos,WilbyPeter,5
95744,Tweet,alexbellos,alexbellos,1
95715,Tweet,alexbellos,EricaLG,2
95507,Tweet,alexbellos,vanbadham,50
95763,Tweet,alexbellos,FabrizioRomano,299
154758,Article,questingvole,alexvtunzelmann,13
154831,Article,questingvole,SearleAdrian,206
154611,Article,questingvole,bglendenning,18
154749,Article,questingvole,marthakelner,30
154750,Article,questingvole,sunny_hundal,6
154683,Article,questingvole,andybrassell,296
154784,Article,questingvole,alexvtunzelmann,2
154790,Article,questingvole,shattenstone,126
154746,Article,questingvole,alanconnor,28
154716,Article,questingvole,dansabbagh,56
154792,Article,questingvole,davidhepworth,9
154759,Article,questingvole,alexbellos,7
154752,Article,questingvole,sunny_hundal,27
154782,Article,questingvole,nicklezard,16
154686,Article,questingvole,winematcher,45
155235,Tweet,questingvole,NYTimesCohen,91
155193,Tweet,questingvole,parul_sehgal,58
155236,Tweet,questingvole,sarfrazmanzoor,30
155209,Tweet,questingvole,elizabday,54
155434,Tweet,questingvole,jennydeluxe,102
154964,Tweet,questingvole,GiniaNYT,44
154969,Tweet,questingvole,oliverburkeman,82
154911,Tweet,questingvole,alexbellos,31
155158,Tweet,questingvole,dwightgarner,35
155380,Tweet,questingvole,wesley_morris,20
155027,Tweet,questingvole,binays1960,215
155322,Tweet,questingvole,SyedAkbarTOI,257
155165,Tweet,questingvole,stevenpoole,11
155294,Tweet,questingvole,pradeeptTOI,53
155036,Tweet,questingvole,DerekMalcolm123,94
199886,Article,parthasinha,parthasinha,1
199948,Article,parthasinha,parthasinha,1
199861,Article,parthasinha,aseemsgujar,3
199798,Article,parthasinha,parthasinha,1
199918,Article,parthasinha,007pandey,18
199771,Article,parthasinha,007pandey,2
199738,Article,parthasinha,parthasinha,1
199916,Article,parthasinha,utejonmayamTOI,39
199936,Article,parthasinha,aseemsgujar,2
199844,Article,parthasinha,aseemsgujar,2
199924,Article,parthasinha,parthasinha,1
199843,Article,parthasinha,DekaJayanta,50
199751,Article,parthasinha,parthasinha,1
199909,Article,parthasinha,bencasselman,4
199944,Article,parthasinha,parthasinha,1
199983,Tweet,parthasinha,RosySequeiraTOI,77
200034,Tweet,parthasinha,ByJamesWagner,14
199990,Tweet,parthasinha,AlysFowler,62
200063,Tweet,parthasinha,KSchulten,4
200072,Tweet,parthasinha,joncaramanica,286
200007,Tweet,parthasinha,nauzerbTOI,144
200065,Tweet,parthasinha,RosySequeiraTOI,297
200047,Tweet,parthasinha,LauraCummingArt,236
199995,Tweet,parthasinha,NesrineMalik,39
199999,Tweet,parthasinha,jennydeluxe,67
200003,Tweet,parthasinha,AniltheMatrix,18
200014,Tweet,parthasinha,smita_mishra,35
200066,Tweet,parthasinha,Banjotkaur,2
200018,Tweet,parthasinha,BawaNaaved,8
200037,Tweet,parthasinha,umamahesh_ToI,4
176480,Article,bagishjhaTOI,KapildaveTOI,15
176581,Article,bagishjhaTOI,PjJoychen,3
176630,Article,bagishjhaTOI,bagishjhaTOI,1
176528,Article,bagishjhaTOI,tripgabriel,68
176586,Article,bagishjhaTOI,sangerkatz,178
176564,Article,bagishjhaTOI,vaibhavgTOI,9
176439,Article,bagishjhaTOI,PjJoychen,130
176470,Article,bagishjhaTOI,BawaNaaved,16
176520,Article,bagishjhaTOI,ChaithanyaSwamy,85
176507,Article,bagishjhaTOI,har_mandeep,18
176522,Article,bagishjhaTOI,Crime_Selvaraj,42
176440,Article,bagishjhaTOI,aseemsgujar,12
176641,Article,bagishjhaTOI,BawaNaaved,271
176450,Article,bagishjhaTOI,bagishjhaTOI,1
176643,Article,bagishjhaTOI,abhishekTWEETS7,26
176720,Tweet,bagishjhaTOI,williamkeegan,315
176680,Tweet,bagishjhaTOI,SarahMaslinNir,62
176677,Tweet,bagishjhaTOI,journo_vibha,56
176706,Tweet,bagishjhaTOI,marywalshjourno,72
176723,Tweet,bagishjhaTOI,rajendrasTOI,57
176708,Tweet,bagishjhaTOI,SindhukTOI,81
176737,Tweet,bagishjhaTOI,ThevarSteffy,30
176693,Tweet,bagishjhaTOI,ChaitanyadTOI,28
176710,Tweet,bagishjhaTOI,KapildaveTOI,21
176676,Tweet,bagishjhaTOI,BhanupratapsTOI,100
176674,Tweet,bagishjhaTOI,aniljdias,242
176711,Tweet,bagishjhaTOI,durgeshjhaTOI,22
176694,Tweet,bagishjhaTOI,niyatiparikhTOI,71
176734,Tweet,bagishjhaTOI,DekaJayanta,208
176749,Tweet,bagishjhaTOI,KTVinobhaTOI,18
81552,Article,ukigoni,RorySmith,34
81419,Article,ukigoni,sarahditum,118
81520,Article,ukigoni,hugolowell,12
81387,Article,ukigoni,domphillips,3
81445,Article,ukigoni,FabrizioRomano,3
81560,Article,ukigoni,el_belson,189
81512,Article,ukigoni,FranklinBlog,4
81527,Article,ukigoni,farnazfassihi,5
81505,Article,ukigoni,jayamenon64,7
81562,Article,ukigoni,attackerman,7
81494,Article,ukigoni,mikeives,16
81543,Article,ukigoni,aleksk,9
81495,Article,ukigoni,dklavaniaTOI,33
81374,Article,ukigoni,NikiKitsantonis,23
81444,Article,ukigoni,ewenmacaskill,9
81966,Tweet,ukigoni,nnougayrede,44
81622,Tweet,ukigoni,vaibhavgTOI,99
81949,Tweet,ukigoni,SagrikaKissu,11
82081,Tweet,ukigoni,ggreenwald,69
81759,Tweet,ukigoni,tariqpanja,179
81775,Tweet,ukigoni,peterbradshaw1,212
82142,Tweet,ukigoni,NYTimesCohen,26
81838,Tweet,ukigoni,lucysiegle,342
81870,Tweet,ukigoni,ChuBailiang,20
81742,Tweet,ukigoni,ggreenwald,24
82133,Tweet,ukigoni,advityabahlTOI,25
82046,Tweet,ukigoni,ByJamesWagner,70
81869,Tweet,ukigoni,NYTimesCohen,273
82093,Tweet,ukigoni,paulkrugman,134
82201,Tweet,ukigoni,LFFriedman,116
77220,Article,TanyaGold1,TanyaGold1,1
77391,Article,TanyaGold1,msmirandasawyer,7
77297,Article,TanyaGold1,charltonbrooker,25
77198,Article,TanyaGold1,williamkeegan,4
77303,Article,TanyaGold1,williamkeegan,7
77291,Article,TanyaGold1,elizabday,155
77397,Article,TanyaGold1,alexvtunzelmann,4
77394,Article,TanyaGold1,williamkeegan,34
77372,Article,TanyaGold1,sarfrazmanzoor,44
77230,Article,TanyaGold1,jameskanter,319
77382,Article,TanyaGold1,alexvtunzelmann,37
77197,Article,TanyaGold1,emmabrockes,17
77419,Article,TanyaGold1,petleepeter,132
77196,Article,TanyaGold1,LauraCummingArt,10
77250,Article,TanyaGold1,msrachelcooke,38
77460,Tweet,TanyaGold1,sunny_hundal,79
77485,Tweet,TanyaGold1,OLIVERBALCH,279
77574,Tweet,TanyaGold1,billicritic,12
77972,Tweet,TanyaGold1,davidhepworth,14
77593,Tweet,TanyaGold1,margaretrenkl,117
77489,Tweet,TanyaGold1,RosySequeiraTOI,31
77567,Tweet,TanyaGold1,ewenmacaskill,26
77996,Tweet,TanyaGold1,andrewrawnsley,139
77756,Tweet,TanyaGold1,peterbradshaw1,148
77514,Tweet,TanyaGold1,laurenlaverne,280
77521,Tweet,TanyaGold1,davidhepworth,12
77584,Tweet,TanyaGold1,desaisantosh,191
77660,Tweet,TanyaGold1,elizabday,168
77899,Tweet,TanyaGold1,KTVinobhaTOI,354
77823,Tweet,TanyaGold1,nicklezard,325
174574,Article,Arun_Ram,mateenHTOI,80
174522,Article,Arun_Ram,AraniBasuTOI,4
174548,Article,Arun_Ram,Banjotkaur,46
174676,Article,Arun_Ram,JoshuaRozenberg,8
174668,Article,Arun_Ram,ronojoy_sen,2
174603,Article,Arun_Ram,Arun_Ram,1
174621,Article,Arun_Ram,SindhukTOI,54
174657,Article,Arun_Ram,digbijaymishra1,129
174624,Article,Arun_Ram,Crime_Selvaraj,28
174568,Article,Arun_Ram,AraniBasuTOI,52
174586,Article,Arun_Ram,Arun_Ram,1
174663,Article,Arun_Ram,TOISH31,306
174567,Article,Arun_Ram,MohitaTOI,4
174503,Article,Arun_Ram,PrashantrTOI,11
174604,Article,Arun_Ram,Arun_Ram,1
174735,Tweet,Arun_Ram,andrewrawnsley,17
174776,Tweet,Arun_Ram,AraniBasuTOI,48
174769,Tweet,Arun_Ram,kush_junglee,23
174789,Tweet,Arun_Ram,pete_wells,310
174697,Tweet,Arun_Ram,HinaRohtaki,39
174709,Tweet,Arun_Ram,antontroian,88
174760,Tweet,Arun_Ram,thrasherxy,246
174771,Tweet,Arun_Ram,GRajivTOI,42
174721,Tweet,Arun_Ram,shafaquealamTOI,21
174744,Tweet,Arun_Ram,SindhukTOI,24
174730,Tweet,Arun_Ram,DerekMalcolm123,19
174754,Tweet,Arun_Ram,AshokPradhanTOI,163
174734,Tweet,Arun_Ram,andrewrawnsley,34
174707,Tweet,Arun_Ram,murarishetye,15
174749,Tweet,Arun_Ram,AniltheMatrix,97
155468,Article,hannahdev,jimwaterson,6
155502,Article,hannahdev,DawnHFoster,10
155674,Article,hannahdev,ewenmacaskill,7
155510,Article,hannahdev,alexbellos,6
155529,Article,hannahdev,alexbellos,3
155591,Article,hannahdev,naomi2009,233
155513,Article,hannahdev,alexbellos,79
155469,Article,hannahdev,hannahdev,1
155498,Article,hannahdev,hannahdev,1
155640,Article,hannahdev,hannahdev,1
155660,Article,hannahdev,emilybell,8
155678,Article,hannahdev,NilsPratley,61
155585,Article,hannahdev,hannahdev,1
155536,Article,hannahdev,CarolineLucas,24
155662,Article,hannahdev,sarahditum,2
155812,Tweet,hannahdev,debaratisen,73
156003,Tweet,hannahdev,ginakolata,53
155856,Tweet,hannahdev,petleepeter,214
155906,Tweet,hannahdev,durgeshjhaTOI,2
156102,Tweet,hannahdev,rachshabi,56
155847,Tweet,hannahdev,aleksk,193
155798,Tweet,hannahdev,MarinaOLoughlin,208
155907,Tweet,hannahdev,jennydeluxe,124
155810,Tweet,hannahdev,hannahdev,1
155749,Tweet,hannahdev,winematcher,142
156224,Tweet,hannahdev,steve_hewlett,23
156114,Tweet,hannahdev,andrewrawnsley,46
155764,Tweet,hannahdev,AndrewSparrow,63
155910,Tweet,hannahdev,naomi2009,92
155844,Tweet,hannahdev,NilsPratley,471
55661,Article,GeorgeMonbiot,Markbeaumontuk,93
55623,Article,GeorgeMonbiot,emmabrockes,118
55506,Article,GeorgeMonbiot,paulkrugman,17
55580,Article,GeorgeMonbiot,thestephmerritt,353
55579,Article,GeorgeMonbiot,jillfilipovic,2
55609,Article,GeorgeMonbiot,sisario,145
55697,Article,GeorgeMonbiot,IanCobain,25
55688,Article,GeorgeMonbiot,nnougayrede,4
55645,Article,GeorgeMonbiot,VivianHo,45
55696,Article,GeorgeMonbiot,aleksk,218
55469,Article,GeorgeMonbiot,garyyounge,16
55594,Article,GeorgeMonbiot,NilsPratley,16
55637,Article,GeorgeMonbiot,HackneyAbbott,4
55617,Article,GeorgeMonbiot,JoshuaRozenberg,44
55595,Article,GeorgeMonbiot,GioRussonello,78
56169,Tweet,GeorgeMonbiot,NYTimesCohen,90
55873,Tweet,GeorgeMonbiot,SyedAkbarTOI,52
55994,Tweet,GeorgeMonbiot,jonronson,2
56199,Tweet,GeorgeMonbiot,tomdyckhoff,49
56164,Tweet,GeorgeMonbiot,NilsPratley,13
56005,Tweet,GeorgeMonbiot,paulkrugman,185
56182,Tweet,GeorgeMonbiot,marywalshjourno,256
55941,Tweet,GeorgeMonbiot,alexvtunzelmann,82
55965,Tweet,GeorgeMonbiot,_nicolaclark,316
55848,Tweet,GeorgeMonbiot,elizabday,261
56223,Tweet,GeorgeMonbiot,emilybell,53
55914,Tweet,GeorgeMonbiot,bglendenning,127
55969,Tweet,GeorgeMonbiot,utejonmayamTOI,278
55709,Tweet,GeorgeMonbiot,GeorgeMonbiot,1
56220,Tweet,GeorgeMonbiot,NilsPratley,8
125198,Article,billicritic,davidhepworth,4
125193,Article,billicritic,alanconnor,7
125305,Article,billicritic,lyngardner,2
125227,Article,billicritic,billicritic,1
125335,Article,billicritic,lyngardner,2
125104,Article,billicritic,lyngardner,28
125297,Article,billicritic,lyngardner,2
125244,Article,billicritic,billicritic,1
125259,Article,billicritic,lyngardner,2
125210,Article,billicritic,billicritic,1
125247,Article,billicritic,billicritic,1
125291,Article,billicritic,Markbeaumontuk,15
125280,Article,billicritic,billicritic,1
125231,Article,billicritic,billicritic,1
125179,Article,billicritic,lyngardner,2
125358,Tweet,billicritic,ChaitanyadTOI,2
125849,Tweet,billicritic,billicritic,1
125507,Tweet,billicritic,jfordham_jazz,66
125566,Tweet,billicritic,billicritic,1
125811,Tweet,billicritic,billicritic,1
125694,Tweet,billicritic,NishikantkTOI,2
125663,Tweet,billicritic,joshwiddicombe,24
125949,Tweet,billicritic,billicritic,1
125458,Tweet,billicritic,HemantaTOI,2
125564,Tweet,billicritic,jfordham_jazz,2
125922,Tweet,billicritic,billicritic,1
125398,Tweet,billicritic,billicritic,1
125472,Tweet,billicritic,MichaelPaulson,22
125368,Tweet,billicritic,billicritic,1
125611,Tweet,billicritic,billicritic,1
124271,Article,SearleAdrian,msmirandasawyer,105
124348,Article,SearleAdrian,SearleAdrian,1
124429,Article,SearleAdrian,tomdyckhoff,17
124360,Article,SearleAdrian,JessicaValenti,55
124386,Article,SearleAdrian,marthakelner,47
124444,Article,SearleAdrian,alanconnor,19
124393,Article,SearleAdrian,alanconnor,42
124390,Article,SearleAdrian,bencasselman,439
124463,Article,SearleAdrian,alexvtunzelmann,57
124438,Article,SearleAdrian,shattenstone,41
124288,Article,SearleAdrian,SearleAdrian,1
124405,Article,SearleAdrian,alanconnor,58
124351,Article,SearleAdrian,alanconnor,41
124339,Article,SearleAdrian,aleksk,36
124433,Article,SearleAdrian,alanconnor,28
124731,Tweet,SearleAdrian,SearleAdrian,1
124674,Tweet,SearleAdrian,ShrinivasaMTOI,16
124526,Tweet,SearleAdrian,RorySmith,236
124626,Tweet,SearleAdrian,lyngardner,309
124871,Tweet,SearleAdrian,davidhepworth,35
124822,Tweet,SearleAdrian,NilsPratley,19
124523,Tweet,SearleAdrian,saumyajitbTOI,48
125068,Tweet,SearleAdrian,PeterTatchell,35
124595,Tweet,SearleAdrian,jhoffman,101
124712,Tweet,SearleAdrian,wesley_morris,222
124668,Tweet,SearleAdrian,SearleAdrian,1
124629,Tweet,SearleAdrian,DerekMalcolm123,26
124752,Tweet,SearleAdrian,thestephmerritt,34
124680,Tweet,SearleAdrian,joshwiddicombe,371
125005,Tweet,SearleAdrian,desaisantosh,29
67256,Article,we_are_food,toi_shailendraA,76
67333,Article,we_are_food,we_are_food,1
67269,Article,we_are_food,salihughes,2
67328,Article,we_are_food,alanconnor,24
67388,Article,we_are_food,bglendenning,27
67307,Article,we_are_food,we_are_food,1
67422,Article,we_are_food,allegramcevedy,5
67253,Article,we_are_food,FelicityCloake,5
67409,Article,we_are_food,axrenton,3
67267,Article,we_are_food,ottolenghi,5
67248,Article,we_are_food,allegramcevedy,2
67344,Article,we_are_food,we_are_food,1
67232,Article,we_are_food,allegramcevedy,8
67257,Article,we_are_food,AlysFowler,2
67414,Article,we_are_food,elizabday,52
68015,Tweet,we_are_food,charltonbrooker,165
67586,Tweet,we_are_food,steve_hewlett,27
68010,Tweet,we_are_food,27saurabhsinha,3
68029,Tweet,we_are_food,laurenlaverne,5
67738,Tweet,we_are_food,DerekMalcolm123,102
67649,Tweet,we_are_food,ottolenghi,2
68016,Tweet,we_are_food,RowennaDavis,26
67839,Tweet,we_are_food,ArthurNeslen,146
67828,Tweet,we_are_food,MarinaOLoughlin,2
67750,Tweet,we_are_food,pete_wells,11
67814,Tweet,we_are_food,we_are_food,1
67796,Tweet,we_are_food,stevenpoole,17
68009,Tweet,we_are_food,we_are_food,1
67838,Tweet,we_are_food,allegramcevedy,2
67784,Tweet,we_are_food,we_are_food,1
25453,Article,fmanjoo,EricaLG,263
25484,Article,fmanjoo,fmanjoo,1
25447,Article,fmanjoo,DouthatNYT,62
25420,Article,fmanjoo,vvfriedman,102
25473,Article,fmanjoo,williamkeegan,38
25417,Article,fmanjoo,paulkrugman,23
25401,Article,fmanjoo,paulkrugman,24
25439,Article,fmanjoo,RaphaelMinder,450
25459,Article,fmanjoo,fmanjoo,1
25416,Article,fmanjoo,pete_wells,51
25497,Article,fmanjoo,ChuBailiang,3
25481,Article,fmanjoo,pete_wells,67
25487,Article,fmanjoo,williamkeegan,160
25472,Article,fmanjoo,MichaelPaulson,7
25496,Article,fmanjoo,mtomasky,9
25536,Tweet,fmanjoo,juliemTOI,13
25519,Tweet,fmanjoo,mtomasky,89
25514,Tweet,fmanjoo,michelleinbklyn,48
25510,Tweet,fmanjoo,ceciliakang,30
25570,Tweet,fmanjoo,rebeccaSTOI,424
25588,Tweet,fmanjoo,MarinaOLoughlin,10
25508,Tweet,fmanjoo,vijaysinghTOI,149
25578,Tweet,fmanjoo,ThevarSteffy,176
25591,Tweet,fmanjoo,mtomasky,20
25596,Tweet,fmanjoo,tejalrao,61
25557,Tweet,fmanjoo,joecoscarelli,16
25582,Tweet,fmanjoo,rondakaysen,48
25559,Tweet,fmanjoo,jonpareles,192
25504,Tweet,fmanjoo,jimtankersley,144
25524,Tweet,fmanjoo,jeannasmialek,32
187416,Article,jatinder_tur,alanfeuer,129
187436,Article,jatinder_tur,jatinder_tur,1
187415,Article,jatinder_tur,rashmidTOI,5
187425,Article,jatinder_tur,sushmi_dey,71
187478,Article,jatinder_tur,GRajivTOI,68
187399,Article,jatinder_tur,jatinder_tur,1
187442,Article,jatinder_tur,jatinder_tur,1
187395,Article,jatinder_tur,parthasinha,2
187471,Article,jatinder_tur,jatinder_tur,1
187463,Article,jatinder_tur,steve_hewlett,163
187462,Article,jatinder_tur,jatinder_tur,1
187407,Article,jatinder_tur,jatinder_tur,1
187473,Article,jatinder_tur,tushhaikhush,84
187465,Article,jatinder_tur,rajatpTOI,2
187427,Article,jatinder_tur,jatinder_tur,1
187543,Tweet,jatinder_tur,DekaJayanta,30
187503,Tweet,jatinder_tur,palaknandiTOI,8
187486,Tweet,jatinder_tur,smita_mishra,47
187552,Tweet,jatinder_tur,Chethan_Dash,15
187553,Tweet,jatinder_tur,divyapal2013,122
187566,Tweet,jatinder_tur,BawaNaaved,11
187577,Tweet,jatinder_tur,MoharBasu,39
187560,Tweet,jatinder_tur,bindiyachariTOI,32
187521,Tweet,jatinder_tur,SindhukTOI,7
187487,Tweet,jatinder_tur,SidharthB25,63
187491,Tweet,jatinder_tur,AlokKNMishra,54
187498,Tweet,jatinder_tur,naomi2009,43
187488,Tweet,jatinder_tur,EVincentelli,110
187514,Tweet,jatinder_tur,meeravohraTOI,412
187523,Tweet,jatinder_tur,priyangiTOI,8
62348,Article,LucyMangan,nicklezard,9
62353,Article,LucyMangan,charltonbrooker,8
62298,Article,LucyMangan,steve_hewlett,11
62135,Article,LucyMangan,peterbradshaw1,3
62361,Article,LucyMangan,steve_hewlett,4
62227,Article,LucyMangan,peterbradshaw1,2
62197,Article,LucyMangan,kenanmalik,8
62355,Article,LucyMangan,tejalrao,5
62134,Article,LucyMangan,alanconnor,4
62327,Article,LucyMangan,williamkeegan,10
62313,Article,LucyMangan,LucyMangan,1
62318,Article,LucyMangan,peterbradshaw1,2
62339,Article,LucyMangan,billicritic,7
62289,Article,LucyMangan,LucyMangan,1
62371,Article,LucyMangan,stevenpoole,50
62839,Tweet,LucyMangan,joncaramanica,29
62838,Tweet,LucyMangan,kenanmalik,48
62545,Tweet,LucyMangan,EricaLG,4
62485,Tweet,LucyMangan,MoharBasu,19
62811,Tweet,LucyMangan,hadleyfreeman,4
62906,Tweet,LucyMangan,tushhaikhush,45
62820,Tweet,LucyMangan,lucywardsings,5
62601,Tweet,LucyMangan,joshwiddicombe,139
62944,Tweet,LucyMangan,ggreenwald,5
62694,Tweet,LucyMangan,elizabday,2
62661,Tweet,LucyMangan,jennydeluxe,37
62942,Tweet,LucyMangan,samsifton,79
62829,Tweet,LucyMangan,mswainwright,69
62915,Tweet,LucyMangan,vijaysinghTOI,139
62473,Tweet,LucyMangan,JohnJCrace,84
118537,Article,sarahditum,msrachelcooke,7
118529,Article,sarahditum,sunny_hundal,4
118493,Article,sarahditum,garyyounge,14
118442,Article,sarahditum,ameliagentleman,48
118542,Article,sarahditum,kenanmalik,4
118550,Article,sarahditum,sarahditum,1
118430,Article,sarahditum,nicklezard,3
118413,Article,sarahditum,aleksk,19
118437,Article,sarahditum,maevesther,177
118469,Article,sarahditum,sunny_hundal,2
118508,Article,sarahditum,davidhepworth,51
118513,Article,sarahditum,gabyhinsliff,27
118402,Article,sarahditum,nicklezard,6
118444,Article,sarahditum,sarahditum,1
118500,Article,sarahditum,lucysiegle,26
119151,Tweet,sarahditum,NesrineMalik,2
119058,Tweet,sarahditum,AnushkaAsthana,57
118946,Tweet,sarahditum,MoharBasu,31
118868,Tweet,sarahditum,lukeharding1968,229
119112,Tweet,sarahditum,dwightgarner,302
118652,Tweet,sarahditum,sarahditum,1
119057,Tweet,sarahditum,greenslader,57
118676,Tweet,sarahditum,aleksk,48
118724,Tweet,sarahditum,EricaLG,100
118720,Tweet,sarahditum,NesrineMalik,2
119139,Tweet,sarahditum,sarahditum,1
118693,Tweet,sarahditum,tejalrao,106
118771,Tweet,sarahditum,sarahditum,1
119063,Tweet,sarahditum,sarahditum,1
118889,Tweet,sarahditum,bindelj,59
50563,Article,thestephmerritt,petleepeter,300
50496,Article,thestephmerritt,dwightgarner,3
50613,Article,thestephmerritt,andrew_mueller,25
50492,Article,thestephmerritt,peterbradshaw1,10
50626,Article,thestephmerritt,HackneyAbbott,114
50546,Article,thestephmerritt,thestephmerritt,1
50469,Article,thestephmerritt,nicholaswatt,52
50552,Article,thestephmerritt,FabrizioRomano,2
50583,Article,thestephmerritt,jonronson,129
50449,Article,thestephmerritt,thestephmerritt,1
50467,Article,thestephmerritt,thestephmerritt,1
50523,Article,thestephmerritt,FelicityCloake,378
50575,Article,thestephmerritt,alanconnor,72
50558,Article,thestephmerritt,thestephmerritt,1
50603,Article,thestephmerritt,billicritic,13
50940,Tweet,thestephmerritt,oliverburkeman,73
50978,Tweet,thestephmerritt,nmcintosh,7
51061,Tweet,thestephmerritt,seaningle,60
50972,Tweet,thestephmerritt,seaningle,17
50953,Tweet,thestephmerritt,elizabday,164
50904,Tweet,thestephmerritt,davidhepworth,2
50814,Tweet,thestephmerritt,brooksbarnesNYT,40
51102,Tweet,thestephmerritt,KateEMcCann,17
50675,Tweet,thestephmerritt,tomdyckhoff,4
50715,Tweet,thestephmerritt,petleepeter,111
51005,Tweet,thestephmerritt,laurenlaverne,16
50706,Tweet,thestephmerritt,ArthurNeslen,128
51018,Tweet,thestephmerritt,desaisantosh,404
50952,Tweet,thestephmerritt,williamkeegan,41
50701,Tweet,thestephmerritt,alanconnor,4
112400,Article,RowennaDavis,dansabbagh,27
112390,Article,RowennaDavis,CarolineLucas,36
112475,Article,RowennaDavis,MonaChalabi,158
112392,Article,RowennaDavis,sandhyanairTOI,178
112380,Article,RowennaDavis,martcrossy,100
112463,Article,RowennaDavis,NilsPratley,8
112466,Article,RowennaDavis,mtomasky,33
112425,Article,RowennaDavis,StacyCowley,201
112414,Article,RowennaDavis,joshwiddicombe,132
112372,Article,RowennaDavis,emilybell,10
112440,Article,RowennaDavis,lucywardsings,10
112420,Article,RowennaDavis,KateEMcCann,32
112437,Article,RowennaDavis,dubeyavishek,91
112381,Article,RowennaDavis,davidhepworth,42
112458,Article,RowennaDavis,polblonde,74
112966,Tweet,RowennaDavis,RaphaelMinder,252
112565,Tweet,RowennaDavis,mariellaf1,3
112967,Tweet,RowennaDavis,RowennaDavis,1
112970,Tweet,RowennaDavis,winematcher,125
112896,Tweet,RowennaDavis,RowennaDavis,1
112948,Tweet,RowennaDavis,DekaJayanta,193
112841,Tweet,RowennaDavis,RowennaDavis,1
112518,Tweet,RowennaDavis,alanconnor,27
112730,Tweet,RowennaDavis,lyngardner,67
112561,Tweet,RowennaDavis,RowennaDavis,1
112685,Tweet,RowennaDavis,NilsPratley,39
112957,Tweet,RowennaDavis,vishwamTOI,58
112999,Tweet,RowennaDavis,desaisantosh,84
112699,Tweet,RowennaDavis,sudeshnagTOI,13
112760,Tweet,RowennaDavis,peterbradshaw1,44
94320,Article,philipoltermann,FrankBruni,11
94468,Article,philipoltermann,VivianHo,185
94386,Article,philipoltermann,gilestremlett,2
94260,Article,philipoltermann,PippaCrerar,2
94353,Article,philipoltermann,ameliagentleman,83
94443,Article,philipoltermann,nicholaswatt,6
94383,Article,philipoltermann,ArthurNeslen,3
94273,Article,philipoltermann,mtomasky,19
94357,Article,philipoltermann,NYTBen,6
94434,Article,philipoltermann,jonathanwatts,159
94437,Article,philipoltermann,philipoltermann,1
94432,Article,philipoltermann,ArthurNeslen,110
94463,Article,philipoltermann,PippaCrerar,19
94375,Article,philipoltermann,ameliagentleman,121
94459,Article,philipoltermann,VivianHo,68
95079,Tweet,philipoltermann,williamnhutton,73
94962,Tweet,philipoltermann,rachshabi,219
94670,Tweet,philipoltermann,SiwachSukhbir,329
94881,Tweet,philipoltermann,stevenpoole,16
94901,Tweet,philipoltermann,kbennhold,223
94950,Tweet,philipoltermann,paulkrugman,74
94826,Tweet,philipoltermann,jonronson,73
94529,Tweet,philipoltermann,mikeives,7
94873,Tweet,philipoltermann,RosySequeiraTOI,56
94533,Tweet,philipoltermann,kbennhold,15
95049,Tweet,philipoltermann,murarishetyeTOI,192
94548,Tweet,philipoltermann,hadleyfreeman,263
94585,Tweet,philipoltermann,tripgabriel,102
95005,Tweet,philipoltermann,damiencave,336
94811,Tweet,philipoltermann,alexanderburns,16
71109,Article,HackneyAbbott,rebeccaSTOI,13
71093,Article,HackneyAbbott,TristramHuntVA,2
71085,Article,HackneyAbbott,NilsPratley,2
71141,Article,HackneyAbbott,kenanmalik,3
71033,Article,HackneyAbbott,AndrewSparrow,165
71153,Article,HackneyAbbott,williamkeegan,7
71147,Article,HackneyAbbott,HackneyAbbott,1
71041,Article,HackneyAbbott,HackneyAbbott,1
71044,Article,HackneyAbbott,archiebland,127
71069,Article,HackneyAbbott,DanielKingChess,24
71053,Article,HackneyAbbott,tomdyckhoff,2
71050,Article,HackneyAbbott,HackneyAbbott,1
71142,Article,HackneyAbbott,davidhepworth,8
71121,Article,HackneyAbbott,NilsPratley,4
71077,Article,HackneyAbbott,NilsPratley,3
71549,Tweet,HackneyAbbott,CarolineLucas,10
71588,Tweet,HackneyAbbott,AndrewSparrow,7
71332,Tweet,HackneyAbbott,AlokKNMishra,212
71710,Tweet,HackneyAbbott,billicritic,10
71238,Tweet,HackneyAbbott,gabyhinsliff,13
71392,Tweet,HackneyAbbott,leninology,21
71738,Tweet,HackneyAbbott,HackneyAbbott,1
71510,Tweet,HackneyAbbott,NilsPratley,4
71308,Tweet,HackneyAbbott,RebeccaSeal,7
71557,Tweet,HackneyAbbott,charltonbrooker,9
71186,Tweet,HackneyAbbott,AndrewSparrow,3
71719,Tweet,HackneyAbbott,DanielKingChess,244
71195,Tweet,HackneyAbbott,RBReich,145
71311,Tweet,HackneyAbbott,RaphaelMinder,15
71432,Tweet,HackneyAbbott,paulmasonnews,10
165912,Article,bglendenning,bglendenning,1
165770,Article,bglendenning,AniltheMatrix,50
165717,Article,bglendenning,joecoscarelli,177
165771,Article,bglendenning,bglendenning,1
165778,Article,bglendenning,bglendenning,1
165834,Article,bglendenning,andybrassell,27
165868,Article,bglendenning,sendvictorious,65
165915,Article,bglendenning,joncaramanica,441
165809,Article,bglendenning,ShaneGoldmacher,305
165874,Article,bglendenning,bglendenning,1
165709,Article,bglendenning,andybrassell,6
165798,Article,bglendenning,jennydeluxe,66
165731,Article,bglendenning,bglendenning,1
165721,Article,bglendenning,marthakelner,58
165855,Article,bglendenning,andybrassell,124
166228,Tweet,bglendenning,FrankBruni,74
166223,Tweet,bglendenning,sudeshnagTOI,5
166364,Tweet,bglendenning,EricaLG,53
166536,Tweet,bglendenning,JoshuaRozenberg,12
166326,Tweet,bglendenning,andrewrawnsley,3
166409,Tweet,bglendenning,jonronson,14
166363,Tweet,bglendenning,nmcintosh,4
166117,Tweet,bglendenning,andrewrawnsley,28
166095,Tweet,bglendenning,NilsPratley,2
166290,Tweet,bglendenning,RorySmith,3
166421,Tweet,bglendenning,bglendenning,1
166093,Tweet,bglendenning,NilsPratley,20
166003,Tweet,bglendenning,FabrizioRomano,13
166192,Tweet,bglendenning,saumyajitbTOI,8
166279,Tweet,bglendenning,NilsPratley,16
68567,Article,MonaChalabi,kenanmalik,142
68561,Article,MonaChalabi,kenanmalik,4
68728,Article,MonaChalabi,jbouie,119
68743,Article,MonaChalabi,greenslader,45
68559,Article,MonaChalabi,GioRussonello,203
68573,Article,MonaChalabi,RBReich,85
68696,Article,MonaChalabi,DouthatNYT,176
68683,Article,MonaChalabi,LauraCummingArt,151
68618,Article,MonaChalabi,jackschofield,2
68719,Article,MonaChalabi,sangerkatz,241
68603,Article,MonaChalabi,oliverburkeman,3
68582,Article,MonaChalabi,kenanmalik,3
68591,Article,MonaChalabi,kenanmalik,81
68763,Article,MonaChalabi,mtomasky,133
68741,Article,MonaChalabi,ajaysuraTOI,35
68923,Tweet,MonaChalabi,yeshikabudhwar,13
69326,Tweet,MonaChalabi,jonronson,17
68943,Tweet,MonaChalabi,bindelj,126
69107,Tweet,MonaChalabi,DawnHFoster,133
69201,Tweet,MonaChalabi,RosySequeiraTOI,140
69170,Tweet,MonaChalabi,alexbellos,110
69054,Tweet,MonaChalabi,elizabday,69
69011,Tweet,MonaChalabi,ditzkoff,88
69360,Tweet,MonaChalabi,jennydeluxe,110
69167,Tweet,MonaChalabi,mtomasky,10
68834,Tweet,MonaChalabi,lucywardsings,135
69290,Tweet,MonaChalabi,CeylanWrites,238
68806,Tweet,MonaChalabi,binays1960,25
68967,Tweet,MonaChalabi,oliverburkeman,4
68897,Tweet,MonaChalabi,RBReich,15
70372,Article,sunny_hundal,nicklezard,8
70266,Article,sunny_hundal,sunny_hundal,1
70410,Article,sunny_hundal,sunny_hundal,1
70285,Article,sunny_hundal,sunny_hundal,1
70334,Article,sunny_hundal,ggreenwald,11
70294,Article,sunny_hundal,williamnhutton,40
70382,Article,sunny_hundal,sunny_hundal,1
70312,Article,sunny_hundal,msmirandasawyer,41
70385,Article,sunny_hundal,sunny_hundal,1
70240,Article,sunny_hundal,alanconnor,3
70346,Article,sunny_hundal,davidhepworth,11
70298,Article,sunny_hundal,sunny_hundal,1
70366,Article,sunny_hundal,chiggi,14
70275,Article,sunny_hundal,alanconnor,228
70289,Article,sunny_hundal,sunny_hundal,1
70618,Tweet,sunny_hundal,NYTimesCohen,227
70461,Tweet,sunny_hundal,jfordham_jazz,109
70682,Tweet,sunny_hundal,jackschofield,278
70642,Tweet,sunny_hundal,HackneyAbbott,3
70582,Tweet,sunny_hundal,ggreenwald,226
70525,Tweet,sunny_hundal,afuahirsch,200
70824,Tweet,sunny_hundal,NYTimesCohen,354
70748,Tweet,sunny_hundal,jeannasmialek,79
70497,Tweet,sunny_hundal,kenanmalik,96
70951,Tweet,sunny_hundal,ArunDev1,83
70782,Tweet,sunny_hundal,RosySequeiraTOI,211
71004,Tweet,sunny_hundal,andybrassell,149
70874,Tweet,sunny_hundal,KTVinobhaTOI,229
71027,Tweet,sunny_hundal,CarolineLucas,29
70495,Tweet,sunny_hundal,williamnhutton,9
220434,Article,vijaysinghTOI,toi_dhananjayM,29
220583,Article,vijaysinghTOI,vijaysinghTOI,1
220447,Article,vijaysinghTOI,vijaysinghTOI,1
220419,Article,vijaysinghTOI,PNaveenTOI,2
220560,Article,vijaysinghTOI,sandhyanairTOI,5
220654,Article,vijaysinghTOI,vijaysinghTOI,1
220466,Article,vijaysinghTOI,vijaysinghTOI,1
220411,Article,vijaysinghTOI,vijaysinghTOI,1
220455,Article,vijaysinghTOI,MohitaTOI,61
220626,Article,vijaysinghTOI,MohitaTOI,5
220479,Article,vijaysinghTOI,PhanindraP_TNIE,61
220649,Article,vijaysinghTOI,MohitaTOI,17
220619,Article,vijaysinghTOI,RosySequeiraTOI,28
220554,Article,vijaysinghTOI,richapintoi,12
220636,Article,vijaysinghTOI,DekaJayanta,66
220671,Tweet,vijaysinghTOI,pradeeptTOI,71
220734,Tweet,vijaysinghTOI,PNaveenTOI,3
220719,Tweet,vijaysinghTOI,ArthurNeslen,9
220749,Tweet,vijaysinghTOI,lucysiegle,10
220746,Tweet,vijaysinghTOI,vishwamTOI,80
220740,Tweet,vijaysinghTOI,michaelcrowley,46
220707,Tweet,vijaysinghTOI,NickAtNews,296
220682,Tweet,vijaysinghTOI,kylebuchanan,149
220726,Tweet,vijaysinghTOI,SindhukTOI,3
220710,Tweet,vijaysinghTOI,RosySequeiraTOI,230
220708,Tweet,vijaysinghTOI,sandhyanairTOI,4
220676,Tweet,vijaysinghTOI,vijaysinghTOI,1
220686,Tweet,vijaysinghTOI,peterbradshaw1,220
220696,Tweet,vijaysinghTOI,BawaNaaved,2
220705,Tweet,vijaysinghTOI,SindhukTOI,62
183720,Article,Gauraw2297,HemantaTOI,13
183823,Article,Gauraw2297,UttaraVarmaTOI,13
183819,Article,Gauraw2297,AmritadTOI,181
183739,Article,Gauraw2297,Banjotkaur,131
183780,Article,Gauraw2297,gettleman,130
183813,Article,Gauraw2297,parthasinha,221
183684,Article,Gauraw2297,mateenHTOI,74
183880,Article,Gauraw2297,richapintoi,52
183808,Article,Gauraw2297,advityabahlTOI,9
183732,Article,Gauraw2297,mateenHTOI,33
183916,Article,Gauraw2297,vijayVsinghTOI,55
183862,Article,Gauraw2297,richapintoi,26
183898,Article,Gauraw2297,SribaalaVTOI,9
183693,Article,Gauraw2297,durgeshjhaTOI,416
183899,Article,Gauraw2297,SyedAkbarTOI,193
183993,Tweet,Gauraw2297,MKSinghGkp,2
183994,Tweet,Gauraw2297,ChaitanyadTOI,53
183940,Tweet,Gauraw2297,Gauraw2297,1
183973,Tweet,Gauraw2297,Gauraw2297,1
183983,Tweet,Gauraw2297,Gauraw2297,1
183948,Tweet,Gauraw2297,KanwardeepsTOI,3
183978,Tweet,Gauraw2297,hugolowell,10
183981,Tweet,Gauraw2297,vaibhavgTOI,12
183927,Tweet,Gauraw2297,MKSinghGkp,2
183933,Tweet,Gauraw2297,Gauraw2297,1
184010,Tweet,Gauraw2297,Gauraw2297,1
183941,Tweet,Gauraw2297,Gauraw2297,1
183945,Tweet,Gauraw2297,Gauraw2297,1
183925,Tweet,Gauraw2297,Gauraw2297,1
184002,Tweet,Gauraw2297,Gauraw2297,1
99569,Article,vanbadham,JessicaValenti,27
99524,Article,vanbadham,msmirandasawyer,53
99526,Article,vanbadham,AndrewSparrow,332
99390,Article,vanbadham,winematcher,10
99555,Article,vanbadham,dwightgarner,36
99413,Article,vanbadham,lenoretaylor,89
99386,Article,vanbadham,polblonde,150
99483,Article,vanbadham,greenslader,24
99517,Article,vanbadham,RowanMoore,2
99377,Article,vanbadham,joncaramanica,19
99585,Article,vanbadham,jennydeluxe,31
99544,Article,vanbadham,brooksbarnesNYT,37
99363,Article,vanbadham,winematcher,13
99468,Article,vanbadham,timjonze,125
99580,Article,vanbadham,laurenlaverne,36
99882,Tweet,vanbadham,EricaLG,57
99808,Tweet,vanbadham,wesley_morris,9
99757,Tweet,vanbadham,sendvictorious,327
99672,Tweet,vanbadham,NYTimesCohen,13
99788,Tweet,vanbadham,ajaysuraTOI,50
100035,Tweet,vanbadham,joncaramanica,5
100141,Tweet,vanbadham,salihughes,376
100178,Tweet,vanbadham,joncaramanica,9
99698,Tweet,vanbadham,DerekMalcolm123,172
99879,Tweet,vanbadham,yeshikabudhwar,3
99784,Tweet,vanbadham,SearleAdrian,28
99642,Tweet,vanbadham,joncaramanica,17
100075,Tweet,vanbadham,HackneyAbbott,196
100172,Tweet,vanbadham,KTVinobhaTOI,335
100040,Tweet,vanbadham,FrankBruni,325
181216,Article,dipakdashTOI,vaibhavgTOI,10
181068,Article,dipakdashTOI,KapildaveTOI,16
181273,Article,dipakdashTOI,vaibhavgTOI,30
181145,Article,dipakdashTOI,rajendrasTOI,39
181105,Article,dipakdashTOI,UttaraVarmaTOI,77
181239,Article,dipakdashTOI,rishachitlangia,11
181271,Article,dipakdashTOI,pankajdoval,2
181116,Article,dipakdashTOI,KapildaveTOI,21
181291,Article,dipakdashTOI,jatinder_tur,74
181299,Article,dipakdashTOI,shafaquealamTOI,83
181080,Article,dipakdashTOI,KapildaveTOI,11
181209,Article,dipakdashTOI,shafaquealamTOI,72
181107,Article,dipakdashTOI,KapildaveTOI,14
181253,Article,dipakdashTOI,dipakdashTOI,1
181069,Article,dipakdashTOI,AshokPradhanTOI,13
181350,Tweet,dipakdashTOI,PrashantrTOI,6
181411,Tweet,dipakdashTOI,niyatiparikhTOI,10
181346,Tweet,dipakdashTOI,AlokKNMishra,5
181371,Tweet,dipakdashTOI,GRajivTOI,16
181355,Tweet,dipakdashTOI,DerekMalcolm123,117
181386,Tweet,dipakdashTOI,niyatiparikhTOI,5
181405,Tweet,dipakdashTOI,murarishetye,10
181328,Tweet,dipakdashTOI,dipakdashTOI,1
181341,Tweet,dipakdashTOI,dipakdashTOI,1
181396,Tweet,dipakdashTOI,zwoolfe,300
181324,Tweet,dipakdashTOI,dipakdashTOI,1
181394,Tweet,dipakdashTOI,PjJoychen,6
181340,Tweet,dipakdashTOI,RosySequeiraTOI,418
181315,Tweet,dipakdashTOI,GRajivTOI,11
181399,Tweet,dipakdashTOI,GRajivTOI,3
186517,Article,IpsitaTOI,priyangiTOI,12
186366,Article,IpsitaTOI,priyangiTOI,3
186435,Article,IpsitaTOI,IpsitaTOI,1
186498,Article,IpsitaTOI,ramarkosg,14
186355,Article,IpsitaTOI,AnujaJaiswalTOI,5
186356,Article,IpsitaTOI,IpsitaTOI,1
186568,Article,IpsitaTOI,rishachitlangia,4
186425,Article,IpsitaTOI,AditiZero,26
186504,Article,IpsitaTOI,IpsitaTOI,1
186555,Article,IpsitaTOI,IpsitaTOI,1
186554,Article,IpsitaTOI,apoorva_nyc,282
186402,Article,IpsitaTOI,journo_vibha,10
186579,Article,IpsitaTOI,priyangiTOI,4
186379,Article,IpsitaTOI,AtulMathur_,4
186587,Article,IpsitaTOI,ThevarSteffy,18
186639,Tweet,IpsitaTOI,ramendrasTOI,71
186622,Tweet,IpsitaTOI,DouthatNYT,383
186642,Tweet,IpsitaTOI,AlokKNMishra,32
186597,Tweet,IpsitaTOI,rjadHinduBL,197
186696,Tweet,IpsitaTOI,HinaRohtaki,7
186661,Tweet,IpsitaTOI,SangerNYT,58
186678,Tweet,IpsitaTOI,AlokKNMishra,30
186663,Tweet,IpsitaTOI,SiwachSukhbir,7
186612,Tweet,IpsitaTOI,IpsitaTOI,1
186621,Tweet,IpsitaTOI,IpsitaTOI,1
186656,Tweet,IpsitaTOI,ThevarSteffy,23
186606,Tweet,IpsitaTOI,AlokKNMishra,30
186692,Tweet,IpsitaTOI,ArthurNeslen,3
186672,Tweet,IpsitaTOI,MohitaTOI,61
186623,Tweet,IpsitaTOI,AlokKNMishra,4
4206,Article,ByJamesWagner,PerriKlass,11
4266,Article,ByJamesWagner,RorySmith,156
4283,Article,ByJamesWagner,DavidWaldstein,2
4296,Article,ByJamesWagner,ByJamesWagner,1
4211,Article,ByJamesWagner,ByJamesWagner,1
4233,Article,ByJamesWagner,ByJamesWagner,1
4273,Article,ByJamesWagner,divyapal2013,3
4270,Article,ByJamesWagner,billywitz,2
4212,Article,ByJamesWagner,ByJamesWagner,1
4248,Article,ByJamesWagner,ByJamesWagner,1
4210,Article,ByJamesWagner,ByJamesWagner,1
4254,Article,ByJamesWagner,ByJamesWagner,1
4298,Article,ByJamesWagner,ByJamesWagner,1
4277,Article,ByJamesWagner,ByJamesWagner,1
4289,Article,ByJamesWagner,ByJamesWagner,1
4313,Tweet,ByJamesWagner,DavidWaldstein,2
4307,Tweet,ByJamesWagner,ByJamesWagner,1
4303,Tweet,ByJamesWagner,ByJamesWagner,1
4337,Tweet,ByJamesWagner,MarinaOLoughlin,10
4366,Tweet,ByJamesWagner,ByJamesWagner,1
4342,Tweet,ByJamesWagner,el_belson,3
4347,Tweet,ByJamesWagner,ByJamesWagner,1
4353,Tweet,ByJamesWagner,nicholaswatt,47
4311,Tweet,ByJamesWagner,ByJamesWagner,1
4394,Tweet,ByJamesWagner,ByJamesWagner,1
4382,Tweet,ByJamesWagner,ByJamesWagner,1
4383,Tweet,ByJamesWagner,ByJamesWagner,1
4365,Tweet,ByJamesWagner,dwightgarner,6
4371,Tweet,ByJamesWagner,ByJamesWagner,1
4302,Tweet,ByJamesWagner,ByJamesWagner,1
193849,Article,minatisinghaTOI,rhymetraveller,68
193686,Article,minatisinghaTOI,nandinisgTOI,82
193727,Article,minatisinghaTOI,omjasvinTOI,9
193762,Article,minatisinghaTOI,patrickwintour,22
193841,Article,minatisinghaTOI,vijaypTOI,53
193697,Article,minatisinghaTOI,john_hooper,6
193714,Article,minatisinghaTOI,niyatiparikhTOI,8
193653,Article,minatisinghaTOI,yeshikabudhwar,20
193858,Article,minatisinghaTOI,Crime_Selvaraj,127
193884,Article,minatisinghaTOI,mateenHTOI,41
193754,Article,minatisinghaTOI,PjJoychen,139
193898,Article,minatisinghaTOI,ThevarSteffy,291
193820,Article,minatisinghaTOI,abhishekTWEETS7,5
193830,Article,minatisinghaTOI,vijayVsinghTOI,34
193863,Article,minatisinghaTOI,mateenHTOI,233
193979,Tweet,minatisinghaTOI,Gauraw2297,79
193991,Tweet,minatisinghaTOI,SumitraDebRoy,189
193961,Tweet,minatisinghaTOI,davidleighx,145
193928,Tweet,minatisinghaTOI,BawaNaaved,10
193962,Tweet,minatisinghaTOI,ramendrasTOI,113
193917,Tweet,minatisinghaTOI,IKershner,19
193937,Tweet,minatisinghaTOI,SindhukTOI,4
193943,Tweet,minatisinghaTOI,ChaitanyadTOI,52
193967,Tweet,minatisinghaTOI,KapildaveTOI,33
193908,Tweet,minatisinghaTOI,DerekMalcolm123,142
193910,Tweet,minatisinghaTOI,AndrewSparrow,128
193906,Tweet,minatisinghaTOI,brooksbarnesNYT,10
193985,Tweet,minatisinghaTOI,smita_mishra,33
193983,Tweet,minatisinghaTOI,anandbodhTOI,13
193907,Tweet,minatisinghaTOI,DerekMalcolm123,73
144780,Article,MichaelWhite,greenslader,58
144842,Article,MichaelWhite,IanCobain,50
144701,Article,MichaelWhite,williamkeegan,65
144941,Article,MichaelWhite,sunny_hundal,79
144781,Article,MichaelWhite,RowanMoore,16
144823,Article,MichaelWhite,williamnhutton,11
144711,Article,MichaelWhite,ericschmittnyt,464
144918,Article,MichaelWhite,hugolowell,169
144712,Article,MichaelWhite,sarahditum,34
144933,Article,MichaelWhite,ameliagentleman,122
144740,Article,MichaelWhite,rajatpTOI,84
144828,Article,MichaelWhite,sunny_hundal,158
144903,Article,MichaelWhite,aleksk,2
144822,Article,MichaelWhite,IAmTimDowling,20
144855,Article,MichaelWhite,PippaCrerar,127
145037,Tweet,MichaelWhite,MichaelWhite,1
145440,Tweet,MichaelWhite,BenRothenberg,277
144976,Tweet,MichaelWhite,paulkrugman,167
145247,Tweet,MichaelWhite,stevenerlanger,14
145166,Tweet,MichaelWhite,AndrewSparrow,18
145031,Tweet,MichaelWhite,kenanmalik,2
145281,Tweet,MichaelWhite,RosySequeiraTOI,14
145138,Tweet,MichaelWhite,williamkeegan,3
145041,Tweet,MichaelWhite,DerekMalcolm123,27
145011,Tweet,MichaelWhite,williamkeegan,144
144952,Tweet,MichaelWhite,jonronson,55
145414,Tweet,MichaelWhite,juliarebeccaj,61
145377,Tweet,MichaelWhite,emilybell,70
144979,Tweet,MichaelWhite,MarinaHyde,6
145025,Tweet,MichaelWhite,pradeeptTOI,9
186035,Article,ipsinghTOI,durgeshjhaTOI,93
186215,Article,ipsinghTOI,vanbadham,459
186032,Article,ipsinghTOI,richapintoi,93
186038,Article,ipsinghTOI,KapildaveTOI,48
186048,Article,ipsinghTOI,KapildaveTOI,29
186165,Article,ipsinghTOI,ipsinghTOI,1
186130,Article,ipsinghTOI,AraniBasuTOI,45
186145,Article,ipsinghTOI,AshokPradhanTOI,9
186104,Article,ipsinghTOI,AtulMathur_,31
186090,Article,ipsinghTOI,vijayVsinghTOI,50
186105,Article,ipsinghTOI,ipsinghTOI,1
186182,Article,ipsinghTOI,akhileshsTOI,72
186166,Article,ipsinghTOI,har_mandeep,5
186216,Article,ipsinghTOI,HinaRohtaki,12
186043,Article,ipsinghTOI,Crime_Selvaraj,40
186279,Tweet,ipsinghTOI,ShoebKhanTOI,3
186284,Tweet,ipsinghTOI,naomi2009,78
186272,Tweet,ipsinghTOI,manvirsainiTOI,67
186297,Tweet,ipsinghTOI,Bencjacobs,68
186334,Tweet,ipsinghTOI,michelleinbklyn,138
186257,Tweet,ipsinghTOI,advityabahlTOI,5
186263,Tweet,ipsinghTOI,toi_dhananjayM,27
186332,Tweet,ipsinghTOI,007pandey,19
186299,Tweet,ipsinghTOI,paulkrugman,163
186270,Tweet,ipsinghTOI,pradeeptTOI,40
186322,Tweet,ipsinghTOI,pradeeptTOI,4
186296,Tweet,ipsinghTOI,damiencave,25
186319,Tweet,ipsinghTOI,pradeeptTOI,46
186301,Tweet,ipsinghTOI,DouthatNYT,23
186339,Tweet,ipsinghTOI,SumitraDebRoy,62
143916,Article,lenoretaylor,vijaypTOI,408
144081,Article,lenoretaylor,LauraCummingArt,102
143873,Article,lenoretaylor,damiencave,5
143950,Article,lenoretaylor,lenoretaylor,1
143995,Article,lenoretaylor,lenoretaylor,1
143977,Article,lenoretaylor,NilsPratley,4
144043,Article,lenoretaylor,lenoretaylor,1
144034,Article,lenoretaylor,andrewrsorkin,4
143870,Article,lenoretaylor,mtomasky,30
144038,Article,lenoretaylor,lenoretaylor,1
144067,Article,lenoretaylor,lenoretaylor,1
143894,Article,lenoretaylor,laurenlaverne,83
143901,Article,lenoretaylor,lenoretaylor,1
144093,Article,lenoretaylor,CarolineLucas,231
143891,Article,lenoretaylor,ElisabethMalkin,488
144470,Tweet,lenoretaylor,PNaveenTOI,102
144280,Tweet,lenoretaylor,damiencave,2
144120,Tweet,lenoretaylor,RosySequeiraTOI,40
144535,Tweet,lenoretaylor,vwang3,85
144231,Tweet,lenoretaylor,lenoretaylor,1
144657,Tweet,lenoretaylor,RoniNYTimes,16
144362,Tweet,lenoretaylor,martcrossy,2
144587,Tweet,lenoretaylor,kush_junglee,131
144604,Tweet,lenoretaylor,lenoretaylor,1
144333,Tweet,lenoretaylor,michaelcrowley,132
144667,Tweet,lenoretaylor,lenoretaylor,1
144423,Tweet,lenoretaylor,rajatpTOI,422
144254,Tweet,lenoretaylor,marywalshjourno,105
144102,Tweet,lenoretaylor,farnazfassihi,179
144518,Tweet,lenoretaylor,john_hooper,49
213324,Article,SribaalaVTOI,bindiyachariTOI,13
213295,Article,SribaalaVTOI,PjJoychen,35
213330,Article,SribaalaVTOI,AniltheMatrix,3
213282,Article,SribaalaVTOI,SribaalaVTOI,1
213308,Article,SribaalaVTOI,SribaalaVTOI,1
213294,Article,SribaalaVTOI,SribaalaVTOI,1
213276,Article,SribaalaVTOI,vaibhavgTOI,5
213349,Article,SribaalaVTOI,akhileshsTOI,49
213347,Article,SribaalaVTOI,SribaalaVTOI,1
213423,Article,SribaalaVTOI,AshokPradhanTOI,2
213229,Article,SribaalaVTOI,KapildaveTOI,2
213421,Article,SribaalaVTOI,asrpmukeshTOI,3
213243,Article,SribaalaVTOI,rajendrasTOI,3
213270,Article,SribaalaVTOI,palaknandiTOI,8
213222,Article,SribaalaVTOI,asrpmukeshTOI,2
213560,Tweet,SribaalaVTOI,SindhukTOI,2
213504,Tweet,SribaalaVTOI,NilsPratley,48
213493,Tweet,SribaalaVTOI,AndrewSparrow,94
213542,Tweet,SribaalaVTOI,TOISH31,12
213521,Tweet,SribaalaVTOI,SindhukTOI,12
213468,Tweet,SribaalaVTOI,nicholaswatt,149
213507,Tweet,SribaalaVTOI,SindhukTOI,15
213553,Tweet,SribaalaVTOI,BawaNaaved,22
213532,Tweet,SribaalaVTOI,toi_dhananjayM,2
213557,Tweet,SribaalaVTOI,JoshuaRozenberg,11
213501,Tweet,SribaalaVTOI,Banjotkaur,4
213483,Tweet,SribaalaVTOI,Crime_Selvaraj,26
213513,Tweet,SribaalaVTOI,KTVinobhaTOI,489
213563,Tweet,SribaalaVTOI,SyedAkbarTOI,84
213509,Tweet,SribaalaVTOI,SindhukTOI,14
44087,Article,afuahirsch,MiriamElder,14
44073,Article,afuahirsch,bglendenning,6
43916,Article,afuahirsch,gabyhinsliff,32
43878,Article,afuahirsch,andybrassell,16
43881,Article,afuahirsch,bglendenning,2
43877,Article,afuahirsch,Freedland,12
44109,Article,afuahirsch,HackneyAbbott,58
44039,Article,afuahirsch,ericschmittnyt,395
44091,Article,afuahirsch,ewenmacaskill,231
44031,Article,afuahirsch,sunny_hundal,65
44011,Article,afuahirsch,sendvictorious,262
44045,Article,afuahirsch,Lattif,354
44053,Article,afuahirsch,RosySequeiraTOI,143
43947,Article,afuahirsch,aleksk,36
44075,Article,afuahirsch,declanwalsh,10
44363,Tweet,afuahirsch,juliarebeccaj,227
44176,Tweet,afuahirsch,divyapal2013,279
44518,Tweet,afuahirsch,elizabday,47
44695,Tweet,afuahirsch,tushhaikhush,3
44582,Tweet,afuahirsch,williamnhutton,54
44660,Tweet,afuahirsch,allegramcevedy,22
44621,Tweet,afuahirsch,HackneyAbbott,102
44528,Tweet,afuahirsch,EricaLG,2
44515,Tweet,afuahirsch,greenslader,78
44446,Tweet,afuahirsch,RaphaelMinder,6
44607,Tweet,afuahirsch,seaningle,84
44487,Tweet,afuahirsch,divyapal2013,7
44376,Tweet,afuahirsch,yeshikabudhwar,135
44126,Tweet,afuahirsch,tomdyckhoff,127
44206,Tweet,afuahirsch,EricaLG,7
98713,Article,williamnhutton,ameliagentleman,11
98716,Article,williamnhutton,RBReich,23
98673,Article,williamnhutton,ShaneGoldmacher,173
98548,Article,williamnhutton,AndrewSparrow,59
98687,Article,williamnhutton,williamnhutton,1
98701,Article,williamnhutton,jackschofield,57
98582,Article,williamnhutton,leninology,11
98499,Article,williamnhutton,ShaneGoldmacher,89
98585,Article,williamnhutton,leninology,2
98490,Article,williamnhutton,ggreenwald,139
98730,Article,williamnhutton,mtomasky,181
98718,Article,williamnhutton,markriceoxley69,113
98735,Article,williamnhutton,DeccaJourno,200
98517,Article,williamnhutton,leninology,8
98559,Article,williamnhutton,Freedland,53
98761,Tweet,williamnhutton,GeorgeMonbiot,3
99208,Tweet,williamnhutton,alanconnor,27
98984,Tweet,williamnhutton,lucywardsings,89
99306,Tweet,williamnhutton,mtomasky,315
98773,Tweet,williamnhutton,kbennhold,31
98765,Tweet,williamnhutton,williamkeegan,5
99193,Tweet,williamnhutton,antontroian,23
98815,Tweet,williamnhutton,steve_hewlett,2
99261,Tweet,williamnhutton,DouthatNYT,14
99194,Tweet,williamnhutton,parul_sehgal,110
98772,Tweet,williamnhutton,AndrewSparrow,2
99215,Tweet,williamnhutton,stevenpoole,2
99334,Tweet,williamnhutton,KTVinobhaTOI,11
99337,Tweet,williamnhutton,leninology,2
99021,Tweet,williamnhutton,wesley_morris,11
28455,Article,sio_burke,samsifton,55
28424,Article,sio_burke,ASoloski,53
28476,Article,sio_burke,pete_wells,58
28435,Article,sio_burke,billmpennington,7
28413,Article,sio_burke,sio_burke,1
28407,Article,sio_burke,vvfriedman,45
28452,Article,sio_burke,MoharBasu,393
28453,Article,sio_burke,zwoolfe,2
28482,Article,sio_burke,ggreenwald,10
28492,Article,sio_burke,RachelDonadio,5
28419,Article,sio_burke,chrishughes,56
28464,Article,sio_burke,sio_burke,1
28497,Article,sio_burke,pete_wells,67
28494,Article,sio_burke,fmanjoo,22
28422,Article,sio_burke,RorySmith,28
28523,Tweet,sio_burke,williamkeegan,398
28533,Tweet,sio_burke,joshwiddicombe,81
28554,Tweet,sio_burke,GiniaNYT,83
28529,Tweet,sio_burke,margaretrenkl,9
28504,Tweet,sio_burke,aleksk,186
28577,Tweet,sio_burke,nytDeniseGrady,128
28546,Tweet,sio_burke,vivek9301,51
28555,Tweet,sio_burke,EricaLG,5
28550,Tweet,sio_burke,jennydeluxe,27
28595,Tweet,sio_burke,SocialQPhilip,14
28576,Tweet,sio_burke,kylebuchanan,21
28524,Tweet,sio_burke,laurenlaverne,16
28593,Tweet,sio_burke,NesrineMalik,88
28508,Tweet,sio_burke,charltonbrooker,52
28525,Tweet,sio_burke,EricaLG,7
167497,Article,007pandey,007pandey,1
167611,Article,007pandey,parthasinha,2
167458,Article,007pandey,007pandey,1
167434,Article,007pandey,ManjuVTOI,5
167422,Article,007pandey,aseemsgujar,2
167511,Article,007pandey,007pandey,1
167622,Article,007pandey,BhanupratapsTOI,19
167494,Article,007pandey,toi_dhananjayM,2
167455,Article,007pandey,parthasinha,3
167428,Article,007pandey,toi_dhananjayM,2
167512,Article,007pandey,KapildaveTOI,19
167619,Article,007pandey,007pandey,1
167523,Article,007pandey,007pandey,1
167495,Article,007pandey,parthasinha,2
167648,Article,007pandey,ManjuVTOI,2
167674,Tweet,007pandey,PjJoychen,11
167660,Tweet,007pandey,pradeeptTOI,12
167726,Tweet,007pandey,shafaquealamTOI,36
167688,Tweet,007pandey,niyatiparikhTOI,2
167735,Tweet,007pandey,binays1960,2
167689,Tweet,007pandey,_nicolaclark,19
167740,Tweet,007pandey,binays1960,2
167749,Tweet,007pandey,007pandey,1
167690,Tweet,007pandey,ChaitanyadTOI,262
167701,Tweet,007pandey,andrewrsorkin,80
167680,Tweet,007pandey,AlokKNMishra,4
167742,Tweet,007pandey,BawaNaaved,101
167694,Tweet,007pandey,rishachitlangia,15
167664,Tweet,007pandey,PrashantrTOI,58
167675,Tweet,007pandey,007pandey,1
197506,Article,NewtonSTOI,john_hooper,154
197396,Article,NewtonSTOI,SidharthB25,23
197548,Article,NewtonSTOI,Crime_Selvaraj,65
197440,Article,NewtonSTOI,abantika77,42
197473,Article,NewtonSTOI,KapildaveTOI,10
197476,Article,NewtonSTOI,rajatpTOI,92
197454,Article,NewtonSTOI,KapildaveTOI,38
197399,Article,NewtonSTOI,Arun_Ram,9
197550,Article,NewtonSTOI,abantika77,46
197424,Article,NewtonSTOI,jeannasmialek,108
197505,Article,NewtonSTOI,somitsenTOI,50
197453,Article,NewtonSTOI,ASoloski,270
197468,Article,NewtonSTOI,lisamonteiroTOI,9
197560,Article,NewtonSTOI,priyangiTOI,21
197541,Article,NewtonSTOI,BhanupratapsTOI,27
197645,Tweet,NewtonSTOI,GeorgeMonbiot,51
197658,Tweet,NewtonSTOI,andrewrsorkin,3
197639,Tweet,NewtonSTOI,NewtonSTOI,1
197618,Tweet,NewtonSTOI,007pandey,24
197641,Tweet,NewtonSTOI,alexvtunzelmann,97
197587,Tweet,NewtonSTOI,mateenHTOI,143
197635,Tweet,NewtonSTOI,aniljdias,20
197648,Tweet,NewtonSTOI,kumaraswamykTOI,40
197608,Tweet,NewtonSTOI,SwatiMathurTOI,112
197597,Tweet,NewtonSTOI,ShoebKhanTOI,264
197662,Tweet,NewtonSTOI,ottolenghi,125
197630,Tweet,NewtonSTOI,ASoloski,66
197590,Tweet,NewtonSTOI,mateenHTOI,62
197634,Tweet,NewtonSTOI,saumyajitbTOI,19
197661,Tweet,NewtonSTOI,KTVinobhaTOI,70
175032,Article,Arv_Ind_Chauhan,ramarkosg,4
174792,Article,Arv_Ind_Chauhan,toi_dhananjayM,97
175017,Article,Arv_Ind_Chauhan,shafaquealamTOI,38
174920,Article,Arv_Ind_Chauhan,MKSinghGkp,29
174884,Article,Arv_Ind_Chauhan,KapildaveTOI,45
174806,Article,Arv_Ind_Chauhan,SumitraDebRoy,71
174861,Article,Arv_Ind_Chauhan,advityabahlTOI,31
175000,Article,Arv_Ind_Chauhan,27saurabhsinha,35
174934,Article,Arv_Ind_Chauhan,DSandip_TOI,11
174943,Article,Arv_Ind_Chauhan,rishachitlangia,29
174901,Article,Arv_Ind_Chauhan,imabdulgani,9
174939,Article,Arv_Ind_Chauhan,SidharthB25,35
174977,Article,Arv_Ind_Chauhan,rishachitlangia,72
174833,Article,Arv_Ind_Chauhan,mateenHTOI,107
175022,Article,Arv_Ind_Chauhan,toi_rohanA,9
175133,Tweet,Arv_Ind_Chauhan,Arv_Ind_Chauhan,1
175125,Tweet,Arv_Ind_Chauhan,meeravohraTOI,14
175104,Tweet,Arv_Ind_Chauhan,npwcnn,99
175112,Tweet,Arv_Ind_Chauhan,mateenHTOI,106
175117,Tweet,Arv_Ind_Chauhan,alanconnor,189
175116,Tweet,Arv_Ind_Chauhan,rishachitlangia,23
175054,Tweet,Arv_Ind_Chauhan,mateenHTOI,96
175093,Tweet,Arv_Ind_Chauhan,brooksbarnesNYT,269
175066,Tweet,Arv_Ind_Chauhan,Crime_Selvaraj,283
175071,Tweet,Arv_Ind_Chauhan,pradeeptTOI,36
175085,Tweet,Arv_Ind_Chauhan,KanwardeepsTOI,20
175094,Tweet,Arv_Ind_Chauhan,GRajivTOI,121
175082,Tweet,Arv_Ind_Chauhan,marywalshjourno,186
175108,Tweet,Arv_Ind_Chauhan,stevenpoole,457
175073,Tweet,Arv_Ind_Chauhan,RosySequeiraTOI,220
26802,Article,vvfriedman,NYTimesCohen,2
26867,Article,vvfriedman,jimwaterson,16
26897,Article,vvfriedman,samrob12,5
26855,Article,vvfriedman,andrewrsorkin,5
26803,Article,vvfriedman,andrewrsorkin,121
26894,Article,vvfriedman,margaretrenkl,38
26873,Article,vvfriedman,gailcollins,116
26875,Article,vvfriedman,NYTimesCohen,5
26816,Article,vvfriedman,jatinder_tur,443
26887,Article,vvfriedman,HemantaTOI,101
26898,Article,vvfriedman,parthasinha,33
26859,Article,vvfriedman,samsifton,88
26813,Article,vvfriedman,KapildaveTOI,103
26896,Article,vvfriedman,PatrickKingsley,10
26812,Article,vvfriedman,DouthatNYT,5
26997,Tweet,vvfriedman,KapildaveTOI,150
26959,Tweet,vvfriedman,vvfriedman,1
26915,Tweet,vvfriedman,gailcollins,312
26945,Tweet,vvfriedman,vvfriedman,1
26939,Tweet,vvfriedman,NYTimesCohen,279
26932,Tweet,vvfriedman,jonpareles,7
26987,Tweet,vvfriedman,DanielKingChess,7
26950,Tweet,vvfriedman,llerer,13
26988,Tweet,vvfriedman,palaknandiTOI,78
26912,Tweet,vvfriedman,nytdavidbrooks,44
26970,Tweet,vvfriedman,bindiyachariTOI,95
26948,Tweet,vvfriedman,ottolenghi,2
26918,Tweet,vvfriedman,joshwiddicombe,5
26963,Tweet,vvfriedman,nytdavidbrooks,129
26991,Tweet,vvfriedman,EricaLG,2
78925,Article,jillfilipovic,JessicaValenti,2
78982,Article,jillfilipovic,jackschofield,76
79049,Article,jillfilipovic,oliverburkeman,74
78945,Article,jillfilipovic,jillfilipovic,1
78893,Article,jillfilipovic,NesrineMalik,62
78949,Article,jillfilipovic,sangerkatz,319
78935,Article,jillfilipovic,jennydeluxe,182
78962,Article,jillfilipovic,ggreenwald,56
79035,Article,jillfilipovic,ggreenwald,23
78907,Article,jillfilipovic,noamscheiber,20
79043,Article,jillfilipovic,JessicaValenti,23
78921,Article,jillfilipovic,gmorgenson,280
79036,Article,jillfilipovic,mtomasky,4
79002,Article,jillfilipovic,jillfilipovic,1
78952,Article,jillfilipovic,JessicaValenti,5
79469,Tweet,jillfilipovic,joshwiddicombe,309
79438,Tweet,jillfilipovic,oliverburkeman,40
79625,Tweet,jillfilipovic,kenvogel,8
79598,Tweet,jillfilipovic,alexanderburns,51
79579,Tweet,jillfilipovic,RBReich,11
79476,Tweet,jillfilipovic,IKershner,215
79417,Tweet,jillfilipovic,tomfriedman,250
79422,Tweet,jillfilipovic,007pandey,25
79315,Tweet,jillfilipovic,RBReich,8
79418,Tweet,jillfilipovic,mtomasky,3
79297,Tweet,jillfilipovic,jillfilipovic,1
79604,Tweet,jillfilipovic,viasimonromero,365
79228,Tweet,jillfilipovic,fmanjoo,128
79234,Tweet,jillfilipovic,andrewrsorkin,26
79268,Tweet,jillfilipovic,margaretrenkl,219
146578,Article,FabrizioRomano,FabrizioRomano,1
146579,Article,FabrizioRomano,FabrizioRomano,1
146572,Article,FabrizioRomano,FabrizioRomano,1
146551,Article,FabrizioRomano,FabrizioRomano,1
146577,Article,FabrizioRomano,Shilarze_SSR,3
146545,Article,FabrizioRomano,FabrizioRomano,1
146587,Article,FabrizioRomano,FabrizioRomano,1
146538,Article,FabrizioRomano,FabrizioRomano,1
146541,Article,FabrizioRomano,FabrizioRomano,1
146428,Article,FabrizioRomano,FabrizioRomano,1
146426,Article,FabrizioRomano,FabrizioRomano,1
146647,Article,FabrizioRomano,FabrizioRomano,1
146584,Article,FabrizioRomano,FabrizioRomano,1
146431,Article,FabrizioRomano,RorySmith,3
146534,Article,FabrizioRomano,FabrizioRomano,1
147148,Tweet,FabrizioRomano,FabrizioRomano,1
146713,Tweet,FabrizioRomano,HackneyAbbott,15
147103,Tweet,FabrizioRomano,RBReich,14
147077,Tweet,FabrizioRomano,FabrizioRomano,1
146753,Tweet,FabrizioRomano,FabrizioRomano,1
147187,Tweet,FabrizioRomano,reidepstein,3
147208,Tweet,FabrizioRomano,Lattif,78
147214,Tweet,FabrizioRomano,vvfriedman,20
146662,Tweet,FabrizioRomano,FabrizioRomano,1
147066,Tweet,FabrizioRomano,Shilarze_SSR,87
147108,Tweet,FabrizioRomano,hugolowell,2
147197,Tweet,FabrizioRomano,FabrizioRomano,1
147162,Tweet,FabrizioRomano,charltonbrooker,6
146886,Tweet,FabrizioRomano,hugolowell,2
147037,Tweet,FabrizioRomano,billywitz,4
63145,Article,jonronson,jonronson,1
63157,Article,jonronson,davidhepworth,22
63144,Article,jonronson,jonronson,1
63142,Article,jonronson,chiggi,2
63109,Article,jonronson,jonronson,1
63200,Article,jonronson,AlysFowler,13
63218,Article,jonronson,DerekMalcolm123,2
63180,Article,jonronson,bylizrobbins,336
63127,Article,jonronson,msmirandasawyer,61
63107,Article,jonronson,nicklezard,11
63044,Article,jonronson,TimdeLisle,23
63159,Article,jonronson,alexbellos,14
63152,Article,jonronson,jonronson,1
63025,Article,jonronson,questingvole,69
63176,Article,jonronson,davidhepworth,2
63509,Tweet,jonronson,laurenlaverne,98
63800,Tweet,jonronson,NYTLiz,23
63338,Tweet,jonronson,divyapal2013,358
63647,Tweet,jonronson,aleksk,68
63553,Tweet,jonronson,gettleman,219
63614,Tweet,jonronson,charltonbrooker,48
63433,Tweet,jonronson,RosySequeiraTOI,284
63830,Tweet,jonronson,jayrayner1,24
63702,Tweet,jonronson,PerriKlass,74
63598,Tweet,jonronson,elizabday,42
63628,Tweet,jonronson,KSchulten,328
63817,Tweet,jonronson,yeshikabudhwar,4
63650,Tweet,jonronson,FabrizioRomano,37
63329,Tweet,jonronson,joshwiddicombe,68
63421,Tweet,jonronson,desaisantosh,11
8243,Article,GioRussonello,alanconnor,170
8227,Article,GioRussonello,alanconnor,170
8206,Article,GioRussonello,melissaclark,239
8280,Article,GioRussonello,alanconnor,170
8229,Article,GioRussonello,alanconnor,170
8205,Article,GioRussonello,alanconnor,170
8234,Article,GioRussonello,GioRussonello,1
8200,Article,GioRussonello,alanconnor,170
8272,Article,GioRussonello,alanconnor,170
8257,Article,GioRussonello,ESCochrane,13
8259,Article,GioRussonello,smbahr14,140
8277,Article,GioRussonello,alanconnor,170
8253,Article,GioRussonello,sangerkatz,93
8268,Article,GioRussonello,alanconnor,170
8204,Article,GioRussonello,DerekMalcolm123,349
8389,Tweet,GioRussonello,steve_hewlett,221
8366,Tweet,GioRussonello,sio_burke,157
8323,Tweet,GioRussonello,ChaitanyadTOI,265
8391,Tweet,GioRussonello,GioRussonello,1
8306,Tweet,GioRussonello,desaisantosh,11
8362,Tweet,GioRussonello,SarahMaslinNir,136
8392,Tweet,GioRussonello,ShoebKhanTOI,52
8355,Tweet,GioRussonello,joecoscarelli,72
8356,Tweet,GioRussonello,peterbradshaw1,56
8328,Tweet,GioRussonello,MoharBasu,33
8399,Tweet,GioRussonello,vanbadham,53
8388,Tweet,GioRussonello,joecoscarelli,13
8322,Tweet,GioRussonello,jbouie,3
8326,Tweet,GioRussonello,DanielKingChess,246
8314,Tweet,GioRussonello,bindelj,88
175217,Article,aseemsgujar,aseemsgujar,1
175243,Article,aseemsgujar,bencasselman,6
175198,Article,aseemsgujar,aseemsgujar,1
175228,Article,aseemsgujar,aseemsgujar,1
175258,Article,aseemsgujar,aseemsgujar,1
175237,Article,aseemsgujar,parthasinha,2
175209,Article,aseemsgujar,aseemsgujar,1
175255,Article,aseemsgujar,ramarkosg,155
175172,Article,aseemsgujar,007pandey,55
175195,Article,aseemsgujar,aseemsgujar,1
175213,Article,aseemsgujar,digbijaymishra1,2
175199,Article,aseemsgujar,aseemsgujar,1
175244,Article,aseemsgujar,aseemsgujar,1
175192,Article,aseemsgujar,sandhyanairTOI,7
175211,Article,aseemsgujar,aseemsgujar,1
175334,Tweet,aseemsgujar,rondakaysen,255
175350,Tweet,aseemsgujar,sandhyanairTOI,77
175333,Tweet,aseemsgujar,saumyajitbTOI,125
175308,Tweet,aseemsgujar,lucysiegle,285
175327,Tweet,aseemsgujar,vivek9301,237
175292,Tweet,aseemsgujar,DanielKingChess,127
175356,Tweet,aseemsgujar,KTVinobhaTOI,15
175336,Tweet,aseemsgujar,ChaitanyadTOI,80
175319,Tweet,aseemsgujar,parthasinha,2
175367,Tweet,aseemsgujar,KapildaveTOI,89
175352,Tweet,aseemsgujar,MarcusMergulhao,240
175337,Tweet,aseemsgujar,parthshastriTOI,101
175322,Tweet,aseemsgujar,binays1960,51
175341,Tweet,aseemsgujar,pradeeptTOI,2
175366,Tweet,aseemsgujar,sandhyanairTOI,159
213647,Article,sudeshnagTOI,andrewrsorkin,20
213616,Article,sudeshnagTOI,timatkin,76
213608,Article,sudeshnagTOI,MarcusMergulhao,3
213650,Article,sudeshnagTOI,aniljdias,4
213587,Article,sudeshnagTOI,DerekMalcolm123,2
213599,Article,sudeshnagTOI,sudeshnagTOI,1
213656,Article,sudeshnagTOI,Shrivathsan1437,15
213635,Article,sudeshnagTOI,aniljdias,79
213570,Article,sudeshnagTOI,DerekMalcolm123,19
213567,Article,sudeshnagTOI,toi_shailendraA,2
213607,Article,sudeshnagTOI,kumaraswamykTOI,44
213623,Article,sudeshnagTOI,sudeshnagTOI,1
213634,Article,sudeshnagTOI,TridibIANS,9
213659,Article,sudeshnagTOI,TOISH31,38
213613,Article,sudeshnagTOI,sendvictorious,4
213734,Tweet,sudeshnagTOI,SocialQPhilip,205
213675,Tweet,sudeshnagTOI,saumyajitbTOI,6
213755,Tweet,sudeshnagTOI,vijaysinghTOI,183
213678,Tweet,sudeshnagTOI,jatinder_tur,9
213677,Tweet,sudeshnagTOI,tariqpanja,124
213689,Tweet,sudeshnagTOI,bindiyachariTOI,109
213742,Tweet,sudeshnagTOI,desaisantosh,118
213756,Tweet,sudeshnagTOI,jayrayner1,78
213710,Tweet,sudeshnagTOI,SagrikaKissu,326
213665,Tweet,sudeshnagTOI,smita_mishra,108
213761,Tweet,sudeshnagTOI,samrob12,419
213714,Tweet,sudeshnagTOI,EricaLG,240
213719,Tweet,sudeshnagTOI,DerekMalcolm123,16
213738,Tweet,sudeshnagTOI,meeravohraTOI,41
213754,Tweet,sudeshnagTOI,dipakdashTOI,67
28828,Article,EmmaBubola,NikiKitsantonis,20
28881,Article,EmmaBubola,ewong,10
28860,Article,EmmaBubola,paulmasonnews,206
28817,Article,EmmaBubola,CeylanWrites,18
28819,Article,EmmaBubola,NikiKitsantonis,2
28850,Article,EmmaBubola,lucysiegle,113
28889,Article,EmmaBubola,Azi,153
28884,Article,EmmaBubola,sio_burke,37
28852,Article,EmmaBubola,bindiyachariTOI,85
28825,Article,EmmaBubola,CeylanWrites,26
28876,Article,EmmaBubola,dansabbagh,12
28804,Article,EmmaBubola,NikiKitsantonis,45
28885,Article,EmmaBubola,RBReich,49
28869,Article,EmmaBubola,ajaykanth7,196
28854,Article,EmmaBubola,arusbridger,77
28991,Tweet,EmmaBubola,lenoretaylor,21
28920,Tweet,EmmaBubola,lindasgrant,14
28912,Tweet,EmmaBubola,williamkeegan,79
28965,Tweet,EmmaBubola,SocialQPhilip,35
28930,Tweet,EmmaBubola,lucysiegle,23
28917,Tweet,EmmaBubola,alexanderburns,67
28975,Tweet,EmmaBubola,tushhaikhush,49
28905,Tweet,EmmaBubola,EricaLG,94
28986,Tweet,EmmaBubola,HackneyAbbott,80
28960,Tweet,EmmaBubola,gettleman,271
28902,Tweet,EmmaBubola,smita_mishra,99
28957,Tweet,EmmaBubola,Gauraw2297,93
28909,Tweet,EmmaBubola,nauzerbTOI,67
28964,Tweet,EmmaBubola,KTVinobhaTOI,20
28901,Tweet,EmmaBubola,MujMash,27
11285,Article,KeithBradsher,KeithBradsher,1
11237,Article,KeithBradsher,antontroian,8
11279,Article,KeithBradsher,_nicolaclark,5
11239,Article,KeithBradsher,rashmidTOI,10
11246,Article,KeithBradsher,jotted,11
11293,Article,KeithBradsher,stevenerlanger,36
11260,Article,KeithBradsher,bencasselman,10
11259,Article,KeithBradsher,farnazfassihi,8
11282,Article,KeithBradsher,KeithBradsher,1
11221,Article,KeithBradsher,tripgabriel,44
11253,Article,KeithBradsher,AnaSwanson,3
11212,Article,KeithBradsher,bencasselman,14
11297,Article,KeithBradsher,jotted,2
11209,Article,KeithBradsher,ewong,25
11241,Article,KeithBradsher,LFFriedman,165
11382,Tweet,KeithBradsher,FranklinBlog,104
11371,Tweet,KeithBradsher,sangerkatz,89
11323,Tweet,KeithBradsher,LFFriedman,120
11340,Tweet,KeithBradsher,AditiZero,41
11337,Tweet,KeithBradsher,sarahlyall,61
11321,Tweet,KeithBradsher,PjJoychen,111
11328,Tweet,KeithBradsher,sermoninstone,38
11370,Tweet,KeithBradsher,dipakdashTOI,2
11391,Tweet,KeithBradsher,alanfeuer,187
11327,Tweet,KeithBradsher,sunny_hundal,117
11311,Tweet,KeithBradsher,NYTBen,19
11317,Tweet,KeithBradsher,AditiZero,80
11308,Tweet,KeithBradsher,KeithBradsher,1
11357,Tweet,KeithBradsher,bencasselman,4
11300,Tweet,KeithBradsher,LizAldermanNYT,2
33049,Article,FlitterOnFraud,jimtankersley,2
33065,Article,FlitterOnFraud,jeannasmialek,4
33072,Article,FlitterOnFraud,samrob12,39
33056,Article,FlitterOnFraud,apoorva_nyc,115
33059,Article,FlitterOnFraud,jeannasmialek,10
33005,Article,FlitterOnFraud,noamscheiber,15
33015,Article,FlitterOnFraud,bencasselman,14
33099,Article,FlitterOnFraud,ajaysuraTOI,67
33028,Article,FlitterOnFraud,paulkrugman,3
33007,Article,FlitterOnFraud,FlitterOnFraud,1
33088,Article,FlitterOnFraud,adamliptak,50
33011,Article,FlitterOnFraud,Bencjacobs,61
33062,Article,FlitterOnFraud,hillhulse,130
33094,Article,FlitterOnFraud,jeannasmialek,2
33074,Article,FlitterOnFraud,jimtankersley,11
33121,Tweet,FlitterOnFraud,alexanderburns,151
33113,Tweet,FlitterOnFraud,noamscheiber,16
33108,Tweet,FlitterOnFraud,desaisantosh,319
33194,Tweet,FlitterOnFraud,nytmike,106
33196,Tweet,FlitterOnFraud,laurenlaverne,301
33103,Tweet,FlitterOnFraud,ASoloski,374
33142,Tweet,FlitterOnFraud,paulkrugman,65
33132,Tweet,FlitterOnFraud,benkenigsberg,21
33127,Tweet,FlitterOnFraud,EricaLG,135
33143,Tweet,FlitterOnFraud,EricaLG,102
33144,Tweet,FlitterOnFraud,nytdavidbrooks,265
33109,Tweet,FlitterOnFraud,jwpetersNYT,208
33123,Tweet,FlitterOnFraud,AnujaJaiswalTOI,203
33178,Tweet,FlitterOnFraud,debaratisen,327
33191,Tweet,FlitterOnFraud,lenoretaylor,240
166785,Article,sendvictorious,sendvictorious,1
166727,Article,sendvictorious,AndrewSparrow,217
166691,Article,sendvictorious,sendvictorious,1
166795,Article,sendvictorious,sendvictorious,1
166567,Article,sendvictorious,NesrineMalik,4
166646,Article,sendvictorious,sendvictorious,1
166582,Article,sendvictorious,afuahirsch,290
166794,Article,sendvictorious,davidhepworth,4
166644,Article,sendvictorious,sendvictorious,1
166583,Article,sendvictorious,sendvictorious,1
166641,Article,sendvictorious,sendvictorious,1
166627,Article,sendvictorious,sendvictorious,1
166745,Article,sendvictorious,sendvictorious,1
166694,Article,sendvictorious,sendvictorious,1
166744,Article,sendvictorious,sendvictorious,1
167365,Tweet,sendvictorious,jonronson,5
166844,Tweet,sendvictorious,jonronson,79
167313,Tweet,sendvictorious,kbennhold,118
167377,Tweet,sendvictorious,andrewrawnsley,14
167361,Tweet,sendvictorious,chiggi,57
167384,Tweet,sendvictorious,PatrickKingsley,302
167037,Tweet,sendvictorious,sendvictorious,1
167090,Tweet,sendvictorious,WilbyPeter,306
166938,Tweet,sendvictorious,davidhepworth,9
166875,Tweet,sendvictorious,williamkeegan,61
167154,Tweet,sendvictorious,DouthatNYT,217
167264,Tweet,sendvictorious,davidhepworth,30
166893,Tweet,sendvictorious,desaisantosh,34
167329,Tweet,sendvictorious,parthasinha,10
167073,Tweet,sendvictorious,davidhepworth,24
135388,Article,charltonbrooker,FelicityCloake,102
135486,Article,charltonbrooker,aleksk,22
135450,Article,charltonbrooker,alanconnor,6
135460,Article,charltonbrooker,JessicaValenti,187
135440,Article,charltonbrooker,gabyhinsliff,103
135593,Article,charltonbrooker,davidhepworth,7
135538,Article,charltonbrooker,FabrizioRomano,10
135415,Article,charltonbrooker,binays1960,59
135453,Article,charltonbrooker,IAmTimDowling,34
135483,Article,charltonbrooker,NesrineMalik,6
135481,Article,charltonbrooker,edvulliamy,28
135399,Article,charltonbrooker,jackschofield,134
135518,Article,charltonbrooker,aleksk,10
135447,Article,charltonbrooker,MonaChalabi,21
135526,Article,charltonbrooker,davidhepworth,8
135816,Tweet,charltonbrooker,gmorgenson,231
135798,Tweet,charltonbrooker,benkenigsberg,23
135695,Tweet,charltonbrooker,charltonbrooker,1
135752,Tweet,charltonbrooker,joshwiddicombe,6
136213,Tweet,charltonbrooker,davidhepworth,12
135840,Tweet,charltonbrooker,MoharBasu,13
136197,Tweet,charltonbrooker,aleksk,39
136220,Tweet,charltonbrooker,DerekMalcolm123,25
136011,Tweet,charltonbrooker,RosySequeiraTOI,118
135716,Tweet,charltonbrooker,wesley_morris,41
135755,Tweet,charltonbrooker,davidhepworth,3
135984,Tweet,charltonbrooker,MichaelWhite,25
135771,Tweet,charltonbrooker,JessicaValenti,166
135751,Tweet,charltonbrooker,shafaquealamTOI,332
135979,Tweet,charltonbrooker,alexbellos,7
33632,Article,livia_ar,NewtonSTOI,182
33631,Article,livia_ar,adamliptak,65
33627,Article,livia_ar,PatriciaMazzei,88
33658,Article,livia_ar,IKershner,116
33606,Article,livia_ar,livia_ar,1
33607,Article,livia_ar,SocialQPhilip,141
33618,Article,livia_ar,tomfriedman,41
33617,Article,livia_ar,kenanmalik,22
33692,Article,livia_ar,CarolineLucas,2
33698,Article,livia_ar,hugolowell,272
33655,Article,livia_ar,RichSandomir,15
33689,Article,livia_ar,smervosh,69
33665,Article,livia_ar,vwang3,75
33644,Article,livia_ar,NickAtNews,73
33654,Article,livia_ar,damiencave,12
33732,Tweet,livia_ar,sermoninstone,146
33754,Tweet,livia_ar,GiniaNYT,78
33710,Tweet,livia_ar,MoharBasu,46
33749,Tweet,livia_ar,mateenHTOI,35
33701,Tweet,livia_ar,mswainwright,14
33772,Tweet,livia_ar,rachlharris,66
33781,Tweet,livia_ar,mateenHTOI,102
33706,Tweet,livia_ar,apoorva_nyc,68
33792,Tweet,livia_ar,jennydeluxe,11
33751,Tweet,livia_ar,tejalrao,227
33723,Tweet,livia_ar,lauriegnyt,66
33728,Tweet,livia_ar,vijaypTOI,43
33770,Tweet,livia_ar,cdcaron,64
33759,Tweet,livia_ar,RosySequeiraTOI,18
33714,Tweet,livia_ar,ameliagentleman,154
185899,Article,imabdulgani,akhileshsTOI,7
185723,Article,imabdulgani,imabdulgani,1
185807,Article,imabdulgani,abhishekTWEETS7,8
185751,Article,imabdulgani,jayamenon64,13
185679,Article,imabdulgani,omjasvinTOI,3
185847,Article,imabdulgani,abhishekTWEETS7,140
185669,Article,imabdulgani,digbijaymishra1,108
185842,Article,imabdulgani,AtulMathur_,88
185742,Article,imabdulgani,debaratisen,83
185748,Article,imabdulgani,sandhyanairTOI,12
185741,Article,imabdulgani,AshokPradhanTOI,43
185821,Article,imabdulgani,rajatpTOI,24
185829,Article,imabdulgani,DekaJayanta,76
185908,Article,imabdulgani,minatisinghaTOI,19
185788,Article,imabdulgani,advityabahlTOI,54
186002,Tweet,imabdulgani,RBReich,454
186004,Tweet,imabdulgani,ajaysuraTOI,73
185924,Tweet,imabdulgani,mateenHTOI,12
185943,Tweet,imabdulgani,ajaykanth7,2
185993,Tweet,imabdulgani,saumyajitbTOI,103
185973,Tweet,imabdulgani,divyapal2013,11
185927,Tweet,imabdulgani,FabrizioRomano,104
185913,Tweet,imabdulgani,kumaraswamykTOI,14
185934,Tweet,imabdulgani,kumaraswamykTOI,28
185975,Tweet,imabdulgani,rajatpTOI,55
186003,Tweet,imabdulgani,EricaLG,134
185982,Tweet,imabdulgani,parul_sehgal,187
185938,Tweet,imabdulgani,priyangiTOI,80
185912,Tweet,imabdulgani,TOISH31,10
185972,Tweet,imabdulgani,RowennaDavis,263
195483,Article,murarishetye,sandhyanairTOI,72
195384,Article,murarishetye,HemantaTOI,57
195545,Article,murarishetye,yazhiniyanTOI,128
195519,Article,murarishetye,NishikantkTOI,9
195575,Article,murarishetye,murarishetyeTOI,4
195405,Article,murarishetye,rishachitlangia,11
195574,Article,murarishetye,KapildaveTOI,14
195558,Article,murarishetye,toi_dhananjayM,65
195342,Article,murarishetye,rishachitlangia,7
195447,Article,murarishetye,vijayVsinghTOI,122
195426,Article,murarishetye,amitanandTOI,14
195339,Article,murarishetye,Crime_Selvaraj,19
195365,Article,murarishetye,vijayVsinghTOI,86
195578,Article,murarishetye,hugolowell,5
195494,Article,murarishetye,bindiyachariTOI,70
195599,Tweet,murarishetye,SindhukTOI,3
195630,Tweet,murarishetye,SribaalaVTOI,342
195597,Tweet,murarishetye,lisamonteiroTOI,2
195585,Tweet,murarishetye,timatkin,15
195637,Tweet,murarishetye,murarishetye,1
195616,Tweet,murarishetye,bindiyachariTOI,2
195670,Tweet,murarishetye,PjJoychen,3
195605,Tweet,murarishetye,bindiyachariTOI,2
195610,Tweet,murarishetye,murarishetye,1
195669,Tweet,murarishetye,bindiyachariTOI,2
195608,Tweet,murarishetye,bindiyachariTOI,2
195667,Tweet,murarishetye,naomi2009,160
195682,Tweet,murarishetye,bindiyachariTOI,2
195644,Tweet,murarishetye,MohitaTOI,23
195663,Tweet,murarishetye,toi_dhananjayM,7
28617,Article,suilee,williamkeegan,260
28675,Article,suilee,farnazfassihi,10
28642,Article,suilee,MiriamElder,28
28623,Article,suilee,AnaSwanson,51
28652,Article,suilee,SharonLNYT,63
28653,Article,suilee,jwpetersNYT,82
28637,Article,suilee,suilee,1
28626,Article,suilee,damiencave,111
28665,Article,suilee,KeithBradsher,4
28614,Article,suilee,jimtankersley,148
28641,Article,suilee,mikeives,4
28667,Article,suilee,KeithBradsher,4
28663,Article,suilee,PatrickKingsley,73
28683,Article,suilee,llerer,45
28698,Article,suilee,dwightgarner,5
28742,Tweet,suilee,seaningle,221
28762,Tweet,suilee,NYTimesCohen,33
28764,Tweet,suilee,RorySmith,361
28756,Tweet,suilee,ChuBailiang,2
28794,Tweet,suilee,shafaquealamTOI,221
28728,Tweet,suilee,joshwiddicombe,452
28767,Tweet,suilee,JoshuaRozenberg,18
28796,Tweet,suilee,BenWeiserNYT,95
28785,Tweet,suilee,JessicaValenti,102
28719,Tweet,suilee,peterbakernyt,112
28709,Tweet,suilee,aseemsgujar,169
28746,Tweet,suilee,RosySequeiraTOI,455
28771,Tweet,suilee,sangerkatz,108
28705,Tweet,suilee,007pandey,231
28703,Tweet,suilee,winematcher,168
80648,Article,TristramHuntVA,lucywardsings,11
80751,Article,TristramHuntVA,jillfilipovic,50
80568,Article,TristramHuntVA,bglendenning,31
80635,Article,TristramHuntVA,NilsPratley,341
80690,Article,TristramHuntVA,jimwaterson,79
80694,Article,TristramHuntVA,AndrewSparrow,5
80740,Article,TristramHuntVA,CarolineLucas,9
80730,Article,TristramHuntVA,williamkeegan,40
80710,Article,TristramHuntVA,steve_hewlett,27
80678,Article,TristramHuntVA,FabrizioRomano,19
80597,Article,TristramHuntVA,DanielKingChess,2
80715,Article,TristramHuntVA,CarolineLucas,51
80708,Article,TristramHuntVA,nnougayrede,109
80662,Article,TristramHuntVA,williamkeegan,73
80658,Article,TristramHuntVA,alanconnor,19
81253,Tweet,TristramHuntVA,lyngardner,10
80876,Tweet,TristramHuntVA,DouthatNYT,204
81023,Tweet,TristramHuntVA,TristramHuntVA,1
81070,Tweet,TristramHuntVA,desaisantosh,62
80925,Tweet,TristramHuntVA,jfordham_jazz,73
80784,Tweet,TristramHuntVA,we_are_food,2
81258,Tweet,TristramHuntVA,NYTimesCohen,16
81283,Tweet,TristramHuntVA,lucywardsings,8
81334,Tweet,TristramHuntVA,alexvtunzelmann,13
81219,Tweet,TristramHuntVA,MarinaHyde,40
81076,Tweet,TristramHuntVA,bglendenning,45
80912,Tweet,TristramHuntVA,jhoffman,211
80835,Tweet,TristramHuntVA,petleepeter,53
80974,Tweet,TristramHuntVA,arusbridger,5
81154,Tweet,TristramHuntVA,WilbyPeter,48
199224,Article,palaknandiTOI,rajatpTOI,8
199286,Article,palaknandiTOI,john_hooper,57
199180,Article,palaknandiTOI,vaibhavgTOI,6
199075,Article,palaknandiTOI,pankajdoval,2
199200,Article,palaknandiTOI,yeshikabudhwar,8
199054,Article,palaknandiTOI,vaibhavgTOI,17
199111,Article,palaknandiTOI,aniljdias,5
199125,Article,palaknandiTOI,AshokPradhanTOI,29
199074,Article,palaknandiTOI,kush_junglee,7
199104,Article,palaknandiTOI,rajendrasTOI,3
199115,Article,palaknandiTOI,palaknandiTOI,1
199144,Article,palaknandiTOI,BhanupratapsTOI,4
199247,Article,palaknandiTOI,AshokPradhanTOI,8
199290,Article,palaknandiTOI,AtulMathur_,68
199140,Article,palaknandiTOI,rajendrasTOI,5
199366,Tweet,palaknandiTOI,omjasvinTOI,130
199357,Tweet,palaknandiTOI,IpsitaTOI,6
199362,Tweet,palaknandiTOI,journo_vibha,17
199339,Tweet,palaknandiTOI,SindhukTOI,3
199390,Tweet,palaknandiTOI,KapildaveTOI,122
199334,Tweet,palaknandiTOI,PjJoychen,61
199336,Tweet,palaknandiTOI,BhanupratapsTOI,2
199309,Tweet,palaknandiTOI,AlokKNMishra,30
199295,Tweet,palaknandiTOI,kumaraswamykTOI,148
199386,Tweet,palaknandiTOI,AlokKNMishra,25
199322,Tweet,palaknandiTOI,PNaveenTOI,166
199311,Tweet,palaknandiTOI,antontroian,186
199377,Tweet,palaknandiTOI,PrashantrTOI,2
199393,Tweet,palaknandiTOI,palaknandiTOI,1
199368,Tweet,palaknandiTOI,AlokKNMishra,29
7229,Article,ESCochrane,ESCochrane,1
7211,Article,ESCochrane,jmart,2
7220,Article,ESCochrane,ESCochrane,1
7221,Article,ESCochrane,vwang3,239
7289,Article,ESCochrane,ESCochrane,1
7249,Article,ESCochrane,npfandos,3
7262,Article,ESCochrane,ESCochrane,1
7296,Article,ESCochrane,lukebroadwater,3
7277,Article,ESCochrane,ESCochrane,1
7250,Article,ESCochrane,ESCochrane,1
7263,Article,ESCochrane,ESCochrane,1
7202,Article,ESCochrane,ESCochrane,1
7201,Article,ESCochrane,gailcollins,100
7240,Article,ESCochrane,ESCochrane,1
7266,Article,ESCochrane,AtulMathur_,22
7340,Tweet,ESCochrane,dklavaniaTOI,113
7356,Tweet,ESCochrane,alexanderburns,3
7346,Tweet,ESCochrane,peterbakernyt,31
7312,Tweet,ESCochrane,ESCochrane,1
7308,Tweet,ESCochrane,npfandos,35
7314,Tweet,ESCochrane,SangerNYT,70
7339,Tweet,ESCochrane,hillhulse,4
7388,Tweet,ESCochrane,jeannasmialek,2
7342,Tweet,ESCochrane,kenvogel,2
7353,Tweet,ESCochrane,hugolowell,20
7315,Tweet,ESCochrane,nytmike,19
7370,Tweet,ESCochrane,ArthurNeslen,7
7367,Tweet,ESCochrane,ESCochrane,1
7324,Tweet,ESCochrane,tripgabriel,5
7372,Tweet,ESCochrane,hillhulse,2
111092,Article,AndrewSparrow,charltonbrooker,20
111205,Article,AndrewSparrow,AndrewSparrow,1
111040,Article,AndrewSparrow,DeccaJourno,2
111269,Article,AndrewSparrow,AndrewSparrow,1
111240,Article,AndrewSparrow,ArthurNeslen,6
111069,Article,AndrewSparrow,charltonbrooker,14
111103,Article,AndrewSparrow,JohnJCrace,2
111262,Article,AndrewSparrow,IanCobain,11
111208,Article,AndrewSparrow,KTVinobhaTOI,2
111230,Article,AndrewSparrow,PippaCrerar,20
111150,Article,AndrewSparrow,petleepeter,72
111147,Article,AndrewSparrow,RowennaDavis,285
111260,Article,AndrewSparrow,PippaCrerar,13
111274,Article,AndrewSparrow,charltonbrooker,22
111028,Article,AndrewSparrow,TimdeLisle,27
111498,Tweet,AndrewSparrow,AndrewSparrow,1
111621,Tweet,AndrewSparrow,nicholaswatt,52
111544,Tweet,AndrewSparrow,maevesther,189
111405,Tweet,AndrewSparrow,AndrewSparrow,1
111722,Tweet,AndrewSparrow,ArthurNeslen,4
111569,Tweet,AndrewSparrow,jwpetersNYT,255
111278,Tweet,AndrewSparrow,martcrossy,3
111631,Tweet,AndrewSparrow,lucysiegle,6
111613,Tweet,AndrewSparrow,ArthurNeslen,6
111442,Tweet,AndrewSparrow,HackneyAbbott,2
111430,Tweet,AndrewSparrow,AnushkaAsthana,4
111850,Tweet,AndrewSparrow,AndrewSparrow,1
111780,Tweet,AndrewSparrow,AndrewSparrow,1
111358,Tweet,AndrewSparrow,nicholaswatt,2
111774,Tweet,AndrewSparrow,DeccaJourno,75
200282,Article,parthshastriTOI,ramarkosg,134
200204,Article,parthshastriTOI,KapildaveTOI,83
200304,Article,parthshastriTOI,Crime_Selvaraj,60
200170,Article,parthshastriTOI,abantika77,171
200199,Article,parthshastriTOI,GovindKMaadTOI,59
200184,Article,parthshastriTOI,priyangiTOI,71
200156,Article,parthshastriTOI,ThevarSteffy,2
200157,Article,parthshastriTOI,rebeccaSTOI,115
200155,Article,parthshastriTOI,priyangiTOI,36
200159,Article,parthshastriTOI,durgeshjhaTOI,2
200147,Article,parthshastriTOI,digbijaymishra1,19
200179,Article,parthshastriTOI,ramarkosg,91
200267,Article,parthshastriTOI,vijayVsinghTOI,40
200291,Article,parthshastriTOI,sandhyanairTOI,35
200110,Article,parthshastriTOI,ajaykanth7,83
200337,Tweet,parthshastriTOI,ajaysuraTOI,7
200411,Tweet,parthshastriTOI,parthshastriTOI,1
200401,Tweet,parthshastriTOI,parthshastriTOI,1
200339,Tweet,parthshastriTOI,toi_dhananjayM,21
200397,Tweet,parthshastriTOI,ajaysuraTOI,21
200380,Tweet,parthshastriTOI,parthshastriTOI,1
200329,Tweet,parthshastriTOI,peterbradshaw1,19
200391,Tweet,parthshastriTOI,PatrickKingsley,8
200364,Tweet,parthshastriTOI,anandbodhTOI,11
200410,Tweet,parthshastriTOI,ishajainTOI,35
200362,Tweet,parthshastriTOI,hugolowell,6
200338,Tweet,parthshastriTOI,toi_dhananjayM,11
200336,Tweet,parthshastriTOI,NYTBen,14
200369,Tweet,parthshastriTOI,RosySequeiraTOI,26
200399,Tweet,parthshastriTOI,parthshastriTOI,1
58932,Article,laurenlaverne,laurenlaverne,1
58963,Article,laurenlaverne,alexbellos,8
58891,Article,laurenlaverne,laurenlaverne,1
58981,Article,laurenlaverne,sarfrazmanzoor,252
58921,Article,laurenlaverne,laurenlaverne,1
58922,Article,laurenlaverne,laurenlaverne,1
58898,Article,laurenlaverne,laurenlaverne,1
58951,Article,laurenlaverne,salihughes,23
58952,Article,laurenlaverne,steve_hewlett,71
58913,Article,laurenlaverne,CarolineLucas,12
58944,Article,laurenlaverne,davidhepworth,40
58936,Article,laurenlaverne,laurenlaverne,1
58957,Article,laurenlaverne,laurenlaverne,1
58967,Article,laurenlaverne,chiggi,95
58910,Article,laurenlaverne,davidhepworth,24
59563,Tweet,laurenlaverne,NYTimesCohen,345
59404,Tweet,laurenlaverne,emilybell,10
59288,Tweet,laurenlaverne,charltonbrooker,2
59301,Tweet,laurenlaverne,laurenlaverne,1
59391,Tweet,laurenlaverne,laurenlaverne,1
59569,Tweet,laurenlaverne,alanconnor,3
59547,Tweet,laurenlaverne,RosySequeiraTOI,28
59251,Tweet,laurenlaverne,genznyt,3
59238,Tweet,laurenlaverne,hannahdev,119
59540,Tweet,laurenlaverne,andybrassell,264
59137,Tweet,laurenlaverne,laurenlaverne,1
59057,Tweet,laurenlaverne,joshwiddicombe,97
59553,Tweet,laurenlaverne,tejalrao,164
59439,Tweet,laurenlaverne,EricaLG,152
59352,Tweet,laurenlaverne,RorySmith,215
112125,Article,NilsPratley,NilsPratley,1
111975,Article,NilsPratley,NilsPratley,1
112011,Article,NilsPratley,NilsPratley,1
111900,Article,NilsPratley,NilsPratley,1
112000,Article,NilsPratley,NilsPratley,1
112060,Article,NilsPratley,NilsPratley,1
111982,Article,NilsPratley,NilsPratley,1
112085,Article,NilsPratley,NilsPratley,1
111929,Article,NilsPratley,toi_shailendraA,101
111993,Article,NilsPratley,NilsPratley,1
112019,Article,NilsPratley,NilsPratley,1
112078,Article,NilsPratley,NilsPratley,1
111939,Article,NilsPratley,NilsPratley,1
111971,Article,NilsPratley,NilsPratley,1
111981,Article,NilsPratley,NilsPratley,1
112235,Tweet,NilsPratley,NYTimesCohen,43
112195,Tweet,NilsPratley,mtomasky,18
112167,Tweet,NilsPratley,NilsPratley,1
112308,Tweet,NilsPratley,timlottwriter,27
112236,Tweet,NilsPratley,gmorgenson,4
112226,Tweet,NilsPratley,007pandey,24
112267,Tweet,NilsPratley,sendvictorious,3
112243,Tweet,NilsPratley,DerekMalcolm123,2
112341,Tweet,NilsPratley,DerekMalcolm123,3
112327,Tweet,NilsPratley,ginakolata,155
112201,Tweet,NilsPratley,andrewrawnsley,37
112176,Tweet,NilsPratley,mtomasky,21
112294,Tweet,NilsPratley,DerekMalcolm123,3
112246,Tweet,NilsPratley,williamkeegan,2
112227,Tweet,NilsPratley,saumyajitbTOI,80
160277,Article,TimdeLisle,FranklinBlog,241
160223,Article,TimdeLisle,bglendenning,51
160376,Article,TimdeLisle,FelicityCloake,125
160296,Article,TimdeLisle,nauzerbTOI,18
160358,Article,TimdeLisle,wesley_morris,26
160172,Article,TimdeLisle,TimdeLisle,1
160190,Article,TimdeLisle,OwenJones84,5
160165,Article,TimdeLisle,aleksk,9
160389,Article,TimdeLisle,petleepeter,3
160338,Article,TimdeLisle,petleepeter,39
160195,Article,TimdeLisle,jbouie,8
160279,Article,TimdeLisle,jennydeluxe,3
160183,Article,TimdeLisle,afuahirsch,51
160214,Article,TimdeLisle,gettleman,4
160167,Article,TimdeLisle,SunilSubaiah,32
160837,Tweet,TimdeLisle,carlzimmer,195
160500,Tweet,TimdeLisle,niyatiparikhTOI,182
160975,Tweet,TimdeLisle,joncaramanica,27
160956,Tweet,TimdeLisle,DanielKingChess,249
160920,Tweet,TimdeLisle,nicklezard,46
160789,Tweet,TimdeLisle,lukeharding1968,83
160712,Tweet,TimdeLisle,andrewrawnsley,33
160994,Tweet,TimdeLisle,KTVinobhaTOI,278
160917,Tweet,TimdeLisle,carolecadwalla,173
160530,Tweet,TimdeLisle,peterbradshaw1,18
160797,Tweet,TimdeLisle,priyangiTOI,165
160857,Tweet,TimdeLisle,TOISH31,51
161010,Tweet,TimdeLisle,laurenlaverne,27
160621,Tweet,TimdeLisle,FabrizioRomano,81
160862,Tweet,TimdeLisle,toi_rohanA,9
31228,Article,RachelDonadio,tripgabriel,200
31213,Article,RachelDonadio,meddynyt,136
31286,Article,RachelDonadio,mikeives,114
31253,Article,RachelDonadio,helenecooper,41
31231,Article,RachelDonadio,hugolowell,93
31218,Article,RachelDonadio,RachelDonadio,1
31265,Article,RachelDonadio,RachelDonadio,1
31215,Article,RachelDonadio,RachelDonadio,1
31212,Article,RachelDonadio,dwightgarner,12
31235,Article,RachelDonadio,NikiKitsantonis,2
31238,Article,RachelDonadio,ditzkoff,192
31223,Article,RachelDonadio,PatrickKingsley,85
31279,Article,RachelDonadio,stevenerlanger,113
31226,Article,RachelDonadio,IKershner,12
31257,Article,RachelDonadio,brooksbarnesNYT,96
31367,Tweet,RachelDonadio,elizabday,40
31380,Tweet,RachelDonadio,parul_sehgal,128
31392,Tweet,RachelDonadio,williamkeegan,292
31316,Tweet,RachelDonadio,ishajainTOI,16
31303,Tweet,RachelDonadio,kbennhold,187
31376,Tweet,RachelDonadio,sio_burke,130
31339,Tweet,RachelDonadio,hugolowell,115
31356,Tweet,RachelDonadio,LizAldermanNYT,282
31373,Tweet,RachelDonadio,greenslader,347
31345,Tweet,RachelDonadio,murarishetyeTOI,74
31351,Tweet,RachelDonadio,mswainwright,222
31347,Tweet,RachelDonadio,lukeharding1968,222
31372,Tweet,RachelDonadio,dubeyavishek,158
31337,Tweet,RachelDonadio,MichaelPaulson,34
31342,Tweet,RachelDonadio,nnougayrede,58
141365,Article,OLIVERBALCH,jackschofield,3
141377,Article,OLIVERBALCH,marthakelner,251
141326,Article,OLIVERBALCH,aleksk,19
141307,Article,OLIVERBALCH,WilbyPeter,91
141504,Article,OLIVERBALCH,aleksk,3
141345,Article,OLIVERBALCH,TimdeLisle,34
141444,Article,OLIVERBALCH,winematcher,18
141500,Article,OLIVERBALCH,paulkrugman,295
141453,Article,OLIVERBALCH,AndrewSparrow,165
141455,Article,OLIVERBALCH,ggreenwald,244
141448,Article,OLIVERBALCH,paulkrugman,306
141515,Article,OLIVERBALCH,sermoninstone,5
141462,Article,OLIVERBALCH,ginakolata,16
141313,Article,OLIVERBALCH,jonathanwatts,93
141447,Article,OLIVERBALCH,paulmasonnews,47
141680,Tweet,OLIVERBALCH,parul_sehgal,390
141870,Tweet,OLIVERBALCH,joshwiddicombe,68
141981,Tweet,OLIVERBALCH,MohitaTOI,5
141766,Tweet,OLIVERBALCH,WilbyPeter,84
141937,Tweet,OLIVERBALCH,lyngardner,52
142042,Tweet,OLIVERBALCH,lucysiegle,25
141801,Tweet,OLIVERBALCH,MarinaOLoughlin,10
141709,Tweet,OLIVERBALCH,williamnhutton,334
141947,Tweet,OLIVERBALCH,MarinaOLoughlin,110
141693,Tweet,OLIVERBALCH,paulkrugman,44
141714,Tweet,OLIVERBALCH,lucysiegle,110
141783,Tweet,OLIVERBALCH,sermoninstone,87
141728,Tweet,OLIVERBALCH,HackneyAbbott,174
142116,Tweet,OLIVERBALCH,ArthurNeslen,37
141593,Tweet,OLIVERBALCH,SearleAdrian,138
186822,Article,ishajainTOI,digbijaymishra1,3
186912,Article,ishajainTOI,RosySequeiraTOI,146
186880,Article,ishajainTOI,MohitaTOI,56
186839,Article,ishajainTOI,ishajainTOI,1
186771,Article,ishajainTOI,ishajainTOI,1
186908,Article,ishajainTOI,rishachitlangia,13
186820,Article,ishajainTOI,KeithBradsher,203
186832,Article,ishajainTOI,shafaquealamTOI,11
186914,Article,ishajainTOI,rjadHinduBL,7
186916,Article,ishajainTOI,MohitaTOI,34
186829,Article,ishajainTOI,bagishjhaTOI,144
186854,Article,ishajainTOI,KapildaveTOI,3
186758,Article,ishajainTOI,mikeives,69
186717,Article,ishajainTOI,Arv_Ind_Chauhan,61
186801,Article,ishajainTOI,pradeepjourno,46
186981,Tweet,ishajainTOI,PjJoychen,2
186969,Tweet,ishajainTOI,DanielKingChess,108
186997,Tweet,ishajainTOI,bindiyachariTOI,2
186956,Tweet,ishajainTOI,PjJoychen,4
187028,Tweet,ishajainTOI,ishajainTOI,1
186964,Tweet,ishajainTOI,petleepeter,124
187014,Tweet,ishajainTOI,PNaveenTOI,66
187026,Tweet,ishajainTOI,NYTBen,155
187041,Tweet,ishajainTOI,Pratiks_TOI,100
186966,Tweet,ishajainTOI,journo_vibha,11
187037,Tweet,ishajainTOI,ShoebKhanTOI,17
186977,Tweet,ishajainTOI,ishajainTOI,1
186999,Tweet,ishajainTOI,Chethan_Dash,17
187019,Tweet,ishajainTOI,ishajainTOI,1
187001,Tweet,ishajainTOI,bindiyachariTOI,3
139750,Article,gracedent,williamkeegan,7
139625,Article,gracedent,gracedent,1
139709,Article,gracedent,gabyhinsliff,3
139845,Article,gracedent,MarinaOLoughlin,4
139615,Article,gracedent,FelicityCloake,40
139841,Article,gracedent,winematcher,4
139844,Article,gracedent,sio_burke,34
139811,Article,gracedent,MarinaOLoughlin,2
139623,Article,gracedent,MarinaOLoughlin,6
139680,Article,gracedent,MarinaOLoughlin,3
139832,Article,gracedent,MarinaOLoughlin,2
139809,Article,gracedent,MarinaOLoughlin,2
139801,Article,gracedent,MarinaOLoughlin,2
139747,Article,gracedent,lyngardner,5
139787,Article,gracedent,alanconnor,2
140169,Tweet,gracedent,genznyt,100
140116,Tweet,gracedent,jhoffman,27
140249,Tweet,gracedent,EricaLG,51
140191,Tweet,gracedent,seaningle,137
140018,Tweet,gracedent,tejalrao,50
140104,Tweet,gracedent,RosySequeiraTOI,255
140384,Tweet,gracedent,billicritic,145
140272,Tweet,gracedent,gracedent,1
139984,Tweet,gracedent,ASoloski,4
140245,Tweet,gracedent,samsifton,41
140417,Tweet,gracedent,tomdyckhoff,31
139945,Tweet,gracedent,MarinaOLoughlin,21
140198,Tweet,gracedent,pete_wells,206
140050,Tweet,gracedent,annanorthtweets,12
139927,Tweet,gracedent,laurenlaverne,43
138877,Article,mtomasky,mtomasky,1
138766,Article,mtomasky,mtomasky,1
138816,Article,mtomasky,mtomasky,1
138861,Article,mtomasky,NilsPratley,9
138953,Article,mtomasky,mtomasky,1
138781,Article,mtomasky,paulkrugman,3
138981,Article,mtomasky,mtomasky,1
138777,Article,mtomasky,GeorgeMonbiot,268
138881,Article,mtomasky,mtomasky,1
138786,Article,mtomasky,mtomasky,1
138964,Article,mtomasky,mtomasky,1
138768,Article,mtomasky,mtomasky,1
138983,Article,mtomasky,mtomasky,1
138925,Article,mtomasky,mtomasky,1
138800,Article,mtomasky,RorySmith,9
139100,Tweet,mtomasky,alexanderburns,23
139238,Tweet,mtomasky,alexvtunzelmann,71
139491,Tweet,mtomasky,RorySmith,6
139165,Tweet,mtomasky,nytdavidbrooks,117
139152,Tweet,mtomasky,mtomasky,1
139295,Tweet,mtomasky,kbennhold,44
139447,Tweet,mtomasky,michelleinbklyn,19
139401,Tweet,mtomasky,mtomasky,1
139568,Tweet,mtomasky,apoorva_nyc,27
139439,Tweet,mtomasky,mtomasky,1
139280,Tweet,mtomasky,andrewrawnsley,355
139289,Tweet,mtomasky,sendvictorious,63
139115,Tweet,mtomasky,KTVinobhaTOI,162
139227,Tweet,mtomasky,mtomasky,1
139094,Tweet,mtomasky,nytdavidbrooks,19
58007,Article,domphillips,tomdyckhoff,41
58152,Article,domphillips,sarahditum,174
58118,Article,domphillips,MiriamElder,2
58010,Article,domphillips,afuahirsch,78
58074,Article,domphillips,petleepeter,143
58139,Article,domphillips,SangerNYT,47
58059,Article,domphillips,lukeharding1968,100
58243,Article,domphillips,LeoHickman,21
58134,Article,domphillips,maheshbTOI,7
58165,Article,domphillips,domphillips,1
58032,Article,domphillips,GeorgeMonbiot,170
58190,Article,domphillips,jennydeluxe,146
58077,Article,domphillips,gracedent,199
58195,Article,domphillips,jonathanwatts,2
58166,Article,domphillips,AndrewSparrow,202
58850,Tweet,domphillips,gailcollins,88
58431,Tweet,domphillips,alanfeuer,46
58477,Tweet,domphillips,andrewrawnsley,256
58792,Tweet,domphillips,vijaypTOI,108
58827,Tweet,domphillips,michaelcrowley,7
58444,Tweet,domphillips,binays1960,185
58572,Tweet,domphillips,RosySequeiraTOI,265
58734,Tweet,domphillips,nytmike,113
58626,Tweet,domphillips,ArthurNeslen,58
58818,Tweet,domphillips,NikiKitsantonis,83
58421,Tweet,domphillips,lucysiegle,200
58467,Tweet,domphillips,AshokPradhanTOI,354
58371,Tweet,domphillips,DawnHFoster,30
58783,Tweet,domphillips,digbijaymishra1,66
58593,Tweet,domphillips,GovindKMaadTOI,113
25299,Article,carlzimmer,petleepeter,48
25282,Article,carlzimmer,RBReich,64
25226,Article,carlzimmer,NYTimesCohen,145
25244,Article,carlzimmer,DawnHFoster,47
25283,Article,carlzimmer,Arun_Ram,19
25215,Article,carlzimmer,meddynyt,376
25296,Article,carlzimmer,pete_wells,130
25212,Article,carlzimmer,apoorva_nyc,4
25297,Article,carlzimmer,AnushkaAsthana,178
25222,Article,carlzimmer,apoorva_nyc,3
25242,Article,carlzimmer,SharonLNYT,18
25289,Article,carlzimmer,aleksk,9
25200,Article,carlzimmer,MKSinghGkp,108
25254,Article,carlzimmer,apoorva_nyc,3
25218,Article,carlzimmer,nytdavidbrooks,77
25391,Tweet,carlzimmer,KapildaveTOI,141
25347,Tweet,carlzimmer,SribaalaVTOI,383
25380,Tweet,carlzimmer,gailcollins,5
25356,Tweet,carlzimmer,apoorva_nyc,2
25324,Tweet,carlzimmer,DSlotnik,75
25385,Tweet,carlzimmer,desaisantosh,96
25388,Tweet,carlzimmer,apoorva_nyc,8
25339,Tweet,carlzimmer,murarishetyeTOI,43
25379,Tweet,carlzimmer,vijaysinghTOI,108
25362,Tweet,carlzimmer,damiencave,106
25337,Tweet,carlzimmer,williamkeegan,23
25359,Tweet,carlzimmer,Rupalijee,9
25312,Tweet,carlzimmer,ChaitanyadTOI,123
25334,Tweet,carlzimmer,apoorva_nyc,3
25320,Tweet,carlzimmer,genznyt,90
208888,Article,saumyajitbTOI,saumyajitbTOI,1
208855,Article,saumyajitbTOI,bykaren,128
208897,Article,saumyajitbTOI,andrew_mueller,3
208895,Article,saumyajitbTOI,AraniBasuTOI,11
208972,Article,saumyajitbTOI,RorySmith,4
208805,Article,saumyajitbTOI,RorySmith,8
208923,Article,saumyajitbTOI,sudeshnagTOI,6
208874,Article,saumyajitbTOI,saumyajitbTOI,1
208905,Article,saumyajitbTOI,RorySmith,3
208791,Article,saumyajitbTOI,saumyajitbTOI,1
208884,Article,saumyajitbTOI,saumyajitbTOI,1
208975,Article,saumyajitbTOI,tushhaikhush,85
208882,Article,saumyajitbTOI,SindhukTOI,19
208906,Article,saumyajitbTOI,RorySmith,2
208950,Article,saumyajitbTOI,SunilSubaiah,13
209081,Tweet,saumyajitbTOI,saumyajitbTOI,1
209096,Tweet,saumyajitbTOI,ThevarSteffy,4
209112,Tweet,saumyajitbTOI,aniljdias,4
209059,Tweet,saumyajitbTOI,saumyajitbTOI,1
209098,Tweet,saumyajitbTOI,AraniBasuTOI,14
209091,Tweet,saumyajitbTOI,Gauraw2297,27
209085,Tweet,saumyajitbTOI,GRajivTOI,143
209109,Tweet,saumyajitbTOI,NYTimesCohen,41
209050,Tweet,saumyajitbTOI,andybrassell,54
209049,Tweet,saumyajitbTOI,toi_rohanA,262
209124,Tweet,saumyajitbTOI,RorySmith,11
209073,Tweet,saumyajitbTOI,peterbradshaw1,357
209077,Tweet,saumyajitbTOI,SwatiShindeTOI,231
209086,Tweet,saumyajitbTOI,llerer,302
209031,Tweet,saumyajitbTOI,MarcusMergulhao,2
19825,Article,tariqpanja,gailcollins,5
19818,Article,tariqpanja,meddynyt,4
19802,Article,tariqpanja,tariqpanja,1
19806,Article,tariqpanja,RorySmith,5
19870,Article,tariqpanja,ewong,11
19894,Article,tariqpanja,RorySmith,9
19879,Article,tariqpanja,michaelcrowley,15
19830,Article,tariqpanja,margaretrenkl,191
19841,Article,tariqpanja,stevenerlanger,2
19880,Article,tariqpanja,joncaramanica,9
19888,Article,tariqpanja,stevenerlanger,2
19897,Article,tariqpanja,tariqpanja,1
19810,Article,tariqpanja,bglendenning,7
19873,Article,tariqpanja,RorySmith,3
19855,Article,tariqpanja,nauzerbTOI,58
19958,Tweet,tariqpanja,billywitz,63
19916,Tweet,tariqpanja,RorySmith,2
19934,Tweet,tariqpanja,saumyajitbTOI,5
19917,Tweet,tariqpanja,RorySmith,14
19983,Tweet,tariqpanja,naomi2009,311
19956,Tweet,tariqpanja,bglendenning,50
19982,Tweet,tariqpanja,AndrewSparrow,85
19994,Tweet,tariqpanja,saumyajitbTOI,5
19946,Tweet,tariqpanja,RorySmith,5
19910,Tweet,tariqpanja,RorySmith,60
19998,Tweet,tariqpanja,andrewrsorkin,50
19900,Tweet,tariqpanja,DouthatNYT,19
19975,Tweet,tariqpanja,RorySmith,2
19907,Tweet,tariqpanja,RorySmith,6
19905,Tweet,tariqpanja,oliverburkeman,285
158788,Article,hugolowell,hugolowell,1
158766,Article,hugolowell,alexanderburns,7
158907,Article,hugolowell,hugolowell,1
158737,Article,hugolowell,lukebroadwater,2
158968,Article,hugolowell,npwcnn,311
158974,Article,hugolowell,hugolowell,1
158775,Article,hugolowell,hugolowell,1
158727,Article,hugolowell,hugolowell,1
158875,Article,hugolowell,hugolowell,1
158947,Article,hugolowell,hugolowell,1
158812,Article,hugolowell,marywalshjourno,11
158796,Article,hugolowell,Bencjacobs,2
158780,Article,hugolowell,hugolowell,1
158949,Article,hugolowell,hugolowell,1
158884,Article,hugolowell,hugolowell,1
159171,Tweet,hugolowell,BenWeiserNYT,11
159335,Tweet,hugolowell,ByJamesWagner,14
159505,Tweet,hugolowell,tejalrao,128
159376,Tweet,hugolowell,charlie_savage,2
159485,Tweet,hugolowell,alanfeuer,100
159133,Tweet,hugolowell,andrewrawnsley,406
159185,Tweet,hugolowell,ShaneGoldmacher,3
159219,Tweet,hugolowell,hillhulse,2
159051,Tweet,hugolowell,hugolowell,1
159058,Tweet,hugolowell,BenWeiserNYT,103
159341,Tweet,hugolowell,rpogrebin,134
159259,Tweet,hugolowell,nicholaswatt,34
159059,Tweet,hugolowell,lukebroadwater,2
159412,Tweet,hugolowell,NesrineMalik,47
159200,Tweet,hugolowell,fmanjoo,352
206882,Article,rishachitlangia,rishachitlangia,1
206818,Article,rishachitlangia,rjadHinduBL,2
206747,Article,rishachitlangia,rishachitlangia,1
206837,Article,rishachitlangia,shafaquealamTOI,22
206678,Article,rishachitlangia,journo_vibha,2
206798,Article,rishachitlangia,rishachitlangia,1
206854,Article,rishachitlangia,yeshikabudhwar,30
206689,Article,rishachitlangia,akhileshsTOI,4
206762,Article,rishachitlangia,BhanupratapsTOI,4
206866,Article,rishachitlangia,kush_junglee,2
206680,Article,rishachitlangia,bagishjhaTOI,7
206795,Article,rishachitlangia,AtulMathur_,3
206774,Article,rishachitlangia,rishachitlangia,1
206912,Article,rishachitlangia,SiwachSukhbir,62
206846,Article,rishachitlangia,williamkeegan,129
206958,Tweet,rishachitlangia,niyatiparikhTOI,150
206967,Tweet,rishachitlangia,niyatiparikhTOI,117
206956,Tweet,rishachitlangia,ASoloski,41
206929,Tweet,rishachitlangia,PNaveenTOI,54
206957,Tweet,rishachitlangia,AlokKNMishra,7
206949,Tweet,rishachitlangia,murarishetye,104
206961,Tweet,rishachitlangia,RosySequeiraTOI,316
206930,Tweet,rishachitlangia,bencasselman,152
206928,Tweet,rishachitlangia,timatkin,126
206966,Tweet,rishachitlangia,RosySequeiraTOI,121
206922,Tweet,rishachitlangia,007pandey,14
206941,Tweet,rishachitlangia,RosySequeiraTOI,184
206938,Tweet,rishachitlangia,murarishetyeTOI,124
206948,Tweet,rishachitlangia,rebeccaSTOI,17
206924,Tweet,rishachitlangia,ShoebKhanTOI,58
185232,Article,HemantaTOI,NilsPratley,48
185140,Article,HemantaTOI,SindhukTOI,36
185151,Article,HemantaTOI,KapildaveTOI,4
185190,Article,HemantaTOI,SidharthB25,85
185186,Article,HemantaTOI,abantika77,32
185072,Article,HemantaTOI,GRajivTOI,4
185204,Article,HemantaTOI,AshokPradhanTOI,20
185134,Article,HemantaTOI,amitanandTOI,73
185219,Article,HemantaTOI,HemantaTOI,1
185154,Article,HemantaTOI,HemantaTOI,1
185142,Article,HemantaTOI,SidharthB25,19
185223,Article,HemantaTOI,AditiZero,21
185255,Article,HemantaTOI,toi_dhananjayM,101
185119,Article,HemantaTOI,SribaalaVTOI,17
185229,Article,HemantaTOI,divyapal2013,22
185382,Tweet,HemantaTOI,MujMash,136
185340,Tweet,HemantaTOI,stevenerlanger,21
185337,Tweet,HemantaTOI,AshokPradhanTOI,7
185295,Tweet,HemantaTOI,manvirsainiTOI,111
185311,Tweet,HemantaTOI,bydanielvictor,214
185389,Tweet,HemantaTOI,ronojoy_sen,50
185338,Tweet,HemantaTOI,murarishetye,42
185372,Tweet,HemantaTOI,desaisantosh,62
185300,Tweet,HemantaTOI,KTVinobhaTOI,125
185359,Tweet,HemantaTOI,PjJoychen,2
185318,Tweet,HemantaTOI,NYTimesCohen,11
185379,Tweet,HemantaTOI,ChaitanyadTOI,11
185354,Tweet,HemantaTOI,GRajivTOI,20
185378,Tweet,HemantaTOI,KapildaveTOI,20
185374,Tweet,HemantaTOI,AshokPradhanTOI,17
9234,Article,jasondhorowitz,IKershner,27
9213,Article,jasondhorowitz,LizAldermanNYT,81
9251,Article,jasondhorowitz,meddynyt,15
9236,Article,jasondhorowitz,jotted,19
9233,Article,jasondhorowitz,samrob12,9
9253,Article,jasondhorowitz,nauzerbTOI,3
9288,Article,jasondhorowitz,NikiKitsantonis,100
9226,Article,jasondhorowitz,ewong,175
9278,Article,jasondhorowitz,carolecadwalla,25
9271,Article,jasondhorowitz,CeylanWrites,36
9261,Article,jasondhorowitz,parul_sehgal,31
9204,Article,jasondhorowitz,PatrickKingsley,25
9221,Article,jasondhorowitz,NYTimesCohen,25
9294,Article,jasondhorowitz,RaphaelMinder,23
9283,Article,jasondhorowitz,PatriciaMazzei,75
9324,Tweet,jasondhorowitz,Shreyanka_M,24
9363,Tweet,jasondhorowitz,KTVinobhaTOI,118
9351,Tweet,jasondhorowitz,carolecadwalla,15
9357,Tweet,jasondhorowitz,michaelcrowley,162
9355,Tweet,jasondhorowitz,ByJamesWagner,40
9332,Tweet,jasondhorowitz,alexvtunzelmann,23
9307,Tweet,jasondhorowitz,stevenerlanger,92
9310,Tweet,jasondhorowitz,MarinaOLoughlin,347
9392,Tweet,jasondhorowitz,Crime_Selvaraj,172
9302,Tweet,jasondhorowitz,llerer,4
9380,Tweet,jasondhorowitz,samsifton,233
9362,Tweet,jasondhorowitz,GlennThrush,108
9311,Tweet,jasondhorowitz,vanbadham,153
9382,Tweet,jasondhorowitz,nytDeniseGrady,245
9314,Tweet,jasondhorowitz,NYTimesCohen,16
197164,Article,neelam_raaj,debaratisen,10
197285,Article,neelam_raaj,007pandey,3
197216,Article,neelam_raaj,NilsPratley,132
197209,Article,neelam_raaj,divyapal2013,2
197305,Article,neelam_raaj,smita_mishra,5
197124,Article,neelam_raaj,divyapal2013,4
197090,Article,neelam_raaj,divyapal2013,4
197108,Article,neelam_raaj,aleksk,252
197104,Article,neelam_raaj,vishwamTOI,25
197241,Article,neelam_raaj,jimtankersley,140
197272,Article,neelam_raaj,neelam_raaj,1
197155,Article,neelam_raaj,kush_junglee,50
197167,Article,neelam_raaj,RaphaelMinder,165
197158,Article,neelam_raaj,akhileshsTOI,3
197176,Article,neelam_raaj,IpsitaTOI,23
197347,Tweet,neelam_raaj,melissaclark,229
197331,Tweet,neelam_raaj,emmabrockes,219
197348,Tweet,neelam_raaj,toi_ManujaV,17
197322,Tweet,neelam_raaj,gettleman,14
197328,Tweet,neelam_raaj,ronojoy_sen,12
197374,Tweet,neelam_raaj,toi_rohanA,22
197329,Tweet,neelam_raaj,ronojoy_sen,32
197340,Tweet,neelam_raaj,Pratiks_TOI,95
197336,Tweet,neelam_raaj,GiniaNYT,66
197364,Tweet,neelam_raaj,RaphaelMinder,86
197351,Tweet,neelam_raaj,divyapal2013,88
197352,Tweet,neelam_raaj,petleepeter,88
197353,Tweet,neelam_raaj,kenanmalik,116
197358,Tweet,neelam_raaj,ThevarSteffy,26
197341,Tweet,neelam_raaj,SindhukTOI,5
206562,Article,richapintoi,richapintoi,1
206551,Article,richapintoi,mateenHTOI,18
206532,Article,richapintoi,anandbodhTOI,21
206476,Article,richapintoi,asrpmukeshTOI,30
206543,Article,richapintoi,richapintoi,1
206505,Article,richapintoi,imabdulgani,4
206471,Article,richapintoi,sandhyanairTOI,4
206550,Article,richapintoi,HinaRohtaki,6
206541,Article,richapintoi,somitsenTOI,2
206466,Article,richapintoi,richapintoi,1
206467,Article,richapintoi,richapintoi,1
206522,Article,richapintoi,rishachitlangia,4
206498,Article,richapintoi,kush_junglee,2
206538,Article,richapintoi,richapintoi,1
206528,Article,richapintoi,vijayVsinghTOI,48
206575,Tweet,richapintoi,binays1960,206
206607,Tweet,richapintoi,bykaren,301
206658,Tweet,richapintoi,SidharthB25,38
206602,Tweet,richapintoi,abhishekTWEETS7,110
206640,Tweet,richapintoi,AlokKNMishra,8
206633,Tweet,richapintoi,tomdyckhoff,118
206614,Tweet,richapintoi,AlokKNMishra,20
206663,Tweet,richapintoi,palaknandiTOI,46
206592,Tweet,richapintoi,DerekMalcolm123,147
206584,Tweet,richapintoi,brooksbarnesNYT,305
206609,Tweet,richapintoi,PatrickKingsley,191
206612,Tweet,richapintoi,NikiKitsantonis,126
206613,Tweet,richapintoi,ChaitanyadTOI,10
206671,Tweet,richapintoi,npwcnn,51
206583,Tweet,richapintoi,lukebroadwater,132
174243,Article,ArunDev1,ramarkosg,40
174292,Article,ArunDev1,rajatpTOI,68
174272,Article,ArunDev1,digbijaymishra1,3
174208,Article,ArunDev1,vijayVsinghTOI,65
174229,Article,ArunDev1,akhileshsTOI,30
174223,Article,ArunDev1,ramarkosg,29
174322,Article,ArunDev1,rishachitlangia,13
174306,Article,ArunDev1,bagishjhaTOI,24
174274,Article,ArunDev1,jennydeluxe,6
174230,Article,ArunDev1,ChaithanyaSwamy,9
174366,Article,ArunDev1,rashmidTOI,137
174300,Article,ArunDev1,sandhyanairTOI,8
174330,Article,ArunDev1,SindhukTOI,13
174248,Article,ArunDev1,lucywardsings,117
174303,Article,ArunDev1,priyangiTOI,15
174400,Tweet,ArunDev1,billicritic,71
174415,Tweet,ArunDev1,desaisantosh,20
174392,Tweet,ArunDev1,naomi2009,54
174396,Tweet,ArunDev1,saumyajitbTOI,12
174461,Tweet,ArunDev1,kush_junglee,48
174441,Tweet,ArunDev1,NYTimesCohen,74
174381,Tweet,ArunDev1,sarahditum,200
174445,Tweet,ArunDev1,lenoretaylor,106
174464,Tweet,ArunDev1,thestephmerritt,61
174462,Tweet,ArunDev1,IKershner,132
174375,Tweet,ArunDev1,williamkeegan,9
174454,Tweet,ArunDev1,parthasinha,17
174457,Tweet,ArunDev1,gailcollins,358
174378,Tweet,ArunDev1,AlysFowler,35
174393,Tweet,ArunDev1,naomi2009,60
187260,Article,itsshibuthomas,RosySequeiraTOI,9
187070,Article,itsshibuthomas,itsshibuthomas,1
187151,Article,itsshibuthomas,RosySequeiraTOI,19
187198,Article,itsshibuthomas,vijaypTOI,40
187194,Article,itsshibuthomas,amitanandTOI,2
187218,Article,itsshibuthomas,amitanandTOI,10
187149,Article,itsshibuthomas,itsshibuthomas,1
187173,Article,itsshibuthomas,PjJoychen,12
187062,Article,itsshibuthomas,BhanupratapsTOI,12
187249,Article,itsshibuthomas,RosySequeiraTOI,3
187219,Article,itsshibuthomas,KapildaveTOI,9
187042,Article,itsshibuthomas,rebeccaSTOI,19
187199,Article,itsshibuthomas,amitanandTOI,3
187056,Article,itsshibuthomas,RosySequeiraTOI,3
187183,Article,itsshibuthomas,itsshibuthomas,1
187309,Tweet,itsshibuthomas,sio_burke,83
187342,Tweet,itsshibuthomas,Shreyanka_M,43
187293,Tweet,itsshibuthomas,smita_mishra,195
187312,Tweet,itsshibuthomas,HackneyAbbott,205
187353,Tweet,itsshibuthomas,Chethan_Dash,209
187364,Tweet,itsshibuthomas,ajaykanth7,119
187331,Tweet,itsshibuthomas,DerekMalcolm123,263
187291,Tweet,itsshibuthomas,nytmike,327
187306,Tweet,itsshibuthomas,saumyajitbTOI,133
187334,Tweet,itsshibuthomas,WilbyPeter,33
187348,Tweet,itsshibuthomas,timlottwriter,77
187302,Tweet,itsshibuthomas,KTVinobhaTOI,70
187330,Tweet,itsshibuthomas,RosySequeiraTOI,191
187318,Tweet,itsshibuthomas,TristramHuntVA,170
187347,Tweet,itsshibuthomas,alexbellos,89
212652,Article,smita_mishra,melissaclark,5
212672,Article,smita_mishra,smita_mishra,1
212645,Article,smita_mishra,smita_mishra,1
212742,Article,smita_mishra,JessicaValenti,74
212722,Article,smita_mishra,divyapal2013,4
212669,Article,smita_mishra,melissaclark,49
212726,Article,smita_mishra,DerekMalcolm123,6
212746,Article,smita_mishra,smita_mishra,1
212762,Article,smita_mishra,vijayVsinghTOI,10
212735,Article,smita_mishra,smita_mishra,1
212702,Article,smita_mishra,FelicityCloake,15
212667,Article,smita_mishra,pete_wells,23
212649,Article,smita_mishra,binays1960,13
212745,Article,smita_mishra,AlysFowler,2
212767,Article,smita_mishra,melissaclark,4
212798,Tweet,smita_mishra,smita_mishra,1
212856,Tweet,smita_mishra,ottolenghi,72
212829,Tweet,smita_mishra,Crime_Selvaraj,58
212853,Tweet,smita_mishra,smita_mishra,1
212780,Tweet,smita_mishra,SindhukTOI,11
212825,Tweet,smita_mishra,meeravohraTOI,31
212840,Tweet,smita_mishra,NYTimesCohen,96
212814,Tweet,smita_mishra,stevenpoole,3
212833,Tweet,smita_mishra,RosySequeiraTOI,161
212836,Tweet,smita_mishra,tejalrao,114
212830,Tweet,smita_mishra,yeshikabudhwar,183
212775,Tweet,smita_mishra,durgeshjhaTOI,16
212771,Tweet,smita_mishra,ipsinghTOI,144
212792,Tweet,smita_mishra,Shreyanka_M,8
212778,Tweet,smita_mishra,ThevarSteffy,2
215875,Article,SyedAkbarTOI,jamesrbuk,4
215914,Article,SyedAkbarTOI,Chethan_Dash,38
215868,Article,SyedAkbarTOI,Crime_Selvaraj,9
215719,Article,SyedAkbarTOI,AnujaJaiswalTOI,14
215733,Article,SyedAkbarTOI,williamnhutton,18
215877,Article,SyedAkbarTOI,Crime_Selvaraj,112
215713,Article,SyedAkbarTOI,parthasinha,4
215828,Article,SyedAkbarTOI,AnujaJaiswalTOI,21
215863,Article,SyedAkbarTOI,ThevarSteffy,2
215917,Article,SyedAkbarTOI,Chethan_Dash,81
215787,Article,SyedAkbarTOI,smita_mishra,35
215880,Article,SyedAkbarTOI,DouthatNYT,37
215756,Article,SyedAkbarTOI,Chethan_Dash,55
215808,Article,SyedAkbarTOI,jatinder_tur,97
215710,Article,SyedAkbarTOI,WilbyPeter,158
215931,Tweet,SyedAkbarTOI,divyapal2013,9
215956,Tweet,SyedAkbarTOI,NYTimesCohen,34
215996,Tweet,SyedAkbarTOI,smita_mishra,58
215998,Tweet,SyedAkbarTOI,williamkeegan,43
215991,Tweet,SyedAkbarTOI,salihughes,5
215975,Tweet,SyedAkbarTOI,SyedAkbarTOI,1
215919,Tweet,SyedAkbarTOI,divyapal2013,23
215954,Tweet,SyedAkbarTOI,dwightgarner,67
215928,Tweet,SyedAkbarTOI,ShoebKhanTOI,7
215999,Tweet,SyedAkbarTOI,john_hooper,166
216004,Tweet,SyedAkbarTOI,nauzerbTOI,18
216007,Tweet,SyedAkbarTOI,NYTimesCohen,102
215962,Tweet,SyedAkbarTOI,priyangiTOI,105
215993,Tweet,SyedAkbarTOI,divyapal2013,13
216009,Tweet,SyedAkbarTOI,durgeshjhaTOI,124
157153,Article,timlottwriter,DawnHFoster,12
157183,Article,timlottwriter,timlottwriter,1
157149,Article,timlottwriter,gettleman,16
157267,Article,timlottwriter,timlottwriter,1
157198,Article,timlottwriter,timlottwriter,1
157166,Article,timlottwriter,oliverburkeman,2
157201,Article,timlottwriter,timlottwriter,1
157328,Article,timlottwriter,williamkeegan,13
157382,Article,timlottwriter,timlottwriter,1
157361,Article,timlottwriter,alanconnor,14
157315,Article,timlottwriter,timlottwriter,1
157268,Article,timlottwriter,timlottwriter,1
157138,Article,timlottwriter,alanconnor,3
157323,Article,timlottwriter,timlottwriter,1
157180,Article,timlottwriter,timlottwriter,1
157650,Tweet,timlottwriter,lucysiegle,24
157936,Tweet,timlottwriter,parthasinha,74
157833,Tweet,timlottwriter,kenanmalik,6
157518,Tweet,timlottwriter,alanconnor,29
157919,Tweet,timlottwriter,NilsPratley,10
157916,Tweet,timlottwriter,MonaChalabi,7
157428,Tweet,timlottwriter,divyapal2013,147
157909,Tweet,timlottwriter,DouthatNYT,45
157558,Tweet,timlottwriter,GeorgeMonbiot,30
157602,Tweet,timlottwriter,sendvictorious,9
157710,Tweet,timlottwriter,naomi2009,22
157465,Tweet,timlottwriter,emilybell,55
157823,Tweet,timlottwriter,RosySequeiraTOI,10
157633,Tweet,timlottwriter,jhoffman,10
157774,Tweet,timlottwriter,williamkeegan,59
85731,Article,ewenmacaskill,AnushkaAsthana,93
85732,Article,ewenmacaskill,charltonbrooker,65
85670,Article,ewenmacaskill,AndrewSparrow,2
85789,Article,ewenmacaskill,PippaCrerar,7
85628,Article,ewenmacaskill,DeccaJourno,65
85727,Article,ewenmacaskill,ewenmacaskill,1
85671,Article,ewenmacaskill,davidleighx,3
85798,Article,ewenmacaskill,DanielKingChess,129
85625,Article,ewenmacaskill,AndrewSparrow,41
85665,Article,ewenmacaskill,MiriamElder,3
85707,Article,ewenmacaskill,ewenmacaskill,1
85663,Article,ewenmacaskill,dansabbagh,2
85782,Article,ewenmacaskill,DeccaJourno,17
85807,Article,ewenmacaskill,ewenmacaskill,1
85718,Article,ewenmacaskill,john_hooper,4
86333,Tweet,ewenmacaskill,HinaRohtaki,11
86091,Tweet,ewenmacaskill,AndrewSparrow,23
86148,Tweet,ewenmacaskill,greenslader,3
85908,Tweet,ewenmacaskill,MiriamElder,61
86266,Tweet,ewenmacaskill,williamnhutton,5
86121,Tweet,ewenmacaskill,KTVinobhaTOI,44
86278,Tweet,ewenmacaskill,williamkeegan,5
86053,Tweet,ewenmacaskill,tomdyckhoff,5
86174,Tweet,ewenmacaskill,ewenmacaskill,1
85990,Tweet,ewenmacaskill,AndrewSparrow,2
85929,Tweet,ewenmacaskill,emilybell,11
86007,Tweet,ewenmacaskill,tomfriedman,141
86363,Tweet,ewenmacaskill,GRajivTOI,71
86376,Tweet,ewenmacaskill,michelleinbklyn,446
86384,Tweet,ewenmacaskill,billicritic,2
84812,Article,ameliagentleman,rebeccaSTOI,8
84957,Article,ameliagentleman,TOISH31,177
84995,Article,ameliagentleman,bglendenning,23
84987,Article,ameliagentleman,ameliagentleman,1
84834,Article,ameliagentleman,DeccaJourno,5
84903,Article,ameliagentleman,sio_burke,466
84786,Article,ameliagentleman,ameliagentleman,1
84908,Article,ameliagentleman,lukeharding1968,47
84875,Article,ameliagentleman,ameliagentleman,1
84993,Article,ameliagentleman,ameliagentleman,1
84752,Article,ameliagentleman,leninology,163
84792,Article,ameliagentleman,archiebland,107
84886,Article,ameliagentleman,CarolineLucas,144
84971,Article,ameliagentleman,PippaCrerar,10
84782,Article,ameliagentleman,lukeharding1968,79
85586,Tweet,ameliagentleman,petleepeter,76
85047,Tweet,ameliagentleman,abhishekTWEETS7,88
85144,Tweet,ameliagentleman,samsifton,107
85034,Tweet,ameliagentleman,hannahdev,2
85117,Tweet,ameliagentleman,Markbeaumontuk,94
85091,Tweet,ameliagentleman,rajatpTOI,341
85008,Tweet,ameliagentleman,jennydeluxe,242
85367,Tweet,ameliagentleman,lucysiegle,8
85389,Tweet,ameliagentleman,tomdyckhoff,6
85018,Tweet,ameliagentleman,tomdyckhoff,2
85183,Tweet,ameliagentleman,carolecadwalla,129
85119,Tweet,ameliagentleman,jonronson,202
85413,Tweet,ameliagentleman,ameliagentleman,1
85600,Tweet,ameliagentleman,andrewrawnsley,287
85369,Tweet,ameliagentleman,Freedland,276
206253,Article,rhymetraveller,vijaypTOI,2
206399,Article,rhymetraveller,npwcnn,59
206367,Article,rhymetraveller,RosySequeiraTOI,2
206227,Article,rhymetraveller,rhymetraveller,1
206398,Article,rhymetraveller,priyangiTOI,43
206372,Article,rhymetraveller,declanwalsh,81
206174,Article,rhymetraveller,rhymetraveller,1
206343,Article,rhymetraveller,bishnoiarvind11,13
206302,Article,rhymetraveller,rhymetraveller,1
206319,Article,rhymetraveller,vijayVsinghTOI,12
206303,Article,rhymetraveller,rhymetraveller,1
206205,Article,rhymetraveller,KapildaveTOI,28
206298,Article,rhymetraveller,vwang3,68
206273,Article,rhymetraveller,umamahesh_ToI,21
206217,Article,rhymetraveller,aleksk,351
206461,Tweet,rhymetraveller,dklavaniaTOI,41
206463,Tweet,rhymetraveller,kush_junglee,9
206439,Tweet,rhymetraveller,marywalshjourno,274
206408,Tweet,rhymetraveller,GRajivTOI,3
206455,Tweet,rhymetraveller,MoharBasu,43
206437,Tweet,rhymetraveller,alexvtunzelmann,124
206429,Tweet,rhymetraveller,timatkin,177
206424,Tweet,rhymetraveller,vijayVsinghTOI,22
206446,Tweet,rhymetraveller,adamliptak,62
206454,Tweet,rhymetraveller,ArthurNeslen,53
206430,Tweet,rhymetraveller,toi_dhananjayM,34
206427,Tweet,rhymetraveller,bishnoiarvind11,27
206415,Tweet,rhymetraveller,pradeeptTOI,30
206452,Tweet,rhymetraveller,rhymetraveller,1
206447,Tweet,rhymetraveller,alexbellos,54
196523,Article,naomi2009,sandhyanairTOI,38
196424,Article,naomi2009,Shilarze_SSR,2
196536,Article,naomi2009,naomi2009,1
196495,Article,naomi2009,sarahlyall,129
196409,Article,naomi2009,rajendrasTOI,3
196585,Article,naomi2009,MiriamElder,2
196566,Article,naomi2009,smita_mishra,17
196428,Article,naomi2009,ewenmacaskill,2
196516,Article,naomi2009,IpsitaTOI,10
196485,Article,naomi2009,vijayVsinghTOI,18
196418,Article,naomi2009,naomi2009,1
196478,Article,naomi2009,anandbodhTOI,7
196504,Article,naomi2009,toi_shailendraA,7
196451,Article,naomi2009,abantika77,4
196519,Article,naomi2009,TridibIANS,23
196668,Tweet,naomi2009,MujMash,4
196629,Tweet,naomi2009,NilsPratley,30
196640,Tweet,naomi2009,llerer,190
196707,Tweet,naomi2009,billicritic,3
196654,Tweet,naomi2009,NilsPratley,128
196642,Tweet,naomi2009,RosySequeiraTOI,49
196659,Tweet,naomi2009,bishnoiarvind11,27
196645,Tweet,naomi2009,jonronson,84
196702,Tweet,naomi2009,neelam_raaj,11
196713,Tweet,naomi2009,AndrewSparrow,5
196647,Tweet,naomi2009,DerekMalcolm123,28
196716,Tweet,naomi2009,vwang3,51
196655,Tweet,naomi2009,davidleighx,72
196694,Tweet,naomi2009,williamkeegan,79
196699,Tweet,naomi2009,manujaveerappa,125
12873,Article,marcatracy,RBReich,45
12886,Article,marcatracy,ShaneGoldmacher,2
12808,Article,marcatracy,SherylNYT,76
12841,Article,marcatracy,hillhulse,52
12876,Article,marcatracy,gailcollins,7
12882,Article,marcatracy,ByJamesWagner,6
12837,Article,marcatracy,ShaneGoldmacher,27
12845,Article,marcatracy,pete_wells,291
12843,Article,marcatracy,livia_ar,4
12866,Article,marcatracy,PatriciaMazzei,14
12803,Article,marcatracy,paulkrugman,6
12813,Article,marcatracy,mikeives,307
12827,Article,marcatracy,tripgabriel,18
12860,Article,marcatracy,billywitz,4
12890,Article,marcatracy,digbijaymishra1,6
12932,Tweet,marcatracy,bencasselman,60
12926,Tweet,marcatracy,priyangiTOI,286
12971,Tweet,marcatracy,jimtankersley,39
12960,Tweet,marcatracy,jhoffman,62
12917,Tweet,marcatracy,jimtankersley,74
12900,Tweet,marcatracy,wesley_morris,26
12913,Tweet,marcatracy,hugolowell,34
12919,Tweet,marcatracy,chrishughes,33
12943,Tweet,marcatracy,Bencjacobs,8
12988,Tweet,marcatracy,WilbyPeter,277
12958,Tweet,marcatracy,apoorva_nyc,131
12964,Tweet,marcatracy,polblonde,253
12976,Tweet,marcatracy,DouthatNYT,74
12975,Tweet,marcatracy,NYTimesCohen,237
12905,Tweet,marcatracy,gailcollins,102
22468,Article,jonpareles,jonpareles,1
22454,Article,jonpareles,jonpareles,1
22428,Article,jonpareles,parul_sehgal,247
22452,Article,jonpareles,pete_wells,137
22416,Article,jonpareles,jonpareles,1
22460,Article,jonpareles,jonpareles,1
22497,Article,jonpareles,jonpareles,1
22438,Article,jonpareles,jonpareles,1
22455,Article,jonpareles,joncaramanica,23
22495,Article,jonpareles,jonpareles,1
22457,Article,jonpareles,joncaramanica,34
22448,Article,jonpareles,vvfriedman,115
22478,Article,jonpareles,jonpareles,1
22418,Article,jonpareles,DouthatNYT,327
22422,Article,jonpareles,DSlotnik,421
22544,Tweet,jonpareles,jonpareles,1
22577,Tweet,jonpareles,MoharBasu,2
22585,Tweet,jonpareles,aleksk,12
22578,Tweet,jonpareles,DanielKingChess,4
22515,Tweet,jonpareles,laurenlaverne,73
22564,Tweet,jonpareles,benkenigsberg,38
22589,Tweet,jonpareles,fmanjoo,6
22580,Tweet,jonpareles,parthasinha,219
22529,Tweet,jonpareles,NikiKitsantonis,298
22569,Tweet,jonpareles,aleksk,7
22543,Tweet,jonpareles,DanielKingChess,2
22537,Tweet,jonpareles,alexbellos,193
22550,Tweet,jonpareles,RosySequeiraTOI,25
22586,Tweet,jonpareles,MoharBasu,6
22522,Tweet,jonpareles,fmanjoo,25
108714,Article,seaningle,joshwiddicombe,5
108835,Article,seaningle,FabrizioRomano,100
108844,Article,seaningle,toi_dhananjayM,69
108640,Article,seaningle,seaningle,1
108778,Article,seaningle,seaningle,1
108834,Article,seaningle,timlottwriter,222
108703,Article,seaningle,martcrossy,6
108747,Article,seaningle,IanCobain,5
108625,Article,seaningle,marthakelner,5
108762,Article,seaningle,saumyajitbTOI,12
108861,Article,seaningle,AlysFowler,59
108629,Article,seaningle,jimwaterson,9
108737,Article,seaningle,ewenmacaskill,40
108641,Article,seaningle,seaningle,1
108783,Article,seaningle,FabrizioRomano,9
108929,Tweet,seaningle,HinaRohtaki,74
109270,Tweet,seaningle,bglendenning,3
109167,Tweet,seaningle,andybrassell,66
108975,Tweet,seaningle,andrewrawnsley,11
109103,Tweet,seaningle,jennydeluxe,63
109093,Tweet,seaningle,wesley_morris,93
109205,Tweet,seaningle,bglendenning,48
109269,Tweet,seaningle,williamnhutton,186
109332,Tweet,seaningle,philipoltermann,321
109083,Tweet,seaningle,saumyajitbTOI,5
109174,Tweet,seaningle,saumyajitbTOI,7
109163,Tweet,seaningle,bglendenning,2
109281,Tweet,seaningle,RorySmith,52
109422,Tweet,seaningle,andrewrawnsley,2
109156,Tweet,seaningle,seaningle,1
74210,Article,DerekMalcolm123,alanconnor,2
74157,Article,DerekMalcolm123,DerekMalcolm123,1
74049,Article,DerekMalcolm123,peterbradshaw1,8
74138,Article,DerekMalcolm123,DerekMalcolm123,1
74240,Article,DerekMalcolm123,DerekMalcolm123,1
74239,Article,DerekMalcolm123,DerekMalcolm123,1
73999,Article,DerekMalcolm123,peterbradshaw1,3
74163,Article,DerekMalcolm123,DerekMalcolm123,1
74161,Article,DerekMalcolm123,DerekMalcolm123,1
74125,Article,DerekMalcolm123,alanconnor,3
74103,Article,DerekMalcolm123,DerekMalcolm123,1
74192,Article,DerekMalcolm123,alexvtunzelmann,3
74137,Article,DerekMalcolm123,DerekMalcolm123,1
74076,Article,DerekMalcolm123,davidhepworth,5
74078,Article,DerekMalcolm123,DouthatNYT,14
74430,Tweet,DerekMalcolm123,davidhepworth,68
74435,Tweet,DerekMalcolm123,DerekMalcolm123,1
74566,Tweet,DerekMalcolm123,DerekMalcolm123,1
74373,Tweet,DerekMalcolm123,joncaramanica,11
74472,Tweet,DerekMalcolm123,DerekMalcolm123,1
74286,Tweet,DerekMalcolm123,NilsPratley,30
74354,Tweet,DerekMalcolm123,billicritic,390
74426,Tweet,DerekMalcolm123,salihughes,5
74532,Tweet,DerekMalcolm123,DerekMalcolm123,1
74429,Tweet,DerekMalcolm123,msmirandasawyer,49
74560,Tweet,DerekMalcolm123,davidhepworth,14
74371,Tweet,DerekMalcolm123,steve_hewlett,4
74273,Tweet,DerekMalcolm123,DerekMalcolm123,1
74340,Tweet,DerekMalcolm123,lucysiegle,207
74346,Tweet,DerekMalcolm123,DerekMalcolm123,1
128505,Article,RBReich,RBReich,1
128584,Article,RBReich,RBReich,1
128508,Article,RBReich,RBReich,1
128660,Article,RBReich,FrankBruni,14
128639,Article,RBReich,JessicaValenti,23
128657,Article,RBReich,RBReich,1
128674,Article,RBReich,RBReich,1
128570,Article,RBReich,paulkrugman,3
128670,Article,RBReich,RBReich,1
128564,Article,RBReich,RBReich,1
128510,Article,RBReich,RBReich,1
128558,Article,RBReich,RBReich,1
128554,Article,RBReich,RBReich,1
128561,Article,RBReich,RBReich,1
128719,Article,RBReich,RBReich,1
129193,Tweet,RBReich,PatrickKingsley,209
128861,Tweet,RBReich,marywalshjourno,167
128758,Tweet,RBReich,RBReich,1
129137,Tweet,RBReich,RBReich,1
128887,Tweet,RBReich,paulkrugman,3
129039,Tweet,RBReich,RBReich,1
129302,Tweet,RBReich,jmart,94
129110,Tweet,RBReich,fmanjoo,95
129144,Tweet,RBReich,jeannasmialek,7
128897,Tweet,RBReich,nytdavidbrooks,5
128970,Tweet,RBReich,RBReich,1
129090,Tweet,RBReich,jeannasmialek,15
129135,Tweet,RBReich,RosySequeiraTOI,300
129277,Tweet,RBReich,fmanjoo,66
129280,Tweet,RBReich,jeannasmialek,3
181647,Article,divyapal2013,DerekMalcolm123,6
181634,Article,divyapal2013,debaratisen,2
181790,Article,divyapal2013,divyapal2013,1
181796,Article,divyapal2013,DerekMalcolm123,5
181812,Article,divyapal2013,divyapal2013,1
181813,Article,divyapal2013,ManjuVTOI,13
181643,Article,divyapal2013,debaratisen,2
181734,Article,divyapal2013,divyapal2013,1
181625,Article,divyapal2013,jbouie,285
181630,Article,divyapal2013,DerekMalcolm123,3
181853,Article,divyapal2013,vijayVsinghTOI,33
181797,Article,divyapal2013,ShrinivasaMTOI,2
181755,Article,divyapal2013,divyapal2013,1
181638,Article,divyapal2013,divyapal2013,1
181750,Article,divyapal2013,MoharBasu,9
181951,Tweet,divyapal2013,divyapal2013,1
181876,Tweet,divyapal2013,fmanjoo,193
181904,Tweet,divyapal2013,binays1960,233
181967,Tweet,divyapal2013,sudhanshub16,2
181902,Tweet,divyapal2013,ManjuVTOI,13
181932,Tweet,divyapal2013,alexanderburns,81
181953,Tweet,divyapal2013,petleepeter,101
181952,Tweet,divyapal2013,MohitaTOI,54
181962,Tweet,divyapal2013,KTVinobhaTOI,3
181961,Tweet,divyapal2013,priyagupta999,2
181938,Tweet,divyapal2013,jennydeluxe,45
181926,Tweet,divyapal2013,andybrassell,178
181935,Tweet,divyapal2013,sio_burke,91
181924,Tweet,divyapal2013,petleepeter,16
181905,Tweet,divyapal2013,AlysFowler,207
202346,Article,pradeeptTOI,mateenHTOI,2
202336,Article,pradeeptTOI,GRajivTOI,18
202294,Article,pradeeptTOI,pankajdoval,24
202310,Article,pradeeptTOI,AtulMathur_,43
202300,Article,pradeeptTOI,vijayVsinghTOI,28
202511,Article,pradeeptTOI,GRajivTOI,8
202355,Article,pradeeptTOI,amitanandTOI,19
202478,Article,pradeeptTOI,vijayVsinghTOI,2
202484,Article,pradeeptTOI,vijayVsinghTOI,2
202488,Article,pradeeptTOI,maheshbTOI,18
202291,Article,pradeeptTOI,Crime_Selvaraj,6
202288,Article,pradeeptTOI,KapildaveTOI,2
202367,Article,pradeeptTOI,vijayVsinghTOI,2
202293,Article,pradeeptTOI,pradeeptTOI,1
202459,Article,pradeeptTOI,toi_dhananjayM,42
202548,Tweet,pradeeptTOI,sandhyanairTOI,147
202585,Tweet,pradeeptTOI,GRajivTOI,24
202587,Tweet,pradeeptTOI,aditya_bh16,59
202574,Tweet,pradeeptTOI,palaknandiTOI,8
202625,Tweet,pradeeptTOI,KTVinobhaTOI,24
202527,Tweet,pradeeptTOI,LFFriedman,48
202580,Tweet,pradeeptTOI,toi_dhananjayM,8
202531,Tweet,pradeeptTOI,pradeeptTOI,1
202608,Tweet,pradeeptTOI,BhanupratapsTOI,95
202571,Tweet,pradeeptTOI,PhanindraP_TNIE,6
202594,Tweet,pradeeptTOI,RosySequeiraTOI,29
202526,Tweet,pradeeptTOI,vaibhavgTOI,35
202583,Tweet,pradeeptTOI,pradeeptTOI,1
202623,Tweet,pradeeptTOI,Crime_Selvaraj,32
202591,Tweet,pradeeptTOI,rebeccaSTOI,11
83082,Article,DawnHFoster,DawnHFoster,1
83261,Article,DawnHFoster,KateEMcCann,2
83064,Article,DawnHFoster,gabyhinsliff,10
83228,Article,DawnHFoster,alexbellos,2
83247,Article,DawnHFoster,DawnHFoster,1
83206,Article,DawnHFoster,DawnHFoster,1
83144,Article,DawnHFoster,garyyounge,19
83236,Article,DawnHFoster,HackneyAbbott,63
83193,Article,DawnHFoster,ameliagentleman,8
83168,Article,DawnHFoster,DawnHFoster,1
83229,Article,DawnHFoster,DawnHFoster,1
83263,Article,DawnHFoster,archiebland,3
83287,Article,DawnHFoster,DawnHFoster,1
83067,Article,DawnHFoster,kenanmalik,7
83171,Article,DawnHFoster,DawnHFoster,1
83411,Tweet,DawnHFoster,lyngardner,60
83749,Tweet,DawnHFoster,leninology,7
83342,Tweet,DawnHFoster,williamnhutton,10
83684,Tweet,DawnHFoster,RosySequeiraTOI,36
83457,Tweet,DawnHFoster,MaggieAstor,137
83581,Tweet,DawnHFoster,melissaclark,264
83396,Tweet,DawnHFoster,LucyMangan,65
83766,Tweet,DawnHFoster,lyngardner,77
83569,Tweet,DawnHFoster,tejalrao,431
83675,Tweet,DawnHFoster,RowanMoore,32
83792,Tweet,DawnHFoster,fmanjoo,37
83677,Tweet,DawnHFoster,williamnhutton,177
83404,Tweet,DawnHFoster,gailcollins,102
83872,Tweet,DawnHFoster,tejalrao,283
83510,Tweet,DawnHFoster,peterbradshaw1,2
211943,Article,SindhukTOI,Crime_Selvaraj,4
211982,Article,SindhukTOI,naomi2009,13
212168,Article,SindhukTOI,Crime_Selvaraj,2
212165,Article,SindhukTOI,Crime_Selvaraj,5
211967,Article,SindhukTOI,mateenHTOI,25
211955,Article,SindhukTOI,SidharthB25,4
212002,Article,SindhukTOI,Crime_Selvaraj,6
211950,Article,SindhukTOI,SindhukTOI,1
212048,Article,SindhukTOI,SindhukTOI,1
211993,Article,SindhukTOI,SindhukTOI,1
212151,Article,SindhukTOI,Crime_Selvaraj,5
211939,Article,SindhukTOI,AmritadTOI,2
211974,Article,SindhukTOI,npwcnn,11
212137,Article,SindhukTOI,ChaithanyaSwamy,4
212153,Article,SindhukTOI,mateenHTOI,10
212227,Tweet,SindhukTOI,MujMash,9
212186,Tweet,SindhukTOI,murarishetye,24
212277,Tweet,SindhukTOI,SindhukTOI,1
212282,Tweet,SindhukTOI,SindhukTOI,1
212238,Tweet,SindhukTOI,PrashantrTOI,2
212260,Tweet,SindhukTOI,SindhukTOI,1
212192,Tweet,SindhukTOI,petleepeter,19
212274,Tweet,SindhukTOI,SindhukTOI,1
212230,Tweet,SindhukTOI,GRajivTOI,13
212199,Tweet,SindhukTOI,PjJoychen,4
212254,Tweet,SindhukTOI,KapildaveTOI,7
212268,Tweet,SindhukTOI,SindhukTOI,1
212232,Tweet,SindhukTOI,SindhukTOI,1
212267,Tweet,SindhukTOI,SindhukTOI,1
212269,Tweet,SindhukTOI,sandhyanairTOI,31
8403,Article,GlennThrush,peterbakernyt,49
8433,Article,GlennThrush,hillhulse,72
8479,Article,GlennThrush,bencasselman,129
8495,Article,GlennThrush,BenWeiserNYT,35
8431,Article,GlennThrush,jmart,34
8494,Article,GlennThrush,ewong,63
8420,Article,GlennThrush,llerer,67
8421,Article,GlennThrush,jimtankersley,60
8406,Article,GlennThrush,jmart,14
8409,Article,GlennThrush,ShaneGoldmacher,18
8457,Article,GlennThrush,ShaneGoldmacher,60
8440,Article,GlennThrush,adamliptak,35
8466,Article,GlennThrush,reidepstein,7
8414,Article,GlennThrush,hillhulse,40
8408,Article,GlennThrush,llerer,39
8520,Tweet,GlennThrush,ChuBailiang,95
8577,Tweet,GlennThrush,davidleighx,26
8558,Tweet,GlennThrush,tripgabriel,34
8523,Tweet,GlennThrush,Azi,20
8502,Tweet,GlennThrush,hillhulse,88
8530,Tweet,GlennThrush,michelleinbklyn,3
8553,Tweet,GlennThrush,chrishughes,14
8540,Tweet,GlennThrush,ditzkoff,61
8501,Tweet,GlennThrush,rondakaysen,55
8528,Tweet,GlennThrush,hugolowell,120
8517,Tweet,GlennThrush,samsifton,156
8548,Tweet,GlennThrush,GRajivTOI,367
8554,Tweet,GlennThrush,mtomasky,31
8582,Tweet,GlennThrush,tripgabriel,4
8534,Tweet,GlennThrush,ShaneGoldmacher,26
169888,Article,adwaidh,adwaidh,1
169887,Article,adwaidh,DanielKingChess,2
169857,Article,adwaidh,MarcusMergulhao,5
169870,Article,adwaidh,adwaidh,1
169880,Article,adwaidh,adwaidh,1
169894,Article,adwaidh,Shilarze_SSR,2
169858,Article,adwaidh,abantika77,14
169913,Article,adwaidh,BenRothenberg,19
169849,Article,adwaidh,sudeshnagTOI,2
169886,Article,adwaidh,sudeshnagTOI,9
169877,Article,adwaidh,AraniBasuTOI,11
169911,Article,adwaidh,sudeshnagTOI,10
169908,Article,adwaidh,bencasselman,122
169906,Article,adwaidh,adwaidh,1
169891,Article,adwaidh,TOISH31,6
169990,Tweet,adwaidh,RBReich,72
169936,Tweet,adwaidh,adwaidh,1
169917,Tweet,adwaidh,petleepeter,59
169980,Tweet,adwaidh,andybrassell,67
169930,Tweet,adwaidh,priyagupta999,4
169973,Tweet,adwaidh,adwaidh,1
169923,Tweet,adwaidh,afuahirsch,55
169928,Tweet,adwaidh,toi_ManujaV,3
169985,Tweet,adwaidh,petleepeter,46
169961,Tweet,adwaidh,andybrassell,12
169927,Tweet,adwaidh,FabrizioRomano,2
169977,Tweet,adwaidh,toi_ManujaV,5
169924,Tweet,adwaidh,andybrassell,48
169984,Tweet,adwaidh,TOISH31,2
169922,Tweet,adwaidh,andybrassell,46
193379,Article,meeravohraTOI,divyapal2013,2
193532,Article,meeravohraTOI,alexmarshall81,28
193456,Article,meeravohraTOI,divyapal2013,33
193477,Article,meeravohraTOI,debaratisen,21
193495,Article,meeravohraTOI,debaratisen,12
193426,Article,meeravohraTOI,ChaitanyadTOI,11
193547,Article,meeravohraTOI,debaratisen,47
193418,Article,meeravohraTOI,naomi2009,132
193347,Article,meeravohraTOI,meeravohraTOI,1
193316,Article,meeravohraTOI,debaratisen,2
193422,Article,meeravohraTOI,Crime_Selvaraj,132
193375,Article,meeravohraTOI,meeravohraTOI,1
193326,Article,meeravohraTOI,debaratisen,2
193339,Article,meeravohraTOI,divyapal2013,98
193515,Article,meeravohraTOI,debaratisen,55
193620,Tweet,meeravohraTOI,AlokKNMishra,2
193576,Tweet,meeravohraTOI,lucysiegle,4
193615,Tweet,meeravohraTOI,KTVinobhaTOI,9
193585,Tweet,meeravohraTOI,BawaNaaved,25
193592,Tweet,meeravohraTOI,RosySequeiraTOI,22
193562,Tweet,meeravohraTOI,petleepeter,38
193640,Tweet,meeravohraTOI,jayamenon64,28
193557,Tweet,meeravohraTOI,akhileshsTOI,25
193623,Tweet,meeravohraTOI,maheshbTOI,61
193644,Tweet,meeravohraTOI,meeravohraTOI,1
193556,Tweet,meeravohraTOI,petleepeter,36
193561,Tweet,meeravohraTOI,PatrickKingsley,72
193584,Tweet,meeravohraTOI,petleepeter,51
193608,Tweet,meeravohraTOI,nandinisgTOI,66
193634,Tweet,meeravohraTOI,MarinaOLoughlin,140
184568,Article,GRajivTOI,shafaquealamTOI,41
184439,Article,GRajivTOI,NilsPratley,40
184429,Article,GRajivTOI,yusrahusain,60
184503,Article,GRajivTOI,rajendrasTOI,15
184529,Article,GRajivTOI,GRajivTOI,1
184406,Article,GRajivTOI,tomfriedman,139
184558,Article,GRajivTOI,KateEMcCann,10
184387,Article,GRajivTOI,007pandey,59
184385,Article,GRajivTOI,jatinder_tur,4
184461,Article,GRajivTOI,RosySequeiraTOI,2
184574,Article,GRajivTOI,GRajivTOI,1
184505,Article,GRajivTOI,GRajivTOI,1
184389,Article,GRajivTOI,anandbodhTOI,20
184554,Article,GRajivTOI,toi_dhananjayM,88
184368,Article,GRajivTOI,GRajivTOI,1
184699,Tweet,GRajivTOI,GRajivTOI,1
184653,Tweet,GRajivTOI,GRajivTOI,1
184704,Tweet,GRajivTOI,vijaysinghTOI,5
184633,Tweet,GRajivTOI,SwatiMathurTOI,14
184660,Tweet,GRajivTOI,GRajivTOI,1
184624,Tweet,GRajivTOI,GRajivTOI,1
184665,Tweet,GRajivTOI,toi_dhananjayM,7
184613,Tweet,GRajivTOI,murarishetyeTOI,97
184705,Tweet,GRajivTOI,mateenHTOI,3
184607,Tweet,GRajivTOI,advityabahlTOI,22
184654,Tweet,GRajivTOI,_nicolaclark,417
184628,Tweet,GRajivTOI,WilbyPeter,2
184701,Tweet,GRajivTOI,GRajivTOI,1
184638,Tweet,GRajivTOI,PhanindraP_TNIE,15
184621,Tweet,GRajivTOI,PeterTatchell,2
167948,Article,27saurabhsinha,KapildaveTOI,8
167918,Article,27saurabhsinha,ramarkosg,3
167860,Article,27saurabhsinha,pankajdoval,7
167824,Article,27saurabhsinha,AtulMathur_,8
167950,Article,27saurabhsinha,dipakdashTOI,2
167966,Article,27saurabhsinha,27saurabhsinha,1
167951,Article,27saurabhsinha,27saurabhsinha,1
167992,Article,27saurabhsinha,27saurabhsinha,1
167832,Article,27saurabhsinha,BhanupratapsTOI,3
167760,Article,27saurabhsinha,ManjuVTOI,25
167930,Article,27saurabhsinha,007pandey,7
167794,Article,27saurabhsinha,richapintoi,35
167755,Article,27saurabhsinha,bencasselman,17
167806,Article,27saurabhsinha,manvirsainiTOI,6
167988,Article,27saurabhsinha,AtulMathur_,2
168017,Tweet,27saurabhsinha,toi_ManujaV,7
168033,Tweet,27saurabhsinha,PjJoychen,71
168032,Tweet,27saurabhsinha,vivek9301,96
168087,Tweet,27saurabhsinha,27saurabhsinha,1
168075,Tweet,27saurabhsinha,RosySequeiraTOI,210
168012,Tweet,27saurabhsinha,KTVinobhaTOI,368
168024,Tweet,27saurabhsinha,PrashantrTOI,110
168010,Tweet,27saurabhsinha,ipsinghTOI,119
168011,Tweet,27saurabhsinha,KapildaveTOI,74
168029,Tweet,27saurabhsinha,Gauraw2297,6
168018,Tweet,27saurabhsinha,PNaveenTOI,75
168084,Tweet,27saurabhsinha,ManjuVTOI,33
168063,Tweet,27saurabhsinha,advityabahlTOI,26
168007,Tweet,27saurabhsinha,AlokKNMishra,3
168094,Tweet,27saurabhsinha,27saurabhsinha,1
91905,Article,nicholaswatt,PeterTatchell,29
91971,Article,nicholaswatt,ameliagentleman,5
91917,Article,nicholaswatt,dansabbagh,3
91916,Article,nicholaswatt,nicholaswatt,1
91839,Article,nicholaswatt,PippaCrerar,2
91883,Article,nicholaswatt,AnushkaAsthana,13
91849,Article,nicholaswatt,marthakelner,8
92022,Article,nicholaswatt,ewenmacaskill,5
91961,Article,nicholaswatt,afuahirsch,258
92019,Article,nicholaswatt,davidleighx,2
91924,Article,nicholaswatt,PippaCrerar,2
91815,Article,nicholaswatt,nicholaswatt,1
92009,Article,nicholaswatt,nicholaswatt,1
91814,Article,nicholaswatt,martcrossy,6
91910,Article,nicholaswatt,nicholaswatt,1
92184,Tweet,nicholaswatt,davidleighx,3
92550,Tweet,nicholaswatt,AndrewSparrow,54
92217,Tweet,nicholaswatt,ArthurNeslen,3
92422,Tweet,nicholaswatt,IKershner,67
92635,Tweet,nicholaswatt,PippaCrerar,18
92331,Tweet,nicholaswatt,NikiKitsantonis,90
92256,Tweet,nicholaswatt,williamkeegan,78
92149,Tweet,nicholaswatt,andrewrawnsley,319
92321,Tweet,nicholaswatt,pradeepjourno,219
92419,Tweet,nicholaswatt,laurenlaverne,192
92136,Tweet,nicholaswatt,nicholaswatt,1
92587,Tweet,nicholaswatt,RowanMoore,5
92527,Tweet,nicholaswatt,williamkeegan,47
92128,Tweet,nicholaswatt,ewenmacaskill,241
92192,Tweet,nicholaswatt,npwcnn,2
177098,Article,BawaNaaved,RosySequeiraTOI,147
177166,Article,BawaNaaved,ThevarSteffy,6
177143,Article,BawaNaaved,amitanandTOI,33
177148,Article,BawaNaaved,neelam_raaj,77
177127,Article,BawaNaaved,har_mandeep,40
177149,Article,BawaNaaved,AlokKNMishra,85
177140,Article,BawaNaaved,SumitraDebRoy,17
177115,Article,BawaNaaved,SagrikaKissu,3
177135,Article,BawaNaaved,vaibhavgTOI,17
177130,Article,BawaNaaved,NYTimesCohen,176
177156,Article,BawaNaaved,PNaveenTOI,16
177141,Article,BawaNaaved,sandhyanairTOI,22
177145,Article,BawaNaaved,mateenHTOI,40
177138,Article,BawaNaaved,BawaNaaved,1
177102,Article,BawaNaaved,murarishetye,53
177187,Tweet,BawaNaaved,saumyajitbTOI,2
177204,Tweet,BawaNaaved,BawaNaaved,1
177236,Tweet,BawaNaaved,rajatpTOI,132
177201,Tweet,BawaNaaved,BawaNaaved,1
177209,Tweet,BawaNaaved,SindhukTOI,78
177239,Tweet,BawaNaaved,bykaren,133
177192,Tweet,BawaNaaved,bindiyachariTOI,12
177256,Tweet,BawaNaaved,tushhaikhush,8
177277,Tweet,BawaNaaved,SindhukTOI,9
177200,Tweet,BawaNaaved,BawaNaaved,1
177237,Tweet,BawaNaaved,BawaNaaved,1
177181,Tweet,BawaNaaved,smita_mishra,95
177233,Tweet,BawaNaaved,27saurabhsinha,69
177255,Tweet,BawaNaaved,BawaNaaved,1
177220,Tweet,BawaNaaved,EllenBarryNYT,19
7861,Article,FrankBruni,FrankBruni,1
7833,Article,FrankBruni,hillhulse,21
7885,Article,FrankBruni,sangerkatz,12
7897,Article,FrankBruni,paulkrugman,5
7826,Article,FrankBruni,williamkeegan,14
7822,Article,FrankBruni,anniekarni,60
7812,Article,FrankBruni,kenvogel,36
7872,Article,FrankBruni,alexanderburns,10
7814,Article,FrankBruni,FrankBruni,1
7843,Article,FrankBruni,BenRothenberg,27
7839,Article,FrankBruni,tomfriedman,19
7827,Article,FrankBruni,anniekarni,35
7840,Article,FrankBruni,FrankBruni,1
7832,Article,FrankBruni,gabyhinsliff,66
7817,Article,FrankBruni,alexanderburns,3
7968,Tweet,FrankBruni,NYTimesCohen,6
7965,Tweet,FrankBruni,FrankBruni,1
7963,Tweet,FrankBruni,tomfriedman,11
7917,Tweet,FrankBruni,marywalshjourno,132
7927,Tweet,FrankBruni,vijayVsinghTOI,176
7913,Tweet,FrankBruni,NYTimesCohen,2
7984,Tweet,FrankBruni,RosySequeiraTOI,242
7964,Tweet,FrankBruni,SangerNYT,43
7916,Tweet,FrankBruni,GeorgeMonbiot,48
7909,Tweet,FrankBruni,sermoninstone,195
7953,Tweet,FrankBruni,NYTimesCohen,2
7945,Tweet,FrankBruni,NYTimesCohen,10
7911,Tweet,FrankBruni,FrankBruni,1
7924,Tweet,FrankBruni,gailcollins,56
7982,Tweet,FrankBruni,andrewrawnsley,86
168534,Article,abhishekTWEETS7,ArthurNeslen,2
168578,Article,abhishekTWEETS7,DSlotnik,61
168680,Article,abhishekTWEETS7,vijayVsinghTOI,42
168579,Article,abhishekTWEETS7,Chethan_Dash,5
168557,Article,abhishekTWEETS7,anandbodhTOI,20
168456,Article,abhishekTWEETS7,advityabahlTOI,7
168682,Article,abhishekTWEETS7,SribaalaVTOI,33
168612,Article,abhishekTWEETS7,vaibhavgTOI,60
168593,Article,abhishekTWEETS7,priyangiTOI,78
168586,Article,abhishekTWEETS7,ManjuVTOI,134
168630,Article,abhishekTWEETS7,vaibhavgTOI,33
168572,Article,abhishekTWEETS7,SindhukTOI,63
168521,Article,abhishekTWEETS7,saumyajitbTOI,106
168571,Article,abhishekTWEETS7,maheshbTOI,89
168691,Article,abhishekTWEETS7,akhileshsTOI,80
168696,Tweet,abhishekTWEETS7,HinaRohtaki,67
168705,Tweet,abhishekTWEETS7,durgeshjhaTOI,69
168706,Tweet,abhishekTWEETS7,jatinder_tur,77
168738,Tweet,abhishekTWEETS7,niyatiparikhTOI,79
168701,Tweet,abhishekTWEETS7,27saurabhsinha,29
168717,Tweet,abhishekTWEETS7,BawaNaaved,28
168778,Tweet,abhishekTWEETS7,LucyMangan,40
168740,Tweet,abhishekTWEETS7,lucywardsings,24
168793,Tweet,abhishekTWEETS7,NYTimesCohen,184
168732,Tweet,abhishekTWEETS7,smita_mishra,32
168777,Tweet,abhishekTWEETS7,JoshuaRozenberg,84
168791,Tweet,abhishekTWEETS7,vwang3,209
168747,Tweet,abhishekTWEETS7,petleepeter,15
168704,Tweet,abhishekTWEETS7,hannahdev,59
168751,Tweet,abhishekTWEETS7,rishachitlangia,174
42242,Article,JessicaValenti,JessicaValenti,1
42301,Article,JessicaValenti,carolecadwalla,40
42360,Article,JessicaValenti,oliverburkeman,5
42198,Article,JessicaValenti,JessicaValenti,1
42308,Article,JessicaValenti,lukebroadwater,136
42207,Article,JessicaValenti,JessicaValenti,1
42366,Article,JessicaValenti,JessicaValenti,1
42311,Article,JessicaValenti,DouthatNYT,52
42199,Article,JessicaValenti,JessicaValenti,1
42293,Article,JessicaValenti,JessicaValenti,1
42295,Article,JessicaValenti,oliverburkeman,5
42334,Article,JessicaValenti,JessicaValenti,1
42400,Article,JessicaValenti,mtomasky,2
42279,Article,JessicaValenti,JessicaValenti,1
42220,Article,JessicaValenti,JessicaValenti,1
42548,Tweet,JessicaValenti,JessicaValenti,1
42492,Tweet,JessicaValenti,DouthatNYT,42
42620,Tweet,JessicaValenti,mtomasky,35
42636,Tweet,JessicaValenti,hillhulse,35
42818,Tweet,JessicaValenti,ceciliakang,55
42515,Tweet,JessicaValenti,jonronson,10
42910,Tweet,JessicaValenti,CarolineLucas,304
42475,Tweet,JessicaValenti,antontroian,45
42600,Tweet,JessicaValenti,adamliptak,46
42608,Tweet,JessicaValenti,mtomasky,253
42779,Tweet,JessicaValenti,binays1960,6
42577,Tweet,JessicaValenti,adamliptak,34
42467,Tweet,JessicaValenti,kbennhold,146
42925,Tweet,JessicaValenti,joncaramanica,3
42622,Tweet,JessicaValenti,joshwiddicombe,482
147347,Article,polblonde,alexvtunzelmann,16
147346,Article,polblonde,kenanmalik,37
147362,Article,polblonde,ginakolata,271
147353,Article,polblonde,AnushkaAsthana,220
147363,Article,polblonde,NesrineMalik,122
147320,Article,polblonde,lukeharding1968,54
147289,Article,polblonde,kenanmalik,10
147318,Article,polblonde,JoshuaRozenberg,10
147271,Article,polblonde,greenslader,7
147309,Article,polblonde,alanconnor,6
147378,Article,polblonde,AndrewSparrow,16
147365,Article,polblonde,stevenerlanger,441
147255,Article,polblonde,winematcher,30
147298,Article,polblonde,NesrineMalik,59
147299,Article,polblonde,MarinaHyde,196
147427,Tweet,polblonde,jfordham_jazz,128
147384,Tweet,polblonde,RosySequeiraTOI,4
147676,Tweet,polblonde,emilybell,74
147832,Tweet,polblonde,jfordham_jazz,175
147702,Tweet,polblonde,marywalshjourno,7
147824,Tweet,polblonde,RosySequeiraTOI,4
147451,Tweet,polblonde,WilbyPeter,46
147922,Tweet,polblonde,saumyajitbTOI,3
147738,Tweet,polblonde,RosySequeiraTOI,3
147417,Tweet,polblonde,kenanmalik,67
147735,Tweet,polblonde,andrewrawnsley,152
147781,Tweet,polblonde,williamkeegan,28
147656,Tweet,polblonde,alexbellos,50
147872,Tweet,polblonde,RosySequeiraTOI,5
147549,Tweet,polblonde,jonronson,21
86517,Article,salihughes,salihughes,1
86456,Article,salihughes,Freedland,168
86576,Article,salihughes,salihughes,1
86515,Article,salihughes,alanconnor,2
86694,Article,salihughes,salihughes,1
86513,Article,salihughes,sarahditum,10
86684,Article,salihughes,salihughes,1
86647,Article,salihughes,salihughes,1
86465,Article,salihughes,salihughes,1
86510,Article,salihughes,salihughes,1
86494,Article,salihughes,salihughes,1
86474,Article,salihughes,IpsitaTOI,316
86589,Article,salihughes,AlysFowler,6
86468,Article,salihughes,alanconnor,10
86461,Article,salihughes,steve_hewlett,9
86761,Tweet,salihughes,ginakolata,283
87152,Tweet,salihughes,WilbyPeter,68
87297,Tweet,salihughes,pete_wells,113
86747,Tweet,salihughes,bglendenning,44
87147,Tweet,salihughes,KateEMcCann,18
86919,Tweet,salihughes,MoharBasu,11
86930,Tweet,salihughes,NilsPratley,18
86849,Tweet,salihughes,thestephmerritt,59
86703,Tweet,salihughes,KateEMcCann,35
87187,Tweet,salihughes,alexbellos,16
87261,Tweet,salihughes,EricaLG,114
86765,Tweet,salihughes,vvfriedman,212
86848,Tweet,salihughes,toi_shailendraA,101
86710,Tweet,salihughes,jayrayner1,54
87257,Tweet,salihughes,chiggi,26
29885,Article,tarasbernard,paulkrugman,32
29809,Article,tarasbernard,andrewrsorkin,20
29838,Article,tarasbernard,mtomasky,7
29869,Article,tarasbernard,sangerkatz,20
29855,Article,tarasbernard,jimtankersley,82
29857,Article,tarasbernard,nytdavidbrooks,19
29896,Article,tarasbernard,bencasselman,11
29804,Article,tarasbernard,NikiKitsantonis,103
29854,Article,tarasbernard,jimtankersley,10
29875,Article,tarasbernard,jeannasmialek,31
29831,Article,tarasbernard,ramarkosg,27
29880,Article,tarasbernard,GiniaNYT,384
29817,Article,tarasbernard,paulmasonnews,7
29871,Article,tarasbernard,ajaysuraTOI,34
29873,Article,tarasbernard,27saurabhsinha,108
29956,Tweet,tarasbernard,StacyCowley,43
29967,Tweet,tarasbernard,winematcher,331
29962,Tweet,tarasbernard,aseemsgujar,88
29914,Tweet,tarasbernard,marcatracy,98
29941,Tweet,tarasbernard,MarinaOLoughlin,63
29903,Tweet,tarasbernard,ajaysuraTOI,29
29910,Tweet,tarasbernard,elizabday,246
29957,Tweet,tarasbernard,RBReich,16
29973,Tweet,tarasbernard,nytdavidbrooks,28
29931,Tweet,tarasbernard,paulkrugman,8
29984,Tweet,tarasbernard,EricaLG,49
29951,Tweet,tarasbernard,elizabday,238
29966,Tweet,tarasbernard,RosySequeiraTOI,264
29993,Tweet,tarasbernard,DerekMalcolm123,279
29954,Tweet,tarasbernard,jimtankersley,67
2484,Article,Azi,ggreenwald,3
2410,Article,Azi,Crime_Selvaraj,248
2489,Article,Azi,margaretrenkl,149
2427,Article,Azi,alexanderburns,44
2437,Article,Azi,attackerman,6
2404,Article,Azi,jimtankersley,163
2495,Article,Azi,RichardFausset,53
2461,Article,Azi,rebeccaSTOI,49
2468,Article,Azi,NikiKitsantonis,160
2459,Article,Azi,NeilMacFarquhar,69
2490,Article,Azi,jeannasmialek,32
2473,Article,Azi,mlevenson,2
2440,Article,Azi,el_belson,19
2491,Article,Azi,emmabrockes,394
2483,Article,Azi,gilestremlett,127
2560,Tweet,Azi,jmart,3
2593,Tweet,Azi,andrewrawnsley,41
2544,Tweet,Azi,reidepstein,5
2577,Tweet,Azi,binays1960,144
2570,Tweet,Azi,ShaneGoldmacher,14
2516,Tweet,Azi,alanfeuer,11
2541,Tweet,Azi,nytmike,24
2517,Tweet,Azi,lukebroadwater,19
2585,Tweet,Azi,SocialQPhilip,146
2506,Tweet,Azi,Azi,1
2566,Tweet,Azi,jmart,16
2511,Tweet,Azi,jmart,5
2505,Tweet,Azi,peterbradshaw1,49
2514,Tweet,Azi,ggreenwald,130
2518,Tweet,Azi,Bencjacobs,7
205610,Article,rashmidTOI,Crime_Selvaraj,23
205472,Article,rashmidTOI,rashmidTOI,1
205551,Article,rashmidTOI,kush_junglee,12
205593,Article,rashmidTOI,rashmidTOI,1
205596,Article,rashmidTOI,ajaysuraTOI,298
205614,Article,rashmidTOI,vijaypTOI,11
205532,Article,rashmidTOI,rashmidTOI,1
205562,Article,rashmidTOI,parthasinha,4
205525,Article,rashmidTOI,rashmidTOI,1
205640,Article,rashmidTOI,Crime_Selvaraj,4
205575,Article,rashmidTOI,pankajdoval,11
205547,Article,rashmidTOI,rashmidTOI,1
205698,Article,rashmidTOI,toi_dhananjayM,19
205512,Article,rashmidTOI,rajendrasTOI,2
205557,Article,rashmidTOI,SribaalaVTOI,45
205802,Tweet,rashmidTOI,PjJoychen,69
205762,Tweet,rashmidTOI,KTVinobhaTOI,414
205785,Tweet,rashmidTOI,journo_vibha,47
205781,Tweet,rashmidTOI,vijayVsinghTOI,92
205807,Tweet,rashmidTOI,SindhukTOI,8
205736,Tweet,rashmidTOI,PjJoychen,48
205792,Tweet,rashmidTOI,akhileshsTOI,30
205729,Tweet,rashmidTOI,SindhukTOI,20
205795,Tweet,rashmidTOI,vijayVsinghTOI,99
205714,Tweet,rashmidTOI,SindhukTOI,28
205782,Tweet,rashmidTOI,SocialQPhilip,431
205742,Tweet,rashmidTOI,anandbodhTOI,73
205768,Tweet,rashmidTOI,ShrinivasaMTOI,18
205721,Tweet,rashmidTOI,abantika77,17
205790,Tweet,rashmidTOI,GovindKMaadTOI,20
205232,Article,ramendrasTOI,ramendrasTOI,1
205201,Article,ramendrasTOI,rashmidTOI,80
205228,Article,ramendrasTOI,divyadubey_,269
205258,Article,ramendrasTOI,rajatpTOI,6
205323,Article,ramendrasTOI,asrpmukeshTOI,24
205394,Article,ramendrasTOI,KapildaveTOI,3
205225,Article,ramendrasTOI,ramendrasTOI,1
205233,Article,ramendrasTOI,007pandey,9
205214,Article,ramendrasTOI,PhanindraP_TNIE,4
205322,Article,ramendrasTOI,dubeyavishek,28
205397,Article,ramendrasTOI,smita_mishra,67
205360,Article,ramendrasTOI,nandinisgTOI,52
205318,Article,ramendrasTOI,MohitaTOI,140
205361,Article,ramendrasTOI,AraniBasuTOI,147
205355,Article,ramendrasTOI,rajatpTOI,2
205415,Tweet,ramendrasTOI,KTVinobhaTOI,3
205464,Tweet,ramendrasTOI,PNaveenTOI,29
205419,Tweet,ramendrasTOI,TOISH31,5
205465,Tweet,ramendrasTOI,dubeyavishek,40
205423,Tweet,ramendrasTOI,DerekMalcolm123,105
205453,Tweet,ramendrasTOI,TOISH31,4
205445,Tweet,ramendrasTOI,KTVinobhaTOI,84
205459,Tweet,ramendrasTOI,neelam_raaj,246
205447,Tweet,ramendrasTOI,RosySequeiraTOI,187
205455,Tweet,ramendrasTOI,ramendrasTOI,1
205434,Tweet,ramendrasTOI,rajatpTOI,7
205435,Tweet,ramendrasTOI,TOISH31,3
205427,Tweet,ramendrasTOI,mateenHTOI,2
205416,Tweet,ramendrasTOI,ramendrasTOI,1
205411,Tweet,ramendrasTOI,mateenHTOI,4
60649,Article,winematcher,winematcher,1
60644,Article,winematcher,winematcher,1
60433,Article,winematcher,winematcher,1
60503,Article,winematcher,winematcher,1
60575,Article,winematcher,steve_hewlett,20
60492,Article,winematcher,winematcher,1
60441,Article,winematcher,winematcher,1
60668,Article,winematcher,winematcher,1
60450,Article,winematcher,winematcher,1
60449,Article,winematcher,winematcher,1
60675,Article,winematcher,VivianHo,138
60633,Article,winematcher,aleksk,136
60493,Article,winematcher,RBReich,192
60442,Article,winematcher,winematcher,1
60458,Article,winematcher,winematcher,1
61182,Tweet,winematcher,andybrassell,34
61057,Tweet,winematcher,timatkin,4
61058,Tweet,winematcher,gailcollins,5
60908,Tweet,winematcher,we_are_food,3
61003,Tweet,winematcher,timatkin,9
61024,Tweet,winematcher,andrew_mueller,123
60706,Tweet,winematcher,lucysiegle,134
61219,Tweet,winematcher,jennydeluxe,214
60767,Tweet,winematcher,jonronson,52
61111,Tweet,winematcher,GioRussonello,104
60851,Tweet,winematcher,billicritic,58
60983,Tweet,winematcher,saumyajitbTOI,4
60805,Tweet,winematcher,MarinaOLoughlin,2
60773,Tweet,winematcher,SindhukTOI,50
60962,Tweet,winematcher,kush_junglee,172
163378,Article,nnougayrede,mtomasky,67
163340,Article,nnougayrede,philipoltermann,11
163299,Article,nnougayrede,paulmasonnews,22
163346,Article,nnougayrede,OwenJones84,123
163321,Article,nnougayrede,jillfilipovic,7
163350,Article,nnougayrede,marcatracy,108
163324,Article,nnougayrede,NesrineMalik,15
163294,Article,nnougayrede,emmabrockes,251
163290,Article,nnougayrede,alexvtunzelmann,32
163363,Article,nnougayrede,AnushkaAsthana,92
163364,Article,nnougayrede,nauzerbTOI,325
163221,Article,nnougayrede,dkarthikTOI,45
163392,Article,nnougayrede,FabrizioRomano,13
163218,Article,nnougayrede,paulmasonnews,11
163295,Article,nnougayrede,mtomasky,67
163990,Tweet,nnougayrede,genznyt,9
163872,Tweet,nnougayrede,nnougayrede,1
163818,Tweet,nnougayrede,ggreenwald,247
163634,Tweet,nnougayrede,damiencave,3
163795,Tweet,nnougayrede,nytdavidbrooks,41
163430,Tweet,nnougayrede,lukeharding1968,4
163514,Tweet,nnougayrede,williamnhutton,15
163656,Tweet,nnougayrede,rebeccaSTOI,90
163936,Tweet,nnougayrede,williamnhutton,14
163499,Tweet,nnougayrede,lukeharding1968,3
163922,Tweet,nnougayrede,charlie_savage,104
163965,Tweet,nnougayrede,RosySequeiraTOI,21
163417,Tweet,nnougayrede,NYTimesCohen,6
163851,Tweet,nnougayrede,HackneyAbbott,32
163824,Tweet,nnougayrede,RosySequeiraTOI,140
30053,Article,PerriKlass,PerriKlass,1
30010,Article,PerriKlass,DouthatNYT,28
30097,Article,PerriKlass,PerriKlass,1
30078,Article,PerriKlass,RoniNYTimes,8
30079,Article,PerriKlass,apoorva_nyc,13
30006,Article,PerriKlass,PerriKlass,1
30048,Article,PerriKlass,KSchulten,12
30085,Article,PerriKlass,RorySmith,3
30066,Article,PerriKlass,williamkeegan,31
30025,Article,PerriKlass,naomi2009,108
30023,Article,PerriKlass,IAmTimDowling,198
30089,Article,PerriKlass,margaretrenkl,11
30099,Article,PerriKlass,PerriKlass,1
30001,Article,PerriKlass,cdcaron,19
30035,Article,PerriKlass,kenanmalik,3
30136,Tweet,PerriKlass,PerriKlass,1
30122,Tweet,PerriKlass,EVincentelli,57
30140,Tweet,PerriKlass,rachlharris,3
30131,Tweet,PerriKlass,WilbyPeter,51
30110,Tweet,PerriKlass,andrewrawnsley,350
30153,Tweet,PerriKlass,mateenHTOI,183
30188,Tweet,PerriKlass,tripgabriel,62
30106,Tweet,PerriKlass,carlzimmer,15
30170,Tweet,PerriKlass,PerriKlass,1
30146,Tweet,PerriKlass,stevenerlanger,423
30126,Tweet,PerriKlass,joshwiddicombe,43
30172,Tweet,PerriKlass,vvfriedman,41
30179,Tweet,PerriKlass,kylebuchanan,199
30108,Tweet,PerriKlass,lauriegnyt,20
30135,Tweet,PerriKlass,llerer,284
24693,Article,tripgabriel,alexanderburns,2
24653,Article,tripgabriel,sarahlyall,8
24676,Article,tripgabriel,jeannasmialek,11
24632,Article,tripgabriel,gettleman,210
24635,Article,tripgabriel,hillhulse,7
24640,Article,tripgabriel,reidepstein,20
24616,Article,tripgabriel,lukebroadwater,44
24659,Article,tripgabriel,tripgabriel,1
24684,Article,tripgabriel,jmart,6
24655,Article,tripgabriel,lukebroadwater,14
24664,Article,tripgabriel,hillhulse,3
24650,Article,tripgabriel,jimtankersley,13
24679,Article,tripgabriel,alexanderburns,7
24678,Article,tripgabriel,gailcollins,2
24633,Article,tripgabriel,marywalshjourno,27
24793,Tweet,tripgabriel,binays1960,169
24720,Tweet,tripgabriel,NikiKitsantonis,49
24790,Tweet,tripgabriel,ShaneGoldmacher,14
24799,Tweet,tripgabriel,jhoffman,291
24724,Tweet,tripgabriel,jessbidgood,75
24758,Tweet,tripgabriel,nytdavidbrooks,70
24792,Tweet,tripgabriel,farnazfassihi,68
24701,Tweet,tripgabriel,RosySequeiraTOI,260
24739,Tweet,tripgabriel,bylizrobbins,52
24723,Tweet,tripgabriel,charlie_savage,36
24753,Tweet,tripgabriel,hillhulse,8
24782,Tweet,tripgabriel,charlie_savage,14
24729,Tweet,tripgabriel,paulmasonnews,12
24740,Tweet,tripgabriel,hugolowell,29
24757,Tweet,tripgabriel,bencasselman,26
159614,Article,williamkeegan,williamkeegan,1
159778,Article,williamkeegan,attackerman,297
159748,Article,williamkeegan,jayrayner1,305
159605,Article,williamkeegan,williamkeegan,1
159776,Article,williamkeegan,williamkeegan,1
159752,Article,williamkeegan,msrachelcooke,239
159598,Article,williamkeegan,williamkeegan,1
159574,Article,williamkeegan,williamkeegan,1
159627,Article,williamkeegan,williamkeegan,1
159686,Article,williamkeegan,williamkeegan,1
159587,Article,williamkeegan,williamkeegan,1
159780,Article,williamkeegan,williamkeegan,1
159652,Article,williamkeegan,williamkeegan,1
159573,Article,williamkeegan,williamkeegan,1
159595,Article,williamkeegan,NilsPratley,2
160162,Tweet,williamkeegan,williamkeegan,1
160072,Tweet,williamkeegan,NYTimesCohen,2
159809,Tweet,williamkeegan,OwenJones84,2
159902,Tweet,williamkeegan,williamkeegan,1
159861,Tweet,williamkeegan,williamkeegan,1
159871,Tweet,williamkeegan,williamkeegan,1
160047,Tweet,williamkeegan,williamkeegan,1
159958,Tweet,williamkeegan,davidhepworth,4
159874,Tweet,williamkeegan,williamkeegan,1
159890,Tweet,williamkeegan,williamkeegan,1
160060,Tweet,williamkeegan,WilbyPeter,2
159853,Tweet,williamkeegan,williamkeegan,1
160028,Tweet,williamkeegan,williamkeegan,1
160008,Tweet,williamkeegan,AndrewSparrow,3
160074,Tweet,williamkeegan,williamkeegan,1
48817,Article,nmcintosh,RorySmith,24
48902,Article,nmcintosh,jimwaterson,8
48793,Article,nmcintosh,nmcintosh,1
48740,Article,nmcintosh,laurenlaverne,4
48842,Article,nmcintosh,tomdyckhoff,31
48784,Article,nmcintosh,alanconnor,13
48872,Article,nmcintosh,DouthatNYT,135
48756,Article,nmcintosh,genznyt,116
48941,Article,nmcintosh,sunny_hundal,3
48789,Article,nmcintosh,steve_hewlett,6
48869,Article,nmcintosh,steve_hewlett,2
48867,Article,nmcintosh,alanconnor,5
48929,Article,nmcintosh,jasondhorowitz,96
48701,Article,nmcintosh,laurenlaverne,7
48874,Article,nmcintosh,LauraCummingArt,194
49401,Tweet,nmcintosh,RosySequeiraTOI,18
49513,Tweet,nmcintosh,laurenlaverne,82
49422,Tweet,nmcintosh,RorySmith,22
49195,Tweet,nmcintosh,saumyajitbTOI,15
49491,Tweet,nmcintosh,HackneyAbbott,97
49429,Tweet,nmcintosh,andrewrawnsley,166
49285,Tweet,nmcintosh,sudhanshub16,35
49070,Tweet,nmcintosh,MarinaHyde,27
49337,Tweet,nmcintosh,gettinviggy,217
49117,Tweet,nmcintosh,alanconnor,53
49441,Tweet,nmcintosh,jonronson,15
49347,Tweet,nmcintosh,sendvictorious,11
49484,Tweet,nmcintosh,yeshikabudhwar,81
49477,Tweet,nmcintosh,PeterTatchell,64
49028,Tweet,nmcintosh,nnougayrede,52
213019,Article,somitsenTOI,somitsenTOI,1
213051,Article,somitsenTOI,journo_vibha,6
213021,Article,somitsenTOI,mateenHTOI,12
212984,Article,somitsenTOI,sandhyanairTOI,14
213091,Article,somitsenTOI,rishachitlangia,17
212880,Article,somitsenTOI,tomdyckhoff,20
212936,Article,somitsenTOI,amitanandTOI,4
213023,Article,somitsenTOI,sandhyanairTOI,9
212884,Article,somitsenTOI,somitsenTOI,1
212980,Article,somitsenTOI,journo_vibha,41
213056,Article,somitsenTOI,richapintoi,58
213090,Article,somitsenTOI,Crime_Selvaraj,19
212909,Article,somitsenTOI,toi_dhananjayM,27
213097,Article,somitsenTOI,somitsenTOI,1
212873,Article,somitsenTOI,dkarthikTOI,31
213196,Tweet,somitsenTOI,kbennhold,9
213157,Tweet,somitsenTOI,LFFriedman,124
213187,Tweet,somitsenTOI,durgeshjhaTOI,18
213127,Tweet,somitsenTOI,ishajainTOI,6
213200,Tweet,somitsenTOI,meeravohraTOI,167
213191,Tweet,somitsenTOI,KapildaveTOI,82
213161,Tweet,somitsenTOI,dkarthikTOI,39
213183,Tweet,somitsenTOI,RosySequeiraTOI,453
213154,Tweet,somitsenTOI,tripgabriel,39
213206,Tweet,somitsenTOI,somitsenTOI,1
213148,Tweet,somitsenTOI,KTVinobhaTOI,22
213146,Tweet,somitsenTOI,ArthurNeslen,137
213204,Tweet,somitsenTOI,peterbradshaw1,17
213163,Tweet,somitsenTOI,durgeshjhaTOI,6
213125,Tweet,somitsenTOI,dubeyavishek,67
25068,Article,bencasselman,jeannasmialek,3
25004,Article,bencasselman,kenanmalik,187
25091,Article,bencasselman,bencasselman,1
25098,Article,bencasselman,jimtankersley,2
25036,Article,bencasselman,NilsPratley,6
25085,Article,bencasselman,jimtankersley,4
25030,Article,bencasselman,RBReich,6
25011,Article,bencasselman,bencasselman,1
25039,Article,bencasselman,jimtankersley,6
25094,Article,bencasselman,stevenpoole,15
25086,Article,bencasselman,tarasbernard,3
25018,Article,bencasselman,gilestremlett,14
25037,Article,bencasselman,hillhulse,6
25061,Article,bencasselman,tripgabriel,4
25003,Article,bencasselman,gailcollins,24
25163,Tweet,bencasselman,bencasselman,1
25124,Tweet,bencasselman,naomi2009,245
25107,Tweet,bencasselman,paulkrugman,3
25162,Tweet,bencasselman,jeannasmialek,4
25140,Tweet,bencasselman,paulkrugman,8
25198,Tweet,bencasselman,jimtankersley,3
25185,Tweet,bencasselman,nytdavidbrooks,2
25166,Tweet,bencasselman,jonronson,175
25176,Tweet,bencasselman,mtomasky,10
25134,Tweet,bencasselman,jeannasmialek,6
25142,Tweet,bencasselman,jimtankersley,2
25195,Tweet,bencasselman,mtomasky,3
25174,Tweet,bencasselman,parthasinha,26
25152,Tweet,bencasselman,paulkrugman,2
25169,Tweet,bencasselman,stevenpoole,58
21858,Article,gettleman,lindasgrant,12
21861,Article,gettleman,RachelDonadio,47
21854,Article,gettleman,gettleman,1
21894,Article,gettleman,NYTBen,14
21881,Article,gettleman,rajatpTOI,14
21810,Article,gettleman,NYTBen,16
21871,Article,gettleman,gettleman,1
21898,Article,gettleman,toi_dhananjayM,3
21891,Article,gettleman,MujMash,4
21893,Article,gettleman,KeithBradsher,6
21827,Article,gettleman,NYTimesCohen,92
21807,Article,gettleman,rajatpTOI,7
21830,Article,gettleman,gettleman,1
21897,Article,gettleman,NikiKitsantonis,6
21823,Article,gettleman,SwatiMathurTOI,4
21950,Tweet,gettleman,ShaneGoldmacher,118
21961,Tweet,gettleman,RosySequeiraTOI,11
21976,Tweet,gettleman,gettleman,1
21926,Tweet,gettleman,Lattif,48
21992,Tweet,gettleman,rhymetraveller,160
21904,Tweet,gettleman,007pandey,138
21954,Tweet,gettleman,antontroian,18
21975,Tweet,gettleman,aleksk,100
21917,Tweet,gettleman,michaelcrowley,78
21994,Tweet,gettleman,AraniBasuTOI,69
21969,Tweet,gettleman,SiwachSukhbir,42
21928,Tweet,gettleman,SindhukTOI,5
21931,Tweet,gettleman,gettleman,1
21965,Tweet,gettleman,murarishetyeTOI,23
21958,Tweet,gettleman,jonathanwatts,94
156494,Article,JohnJCrace,NilsPratley,90
156437,Article,JohnJCrace,FabrizioRomano,17
156518,Article,JohnJCrace,williamkeegan,75
156445,Article,JohnJCrace,hugolowell,14
156370,Article,JohnJCrace,laurenlaverne,4
156436,Article,JohnJCrace,MarinaHyde,38
156382,Article,JohnJCrace,DawnHFoster,61
156408,Article,JohnJCrace,LauraCummingArt,3
156361,Article,JohnJCrace,niyatiparikhTOI,9
156459,Article,JohnJCrace,rachshabi,25
156429,Article,JohnJCrace,JohnJCrace,1
156400,Article,JohnJCrace,chiggi,44
156434,Article,JohnJCrace,HackneyAbbott,12
156439,Article,JohnJCrace,lukeharding1968,2
156475,Article,JohnJCrace,bglendenning,35
156548,Tweet,JohnJCrace,williamnhutton,7
156838,Tweet,JohnJCrace,bglendenning,33
157027,Tweet,JohnJCrace,williamkeegan,61
156592,Tweet,JohnJCrace,NilsPratley,221
156827,Tweet,JohnJCrace,annanorthtweets,89
156830,Tweet,JohnJCrace,ceciliakang,439
157123,Tweet,JohnJCrace,seaningle,2
156633,Tweet,JohnJCrace,RebeccaSeal,13
156867,Tweet,JohnJCrace,tejalrao,129
157054,Tweet,JohnJCrace,nicholaswatt,30
156778,Tweet,JohnJCrace,saumyajitbTOI,52
156957,Tweet,JohnJCrace,margaretrenkl,122
157002,Tweet,JohnJCrace,williamkeegan,9
156892,Tweet,JohnJCrace,AndrewSparrow,32
157066,Tweet,JohnJCrace,NilsPratley,91
23863,Article,SarahMaslinNir,andrewrsorkin,51
23856,Article,SarahMaslinNir,mtomasky,42
23876,Article,SarahMaslinNir,rishachitlangia,211
23803,Article,SarahMaslinNir,tomfriedman,50
23893,Article,SarahMaslinNir,alexanderburns,35
23818,Article,SarahMaslinNir,andrewrsorkin,32
23815,Article,SarahMaslinNir,hillhulse,88
23816,Article,SarahMaslinNir,patrickwintour,257
23817,Article,SarahMaslinNir,msmirandasawyer,101
23822,Article,SarahMaslinNir,kenanmalik,112
23807,Article,SarahMaslinNir,richardwolffedc,143
23852,Article,SarahMaslinNir,alanfeuer,91
23868,Article,SarahMaslinNir,KeithBradsher,39
23800,Article,SarahMaslinNir,pete_wells,15
23864,Article,SarahMaslinNir,samsifton,44
23961,Tweet,SarahMaslinNir,bykaren,116
23902,Tweet,SarahMaslinNir,ByJamesWagner,12
23951,Tweet,SarahMaslinNir,KSchulten,48
23907,Tweet,SarahMaslinNir,EricaLG,79
23977,Tweet,SarahMaslinNir,rachshabi,68
23924,Tweet,SarahMaslinNir,MarinaHyde,163
23950,Tweet,SarahMaslinNir,elizabday,61
23942,Tweet,SarahMaslinNir,DerekMalcolm123,11
23906,Tweet,SarahMaslinNir,AlokKNMishra,108
23920,Tweet,SarahMaslinNir,StacyCowley,10
23934,Tweet,SarahMaslinNir,rachshabi,266
23939,Tweet,SarahMaslinNir,StacyCowley,10
23987,Tweet,SarahMaslinNir,JessicaValenti,13
23932,Tweet,SarahMaslinNir,samsifton,59
23900,Tweet,SarahMaslinNir,kylebuchanan,7
212354,Article,SiwachSukhbir,vijayVsinghTOI,69
212360,Article,SiwachSukhbir,toi_dhananjayM,2
212469,Article,SiwachSukhbir,rashmidTOI,21
212409,Article,SiwachSukhbir,vijayVsinghTOI,30
212482,Article,SiwachSukhbir,stevenpoole,130
212527,Article,SiwachSukhbir,GRajivTOI,74
212417,Article,SiwachSukhbir,parthasinha,13
212329,Article,SiwachSukhbir,yeshikabudhwar,7
212393,Article,SiwachSukhbir,toi_dhananjayM,3
212418,Article,SiwachSukhbir,Crime_Selvaraj,5
212330,Article,SiwachSukhbir,AshokPradhanTOI,27
212403,Article,SiwachSukhbir,ronojoy_sen,12
212440,Article,SiwachSukhbir,parthasinha,20
212373,Article,SiwachSukhbir,har_mandeep,24
212348,Article,SiwachSukhbir,abantika77,27
212586,Tweet,SiwachSukhbir,Shrivathsan1437,24
212608,Tweet,SiwachSukhbir,pete_wells,13
212616,Tweet,SiwachSukhbir,smita_mishra,199
212543,Tweet,SiwachSukhbir,PjJoychen,17
212615,Tweet,SiwachSukhbir,NYTimesCohen,53
212582,Tweet,SiwachSukhbir,Gauraw2297,6
212565,Tweet,SiwachSukhbir,mtomasky,210
212597,Tweet,SiwachSukhbir,pradeeptTOI,2
212568,Tweet,SiwachSukhbir,SiwachSukhbir,1
212567,Tweet,SiwachSukhbir,AlokKNMishra,6
212601,Tweet,SiwachSukhbir,KapildaveTOI,16
212537,Tweet,SiwachSukhbir,SiwachSukhbir,1
212583,Tweet,SiwachSukhbir,KTVinobhaTOI,36
212581,Tweet,SiwachSukhbir,Gauraw2297,11
212632,Tweet,SiwachSukhbir,ipsinghTOI,16
75636,Article,chiggi,divyapal2013,61
75616,Article,chiggi,RBReich,95
75617,Article,chiggi,joshwiddicombe,260
75688,Article,chiggi,marthakelner,63
75724,Article,chiggi,alanconnor,8
75644,Article,chiggi,Banjotkaur,145
75606,Article,chiggi,arusbridger,149
75673,Article,chiggi,alanconnor,9
75679,Article,chiggi,joecoscarelli,63
75631,Article,chiggi,fmanjoo,310
75620,Article,chiggi,FelicityCloake,255
75497,Article,chiggi,davidhepworth,2
75573,Article,chiggi,davidhepworth,2
75592,Article,chiggi,davidhepworth,2
75513,Article,chiggi,attackerman,20
75752,Tweet,chiggi,emilybell,5
75936,Tweet,chiggi,andrewrawnsley,23
75793,Tweet,chiggi,davidhepworth,2
76256,Tweet,chiggi,WilbyPeter,168
76117,Tweet,chiggi,AlysFowler,5
76211,Tweet,chiggi,EricaLG,14
76300,Tweet,chiggi,andrew_mueller,13
76179,Tweet,chiggi,seaningle,11
76291,Tweet,chiggi,DerekMalcolm123,8
76104,Tweet,chiggi,lyngardner,10
75758,Tweet,chiggi,DeccaJourno,40
75919,Tweet,chiggi,rachshabi,77
76036,Tweet,chiggi,chiggi,1
76262,Tweet,chiggi,nmcintosh,131
75810,Tweet,chiggi,desaisantosh,155
209481,Article,shafaquealamTOI,umamahesh_ToI,11
209408,Article,shafaquealamTOI,IpsitaTOI,2
209534,Article,shafaquealamTOI,richapintoi,2
209365,Article,shafaquealamTOI,ShoebKhanTOI,58
209401,Article,shafaquealamTOI,AtulMathur_,2
209443,Article,shafaquealamTOI,shafaquealamTOI,1
209538,Article,shafaquealamTOI,abhishekTWEETS7,44
209396,Article,shafaquealamTOI,bishnoiarvind11,3
209527,Article,shafaquealamTOI,SagrikaKissu,2
209495,Article,shafaquealamTOI,akhileshsTOI,75
209391,Article,shafaquealamTOI,kush_junglee,20
209566,Article,shafaquealamTOI,rebeccaSTOI,99
209363,Article,shafaquealamTOI,DSandip_TOI,2
209455,Article,shafaquealamTOI,shafaquealamTOI,1
209407,Article,shafaquealamTOI,dubeyavishek,2
209632,Tweet,shafaquealamTOI,aseemsgujar,13
209651,Tweet,shafaquealamTOI,NeilMacFarquhar,122
209638,Tweet,shafaquealamTOI,KapildaveTOI,13
209639,Tweet,shafaquealamTOI,murarishetye,85
209596,Tweet,shafaquealamTOI,jorifinkel,29
209649,Tweet,shafaquealamTOI,ArthurNeslen,67
209623,Tweet,shafaquealamTOI,Crime_Selvaraj,5
209669,Tweet,shafaquealamTOI,AlokKNMishra,3
209628,Tweet,shafaquealamTOI,ChaitanyadTOI,3
209617,Tweet,shafaquealamTOI,omjasvinTOI,8
209614,Tweet,shafaquealamTOI,journo_vibha,3
209613,Tweet,shafaquealamTOI,ChaitanyadTOI,15
209622,Tweet,shafaquealamTOI,MoharBasu,325
209605,Tweet,shafaquealamTOI,ShoebKhanTOI,48
209597,Tweet,shafaquealamTOI,AlokKNMishra,7
2641,Article,BellaKwai,philipoltermann,244
2663,Article,BellaKwai,damiencave,37
2650,Article,BellaKwai,MujMash,34
2601,Article,BellaKwai,williamkeegan,71
2616,Article,BellaKwai,PippaCrerar,12
2614,Article,BellaKwai,jameskanter,61
2615,Article,BellaKwai,IKershner,7
2606,Article,BellaKwai,damiencave,33
2667,Article,BellaKwai,naomi2009,41
2674,Article,BellaKwai,nauzerbTOI,33
2628,Article,BellaKwai,NYTimesCohen,32
2660,Article,BellaKwai,farnazfassihi,8
2659,Article,BellaKwai,jmart,149
2637,Article,BellaKwai,petleepeter,22
2648,Article,BellaKwai,KanwardeepsTOI,146
2719,Tweet,BellaKwai,williamkeegan,136
2726,Tweet,BellaKwai,lenoretaylor,74
2721,Tweet,BellaKwai,we_are_food,50
2784,Tweet,BellaKwai,vwang3,142
2731,Tweet,BellaKwai,gailcollins,270
2792,Tweet,BellaKwai,FabrizioRomano,123
2704,Tweet,BellaKwai,priyagupta999,314
2795,Tweet,BellaKwai,joncaramanica,256
2739,Tweet,BellaKwai,jbouie,207
2750,Tweet,BellaKwai,samrob12,171
2729,Tweet,BellaKwai,paulmasonnews,398
2730,Tweet,BellaKwai,RorySmith,8
2787,Tweet,BellaKwai,naomi2009,80
2700,Tweet,BellaKwai,dionnesearcey,312
2716,Tweet,BellaKwai,lukeharding1968,29
175752,Article,asrpmukeshTOI,bishnoiarvind11,53
175804,Article,asrpmukeshTOI,Gauraw2297,19
175814,Article,asrpmukeshTOI,AtulMathur_,6
175841,Article,asrpmukeshTOI,AshokPradhanTOI,3
175781,Article,asrpmukeshTOI,ManjuVTOI,3
175822,Article,asrpmukeshTOI,har_mandeep,5
175733,Article,asrpmukeshTOI,ManjuVTOI,8
175894,Article,asrpmukeshTOI,asrpmukeshTOI,1
175741,Article,asrpmukeshTOI,SribaalaVTOI,21
175793,Article,asrpmukeshTOI,rishachitlangia,6
175795,Article,asrpmukeshTOI,journo_vibha,23
175831,Article,asrpmukeshTOI,bagishjhaTOI,16
175785,Article,asrpmukeshTOI,vijayVsinghTOI,3
175866,Article,asrpmukeshTOI,rajendrasTOI,3
175908,Article,asrpmukeshTOI,AniltheMatrix,38
176062,Tweet,asrpmukeshTOI,AraniBasuTOI,23
176020,Tweet,asrpmukeshTOI,vijayVsinghTOI,21
176022,Tweet,asrpmukeshTOI,GRajivTOI,94
176052,Tweet,asrpmukeshTOI,DerekMalcolm123,189
176001,Tweet,asrpmukeshTOI,_nicolaclark,17
176034,Tweet,asrpmukeshTOI,KTVinobhaTOI,73
176013,Tweet,asrpmukeshTOI,shafaquealamTOI,63
176044,Tweet,asrpmukeshTOI,SindhukTOI,31
175986,Tweet,asrpmukeshTOI,IKershner,4
175979,Tweet,asrpmukeshTOI,AlokKNMishra,8
175973,Tweet,asrpmukeshTOI,SindhukTOI,46
176061,Tweet,asrpmukeshTOI,toi_dhananjayM,6
176017,Tweet,asrpmukeshTOI,RosySequeiraTOI,52
175978,Tweet,asrpmukeshTOI,parthshastriTOI,29
176037,Tweet,asrpmukeshTOI,kush_junglee,36
2018,Article,ASoloski,ASoloski,1
2003,Article,ASoloski,DerekMalcolm123,6
2013,Article,ASoloski,jbouie,99
2017,Article,ASoloski,ASoloski,1
2052,Article,ASoloski,stevenpoole,83
2004,Article,ASoloski,ASoloski,1
2043,Article,ASoloski,alexbellos,236
2032,Article,ASoloski,davidhepworth,217
2081,Article,ASoloski,NYTimesCohen,18
2019,Article,ASoloski,ASoloski,1
2060,Article,ASoloski,zwoolfe,6
2061,Article,ASoloski,Banjotkaur,18
2008,Article,ASoloski,wesley_morris,8
2085,Article,ASoloski,sarahlyall,71
2090,Article,ASoloski,ASoloski,1
2145,Tweet,ASoloski,vvfriedman,226
2105,Tweet,ASoloski,aleksk,232
2191,Tweet,ASoloski,EVincentelli,7
2112,Tweet,ASoloski,wesley_morris,3
2154,Tweet,ASoloski,oliverburkeman,12
2126,Tweet,ASoloski,billicritic,42
2104,Tweet,ASoloski,DerekMalcolm123,48
2111,Tweet,ASoloski,ASoloski,1
2186,Tweet,ASoloski,RorySmith,41
2174,Tweet,ASoloski,VivianHo,230
2155,Tweet,ASoloski,margaretrenkl,4
2102,Tweet,ASoloski,samsifton,318
2170,Tweet,ASoloski,steve_hewlett,46
2173,Tweet,ASoloski,nytdavidbrooks,61
2141,Tweet,ASoloski,gmorgenson,132
18044,Article,RorySmith,RorySmith,1
18048,Article,RorySmith,RorySmith,1
18003,Article,RorySmith,damiencave,9
18042,Article,RorySmith,RorySmith,1
18056,Article,RorySmith,RorySmith,1
18074,Article,RorySmith,BenRothenberg,6
18094,Article,RorySmith,DouthatNYT,32
18038,Article,RorySmith,kbennhold,44
18059,Article,RorySmith,RorySmith,1
18002,Article,RorySmith,tariqpanja,2
18037,Article,RorySmith,tariqpanja,2
18071,Article,RorySmith,saumyajitbTOI,2
18032,Article,RorySmith,alanconnor,131
18087,Article,RorySmith,FabrizioRomano,2
18022,Article,RorySmith,RorySmith,1
18165,Tweet,RorySmith,billicritic,7
18139,Tweet,RorySmith,NilsPratley,11
18154,Tweet,RorySmith,RorySmith,1
18149,Tweet,RorySmith,mtomasky,7
18163,Tweet,RorySmith,ewenmacaskill,5
18178,Tweet,RorySmith,FabrizioRomano,5
18183,Tweet,RorySmith,RosySequeiraTOI,2
18121,Tweet,RorySmith,RorySmith,1
18113,Tweet,RorySmith,RorySmith,1
18177,Tweet,RorySmith,DouthatNYT,4
18159,Tweet,RorySmith,bglendenning,2
18138,Tweet,RorySmith,nmcintosh,63
18106,Tweet,RorySmith,margaretrenkl,74
18195,Tweet,RorySmith,RorySmith,1
18157,Tweet,RorySmith,RorySmith,1
172470,Article,anandbodhTOI,JoshuaRozenberg,42
172511,Article,anandbodhTOI,NilsPratley,21
172581,Article,anandbodhTOI,patrickwintour,7
172481,Article,anandbodhTOI,anandbodhTOI,1
172442,Article,anandbodhTOI,jatinder_tur,2
172472,Article,anandbodhTOI,KapildaveTOI,59
172577,Article,anandbodhTOI,PjJoychen,12
172433,Article,anandbodhTOI,Crime_Selvaraj,5
172492,Article,anandbodhTOI,PjJoychen,2
172576,Article,anandbodhTOI,yeshikabudhwar,2
172539,Article,anandbodhTOI,rashmidTOI,6
172479,Article,anandbodhTOI,anandbodhTOI,1
172464,Article,anandbodhTOI,toi_dhananjayM,2
172501,Article,anandbodhTOI,Crime_Selvaraj,9
172554,Article,anandbodhTOI,SindhukTOI,5
172748,Tweet,anandbodhTOI,ajaysuraTOI,3
172711,Tweet,anandbodhTOI,PjJoychen,5
172686,Tweet,anandbodhTOI,SribaalaVTOI,25
172761,Tweet,anandbodhTOI,vijaypTOI,8
172681,Tweet,anandbodhTOI,gailcollins,39
172691,Tweet,anandbodhTOI,toi_dhananjayM,2
172765,Tweet,anandbodhTOI,Crime_Selvaraj,2
172698,Tweet,anandbodhTOI,PjJoychen,158
172719,Tweet,anandbodhTOI,DerekMalcolm123,5
172694,Tweet,anandbodhTOI,KapildaveTOI,58
172772,Tweet,anandbodhTOI,gettleman,122
172689,Tweet,anandbodhTOI,ShoebKhanTOI,16
172703,Tweet,anandbodhTOI,Crime_Selvaraj,44
172716,Tweet,anandbodhTOI,PNaveenTOI,25
172677,Tweet,anandbodhTOI,KapildaveTOI,53
18617,Article,ShaneGoldmacher,lukebroadwater,29
18690,Article,ShaneGoldmacher,jessbidgood,9
18638,Article,ShaneGoldmacher,hugolowell,45
18694,Article,ShaneGoldmacher,ShaneGoldmacher,1
18656,Article,ShaneGoldmacher,jmart,11
18663,Article,ShaneGoldmacher,ShaneGoldmacher,1
18625,Article,ShaneGoldmacher,tripgabriel,3
18686,Article,ShaneGoldmacher,Bencjacobs,3
18614,Article,ShaneGoldmacher,jmart,13
18685,Article,ShaneGoldmacher,tripgabriel,13
18699,Article,ShaneGoldmacher,ShaneGoldmacher,1
18672,Article,ShaneGoldmacher,stevenerlanger,4
18658,Article,ShaneGoldmacher,alexanderburns,4
18650,Article,ShaneGoldmacher,npfandos,3
18693,Article,ShaneGoldmacher,ericschmittnyt,11
18733,Tweet,ShaneGoldmacher,jmart,7
18743,Tweet,ShaneGoldmacher,ShaneGoldmacher,1
18762,Tweet,ShaneGoldmacher,llerer,3
18782,Tweet,ShaneGoldmacher,ESCochrane,11
18750,Tweet,ShaneGoldmacher,kenvogel,8
18781,Tweet,ShaneGoldmacher,ShaneGoldmacher,1
18722,Tweet,ShaneGoldmacher,marcatracy,10
18721,Tweet,ShaneGoldmacher,nytdavidbrooks,39
18783,Tweet,ShaneGoldmacher,ShaneGoldmacher,1
18715,Tweet,ShaneGoldmacher,alexanderburns,8
18732,Tweet,ShaneGoldmacher,jmart,3
18742,Tweet,ShaneGoldmacher,AnaSwanson,101
18764,Tweet,ShaneGoldmacher,ShaneGoldmacher,1
18724,Tweet,ShaneGoldmacher,GlennThrush,5
18748,Tweet,ShaneGoldmacher,Bencjacobs,4
2251,Article,aurelienbrd,leninology,118
2236,Article,aurelienbrd,domphillips,3
2253,Article,aurelienbrd,aurelienbrd,1
2230,Article,aurelienbrd,naomi2009,124
2278,Article,aurelienbrd,RaphaelMinder,5
2266,Article,aurelienbrd,Azi,5
2213,Article,aurelienbrd,aurelienbrd,1
2285,Article,aurelienbrd,aurelienbrd,1
2297,Article,aurelienbrd,Shilarze_SSR,6
2229,Article,aurelienbrd,MujMash,3
2248,Article,aurelienbrd,farnazfassihi,2
2243,Article,aurelienbrd,ericschmittnyt,77
2281,Article,aurelienbrd,stevenerlanger,10
2249,Article,aurelienbrd,alexanderburns,280
2218,Article,aurelienbrd,RaphaelMinder,11
2376,Tweet,aurelienbrd,MohitaTOI,67
2308,Tweet,aurelienbrd,aurelienbrd,1
2337,Tweet,aurelienbrd,DouthatNYT,331
2384,Tweet,aurelienbrd,rishachitlangia,81
2303,Tweet,aurelienbrd,ewenmacaskill,367
2394,Tweet,aurelienbrd,jessbidgood,71
2307,Tweet,aurelienbrd,murarishetye,158
2318,Tweet,aurelienbrd,nytdavidbrooks,128
2348,Tweet,aurelienbrd,aleksk,69
2323,Tweet,aurelienbrd,abantika77,27
2313,Tweet,aurelienbrd,anniekarni,41
2379,Tweet,aurelienbrd,kbennhold,59
2342,Tweet,aurelienbrd,NYTBen,17
2344,Tweet,aurelienbrd,sarahditum,292
2346,Tweet,aurelienbrd,NYTimesCohen,2
145746,Article,AnushkaAsthana,PippaCrerar,2
145740,Article,AnushkaAsthana,lindasgrant,239
145581,Article,AnushkaAsthana,AnushkaAsthana,1
145749,Article,AnushkaAsthana,PippaCrerar,2
145659,Article,AnushkaAsthana,npwcnn,8
145723,Article,AnushkaAsthana,PippaCrerar,7
145561,Article,AnushkaAsthana,ameliagentleman,93
145599,Article,AnushkaAsthana,PippaCrerar,3
145603,Article,AnushkaAsthana,PippaCrerar,2
145696,Article,AnushkaAsthana,jimwaterson,8
145563,Article,AnushkaAsthana,NilsPratley,9
145557,Article,AnushkaAsthana,alanconnor,72
145679,Article,AnushkaAsthana,PippaCrerar,2
145747,Article,AnushkaAsthana,andybrassell,265
145760,Article,AnushkaAsthana,PippaCrerar,2
145938,Tweet,AnushkaAsthana,steve_hewlett,26
146299,Tweet,AnushkaAsthana,AndrewSparrow,25
145819,Tweet,AnushkaAsthana,KateEMcCann,82
145844,Tweet,AnushkaAsthana,vanbadham,51
146048,Tweet,AnushkaAsthana,ewenmacaskill,3
146087,Tweet,AnushkaAsthana,PippaCrerar,3
146097,Tweet,AnushkaAsthana,NilsPratley,160
145964,Tweet,AnushkaAsthana,paulkrugman,2
145985,Tweet,AnushkaAsthana,billicritic,208
145990,Tweet,AnushkaAsthana,ewenmacaskill,157
145814,Tweet,AnushkaAsthana,gilestremlett,7
146384,Tweet,AnushkaAsthana,NilsPratley,132
146377,Tweet,AnushkaAsthana,samrob12,20
146073,Tweet,AnushkaAsthana,HemantaTOI,87
146270,Tweet,AnushkaAsthana,NilsPratley,5
171842,Article,amitanandTOI,toi_dhananjayM,4
171810,Article,amitanandTOI,toi_dhananjayM,3
171956,Article,amitanandTOI,toi_dhananjayM,5
171898,Article,amitanandTOI,toi_dhananjayM,6
171841,Article,amitanandTOI,RosySequeiraTOI,11
171957,Article,amitanandTOI,toi_dhananjayM,2
171743,Article,amitanandTOI,amitanandTOI,1
171779,Article,amitanandTOI,jamesrbuk,345
171852,Article,amitanandTOI,amitanandTOI,1
171854,Article,amitanandTOI,toi_dhananjayM,2
171945,Article,amitanandTOI,toi_dhananjayM,2
171960,Article,amitanandTOI,vijayVsinghTOI,6
171855,Article,amitanandTOI,hillhulse,4
171914,Article,amitanandTOI,amitanandTOI,1
171955,Article,amitanandTOI,toi_dhananjayM,4
172016,Tweet,amitanandTOI,farnazfassihi,26
172046,Tweet,amitanandTOI,AlokKNMishra,3
171988,Tweet,amitanandTOI,akhileshsTOI,34
172075,Tweet,amitanandTOI,ramendrasTOI,11
172067,Tweet,amitanandTOI,DerekMalcolm123,14
171999,Tweet,amitanandTOI,toi_dhananjayM,4
172011,Tweet,amitanandTOI,Banjotkaur,50
171985,Tweet,amitanandTOI,amitanandTOI,1
172025,Tweet,amitanandTOI,amitanandTOI,1
172008,Tweet,amitanandTOI,RosySequeiraTOI,20
172017,Tweet,amitanandTOI,DekaJayanta,155
171986,Tweet,amitanandTOI,BawaNaaved,12
172041,Tweet,amitanandTOI,rajendrasTOI,42
172035,Tweet,amitanandTOI,amitanandTOI,1
172021,Tweet,amitanandTOI,toi_dhananjayM,6
184795,Article,har_mandeep,SidharthB25,39
184861,Article,har_mandeep,aseemsgujar,3
184915,Article,har_mandeep,PjJoychen,80
184815,Article,har_mandeep,AshokPradhanTOI,2
184941,Article,har_mandeep,SidharthB25,16
184743,Article,har_mandeep,har_mandeep,1
184873,Article,har_mandeep,AshokPradhanTOI,27
184767,Article,har_mandeep,parthasinha,5
184730,Article,har_mandeep,rishachitlangia,7
184745,Article,har_mandeep,journo_vibha,5
184827,Article,har_mandeep,AtulMathur_,21
184741,Article,har_mandeep,PNaveenTOI,27
184849,Article,har_mandeep,AtulMathur_,51
184805,Article,har_mandeep,har_mandeep,1
184854,Article,har_mandeep,amitanandTOI,23
185028,Tweet,har_mandeep,rajendrasTOI,35
184984,Tweet,har_mandeep,NYTimesCohen,30
185013,Tweet,har_mandeep,rajendrasTOI,3
184970,Tweet,har_mandeep,TOISH31,141
184992,Tweet,har_mandeep,Lattif,13
184951,Tweet,har_mandeep,sangerkatz,100
185011,Tweet,har_mandeep,AlokKNMishra,2
185031,Tweet,har_mandeep,tripgabriel,63
184997,Tweet,har_mandeep,billicritic,319
185032,Tweet,har_mandeep,StacyCowley,205
184999,Tweet,har_mandeep,rhymetraveller,127
185006,Tweet,har_mandeep,BhanupratapsTOI,6
184991,Tweet,har_mandeep,mateenHTOI,11
184988,Tweet,har_mandeep,jotted,224
184947,Tweet,har_mandeep,pradeeptTOI,56
61328,Article,peterbradshaw1,peterbradshaw1,1
61530,Article,peterbradshaw1,alexvtunzelmann,2
61515,Article,peterbradshaw1,peterbradshaw1,1
61487,Article,peterbradshaw1,LucyMangan,2
61427,Article,peterbradshaw1,alexvtunzelmann,5
61445,Article,peterbradshaw1,peterbradshaw1,1
61443,Article,peterbradshaw1,peterbradshaw1,1
61438,Article,peterbradshaw1,peterbradshaw1,1
61360,Article,peterbradshaw1,alanconnor,18
61406,Article,peterbradshaw1,alexvtunzelmann,4
61465,Article,peterbradshaw1,alexvtunzelmann,6
61331,Article,peterbradshaw1,peterbradshaw1,1
61442,Article,peterbradshaw1,peterbradshaw1,1
61419,Article,peterbradshaw1,peterbradshaw1,1
61431,Article,peterbradshaw1,DerekMalcolm123,3
61750,Tweet,peterbradshaw1,benkenigsberg,3
61731,Tweet,peterbradshaw1,wesley_morris,16
61977,Tweet,peterbradshaw1,KateEMcCann,196
61668,Tweet,peterbradshaw1,jhoffman,2
62063,Tweet,peterbradshaw1,shattenstone,190
61538,Tweet,peterbradshaw1,jhoffman,7
61816,Tweet,peterbradshaw1,peterbradshaw1,1
61602,Tweet,peterbradshaw1,desaisantosh,332
62128,Tweet,peterbradshaw1,dwightgarner,277
61681,Tweet,peterbradshaw1,jhoffman,4
61806,Tweet,peterbradshaw1,jhoffman,2
61969,Tweet,peterbradshaw1,jhoffman,2
61859,Tweet,peterbradshaw1,peterbradshaw1,1
61696,Tweet,peterbradshaw1,Freedland,283
61931,Tweet,peterbradshaw1,EricaLG,289
171158,Article,akhileshsTOI,abantika77,7
171105,Article,akhileshsTOI,vishwamTOI,8
171223,Article,akhileshsTOI,vaibhavgTOI,4
171198,Article,akhileshsTOI,rajatpTOI,6
171086,Article,akhileshsTOI,akhileshsTOI,1
171226,Article,akhileshsTOI,SribaalaVTOI,4
171118,Article,akhileshsTOI,BhanupratapsTOI,3
171245,Article,akhileshsTOI,andybrassell,89
171131,Article,akhileshsTOI,BhanupratapsTOI,5
171242,Article,akhileshsTOI,007pandey,21
171095,Article,akhileshsTOI,yeshikabudhwar,3
171214,Article,akhileshsTOI,AtulMathur_,6
171070,Article,akhileshsTOI,AshokPradhanTOI,5
171192,Article,akhileshsTOI,AniltheMatrix,4
171090,Article,akhileshsTOI,abantika77,6
171344,Tweet,akhileshsTOI,kush_junglee,81
171336,Tweet,akhileshsTOI,parthshastriTOI,19
171378,Tweet,akhileshsTOI,parthshastriTOI,68
171320,Tweet,akhileshsTOI,toi_ManujaV,48
171324,Tweet,akhileshsTOI,SindhukTOI,70
171348,Tweet,akhileshsTOI,binays1960,7
171292,Tweet,akhileshsTOI,RosySequeiraTOI,306
171314,Tweet,akhileshsTOI,LucyMangan,71
171335,Tweet,akhileshsTOI,AraniBasuTOI,35
171317,Tweet,akhileshsTOI,AshokPradhanTOI,6
171376,Tweet,akhileshsTOI,Gauraw2297,229
171289,Tweet,akhileshsTOI,Gauraw2297,55
171362,Tweet,akhileshsTOI,KTVinobhaTOI,92
171360,Tweet,akhileshsTOI,mswainwright,192
171370,Tweet,akhileshsTOI,priyangiTOI,9
203175,Article,Pratiks_TOI,Pratiks_TOI,1
203210,Article,Pratiks_TOI,Shrivathsan1437,3
203041,Article,Pratiks_TOI,Pratiks_TOI,1
203076,Article,Pratiks_TOI,ramendrasTOI,50
203058,Article,Pratiks_TOI,Shrivathsan1437,6
202976,Article,Pratiks_TOI,Pratiks_TOI,1
202984,Article,Pratiks_TOI,manujaveerappa,8
203083,Article,Pratiks_TOI,Shrivathsan1437,4
203168,Article,Pratiks_TOI,manujaveerappa,2
202998,Article,Pratiks_TOI,Pratiks_TOI,1
203203,Article,Pratiks_TOI,Pratiks_TOI,1
203155,Article,Pratiks_TOI,Pratiks_TOI,1
203129,Article,Pratiks_TOI,Pratiks_TOI,1
203050,Article,Pratiks_TOI,Shrivathsan1437,7
203044,Article,Pratiks_TOI,Shrivathsan1437,5
203275,Tweet,Pratiks_TOI,IpsitaTOI,4
203270,Tweet,Pratiks_TOI,payaldhawanTOI,336
203241,Tweet,Pratiks_TOI,TridibIANS,10
203233,Tweet,Pratiks_TOI,andrewrawnsley,2
203251,Tweet,Pratiks_TOI,PatrickKingsley,8
203227,Tweet,Pratiks_TOI,petleepeter,70
203268,Tweet,Pratiks_TOI,vivek9301,3
203282,Tweet,Pratiks_TOI,desaisantosh,42
203247,Tweet,Pratiks_TOI,vijayVsinghTOI,19
203249,Tweet,Pratiks_TOI,Pratiks_TOI,1
203264,Tweet,Pratiks_TOI,Pratiks_TOI,1
203317,Tweet,Pratiks_TOI,Pratiks_TOI,1
203234,Tweet,Pratiks_TOI,ThevarSteffy,71
203295,Tweet,Pratiks_TOI,Pratiks_TOI,1
203310,Tweet,Pratiks_TOI,Pratiks_TOI,1
14644,Article,NeilMacFarquhar,alanfeuer,3
14619,Article,NeilMacFarquhar,tariqpanja,2
14647,Article,NeilMacFarquhar,tripgabriel,45
14620,Article,NeilMacFarquhar,tripgabriel,17
14674,Article,NeilMacFarquhar,aurelienbrd,5
14678,Article,NeilMacFarquhar,oliverburkeman,150
14666,Article,NeilMacFarquhar,IKershner,6
14652,Article,NeilMacFarquhar,IKershner,25
14681,Article,NeilMacFarquhar,farnazfassihi,57
14667,Article,NeilMacFarquhar,antontroian,23
14680,Article,NeilMacFarquhar,NikiKitsantonis,164
14655,Article,NeilMacFarquhar,ericschmittnyt,16
14679,Article,NeilMacFarquhar,hillhulse,16
14600,Article,NeilMacFarquhar,nytdavidbrooks,9
14670,Article,NeilMacFarquhar,murarishetyeTOI,28
14779,Tweet,NeilMacFarquhar,michaelcrowley,18
14791,Tweet,NeilMacFarquhar,margaretrenkl,29
14770,Tweet,NeilMacFarquhar,suilee,9
14752,Tweet,NeilMacFarquhar,PNaveenTOI,201
14705,Tweet,NeilMacFarquhar,NickAtNews,47
14797,Tweet,NeilMacFarquhar,NYTBen,16
14709,Tweet,NeilMacFarquhar,ShoebKhanTOI,53
14703,Tweet,NeilMacFarquhar,michelleinbklyn,55
14740,Tweet,NeilMacFarquhar,julianbarnes,24
14772,Tweet,NeilMacFarquhar,OwenJones84,2
14780,Tweet,NeilMacFarquhar,RBReich,22
14789,Tweet,NeilMacFarquhar,adamliptak,9
14775,Tweet,NeilMacFarquhar,NikiKitsantonis,76
14790,Tweet,NeilMacFarquhar,KTVinobhaTOI,99
14707,Tweet,NeilMacFarquhar,Lattif,307
150694,Article,DanielKingChess,DanielKingChess,1
150682,Article,DanielKingChess,stevenpoole,31
150668,Article,DanielKingChess,DanielKingChess,1
150569,Article,DanielKingChess,DanielKingChess,1
150623,Article,DanielKingChess,DanielKingChess,1
150656,Article,DanielKingChess,DanielKingChess,1
150670,Article,DanielKingChess,DanielKingChess,1
150467,Article,DanielKingChess,DanielKingChess,1
150632,Article,DanielKingChess,DanielKingChess,1
150576,Article,DanielKingChess,NilsPratley,10
150490,Article,DanielKingChess,DanielKingChess,1
150556,Article,DanielKingChess,DanielKingChess,1
150593,Article,DanielKingChess,DanielKingChess,1
150557,Article,DanielKingChess,DanielKingChess,1
150665,Article,DanielKingChess,DanielKingChess,1
150993,Tweet,DanielKingChess,aniljdias,29
150764,Tweet,DanielKingChess,KTVinobhaTOI,11
150817,Tweet,DanielKingChess,joshwiddicombe,5
150792,Tweet,DanielKingChess,davidleighx,105
151092,Tweet,DanielKingChess,vijayVsinghTOI,9
150721,Tweet,DanielKingChess,ajaysuraTOI,4
151252,Tweet,DanielKingChess,ManjuVTOI,53
150776,Tweet,DanielKingChess,andrewrawnsley,51
150864,Tweet,DanielKingChess,AndrewSparrow,3
150981,Tweet,DanielKingChess,AlysFowler,41
150982,Tweet,DanielKingChess,DanielKingChess,1
150966,Tweet,DanielKingChess,nnougayrede,100
151288,Tweet,DanielKingChess,DanielKingChess,1
151258,Tweet,DanielKingChess,ChuBailiang,32
150753,Tweet,DanielKingChess,yeshikabudhwar,16
32007,Article,llerer,jmart,7
32017,Article,llerer,ShaneGoldmacher,9
32018,Article,llerer,ESCochrane,13
32077,Article,llerer,kenvogel,13
32046,Article,llerer,ShaneGoldmacher,8
32044,Article,llerer,jmart,24
32094,Article,llerer,kenvogel,2
32022,Article,llerer,kbennhold,37
32029,Article,llerer,ShaneGoldmacher,4
32049,Article,llerer,npfandos,22
32008,Article,llerer,anniekarni,15
32002,Article,llerer,jmart,3
32025,Article,llerer,margaretrenkl,99
32034,Article,llerer,jmart,5
32074,Article,llerer,llerer,1
32135,Tweet,llerer,LFFriedman,3
32196,Tweet,llerer,hillhulse,13
32104,Tweet,llerer,tripgabriel,13
32191,Tweet,llerer,RoniNYTimes,5
32154,Tweet,llerer,gettinviggy,44
32145,Tweet,llerer,brooksbarnesNYT,104
32147,Tweet,llerer,JessicaValenti,150
32116,Tweet,llerer,jmart,9
32110,Tweet,llerer,chrishughes,27
32174,Tweet,llerer,ginakolata,106
32195,Tweet,llerer,ShaneGoldmacher,24
32128,Tweet,llerer,hillhulse,19
32199,Tweet,llerer,ggreenwald,173
32170,Tweet,llerer,paulkrugman,24
32190,Tweet,llerer,charlie_savage,13
126930,Article,jamesrbuk,sunny_hundal,13
126847,Article,jamesrbuk,sunny_hundal,12
126934,Article,jamesrbuk,lucywardsings,84
126978,Article,jamesrbuk,archiebland,6
126998,Article,jamesrbuk,mikeives,31
126959,Article,jamesrbuk,DouthatNYT,69
127049,Article,jamesrbuk,afuahirsch,27
126827,Article,jamesrbuk,oliverburkeman,9
126893,Article,jamesrbuk,williamkeegan,136
126952,Article,jamesrbuk,DawnHFoster,11
127010,Article,jamesrbuk,digbijaymishra1,2
126925,Article,jamesrbuk,sunny_hundal,42
126981,Article,jamesrbuk,elizabday,29
127015,Article,jamesrbuk,MiriamElder,21
126912,Article,jamesrbuk,DanielKingChess,94
127466,Tweet,jamesrbuk,winematcher,75
127143,Tweet,jamesrbuk,laurenlaverne,238
127173,Tweet,jamesrbuk,nmcintosh,109
127594,Tweet,jamesrbuk,greenslader,19
127446,Tweet,jamesrbuk,chiggi,143
127573,Tweet,jamesrbuk,oliverburkeman,63
127250,Tweet,jamesrbuk,martcrossy,127
127339,Tweet,jamesrbuk,DouthatNYT,23
127637,Tweet,jamesrbuk,nytdavidbrooks,103
127355,Tweet,jamesrbuk,elizabday,67
127412,Tweet,jamesrbuk,jatinder_tur,91
127342,Tweet,jamesrbuk,kenanmalik,181
127426,Tweet,jamesrbuk,andrew_mueller,293
127160,Tweet,jamesrbuk,jennydeluxe,39
127108,Tweet,jamesrbuk,JessicaValenti,23
168870,Article,AditiZero,AditiZero,1
168895,Article,AditiZero,williamkeegan,130
168962,Article,AditiZero,zwoolfe,210
168917,Article,AditiZero,ronojoy_sen,15
168954,Article,AditiZero,SindhukTOI,38
168902,Article,AditiZero,Banjotkaur,5
168934,Article,AditiZero,AditiZero,1
168841,Article,AditiZero,pradeeptTOI,4
168933,Article,AditiZero,divyadubey_,2
168925,Article,AditiZero,DekaJayanta,2
168816,Article,AditiZero,asrpmukeshTOI,21
168873,Article,AditiZero,Banjotkaur,50
168969,Article,AditiZero,MKSinghGkp,2
169004,Article,AditiZero,AditiZero,1
168828,Article,AditiZero,AditiZero,1
169129,Tweet,AditiZero,saumyajitbTOI,83
169063,Tweet,AditiZero,vijayVsinghTOI,13
169144,Tweet,AditiZero,nandinisgTOI,297
169055,Tweet,AditiZero,ThevarSteffy,42
169052,Tweet,AditiZero,palaknandiTOI,3
169125,Tweet,AditiZero,toi_dhananjayM,45
169072,Tweet,AditiZero,toi_dhananjayM,24
169082,Tweet,AditiZero,AnaSwanson,72
169121,Tweet,AditiZero,livia_ar,54
169069,Tweet,AditiZero,PNaveenTOI,13
169075,Tweet,AditiZero,RosySequeiraTOI,79
169080,Tweet,AditiZero,mateenHTOI,6
169102,Tweet,AditiZero,sandhyanairTOI,25
169067,Tweet,AditiZero,kbennhold,122
169076,Tweet,AditiZero,ginakolata,62
35048,Article,NYTLiz,hillhulse,31
35007,Article,NYTLiz,stevenerlanger,118
35017,Article,NYTLiz,tejalrao,8
35010,Article,NYTLiz,mlevenson,64
35019,Article,NYTLiz,PatrickKingsley,54
35092,Article,NYTLiz,tripgabriel,51
35049,Article,NYTLiz,bencasselman,257
35034,Article,NYTLiz,jestei,52
35079,Article,NYTLiz,hillhulse,73
35033,Article,NYTLiz,SumitraDebRoy,19
35088,Article,NYTLiz,hillhulse,40
35098,Article,NYTLiz,LizAldermanNYT,52
35089,Article,NYTLiz,jimtankersley,22
35021,Article,NYTLiz,pete_wells,112
35053,Article,NYTLiz,FrankBruni,9
35111,Tweet,NYTLiz,davidhepworth,266
35158,Tweet,NYTLiz,MarinaOLoughlin,45
35159,Tweet,NYTLiz,murarishetyeTOI,44
35115,Tweet,NYTLiz,jwpetersNYT,133
35160,Tweet,NYTLiz,tripgabriel,165
35120,Tweet,NYTLiz,jonronson,17
35194,Tweet,NYTLiz,Shrivathsan1437,84
35119,Tweet,NYTLiz,sandhyanairTOI,125
35152,Tweet,NYTLiz,_nicolaclark,65
35173,Tweet,NYTLiz,Azi,19
35113,Tweet,NYTLiz,andrewrawnsley,87
35168,Tweet,NYTLiz,joncaramanica,57
35172,Tweet,NYTLiz,tejalrao,135
35174,Tweet,NYTLiz,andrewrawnsley,309
35147,Tweet,NYTLiz,murarishetyeTOI,45
117198,Article,garyyounge,williamkeegan,188
117234,Article,garyyounge,hadleyfreeman,77
117276,Article,garyyounge,hugolowell,5
117183,Article,garyyounge,toi_rohanA,366
117224,Article,garyyounge,FabrizioRomano,19
117204,Article,garyyounge,greenslader,66
117138,Article,garyyounge,jbouie,67
117123,Article,garyyounge,bglendenning,90
117176,Article,garyyounge,andybrassell,63
117179,Article,garyyounge,IanCobain,16
117064,Article,garyyounge,andybrassell,8
117082,Article,garyyounge,joecoscarelli,42
117279,Article,garyyounge,AlysFowler,406
117149,Article,garyyounge,andrewrawnsley,21
117167,Article,garyyounge,HackneyAbbott,112
117459,Tweet,garyyounge,FabrizioRomano,159
117362,Tweet,garyyounge,chrishughes,61
117422,Tweet,garyyounge,NilsPratley,154
117418,Tweet,garyyounge,ameliagentleman,85
117487,Tweet,garyyounge,laurenlaverne,15
117413,Tweet,garyyounge,bylizrobbins,106
117471,Tweet,garyyounge,lukeharding1968,26
117517,Tweet,garyyounge,RBReich,198
117354,Tweet,garyyounge,msmirandasawyer,205
117408,Tweet,garyyounge,ewenmacaskill,172
117548,Tweet,garyyounge,stevenpoole,249
117337,Tweet,garyyounge,kenanmalik,2
117328,Tweet,garyyounge,davidhepworth,172
117538,Tweet,garyyounge,andrewrawnsley,3
117450,Tweet,garyyounge,rhymetraveller,44
96060,Article,patrickwintour,NilsPratley,13
96070,Article,patrickwintour,dansabbagh,6
95987,Article,patrickwintour,dansabbagh,3
96088,Article,patrickwintour,nytmike,259
96086,Article,patrickwintour,ewenmacaskill,14
96182,Article,patrickwintour,PippaCrerar,14
96175,Article,patrickwintour,carolecadwalla,48
96079,Article,patrickwintour,john_hooper,2
95988,Article,patrickwintour,dansabbagh,7
96119,Article,patrickwintour,npwcnn,12
96121,Article,patrickwintour,Lattif,80
95977,Article,patrickwintour,TOISH31,56
96084,Article,patrickwintour,dansabbagh,8
96158,Article,patrickwintour,john_hooper,4
95978,Article,patrickwintour,npwcnn,3
96705,Tweet,patrickwintour,afuahirsch,2
96333,Tweet,patrickwintour,salihughes,37
96245,Tweet,patrickwintour,jonronson,106
96592,Tweet,patrickwintour,dansabbagh,6
96317,Tweet,patrickwintour,nauzerbTOI,41
96643,Tweet,patrickwintour,AnaSwanson,38
96383,Tweet,patrickwintour,KapildaveTOI,39
96701,Tweet,patrickwintour,AndrewSparrow,29
96419,Tweet,patrickwintour,OfficeGSBrown,147
96726,Tweet,patrickwintour,patrickwintour,1
96282,Tweet,patrickwintour,AndrewSparrow,2
96714,Tweet,patrickwintour,NYTBen,16
96440,Tweet,patrickwintour,lukeharding1968,83
96495,Tweet,patrickwintour,ManjuVTOI,36
96350,Tweet,patrickwintour,patrickwintour,1
204026,Article,psangeetha2112,meeravohraTOI,5
204054,Article,psangeetha2112,Banjotkaur,160
204022,Article,psangeetha2112,divyapal2013,70
204088,Article,psangeetha2112,shiba_kurian,20
204107,Article,psangeetha2112,debaratisen,5
204052,Article,psangeetha2112,psangeetha2112,1
204108,Article,psangeetha2112,meeravohraTOI,12
204103,Article,psangeetha2112,afuahirsch,178
204055,Article,psangeetha2112,journo_vibha,51
204120,Article,psangeetha2112,dklavaniaTOI,45
204106,Article,psangeetha2112,priyagupta999,4
204035,Article,psangeetha2112,MohitaTOI,67
204081,Article,psangeetha2112,meeravohraTOI,9
204094,Article,psangeetha2112,Shreyanka_M,7
204046,Article,psangeetha2112,psangeetha2112,1
204161,Tweet,psangeetha2112,SumitraDebRoy,9
204183,Tweet,psangeetha2112,desaisantosh,104
204164,Tweet,psangeetha2112,SindhukTOI,7
204234,Tweet,psangeetha2112,laurenlaverne,33
204146,Tweet,psangeetha2112,vijayVsinghTOI,4
204192,Tweet,psangeetha2112,kylebuchanan,204
204180,Tweet,psangeetha2112,aditya_bh16,6
204201,Tweet,psangeetha2112,RosySequeiraTOI,89
204187,Tweet,psangeetha2112,SindhukTOI,18
204215,Tweet,psangeetha2112,NYTimesCohen,185
204172,Tweet,psangeetha2112,ChaitanyadTOI,15
204160,Tweet,psangeetha2112,jhoffman,85
204177,Tweet,psangeetha2112,priyangiTOI,84
204144,Tweet,psangeetha2112,petleepeter,179
204147,Tweet,psangeetha2112,RosySequeiraTOI,107
204705,Article,rajendrasTOI,rajendrasTOI,1
204616,Article,rajendrasTOI,rajendrasTOI,1
204672,Article,rajendrasTOI,rajendrasTOI,1
204660,Article,rajendrasTOI,rajendrasTOI,1
204734,Article,rajendrasTOI,rajendrasTOI,1
204624,Article,rajendrasTOI,rajendrasTOI,1
204715,Article,rajendrasTOI,AshokPradhanTOI,8
204597,Article,rajendrasTOI,rajendrasTOI,1
204768,Article,rajendrasTOI,rajendrasTOI,1
204731,Article,rajendrasTOI,bishnoiarvind11,3
204726,Article,rajendrasTOI,rajendrasTOI,1
204812,Article,rajendrasTOI,rajendrasTOI,1
204651,Article,rajendrasTOI,vijayVsinghTOI,3
204602,Article,rajendrasTOI,bishnoiarvind11,2
204791,Article,rajendrasTOI,SribaalaVTOI,5
204935,Tweet,rajendrasTOI,AditiZero,7
204940,Tweet,rajendrasTOI,ericschmittnyt,10
204867,Tweet,rajendrasTOI,ChaitanyadTOI,15
204887,Tweet,rajendrasTOI,rashmidTOI,14
204911,Tweet,rajendrasTOI,rajendrasTOI,1
204924,Tweet,rajendrasTOI,SidharthB25,248
204843,Tweet,rajendrasTOI,KapildaveTOI,15
204870,Tweet,rajendrasTOI,vijayVsinghTOI,53
204933,Tweet,rajendrasTOI,vijayVsinghTOI,4
204903,Tweet,rajendrasTOI,007pandey,64
204932,Tweet,rajendrasTOI,rajatpTOI,2
204919,Tweet,rajendrasTOI,ramarkosg,3
204888,Tweet,rajendrasTOI,AshokPradhanTOI,40
204873,Tweet,rajendrasTOI,rajatpTOI,2
204912,Tweet,rajendrasTOI,rajendrasTOI,1
120208,Article,FelicityCloake,npwcnn,16
120080,Article,FelicityCloake,gettinviggy,458
120067,Article,FelicityCloake,FelicityCloake,1
120033,Article,FelicityCloake,FelicityCloake,1
120020,Article,FelicityCloake,msmirandasawyer,37
120197,Article,FelicityCloake,FelicityCloake,1
120059,Article,FelicityCloake,FelicityCloake,1
120053,Article,FelicityCloake,winematcher,78
120207,Article,FelicityCloake,AlysFowler,2
120187,Article,FelicityCloake,Gauraw2297,33
120236,Article,FelicityCloake,gracedent,12
120221,Article,FelicityCloake,oliverburkeman,50
120214,Article,FelicityCloake,AlysFowler,35
120051,Article,FelicityCloake,MarinaOLoughlin,2
120148,Article,FelicityCloake,nnougayrede,217
120317,Tweet,FelicityCloake,lyngardner,113
120416,Tweet,FelicityCloake,samsifton,62
120632,Tweet,FelicityCloake,parthasinha,103
120413,Tweet,FelicityCloake,melissaclark,12
120769,Tweet,FelicityCloake,LauraCummingArt,2
120447,Tweet,FelicityCloake,AlysFowler,3
120362,Tweet,FelicityCloake,FelicityCloake,1
120823,Tweet,FelicityCloake,attackerman,74
120427,Tweet,FelicityCloake,tejalrao,19
120292,Tweet,FelicityCloake,PerriKlass,134
120788,Tweet,FelicityCloake,ditzkoff,134
120724,Tweet,FelicityCloake,msrachelcooke,42
120588,Tweet,FelicityCloake,lyngardner,11
120641,Tweet,FelicityCloake,PatrickKingsley,2
120538,Tweet,FelicityCloake,jonronson,105
35489,Article,EricaLG,PatriciaMazzei,15
35415,Article,EricaLG,jimtankersley,21
35475,Article,EricaLG,vvfriedman,139
35461,Article,EricaLG,JessicaValenti,147
35453,Article,EricaLG,gailcollins,14
35418,Article,EricaLG,EricaLG,1
35488,Article,EricaLG,helenecooper,2
35408,Article,EricaLG,hillhulse,5
35406,Article,EricaLG,farnazfassihi,31
35459,Article,EricaLG,hillhulse,2
35427,Article,EricaLG,OfficeGSBrown,105
35400,Article,EricaLG,billmpennington,134
35487,Article,EricaLG,marywalshjourno,18
35445,Article,EricaLG,ESCochrane,2
35492,Article,EricaLG,RichardFausset,15
35594,Tweet,EricaLG,naomi2009,318
35513,Tweet,EricaLG,andybrassell,4
35567,Tweet,EricaLG,andybrassell,2
35534,Tweet,EricaLG,EricaLG,1
35502,Tweet,EricaLG,marywalshjourno,80
35571,Tweet,EricaLG,GiniaNYT,9
35565,Tweet,EricaLG,murarishetyeTOI,128
35548,Tweet,EricaLG,EricaLG,1
35529,Tweet,EricaLG,binays1960,105
35532,Tweet,EricaLG,EricaLG,1
35531,Tweet,EricaLG,EricaLG,1
35508,Tweet,EricaLG,lauriegnyt,2
35509,Tweet,EricaLG,rachshabi,26
35569,Tweet,EricaLG,margaretrenkl,37
35599,Tweet,EricaLG,RBReich,249
20653,Article,ewong,EllenBarryNYT,3
20646,Article,ewong,suilee,54
20626,Article,ewong,stevenerlanger,21
20683,Article,ewong,KeithBradsher,5
20612,Article,ewong,jimtankersley,36
20652,Article,ewong,ewong,1
20698,Article,ewong,julianbarnes,18
20693,Article,ewong,npwcnn,29
20611,Article,ewong,ewong,1
20601,Article,ewong,tomfriedman,63
20656,Article,ewong,ericschmittnyt,3
20666,Article,ewong,kenvogel,4
20686,Article,ewong,mikeives,6
20619,Article,ewong,AnaSwanson,2
20679,Article,ewong,AnaSwanson,4
20728,Tweet,ewong,FrankBruni,156
20734,Tweet,ewong,TOISH31,40
20769,Tweet,ewong,NishikantkTOI,166
20704,Tweet,ewong,DouthatNYT,64
20799,Tweet,ewong,npwcnn,374
20752,Tweet,ewong,SharonLNYT,30
20725,Tweet,ewong,ewong,1
20731,Tweet,ewong,NeilMacFarquhar,3
20755,Tweet,ewong,julianbarnes,29
20748,Tweet,ewong,TOISH31,238
20760,Tweet,ewong,lauriegnyt,41
20770,Tweet,ewong,BhanupratapsTOI,19
20736,Tweet,ewong,AlokKNMishra,108
20732,Tweet,ewong,julianbarnes,5
20742,Tweet,ewong,jeannasmialek,87
69426,Article,greenslader,IAmTimDowling,10
69594,Article,greenslader,anniekarni,215
69487,Article,greenslader,davidhepworth,4
69448,Article,greenslader,OwenJones84,32
69625,Article,greenslader,davidhepworth,3
69557,Article,greenslader,sarfrazmanzoor,4
69503,Article,greenslader,greenslader,1
69430,Article,greenslader,DeccaJourno,110
69599,Article,greenslader,NilsPratley,9
69439,Article,greenslader,charltonbrooker,202
69520,Article,greenslader,john_hooper,22
69484,Article,greenslader,stevenpoole,19
69607,Article,greenslader,emilybell,21
69438,Article,greenslader,nandinisgTOI,188
69414,Article,greenslader,ameliagentleman,130
69650,Tweet,greenslader,Lattif,123
70099,Tweet,greenslader,tomdyckhoff,3
69834,Tweet,greenslader,DouthatNYT,51
70171,Tweet,greenslader,carolecadwalla,52
69895,Tweet,greenslader,chiggi,25
69867,Tweet,greenslader,williamnhutton,61
69771,Tweet,greenslader,alexbellos,24
69756,Tweet,greenslader,nytDeniseGrady,58
69952,Tweet,greenslader,durgeshjhaTOI,35
69970,Tweet,greenslader,AndrewSparrow,58
69654,Tweet,greenslader,williamkeegan,6
70104,Tweet,greenslader,GRajivTOI,38
70090,Tweet,greenslader,naomi2009,19
69982,Tweet,greenslader,DSlotnik,16
69922,Tweet,greenslader,AnushkaAsthana,4
178445,Article,bishnoiarvind11,IpsitaTOI,20
178410,Article,bishnoiarvind11,AtulMathur_,16
178499,Article,bishnoiarvind11,Crime_Selvaraj,2
178413,Article,bishnoiarvind11,SyedAkbarTOI,118
178417,Article,bishnoiarvind11,FabrizioRomano,47
178371,Article,bishnoiarvind11,smbahr14,92
178447,Article,bishnoiarvind11,priyangiTOI,11
178520,Article,bishnoiarvind11,UttaraVarmaTOI,3
178391,Article,bishnoiarvind11,ChuBailiang,162
178396,Article,bishnoiarvind11,kush_junglee,11
178500,Article,bishnoiarvind11,har_mandeep,26
178313,Article,bishnoiarvind11,bishnoiarvind11,1
178361,Article,bishnoiarvind11,rajendrasTOI,2
178524,Article,bishnoiarvind11,journo_vibha,6
178395,Article,bishnoiarvind11,bishnoiarvind11,1
178553,Tweet,bishnoiarvind11,binays1960,117
178592,Tweet,bishnoiarvind11,GRajivTOI,95
178571,Tweet,bishnoiarvind11,manvirsainiTOI,7
178565,Tweet,bishnoiarvind11,GRajivTOI,10
178566,Tweet,bishnoiarvind11,palaknandiTOI,45
178588,Tweet,bishnoiarvind11,GlennThrush,146
178544,Tweet,bishnoiarvind11,palaknandiTOI,19
178627,Tweet,bishnoiarvind11,vijaysinghTOI,69
178585,Tweet,bishnoiarvind11,BhanupratapsTOI,18
178591,Tweet,bishnoiarvind11,anandbodhTOI,25
178559,Tweet,bishnoiarvind11,sandhyanairTOI,11
178584,Tweet,bishnoiarvind11,SindhukTOI,30
178599,Tweet,bishnoiarvind11,AditiZero,8
178617,Tweet,bishnoiarvind11,priyangiTOI,17
178532,Tweet,bishnoiarvind11,ramendrasTOI,2
17662,Article,RichSandomir,MichaelPaulson,7
17692,Article,RichSandomir,RichSandomir,1
17699,Article,RichSandomir,paulkrugman,176
17644,Article,RichSandomir,genznyt,3
17613,Article,RichSandomir,DSlotnik,2
17651,Article,RichSandomir,marthakelner,104
17628,Article,RichSandomir,genznyt,3
17656,Article,RichSandomir,genznyt,7
17665,Article,RichSandomir,NYTimesCohen,23
17655,Article,RichSandomir,genznyt,4
17672,Article,RichSandomir,HemantaTOI,3
17610,Article,RichSandomir,samrob12,4
17670,Article,RichSandomir,genznyt,2
17695,Article,RichSandomir,MichaelPaulson,2
17627,Article,RichSandomir,ByJamesWagner,16
17748,Tweet,RichSandomir,RichSandomir,1
17709,Tweet,RichSandomir,williamkeegan,34
17791,Tweet,RichSandomir,bylizrobbins,195
17780,Tweet,RichSandomir,omjasvinTOI,151
17710,Tweet,RichSandomir,Freedland,5
17758,Tweet,RichSandomir,tripgabriel,92
17704,Tweet,RichSandomir,DSlotnik,136
17751,Tweet,RichSandomir,margaretrenkl,5
17754,Tweet,RichSandomir,we_are_food,71
17764,Tweet,RichSandomir,mtomasky,43
17794,Tweet,RichSandomir,rpogrebin,174
17735,Tweet,RichSandomir,mlevenson,136
17717,Tweet,RichSandomir,priyagupta999,234
17740,Tweet,RichSandomir,yeshikabudhwar,34
17798,Tweet,RichSandomir,jonpareles,7
23614,Article,sarahlyall,SocialQPhilip,14
23685,Article,sarahlyall,FrankBruni,41
23638,Article,sarahlyall,SocialQPhilip,18
23604,Article,sarahlyall,RorySmith,23
23661,Article,sarahlyall,tomdyckhoff,23
23610,Article,sarahlyall,sarahlyall,1
23660,Article,sarahlyall,EmmaBubola,12
23671,Article,sarahlyall,thestephmerritt,22
23678,Article,sarahlyall,dwightgarner,4
23663,Article,sarahlyall,SocialQPhilip,11
23666,Article,sarahlyall,stevenpoole,3
23698,Article,sarahlyall,dwightgarner,120
23699,Article,sarahlyall,jeannasmialek,253
23688,Article,sarahlyall,DerekMalcolm123,143
23696,Article,sarahlyall,pete_wells,38
23770,Tweet,sarahlyall,annanorthtweets,47
23701,Tweet,sarahlyall,damiencave,12
23711,Tweet,sarahlyall,EricaLG,16
23702,Tweet,sarahlyall,saumyajitbTOI,78
23743,Tweet,sarahlyall,Gauraw2297,302
23779,Tweet,sarahlyall,LauraCummingArt,7
23718,Tweet,sarahlyall,desaisantosh,23
23712,Tweet,sarahlyall,RorySmith,17
23766,Tweet,sarahlyall,alexanderburns,5
23754,Tweet,sarahlyall,mohuadazz,29
23735,Tweet,sarahlyall,EricaLG,15
23714,Tweet,sarahlyall,andrewrawnsley,43
23761,Tweet,sarahlyall,laurenlaverne,20
23725,Tweet,sarahlyall,NYTimesCohen,2
23757,Tweet,sarahlyall,laurenlaverne,266
219890,Article,vaibhavgTOI,alexbellos,43
219723,Article,vaibhavgTOI,ajaysuraTOI,12
219886,Article,vaibhavgTOI,vijayVsinghTOI,13
219741,Article,vaibhavgTOI,priyangiTOI,9
219824,Article,vaibhavgTOI,vaibhavgTOI,1
219889,Article,vaibhavgTOI,KapildaveTOI,37
219950,Article,vaibhavgTOI,aseemsgujar,88
219772,Article,vaibhavgTOI,RosySequeiraTOI,14
219784,Article,vaibhavgTOI,RosySequeiraTOI,34
219866,Article,vaibhavgTOI,RosySequeiraTOI,14
219943,Article,vaibhavgTOI,SribaalaVTOI,6
219858,Article,vaibhavgTOI,LeoHickman,11
219882,Article,vaibhavgTOI,Crime_Selvaraj,63
219918,Article,vaibhavgTOI,naomi2009,13
219806,Article,vaibhavgTOI,sandhyanairTOI,38
219997,Tweet,vaibhavgTOI,mateenHTOI,13
220022,Tweet,vaibhavgTOI,rhymetraveller,23
219966,Tweet,vaibhavgTOI,SidharthB25,13
220014,Tweet,vaibhavgTOI,SindhukTOI,26
219994,Tweet,vaibhavgTOI,itsshibuthomas,18
220018,Tweet,vaibhavgTOI,SwatiShindeTOI,18
220039,Tweet,vaibhavgTOI,ChaitanyadTOI,15
220017,Tweet,vaibhavgTOI,journo_vibha,84
219969,Tweet,vaibhavgTOI,shafaquealamTOI,20
219963,Tweet,vaibhavgTOI,NirupaTOI,4
220013,Tweet,vaibhavgTOI,KTVinobhaTOI,82
220028,Tweet,vaibhavgTOI,rondakaysen,4
220056,Tweet,vaibhavgTOI,AlokKNMishra,65
220047,Tweet,vaibhavgTOI,niyatiparikhTOI,53
220055,Tweet,vaibhavgTOI,PjJoychen,39
216471,Article,TOISH31,AniltheMatrix,12
216581,Article,TOISH31,seaningle,18
216529,Article,TOISH31,saumyajitbTOI,26
216559,Article,TOISH31,AniltheMatrix,6
216434,Article,TOISH31,aditya_bh16,146
216458,Article,TOISH31,toi_rohanA,13
216381,Article,TOISH31,rajatpTOI,13
216565,Article,TOISH31,AraniBasuTOI,31
216556,Article,TOISH31,toi_rohanA,2
216548,Article,TOISH31,adwaidh,11
216481,Article,TOISH31,divyapal2013,137
216499,Article,TOISH31,AraniBasuTOI,78
216495,Article,TOISH31,TOISH31,1
216489,Article,TOISH31,tushhaikhush,2
216611,Article,TOISH31,sudeshnagTOI,12
216618,Tweet,TOISH31,PNaveenTOI,2
216653,Tweet,TOISH31,TOISH31,1
216631,Tweet,TOISH31,TOISH31,1
216686,Tweet,TOISH31,TOISH31,1
216660,Tweet,TOISH31,TOISH31,1
216662,Tweet,TOISH31,TOISH31,1
216656,Tweet,TOISH31,TOISH31,1
216696,Tweet,TOISH31,TOISH31,1
216687,Tweet,TOISH31,TOISH31,1
216627,Tweet,TOISH31,TOISH31,1
216702,Tweet,TOISH31,TOISH31,1
216699,Tweet,TOISH31,TOISH31,1
216704,Tweet,TOISH31,TOISH31,1
216663,Tweet,TOISH31,TOISH31,1
216619,Tweet,TOISH31,PNaveenTOI,5
54704,Article,alexvtunzelmann,DerekMalcolm123,4
54710,Article,alexvtunzelmann,alexvtunzelmann,1
54631,Article,alexvtunzelmann,alexvtunzelmann,1
54767,Article,alexvtunzelmann,alexvtunzelmann,1
54769,Article,alexvtunzelmann,DerekMalcolm123,2
54610,Article,alexvtunzelmann,wesley_morris,125
54762,Article,alexvtunzelmann,DerekMalcolm123,2
54816,Article,alexvtunzelmann,alexvtunzelmann,1
54658,Article,alexvtunzelmann,DerekMalcolm123,2
54653,Article,alexvtunzelmann,alexvtunzelmann,1
54854,Article,alexvtunzelmann,alexvtunzelmann,1
54637,Article,alexvtunzelmann,alexvtunzelmann,1
54719,Article,alexvtunzelmann,alexvtunzelmann,1
54751,Article,alexvtunzelmann,alexvtunzelmann,1
54783,Article,alexvtunzelmann,alexvtunzelmann,1
55167,Tweet,alexvtunzelmann,DerekMalcolm123,18
55287,Tweet,alexvtunzelmann,DanielKingChess,65
55365,Tweet,alexvtunzelmann,carlzimmer,183
55136,Tweet,alexvtunzelmann,FabrizioRomano,90
55265,Tweet,alexvtunzelmann,aleksk,189
54954,Tweet,alexvtunzelmann,jamesrbuk,57
55170,Tweet,alexvtunzelmann,charltonbrooker,67
54933,Tweet,alexvtunzelmann,binays1960,46
55207,Tweet,alexvtunzelmann,rondakaysen,388
55340,Tweet,alexvtunzelmann,RosySequeiraTOI,93
55095,Tweet,alexvtunzelmann,LauraCummingArt,213
55176,Tweet,alexvtunzelmann,ajaysuraTOI,114
54864,Tweet,alexvtunzelmann,salihughes,202
55063,Tweet,alexvtunzelmann,gailcollins,23
54871,Tweet,alexvtunzelmann,laurenlaverne,68
100437,Article,archiebland,OLIVERBALCH,276
100340,Article,archiebland,lucysiegle,155
100424,Article,archiebland,AshokPradhanTOI,168
100402,Article,archiebland,VivianHo,61
100323,Article,archiebland,AnushkaAsthana,42
100364,Article,archiebland,AndrewSparrow,29
100429,Article,archiebland,akhileshsTOI,154
100305,Article,archiebland,PippaCrerar,175
100222,Article,archiebland,MiriamElder,166
100404,Article,archiebland,chiggi,111
100368,Article,archiebland,Lattif,429
100431,Article,archiebland,EricaLG,44
100421,Article,archiebland,mtomasky,134
100193,Article,archiebland,laurenlaverne,89
100415,Article,archiebland,AnushkaAsthana,35
100902,Tweet,archiebland,greenslader,176
100755,Tweet,archiebland,jimwaterson,139
100699,Tweet,archiebland,andybrassell,123
100775,Tweet,archiebland,GiniaNYT,217
100912,Tweet,archiebland,mtomasky,68
100686,Tweet,archiebland,DeccaJourno,8
100452,Tweet,archiebland,joshwiddicombe,114
101030,Tweet,archiebland,andrewrawnsley,218
100946,Tweet,archiebland,LizAldermanNYT,257
100502,Tweet,archiebland,RorySmith,198
100566,Tweet,archiebland,alanconnor,194
100485,Tweet,archiebland,HackneyAbbott,61
100696,Tweet,archiebland,jhoffman,348
100712,Tweet,archiebland,mtomasky,193
100710,Tweet,archiebland,sarfrazmanzoor,88
180504,Article,desaisantosh,ggreenwald,84
180588,Article,desaisantosh,DouthatNYT,4
180604,Article,desaisantosh,desaisantosh,1
180490,Article,desaisantosh,AraniBasuTOI,2
180493,Article,desaisantosh,gmorgenson,29
180583,Article,desaisantosh,williamkeegan,48
180567,Article,desaisantosh,OwenJones84,22
180577,Article,desaisantosh,MoharBasu,53
180616,Article,desaisantosh,vaibhavgTOI,230
180516,Article,desaisantosh,desaisantosh,1
180517,Article,desaisantosh,timatkin,38
180502,Article,desaisantosh,sermoninstone,122
180507,Article,desaisantosh,KapildaveTOI,326
180594,Article,desaisantosh,davidhepworth,12
180596,Article,desaisantosh,williamkeegan,3
180641,Tweet,desaisantosh,debaratisen,35
180702,Tweet,desaisantosh,desaisantosh,1
180663,Tweet,desaisantosh,williamkeegan,33
180664,Tweet,desaisantosh,desaisantosh,1
180660,Tweet,desaisantosh,desaisantosh,1
180692,Tweet,desaisantosh,desaisantosh,1
180632,Tweet,desaisantosh,williamkeegan,7
180656,Tweet,desaisantosh,desaisantosh,1
180622,Tweet,desaisantosh,desaisantosh,1
180649,Tweet,desaisantosh,richapintoi,103
180694,Tweet,desaisantosh,GRajivTOI,73
180665,Tweet,desaisantosh,kush_junglee,21
180661,Tweet,desaisantosh,desaisantosh,1
180672,Tweet,desaisantosh,desaisantosh,1
180652,Tweet,desaisantosh,akhileshsTOI,81
7689,Article,EVincentelli,jhoffman,59
7629,Article,EVincentelli,wesley_morris,8
7661,Article,EVincentelli,pete_wells,8
7667,Article,EVincentelli,MichaelPaulson,40
7640,Article,EVincentelli,DerekMalcolm123,11
7684,Article,EVincentelli,billicritic,113
7605,Article,EVincentelli,vvfriedman,34
7652,Article,EVincentelli,RaphaelMinder,231
7688,Article,EVincentelli,margaretrenkl,8
7631,Article,EVincentelli,stevenerlanger,62
7625,Article,EVincentelli,pete_wells,20
7616,Article,EVincentelli,ManjuVTOI,208
7601,Article,EVincentelli,kylebuchanan,8
7608,Article,EVincentelli,sisario,28
7648,Article,EVincentelli,ASoloski,2
7710,Tweet,EVincentelli,michaelcrowley,437
7724,Tweet,EVincentelli,jhoffman,3
7729,Tweet,EVincentelli,EVincentelli,1
7758,Tweet,EVincentelli,benkenigsberg,56
7799,Tweet,EVincentelli,sisario,36
7797,Tweet,EVincentelli,alexvtunzelmann,2
7718,Tweet,EVincentelli,DanielKingChess,66
7705,Tweet,EVincentelli,NYTimesCohen,5
7748,Tweet,EVincentelli,MoharBasu,21
7790,Tweet,EVincentelli,laurenlaverne,130
7767,Tweet,EVincentelli,jhoffman,9
7743,Tweet,EVincentelli,davidleighx,63
7745,Tweet,EVincentelli,pete_wells,91
7761,Tweet,EVincentelli,parul_sehgal,14
7754,Tweet,EVincentelli,Crime_Selvaraj,346
202110,Article,pradeepjourno,pradeepjourno,1
202162,Article,pradeepjourno,lucysiegle,6
202128,Article,pradeepjourno,007pandey,62
202104,Article,pradeepjourno,GRajivTOI,66
202050,Article,pradeepjourno,AlysFowler,95
202101,Article,pradeepjourno,meeravohraTOI,4
201972,Article,pradeepjourno,PhanindraP_TNIE,15
202135,Article,pradeepjourno,mateenHTOI,13
202172,Article,pradeepjourno,NishikantkTOI,7
201994,Article,pradeepjourno,sandhyanairTOI,95
202096,Article,pradeepjourno,SagrikaKissu,44
201929,Article,pradeepjourno,NishikantkTOI,16
201995,Article,pradeepjourno,bishnoiarvind11,18
202087,Article,pradeepjourno,AditiZero,23
201991,Article,pradeepjourno,SindhukTOI,16
202255,Tweet,pradeepjourno,sermoninstone,2
202266,Tweet,pradeepjourno,MKSinghGkp,4
202211,Tweet,pradeepjourno,damiencave,101
202217,Tweet,pradeepjourno,PatrickKingsley,292
202184,Tweet,pradeepjourno,Gauraw2297,15
202201,Tweet,pradeepjourno,kush_junglee,41
202226,Tweet,pradeepjourno,RosySequeiraTOI,491
202256,Tweet,pradeepjourno,TOISH31,22
202229,Tweet,pradeepjourno,Gauraw2297,3
202206,Tweet,pradeepjourno,saumyajitbTOI,329
202216,Tweet,pradeepjourno,ThevarSteffy,119
202204,Tweet,pradeepjourno,pradeepjourno,1
202250,Tweet,pradeepjourno,bindiyachariTOI,22
202200,Tweet,pradeepjourno,PNaveenTOI,8
202257,Tweet,pradeepjourno,jessbidgood,107
201411,Article,PjJoychen,DSandip_TOI,107
201355,Article,PjJoychen,ajaysuraTOI,6
201343,Article,PjJoychen,yeshikabudhwar,21
201319,Article,PjJoychen,sandhyanairTOI,46
201397,Article,PjJoychen,vijayVsinghTOI,70
201331,Article,PjJoychen,SidharthB25,175
201329,Article,PjJoychen,KapildaveTOI,6
201447,Article,PjJoychen,SiwachSukhbir,12
201431,Article,PjJoychen,toi_dhananjayM,4
201435,Article,PjJoychen,PjJoychen,1
201396,Article,PjJoychen,KapildaveTOI,6
201378,Article,PjJoychen,dionnesearcey,58
201379,Article,PjJoychen,amitanandTOI,3
201365,Article,PjJoychen,ramendrasTOI,9
201361,Article,PjJoychen,AnaSwanson,317
201485,Tweet,PjJoychen,PjJoychen,1
201503,Tweet,PjJoychen,PjJoychen,1
201514,Tweet,PjJoychen,PjJoychen,1
201576,Tweet,PjJoychen,PjJoychen,1
201579,Tweet,PjJoychen,PjJoychen,1
201563,Tweet,PjJoychen,PjJoychen,1
201543,Tweet,PjJoychen,PjJoychen,1
201540,Tweet,PjJoychen,PjJoychen,1
201520,Tweet,PjJoychen,PjJoychen,1
201507,Tweet,PjJoychen,PjJoychen,1
201577,Tweet,PjJoychen,PjJoychen,1
201501,Tweet,PjJoychen,PjJoychen,1
201545,Tweet,PjJoychen,PjJoychen,1
201481,Tweet,PjJoychen,ThevarSteffy,349
201568,Tweet,PjJoychen,PjJoychen,1
30664,Article,jennydeluxe,OLIVERBALCH,3
30669,Article,jennydeluxe,mohuadazz,272
30642,Article,jennydeluxe,zwoolfe,363
30665,Article,jennydeluxe,tejalrao,2
30644,Article,jennydeluxe,aleksk,53
30608,Article,jennydeluxe,petleepeter,125
30655,Article,jennydeluxe,journo_vibha,107
30682,Article,jennydeluxe,FrankBruni,110
30607,Article,jennydeluxe,ByJamesWagner,28
30681,Article,jennydeluxe,rondakaysen,311
30697,Article,jennydeluxe,DouthatNYT,195
30688,Article,jennydeluxe,wesley_morris,37
30656,Article,jennydeluxe,jennydeluxe,1
30673,Article,jennydeluxe,jennydeluxe,1
30672,Article,jennydeluxe,tejalrao,187
30725,Tweet,jennydeluxe,MonaChalabi,24
30705,Tweet,jennydeluxe,EricaLG,3
30761,Tweet,jennydeluxe,lucysiegle,33
30722,Tweet,jennydeluxe,desaisantosh,111
30745,Tweet,jennydeluxe,lucywardsings,10
30721,Tweet,jennydeluxe,MarinaOLoughlin,12
30742,Tweet,jennydeluxe,jennydeluxe,1
30766,Tweet,jennydeluxe,jennydeluxe,1
30755,Tweet,jennydeluxe,tejalrao,7
30736,Tweet,jennydeluxe,sio_burke,3
30744,Tweet,jennydeluxe,jennydeluxe,1
30707,Tweet,jennydeluxe,VivianHo,4
30703,Tweet,jennydeluxe,EricaLG,8
30716,Tweet,jennydeluxe,pankajdoval,297
30735,Tweet,jennydeluxe,gailcollins,256
218744,Article,umamahesh_ToI,richapintoi,11
218826,Article,umamahesh_ToI,DSandip_TOI,56
218718,Article,umamahesh_ToI,SindhukTOI,25
218904,Article,umamahesh_ToI,aseemsgujar,7
218884,Article,umamahesh_ToI,shafaquealamTOI,19
218704,Article,umamahesh_ToI,umamahesh_ToI,1
218868,Article,umamahesh_ToI,parthasinha,18
218850,Article,umamahesh_ToI,RosySequeiraTOI,8
218765,Article,umamahesh_ToI,parthasinha,18
218909,Article,umamahesh_ToI,Rupalijee,7
218914,Article,umamahesh_ToI,pradeeptTOI,3
218710,Article,umamahesh_ToI,sandhyanairTOI,3
218891,Article,umamahesh_ToI,SwatiShindeTOI,32
218856,Article,umamahesh_ToI,PhanindraP_TNIE,18
218716,Article,umamahesh_ToI,HemantaTOI,94
218968,Tweet,umamahesh_ToI,IpsitaTOI,131
218944,Tweet,umamahesh_ToI,rajendrasTOI,55
218959,Tweet,umamahesh_ToI,durgeshjhaTOI,113
219003,Tweet,umamahesh_ToI,petleepeter,55
219002,Tweet,umamahesh_ToI,thestephmerritt,61
218919,Tweet,umamahesh_ToI,umamahesh_ToI,1
218992,Tweet,umamahesh_ToI,peterbradshaw1,135
218955,Tweet,umamahesh_ToI,TOISH31,3
219001,Tweet,umamahesh_ToI,DanielKingChess,89
218996,Tweet,umamahesh_ToI,petleepeter,172
218939,Tweet,umamahesh_ToI,sudhanshub16,14
218978,Tweet,umamahesh_ToI,RosySequeiraTOI,292
218951,Tweet,umamahesh_ToI,umamahesh_ToI,1
218977,Tweet,umamahesh_ToI,payaldhawanTOI,11
218970,Tweet,umamahesh_ToI,petleepeter,67
26636,Article,tejalrao,Crime_Selvaraj,323
26681,Article,tejalrao,tejalrao,1
26683,Article,tejalrao,pete_wells,5
26664,Article,tejalrao,tejalrao,1
26618,Article,tejalrao,margaretrenkl,177
26686,Article,tejalrao,pete_wells,3
26658,Article,tejalrao,pete_wells,24
26680,Article,tejalrao,pete_wells,7
26654,Article,tejalrao,jennydeluxe,2
26662,Article,tejalrao,pete_wells,15
26626,Article,tejalrao,melissaclark,3
26672,Article,tejalrao,tejalrao,1
26669,Article,tejalrao,pete_wells,4
26651,Article,tejalrao,samsifton,3
26646,Article,tejalrao,tejalrao,1
26748,Tweet,tejalrao,gettinviggy,36
26720,Tweet,tejalrao,AshokPradhanTOI,121
26739,Tweet,tejalrao,we_are_food,52
26790,Tweet,tejalrao,ottolenghi,252
26710,Tweet,tejalrao,MarinaOLoughlin,8
26784,Tweet,tejalrao,allegramcevedy,39
26762,Tweet,tejalrao,melissaclark,5
26760,Tweet,tejalrao,MoharBasu,6
26738,Tweet,tejalrao,lauriegnyt,268
26728,Tweet,tejalrao,SocialQPhilip,76
26737,Tweet,tejalrao,vijayVsinghTOI,377
26702,Tweet,tejalrao,tejalrao,1
26773,Tweet,tejalrao,GiniaNYT,354
26785,Tweet,tejalrao,fmanjoo,83
26705,Tweet,tejalrao,MoharBasu,3
179000,Article,ChaithanyaSwamy,SindhukTOI,3
179080,Article,ChaithanyaSwamy,SindhukTOI,11
179027,Article,ChaithanyaSwamy,ChaithanyaSwamy,1
178987,Article,ChaithanyaSwamy,mateenHTOI,19
179076,Article,ChaithanyaSwamy,bishnoiarvind11,2
179072,Article,ChaithanyaSwamy,vijayVsinghTOI,25
178998,Article,ChaithanyaSwamy,RosySequeiraTOI,22
179037,Article,ChaithanyaSwamy,NishikantkTOI,29
179031,Article,ChaithanyaSwamy,Crime_Selvaraj,12
179040,Article,ChaithanyaSwamy,SidharthB25,19
179014,Article,ChaithanyaSwamy,mateenHTOI,3
179059,Article,ChaithanyaSwamy,dkarthikTOI,2
179008,Article,ChaithanyaSwamy,Shreyanka_M,6
179094,Article,ChaithanyaSwamy,murarishetye,69
179068,Article,ChaithanyaSwamy,mateenHTOI,15
179215,Tweet,ChaithanyaSwamy,dubeyavishek,8
179152,Tweet,ChaithanyaSwamy,ChaitanyadTOI,48
179171,Tweet,ChaithanyaSwamy,WilbyPeter,109
179185,Tweet,ChaithanyaSwamy,PjJoychen,67
179201,Tweet,ChaithanyaSwamy,mateenHTOI,125
179162,Tweet,ChaithanyaSwamy,AlokKNMishra,12
179145,Tweet,ChaithanyaSwamy,AlokKNMishra,9
179204,Tweet,ChaithanyaSwamy,PjJoychen,24
179158,Tweet,ChaithanyaSwamy,DanielKingChess,126
179165,Tweet,ChaithanyaSwamy,SidharthB25,72
179186,Tweet,ChaithanyaSwamy,NishikantkTOI,91
179144,Tweet,ChaithanyaSwamy,RosySequeiraTOI,391
179133,Tweet,ChaithanyaSwamy,DerekMalcolm123,148
179129,Tweet,ChaithanyaSwamy,KomalGautham,135
179161,Tweet,ChaithanyaSwamy,desaisantosh,12
131115,Article,axrenton,we_are_food,56
131154,Article,axrenton,davidhepworth,14
131179,Article,axrenton,NilsPratley,43
131145,Article,axrenton,emilybell,76
131157,Article,axrenton,RebeccaSeal,24
131170,Article,axrenton,AlysFowler,87
131071,Article,axrenton,LFFriedman,182
131112,Article,axrenton,AndrewSparrow,26
131073,Article,axrenton,AlysFowler,35
131109,Article,axrenton,JohnJCrace,51
131142,Article,axrenton,ottolenghi,6
131092,Article,axrenton,RebeccaSeal,24
131059,Article,axrenton,jillfilipovic,43
131096,Article,axrenton,jennydeluxe,155
131190,Article,axrenton,williamkeegan,30
131305,Tweet,axrenton,sarfrazmanzoor,7
131310,Tweet,axrenton,chiggi,49
131617,Tweet,axrenton,ggreenwald,436
131646,Tweet,axrenton,naomi2009,58
131702,Tweet,axrenton,KTVinobhaTOI,136
131399,Tweet,axrenton,steve_hewlett,66
131333,Tweet,axrenton,KateEMcCann,59
131755,Tweet,axrenton,arusbridger,59
131363,Tweet,axrenton,rebeccaSTOI,86
131506,Tweet,axrenton,SearleAdrian,22
131448,Tweet,axrenton,sendvictorious,64
131735,Tweet,axrenton,ajaysuraTOI,387
131243,Tweet,axrenton,ameliagentleman,280
131526,Tweet,axrenton,ukigoni,284
131238,Tweet,axrenton,KateEMcCann,17
24833,Article,zwoolfe,samrob12,226
24873,Article,zwoolfe,MichaelPaulson,4
24878,Article,zwoolfe,neelam_raaj,36
24845,Article,zwoolfe,zwoolfe,1
24894,Article,zwoolfe,dklavaniaTOI,5
24875,Article,zwoolfe,pete_wells,5
24886,Article,zwoolfe,zwoolfe,1
24804,Article,zwoolfe,RichSandomir,5
24831,Article,zwoolfe,DerekMalcolm123,18
24803,Article,zwoolfe,NYTimesCohen,24
24891,Article,zwoolfe,ASoloski,41
24807,Article,zwoolfe,DerekMalcolm123,22
24849,Article,zwoolfe,zwoolfe,1
24859,Article,zwoolfe,DerekMalcolm123,5
24829,Article,zwoolfe,lindasgrant,35
24938,Tweet,zwoolfe,stevenerlanger,85
24939,Tweet,zwoolfe,PNaveenTOI,49
24940,Tweet,zwoolfe,alanconnor,8
24961,Tweet,zwoolfe,DSlotnik,370
24918,Tweet,zwoolfe,palaknandiTOI,51
24945,Tweet,zwoolfe,ChuBailiang,171
24965,Tweet,zwoolfe,gailcollins,255
24928,Tweet,zwoolfe,davidleighx,140
24964,Tweet,zwoolfe,KTVinobhaTOI,14
24980,Tweet,zwoolfe,mateenHTOI,200
24970,Tweet,zwoolfe,priyagupta999,11
24987,Tweet,zwoolfe,carolecadwalla,54
24995,Tweet,zwoolfe,bishnoiarvind11,6
24919,Tweet,zwoolfe,tripgabriel,255
24943,Tweet,zwoolfe,murarishetyeTOI,231
16437,Article,paulkrugman,FrankBruni,4
16458,Article,paulkrugman,DouthatNYT,21
16427,Article,paulkrugman,ginakolata,14
16486,Article,paulkrugman,nytdavidbrooks,4
16400,Article,paulkrugman,pete_wells,24
16471,Article,paulkrugman,RBReich,7
16494,Article,paulkrugman,DouthatNYT,2
16433,Article,paulkrugman,mtomasky,3
16411,Article,paulkrugman,bencasselman,18
16416,Article,paulkrugman,kylebuchanan,12
16425,Article,paulkrugman,paulkrugman,1
16441,Article,paulkrugman,llerer,14
16446,Article,paulkrugman,paulkrugman,1
16470,Article,paulkrugman,sangerkatz,2
16448,Article,paulkrugman,sangerkatz,8
16519,Tweet,paulkrugman,paulkrugman,1
16543,Tweet,paulkrugman,paulkrugman,1
16553,Tweet,paulkrugman,paulkrugman,1
16517,Tweet,paulkrugman,Markbeaumontuk,357
16560,Tweet,paulkrugman,paulkrugman,1
16552,Tweet,paulkrugman,paulkrugman,1
16590,Tweet,paulkrugman,wesley_morris,20
16570,Tweet,paulkrugman,paulkrugman,1
16503,Tweet,paulkrugman,paulkrugman,1
16541,Tweet,paulkrugman,paulkrugman,1
16576,Tweet,paulkrugman,paulkrugman,1
16550,Tweet,paulkrugman,paulkrugman,1
16579,Tweet,paulkrugman,paulkrugman,1
16535,Tweet,paulkrugman,paulkrugman,1
16537,Tweet,paulkrugman,paulkrugman,1
217234,Article,toi_ManujaV,Shrivathsan1437,2
217266,Article,toi_ManujaV,TridibIANS,7
217308,Article,toi_ManujaV,Shrivathsan1437,5
217239,Article,toi_ManujaV,Pratiks_TOI,7
217203,Article,toi_ManujaV,AraniBasuTOI,5
217233,Article,toi_ManujaV,andrewrsorkin,55
217095,Article,toi_ManujaV,manujaveerappa,5
217091,Article,toi_ManujaV,Pratiks_TOI,20
217253,Article,toi_ManujaV,Pratiks_TOI,7
217197,Article,toi_ManujaV,divyapal2013,142
217235,Article,toi_ManujaV,Shilarze_SSR,24
217189,Article,toi_ManujaV,AraniBasuTOI,6
217250,Article,toi_ManujaV,TOISH31,13
217096,Article,toi_ManujaV,AraniBasuTOI,5
217307,Article,toi_ManujaV,SunilSubaiah,15
217360,Tweet,toi_ManujaV,MKSinghGkp,32
217335,Tweet,toi_ManujaV,DekaJayanta,3
217333,Tweet,toi_ManujaV,Pratiks_TOI,14
217326,Tweet,toi_ManujaV,samsifton,222
217310,Tweet,toi_ManujaV,samsifton,197
217389,Tweet,toi_ManujaV,laurenlaverne,244
217371,Tweet,toi_ManujaV,joncaramanica,111
217407,Tweet,toi_ManujaV,kumaraswamykTOI,72
217372,Tweet,toi_ManujaV,rajendrasTOI,17
217368,Tweet,toi_ManujaV,tejalrao,147
217359,Tweet,toi_ManujaV,petleepeter,6
217369,Tweet,toi_ManujaV,MKSinghGkp,38
217408,Tweet,toi_ManujaV,aniljdias,22
217378,Tweet,toi_ManujaV,kumaraswamykTOI,5
217319,Tweet,toi_ManujaV,AraniBasuTOI,77
116540,Article,dansabbagh,npwcnn,4
116683,Article,dansabbagh,dansabbagh,1
116473,Article,dansabbagh,PatrickKingsley,28
116690,Article,dansabbagh,alexvtunzelmann,128
116660,Article,dansabbagh,GeorgeMonbiot,85
116488,Article,dansabbagh,ameliagentleman,2
116578,Article,dansabbagh,bglendenning,98
116508,Article,dansabbagh,IanCobain,146
116513,Article,dansabbagh,NilsPratley,36
116680,Article,dansabbagh,ewenmacaskill,3
116622,Article,dansabbagh,jillfilipovic,99
116702,Article,dansabbagh,NilsPratley,57
116500,Article,dansabbagh,declanwalsh,29
116474,Article,dansabbagh,ewenmacaskill,45
116529,Article,dansabbagh,MonaChalabi,255
117012,Tweet,dansabbagh,nicholaswatt,96
116745,Tweet,dansabbagh,michaelcrowley,125
116726,Tweet,dansabbagh,ewenmacaskill,2
116786,Tweet,dansabbagh,naomi2009,181
116828,Tweet,dansabbagh,sendvictorious,178
116849,Tweet,dansabbagh,KTVinobhaTOI,67
116727,Tweet,dansabbagh,AshokPradhanTOI,2
116824,Tweet,dansabbagh,julianbarnes,53
116942,Tweet,dansabbagh,FranklinBlog,48
116915,Tweet,dansabbagh,lukeharding1968,13
116962,Tweet,dansabbagh,williamkeegan,83
116934,Tweet,dansabbagh,RosySequeiraTOI,63
116749,Tweet,dansabbagh,davidleighx,323
116820,Tweet,dansabbagh,NilsPratley,129
116923,Tweet,dansabbagh,nmcintosh,178
134279,Article,emilybell,aleksk,10
134147,Article,emilybell,Freedland,21
134318,Article,emilybell,alanconnor,5
134168,Article,emilybell,ginakolata,404
134352,Article,emilybell,steve_hewlett,2
134146,Article,emilybell,brooksbarnesNYT,216
134365,Article,emilybell,MonaChalabi,31
134205,Article,emilybell,bencasselman,270
134286,Article,emilybell,alanconnor,8
134336,Article,emilybell,emilybell,1
134259,Article,emilybell,polblonde,2
134366,Article,emilybell,MonaChalabi,26
134130,Article,emilybell,laurenlaverne,55
134201,Article,emilybell,carolecadwalla,2
134275,Article,emilybell,emilybell,1
134398,Tweet,emilybell,desaisantosh,347
134687,Tweet,emilybell,AlysFowler,120
134563,Tweet,emilybell,damiencave,428
134711,Tweet,emilybell,lyngardner,241
134543,Tweet,emilybell,nicklezard,9
134478,Tweet,emilybell,mohuadazz,34
134963,Tweet,emilybell,hugolowell,166
134614,Tweet,emilybell,NesrineMalik,17
134571,Tweet,emilybell,nytdavidbrooks,382
134912,Tweet,emilybell,msrachelcooke,2
134955,Tweet,emilybell,NYTimesCohen,63
134432,Tweet,emilybell,EricaLG,59
134596,Tweet,emilybell,PatrickKingsley,87
134589,Tweet,emilybell,steve_hewlett,13
134913,Tweet,emilybell,JohnJCrace,20
182732,Article,DSandip_TOI,KomalGautham,8
182720,Article,DSandip_TOI,jatinder_tur,5
182849,Article,DSandip_TOI,toi_dhananjayM,14
182781,Article,DSandip_TOI,gettleman,71
182811,Article,DSandip_TOI,richapintoi,46
182795,Article,DSandip_TOI,saumyajitbTOI,3
182738,Article,DSandip_TOI,DSandip_TOI,1
182693,Article,DSandip_TOI,pradeeptTOI,79
182716,Article,DSandip_TOI,palaknandiTOI,18
182874,Article,DSandip_TOI,palaknandiTOI,42
182681,Article,DSandip_TOI,parthasinha,3
182713,Article,DSandip_TOI,niyatiparikhTOI,15
182878,Article,DSandip_TOI,ChaithanyaSwamy,3
182856,Article,DSandip_TOI,SribaalaVTOI,64
182864,Article,DSandip_TOI,rajatpTOI,17
182924,Tweet,DSandip_TOI,meeravohraTOI,211
182994,Tweet,DSandip_TOI,desaisantosh,26
182942,Tweet,DSandip_TOI,SiwachSukhbir,152
182951,Tweet,DSandip_TOI,nicholaswatt,42
183017,Tweet,DSandip_TOI,naomi2009,113
182993,Tweet,DSandip_TOI,DekaJayanta,22
182955,Tweet,DSandip_TOI,gettleman,16
182947,Tweet,DSandip_TOI,vivek9301,84
182974,Tweet,DSandip_TOI,mateenHTOI,24
182999,Tweet,DSandip_TOI,shafaquealamTOI,3
182990,Tweet,DSandip_TOI,shafaquealamTOI,53
182946,Tweet,DSandip_TOI,KTVinobhaTOI,124
183009,Tweet,DSandip_TOI,mateenHTOI,52
182926,Tweet,DSandip_TOI,NYTimesCohen,197
182998,Tweet,DSandip_TOI,manvirsainiTOI,25
76542,Article,LauraCummingArt,jillfilipovic,44
76422,Article,LauraCummingArt,GiniaNYT,139
76378,Article,LauraCummingArt,NesrineMalik,6
76505,Article,LauraCummingArt,andybrassell,20
76483,Article,LauraCummingArt,DanielKingChess,92
76376,Article,LauraCummingArt,hugolowell,304
76360,Article,LauraCummingArt,archiebland,2
76557,Article,LauraCummingArt,maevesther,43
76433,Article,LauraCummingArt,alexmarshall81,44
76460,Article,LauraCummingArt,JoshuaRozenberg,2
76579,Article,LauraCummingArt,MarinaHyde,2
76429,Article,LauraCummingArt,jbouie,28
76394,Article,LauraCummingArt,MarinaOLoughlin,4
76521,Article,LauraCummingArt,TimdeLisle,62
76567,Article,LauraCummingArt,nicklezard,119
77134,Tweet,LauraCummingArt,EricaLG,17
77179,Tweet,LauraCummingArt,AlysFowler,7
77023,Tweet,LauraCummingArt,rachshabi,27
77017,Tweet,LauraCummingArt,DerekMalcolm123,312
76735,Tweet,LauraCummingArt,HinaRohtaki,159
76687,Tweet,LauraCummingArt,charltonbrooker,65
77053,Tweet,LauraCummingArt,lucysiegle,37
76868,Tweet,LauraCummingArt,paulmasonnews,244
77015,Tweet,LauraCummingArt,GiniaNYT,315
76666,Tweet,LauraCummingArt,gracedent,67
76853,Tweet,LauraCummingArt,seaningle,83
76647,Tweet,LauraCummingArt,MoharBasu,43
77103,Tweet,LauraCummingArt,priyangiTOI,100
77128,Tweet,LauraCummingArt,RosySequeiraTOI,351
77033,Tweet,LauraCummingArt,kenanmalik,218
4690,Article,ByMattStevens,pete_wells,131
4604,Article,ByMattStevens,antontroian,115
4645,Article,ByMattStevens,lukebroadwater,41
4649,Article,ByMattStevens,CarolineLucas,86
4622,Article,ByMattStevens,RaphaelMinder,136
4610,Article,ByMattStevens,BenWeiserNYT,39
4686,Article,ByMattStevens,nytmike,51
4611,Article,ByMattStevens,jhoffman,293
4602,Article,ByMattStevens,NikiKitsantonis,221
4667,Article,ByMattStevens,sisario,70
4680,Article,ByMattStevens,hugolowell,133
4626,Article,ByMattStevens,MichaelPaulson,148
4670,Article,ByMattStevens,viasimonromero,24
4666,Article,ByMattStevens,genznyt,52
4669,Article,ByMattStevens,alexanderburns,39
4797,Tweet,ByMattStevens,melissaclark,39
4715,Tweet,ByMattStevens,tejalrao,21
4703,Tweet,ByMattStevens,MichaelPaulson,60
4785,Tweet,ByMattStevens,EmmaBubola,103
4794,Tweet,ByMattStevens,andrewrsorkin,240
4796,Tweet,ByMattStevens,vvfriedman,49
4738,Tweet,ByMattStevens,marywalshjourno,141
4784,Tweet,ByMattStevens,jmart,24
4766,Tweet,ByMattStevens,lucysiegle,16
4755,Tweet,ByMattStevens,RaphaelMinder,48
4733,Tweet,ByMattStevens,jameskanter,68
4707,Tweet,ByMattStevens,genznyt,213
4745,Tweet,ByMattStevens,alexanderburns,25
4781,Tweet,ByMattStevens,genznyt,126
4714,Tweet,ByMattStevens,tripgabriel,62
136471,Article,timjonze,stevenpoole,230
136279,Article,timjonze,steve_hewlett,16
136286,Article,timjonze,IAmTimDowling,121
136267,Article,timjonze,jennydeluxe,21
136269,Article,timjonze,arusbridger,13
136261,Article,timjonze,ameliagentleman,25
136370,Article,timjonze,salihughes,154
136374,Article,timjonze,steve_hewlett,6
136293,Article,timjonze,peterbradshaw1,29
136447,Article,timjonze,DeccaJourno,42
136240,Article,timjonze,greenslader,60
136375,Article,timjonze,bglendenning,42
136349,Article,timjonze,PippaCrerar,31
136460,Article,timjonze,elizabday,37
136399,Article,timjonze,ewenmacaskill,186
136813,Tweet,timjonze,joncaramanica,64
136605,Tweet,timjonze,msrachelcooke,182
136738,Tweet,timjonze,alexbellos,169
136686,Tweet,timjonze,bglendenning,60
136484,Tweet,timjonze,kbennhold,294
137047,Tweet,timjonze,laurenlaverne,109
137043,Tweet,timjonze,lyngardner,22
136597,Tweet,timjonze,lyngardner,9
136727,Tweet,timjonze,nicholaswatt,50
136840,Tweet,timjonze,alexvtunzelmann,164
136654,Tweet,timjonze,AlysFowler,25
136943,Tweet,timjonze,PippaCrerar,39
136954,Tweet,timjonze,LauraCummingArt,10
136930,Tweet,timjonze,vijaysinghTOI,207
136808,Tweet,timjonze,SearleAdrian,207
34804,Article,cdcaron,sangerkatz,84
34875,Article,cdcaron,ThevarSteffy,87
34866,Article,cdcaron,jestei,33
34829,Article,cdcaron,FrancesRobles,133
34860,Article,cdcaron,GeorgeMonbiot,152
34849,Article,cdcaron,RBReich,83
34882,Article,cdcaron,RBReich,141
34887,Article,cdcaron,rondakaysen,13
34832,Article,cdcaron,kenanmalik,227
34895,Article,cdcaron,sandhyanairTOI,206
34830,Article,cdcaron,CeylanWrites,420
34883,Article,cdcaron,PerriKlass,17
34893,Article,cdcaron,jasondhorowitz,87
34872,Article,cdcaron,Azi,19
34871,Article,cdcaron,gabyhinsliff,346
34978,Tweet,cdcaron,andrewrsorkin,150
34906,Tweet,cdcaron,stevenpoole,434
34990,Tweet,cdcaron,MichaelPaulson,43
34901,Tweet,cdcaron,bylizrobbins,17
34912,Tweet,cdcaron,JessicaValenti,49
34943,Tweet,cdcaron,MarinaOLoughlin,470
34953,Tweet,cdcaron,lisamonteiroTOI,50
34981,Tweet,cdcaron,elizabday,325
34979,Tweet,cdcaron,CeylanWrites,282
34957,Tweet,cdcaron,karenzraick,161
34904,Tweet,cdcaron,apoorva_nyc,87
34991,Tweet,cdcaron,PerriKlass,64
34973,Tweet,cdcaron,RBReich,96
34970,Tweet,cdcaron,oliverburkeman,231
34915,Tweet,cdcaron,SarahMaslinNir,33
33,Article,adamliptak,sangerkatz,18
66,Article,adamliptak,lukebroadwater,21
61,Article,adamliptak,reidepstein,2
9,Article,adamliptak,nytmike,3
88,Article,adamliptak,adamliptak,1
46,Article,adamliptak,reidepstein,21
43,Article,adamliptak,adamliptak,1
51,Article,adamliptak,sangerkatz,2
31,Article,adamliptak,adamliptak,1
78,Article,adamliptak,gettinviggy,2
14,Article,adamliptak,adamliptak,1
1,Article,adamliptak,hugolowell,4
71,Article,adamliptak,jbouie,4
12,Article,adamliptak,gettinviggy,2
96,Article,adamliptak,adamliptak,1
169,Tweet,adamliptak,adamliptak,1
163,Tweet,adamliptak,hugolowell,2
141,Tweet,adamliptak,tripgabriel,9
182,Tweet,adamliptak,PrashantrTOI,21
132,Tweet,adamliptak,helenecooper,3
176,Tweet,adamliptak,BenWeiserNYT,5
113,Tweet,adamliptak,adamliptak,1
160,Tweet,adamliptak,adamliptak,1
138,Tweet,adamliptak,gettinviggy,4
186,Tweet,adamliptak,adamliptak,1
140,Tweet,adamliptak,gettinviggy,18
109,Tweet,adamliptak,npfandos,3
179,Tweet,adamliptak,nytmike,3
105,Tweet,adamliptak,adamliptak,1
133,Tweet,adamliptak,adamliptak,1
189630,Article,KTVinobhaTOI,vijayVsinghTOI,162
189815,Article,KTVinobhaTOI,petleepeter,5
189656,Article,KTVinobhaTOI,rajendrasTOI,59
189771,Article,KTVinobhaTOI,GRajivTOI,32
189850,Article,KTVinobhaTOI,vijaysinghTOI,6
189704,Article,KTVinobhaTOI,SribaalaVTOI,14
189787,Article,KTVinobhaTOI,SribaalaVTOI,14
189760,Article,KTVinobhaTOI,KapildaveTOI,145
189731,Article,KTVinobhaTOI,stevenerlanger,314
189795,Article,KTVinobhaTOI,KTVinobhaTOI,1
189624,Article,KTVinobhaTOI,AniltheMatrix,96
189647,Article,KTVinobhaTOI,LFFriedman,313
189732,Article,KTVinobhaTOI,GovindKMaadTOI,83
189712,Article,KTVinobhaTOI,PrashantrTOI,2
189763,Article,KTVinobhaTOI,akhileshsTOI,131
189926,Tweet,KTVinobhaTOI,KTVinobhaTOI,1
189878,Tweet,KTVinobhaTOI,vijayVsinghTOI,3
189914,Tweet,KTVinobhaTOI,MujMash,38
189886,Tweet,KTVinobhaTOI,KTVinobhaTOI,1
189941,Tweet,KTVinobhaTOI,KTVinobhaTOI,1
189906,Tweet,KTVinobhaTOI,RosySequeiraTOI,2
189928,Tweet,KTVinobhaTOI,journo_vibha,162
189894,Tweet,KTVinobhaTOI,mateenHTOI,17
189963,Tweet,KTVinobhaTOI,palaknandiTOI,45
189899,Tweet,KTVinobhaTOI,mateenHTOI,3
189902,Tweet,KTVinobhaTOI,ramendrasTOI,4
189957,Tweet,KTVinobhaTOI,palaknandiTOI,21
189938,Tweet,KTVinobhaTOI,KTVinobhaTOI,1
189967,Tweet,KTVinobhaTOI,SwatiMathurTOI,20
189948,Tweet,KTVinobhaTOI,KTVinobhaTOI,1
201796,Article,PNaveenTOI,SidharthB25,3
201664,Article,PNaveenTOI,BawaNaaved,50
201733,Article,PNaveenTOI,Gauraw2297,7
201600,Article,PNaveenTOI,ajaykanth7,9
201688,Article,PNaveenTOI,PNaveenTOI,1
201682,Article,PNaveenTOI,bindiyachariTOI,13
201739,Article,PNaveenTOI,Crime_Selvaraj,8
201810,Article,PNaveenTOI,RosySequeiraTOI,14
201767,Article,PNaveenTOI,SindhukTOI,2
201591,Article,PNaveenTOI,SyedAkbarTOI,47
201596,Article,PNaveenTOI,NishikantkTOI,2
201585,Article,PNaveenTOI,rajatpTOI,106
201641,Article,PNaveenTOI,sandhyanairTOI,146
201825,Article,PNaveenTOI,KeithBradsher,68
201781,Article,PNaveenTOI,Lattif,9
201864,Tweet,PNaveenTOI,PNaveenTOI,1
201901,Tweet,PNaveenTOI,aleksk,235
201858,Tweet,PNaveenTOI,priyangiTOI,4
201897,Tweet,PNaveenTOI,PNaveenTOI,1
201881,Tweet,PNaveenTOI,pradeepjourno,4
201829,Tweet,PNaveenTOI,bindiyachariTOI,2
201873,Tweet,PNaveenTOI,AditiZero,2
201845,Tweet,PNaveenTOI,PNaveenTOI,1
201846,Tweet,PNaveenTOI,IKershner,168
201837,Tweet,PNaveenTOI,priyangiTOI,2
201926,Tweet,PNaveenTOI,toi_dhananjayM,4
201861,Tweet,PNaveenTOI,ManjuVTOI,135
201871,Tweet,PNaveenTOI,SindhukTOI,111
201842,Tweet,PNaveenTOI,RosySequeiraTOI,233
201915,Tweet,PNaveenTOI,samsifton,261
102808,Article,ollywainwright,jbouie,16
102783,Article,ollywainwright,JohnJCrace,64
102738,Article,ollywainwright,SearleAdrian,55
102882,Article,ollywainwright,carolecadwalla,13
102739,Article,ollywainwright,MoharBasu,43
102785,Article,ollywainwright,paulmasonnews,305
102890,Article,ollywainwright,paulmasonnews,138
102934,Article,ollywainwright,ElisabethMalkin,66
102897,Article,ollywainwright,brooksbarnesNYT,118
102966,Article,ollywainwright,jbouie,51
102888,Article,ollywainwright,OwenJones84,242
102762,Article,ollywainwright,jonronson,69
102869,Article,ollywainwright,jonathanwatts,11
102782,Article,ollywainwright,jennydeluxe,286
102830,Article,ollywainwright,IAmTimDowling,290
103189,Tweet,ollywainwright,joncaramanica,296
102974,Tweet,ollywainwright,FabrizioRomano,89
102979,Tweet,ollywainwright,NilsPratley,97
103309,Tweet,ollywainwright,WilbyPeter,22
103061,Tweet,ollywainwright,AndrewSparrow,9
103142,Tweet,ollywainwright,we_are_food,30
103430,Tweet,ollywainwright,jennydeluxe,8
103567,Tweet,ollywainwright,lucysiegle,12
103414,Tweet,ollywainwright,vanbadham,172
103442,Tweet,ollywainwright,jonronson,14
103363,Tweet,ollywainwright,MoharBasu,10
103341,Tweet,ollywainwright,ollywainwright,1
103464,Tweet,ollywainwright,petleepeter,9
103130,Tweet,ollywainwright,saumyajitbTOI,254
103203,Tweet,ollywainwright,charltonbrooker,97
216954,Article,toi_dhananjayM,vijaypTOI,55
216845,Article,toi_dhananjayM,toi_dhananjayM,1
216780,Article,toi_dhananjayM,toi_dhananjayM,1
216916,Article,toi_dhananjayM,toi_dhananjayM,1
216927,Article,toi_dhananjayM,amitanandTOI,4
216805,Article,toi_dhananjayM,toi_dhananjayM,1
216715,Article,toi_dhananjayM,toi_dhananjayM,1
216881,Article,toi_dhananjayM,vijayVsinghTOI,45
216961,Article,toi_dhananjayM,amitanandTOI,4
216823,Article,toi_dhananjayM,mateenHTOI,3
216788,Article,toi_dhananjayM,RosySequeiraTOI,2
216754,Article,toi_dhananjayM,toi_dhananjayM,1
216854,Article,toi_dhananjayM,har_mandeep,3
216803,Article,toi_dhananjayM,toi_dhananjayM,1
216792,Article,toi_dhananjayM,toi_dhananjayM,1
217014,Tweet,toi_dhananjayM,toi_dhananjayM,1
217050,Tweet,toi_dhananjayM,ArunDev1,31
217020,Tweet,toi_dhananjayM,toi_dhananjayM,1
217021,Tweet,toi_dhananjayM,toi_dhananjayM,1
217016,Tweet,toi_dhananjayM,AlokKNMishra,2
217026,Tweet,toi_dhananjayM,toi_dhananjayM,1
217044,Tweet,toi_dhananjayM,toi_dhananjayM,1
216973,Tweet,toi_dhananjayM,toi_dhananjayM,1
217030,Tweet,toi_dhananjayM,toi_dhananjayM,1
217032,Tweet,toi_dhananjayM,toi_dhananjayM,1
217004,Tweet,toi_dhananjayM,amitanandTOI,4
216972,Tweet,toi_dhananjayM,toi_dhananjayM,1
217035,Tweet,toi_dhananjayM,toi_dhananjayM,1
217010,Tweet,toi_dhananjayM,toi_dhananjayM,1
216982,Tweet,toi_dhananjayM,GRajivTOI,13
191062,Article,Mahafreed_Irani,naomi2009,102
191085,Article,Mahafreed_Irani,Mahafreed_Irani,1
191005,Article,Mahafreed_Irani,bishnoiarvind11,25
191111,Article,Mahafreed_Irani,richapintoi,7
191107,Article,Mahafreed_Irani,Pratiks_TOI,7
191049,Article,Mahafreed_Irani,nmcintosh,23
191028,Article,Mahafreed_Irani,MohitaTOI,10
191099,Article,Mahafreed_Irani,niyatiparikhTOI,23
191029,Article,Mahafreed_Irani,charltonbrooker,241
191072,Article,Mahafreed_Irani,divyapal2013,75
191094,Article,Mahafreed_Irani,sandhyanairTOI,16
191025,Article,Mahafreed_Irani,divyapal2013,16
191081,Article,Mahafreed_Irani,neelam_raaj,28
191052,Article,Mahafreed_Irani,vivek9301,3
191008,Article,Mahafreed_Irani,SindhukTOI,45
191188,Tweet,Mahafreed_Irani,binays1960,135
191190,Tweet,Mahafreed_Irani,sandhyanairTOI,113
191201,Tweet,Mahafreed_Irani,NYTimesCohen,167
191180,Tweet,Mahafreed_Irani,williamnhutton,66
191192,Tweet,Mahafreed_Irani,KTVinobhaTOI,15
191183,Tweet,Mahafreed_Irani,GioRussonello,429
191153,Tweet,Mahafreed_Irani,AndrewSparrow,136
191213,Tweet,Mahafreed_Irani,lyngardner,60
191200,Tweet,Mahafreed_Irani,laurenlaverne,72
191136,Tweet,Mahafreed_Irani,gracedent,313
191175,Tweet,Mahafreed_Irani,007pandey,173
191174,Tweet,Mahafreed_Irani,RosySequeiraTOI,337
191121,Tweet,Mahafreed_Irani,Mahafreed_Irani,1
191197,Tweet,Mahafreed_Irani,ianrausten,118
191178,Tweet,Mahafreed_Irani,GRajivTOI,71
221846,Article,yazhiniyanTOI,john_hooper,41
221973,Article,yazhiniyanTOI,ajaykanth7,8
221899,Article,yazhiniyanTOI,sandhyanairTOI,78
221873,Article,yazhiniyanTOI,yazhiniyanTOI,1
221995,Article,yazhiniyanTOI,SribaalaVTOI,25
221988,Article,yazhiniyanTOI,yazhiniyanTOI,1
222007,Article,yazhiniyanTOI,yazhiniyanTOI,1
221914,Article,yazhiniyanTOI,rajendrasTOI,5
221939,Article,yazhiniyanTOI,juliemTOI,9
221876,Article,yazhiniyanTOI,AshokPradhanTOI,131
221921,Article,yazhiniyanTOI,PerriKlass,32
221913,Article,yazhiniyanTOI,SwatiMathurTOI,9
222004,Article,yazhiniyanTOI,vijaypTOI,37
221911,Article,yazhiniyanTOI,yazhiniyanTOI,1
221900,Article,yazhiniyanTOI,minatisinghaTOI,118
222066,Tweet,yazhiniyanTOI,ChaithanyaSwamy,28
222045,Tweet,yazhiniyanTOI,PeterTatchell,55
222118,Tweet,yazhiniyanTOI,MKSinghGkp,256
222100,Tweet,yazhiniyanTOI,advityabahlTOI,21
222081,Tweet,yazhiniyanTOI,vijaysinghTOI,73
222071,Tweet,yazhiniyanTOI,antontroian,18
222041,Tweet,yazhiniyanTOI,HemantaTOI,39
222070,Tweet,yazhiniyanTOI,MohitaTOI,15
222123,Tweet,yazhiniyanTOI,journo_vibha,65
222119,Tweet,yazhiniyanTOI,pradeepjourno,21
222040,Tweet,yazhiniyanTOI,DerekMalcolm123,51
222122,Tweet,yazhiniyanTOI,GovindKMaadTOI,110
222030,Tweet,yazhiniyanTOI,journo_vibha,46
222036,Tweet,yazhiniyanTOI,npfandos,118
222069,Tweet,yazhiniyanTOI,ThevarSteffy,288
209788,Article,shiba_kurian,priyagupta999,44
209914,Article,shiba_kurian,priyagupta999,2
209845,Article,shiba_kurian,MoharBasu,8
209778,Article,shiba_kurian,MichaelPaulson,142
209764,Article,shiba_kurian,shiba_kurian,1
209912,Article,shiba_kurian,MoharBasu,11
209708,Article,shiba_kurian,shiba_kurian,1
209782,Article,shiba_kurian,shiba_kurian,1
209900,Article,shiba_kurian,meeravohraTOI,2
209933,Article,shiba_kurian,amitanandTOI,3
209756,Article,shiba_kurian,DerekMalcolm123,48
209795,Article,shiba_kurian,parthasinha,21
209794,Article,shiba_kurian,MoharBasu,36
209826,Article,shiba_kurian,debaratisen,9
209926,Article,shiba_kurian,minatisinghaTOI,43
210028,Tweet,shiba_kurian,vaibhavgTOI,71
210007,Tweet,shiba_kurian,tripgabriel,45
209959,Tweet,shiba_kurian,nytmike,279
209980,Tweet,shiba_kurian,mateenHTOI,149
209957,Tweet,shiba_kurian,ChaitanyadTOI,44
210021,Tweet,shiba_kurian,ajaysuraTOI,327
209955,Tweet,shiba_kurian,akhileshsTOI,12
210013,Tweet,shiba_kurian,lucysiegle,391
209974,Tweet,shiba_kurian,NishikantkTOI,140
209995,Tweet,shiba_kurian,ChaitanyadTOI,42
209987,Tweet,shiba_kurian,murarishetyeTOI,59
209967,Tweet,shiba_kurian,mateenHTOI,54
209946,Tweet,shiba_kurian,carlzimmer,42
209950,Tweet,shiba_kurian,binays1960,24
210019,Tweet,shiba_kurian,lukeharding1968,86
56447,Article,gilestremlett,bencasselman,184
56325,Article,gilestremlett,parul_sehgal,427
56541,Article,gilestremlett,FranklinBlog,8
56338,Article,gilestremlett,NYTimesCohen,461
56428,Article,gilestremlett,cdcaron,251
56307,Article,gilestremlett,marthakelner,26
56367,Article,gilestremlett,leninology,18
56424,Article,gilestremlett,NilsPratley,2
56514,Article,gilestremlett,gilestremlett,1
56412,Article,gilestremlett,gilestremlett,1
56449,Article,gilestremlett,PippaCrerar,3
56455,Article,gilestremlett,jonathanwatts,154
56438,Article,gilestremlett,rachshabi,51
56313,Article,gilestremlett,chiggi,127
56421,Article,gilestremlett,gilestremlett,1
56864,Tweet,gilestremlett,toi_rohanA,90
56775,Tweet,gilestremlett,IKershner,178
56992,Tweet,gilestremlett,HackneyAbbott,337
56879,Tweet,gilestremlett,timatkin,286
57098,Tweet,gilestremlett,peterbradshaw1,47
56955,Tweet,gilestremlett,ottolenghi,181
57108,Tweet,gilestremlett,EricaLG,75
56716,Tweet,gilestremlett,richardwolffedc,139
56771,Tweet,gilestremlett,williamkeegan,254
56817,Tweet,gilestremlett,LizAldermanNYT,79
56650,Tweet,gilestremlett,KTVinobhaTOI,41
57076,Tweet,gilestremlett,RaphaelMinder,113
57130,Tweet,gilestremlett,RaphaelMinder,233
56690,Tweet,gilestremlett,axrenton,365
57047,Tweet,gilestremlett,kbennhold,43
47067,Article,MarinaOLoughlin,MarinaOLoughlin,1
47131,Article,MarinaOLoughlin,MarinaOLoughlin,1
47002,Article,MarinaOLoughlin,MarinaOLoughlin,1
47167,Article,MarinaOLoughlin,FelicityCloake,4
47199,Article,MarinaOLoughlin,jbouie,39
47204,Article,MarinaOLoughlin,RebeccaSeal,9
47209,Article,MarinaOLoughlin,MarinaOLoughlin,1
47148,Article,MarinaOLoughlin,MarinaOLoughlin,1
47008,Article,MarinaOLoughlin,lyngardner,6
47166,Article,MarinaOLoughlin,shattenstone,100
47137,Article,MarinaOLoughlin,MarinaOLoughlin,1
47108,Article,MarinaOLoughlin,MarinaOLoughlin,1
47098,Article,MarinaOLoughlin,MarinaOLoughlin,1
46999,Article,MarinaOLoughlin,MarinaOLoughlin,1
47123,Article,MarinaOLoughlin,MarinaOLoughlin,1
47826,Tweet,MarinaOLoughlin,jennydeluxe,10
47593,Tweet,MarinaOLoughlin,melissaclark,6
47386,Tweet,MarinaOLoughlin,elizabday,2
47573,Tweet,MarinaOLoughlin,LucyMangan,7
47731,Tweet,MarinaOLoughlin,andrew_mueller,91
47543,Tweet,MarinaOLoughlin,lucysiegle,72
47345,Tweet,MarinaOLoughlin,MiriamElder,10
47784,Tweet,MarinaOLoughlin,desaisantosh,34
47839,Tweet,MarinaOLoughlin,pete_wells,129
47827,Tweet,MarinaOLoughlin,EricaLG,3
47618,Tweet,MarinaOLoughlin,AlysFowler,9
47659,Tweet,MarinaOLoughlin,williamkeegan,276
47805,Tweet,MarinaOLoughlin,ASoloski,10
47342,Tweet,MarinaOLoughlin,nmcintosh,38
47401,Tweet,MarinaOLoughlin,carolecadwalla,242
3476,Article,billmpennington,smervosh,136
3432,Article,billmpennington,billmpennington,1
3430,Article,billmpennington,bykaren,2
3459,Article,billmpennington,gailcollins,16
3473,Article,billmpennington,billywitz,20
3485,Article,billmpennington,billmpennington,1
3471,Article,billmpennington,melissaclark,204
3421,Article,billmpennington,ericschmittnyt,33
3468,Article,billmpennington,williamkeegan,292
3470,Article,billmpennington,andrewrawnsley,112
3410,Article,billmpennington,billmpennington,1
3450,Article,billmpennington,DavidWaldstein,16
3415,Article,billmpennington,jmart,2
3408,Article,billmpennington,adwaidh,5
3480,Article,billmpennington,tripgabriel,62
3523,Tweet,billmpennington,billmpennington,1
3577,Tweet,billmpennington,DavidWaldstein,9
3582,Tweet,billmpennington,billywitz,2
3519,Tweet,billmpennington,DavidWaldstein,17
3596,Tweet,billmpennington,bykaren,8
3543,Tweet,billmpennington,adwaidh,16
3517,Tweet,billmpennington,ByJamesWagner,9
3516,Tweet,billmpennington,benkenigsberg,247
3525,Tweet,billmpennington,bykaren,2
3557,Tweet,billmpennington,ByJamesWagner,6
3535,Tweet,billmpennington,marywalshjourno,190
3570,Tweet,billmpennington,RorySmith,10
3569,Tweet,billmpennington,gailcollins,75
3554,Tweet,billmpennington,juliemTOI,44
3506,Tweet,billmpennington,ByJamesWagner,4
34487,Article,dionnesearcey,helenecooper,63
34456,Article,dionnesearcey,alexanderburns,395
34499,Article,dionnesearcey,sangerkatz,78
34415,Article,dionnesearcey,AnaSwanson,39
34441,Article,dionnesearcey,llerer,149
34431,Article,dionnesearcey,stevenpoole,238
34429,Article,dionnesearcey,ericschmittnyt,10
34413,Article,dionnesearcey,NickAtNews,4
34412,Article,dionnesearcey,andrewrsorkin,126
34451,Article,dionnesearcey,stevenerlanger,66
34475,Article,dionnesearcey,ericschmittnyt,19
34417,Article,dionnesearcey,Lattif,5
34433,Article,dionnesearcey,hugolowell,121
34424,Article,dionnesearcey,Lattif,33
34462,Article,dionnesearcey,stevenerlanger,227
34566,Tweet,dionnesearcey,BenWeiserNYT,23
34551,Tweet,dionnesearcey,AlokKNMishra,78
34524,Tweet,dionnesearcey,yeshikabudhwar,216
34578,Tweet,dionnesearcey,mlevenson,130
34580,Tweet,dionnesearcey,mtomasky,10
34509,Tweet,dionnesearcey,bencasselman,79
34537,Tweet,dionnesearcey,Lattif,20
34552,Tweet,dionnesearcey,tomfriedman,306
34510,Tweet,dionnesearcey,toi_dhananjayM,17
34539,Tweet,dionnesearcey,ArthurNeslen,4
34599,Tweet,dionnesearcey,michaelcrowley,4
34511,Tweet,dionnesearcey,joshwiddicombe,121
34532,Tweet,dionnesearcey,mateenHTOI,230
34592,Tweet,dionnesearcey,AditiZero,23
34525,Tweet,dionnesearcey,lucysiegle,16
37871,Article,PippaCrerar,VivianHo,70
37998,Article,PippaCrerar,AndrewSparrow,9
37607,Article,PippaCrerar,charltonbrooker,46
38223,Article,PippaCrerar,vijaypTOI,33
38227,Article,PippaCrerar,jimwaterson,18
37755,Article,PippaCrerar,aleksk,128
37635,Article,PippaCrerar,petleepeter,3
37738,Article,PippaCrerar,lukeharding1968,131
37954,Article,PippaCrerar,AndrewSparrow,6
37870,Article,PippaCrerar,greenslader,176
38079,Article,PippaCrerar,DeccaJourno,91
38016,Article,PippaCrerar,AnushkaAsthana,2
37778,Article,PippaCrerar,ameliagentleman,16
38072,Article,PippaCrerar,KateEMcCann,2
37571,Article,PippaCrerar,AnushkaAsthana,5
38245,Tweet,PippaCrerar,williamnhutton,12
38644,Tweet,PippaCrerar,PippaCrerar,1
38638,Tweet,PippaCrerar,john_hooper,6
38395,Tweet,PippaCrerar,williamnhutton,17
38300,Tweet,PippaCrerar,DeccaJourno,43
38484,Tweet,PippaCrerar,LFFriedman,293
38260,Tweet,PippaCrerar,RosySequeiraTOI,84
38816,Tweet,PippaCrerar,HackneyAbbott,15
38571,Tweet,PippaCrerar,samrob12,9
38258,Tweet,PippaCrerar,WilbyPeter,102
38303,Tweet,PippaCrerar,andybrassell,4
38632,Tweet,PippaCrerar,LauraCummingArt,57
38612,Tweet,PippaCrerar,AnushkaAsthana,14
38377,Tweet,PippaCrerar,williamkeegan,72
38506,Tweet,PippaCrerar,leninology,9
31600,Article,_nicolaclark,jeannasmialek,4
31608,Article,_nicolaclark,petleepeter,9
31652,Article,_nicolaclark,jotted,13
31673,Article,_nicolaclark,LizAldermanNYT,15
31662,Article,_nicolaclark,LizAldermanNYT,30
31621,Article,_nicolaclark,_nicolaclark,1
31630,Article,_nicolaclark,gilestremlett,3
31685,Article,_nicolaclark,RachelDonadio,5
31680,Article,_nicolaclark,helenecooper,3
31675,Article,_nicolaclark,stevenerlanger,6
31692,Article,_nicolaclark,stevenerlanger,2
31667,Article,_nicolaclark,marywalshjourno,6
31648,Article,_nicolaclark,williamnhutton,2
31604,Article,_nicolaclark,_nicolaclark,1
31631,Article,_nicolaclark,jotted,6
31733,Tweet,_nicolaclark,EricaLG,122
31747,Tweet,_nicolaclark,brooksbarnesNYT,24
31706,Tweet,_nicolaclark,vvfriedman,4
31701,Tweet,_nicolaclark,wesley_morris,53
31724,Tweet,_nicolaclark,vvfriedman,399
31714,Tweet,_nicolaclark,mtomasky,181
31780,Tweet,_nicolaclark,davidleighx,101
31761,Tweet,_nicolaclark,andybrassell,74
31702,Tweet,_nicolaclark,sandhyanairTOI,200
31792,Tweet,_nicolaclark,bencasselman,26
31784,Tweet,_nicolaclark,rhymetraveller,170
31737,Tweet,_nicolaclark,pradeeptTOI,260
31738,Tweet,_nicolaclark,andrewrawnsley,19
31754,Tweet,_nicolaclark,paulmasonnews,334
31794,Tweet,_nicolaclark,EricaLG,118
178012,Article,bindiyachariTOI,vishwamTOI,28
178094,Article,bindiyachariTOI,stevenerlanger,23
178016,Article,bindiyachariTOI,NishikantkTOI,68
177937,Article,bindiyachariTOI,vijayVsinghTOI,22
178111,Article,bindiyachariTOI,SwatiMathurTOI,79
177992,Article,bindiyachariTOI,farnazfassihi,143
178025,Article,bindiyachariTOI,NilsPratley,10
178090,Article,bindiyachariTOI,ESCochrane,18
178003,Article,bindiyachariTOI,murarishetyeTOI,27
178152,Article,bindiyachariTOI,bindiyachariTOI,1
177958,Article,bindiyachariTOI,yeshikabudhwar,35
178159,Article,bindiyachariTOI,KapildaveTOI,2
178042,Article,bindiyachariTOI,bishnoiarvind11,20
178085,Article,bindiyachariTOI,bindiyachariTOI,1
177987,Article,bindiyachariTOI,AndrewSparrow,15
178202,Tweet,bindiyachariTOI,PjJoychen,2
178199,Tweet,bindiyachariTOI,bindiyachariTOI,1
178216,Tweet,bindiyachariTOI,PjJoychen,2
178203,Tweet,bindiyachariTOI,bindiyachariTOI,1
178239,Tweet,bindiyachariTOI,bindiyachariTOI,1
178231,Tweet,bindiyachariTOI,bindiyachariTOI,1
178252,Tweet,bindiyachariTOI,naomi2009,45
178187,Tweet,bindiyachariTOI,RorySmith,71
178214,Tweet,bindiyachariTOI,murarishetye,2
178220,Tweet,bindiyachariTOI,PjJoychen,2
178189,Tweet,bindiyachariTOI,NishikantkTOI,94
178268,Tweet,bindiyachariTOI,naomi2009,13
178228,Tweet,bindiyachariTOI,bindiyachariTOI,1
178194,Tweet,bindiyachariTOI,bindiyachariTOI,1
178272,Tweet,bindiyachariTOI,DekaJayanta,59
21002,Article,ericschmittnyt,ericschmittnyt,1
21051,Article,ericschmittnyt,helenecooper,2
21069,Article,ericschmittnyt,ericschmittnyt,1
21080,Article,ericschmittnyt,jwpetersNYT,8
21025,Article,ericschmittnyt,ChuBailiang,44
21018,Article,ericschmittnyt,jeannasmialek,16
21093,Article,ericschmittnyt,ericschmittnyt,1
21028,Article,ericschmittnyt,ericschmittnyt,1
21003,Article,ericschmittnyt,ericschmittnyt,1
21077,Article,ericschmittnyt,ericschmittnyt,1
21057,Article,ericschmittnyt,IKershner,12
21076,Article,ericschmittnyt,nicholaswatt,98
21000,Article,ericschmittnyt,ericschmittnyt,1
21056,Article,ericschmittnyt,ericschmittnyt,1
21049,Article,ericschmittnyt,ericschmittnyt,1
21149,Tweet,ericschmittnyt,antontroian,4
21102,Tweet,ericschmittnyt,mateenHTOI,153
21179,Tweet,ericschmittnyt,ericschmittnyt,1
21183,Tweet,ericschmittnyt,WilbyPeter,22
21125,Tweet,ericschmittnyt,rajendrasTOI,8
21154,Tweet,ericschmittnyt,carolecadwalla,10
21138,Tweet,ericschmittnyt,palaknandiTOI,4
21124,Tweet,ericschmittnyt,npwcnn,32
21135,Tweet,ericschmittnyt,michaelcrowley,3
21107,Tweet,ericschmittnyt,charlie_savage,27
21150,Tweet,ericschmittnyt,stevenerlanger,2
21114,Tweet,ericschmittnyt,BenWeiserNYT,2
21170,Tweet,ericschmittnyt,stevenerlanger,4
21120,Tweet,ericschmittnyt,ericschmittnyt,1
21128,Tweet,ericschmittnyt,yeshikabudhwar,12
215216,Article,SwatiMathurTOI,SagrikaKissu,4
215154,Article,SwatiMathurTOI,rishachitlangia,93
215124,Article,SwatiMathurTOI,vaibhavgTOI,13
215191,Article,SwatiMathurTOI,SwatiMathurTOI,1
215195,Article,SwatiMathurTOI,rishachitlangia,75
215168,Article,SwatiMathurTOI,AtulMathur_,7
215077,Article,SwatiMathurTOI,akhileshsTOI,43
215214,Article,SwatiMathurTOI,akhileshsTOI,52
215065,Article,SwatiMathurTOI,ChaitanyadTOI,153
214993,Article,SwatiMathurTOI,vijayVsinghTOI,173
215015,Article,SwatiMathurTOI,AniltheMatrix,49
215092,Article,SwatiMathurTOI,yeshikabudhwar,2
215033,Article,SwatiMathurTOI,AtulMathur_,2
215075,Article,SwatiMathurTOI,AshokPradhanTOI,5
215222,Article,SwatiMathurTOI,richapintoi,15
215242,Tweet,SwatiMathurTOI,MichaelWhite,79
215266,Tweet,SwatiMathurTOI,lisamonteiroTOI,8
215267,Tweet,SwatiMathurTOI,mateenHTOI,8
215293,Tweet,SwatiMathurTOI,vanbadham,357
215262,Tweet,SwatiMathurTOI,williamkeegan,136
215260,Tweet,SwatiMathurTOI,toi_ManujaV,29
215312,Tweet,SwatiMathurTOI,PNaveenTOI,5
215229,Tweet,SwatiMathurTOI,PjJoychen,95
215254,Tweet,SwatiMathurTOI,rebeccaSTOI,4
215298,Tweet,SwatiMathurTOI,rebeccaSTOI,3
215303,Tweet,SwatiMathurTOI,naomi2009,107
215253,Tweet,SwatiMathurTOI,bindiyachariTOI,119
215283,Tweet,SwatiMathurTOI,omjasvinTOI,59
215273,Tweet,SwatiMathurTOI,smita_mishra,250
215323,Tweet,SwatiMathurTOI,mikeives,23
19214,Article,sisario,RorySmith,43
19273,Article,sisario,hugolowell,173
19237,Article,sisario,samrob12,3
19249,Article,sisario,margaretrenkl,5
19218,Article,sisario,sisario,1
19263,Article,sisario,sisario,1
19206,Article,sisario,joecoscarelli,2
19268,Article,sisario,DerekMalcolm123,14
19275,Article,sisario,jonpareles,50
19257,Article,sisario,mtomasky,3
19225,Article,sisario,genznyt,126
19288,Article,sisario,maevesther,237
19212,Article,sisario,apoorva_nyc,3
19207,Article,sisario,sisario,1
19246,Article,sisario,vvfriedman,6
19351,Tweet,sisario,attackerman,162
19367,Tweet,sisario,antontroian,2
19397,Tweet,sisario,joecoscarelli,11
19395,Tweet,sisario,jfordham_jazz,213
19339,Tweet,sisario,JoshuaRozenberg,147
19329,Tweet,sisario,WilbyPeter,136
19341,Tweet,sisario,GlennThrush,165
19382,Tweet,sisario,GeorgeMonbiot,35
19366,Tweet,sisario,ceciliakang,49
19323,Tweet,sisario,sisario,1
19372,Tweet,sisario,AndrewSparrow,107
19386,Tweet,sisario,oliverburkeman,78
19383,Tweet,sisario,bykaren,47
19334,Tweet,sisario,andrewrsorkin,49
19322,Tweet,sisario,adamliptak,59
17230,Article,reidepstein,sangerkatz,14
17261,Article,reidepstein,hugolowell,126
17278,Article,reidepstein,jmart,6
17296,Article,reidepstein,reidepstein,1
17247,Article,reidepstein,EricaLG,8
17288,Article,reidepstein,npfandos,5
17284,Article,reidepstein,jeannasmialek,2
17218,Article,reidepstein,andrewrsorkin,33
17281,Article,reidepstein,billmpennington,67
17208,Article,reidepstein,tripgabriel,10
17265,Article,reidepstein,alexanderburns,8
17257,Article,reidepstein,hugolowell,8
17239,Article,reidepstein,lukebroadwater,2
17214,Article,reidepstein,hugolowell,7
17222,Article,reidepstein,NYTimesCohen,77
17393,Tweet,reidepstein,hillhulse,17
17314,Tweet,reidepstein,juliemTOI,13
17388,Tweet,reidepstein,Azi,3
17364,Tweet,reidepstein,we_are_food,93
17332,Tweet,reidepstein,SagrikaKissu,473
17330,Tweet,reidepstein,ShaneGoldmacher,4
17323,Tweet,reidepstein,jmart,2
17315,Tweet,reidepstein,adamliptak,6
17374,Tweet,reidepstein,LFFriedman,30
17313,Tweet,reidepstein,jimtankersley,5
17391,Tweet,reidepstein,jmart,4
17300,Tweet,reidepstein,hugolowell,9
17343,Tweet,reidepstein,LFFriedman,4
17301,Tweet,reidepstein,mtomasky,101
17376,Tweet,reidepstein,hillhulse,3
1466,Article,antontroian,DouthatNYT,8
1455,Article,antontroian,antontroian,1
1496,Article,antontroian,ElisabethMalkin,228
1460,Article,antontroian,jameskanter,2
1446,Article,antontroian,hillhulse,19
1492,Article,antontroian,IKershner,2
1449,Article,antontroian,antontroian,1
1490,Article,antontroian,michaelcrowley,27
1432,Article,antontroian,hillhulse,3
1409,Article,antontroian,vvfriedman,57
1433,Article,antontroian,antontroian,1
1440,Article,antontroian,antontroian,1
1498,Article,antontroian,antontroian,1
1481,Article,antontroian,ElisabethMalkin,52
1435,Article,antontroian,helenecooper,67
1524,Tweet,antontroian,lukeharding1968,3
1558,Tweet,antontroian,NYTimesCohen,7
1547,Tweet,antontroian,mtomasky,38
1585,Tweet,antontroian,helenecooper,87
1522,Tweet,antontroian,NYTimesCohen,9
1532,Tweet,antontroian,NeilMacFarquhar,10
1541,Tweet,antontroian,kenvogel,22
1545,Tweet,antontroian,antontroian,1
1595,Tweet,antontroian,lukeharding1968,11
1538,Tweet,antontroian,michaelcrowley,5
1542,Tweet,antontroian,ESCochrane,4
1500,Tweet,antontroian,ukigoni,4
1533,Tweet,antontroian,IKershner,2
1529,Tweet,antontroian,RaphaelMinder,198
1543,Tweet,antontroian,ggreenwald,22
3643,Article,billywitz,billywitz,1
3691,Article,billywitz,FrankBruni,11
3622,Article,billywitz,ByJamesWagner,2
3649,Article,billywitz,ByJamesWagner,2
3636,Article,billywitz,marcatracy,2
3672,Article,billywitz,marcatracy,2
3601,Article,billywitz,RichardFausset,107
3666,Article,billywitz,marcatracy,5
3645,Article,billywitz,ByJamesWagner,4
3604,Article,billywitz,marcatracy,11
3678,Article,billywitz,LFFriedman,31
3635,Article,billywitz,ByJamesWagner,3
3600,Article,billywitz,andrewrsorkin,8
3671,Article,billywitz,bykaren,111
3697,Article,billywitz,marcatracy,8
3758,Tweet,billywitz,marcatracy,2
3793,Tweet,billywitz,ByJamesWagner,2
3762,Tweet,billywitz,billywitz,1
3798,Tweet,billywitz,ByJamesWagner,3
3712,Tweet,billywitz,DanielKingChess,116
3734,Tweet,billywitz,ByJamesWagner,3
3742,Tweet,billywitz,ditzkoff,17
3715,Tweet,billywitz,marcatracy,2
3764,Tweet,billywitz,ByJamesWagner,3
3700,Tweet,billywitz,gailcollins,64
3785,Tweet,billywitz,alexanderburns,3
3719,Tweet,billywitz,MattFutterman,13
3733,Tweet,billywitz,ByJamesWagner,2
3778,Tweet,billywitz,billywitz,1
3761,Tweet,billywitz,billywitz,1
46386,Article,oliverburkeman,mtomasky,144
46448,Article,oliverburkeman,oliverburkeman,1
46489,Article,oliverburkeman,oliverburkeman,1
46391,Article,oliverburkeman,oliverburkeman,1
46332,Article,oliverburkeman,sarahlyall,7
46546,Article,oliverburkeman,oliverburkeman,1
46330,Article,oliverburkeman,oliverburkeman,1
46381,Article,oliverburkeman,oliverburkeman,1
46383,Article,oliverburkeman,oliverburkeman,1
46366,Article,oliverburkeman,oliverburkeman,1
46547,Article,oliverburkeman,oliverburkeman,1
46501,Article,oliverburkeman,oliverburkeman,1
46354,Article,oliverburkeman,parul_sehgal,69
46395,Article,oliverburkeman,oliverburkeman,1
46385,Article,oliverburkeman,oliverburkeman,1
46594,Tweet,oliverburkeman,annanorthtweets,150
46747,Tweet,oliverburkeman,AniltheMatrix,34
46775,Tweet,oliverburkeman,sarahditum,295
46577,Tweet,oliverburkeman,mariellaf1,102
46752,Tweet,oliverburkeman,elizabday,94
46808,Tweet,oliverburkeman,oliverburkeman,1
46825,Tweet,oliverburkeman,elizabday,221
46677,Tweet,oliverburkeman,rondakaysen,3
46735,Tweet,oliverburkeman,GiniaNYT,36
46706,Tweet,oliverburkeman,kbennhold,5
46930,Tweet,oliverburkeman,davidhepworth,45
46903,Tweet,oliverburkeman,salihughes,147
46858,Tweet,oliverburkeman,JessicaValenti,15
46728,Tweet,oliverburkeman,brooksbarnesNYT,79
46859,Tweet,oliverburkeman,sendvictorious,186
153098,Article,shattenstone,DeccaJourno,32
153055,Article,shattenstone,jonronson,68
153006,Article,shattenstone,AnushkaAsthana,120
152955,Article,shattenstone,elizabday,13
152939,Article,shattenstone,NilsPratley,93
152916,Article,shattenstone,charltonbrooker,29
152975,Article,shattenstone,FelicityCloake,59
152905,Article,shattenstone,alexbellos,57
152954,Article,shattenstone,jfordham_jazz,147
153027,Article,shattenstone,williamkeegan,41
153018,Article,shattenstone,rachshabi,32
152929,Article,shattenstone,FranklinBlog,82
152925,Article,shattenstone,LauraCummingArt,89
153102,Article,shattenstone,emmabrockes,47
152974,Article,shattenstone,nicholaswatt,11
153324,Tweet,shattenstone,LucyMangan,72
153469,Tweet,shattenstone,EricaLG,71
153314,Tweet,shattenstone,margaretrenkl,15
153590,Tweet,shattenstone,annanorthtweets,29
153657,Tweet,shattenstone,NilsPratley,15
153190,Tweet,shattenstone,tomfriedman,482
153549,Tweet,shattenstone,lyngardner,81
153523,Tweet,shattenstone,FranklinBlog,81
153673,Tweet,shattenstone,kylebuchanan,369
153183,Tweet,shattenstone,KateEMcCann,19
153175,Tweet,shattenstone,annanorthtweets,23
153172,Tweet,shattenstone,jennydeluxe,85
153424,Tweet,shattenstone,DeccaJourno,57
153658,Tweet,shattenstone,laurenlaverne,10
153201,Tweet,shattenstone,damiencave,146
82345,Article,hadleyfreeman,jbouie,102
82291,Article,hadleyfreeman,joecoscarelli,12
82429,Article,hadleyfreeman,bglendenning,167
82418,Article,hadleyfreeman,sunny_hundal,28
82218,Article,hadleyfreeman,dwightgarner,36
82410,Article,hadleyfreeman,JohnJCrace,31
82235,Article,hadleyfreeman,davidhepworth,143
82282,Article,hadleyfreeman,andybrassell,122
82316,Article,hadleyfreeman,ggreenwald,21
82367,Article,hadleyfreeman,el_belson,124
82362,Article,hadleyfreeman,williamnhutton,14
82216,Article,hadleyfreeman,MoharBasu,64
82340,Article,hadleyfreeman,kenanmalik,78
82317,Article,hadleyfreeman,jennydeluxe,43
82270,Article,hadleyfreeman,jackschofield,2
82576,Tweet,hadleyfreeman,LucyMangan,12
82691,Tweet,hadleyfreeman,priyagupta999,77
82739,Tweet,hadleyfreeman,petleepeter,40
82580,Tweet,hadleyfreeman,lukeharding1968,229
82958,Tweet,hadleyfreeman,sunny_hundal,13
82826,Tweet,hadleyfreeman,wesley_morris,156
82524,Tweet,hadleyfreeman,MarinaOLoughlin,12
82812,Tweet,hadleyfreeman,gmorgenson,298
82578,Tweet,hadleyfreeman,DawnHFoster,13
82681,Tweet,hadleyfreeman,elizabday,10
82507,Tweet,hadleyfreeman,lyngardner,3
82458,Tweet,hadleyfreeman,carolecadwalla,240
82820,Tweet,hadleyfreeman,desaisantosh,67
82625,Tweet,hadleyfreeman,debaratisen,406
82772,Tweet,hadleyfreeman,karenzraick,5
214655,Article,sushmi_dey,sushmi_dey,1
214702,Article,sushmi_dey,Crime_Selvaraj,2
214698,Article,sushmi_dey,kush_junglee,87
214643,Article,sushmi_dey,SidharthB25,83
214820,Article,sushmi_dey,AshokPradhanTOI,19
214786,Article,sushmi_dey,AshokPradhanTOI,31
214662,Article,sushmi_dey,sushmi_dey,1
214780,Article,sushmi_dey,AtulMathur_,16
214644,Article,sushmi_dey,durgeshjhaTOI,2
214791,Article,sushmi_dey,PjJoychen,27
214833,Article,sushmi_dey,007pandey,12
214812,Article,sushmi_dey,sushmi_dey,1
214739,Article,sushmi_dey,naomi2009,30
214749,Article,sushmi_dey,stevenpoole,22
214661,Article,sushmi_dey,sushmi_dey,1
214972,Tweet,sushmi_dey,PjJoychen,2
214953,Tweet,sushmi_dey,PjJoychen,3
214929,Tweet,sushmi_dey,SindhukTOI,2
214969,Tweet,sushmi_dey,priyagupta999,115
214963,Tweet,sushmi_dey,durgeshjhaTOI,5
214951,Tweet,sushmi_dey,AlokKNMishra,33
214905,Tweet,sushmi_dey,divyapal2013,11
214895,Tweet,sushmi_dey,rajendrasTOI,138
214904,Tweet,sushmi_dey,RoniNYTimes,38
214908,Tweet,sushmi_dey,desaisantosh,62
214968,Tweet,sushmi_dey,GRajivTOI,77
214959,Tweet,sushmi_dey,PjJoychen,2
214936,Tweet,sushmi_dey,PjJoychen,2
214980,Tweet,sushmi_dey,SindhukTOI,12
214930,Tweet,sushmi_dey,TristramHuntVA,390
14495,Article,MujMash,CeylanWrites,55
14438,Article,MujMash,peterbakernyt,44
14426,Article,MujMash,antontroian,17
14453,Article,MujMash,IKershner,7
14494,Article,MujMash,mikeives,5
14416,Article,MujMash,antontroian,7
14417,Article,MujMash,SribaalaVTOI,20
14465,Article,MujMash,NeilMacFarquhar,7
14427,Article,MujMash,stevenerlanger,11
14491,Article,MujMash,MujMash,1
14442,Article,MujMash,damiencave,7
14497,Article,MujMash,KeithBradsher,20
14474,Article,MujMash,KeithBradsher,10
14483,Article,MujMash,AlokKNMishra,6
14461,Article,MujMash,Lattif,4
14598,Tweet,MujMash,philipoltermann,3
14568,Tweet,MujMash,advityabahlTOI,45
14517,Tweet,MujMash,UttaraVarmaTOI,61
14564,Tweet,MujMash,palaknandiTOI,2
14503,Tweet,MujMash,michaelcrowley,10
14579,Tweet,MujMash,nnougayrede,7
14561,Tweet,MujMash,carolecadwalla,50
14560,Tweet,MujMash,ericschmittnyt,2
14584,Tweet,MujMash,AlokKNMishra,127
14577,Tweet,MujMash,vijayVsinghTOI,95
14519,Tweet,MujMash,vwang3,13
14571,Tweet,MujMash,dklavaniaTOI,40
14518,Tweet,MujMash,williamnhutton,10
14596,Tweet,MujMash,ShoebKhanTOI,14
14527,Tweet,MujMash,carolecadwalla,142
23202,Article,samrob12,dwightgarner,74
23280,Article,samrob12,genznyt,4
23282,Article,samrob12,AshokPradhanTOI,2
23296,Article,samrob12,kbennhold,11
23272,Article,samrob12,hillhulse,55
23292,Article,samrob12,DSlotnik,4
23207,Article,samrob12,andrewrsorkin,6
23222,Article,samrob12,genznyt,3
23256,Article,samrob12,KateEMcCann,8
23234,Article,samrob12,bydanielvictor,20
23288,Article,samrob12,samrob12,1
23261,Article,samrob12,genznyt,2
23223,Article,samrob12,alexmarshall81,5
23274,Article,samrob12,samrob12,1
23208,Article,samrob12,samrob12,1
23320,Tweet,samrob12,RosySequeiraTOI,3
23354,Tweet,samrob12,Gauraw2297,3
23311,Tweet,samrob12,RichSandomir,2
23342,Tweet,samrob12,NYTimesCohen,432
23303,Tweet,samrob12,GRajivTOI,6
23396,Tweet,samrob12,mohuadazz,294
23381,Tweet,samrob12,AjayUgrasTOI,138
23321,Tweet,samrob12,LFFriedman,79
23397,Tweet,samrob12,adamliptak,44
23326,Tweet,samrob12,samrob12,1
23375,Tweet,samrob12,RosySequeiraTOI,122
23377,Tweet,samrob12,richardwolffedc,223
23312,Tweet,samrob12,farnazfassihi,415
23379,Tweet,samrob12,jotted,192
23330,Tweet,samrob12,kylebuchanan,197
211773,Article,SidharthB25,SidharthB25,1
211743,Article,SidharthB25,ramarkosg,79
211650,Article,SidharthB25,sandhyanairTOI,4
211719,Article,SidharthB25,NYTimesCohen,150
211832,Article,SidharthB25,akhileshsTOI,11
211755,Article,SidharthB25,SidharthB25,1
211810,Article,SidharthB25,mateenHTOI,7
211646,Article,SidharthB25,AshokPradhanTOI,4
211789,Article,SidharthB25,sandhyanairTOI,3
211710,Article,SidharthB25,SidharthB25,1
211788,Article,SidharthB25,dubeyavishek,4
211618,Article,SidharthB25,SidharthB25,1
211834,Article,SidharthB25,SidharthB25,1
211752,Article,SidharthB25,mateenHTOI,17
211722,Article,SidharthB25,SidharthB25,1
211909,Tweet,SidharthB25,lucywardsings,359
211875,Tweet,SidharthB25,KeithBradsher,249
211883,Tweet,SidharthB25,SwatiMathurTOI,199
211890,Tweet,SidharthB25,MKSinghGkp,53
211930,Tweet,SidharthB25,vivek9301,40
211867,Tweet,SidharthB25,jfordham_jazz,68
211881,Tweet,SidharthB25,PNaveenTOI,136
211889,Tweet,SidharthB25,williamkeegan,413
211902,Tweet,SidharthB25,RorySmith,11
211876,Tweet,SidharthB25,michaelcrowley,327
211905,Tweet,SidharthB25,NYTimesCohen,187
211910,Tweet,SidharthB25,TOISH31,61
211887,Tweet,SidharthB25,AniltheMatrix,52
211880,Tweet,SidharthB25,GlennThrush,325
211885,Tweet,SidharthB25,Shilarze_SSR,13
207096,Article,rjadHinduBL,DerekMalcolm123,159
207205,Article,rjadHinduBL,neelam_raaj,8
207002,Article,rjadHinduBL,richapintoi,14
207013,Article,rjadHinduBL,BhanupratapsTOI,12
207221,Article,rjadHinduBL,shafaquealamTOI,38
207121,Article,rjadHinduBL,rashmidTOI,22
206982,Article,rjadHinduBL,007pandey,19
207063,Article,rjadHinduBL,vijayVsinghTOI,122
207113,Article,rjadHinduBL,richapintoi,39
207123,Article,rjadHinduBL,vaibhavgTOI,50
207181,Article,rjadHinduBL,vijayVsinghTOI,27
206975,Article,rjadHinduBL,AlysFowler,10
207171,Article,rjadHinduBL,ManjuVTOI,42
207177,Article,rjadHinduBL,DekaJayanta,6
207108,Article,rjadHinduBL,AlysFowler,54
207303,Tweet,rjadHinduBL,rjadHinduBL,1
207315,Tweet,rjadHinduBL,RBReich,14
207231,Tweet,rjadHinduBL,WilbyPeter,15
207313,Tweet,rjadHinduBL,NishikantkTOI,89
207225,Tweet,rjadHinduBL,antontroian,17
207260,Tweet,rjadHinduBL,jatinder_tur,3
207235,Tweet,rjadHinduBL,HinaRohtaki,186
207279,Tweet,rjadHinduBL,rjadHinduBL,1
207275,Tweet,rjadHinduBL,bylizrobbins,16
207292,Tweet,rjadHinduBL,RoniNYTimes,88
207306,Tweet,rjadHinduBL,rjadHinduBL,1
207234,Tweet,rjadHinduBL,rjadHinduBL,1
207322,Tweet,rjadHinduBL,rjadHinduBL,1
207224,Tweet,rjadHinduBL,FabrizioRomano,175
207261,Tweet,rjadHinduBL,gmorgenson,8
210739,Article,Shreyanka_M,DerekMalcolm123,37
210779,Article,Shreyanka_M,debaratisen,5
210787,Article,Shreyanka_M,smita_mishra,4
210735,Article,Shreyanka_M,Shreyanka_M,1
210775,Article,Shreyanka_M,Shreyanka_M,1
210747,Article,Shreyanka_M,aseemsgujar,4
210784,Article,Shreyanka_M,ChaitanyadTOI,25
210744,Article,Shreyanka_M,MohitaTOI,73
210774,Article,Shreyanka_M,salihughes,83
210764,Article,Shreyanka_M,divyapal2013,2
210767,Article,Shreyanka_M,ThevarSteffy,35
210732,Article,Shreyanka_M,debaratisen,2
210734,Article,Shreyanka_M,meeravohraTOI,6
210796,Article,Shreyanka_M,Shreyanka_M,1
210794,Article,Shreyanka_M,ChaitanyadTOI,19
210858,Tweet,Shreyanka_M,priyagupta999,25
210824,Tweet,Shreyanka_M,samsifton,23
210868,Tweet,Shreyanka_M,peterbradshaw1,21
210869,Tweet,Shreyanka_M,rebeccaSTOI,9
210838,Tweet,Shreyanka_M,desaisantosh,39
210907,Tweet,Shreyanka_M,desaisantosh,4
210871,Tweet,Shreyanka_M,nauzerbTOI,185
210867,Tweet,Shreyanka_M,desaisantosh,37
210880,Tweet,Shreyanka_M,samsifton,80
210901,Tweet,Shreyanka_M,priyagupta999,28
210814,Tweet,Shreyanka_M,divyapal2013,4
210870,Tweet,Shreyanka_M,williamkeegan,61
210839,Tweet,Shreyanka_M,smita_mishra,65
210853,Tweet,Shreyanka_M,sermoninstone,101
210889,Tweet,Shreyanka_M,MoharBasu,36
180758,Article,digbijaymishra1,digbijaymishra1,1
180921,Article,digbijaymishra1,digbijaymishra1,1
180807,Article,digbijaymishra1,digbijaymishra1,1
180774,Article,digbijaymishra1,digbijaymishra1,1
180841,Article,digbijaymishra1,digbijaymishra1,1
180784,Article,digbijaymishra1,IpsitaTOI,2
180777,Article,digbijaymishra1,digbijaymishra1,1
180928,Article,digbijaymishra1,KapildaveTOI,2
180726,Article,digbijaymishra1,parthasinha,2
180749,Article,digbijaymishra1,bagishjhaTOI,18
180942,Article,digbijaymishra1,digbijaymishra1,1
180727,Article,digbijaymishra1,digbijaymishra1,1
180937,Article,digbijaymishra1,digbijaymishra1,1
180952,Article,digbijaymishra1,digbijaymishra1,1
180825,Article,digbijaymishra1,digbijaymishra1,1
181018,Tweet,digbijaymishra1,we_are_food,194
180987,Tweet,digbijaymishra1,FabrizioRomano,363
180970,Tweet,digbijaymishra1,digbijaymishra1,1
181030,Tweet,digbijaymishra1,KapildaveTOI,130
181060,Tweet,digbijaymishra1,nauzerbTOI,39
181055,Tweet,digbijaymishra1,digbijaymishra1,1
181012,Tweet,digbijaymishra1,digbijaymishra1,1
180999,Tweet,digbijaymishra1,oliverburkeman,2
181005,Tweet,digbijaymishra1,bykaren,342
180980,Tweet,digbijaymishra1,har_mandeep,152
181048,Tweet,digbijaymishra1,MichaelWhite,266
181052,Tweet,digbijaymishra1,pankajdoval,25
181054,Tweet,digbijaymishra1,martcrossy,62
180994,Tweet,digbijaymishra1,bencasselman,20
181051,Tweet,digbijaymishra1,priyangiTOI,3
105276,Article,IAmTimDowling,jonronson,2
105281,Article,IAmTimDowling,nicklezard,4
105417,Article,IAmTimDowling,IAmTimDowling,1
105372,Article,IAmTimDowling,IAmTimDowling,1
105383,Article,IAmTimDowling,IAmTimDowling,1
105469,Article,IAmTimDowling,gracedent,2
105459,Article,IAmTimDowling,jonronson,44
105290,Article,IAmTimDowling,lenoretaylor,11
105283,Article,IAmTimDowling,aleksk,222
105485,Article,IAmTimDowling,hugolowell,141
105313,Article,IAmTimDowling,IAmTimDowling,1
105427,Article,IAmTimDowling,jonronson,7
105439,Article,IAmTimDowling,jayrayner1,3
105422,Article,IAmTimDowling,IAmTimDowling,1
105407,Article,IAmTimDowling,williamkeegan,10
105750,Tweet,IAmTimDowling,ceciliakang,193
105946,Tweet,IAmTimDowling,FabrizioRomano,20
106102,Tweet,IAmTimDowling,divyapal2013,207
105840,Tweet,IAmTimDowling,salihughes,30
105947,Tweet,IAmTimDowling,AraniBasuTOI,137
106024,Tweet,IAmTimDowling,rachshabi,4
105601,Tweet,IAmTimDowling,JoshuaRozenberg,89
105927,Tweet,IAmTimDowling,mtomasky,197
105798,Tweet,IAmTimDowling,lyngardner,48
105598,Tweet,IAmTimDowling,andrewrawnsley,45
105919,Tweet,IAmTimDowling,michelleinbklyn,438
105934,Tweet,IAmTimDowling,joncaramanica,42
105886,Tweet,IAmTimDowling,KSchulten,91
105679,Tweet,IAmTimDowling,williamnhutton,147
105848,Tweet,IAmTimDowling,joncaramanica,15
198191,Article,NishikantkTOI,rhymetraveller,2
198137,Article,NishikantkTOI,mateenHTOI,28
198226,Article,NishikantkTOI,rebeccaSTOI,3
198155,Article,NishikantkTOI,itsshibuthomas,4
198231,Article,NishikantkTOI,NishikantkTOI,1
198089,Article,NishikantkTOI,mateenHTOI,8
198225,Article,NishikantkTOI,NishikantkTOI,1
198215,Article,NishikantkTOI,NishikantkTOI,1
198004,Article,NishikantkTOI,NishikantkTOI,1
198152,Article,NishikantkTOI,PippaCrerar,25
198248,Article,NishikantkTOI,sunny_hundal,75
198223,Article,NishikantkTOI,NishikantkTOI,1
198230,Article,NishikantkTOI,mateenHTOI,2
198085,Article,NishikantkTOI,WilbyPeter,2
198090,Article,NishikantkTOI,mateenHTOI,4
198316,Tweet,NishikantkTOI,ArthurNeslen,25
198263,Tweet,NishikantkTOI,mateenHTOI,6
198258,Tweet,NishikantkTOI,niyatiparikhTOI,2
198348,Tweet,NishikantkTOI,PatrickKingsley,26
198309,Tweet,NishikantkTOI,DSlotnik,72
198273,Tweet,NishikantkTOI,NishikantkTOI,1
198277,Tweet,NishikantkTOI,lisamonteiroTOI,80
198317,Tweet,NishikantkTOI,LeoHickman,10
198310,Tweet,NishikantkTOI,WilbyPeter,28
198306,Tweet,NishikantkTOI,NishikantkTOI,1
198312,Tweet,NishikantkTOI,mateenHTOI,21
198301,Tweet,NishikantkTOI,DawnHFoster,9
198347,Tweet,NishikantkTOI,palaknandiTOI,20
198256,Tweet,NishikantkTOI,AniltheMatrix,285
198253,Tweet,NishikantkTOI,bishnoiarvind11,115
53852,Article,kiracochrane,marthakelner,49
53950,Article,kiracochrane,chiggi,103
53764,Article,kiracochrane,IanCobain,24
53982,Article,kiracochrane,DouthatNYT,190
53983,Article,kiracochrane,LucyMangan,44
53842,Article,kiracochrane,shattenstone,23
53794,Article,kiracochrane,debaratisen,273
53927,Article,kiracochrane,hugolowell,152
53905,Article,kiracochrane,BenWeiserNYT,34
53925,Article,kiracochrane,jbouie,190
53967,Article,kiracochrane,lyngardner,88
53801,Article,kiracochrane,lucysiegle,90
53947,Article,kiracochrane,williamkeegan,96
53921,Article,kiracochrane,laurenlaverne,23
53796,Article,kiracochrane,williamkeegan,174
54338,Tweet,kiracochrane,AndrewSparrow,78
54199,Tweet,kiracochrane,elizabday,5
54123,Tweet,kiracochrane,HackneyAbbott,88
54191,Tweet,kiracochrane,genznyt,163
54048,Tweet,kiracochrane,ianrausten,47
54452,Tweet,kiracochrane,shafaquealamTOI,208
54176,Tweet,kiracochrane,MohitaTOI,365
54531,Tweet,kiracochrane,afuahirsch,332
54418,Tweet,kiracochrane,debaratisen,247
54222,Tweet,kiracochrane,MichaelWhite,31
54440,Tweet,kiracochrane,DSlotnik,170
54354,Tweet,kiracochrane,SocialQPhilip,84
54100,Tweet,kiracochrane,greenslader,147
54332,Tweet,kiracochrane,desaisantosh,26
54237,Tweet,kiracochrane,farnazfassihi,434
208284,Article,SagrikaKissu,SagrikaKissu,1
208344,Article,SagrikaKissu,sandhyanairTOI,30
208314,Article,SagrikaKissu,Crime_Selvaraj,73
208232,Article,SagrikaKissu,nauzerbTOI,30
208328,Article,SagrikaKissu,dklavaniaTOI,18
208308,Article,SagrikaKissu,SidharthB25,8
208290,Article,SagrikaKissu,SidharthB25,28
208337,Article,SagrikaKissu,mateenHTOI,2
208255,Article,SagrikaKissu,har_mandeep,8
208234,Article,SagrikaKissu,SidharthB25,12
208316,Article,SagrikaKissu,dubeyavishek,3
208194,Article,SagrikaKissu,AtulMathur_,51
208220,Article,SagrikaKissu,mateenHTOI,24
208270,Article,SagrikaKissu,SindhukTOI,37
208257,Article,SagrikaKissu,SidharthB25,23
208421,Tweet,SagrikaKissu,ipsinghTOI,38
208394,Tweet,SagrikaKissu,niyatiparikhTOI,51
208387,Tweet,SagrikaKissu,RosySequeiraTOI,198
208411,Tweet,SagrikaKissu,journo_vibha,16
208415,Tweet,SagrikaKissu,alexanderburns,286
208372,Tweet,SagrikaKissu,mateenHTOI,3
208403,Tweet,SagrikaKissu,GeorgeMonbiot,202
208384,Tweet,SagrikaKissu,MujMash,77
208396,Tweet,SagrikaKissu,stevenerlanger,222
208380,Tweet,SagrikaKissu,manvirsainiTOI,33
208386,Tweet,SagrikaKissu,akhileshsTOI,121
208390,Tweet,SagrikaKissu,akhileshsTOI,27
208379,Tweet,SagrikaKissu,billicritic,54
208408,Tweet,SagrikaKissu,nauzerbTOI,90
208407,Tweet,SagrikaKissu,Gauraw2297,101
2880,Article,benkenigsberg,DerekMalcolm123,16
2858,Article,benkenigsberg,kbennhold,4
2835,Article,benkenigsberg,zwoolfe,3
2857,Article,benkenigsberg,EVincentelli,9
2813,Article,benkenigsberg,brooksbarnesNYT,11
2895,Article,benkenigsberg,parul_sehgal,97
2802,Article,benkenigsberg,MoharBasu,4
2879,Article,benkenigsberg,tripgabriel,50
2870,Article,benkenigsberg,jhoffman,3
2846,Article,benkenigsberg,FrankBruni,43
2820,Article,benkenigsberg,brooksbarnesNYT,3
2856,Article,benkenigsberg,jhoffman,4
2872,Article,benkenigsberg,pete_wells,62
2885,Article,benkenigsberg,genznyt,195
2873,Article,benkenigsberg,bindelj,18
2964,Tweet,benkenigsberg,alexanderburns,48
2966,Tweet,benkenigsberg,fmanjoo,20
2994,Tweet,benkenigsberg,peterbradshaw1,6
2993,Tweet,benkenigsberg,kylebuchanan,15
2912,Tweet,benkenigsberg,jhoffman,2
2978,Tweet,benkenigsberg,benkenigsberg,1
2937,Tweet,benkenigsberg,LucyMangan,11
2974,Tweet,benkenigsberg,priyagupta999,14
2942,Tweet,benkenigsberg,fmanjoo,73
2904,Tweet,benkenigsberg,kylebuchanan,3
2922,Tweet,benkenigsberg,DerekMalcolm123,8
2970,Tweet,benkenigsberg,smita_mishra,57
2903,Tweet,benkenigsberg,jhoffman,22
2939,Tweet,benkenigsberg,alexvtunzelmann,7
2916,Tweet,benkenigsberg,MoharBasu,4
218163,Article,TridibIANS,aditya_bh16,4
218193,Article,TridibIANS,manujaveerappa,2
218140,Article,TridibIANS,vivek9301,2
218210,Article,TridibIANS,vijayVsinghTOI,43
218171,Article,TridibIANS,adwaidh,15
218170,Article,TridibIANS,vivek9301,9
218131,Article,TridibIANS,vivek9301,58
218149,Article,TridibIANS,vivek9301,3
218184,Article,TridibIANS,SunilSubaiah,21
218125,Article,TridibIANS,Pratiks_TOI,23
218214,Article,TridibIANS,rajendrasTOI,39
218129,Article,TridibIANS,jotted,14
218152,Article,TridibIANS,Shilarze_SSR,5
218112,Article,TridibIANS,margaretrenkl,4
218194,Article,TridibIANS,Pratiks_TOI,12
218265,Tweet,TridibIANS,petleepeter,4
218264,Tweet,TridibIANS,Shrivathsan1437,26
218261,Tweet,TridibIANS,sudeshnagTOI,56
218263,Tweet,TridibIANS,toi_ManujaV,7
218331,Tweet,TridibIANS,smita_mishra,39
218254,Tweet,TridibIANS,EricaLG,187
218289,Tweet,TridibIANS,tomfriedman,169
218311,Tweet,TridibIANS,manvirsainiTOI,21
218317,Tweet,TridibIANS,BawaNaaved,51
218245,Tweet,TridibIANS,elizabday,85
218252,Tweet,TridibIANS,priyagupta999,2
218275,Tweet,TridibIANS,BawaNaaved,164
218284,Tweet,TridibIANS,TridibIANS,1
218328,Tweet,TridibIANS,damiencave,3
218238,Tweet,TridibIANS,manujaveerappa,34
23425,Article,samsifton,samsifton,1
23408,Article,samsifton,tejalrao,3
23438,Article,samsifton,paulkrugman,5
23444,Article,samsifton,samsifton,1
23409,Article,samsifton,PerriKlass,2
23454,Article,samsifton,we_are_food,20
23430,Article,samsifton,pete_wells,13
23429,Article,samsifton,paulkrugman,9
23403,Article,samsifton,pete_wells,2
23453,Article,samsifton,tejalrao,2
23400,Article,samsifton,samsifton,1
23442,Article,samsifton,samsifton,1
23412,Article,samsifton,pete_wells,2
23465,Article,samsifton,pete_wells,2
23486,Article,samsifton,melissaclark,5
23546,Tweet,samsifton,joshwiddicombe,4
23578,Tweet,samsifton,jennydeluxe,158
23588,Tweet,samsifton,murarishetyeTOI,241
23562,Tweet,samsifton,MoharBasu,167
23561,Tweet,samsifton,davidleighx,31
23597,Tweet,samsifton,we_are_food,2
23567,Tweet,samsifton,vijayVsinghTOI,250
23512,Tweet,samsifton,FrankBruni,43
23591,Tweet,samsifton,marywalshjourno,27
23551,Tweet,samsifton,ajaysuraTOI,92
23521,Tweet,samsifton,vvfriedman,8
23584,Tweet,samsifton,pete_wells,3
23552,Tweet,samsifton,vvfriedman,165
23502,Tweet,samsifton,ottolenghi,4
23536,Tweet,samsifton,ukigoni,62
214522,Article,SunilSubaiah,vivek9301,34
214536,Article,SunilSubaiah,toi_shailendraA,4
214408,Article,SunilSubaiah,aniljdias,66
214441,Article,SunilSubaiah,KapildaveTOI,9
214423,Article,SunilSubaiah,toi_ManujaV,6
214352,Article,SunilSubaiah,PjJoychen,16
214457,Article,SunilSubaiah,Shrivathsan1437,21
214334,Article,SunilSubaiah,toi_shailendraA,86
214476,Article,SunilSubaiah,toi_ManujaV,9
214477,Article,SunilSubaiah,richapintoi,11
214497,Article,SunilSubaiah,PjJoychen,43
214508,Article,SunilSubaiah,Shrivathsan1437,20
214356,Article,SunilSubaiah,vivek9301,7
214355,Article,SunilSubaiah,Shrivathsan1437,8
214385,Article,SunilSubaiah,saumyajitbTOI,47
214573,Tweet,SunilSubaiah,durgeshjhaTOI,40
214541,Tweet,SunilSubaiah,pradeeptTOI,32
214554,Tweet,SunilSubaiah,Chethan_Dash,29
214542,Tweet,SunilSubaiah,vivek9301,101
214594,Tweet,SunilSubaiah,margaretrenkl,295
214628,Tweet,SunilSubaiah,PatrickKingsley,39
214578,Tweet,SunilSubaiah,SindhukTOI,3
214589,Tweet,SunilSubaiah,TridibIANS,92
214555,Tweet,SunilSubaiah,ericschmittnyt,102
214602,Tweet,SunilSubaiah,yeshikabudhwar,103
214622,Tweet,SunilSubaiah,sudeshnagTOI,25
214548,Tweet,SunilSubaiah,naomi2009,94
214586,Tweet,SunilSubaiah,meeravohraTOI,48
214581,Tweet,SunilSubaiah,pradeepjourno,47
214597,Tweet,SunilSubaiah,rajatpTOI,16
66487,Article,FranklinBlog,FranklinBlog,1
66541,Article,FranklinBlog,jennydeluxe,82
66537,Article,FranklinBlog,AndrewSparrow,27
66586,Article,FranklinBlog,PippaCrerar,8
66481,Article,FranklinBlog,RachelDonadio,212
66590,Article,FranklinBlog,john_hooper,8
66573,Article,FranklinBlog,npwcnn,9
66427,Article,FranklinBlog,VivianHo,165
66466,Article,FranklinBlog,KomalGautham,100
66384,Article,FranklinBlog,attackerman,121
66556,Article,FranklinBlog,john_hooper,9
66588,Article,FranklinBlog,chiggi,112
66619,Article,FranklinBlog,FranklinBlog,1
66623,Article,FranklinBlog,john_hooper,3
66383,Article,FranklinBlog,oliverburkeman,236
66646,Tweet,FranklinBlog,elizabday,95
67137,Tweet,FranklinBlog,IKershner,301
66693,Tweet,FranklinBlog,gailcollins,50
67023,Tweet,FranklinBlog,KateEMcCann,142
67127,Tweet,FranklinBlog,parthasinha,225
66994,Tweet,FranklinBlog,jennydeluxe,28
67099,Tweet,FranklinBlog,RosySequeiraTOI,88
66931,Tweet,FranklinBlog,bylizrobbins,195
66769,Tweet,FranklinBlog,nicholaswatt,34
67185,Tweet,FranklinBlog,antontroian,220
67228,Tweet,FranklinBlog,lauriegnyt,295
66801,Tweet,FranklinBlog,anemonanyc,322
66929,Tweet,FranklinBlog,ajaysuraTOI,176
66806,Tweet,FranklinBlog,journo_vibha,89
66764,Tweet,FranklinBlog,tejalrao,341
32274,Article,NikiKitsantonis,AnaSwanson,4
32295,Article,NikiKitsantonis,FrankBruni,164
32238,Article,NikiKitsantonis,charlie_savage,2
32266,Article,NikiKitsantonis,JoshuaRozenberg,15
32271,Article,NikiKitsantonis,KapildaveTOI,43
32264,Article,NikiKitsantonis,KeithBradsher,20
32212,Article,NikiKitsantonis,rebeccaSTOI,81
32225,Article,NikiKitsantonis,jimtankersley,36
32257,Article,NikiKitsantonis,PatrickKingsley,15
32218,Article,NikiKitsantonis,adamliptak,27
32268,Article,NikiKitsantonis,lukebroadwater,41
32281,Article,NikiKitsantonis,NikiKitsantonis,1
32224,Article,NikiKitsantonis,stevenerlanger,17
32244,Article,NikiKitsantonis,KapildaveTOI,31
32298,Article,NikiKitsantonis,hillhulse,16
32317,Tweet,NikiKitsantonis,NikiKitsantonis,1
32322,Tweet,NikiKitsantonis,npwcnn,7
32371,Tweet,NikiKitsantonis,npwcnn,11
32381,Tweet,NikiKitsantonis,NeilMacFarquhar,3
32329,Tweet,NikiKitsantonis,sunny_hundal,290
32313,Tweet,NikiKitsantonis,KTVinobhaTOI,9
32308,Tweet,NikiKitsantonis,npwcnn,6
32312,Tweet,NikiKitsantonis,andybrassell,69
32366,Tweet,NikiKitsantonis,NikiKitsantonis,1
32318,Tweet,NikiKitsantonis,petleepeter,75
32315,Tweet,NikiKitsantonis,NickAtNews,66
32383,Tweet,NikiKitsantonis,michaelcrowley,3
32348,Tweet,NikiKitsantonis,williamkeegan,284
32374,Tweet,NikiKitsantonis,PatriciaMazzei,8
32386,Tweet,NikiKitsantonis,antontroian,169
5404,Article,damiencave,damiencave,1
5402,Article,damiencave,NikiKitsantonis,52
5428,Article,damiencave,damiencave,1
5477,Article,damiencave,damiencave,1
5485,Article,damiencave,ChuBailiang,10
5460,Article,damiencave,damiencave,1
5491,Article,damiencave,damiencave,1
5407,Article,damiencave,thestephmerritt,8
5411,Article,damiencave,margaretrenkl,2
5481,Article,damiencave,lukeharding1968,142
5488,Article,damiencave,damiencave,1
5424,Article,damiencave,RBReich,4
5422,Article,damiencave,damiencave,1
5454,Article,damiencave,damiencave,1
5401,Article,damiencave,damiencave,1
5542,Tweet,damiencave,RosySequeiraTOI,338
5599,Tweet,damiencave,tomfriedman,5
5595,Tweet,damiencave,DouthatNYT,29
5522,Tweet,damiencave,joshwiddicombe,175
5559,Tweet,damiencave,ipsinghTOI,182
5517,Tweet,damiencave,neelam_raaj,11
5501,Tweet,damiencave,damiencave,1
5534,Tweet,damiencave,LizAldermanNYT,187
5541,Tweet,damiencave,damiencave,1
5597,Tweet,damiencave,damiencave,1
5512,Tweet,damiencave,gailcollins,332
5586,Tweet,damiencave,DouthatNYT,147
5582,Tweet,damiencave,williamkeegan,23
5513,Tweet,damiencave,FrankBruni,8
5589,Tweet,damiencave,stevenerlanger,102
15853,Article,NYTimesCohen,saumyajitbTOI,3
15816,Article,NYTimesCohen,pete_wells,9
15813,Article,NYTimesCohen,tomfriedman,11
15827,Article,NYTimesCohen,saumyajitbTOI,12
15820,Article,NYTimesCohen,saumyajitbTOI,2
15876,Article,NYTimesCohen,NeilMacFarquhar,104
15854,Article,NYTimesCohen,margaretrenkl,4
15811,Article,NYTimesCohen,NYTimesCohen,1
15858,Article,NYTimesCohen,antontroian,7
15828,Article,NYTimesCohen,farnazfassihi,21
15812,Article,NYTimesCohen,DouthatNYT,17
15867,Article,NYTimesCohen,RorySmith,3
15806,Article,NYTimesCohen,stevenerlanger,31
15857,Article,NYTimesCohen,FrankBruni,14
15864,Article,NYTimesCohen,pete_wells,2
15919,Tweet,NYTimesCohen,NYTimesCohen,1
15968,Tweet,NYTimesCohen,PNaveenTOI,8
15936,Tweet,NYTimesCohen,attackerman,10
15993,Tweet,NYTimesCohen,declanwalsh,332
15977,Tweet,NYTimesCohen,farnazfassihi,34
15921,Tweet,NYTimesCohen,dubeyavishek,5
15984,Tweet,NYTimesCohen,saumyajitbTOI,3
15940,Tweet,NYTimesCohen,DouthatNYT,6
15941,Tweet,NYTimesCohen,williamkeegan,78
15928,Tweet,NYTimesCohen,murarishetyeTOI,47
15954,Tweet,NYTimesCohen,ajaysuraTOI,29
15999,Tweet,NYTimesCohen,FrankBruni,6
15912,Tweet,NYTimesCohen,IKershner,27
15982,Tweet,NYTimesCohen,saumyajitbTOI,5
15903,Tweet,NYTimesCohen,saumyajitbTOI,2
3053,Article,BenRothenberg,BenRothenberg,1
3001,Article,BenRothenberg,BenRothenberg,1
3090,Article,BenRothenberg,tariqpanja,21
3060,Article,BenRothenberg,saumyajitbTOI,4
3067,Article,BenRothenberg,RorySmith,7
3002,Article,BenRothenberg,bykaren,4
3051,Article,BenRothenberg,BenRothenberg,1
3038,Article,BenRothenberg,BenRothenberg,1
3071,Article,BenRothenberg,damiencave,3
3016,Article,BenRothenberg,RorySmith,3
3010,Article,BenRothenberg,tariqpanja,10
3007,Article,BenRothenberg,saumyajitbTOI,7
3079,Article,BenRothenberg,tariqpanja,22
3033,Article,BenRothenberg,bykaren,3
3078,Article,BenRothenberg,tariqpanja,3
3167,Tweet,BenRothenberg,tariqpanja,139
3198,Tweet,BenRothenberg,RosySequeiraTOI,168
3149,Tweet,BenRothenberg,IKershner,77
3114,Tweet,BenRothenberg,FrankBruni,78
3137,Tweet,BenRothenberg,LFFriedman,218
3140,Tweet,BenRothenberg,toi_shailendraA,3
3174,Tweet,BenRothenberg,BenRothenberg,1
3122,Tweet,BenRothenberg,RosySequeiraTOI,349
3117,Tweet,BenRothenberg,andrew_mueller,45
3195,Tweet,BenRothenberg,andrewrsorkin,9
3105,Tweet,BenRothenberg,peterbakernyt,390
3126,Tweet,BenRothenberg,toi_shailendraA,8
3156,Tweet,BenRothenberg,bylizrobbins,5
3111,Tweet,BenRothenberg,BenRothenberg,1
3103,Tweet,BenRothenberg,fmanjoo,49
177764,Article,binays1960,AditiZero,7
177809,Article,binays1960,vishwamTOI,12
177633,Article,binays1960,NishikantkTOI,7
177602,Article,binays1960,TOISH31,83
177831,Article,binays1960,meeravohraTOI,14
177625,Article,binays1960,ramarkosg,17
177765,Article,binays1960,minatisinghaTOI,19
177705,Article,binays1960,SwatiShindeTOI,4
177641,Article,binays1960,RachelDonadio,26
177648,Article,binays1960,binays1960,1
177789,Article,binays1960,binays1960,1
177794,Article,binays1960,AlysFowler,2
177725,Article,binays1960,petleepeter,62
177718,Article,binays1960,KapildaveTOI,32
177714,Article,binays1960,vaibhavgTOI,51
177922,Tweet,binays1960,KapildaveTOI,67
177845,Tweet,binays1960,binays1960,1
177863,Tweet,binays1960,RosySequeiraTOI,129
177870,Tweet,binays1960,kush_junglee,50
177840,Tweet,binays1960,PjJoychen,7
177898,Tweet,binays1960,binays1960,1
177874,Tweet,binays1960,AlokKNMishra,3
177867,Tweet,binays1960,binays1960,1
177884,Tweet,binays1960,binays1960,1
177846,Tweet,binays1960,dipakdashTOI,69
177930,Tweet,binays1960,ishajainTOI,21
177877,Tweet,binays1960,binays1960,1
177915,Tweet,binays1960,binays1960,1
177918,Tweet,binays1960,TOISH31,222
177894,Tweet,binays1960,binays1960,1
161057,Article,edvulliamy,attackerman,11
161209,Article,edvulliamy,billywitz,112
161151,Article,edvulliamy,bglendenning,131
161264,Article,edvulliamy,NilsPratley,165
161060,Article,edvulliamy,NickAtNews,18
161135,Article,edvulliamy,DanielKingChess,135
161169,Article,edvulliamy,bglendenning,204
161038,Article,edvulliamy,thestephmerritt,103
161139,Article,edvulliamy,rachshabi,44
161101,Article,edvulliamy,alexvtunzelmann,98
161064,Article,edvulliamy,davidleighx,60
161041,Article,edvulliamy,ByJamesWagner,59
161148,Article,edvulliamy,john_hooper,47
161177,Article,edvulliamy,greenslader,37
161164,Article,edvulliamy,williamkeegan,17
161321,Tweet,edvulliamy,davidhepworth,199
161350,Tweet,edvulliamy,NYTimesCohen,11
161829,Tweet,edvulliamy,RowennaDavis,114
161777,Tweet,edvulliamy,vijaysinghTOI,131
161343,Tweet,edvulliamy,RaphaelMinder,67
161593,Tweet,edvulliamy,MarinaHyde,24
161781,Tweet,edvulliamy,NYTBen,7
161420,Tweet,edvulliamy,nnougayrede,45
161395,Tweet,edvulliamy,FabrizioRomano,8
161475,Tweet,edvulliamy,RorySmith,158
161274,Tweet,edvulliamy,samsifton,305
161382,Tweet,edvulliamy,RaphaelMinder,34
161324,Tweet,edvulliamy,parthasinha,70
161771,Tweet,edvulliamy,KateEMcCann,118
161703,Tweet,edvulliamy,seaningle,16
199448,Article,pankajdoval,pankajdoval,1
199529,Article,pankajdoval,pankajdoval,1
199618,Article,pankajdoval,digbijaymishra1,21
199498,Article,pankajdoval,digbijaymishra1,42
199635,Article,pankajdoval,pankajdoval,1
199455,Article,pankajdoval,pankajdoval,1
199610,Article,pankajdoval,pankajdoval,1
199430,Article,pankajdoval,007pandey,145
199462,Article,pankajdoval,pankajdoval,1
199460,Article,pankajdoval,pankajdoval,1
199469,Article,pankajdoval,ramendrasTOI,14
199628,Article,pankajdoval,KapildaveTOI,23
199558,Article,pankajdoval,parthasinha,10
199518,Article,pankajdoval,HemantaTOI,79
199395,Article,pankajdoval,pankajdoval,1
199723,Tweet,pankajdoval,pankajdoval,1
199669,Tweet,pankajdoval,MoharBasu,6
199681,Tweet,pankajdoval,shafaquealamTOI,2
199677,Tweet,pankajdoval,PjJoychen,73
199694,Tweet,pankajdoval,priyangiTOI,9
199718,Tweet,pankajdoval,vanbadham,292
199690,Tweet,pankajdoval,somitsenTOI,116
199727,Tweet,pankajdoval,har_mandeep,10
199715,Tweet,pankajdoval,Chethan_Dash,5
199683,Tweet,pankajdoval,SagrikaKissu,6
199714,Tweet,pankajdoval,ramendrasTOI,3
199644,Tweet,pankajdoval,pankajdoval,1
199680,Tweet,pankajdoval,binays1960,3
199700,Tweet,pankajdoval,kush_junglee,129
199706,Tweet,pankajdoval,samsifton,89
101938,Article,msrachelcooke,gabyhinsliff,2
102117,Article,msrachelcooke,billywitz,279
101939,Article,msrachelcooke,FelicityCloake,124
101969,Article,msrachelcooke,FelicityCloake,7
101920,Article,msrachelcooke,thestephmerritt,5
101886,Article,msrachelcooke,oliverburkeman,16
101944,Article,msrachelcooke,bylizrobbins,267
101916,Article,msrachelcooke,VivianHo,34
101917,Article,msrachelcooke,jimwaterson,149
101905,Article,msrachelcooke,kenanmalik,31
101915,Article,msrachelcooke,ukigoni,46
101947,Article,msrachelcooke,elizabday,68
102111,Article,msrachelcooke,vanbadham,71
102077,Article,msrachelcooke,garyyounge,287
101995,Article,msrachelcooke,emmabrockes,2
102467,Tweet,msrachelcooke,binays1960,85
102653,Tweet,msrachelcooke,laurenlaverne,9
102248,Tweet,msrachelcooke,PhanindraP_TNIE,437
102601,Tweet,msrachelcooke,nicholaswatt,30
102199,Tweet,msrachelcooke,salihughes,93
102606,Tweet,msrachelcooke,jimwaterson,78
102661,Tweet,msrachelcooke,RosySequeiraTOI,260
102333,Tweet,msrachelcooke,EricaLG,6
102236,Tweet,msrachelcooke,DeccaJourno,108
102605,Tweet,msrachelcooke,davidhepworth,94
102679,Tweet,msrachelcooke,greenslader,7
102488,Tweet,msrachelcooke,arusbridger,31
102466,Tweet,msrachelcooke,EricaLG,4
102680,Tweet,msrachelcooke,benkenigsberg,439
102419,Tweet,msrachelcooke,AlysFowler,12
24068,Article,viasimonromero,julianbarnes,343
24099,Article,viasimonromero,kbennhold,10
24081,Article,viasimonromero,Mahafreed_Irani,317
24007,Article,viasimonromero,samsifton,87
24045,Article,viasimonromero,NikiKitsantonis,5
24071,Article,viasimonromero,RBReich,155
24016,Article,viasimonromero,thrasherxy,36
24012,Article,viasimonromero,RorySmith,45
24053,Article,viasimonromero,thestephmerritt,31
24010,Article,viasimonromero,jwpetersNYT,117
24031,Article,viasimonromero,ericschmittnyt,3
24024,Article,viasimonromero,NYTimesCohen,165
24040,Article,viasimonromero,vvfriedman,84
24011,Article,viasimonromero,nytmike,34
24054,Article,viasimonromero,DSlotnik,234
24152,Tweet,viasimonromero,RaphaelMinder,48
24147,Tweet,viasimonromero,PNaveenTOI,18
24171,Tweet,viasimonromero,SocialQPhilip,136
24139,Tweet,viasimonromero,FrankBruni,42
24173,Tweet,viasimonromero,LFFriedman,62
24142,Tweet,viasimonromero,Crime_Selvaraj,310
24129,Tweet,viasimonromero,ManjuVTOI,388
24140,Tweet,viasimonromero,KTVinobhaTOI,83
24144,Tweet,viasimonromero,marywalshjourno,46
24123,Tweet,viasimonromero,michaelcrowley,91
24128,Tweet,viasimonromero,marywalshjourno,7
24104,Tweet,viasimonromero,GRajivTOI,278
24194,Tweet,viasimonromero,SangerNYT,55
24137,Tweet,viasimonromero,marywalshjourno,162
24125,Tweet,viasimonromero,kbennhold,53
203447,Article,priyagupta999,meeravohraTOI,2
203439,Article,priyagupta999,rashmidTOI,3
203558,Article,priyagupta999,debaratisen,2
203340,Article,priyagupta999,priyagupta999,1
203323,Article,priyagupta999,MoharBasu,2
203459,Article,priyagupta999,priyagupta999,1
203332,Article,priyagupta999,priyagupta999,1
203424,Article,priyagupta999,hadleyfreeman,298
203451,Article,priyagupta999,priyagupta999,1
203460,Article,priyagupta999,aleksk,19
203550,Article,priyagupta999,sendvictorious,298
203434,Article,priyagupta999,priyagupta999,1
203519,Article,priyagupta999,aseemsgujar,30
203376,Article,priyagupta999,priyagupta999,1
203402,Article,priyagupta999,priyagupta999,1
203597,Tweet,priyagupta999,priyagupta999,1
203662,Tweet,priyagupta999,MoharBasu,5
203592,Tweet,priyagupta999,MoharBasu,3
203588,Tweet,priyagupta999,petleepeter,180
203641,Tweet,priyagupta999,priyagupta999,1
203601,Tweet,priyagupta999,AraniBasuTOI,47
203582,Tweet,priyagupta999,desaisantosh,53
203628,Tweet,priyagupta999,priyagupta999,1
203638,Tweet,priyagupta999,smita_mishra,157
203602,Tweet,priyagupta999,TristramHuntVA,13
203599,Tweet,priyagupta999,samsifton,18
203649,Tweet,priyagupta999,Gauraw2297,2
203640,Tweet,priyagupta999,KTVinobhaTOI,2
203650,Tweet,priyagupta999,Gauraw2297,2
203595,Tweet,priyagupta999,Gauraw2297,2
27441,Article,marywalshjourno,pete_wells,58
27405,Article,marywalshjourno,jmart,54
27492,Article,marywalshjourno,tarasbernard,3
27429,Article,marywalshjourno,FrancesRobles,2
27472,Article,marywalshjourno,gmorgenson,6
27437,Article,marywalshjourno,PatriciaMazzei,16
27488,Article,marywalshjourno,marywalshjourno,1
27434,Article,marywalshjourno,marywalshjourno,1
27406,Article,marywalshjourno,marywalshjourno,1
27435,Article,marywalshjourno,mtomasky,19
27432,Article,marywalshjourno,marywalshjourno,1
27498,Article,marywalshjourno,jameskanter,17
27418,Article,marywalshjourno,margaretrenkl,51
27457,Article,marywalshjourno,marywalshjourno,1
27459,Article,marywalshjourno,jimtankersley,3
27527,Tweet,marywalshjourno,jeannasmialek,6
27546,Tweet,marywalshjourno,AlysFowler,147
27515,Tweet,marywalshjourno,RosySequeiraTOI,6
27501,Tweet,marywalshjourno,jmart,2
27574,Tweet,marywalshjourno,marywalshjourno,1
27522,Tweet,marywalshjourno,margaretrenkl,186
27508,Tweet,marywalshjourno,samrob12,81
27580,Tweet,marywalshjourno,mtomasky,16
27523,Tweet,marywalshjourno,andrewrsorkin,16
27503,Tweet,marywalshjourno,marywalshjourno,1
27521,Tweet,marywalshjourno,bencasselman,3
27549,Tweet,marywalshjourno,andrewrsorkin,12
27568,Tweet,marywalshjourno,tarasbernard,35
27577,Tweet,marywalshjourno,RosySequeiraTOI,8
27526,Tweet,marywalshjourno,tarasbernard,16
183396,Article,durgeshjhaTOI,durgeshjhaTOI,1
183449,Article,durgeshjhaTOI,KapildaveTOI,2
183384,Article,durgeshjhaTOI,maheshbTOI,7
183390,Article,durgeshjhaTOI,AnujaJaiswalTOI,4
183564,Article,durgeshjhaTOI,ManjuVTOI,74
183421,Article,durgeshjhaTOI,durgeshjhaTOI,1
183400,Article,durgeshjhaTOI,PjJoychen,2
183377,Article,durgeshjhaTOI,sushmi_dey,2
183519,Article,durgeshjhaTOI,durgeshjhaTOI,1
183472,Article,durgeshjhaTOI,steve_hewlett,61
183496,Article,durgeshjhaTOI,samrob12,8
183493,Article,durgeshjhaTOI,alexbellos,5
183526,Article,durgeshjhaTOI,durgeshjhaTOI,1
183572,Article,durgeshjhaTOI,NishikantkTOI,3
183402,Article,durgeshjhaTOI,sandhyanairTOI,3
183614,Tweet,durgeshjhaTOI,AnujaJaiswalTOI,2
183670,Tweet,durgeshjhaTOI,PNaveenTOI,76
183646,Tweet,durgeshjhaTOI,SindhukTOI,16
183581,Tweet,durgeshjhaTOI,RachelDonadio,81
183588,Tweet,durgeshjhaTOI,niyatiparikhTOI,136
183641,Tweet,durgeshjhaTOI,sermoninstone,2
183598,Tweet,durgeshjhaTOI,vijaysinghTOI,24
183656,Tweet,durgeshjhaTOI,ChaitanyadTOI,2
183610,Tweet,durgeshjhaTOI,yusrahusain,5
183635,Tweet,durgeshjhaTOI,KapildaveTOI,228
183668,Tweet,durgeshjhaTOI,toi_ManujaV,78
183589,Tweet,durgeshjhaTOI,durgeshjhaTOI,1
183621,Tweet,durgeshjhaTOI,GRajivTOI,58
183580,Tweet,durgeshjhaTOI,durgeshjhaTOI,1
183609,Tweet,durgeshjhaTOI,niyatiparikhTOI,100
1074,Article,andrewrsorkin,andrewrsorkin,1
1067,Article,andrewrsorkin,andrewrsorkin,1
1054,Article,andrewrsorkin,andrewrsorkin,1
1078,Article,andrewrsorkin,andrewrsorkin,1
1079,Article,andrewrsorkin,nytdavidbrooks,5
1091,Article,andrewrsorkin,andrewrsorkin,1
1004,Article,andrewrsorkin,samrob12,32
1023,Article,andrewrsorkin,andrewrsorkin,1
1077,Article,andrewrsorkin,Bencjacobs,2
1016,Article,andrewrsorkin,billmpennington,4
1032,Article,andrewrsorkin,jeannasmialek,52
1096,Article,andrewrsorkin,paulkrugman,3
1093,Article,andrewrsorkin,niyatiparikhTOI,57
1089,Article,andrewrsorkin,jimwaterson,6
1076,Article,andrewrsorkin,andrewrsorkin,1
1123,Tweet,andrewrsorkin,juliemTOI,12
1181,Tweet,andrewrsorkin,paulkrugman,3
1169,Tweet,andrewrsorkin,bencasselman,7
1109,Tweet,andrewrsorkin,williamkeegan,203
1113,Tweet,andrewrsorkin,PerriKlass,35
1173,Tweet,andrewrsorkin,melissaclark,143
1107,Tweet,andrewrsorkin,PerriKlass,74
1124,Tweet,andrewrsorkin,ggreenwald,29
1165,Tweet,andrewrsorkin,marywalshjourno,39
1126,Tweet,andrewrsorkin,andrewrsorkin,1
1102,Tweet,andrewrsorkin,RBReich,6
1179,Tweet,andrewrsorkin,wesley_morris,50
1155,Tweet,andrewrsorkin,nytdavidbrooks,5
1148,Tweet,andrewrsorkin,paulkrugman,2
1188,Tweet,andrewrsorkin,ESCochrane,45
9430,Article,jeannasmialek,jeannasmialek,1
9455,Article,jeannasmialek,jeannasmialek,1
9458,Article,jeannasmialek,har_mandeep,5
9449,Article,jeannasmialek,jeannasmialek,1
9439,Article,jeannasmialek,jeannasmialek,1
9442,Article,jeannasmialek,ESCochrane,2
9478,Article,jeannasmialek,ShaneGoldmacher,4
9446,Article,jeannasmialek,jeannasmialek,1
9445,Article,jeannasmialek,nytdavidbrooks,5
9425,Article,jeannasmialek,paulkrugman,6
9415,Article,jeannasmialek,FlitterOnFraud,3
9499,Article,jeannasmialek,jimtankersley,3
9447,Article,jeannasmialek,jeannasmialek,1
9428,Article,jeannasmialek,jeannasmialek,1
9420,Article,jeannasmialek,jeannasmialek,1
9503,Tweet,jeannasmialek,FlitterOnFraud,3
9501,Tweet,jeannasmialek,paulkrugman,2
9580,Tweet,jeannasmialek,jeannasmialek,1
9523,Tweet,jeannasmialek,JessicaValenti,119
9590,Tweet,jeannasmialek,paulkrugman,3
9519,Tweet,jeannasmialek,jeannasmialek,1
9534,Tweet,jeannasmialek,jeannasmialek,1
9564,Tweet,jeannasmialek,paulkrugman,2
9516,Tweet,jeannasmialek,Bencjacobs,2
9507,Tweet,jeannasmialek,bencasselman,4
9548,Tweet,jeannasmialek,jeannasmialek,1
9554,Tweet,jeannasmialek,el_belson,2
9517,Tweet,jeannasmialek,paulkrugman,2
9574,Tweet,jeannasmialek,jeannasmialek,1
9581,Tweet,jeannasmialek,jeannasmialek,1
190665,Article,lisamonteiroTOI,KapildaveTOI,7
190854,Article,lisamonteiroTOI,DanielKingChess,21
190850,Article,lisamonteiroTOI,007pandey,64
190819,Article,lisamonteiroTOI,sandhyanairTOI,9
190789,Article,lisamonteiroTOI,richapintoi,102
190903,Article,lisamonteiroTOI,IKershner,82
190668,Article,lisamonteiroTOI,Crime_Selvaraj,49
190886,Article,lisamonteiroTOI,lukebroadwater,125
190727,Article,lisamonteiroTOI,ajaysuraTOI,4
190751,Article,lisamonteiroTOI,abantika77,58
190744,Article,lisamonteiroTOI,rajendrasTOI,107
190728,Article,lisamonteiroTOI,amitanandTOI,6
190813,Article,lisamonteiroTOI,utejonmayamTOI,86
190713,Article,lisamonteiroTOI,ChaithanyaSwamy,132
190839,Article,lisamonteiroTOI,amitanandTOI,34
190996,Tweet,lisamonteiroTOI,amitanandTOI,2
191000,Tweet,lisamonteiroTOI,amitanandTOI,4
190913,Tweet,lisamonteiroTOI,SumitraDebRoy,10
190993,Tweet,lisamonteiroTOI,RoniNYTimes,53
190968,Tweet,lisamonteiroTOI,murarishetye,6
190948,Tweet,lisamonteiroTOI,sandhyanairTOI,41
190950,Tweet,lisamonteiroTOI,sangerkatz,6
190952,Tweet,lisamonteiroTOI,PrashantrTOI,3
190915,Tweet,lisamonteiroTOI,AlokKNMishra,31
190923,Tweet,lisamonteiroTOI,RosySequeiraTOI,18
190991,Tweet,lisamonteiroTOI,SwatiMathurTOI,19
190985,Tweet,lisamonteiroTOI,rebeccaSTOI,26
190989,Tweet,lisamonteiroTOI,lisamonteiroTOI,1
190964,Tweet,lisamonteiroTOI,BhanupratapsTOI,8
190995,Tweet,lisamonteiroTOI,lisamonteiroTOI,1
21290,Article,gailcollins,pete_wells,11
21254,Article,gailcollins,pete_wells,4
21219,Article,gailcollins,tripgabriel,8
21261,Article,gailcollins,NYTimesCohen,35
21224,Article,gailcollins,NYTimesCohen,14
21220,Article,gailcollins,gailcollins,1
21256,Article,gailcollins,NYTimesCohen,23
21273,Article,gailcollins,mtomasky,20
21233,Article,gailcollins,gailcollins,1
21296,Article,gailcollins,NYTimesCohen,22
21201,Article,gailcollins,mtomasky,9
21260,Article,gailcollins,RBReich,27
21281,Article,gailcollins,gailcollins,1
21214,Article,gailcollins,gailcollins,1
21229,Article,gailcollins,NYTimesCohen,2
21326,Tweet,gailcollins,SocialQPhilip,57
21347,Tweet,gailcollins,gailcollins,1
21357,Tweet,gailcollins,ESCochrane,26
21301,Tweet,gailcollins,ginakolata,2
21354,Tweet,gailcollins,LFFriedman,10
21348,Tweet,gailcollins,alexanderburns,12
21376,Tweet,gailcollins,tomfriedman,84
21300,Tweet,gailcollins,sandhyanairTOI,15
21356,Tweet,gailcollins,KTVinobhaTOI,24
21374,Tweet,gailcollins,stevenerlanger,7
21349,Tweet,gailcollins,ginakolata,3
21399,Tweet,gailcollins,DanielKingChess,211
21332,Tweet,gailcollins,GlennThrush,38
21387,Tweet,gailcollins,ShaneGoldmacher,61
21380,Tweet,gailcollins,DouthatNYT,44
175538,Article,AshokPradhanTOI,toi_dhananjayM,20
175601,Article,AshokPradhanTOI,akhileshsTOI,8
175598,Article,AshokPradhanTOI,yeshikabudhwar,28
175385,Article,AshokPradhanTOI,KapildaveTOI,13
175401,Article,AshokPradhanTOI,AshokPradhanTOI,1
175599,Article,AshokPradhanTOI,akhileshsTOI,12
175560,Article,AshokPradhanTOI,jeannasmialek,16
175460,Article,AshokPradhanTOI,AshokPradhanTOI,1
175499,Article,AshokPradhanTOI,PjJoychen,333
175594,Article,AshokPradhanTOI,john_hooper,3
175429,Article,AshokPradhanTOI,AshokPradhanTOI,1
175503,Article,AshokPradhanTOI,AshokPradhanTOI,1
175484,Article,AshokPradhanTOI,007pandey,4
175584,Article,AshokPradhanTOI,AshokPradhanTOI,1
175405,Article,AshokPradhanTOI,smita_mishra,240
175690,Tweet,AshokPradhanTOI,Gauraw2297,269
175716,Tweet,AshokPradhanTOI,KTVinobhaTOI,16
175661,Tweet,AshokPradhanTOI,AshokPradhanTOI,1
175664,Tweet,AshokPradhanTOI,pete_wells,51
175701,Tweet,AshokPradhanTOI,HemantaTOI,2
175633,Tweet,AshokPradhanTOI,AditiZero,179
175628,Tweet,AshokPradhanTOI,AshokPradhanTOI,1
175657,Tweet,AshokPradhanTOI,HemantaTOI,2
175659,Tweet,AshokPradhanTOI,KapildaveTOI,5
175707,Tweet,AshokPradhanTOI,abantika77,2
175687,Tweet,AshokPradhanTOI,Banjotkaur,81
175627,Tweet,AshokPradhanTOI,KapildaveTOI,52
175666,Tweet,AshokPradhanTOI,HemantaTOI,6
175672,Tweet,AshokPradhanTOI,ChaitanyadTOI,30
175709,Tweet,AshokPradhanTOI,ShaneGoldmacher,2
193012,Article,mateenHTOI,mateenHTOI,1
192963,Article,mateenHTOI,RosySequeiraTOI,2
193158,Article,mateenHTOI,NishikantkTOI,6
192961,Article,mateenHTOI,vijayVsinghTOI,4
193137,Article,mateenHTOI,nytdavidbrooks,3
192994,Article,mateenHTOI,NishikantkTOI,10
193186,Article,mateenHTOI,PjJoychen,7
192959,Article,mateenHTOI,Crime_Selvaraj,2
193174,Article,mateenHTOI,mateenHTOI,1
192960,Article,mateenHTOI,mateenHTOI,1
193140,Article,mateenHTOI,Crime_Selvaraj,8
193191,Article,mateenHTOI,vijayVsinghTOI,2
192977,Article,mateenHTOI,AnujaJaiswalTOI,69
193064,Article,mateenHTOI,mateenHTOI,1
192998,Article,mateenHTOI,NishikantkTOI,4
193288,Tweet,mateenHTOI,mateenHTOI,1
193221,Tweet,mateenHTOI,mateenHTOI,1
193271,Tweet,mateenHTOI,TOISH31,35
193262,Tweet,mateenHTOI,vijayVsinghTOI,17
193231,Tweet,mateenHTOI,RosySequeiraTOI,164
193207,Tweet,mateenHTOI,vijayVsinghTOI,8
193220,Tweet,mateenHTOI,mateenHTOI,1
193285,Tweet,mateenHTOI,AlokKNMishra,10
193241,Tweet,mateenHTOI,PNaveenTOI,3
193293,Tweet,mateenHTOI,mateenHTOI,1
193246,Tweet,mateenHTOI,PrashantrTOI,5
193203,Tweet,mateenHTOI,mateenHTOI,1
193224,Tweet,mateenHTOI,mateenHTOI,1
193266,Tweet,mateenHTOI,niyatiparikhTOI,3
193268,Tweet,mateenHTOI,SwatiMathurTOI,3
11675,Article,kylebuchanan,paulkrugman,8
11669,Article,kylebuchanan,JessicaValenti,7
11628,Article,kylebuchanan,IKershner,119
11647,Article,kylebuchanan,MichaelPaulson,11
11606,Article,kylebuchanan,kylebuchanan,1
11601,Article,kylebuchanan,kylebuchanan,1
11644,Article,kylebuchanan,jhoffman,15
11629,Article,kylebuchanan,DerekMalcolm123,128
11685,Article,kylebuchanan,RBReich,10
11688,Article,kylebuchanan,PerriKlass,54
11617,Article,kylebuchanan,peterbradshaw1,15
11600,Article,kylebuchanan,margaretrenkl,23
11632,Article,kylebuchanan,kylebuchanan,1
11638,Article,kylebuchanan,NYTBen,7
11666,Article,kylebuchanan,desaisantosh,377
11760,Tweet,kylebuchanan,hillhulse,8
11750,Tweet,kylebuchanan,RorySmith,8
11700,Tweet,kylebuchanan,kylebuchanan,1
11703,Tweet,kylebuchanan,peterbradshaw1,5
11779,Tweet,kylebuchanan,EVincentelli,4
11783,Tweet,kylebuchanan,DerekMalcolm123,38
11793,Tweet,kylebuchanan,SocialQPhilip,17
11782,Tweet,kylebuchanan,brooksbarnesNYT,4
11770,Tweet,kylebuchanan,GioRussonello,39
11714,Tweet,kylebuchanan,DerekMalcolm123,14
11768,Tweet,kylebuchanan,PatrickKingsley,46
11749,Tweet,kylebuchanan,mateenHTOI,202
11745,Tweet,kylebuchanan,DerekMalcolm123,43
11737,Tweet,kylebuchanan,yeshikabudhwar,25
11763,Tweet,kylebuchanan,vanbadham,6
222698,Article,yusrahusain,MohitaTOI,95
222671,Article,yusrahusain,rajendrasTOI,84
222480,Article,yusrahusain,rajendrasTOI,42
222641,Article,yusrahusain,rajendrasTOI,109
222509,Article,yusrahusain,KapildaveTOI,102
222652,Article,yusrahusain,AnujaJaiswalTOI,8
222644,Article,yusrahusain,jatinder_tur,101
222574,Article,yusrahusain,toi_dhananjayM,78
222531,Article,yusrahusain,rajendrasTOI,39
222543,Article,yusrahusain,HinaRohtaki,128
222690,Article,yusrahusain,toi_rohanA,222
222514,Article,yusrahusain,samrob12,57
222561,Article,yusrahusain,jeannasmialek,115
222482,Article,yusrahusain,durgeshjhaTOI,59
222679,Article,yusrahusain,yusrahusain,1
222816,Tweet,yusrahusain,antontroian,35
222797,Tweet,yusrahusain,AlokKNMishra,47
222724,Tweet,yusrahusain,lenoretaylor,116
222746,Tweet,yusrahusain,kush_junglee,71
222723,Tweet,yusrahusain,SangerNYT,49
222731,Tweet,yusrahusain,LauraCummingArt,153
222742,Tweet,yusrahusain,billicritic,59
222785,Tweet,yusrahusain,pankajdoval,44
222750,Tweet,yusrahusain,lukeharding1968,378
222795,Tweet,yusrahusain,sarfrazmanzoor,36
222781,Tweet,yusrahusain,digbijaymishra1,140
222769,Tweet,yusrahusain,peterbakernyt,337
222749,Tweet,yusrahusain,EricaLG,129
222734,Tweet,yusrahusain,SwatiShindeTOI,95
222748,Tweet,yusrahusain,Mahafreed_Irani,113
198380,Article,niyatiparikhTOI,GovindKMaadTOI,159
198576,Article,niyatiparikhTOI,AshokPradhanTOI,5
198561,Article,niyatiparikhTOI,KapildaveTOI,9
198567,Article,niyatiparikhTOI,shafaquealamTOI,62
198533,Article,niyatiparikhTOI,PjJoychen,10
198557,Article,niyatiparikhTOI,ManjuVTOI,34
198466,Article,niyatiparikhTOI,KapildaveTOI,4
198581,Article,niyatiparikhTOI,KapildaveTOI,2
198431,Article,niyatiparikhTOI,PhanindraP_TNIE,42
198398,Article,niyatiparikhTOI,PjJoychen,17
198503,Article,niyatiparikhTOI,ipsinghTOI,181
198448,Article,niyatiparikhTOI,pankajdoval,7
198542,Article,niyatiparikhTOI,jeannasmialek,8
198427,Article,niyatiparikhTOI,richapintoi,154
198442,Article,niyatiparikhTOI,AshokPradhanTOI,15
198606,Tweet,niyatiparikhTOI,SindhukTOI,52
198621,Tweet,niyatiparikhTOI,KSchulten,170
198638,Tweet,niyatiparikhTOI,niyatiparikhTOI,1
198640,Tweet,niyatiparikhTOI,rajendrasTOI,4
198609,Tweet,niyatiparikhTOI,PjJoychen,3
198653,Tweet,niyatiparikhTOI,AnaSwanson,2
198689,Tweet,niyatiparikhTOI,niyatiparikhTOI,1
198599,Tweet,niyatiparikhTOI,PrashantrTOI,2
198687,Tweet,niyatiparikhTOI,niyatiparikhTOI,1
198612,Tweet,niyatiparikhTOI,neelam_raaj,218
198626,Tweet,niyatiparikhTOI,PrashantrTOI,2
198688,Tweet,niyatiparikhTOI,KomalGautham,45
198694,Tweet,niyatiparikhTOI,niyatiparikhTOI,1
198686,Tweet,niyatiparikhTOI,niyatiparikhTOI,1
198675,Tweet,niyatiparikhTOI,niyatiparikhTOI,1
172775,Article,aniljdias,AraniBasuTOI,3
172908,Article,aniljdias,saumyajitbTOI,2
172966,Article,aniljdias,adwaidh,2
172904,Article,aniljdias,seaningle,47
172822,Article,aniljdias,aditya_bh16,73
172784,Article,aniljdias,aniljdias,1
172834,Article,aniljdias,aniljdias,1
172848,Article,aniljdias,sudeshnagTOI,3
172806,Article,aniljdias,debaratisen,8
172811,Article,aniljdias,aniljdias,1
172943,Article,aniljdias,parthasinha,2
172873,Article,aniljdias,durgeshjhaTOI,16
172790,Article,aniljdias,aniljdias,1
172907,Article,aniljdias,Pratiks_TOI,7
172781,Article,aniljdias,Pratiks_TOI,9
173032,Tweet,aniljdias,bglendenning,117
173083,Tweet,aniljdias,VivianHo,426
173033,Tweet,aniljdias,vivek9301,2
173055,Tweet,aniljdias,pradeeptTOI,38
173052,Tweet,aniljdias,DerekMalcolm123,5
173071,Tweet,aniljdias,aniljdias,1
173054,Tweet,aniljdias,sudeshnagTOI,23
173103,Tweet,aniljdias,RorySmith,10
173086,Tweet,aniljdias,advityabahlTOI,37
173050,Tweet,aniljdias,AraniBasuTOI,5
173027,Tweet,aniljdias,SribaalaVTOI,21
173093,Tweet,aniljdias,RosySequeiraTOI,362
173099,Tweet,aniljdias,aniljdias,1
173076,Tweet,aniljdias,sudeshnagTOI,5
173078,Tweet,aniljdias,Lattif,364
11087,Article,kbennhold,RaphaelMinder,3
11077,Article,kbennhold,FrancesRobles,65
11083,Article,kbennhold,RorySmith,3
11030,Article,kbennhold,gettleman,26
11034,Article,kbennhold,kbennhold,1
11046,Article,kbennhold,kbennhold,1
11071,Article,kbennhold,samrob12,11
11036,Article,kbennhold,kbennhold,1
11021,Article,kbennhold,vijayVsinghTOI,51
11073,Article,kbennhold,michaelcrowley,10
11000,Article,kbennhold,tripgabriel,29
11096,Article,kbennhold,NYTimesCohen,14
11010,Article,kbennhold,dwightgarner,3
11022,Article,kbennhold,arusbridger,10
11016,Article,kbennhold,meddynyt,2
11177,Tweet,kbennhold,DouthatNYT,5
11166,Tweet,kbennhold,FrankBruni,26
11181,Tweet,kbennhold,kylebuchanan,2
11131,Tweet,kbennhold,maheshbTOI,173
11178,Tweet,kbennhold,nnougayrede,5
11193,Tweet,kbennhold,MaggieAstor,22
11180,Tweet,kbennhold,bylizrobbins,29
11141,Tweet,kbennhold,DouthatNYT,18
11163,Tweet,kbennhold,kbennhold,1
11197,Tweet,kbennhold,tomfriedman,3
11156,Tweet,kbennhold,gailcollins,5
11187,Tweet,kbennhold,michelleinbklyn,97
11176,Tweet,kbennhold,philipoltermann,2
11160,Tweet,kbennhold,kbennhold,1
11157,Tweet,kbennhold,ggreenwald,3
44764,Article,lindasgrant,ewenmacaskill,83
44778,Article,lindasgrant,hadleyfreeman,76
44834,Article,lindasgrant,VivianHo,84
44813,Article,lindasgrant,JohnJCrace,20
44721,Article,lindasgrant,lindasgrant,1
44791,Article,lindasgrant,sunny_hundal,54
44819,Article,lindasgrant,JohnJCrace,49
44814,Article,lindasgrant,mswainwright,105
44807,Article,lindasgrant,shattenstone,13
44763,Article,lindasgrant,sarahditum,148
44733,Article,lindasgrant,nicklezard,57
44858,Article,lindasgrant,AndrewSparrow,67
44867,Article,lindasgrant,mtomasky,104
44855,Article,lindasgrant,WilbyPeter,22
44820,Article,lindasgrant,davidhepworth,22
44933,Tweet,lindasgrant,andrew_mueller,20
45464,Tweet,lindasgrant,alanconnor,93
44883,Tweet,lindasgrant,npfandos,240
45097,Tweet,lindasgrant,TanyaGold1,19
45460,Tweet,lindasgrant,sendvictorious,47
45219,Tweet,lindasgrant,sendvictorious,40
44963,Tweet,lindasgrant,TristramHuntVA,72
44966,Tweet,lindasgrant,andrew_mueller,51
45028,Tweet,lindasgrant,billicritic,24
45154,Tweet,lindasgrant,IKershner,70
45351,Tweet,lindasgrant,peterbakernyt,287
44959,Tweet,lindasgrant,emilybell,54
44960,Tweet,lindasgrant,timlottwriter,33
45005,Tweet,lindasgrant,andrew_mueller,19
45116,Tweet,lindasgrant,ukigoni,56
219022,Article,utejonmayamTOI,utejonmayamTOI,1
219101,Article,utejonmayamTOI,MohitaTOI,27
219078,Article,utejonmayamTOI,dkarthikTOI,2
219209,Article,utejonmayamTOI,tomdyckhoff,99
219196,Article,utejonmayamTOI,utejonmayamTOI,1
219048,Article,utejonmayamTOI,bylizrobbins,413
219242,Article,utejonmayamTOI,Arun_Ram,7
219182,Article,utejonmayamTOI,utejonmayamTOI,1
219217,Article,utejonmayamTOI,utejonmayamTOI,1
219161,Article,utejonmayamTOI,nandinisgTOI,13
219067,Article,utejonmayamTOI,Chethan_Dash,8
219056,Article,utejonmayamTOI,NilsPratley,278
219149,Article,utejonmayamTOI,ggreenwald,113
219042,Article,utejonmayamTOI,priyangiTOI,73
219248,Article,utejonmayamTOI,john_hooper,48
219312,Tweet,utejonmayamTOI,timatkin,31
219291,Tweet,utejonmayamTOI,Crime_Selvaraj,3
219313,Tweet,utejonmayamTOI,DanielKingChess,11
219329,Tweet,utejonmayamTOI,SindhukTOI,3
219362,Tweet,utejonmayamTOI,toi_dhananjayM,72
219302,Tweet,utejonmayamTOI,priyangiTOI,16
219275,Tweet,utejonmayamTOI,kush_junglee,7
219346,Tweet,utejonmayamTOI,SribaalaVTOI,13
219307,Tweet,utejonmayamTOI,PjJoychen,7
219303,Tweet,utejonmayamTOI,mateenHTOI,72
219294,Tweet,utejonmayamTOI,ChaitanyadTOI,79
219311,Tweet,utejonmayamTOI,GovindKMaadTOI,2
219361,Tweet,utejonmayamTOI,ChaitanyadTOI,55
219290,Tweet,utejonmayamTOI,priyangiTOI,44
219360,Tweet,utejonmayamTOI,AlokKNMishra,77
170737,Article,AjayUgrasTOI,digbijaymishra1,60
170884,Article,AjayUgrasTOI,vijaypTOI,3
170758,Article,AjayUgrasTOI,vijaypTOI,6
170856,Article,AjayUgrasTOI,kush_junglee,39
170832,Article,AjayUgrasTOI,rashmidTOI,4
170878,Article,AjayUgrasTOI,vijaypTOI,2
170937,Article,AjayUgrasTOI,AshokPradhanTOI,8
170721,Article,AjayUgrasTOI,KomalGautham,6
170778,Article,AjayUgrasTOI,BhanupratapsTOI,3
170871,Article,AjayUgrasTOI,AjayUgrasTOI,1
170804,Article,AjayUgrasTOI,vijayVsinghTOI,41
170874,Article,AjayUgrasTOI,vijaypTOI,23
170841,Article,AjayUgrasTOI,dubeyavishek,128
170915,Article,AjayUgrasTOI,richapintoi,97
170820,Article,AjayUgrasTOI,SidharthB25,64
171012,Tweet,AjayUgrasTOI,steve_hewlett,148
171028,Tweet,AjayUgrasTOI,dklavaniaTOI,84
171030,Tweet,AjayUgrasTOI,binays1960,12
171018,Tweet,AjayUgrasTOI,antontroian,58
170957,Tweet,AjayUgrasTOI,PNaveenTOI,50
170959,Tweet,AjayUgrasTOI,priyangiTOI,17
171020,Tweet,AjayUgrasTOI,samsifton,285
170978,Tweet,AjayUgrasTOI,ManjuVTOI,28
170992,Tweet,AjayUgrasTOI,kush_junglee,22
170962,Tweet,AjayUgrasTOI,GRajivTOI,32
170953,Tweet,AjayUgrasTOI,dubeyavishek,7
171029,Tweet,AjayUgrasTOI,LizAldermanNYT,156
170981,Tweet,AjayUgrasTOI,kush_junglee,47
170989,Tweet,AjayUgrasTOI,BhanupratapsTOI,71
170995,Tweet,AjayUgrasTOI,AndrewSparrow,91
68130,Article,DeccaJourno,billicritic,176
68116,Article,DeccaJourno,paulmasonnews,171
68221,Article,DeccaJourno,sio_burke,43
68091,Article,DeccaJourno,LucyMangan,18
68250,Article,DeccaJourno,alanconnor,239
68096,Article,DeccaJourno,ggreenwald,152
68257,Article,DeccaJourno,lyngardner,32
68049,Article,DeccaJourno,andrewrawnsley,30
68044,Article,DeccaJourno,jillfilipovic,129
68146,Article,DeccaJourno,hadleyfreeman,24
68225,Article,DeccaJourno,aleksk,10
68213,Article,DeccaJourno,msmirandasawyer,26
68066,Article,DeccaJourno,JohnJCrace,66
68145,Article,DeccaJourno,LucyMangan,34
68185,Article,DeccaJourno,AndrewSparrow,140
68362,Tweet,DeccaJourno,DeccaJourno,1
68435,Tweet,DeccaJourno,williamkeegan,132
68322,Tweet,DeccaJourno,DeccaJourno,1
68514,Tweet,DeccaJourno,saumyajitbTOI,74
68323,Tweet,DeccaJourno,bglendenning,212
68438,Tweet,DeccaJourno,salihughes,187
68353,Tweet,DeccaJourno,davidhepworth,79
68388,Tweet,DeccaJourno,charlie_savage,422
68321,Tweet,DeccaJourno,stevenpoole,311
68345,Tweet,DeccaJourno,AlysFowler,175
68519,Tweet,DeccaJourno,jennydeluxe,38
68307,Tweet,DeccaJourno,elizabday,3
68512,Tweet,DeccaJourno,DeccaJourno,1
68413,Tweet,DeccaJourno,DeccaJourno,1
68461,Tweet,DeccaJourno,andrewrawnsley,372
196168,Article,nandinisgTOI,007pandey,114
196211,Article,nandinisgTOI,ramarkosg,2
196162,Article,nandinisgTOI,digbijaymishra1,19
196176,Article,nandinisgTOI,utejonmayamTOI,14
196137,Article,nandinisgTOI,ramarkosg,7
196117,Article,nandinisgTOI,rajatpTOI,58
196075,Article,nandinisgTOI,007pandey,17
196071,Article,nandinisgTOI,nandinisgTOI,1
196126,Article,nandinisgTOI,SunilSubaiah,6
196213,Article,nandinisgTOI,pankajdoval,7
196028,Article,nandinisgTOI,HemantaTOI,117
196155,Article,nandinisgTOI,007pandey,15
196171,Article,nandinisgTOI,nandinisgTOI,1
196205,Article,nandinisgTOI,digbijaymishra1,2
196091,Article,nandinisgTOI,ramarkosg,2
196282,Tweet,nandinisgTOI,ThevarSteffy,95
196377,Tweet,nandinisgTOI,PatrickKingsley,88
196353,Tweet,nandinisgTOI,aniljdias,28
196371,Tweet,nandinisgTOI,vivek9301,27
196324,Tweet,nandinisgTOI,journo_vibha,39
196329,Tweet,nandinisgTOI,billmpennington,30
196355,Tweet,nandinisgTOI,fmanjoo,350
196290,Tweet,nandinisgTOI,gettleman,185
196352,Tweet,nandinisgTOI,JessicaValenti,273
196295,Tweet,nandinisgTOI,zwoolfe,68
196288,Tweet,nandinisgTOI,aditya_bh16,73
196298,Tweet,nandinisgTOI,npwcnn,21
196309,Tweet,nandinisgTOI,desaisantosh,13
196333,Tweet,nandinisgTOI,MKSinghGkp,58
196370,Tweet,nandinisgTOI,jennydeluxe,42
169285,Article,aditya_bh16,Gauraw2297,11
169212,Article,aditya_bh16,vivek9301,7
169177,Article,aditya_bh16,StacyCowley,26
169307,Article,aditya_bh16,BenRothenberg,60
169209,Article,aditya_bh16,annanorthtweets,30
169170,Article,aditya_bh16,AniltheMatrix,9
169375,Article,aditya_bh16,vivek9301,10
169236,Article,aditya_bh16,AraniBasuTOI,7
169352,Article,aditya_bh16,marthakelner,190
169205,Article,aditya_bh16,AraniBasuTOI,6
169378,Article,aditya_bh16,AraniBasuTOI,9
169273,Article,aditya_bh16,marthakelner,148
169189,Article,aditya_bh16,gailcollins,225
169246,Article,aditya_bh16,TimdeLisle,6
169383,Article,aditya_bh16,Markbeaumontuk,25
169418,Tweet,aditya_bh16,priyagupta999,35
169449,Tweet,aditya_bh16,AniltheMatrix,15
169428,Tweet,aditya_bh16,lucywardsings,246
169489,Tweet,aditya_bh16,MKSinghGkp,31
169435,Tweet,aditya_bh16,sermoninstone,12
169440,Tweet,aditya_bh16,EricaLG,16
169456,Tweet,aditya_bh16,toi_ManujaV,19
169454,Tweet,aditya_bh16,aniljdias,5
169425,Tweet,aditya_bh16,TridibIANS,3
169466,Tweet,aditya_bh16,shafaquealamTOI,31
169441,Tweet,aditya_bh16,DanielKingChess,33
169492,Tweet,aditya_bh16,pankajdoval,205
169482,Tweet,aditya_bh16,vivek9301,3
169461,Tweet,aditya_bh16,smita_mishra,13
169470,Tweet,aditya_bh16,petleepeter,15
200548,Article,payaldhawanTOI,AtulMathur_,72
200465,Article,payaldhawanTOI,yeshikabudhwar,15
200448,Article,payaldhawanTOI,KapildaveTOI,133
200668,Article,payaldhawanTOI,BawaNaaved,6
200480,Article,payaldhawanTOI,KomalGautham,36
200596,Article,payaldhawanTOI,rajendrasTOI,46
200618,Article,payaldhawanTOI,dubeyavishek,60
200439,Article,payaldhawanTOI,har_mandeep,3
200472,Article,payaldhawanTOI,digbijaymishra1,4
200523,Article,payaldhawanTOI,SagrikaKissu,12
200503,Article,payaldhawanTOI,shafaquealamTOI,48
200552,Article,payaldhawanTOI,007pandey,78
200601,Article,payaldhawanTOI,HinaRohtaki,8
200554,Article,payaldhawanTOI,SidharthB25,6
200506,Article,payaldhawanTOI,PatrickKingsley,79
200718,Tweet,payaldhawanTOI,mateenHTOI,18
200695,Tweet,payaldhawanTOI,SwatiMathurTOI,124
200769,Tweet,payaldhawanTOI,mateenHTOI,105
200697,Tweet,payaldhawanTOI,mateenHTOI,68
200698,Tweet,payaldhawanTOI,AlysFowler,99
200742,Tweet,payaldhawanTOI,AndrewSparrow,86
200721,Tweet,payaldhawanTOI,pradeeptTOI,92
200704,Tweet,payaldhawanTOI,vijaypTOI,101
200713,Tweet,payaldhawanTOI,rhymetraveller,69
200711,Tweet,payaldhawanTOI,Crime_Selvaraj,74
200686,Tweet,payaldhawanTOI,kush_junglee,24
200719,Tweet,payaldhawanTOI,palaknandiTOI,6
200761,Tweet,payaldhawanTOI,pradeeptTOI,178
200723,Tweet,payaldhawanTOI,advityabahlTOI,38
200725,Tweet,payaldhawanTOI,journo_vibha,4
135131,Article,MarinaHyde,charltonbrooker,30
134995,Article,MarinaHyde,charltonbrooker,7
134998,Article,MarinaHyde,jimwaterson,45
135003,Article,MarinaHyde,afuahirsch,5
135107,Article,MarinaHyde,charltonbrooker,3
135076,Article,MarinaHyde,PeterTatchell,66
135104,Article,MarinaHyde,bglendenning,34
135156,Article,MarinaHyde,kenanmalik,76
134993,Article,MarinaHyde,ggreenwald,54
135064,Article,MarinaHyde,laurenlaverne,22
135142,Article,MarinaHyde,KSchulten,40
135036,Article,MarinaHyde,RowennaDavis,91
134997,Article,MarinaHyde,alanconnor,83
135074,Article,MarinaHyde,carolecadwalla,7
135022,Article,MarinaHyde,andybrassell,20
135257,Tweet,MarinaHyde,laurenlaverne,9
135269,Tweet,MarinaHyde,charltonbrooker,27
135366,Tweet,MarinaHyde,andrew_mueller,25
135312,Tweet,MarinaHyde,ASoloski,14
135288,Tweet,MarinaHyde,EricaLG,41
135238,Tweet,MarinaHyde,charltonbrooker,5
135369,Tweet,MarinaHyde,EricaLG,104
135237,Tweet,MarinaHyde,LauraCummingArt,4
135296,Tweet,MarinaHyde,desaisantosh,33
135264,Tweet,MarinaHyde,williamkeegan,45
135283,Tweet,MarinaHyde,el_belson,161
135289,Tweet,MarinaHyde,ShoebKhanTOI,357
135353,Tweet,MarinaHyde,jayrayner1,4
135280,Tweet,MarinaHyde,MoharBasu,37
135246,Tweet,MarinaHyde,winematcher,49
188712,Article,KanwardeepsTOI,akhileshsTOI,5
188607,Article,KanwardeepsTOI,sandhyanairTOI,11
188678,Article,KanwardeepsTOI,ChaithanyaSwamy,11
188648,Article,KanwardeepsTOI,KanwardeepsTOI,1
188753,Article,KanwardeepsTOI,SidharthB25,33
188781,Article,KanwardeepsTOI,SindhukTOI,14
188743,Article,KanwardeepsTOI,SindhukTOI,46
188758,Article,KanwardeepsTOI,pradeepjourno,21
188590,Article,KanwardeepsTOI,ChaithanyaSwamy,7
188784,Article,KanwardeepsTOI,rishachitlangia,101
188628,Article,KanwardeepsTOI,mateenHTOI,13
188811,Article,KanwardeepsTOI,maheshbTOI,23
188615,Article,KanwardeepsTOI,vijayVsinghTOI,22
188602,Article,KanwardeepsTOI,maheshbTOI,4
188778,Article,KanwardeepsTOI,vijayVsinghTOI,129
188855,Tweet,KanwardeepsTOI,liamstack,442
188896,Tweet,KanwardeepsTOI,dklavaniaTOI,23
188856,Tweet,KanwardeepsTOI,dubeyavishek,42
188839,Tweet,KanwardeepsTOI,SindhukTOI,10
188886,Tweet,KanwardeepsTOI,PatrickKingsley,25
188853,Tweet,KanwardeepsTOI,har_mandeep,82
188884,Tweet,KanwardeepsTOI,Banjotkaur,48
188852,Tweet,KanwardeepsTOI,PrashantrTOI,3
188888,Tweet,KanwardeepsTOI,KapildaveTOI,55
188900,Tweet,KanwardeepsTOI,stevenpoole,129
188899,Tweet,KanwardeepsTOI,priyagupta999,12
188866,Tweet,KanwardeepsTOI,murarishetyeTOI,133
188849,Tweet,KanwardeepsTOI,jwpetersNYT,27
188906,Tweet,KanwardeepsTOI,jasondhorowitz,116
188917,Tweet,KanwardeepsTOI,dklavaniaTOI,77
21417,Article,ginakolata,SharonLNYT,11
21406,Article,ginakolata,carlzimmer,3
21465,Article,ginakolata,RoniNYTimes,2
21405,Article,ginakolata,ginakolata,1
21493,Article,ginakolata,apoorva_nyc,2
21429,Article,ginakolata,thestephmerritt,11
21436,Article,ginakolata,williamkeegan,32
21479,Article,ginakolata,LFFriedman,46
21483,Article,ginakolata,MoharBasu,81
21426,Article,ginakolata,pradeeptTOI,29
21463,Article,ginakolata,kenanmalik,22
21486,Article,ginakolata,carolecadwalla,183
21445,Article,ginakolata,oliverburkeman,14
21498,Article,ginakolata,EmmaBubola,252
21476,Article,ginakolata,RoniNYTimes,6
21594,Tweet,ginakolata,LeoHickman,54
21512,Tweet,ginakolata,Rupalijee,3
21573,Tweet,ginakolata,JessicaValenti,54
21516,Tweet,ginakolata,AnujaJaiswalTOI,88
21589,Tweet,ginakolata,KTVinobhaTOI,2
21543,Tweet,ginakolata,ArthurNeslen,100
21523,Tweet,ginakolata,carlzimmer,6
21595,Tweet,ginakolata,DSlotnik,250
21534,Tweet,ginakolata,RaphaelMinder,224
21587,Tweet,ginakolata,desaisantosh,433
21537,Tweet,ginakolata,gailcollins,143
21581,Tweet,ginakolata,joshwiddicombe,151
21554,Tweet,ginakolata,apoorva_nyc,9
21505,Tweet,ginakolata,aleksk,2
21535,Tweet,ginakolata,ChaitanyadTOI,20
129479,Article,LeoHickman,ThevarSteffy,242
129475,Article,LeoHickman,seaningle,3
129419,Article,LeoHickman,DawnHFoster,24
129438,Article,LeoHickman,aleksk,265
129497,Article,LeoHickman,jatinder_tur,60
129457,Article,LeoHickman,jackschofield,89
129584,Article,LeoHickman,FranklinBlog,11
129462,Article,LeoHickman,ArthurNeslen,27
129531,Article,LeoHickman,jfordham_jazz,123
129456,Article,LeoHickman,nicholaswatt,2
129549,Article,LeoHickman,lucysiegle,10
129559,Article,LeoHickman,jasondhorowitz,3
129528,Article,LeoHickman,LeoHickman,1
129396,Article,LeoHickman,NishikantkTOI,43
129569,Article,LeoHickman,chiggi,95
129986,Tweet,LeoHickman,kbennhold,81
129691,Tweet,LeoHickman,jonpareles,3
129760,Tweet,LeoHickman,lucysiegle,8
130089,Tweet,LeoHickman,gailcollins,294
129793,Tweet,LeoHickman,RowennaDavis,60
129950,Tweet,LeoHickman,williamkeegan,4
130127,Tweet,LeoHickman,HackneyAbbott,22
129949,Tweet,LeoHickman,SangerNYT,8
129922,Tweet,LeoHickman,LeoHickman,1
129980,Tweet,LeoHickman,CarolineLucas,9
129755,Tweet,LeoHickman,FrankBruni,358
130086,Tweet,LeoHickman,RosySequeiraTOI,113
129732,Tweet,LeoHickman,mohuadazz,153
129715,Tweet,LeoHickman,lucysiegle,111
129999,Tweet,LeoHickman,chrishughes,129
16671,Article,peterbakernyt,ShaneGoldmacher,44
16623,Article,peterbakernyt,peterbakernyt,1
16659,Article,peterbakernyt,margaretrenkl,19
16696,Article,peterbakernyt,npfandos,27
16682,Article,peterbakernyt,hugolowell,34
16654,Article,peterbakernyt,jbouie,3
16673,Article,peterbakernyt,peterbakernyt,1
16614,Article,peterbakernyt,thestephmerritt,35
16663,Article,peterbakernyt,IKershner,23
16675,Article,peterbakernyt,hillhulse,51
16662,Article,peterbakernyt,PatrickKingsley,3
16638,Article,peterbakernyt,paulkrugman,23
16677,Article,peterbakernyt,oliverburkeman,373
16624,Article,peterbakernyt,npfandos,28
16615,Article,peterbakernyt,anniekarni,8
16782,Tweet,peterbakernyt,antontroian,147
16762,Tweet,peterbakernyt,reidepstein,56
16728,Tweet,peterbakernyt,alexanderburns,23
16746,Tweet,peterbakernyt,ByJamesWagner,55
16714,Tweet,peterbakernyt,mtomasky,66
16709,Tweet,peterbakernyt,hillhulse,26
16774,Tweet,peterbakernyt,murarishetyeTOI,31
16748,Tweet,peterbakernyt,tariqpanja,86
16702,Tweet,peterbakernyt,meddynyt,382
16786,Tweet,peterbakernyt,paulkrugman,127
16790,Tweet,peterbakernyt,tripgabriel,7
16756,Tweet,peterbakernyt,IKershner,54
16771,Tweet,peterbakernyt,jeannasmialek,53
16779,Tweet,peterbakernyt,hillhulse,15
16795,Tweet,peterbakernyt,hillhulse,27
205005,Article,ramarkosg,peterbakernyt,303
204949,Article,ramarkosg,andybrassell,85
204973,Article,ramarkosg,bagishjhaTOI,78
204967,Article,ramarkosg,ramarkosg,1
204999,Article,ramarkosg,007pandey,4
204997,Article,ramarkosg,ramarkosg,1
205040,Article,ramarkosg,digbijaymishra1,303
205036,Article,ramarkosg,digbijaymishra1,34
204974,Article,ramarkosg,aseemsgujar,3
205038,Article,ramarkosg,ramarkosg,1
205048,Article,ramarkosg,Rupalijee,87
205018,Article,ramarkosg,ramarkosg,1
204994,Article,ramarkosg,ramarkosg,1
204975,Article,ramarkosg,ramarkosg,1
205033,Article,ramarkosg,ramarkosg,1
205134,Tweet,ramarkosg,desaisantosh,49
205098,Tweet,ramarkosg,pradeeptTOI,9
205138,Tweet,ramarkosg,durgeshjhaTOI,198
205147,Tweet,ramarkosg,ThevarSteffy,21
205131,Tweet,ramarkosg,KTVinobhaTOI,274
205099,Tweet,ramarkosg,digbijaymishra1,3
205129,Tweet,ramarkosg,ramarkosg,1
205062,Tweet,ramarkosg,akhileshsTOI,22
205141,Tweet,ramarkosg,dubeyavishek,181
205107,Tweet,ramarkosg,ramarkosg,1
205142,Tweet,ramarkosg,tushhaikhush,249
205125,Tweet,ramarkosg,ramarkosg,1
205078,Tweet,ramarkosg,KTVinobhaTOI,16
205135,Tweet,ramarkosg,Gauraw2297,375
205137,Tweet,ramarkosg,priyagupta999,51
36206,Article,GiniaNYT,MoharBasu,298
36225,Article,GiniaNYT,FrankBruni,25
36272,Article,GiniaNYT,PatrickKingsley,209
36216,Article,GiniaNYT,thestephmerritt,213
36253,Article,GiniaNYT,RachelDonadio,43
36240,Article,GiniaNYT,billmpennington,35
36209,Article,GiniaNYT,PatrickKingsley,36
36235,Article,GiniaNYT,IKershner,415
36246,Article,GiniaNYT,pete_wells,8
36277,Article,GiniaNYT,bglendenning,216
36283,Article,GiniaNYT,sarahditum,156
36275,Article,GiniaNYT,marywalshjourno,243
36262,Article,GiniaNYT,dwightgarner,38
36276,Article,GiniaNYT,samrob12,82
36264,Article,GiniaNYT,pete_wells,25
36360,Tweet,GiniaNYT,GlennThrush,301
36370,Tweet,GiniaNYT,bglendenning,88
36330,Tweet,GiniaNYT,AraniBasuTOI,88
36384,Tweet,GiniaNYT,gailcollins,5
36300,Tweet,GiniaNYT,williamkeegan,61
36386,Tweet,GiniaNYT,DSlotnik,34
36350,Tweet,GiniaNYT,priyagupta999,288
36392,Tweet,GiniaNYT,vanbadham,90
36382,Tweet,GiniaNYT,nytdavidbrooks,31
36373,Tweet,GiniaNYT,PjJoychen,119
36326,Tweet,GiniaNYT,jbouie,99
36352,Tweet,GiniaNYT,DouthatNYT,10
36372,Tweet,GiniaNYT,desaisantosh,34
36395,Tweet,GiniaNYT,kylebuchanan,130
36341,Tweet,GiniaNYT,ottolenghi,53
171479,Article,AlokKNMishra,vijayVsinghTOI,94
171562,Article,AlokKNMishra,rishachitlangia,2
171557,Article,AlokKNMishra,AlokKNMishra,1
171503,Article,AlokKNMishra,AlokKNMishra,1
171528,Article,AlokKNMishra,AlokKNMishra,1
171580,Article,AlokKNMishra,naomi2009,58
171624,Article,AlokKNMishra,sudhanshub16,72
171398,Article,AlokKNMishra,AtulMathur_,3
171585,Article,AlokKNMishra,john_hooper,18
171604,Article,AlokKNMishra,AraniBasuTOI,93
171514,Article,AlokKNMishra,AmritadTOI,2
171589,Article,AlokKNMishra,AlokKNMishra,1
171412,Article,AlokKNMishra,NesrineMalik,14
171438,Article,AlokKNMishra,AtulMathur_,7
171390,Article,AlokKNMishra,AlokKNMishra,1
171638,Tweet,AlokKNMishra,AlokKNMishra,1
171636,Tweet,AlokKNMishra,gailcollins,159
171655,Tweet,AlokKNMishra,AlokKNMishra,1
171648,Tweet,AlokKNMishra,NYTBen,10
171647,Tweet,AlokKNMishra,AlokKNMishra,1
171682,Tweet,AlokKNMishra,MujMash,2
171673,Tweet,AlokKNMishra,NYTBen,81
171714,Tweet,AlokKNMishra,AlokKNMishra,1
171704,Tweet,AlokKNMishra,bishnoiarvind11,13
171680,Tweet,AlokKNMishra,MujMash,64
171710,Tweet,AlokKNMishra,AlokKNMishra,1
171657,Tweet,AlokKNMishra,manvirsainiTOI,6
171703,Tweet,AlokKNMishra,smita_mishra,121
171720,Tweet,AlokKNMishra,AlokKNMishra,1
171683,Tweet,AlokKNMishra,shafaquealamTOI,5
114947,Article,mswainwright,tomdyckhoff,10
114852,Article,mswainwright,petleepeter,368
114812,Article,mswainwright,greenslader,43
114874,Article,mswainwright,davidhepworth,18
114809,Article,mswainwright,nicholaswatt,8
114974,Article,mswainwright,alanconnor,65
114862,Article,mswainwright,billicritic,45
114773,Article,mswainwright,tomdyckhoff,10
114834,Article,mswainwright,ArthurNeslen,50
114873,Article,mswainwright,KateEMcCann,12
114927,Article,mswainwright,chiggi,36
115005,Article,mswainwright,mswainwright,1
114775,Article,mswainwright,edvulliamy,61
114973,Article,mswainwright,AndrewSparrow,69
114935,Article,mswainwright,KateEMcCann,12
115064,Tweet,mswainwright,we_are_food,53
115167,Tweet,mswainwright,joshwiddicombe,32
115416,Tweet,mswainwright,mswainwright,1
115040,Tweet,mswainwright,charltonbrooker,78
115398,Tweet,mswainwright,ameliagentleman,33
115077,Tweet,mswainwright,andrew_mueller,35
115348,Tweet,mswainwright,vvfriedman,6
115186,Tweet,mswainwright,MichaelWhite,72
115449,Tweet,mswainwright,williamkeegan,53
115099,Tweet,mswainwright,EricaLG,112
115124,Tweet,mswainwright,andrew_mueller,47
115433,Tweet,mswainwright,RowennaDavis,3
115043,Tweet,mswainwright,RosySequeiraTOI,272
115328,Tweet,mswainwright,williamkeegan,78
115216,Tweet,mswainwright,bglendenning,170
12085,Article,LFFriedman,npfandos,9
12073,Article,LFFriedman,ShaneGoldmacher,24
12024,Article,LFFriedman,ShaneGoldmacher,14
12087,Article,LFFriedman,LFFriedman,1
12039,Article,LFFriedman,michaelcrowley,15
12047,Article,LFFriedman,LFFriedman,1
12086,Article,LFFriedman,DouthatNYT,334
12089,Article,LFFriedman,CarolineLucas,40
12030,Article,LFFriedman,vishwamTOI,17
12091,Article,LFFriedman,LFFriedman,1
12014,Article,LFFriedman,CarolineLucas,40
12043,Article,LFFriedman,ShaneGoldmacher,22
12070,Article,LFFriedman,nicholaswatt,29
12098,Article,LFFriedman,LFFriedman,1
12021,Article,LFFriedman,BenWeiserNYT,30
12125,Tweet,LFFriedman,fmanjoo,248
12160,Tweet,LFFriedman,tejalrao,250
12116,Tweet,LFFriedman,lenoretaylor,2
12106,Tweet,LFFriedman,sangerkatz,28
12149,Tweet,LFFriedman,npfandos,24
12154,Tweet,LFFriedman,jbouie,181
12155,Tweet,LFFriedman,ArthurNeslen,3
12150,Tweet,LFFriedman,gmorgenson,16
12171,Tweet,LFFriedman,gailcollins,76
12104,Tweet,LFFriedman,lauriegnyt,28
12129,Tweet,LFFriedman,LFFriedman,1
12138,Tweet,LFFriedman,fmanjoo,10
12146,Tweet,LFFriedman,toi_shailendraA,326
12174,Tweet,LFFriedman,paulmasonnews,2
12185,Tweet,LFFriedman,AshokPradhanTOI,342
103654,Article,richardwolffedc,oliverburkeman,80
103696,Article,richardwolffedc,shiba_kurian,48
103673,Article,richardwolffedc,andybrassell,112
103652,Article,richardwolffedc,marywalshjourno,7
103799,Article,richardwolffedc,RorySmith,73
103649,Article,richardwolffedc,GeorgeMonbiot,26
103755,Article,richardwolffedc,jeannasmialek,74
103597,Article,richardwolffedc,jeannasmialek,12
103804,Article,richardwolffedc,leninology,100
103643,Article,richardwolffedc,Bencjacobs,133
103820,Article,richardwolffedc,hadleyfreeman,7
103693,Article,richardwolffedc,ggreenwald,34
103690,Article,richardwolffedc,jillfilipovic,9
103596,Article,richardwolffedc,williamkeegan,168
103722,Article,richardwolffedc,charltonbrooker,209
104389,Tweet,richardwolffedc,MiriamElder,180
104255,Tweet,richardwolffedc,ggreenwald,25
104320,Tweet,richardwolffedc,murarishetyeTOI,67
104304,Tweet,richardwolffedc,ManjuVTOI,242
103949,Tweet,richardwolffedc,nytDeniseGrady,74
104340,Tweet,richardwolffedc,vijayVsinghTOI,295
104324,Tweet,richardwolffedc,NYTimesCohen,222
104005,Tweet,richardwolffedc,fmanjoo,210
103893,Tweet,richardwolffedc,DouthatNYT,17
104050,Tweet,richardwolffedc,FrankBruni,54
104222,Tweet,richardwolffedc,NYTimesCohen,51
104193,Tweet,richardwolffedc,williamnhutton,194
103931,Tweet,richardwolffedc,andrew_mueller,38
104315,Tweet,richardwolffedc,GioRussonello,89
104230,Tweet,richardwolffedc,RBReich,21
33441,Article,vwang3,RaphaelMinder,79
33464,Article,vwang3,michaelcrowley,97
33489,Article,vwang3,hillhulse,40
33481,Article,vwang3,mikeives,4
33429,Article,vwang3,helenecooper,29
33402,Article,vwang3,ChuBailiang,2
33415,Article,vwang3,bydanielvictor,61
33428,Article,vwang3,mikeives,2
33450,Article,vwang3,ChuBailiang,2
33483,Article,vwang3,vwang3,1
33472,Article,vwang3,antontroian,70
33439,Article,vwang3,vvfriedman,29
33407,Article,vwang3,lukebroadwater,9
33418,Article,vwang3,tripgabriel,23
33448,Article,vwang3,RachelDonadio,50
33588,Tweet,vwang3,sarahlyall,196
33564,Tweet,vwang3,vijayVsinghTOI,97
33524,Tweet,vwang3,SocialQPhilip,284
33540,Tweet,vwang3,AnaSwanson,18
33502,Tweet,vwang3,sio_burke,353
33542,Tweet,vwang3,RaphaelMinder,3
33599,Tweet,vwang3,michaelcrowley,38
33577,Tweet,vwang3,EmmaBubola,59
33576,Tweet,vwang3,gettinviggy,209
33566,Tweet,vwang3,manvirsainiTOI,37
33558,Tweet,vwang3,DSlotnik,100
33547,Tweet,vwang3,fmanjoo,141
33546,Tweet,vwang3,EricaLG,275
33531,Tweet,vwang3,MiriamElder,34
33544,Tweet,vwang3,journo_vibha,197
22612,Article,melissaclark,melissaclark,1
22619,Article,melissaclark,melissaclark,1
22690,Article,melissaclark,melissaclark,1
22645,Article,melissaclark,pete_wells,2
22665,Article,melissaclark,melissaclark,1
22611,Article,melissaclark,melissaclark,1
22604,Article,melissaclark,melissaclark,1
22680,Article,melissaclark,samsifton,3
22661,Article,melissaclark,pete_wells,2
22625,Article,melissaclark,margaretrenkl,10
22651,Article,melissaclark,melissaclark,1
22644,Article,melissaclark,samsifton,3
22658,Article,melissaclark,wesley_morris,2
22663,Article,melissaclark,NYTimesCohen,5
22691,Article,melissaclark,AniltheMatrix,89
22772,Tweet,melissaclark,samsifton,368
22762,Tweet,melissaclark,andybrassell,12
22728,Tweet,melissaclark,andybrassell,38
22777,Tweet,melissaclark,jayrayner1,155
22794,Tweet,melissaclark,jhoffman,13
22758,Tweet,melissaclark,LFFriedman,13
22750,Tweet,melissaclark,gmorgenson,86
22733,Tweet,melissaclark,rachshabi,24
22739,Tweet,melissaclark,kylebuchanan,66
22723,Tweet,melissaclark,brooksbarnesNYT,5
22730,Tweet,melissaclark,lucysiegle,5
22749,Tweet,melissaclark,AlysFowler,45
22707,Tweet,melissaclark,SocialQPhilip,254
22793,Tweet,melissaclark,AlysFowler,109
22715,Tweet,melissaclark,priyagupta999,131
220287,Article,vijaypTOI,AtulMathur_,30
220235,Article,vijaypTOI,vijayVsinghTOI,32
220278,Article,vijaypTOI,KTVinobhaTOI,5
220272,Article,vijaypTOI,richapintoi,39
220073,Article,vijaypTOI,vijayVsinghTOI,12
220290,Article,vijaypTOI,Chethan_Dash,12
220076,Article,vijaypTOI,vijaysinghTOI,14
220240,Article,vijaypTOI,advityabahlTOI,97
220128,Article,vijaypTOI,ChaithanyaSwamy,3
220207,Article,vijaypTOI,GRajivTOI,3
220208,Article,vijaypTOI,PNaveenTOI,30
220150,Article,vijaypTOI,NishikantkTOI,64
220140,Article,vijaypTOI,RosySequeiraTOI,19
220196,Article,vijaypTOI,dipakdashTOI,14
220199,Article,vijaypTOI,dubeyavishek,3
220367,Tweet,vijaypTOI,desaisantosh,180
220339,Tweet,vijaypTOI,kush_junglee,2
220352,Tweet,vijaypTOI,neelam_raaj,123
220392,Tweet,vijaypTOI,naomi2009,304
220386,Tweet,vijaypTOI,Crime_Selvaraj,192
220389,Tweet,vijaypTOI,maheshbTOI,3
220378,Tweet,vijaypTOI,ChaitanyadTOI,36
220358,Tweet,vijaypTOI,kush_junglee,178
220359,Tweet,vijaypTOI,AjayUgrasTOI,4
220323,Tweet,vijaypTOI,PjJoychen,53
220354,Tweet,vijaypTOI,kush_junglee,45
220400,Tweet,vijaypTOI,GRajivTOI,17
220388,Tweet,vijaypTOI,ThevarSteffy,98
220398,Tweet,vijaypTOI,AlokKNMishra,34
220345,Tweet,vijaypTOI,ChaitanyadTOI,95
36039,Article,jennyschuessler,vvfriedman,41
36066,Article,jennyschuessler,FrankBruni,118
36058,Article,jennyschuessler,SocialQPhilip,24
36056,Article,jennyschuessler,mtomasky,103
36017,Article,jennyschuessler,samsifton,73
36088,Article,jennyschuessler,NYTBen,320
36041,Article,jennyschuessler,alexmarshall81,21
36042,Article,jennyschuessler,pete_wells,321
36034,Article,jennyschuessler,rondakaysen,69
36029,Article,jennyschuessler,joecoscarelli,54
36030,Article,jennyschuessler,margaretrenkl,158
36033,Article,jennyschuessler,RorySmith,102
36086,Article,jennyschuessler,dwightgarner,34
36015,Article,jennyschuessler,JessicaValenti,96
36083,Article,jennyschuessler,tripgabriel,108
36171,Tweet,jennyschuessler,JessicaValenti,70
36177,Tweet,jennyschuessler,dionnesearcey,121
36153,Tweet,jennyschuessler,MarinaOLoughlin,60
36112,Tweet,jennyschuessler,EricaLG,33
36161,Tweet,jennyschuessler,EricaLG,34
36168,Tweet,jennyschuessler,nnougayrede,86
36110,Tweet,jennyschuessler,andybrassell,24
36115,Tweet,jennyschuessler,DerekMalcolm123,166
36179,Tweet,jennyschuessler,wesley_morris,36
36197,Tweet,jennyschuessler,timatkin,211
36192,Tweet,jennyschuessler,kenvogel,48
36187,Tweet,jennyschuessler,EricaLG,72
36146,Tweet,jennyschuessler,SwatiShindeTOI,188
36114,Tweet,jennyschuessler,Shrivathsan1437,49
36109,Tweet,jennyschuessler,joecoscarelli,61
195184,Article,mohuadazz,vijaypTOI,51
195212,Article,mohuadazz,AnujaJaiswalTOI,2
195168,Article,mohuadazz,mohuadazz,1
195060,Article,mohuadazz,RachelDonadio,111
195217,Article,mohuadazz,mohuadazz,1
195053,Article,mohuadazz,DerekMalcolm123,50
195177,Article,mohuadazz,NishikantkTOI,169
195178,Article,mohuadazz,VivianHo,26
195111,Article,mohuadazz,vijaysinghTOI,30
195235,Article,mohuadazz,rajatpTOI,94
195145,Article,mohuadazz,UttaraVarmaTOI,3
195056,Article,mohuadazz,digbijaymishra1,57
195102,Article,mohuadazz,GRajivTOI,132
195147,Article,mohuadazz,rjadHinduBL,12
195174,Article,mohuadazz,priyagupta999,16
195308,Tweet,mohuadazz,Shreyanka_M,125
195301,Tweet,mohuadazz,GRajivTOI,41
195327,Tweet,mohuadazz,vijaysinghTOI,25
195245,Tweet,mohuadazz,jatinder_tur,154
195302,Tweet,mohuadazz,smita_mishra,75
195328,Tweet,mohuadazz,EricaLG,19
195299,Tweet,mohuadazz,vijaysinghTOI,15
195329,Tweet,mohuadazz,shafaquealamTOI,167
195273,Tweet,mohuadazz,smita_mishra,10
195285,Tweet,mohuadazz,divyapal2013,208
195334,Tweet,mohuadazz,smita_mishra,13
195315,Tweet,mohuadazz,RosySequeiraTOI,308
195321,Tweet,mohuadazz,debaratisen,326
195325,Tweet,mohuadazz,ramarkosg,21
195255,Tweet,mohuadazz,HinaRohtaki,78
179315,Article,Chethan_Dash,sandhyanairTOI,55
179288,Article,Chethan_Dash,Chethan_Dash,1
179455,Article,Chethan_Dash,Chethan_Dash,1
179239,Article,Chethan_Dash,jatinder_tur,2
179319,Article,Chethan_Dash,alexbellos,3
179459,Article,Chethan_Dash,priyangiTOI,249
179275,Article,Chethan_Dash,rajatpTOI,12
179234,Article,Chethan_Dash,Chethan_Dash,1
179224,Article,Chethan_Dash,pradeeptTOI,147
179317,Article,Chethan_Dash,Arun_Ram,39
179343,Article,Chethan_Dash,divyadubey_,33
179391,Article,Chethan_Dash,aseemsgujar,5
179340,Article,Chethan_Dash,jatinder_tur,22
179240,Article,Chethan_Dash,Arun_Ram,3
179356,Article,Chethan_Dash,abhishekTWEETS7,12
179503,Tweet,Chethan_Dash,Chethan_Dash,1
179514,Tweet,Chethan_Dash,Chethan_Dash,1
179489,Tweet,Chethan_Dash,Chethan_Dash,1
179510,Tweet,Chethan_Dash,Chethan_Dash,1
179546,Tweet,Chethan_Dash,Chethan_Dash,1
179559,Tweet,Chethan_Dash,Chethan_Dash,1
179475,Tweet,Chethan_Dash,Chethan_Dash,1
179469,Tweet,Chethan_Dash,Chethan_Dash,1
179547,Tweet,Chethan_Dash,Chethan_Dash,1
179555,Tweet,Chethan_Dash,ajaysuraTOI,295
179465,Tweet,Chethan_Dash,Chethan_Dash,1
179476,Tweet,Chethan_Dash,Chethan_Dash,1
179536,Tweet,Chethan_Dash,Chethan_Dash,1
179474,Tweet,Chethan_Dash,Chethan_Dash,1
179464,Tweet,Chethan_Dash,timlottwriter,2
170390,Article,ajaysuraTOI,amitanandTOI,2
170497,Article,ajaysuraTOI,margaretrenkl,9
170395,Article,ajaysuraTOI,toi_dhananjayM,4
170476,Article,ajaysuraTOI,vijayVsinghTOI,4
170362,Article,ajaysuraTOI,ajaysuraTOI,1
170573,Article,ajaysuraTOI,itsshibuthomas,15
170465,Article,ajaysuraTOI,RosySequeiraTOI,5
170468,Article,ajaysuraTOI,vijayVsinghTOI,18
170565,Article,ajaysuraTOI,aniljdias,62
170359,Article,ajaysuraTOI,ajaysuraTOI,1
170488,Article,ajaysuraTOI,KapildaveTOI,44
170351,Article,ajaysuraTOI,ajaysuraTOI,1
170512,Article,ajaysuraTOI,amitanandTOI,2
170521,Article,ajaysuraTOI,HinaRohtaki,28
170356,Article,ajaysuraTOI,AditiZero,171
170608,Tweet,ajaysuraTOI,GRajivTOI,10
170626,Tweet,ajaysuraTOI,lukeharding1968,45
170667,Tweet,ajaysuraTOI,TOISH31,37
170642,Tweet,ajaysuraTOI,IKershner,59
170638,Tweet,ajaysuraTOI,RosySequeiraTOI,3
170629,Tweet,ajaysuraTOI,GRajivTOI,19
170691,Tweet,ajaysuraTOI,RosySequeiraTOI,4
170645,Tweet,ajaysuraTOI,RosySequeiraTOI,3
170657,Tweet,ajaysuraTOI,RosySequeiraTOI,3
170595,Tweet,ajaysuraTOI,KTVinobhaTOI,3
170633,Tweet,ajaysuraTOI,RosySequeiraTOI,4
170663,Tweet,ajaysuraTOI,RosySequeiraTOI,3
170684,Tweet,ajaysuraTOI,KomalGautham,30
170646,Tweet,ajaysuraTOI,AtulMathur_,158
170600,Tweet,ajaysuraTOI,AlokKNMishra,138
11890,Article,Lattif,antontroian,137
11816,Article,Lattif,PrashantrTOI,105
11801,Article,Lattif,gettleman,18
11883,Article,Lattif,NYTBen,145
11882,Article,Lattif,Lattif,1
11832,Article,Lattif,MujMash,5
11888,Article,Lattif,aurelienbrd,3
11809,Article,Lattif,meddynyt,18
11885,Article,Lattif,KomalGautham,126
11851,Article,Lattif,afuahirsch,63
11879,Article,Lattif,MiriamElder,9
11812,Article,Lattif,sermoninstone,9
11839,Article,Lattif,anandbodhTOI,164
11808,Article,Lattif,antontroian,30
11858,Article,Lattif,NewtonSTOI,281
11971,Tweet,Lattif,michaelcrowley,5
11978,Tweet,Lattif,jorifinkel,198
11955,Tweet,Lattif,NYTBen,10
11995,Tweet,Lattif,GRajivTOI,25
11958,Tweet,Lattif,WilbyPeter,131
11975,Tweet,Lattif,antontroian,11
11949,Tweet,Lattif,chrishughes,148
11992,Tweet,Lattif,npfandos,28
11998,Tweet,Lattif,lukebroadwater,94
11901,Tweet,Lattif,antontroian,9
11967,Tweet,Lattif,npwcnn,51
11903,Tweet,Lattif,CarolineLucas,21
11930,Tweet,Lattif,michaelcrowley,27
11997,Tweet,Lattif,rachshabi,15
11965,Tweet,Lattif,bylizrobbins,33
216235,Article,ThevarSteffy,neelam_raaj,107
216197,Article,ThevarSteffy,ThevarSteffy,1
216234,Article,ThevarSteffy,ChaithanyaSwamy,12
216173,Article,ThevarSteffy,vijaypTOI,18
216130,Article,ThevarSteffy,MoharBasu,28
216174,Article,ThevarSteffy,SyedAkbarTOI,10
216095,Article,ThevarSteffy,ThevarSteffy,1
216209,Article,ThevarSteffy,NishikantkTOI,4
216075,Article,ThevarSteffy,ThevarSteffy,1
216245,Article,ThevarSteffy,mohuadazz,6
216092,Article,ThevarSteffy,ThevarSteffy,1
216153,Article,ThevarSteffy,ThevarSteffy,1
216223,Article,ThevarSteffy,HemantaTOI,105
216217,Article,ThevarSteffy,durgeshjhaTOI,94
216042,Article,ThevarSteffy,ThevarSteffy,1
216366,Tweet,ThevarSteffy,HackneyAbbott,240
216346,Tweet,ThevarSteffy,toi_ManujaV,22
216302,Tweet,ThevarSteffy,jatinder_tur,13
216354,Tweet,ThevarSteffy,alexbellos,33
216344,Tweet,ThevarSteffy,petleepeter,36
216271,Tweet,ThevarSteffy,lucywardsings,116
216342,Tweet,ThevarSteffy,Crime_Selvaraj,73
216343,Tweet,ThevarSteffy,lucysiegle,2
216282,Tweet,ThevarSteffy,dipakdashTOI,96
216360,Tweet,ThevarSteffy,SyedAkbarTOI,163
216297,Tweet,ThevarSteffy,LeoHickman,8
216347,Tweet,ThevarSteffy,kush_junglee,37
216306,Tweet,ThevarSteffy,toi_ManujaV,6
216309,Tweet,ThevarSteffy,Rupalijee,199
216284,Tweet,ThevarSteffy,desaisantosh,2
217451,Article,toi_rohanA,manvirsainiTOI,72
217471,Article,toi_rohanA,toi_shailendraA,13
217476,Article,toi_rohanA,RorySmith,14
217517,Article,toi_rohanA,bykaren,11
217524,Article,toi_rohanA,AraniBasuTOI,13
217582,Article,toi_rohanA,Pratiks_TOI,2
217445,Article,toi_rohanA,saumyajitbTOI,55
217568,Article,toi_rohanA,bykaren,12
217560,Article,toi_rohanA,DerekMalcolm123,81
217628,Article,toi_rohanA,MarcusMergulhao,7
217575,Article,toi_rohanA,seaningle,216
217654,Article,toi_rohanA,sudeshnagTOI,7
217515,Article,toi_rohanA,vivek9301,5
217564,Article,toi_rohanA,aniljdias,13
217415,Article,toi_rohanA,AraniBasuTOI,2
217704,Tweet,toi_rohanA,TOISH31,23
217749,Tweet,toi_rohanA,priyagupta999,234
217713,Tweet,toi_rohanA,kumaraswamykTOI,35
217723,Tweet,toi_rohanA,aditya_bh16,30
217735,Tweet,toi_rohanA,ramendrasTOI,37
217745,Tweet,toi_rohanA,yeshikabudhwar,98
217681,Tweet,toi_rohanA,MoharBasu,121
217710,Tweet,toi_rohanA,AraniBasuTOI,27
217737,Tweet,toi_rohanA,Pratiks_TOI,12
217693,Tweet,toi_rohanA,RosySequeiraTOI,32
217699,Tweet,toi_rohanA,anemonanyc,176
217714,Tweet,toi_rohanA,DerekMalcolm123,352
217675,Tweet,toi_rohanA,SwatiShindeTOI,303
217733,Tweet,toi_rohanA,TOISH31,3
217722,Tweet,toi_rohanA,Shrivathsan1437,47
14071,Article,mikeives,KeithBradsher,9
14027,Article,mikeives,marywalshjourno,159
14023,Article,mikeives,IKershner,7
14058,Article,mikeives,tariqpanja,24
14037,Article,mikeives,ChuBailiang,5
14019,Article,mikeives,jameskanter,11
14033,Article,mikeives,AtulMathur_,35
14062,Article,mikeives,PhanindraP_TNIE,21
14081,Article,mikeives,mikeives,1
14034,Article,mikeives,KeithBradsher,98
14002,Article,mikeives,saumyajitbTOI,154
14089,Article,mikeives,ianrausten,24
14051,Article,mikeives,ChuBailiang,3
14044,Article,mikeives,pete_wells,109
14017,Article,mikeives,parul_sehgal,361
14120,Tweet,mikeives,rjadHinduBL,361
14124,Tweet,mikeives,durgeshjhaTOI,311
14105,Tweet,mikeives,PrashantrTOI,3
14153,Tweet,mikeives,mateenHTOI,294
14127,Tweet,mikeives,kush_junglee,39
14182,Tweet,mikeives,mikeives,1
14138,Tweet,mikeives,mikeives,1
14197,Tweet,mikeives,ericschmittnyt,32
14156,Tweet,mikeives,advityabahlTOI,11
14190,Tweet,mikeives,bagishjhaTOI,55
14132,Tweet,mikeives,LeoHickman,223
14134,Tweet,mikeives,questingvole,233
14148,Tweet,mikeives,ottolenghi,333
14170,Tweet,mikeives,nytdavidbrooks,220
14177,Tweet,mikeives,PrashantrTOI,2
197722,Article,NirupaTOI,NewtonSTOI,75
197701,Article,NirupaTOI,AraniBasuTOI,16
197888,Article,NirupaTOI,NirupaTOI,1
197760,Article,NirupaTOI,mtomasky,57
197729,Article,NirupaTOI,AtulMathur_,49
197715,Article,NirupaTOI,RosySequeiraTOI,63
197889,Article,NirupaTOI,ramarkosg,28
197830,Article,NirupaTOI,vijaypTOI,15
197831,Article,NirupaTOI,RosySequeiraTOI,26
197870,Article,NirupaTOI,dkarthikTOI,33
197906,Article,NirupaTOI,jatinder_tur,63
197816,Article,NirupaTOI,digbijaymishra1,36
197832,Article,NirupaTOI,PjJoychen,46
197668,Article,NirupaTOI,KapildaveTOI,2
197825,Article,NirupaTOI,Gauraw2297,32
197964,Tweet,NirupaTOI,PjJoychen,37
197936,Tweet,NirupaTOI,ChaitanyadTOI,2
197973,Tweet,NirupaTOI,GovindKMaadTOI,34
197957,Tweet,NirupaTOI,winematcher,6
197986,Tweet,NirupaTOI,KapildaveTOI,57
197956,Tweet,NirupaTOI,NirupaTOI,1
197949,Tweet,NirupaTOI,saumyajitbTOI,69
197933,Tweet,NirupaTOI,ChaitanyadTOI,3
197979,Tweet,NirupaTOI,laurenlaverne,12
197963,Tweet,NirupaTOI,alanconnor,30
197990,Tweet,NirupaTOI,PjJoychen,6
197981,Tweet,NirupaTOI,priyagupta999,303
197922,Tweet,NirupaTOI,SindhukTOI,86
197977,Tweet,NirupaTOI,NirupaTOI,1
197938,Tweet,NirupaTOI,PjJoychen,13
188110,Article,journo_vibha,yeshikabudhwar,7
188034,Article,journo_vibha,toi_dhananjayM,57
188043,Article,journo_vibha,har_mandeep,5
187992,Article,journo_vibha,journo_vibha,1
187896,Article,journo_vibha,journo_vibha,1
187930,Article,journo_vibha,KapildaveTOI,7
188021,Article,journo_vibha,journo_vibha,1
187932,Article,journo_vibha,yeshikabudhwar,11
188081,Article,journo_vibha,BhanupratapsTOI,10
187953,Article,journo_vibha,journo_vibha,1
187970,Article,journo_vibha,rajendrasTOI,151
188002,Article,journo_vibha,AtulMathur_,7
187940,Article,journo_vibha,AtulMathur_,5
187950,Article,journo_vibha,har_mandeep,57
187933,Article,journo_vibha,aseemsgujar,108
188184,Tweet,journo_vibha,AlokKNMishra,2
188145,Tweet,journo_vibha,rishachitlangia,9
188181,Tweet,journo_vibha,AlokKNMishra,16
188166,Tweet,journo_vibha,PjJoychen,11
188134,Tweet,journo_vibha,journo_vibha,1
188131,Tweet,journo_vibha,PjJoychen,120
188224,Tweet,journo_vibha,journo_vibha,1
188212,Tweet,journo_vibha,journo_vibha,1
188156,Tweet,journo_vibha,manvirsainiTOI,8
188163,Tweet,journo_vibha,SindhukTOI,3
188155,Tweet,journo_vibha,KapildaveTOI,7
188152,Tweet,journo_vibha,journo_vibha,1
188198,Tweet,journo_vibha,lukebroadwater,2
188159,Tweet,journo_vibha,ChaitanyadTOI,37
188158,Tweet,journo_vibha,jimtankersley,30
221496,Article,vivek9301,Pratiks_TOI,3
221514,Article,vivek9301,Pratiks_TOI,14
221641,Article,vivek9301,sudhanshub16,3
221643,Article,vivek9301,KapildaveTOI,59
221677,Article,vivek9301,Shilarze_SSR,7
221648,Article,vivek9301,ManjuVTOI,30
221477,Article,vivek9301,Shrivathsan1437,7
221536,Article,vivek9301,desaisantosh,41
221487,Article,vivek9301,vivek9301,1
221667,Article,vivek9301,ByJamesWagner,353
221675,Article,vivek9301,vivek9301,1
221516,Article,vivek9301,andrewrawnsley,52
221493,Article,vivek9301,Pratiks_TOI,13
221490,Article,vivek9301,toi_rohanA,4
221694,Article,vivek9301,AraniBasuTOI,2
221769,Tweet,vivek9301,MarinaOLoughlin,11
221791,Tweet,vivek9301,DerekMalcolm123,71
221761,Tweet,vivek9301,michaelcrowley,215
221725,Tweet,vivek9301,ramendrasTOI,29
221733,Tweet,vivek9301,vivek9301,1
221705,Tweet,vivek9301,desaisantosh,20
221718,Tweet,vivek9301,vivek9301,1
221727,Tweet,vivek9301,vivek9301,1
221719,Tweet,vivek9301,TridibIANS,5
221713,Tweet,vivek9301,williamkeegan,65
221728,Tweet,vivek9301,vivek9301,1
221785,Tweet,vivek9301,Pratiks_TOI,8
221734,Tweet,vivek9301,akhileshsTOI,3
221756,Tweet,vivek9301,AraniBasuTOI,9
221778,Tweet,vivek9301,AraniBasuTOI,2
36466,Article,ElisabethMalkin,jackschofield,9
36443,Article,ElisabethMalkin,ElisabethMalkin,1
36460,Article,ElisabethMalkin,IKershner,53
36456,Article,ElisabethMalkin,rebeccaSTOI,70
36408,Article,ElisabethMalkin,tripgabriel,146
36442,Article,ElisabethMalkin,peterbakernyt,8
36429,Article,ElisabethMalkin,NikiKitsantonis,17
36433,Article,ElisabethMalkin,pete_wells,53
36497,Article,ElisabethMalkin,PatriciaMazzei,98
36474,Article,ElisabethMalkin,helenecooper,35
36471,Article,ElisabethMalkin,NYTimesCohen,23
36496,Article,ElisabethMalkin,ElisabethMalkin,1
36468,Article,ElisabethMalkin,lindasgrant,204
36448,Article,ElisabethMalkin,hillhulse,121
36406,Article,ElisabethMalkin,NYTBen,32
36518,Tweet,ElisabethMalkin,chiggi,188
36550,Tweet,ElisabethMalkin,adwaidh,174
36591,Tweet,ElisabethMalkin,brooksbarnesNYT,17
36580,Tweet,ElisabethMalkin,NewtonSTOI,355
36500,Tweet,ElisabethMalkin,attackerman,54
36537,Tweet,ElisabethMalkin,KTVinobhaTOI,43
36511,Tweet,ElisabethMalkin,AlokKNMishra,47
36519,Tweet,ElisabethMalkin,peterbradshaw1,68
36530,Tweet,ElisabethMalkin,benkenigsberg,31
36561,Tweet,ElisabethMalkin,tomfriedman,138
36524,Tweet,ElisabethMalkin,jhoffman,159
36548,Tweet,ElisabethMalkin,greenslader,106
36593,Tweet,ElisabethMalkin,RBReich,6
36528,Tweet,ElisabethMalkin,Shilarze_SSR,262
36585,Tweet,ElisabethMalkin,suilee,14
19610,Article,SocialQPhilip,SocialQPhilip,1
19645,Article,SocialQPhilip,kenanmalik,36
19605,Article,SocialQPhilip,JessicaValenti,5
19603,Article,SocialQPhilip,SocialQPhilip,1
19634,Article,SocialQPhilip,SocialQPhilip,1
19651,Article,SocialQPhilip,RorySmith,12
19618,Article,SocialQPhilip,antontroian,11
19684,Article,SocialQPhilip,vvfriedman,7
19688,Article,SocialQPhilip,samsifton,7
19658,Article,SocialQPhilip,timlottwriter,3
19648,Article,SocialQPhilip,SocialQPhilip,1
19616,Article,SocialQPhilip,kylebuchanan,11
19602,Article,SocialQPhilip,oliverburkeman,9
19653,Article,SocialQPhilip,timlottwriter,9
19612,Article,SocialQPhilip,jwpetersNYT,3
19722,Tweet,SocialQPhilip,DouthatNYT,125
19756,Tweet,SocialQPhilip,aniljdias,137
19759,Tweet,SocialQPhilip,sio_burke,6
19742,Tweet,SocialQPhilip,andrewrsorkin,49
19728,Tweet,SocialQPhilip,IAmTimDowling,3
19716,Tweet,SocialQPhilip,SocialQPhilip,1
19775,Tweet,SocialQPhilip,payaldhawanTOI,6
19790,Tweet,SocialQPhilip,llerer,20
19720,Tweet,SocialQPhilip,desaisantosh,30
19714,Tweet,SocialQPhilip,marywalshjourno,14
19776,Tweet,SocialQPhilip,saumyajitbTOI,71
19706,Tweet,SocialQPhilip,Shreyanka_M,28
19795,Tweet,SocialQPhilip,elizabday,94
19786,Tweet,SocialQPhilip,GlennThrush,5
19794,Tweet,SocialQPhilip,ASoloski,170
10241,Article,jotted,KeithBradsher,4
10245,Article,jotted,RaphaelMinder,67
10259,Article,jotted,PatrickKingsley,8
10261,Article,jotted,bencasselman,2
10200,Article,jotted,tariqpanja,10
10216,Article,jotted,nicholaswatt,68
10289,Article,jotted,ChuBailiang,4
10219,Article,jotted,bencasselman,12
10229,Article,jotted,stevenpoole,155
10205,Article,jotted,julianbarnes,15
10295,Article,jotted,farnazfassihi,18
10244,Article,jotted,stevenerlanger,4
10262,Article,jotted,jotted,1
10253,Article,jotted,ewong,4
10260,Article,jotted,PNaveenTOI,24
10301,Tweet,jotted,IanCobain,49
10368,Tweet,jotted,mikeives,14
10321,Tweet,jotted,NikiKitsantonis,82
10386,Tweet,jotted,jillfilipovic,275
10381,Tweet,jotted,FrancesRobles,146
10346,Tweet,jotted,aseemsgujar,73
10341,Tweet,jotted,anemonanyc,90
10332,Tweet,jotted,andrew_mueller,209
10303,Tweet,jotted,williamkeegan,14
10323,Tweet,jotted,declanwalsh,9
10357,Tweet,jotted,NYTimesCohen,23
10324,Tweet,jotted,KeithBradsher,2
10396,Tweet,jotted,AditiZero,97
10375,Tweet,jotted,BenWeiserNYT,183
10318,Tweet,jotted,LizAldermanNYT,27
213844,Article,sudhanshub16,smita_mishra,105
213772,Article,sudhanshub16,Shrivathsan1437,4
213837,Article,sudhanshub16,sudhanshub16,1
213821,Article,sudhanshub16,toi_ManujaV,49
213827,Article,sudhanshub16,Shilarze_SSR,298
213810,Article,sudhanshub16,rajendrasTOI,159
213779,Article,sudhanshub16,vivek9301,13
213767,Article,sudhanshub16,pradeeptTOI,48
213823,Article,sudhanshub16,Pratiks_TOI,13
213825,Article,sudhanshub16,Chethan_Dash,123
213795,Article,sudhanshub16,MoharBasu,14
213774,Article,sudhanshub16,smita_mishra,310
213839,Article,sudhanshub16,Pratiks_TOI,7
213842,Article,sudhanshub16,vivek9301,15
213843,Article,sudhanshub16,aniljdias,2
213867,Tweet,sudhanshub16,MoharBasu,4
213916,Tweet,sudhanshub16,AlokKNMishra,52
213938,Tweet,sudhanshub16,binays1960,74
213909,Tweet,sudhanshub16,priyagupta999,2
213927,Tweet,sudhanshub16,rajatpTOI,229
213847,Tweet,sudhanshub16,vivek9301,10
213913,Tweet,sudhanshub16,petleepeter,78
213902,Tweet,sudhanshub16,shafaquealamTOI,45
213863,Tweet,sudhanshub16,MoharBasu,28
213925,Tweet,sudhanshub16,maheshbTOI,140
213891,Tweet,sudhanshub16,ramarkosg,167
213919,Tweet,sudhanshub16,rajatpTOI,88
213894,Tweet,sudhanshub16,shafaquealamTOI,2
213848,Tweet,sudhanshub16,RosySequeiraTOI,60
213917,Tweet,sudhanshub16,PjJoychen,86
17463,Article,RichardFausset,hillhulse,17
17450,Article,RichardFausset,llerer,29
17468,Article,RichardFausset,SwatiMathurTOI,142
17402,Article,RichardFausset,BenWeiserNYT,42
17464,Article,RichardFausset,RichardFausset,1
17413,Article,RichardFausset,samrob12,57
17477,Article,RichardFausset,antontroian,234
17472,Article,RichardFausset,hugolowell,82
17439,Article,RichardFausset,adamliptak,3
17400,Article,RichardFausset,dansabbagh,187
17423,Article,RichardFausset,RichardFausset,1
17451,Article,RichardFausset,IKershner,17
17482,Article,RichardFausset,stevenerlanger,30
17440,Article,RichardFausset,bykaren,5
17406,Article,RichardFausset,reidepstein,38
17511,Tweet,RichardFausset,NickAtNews,134
17571,Tweet,RichardFausset,GlennThrush,54
17539,Tweet,RichardFausset,gailcollins,30
17596,Tweet,RichardFausset,vijaysinghTOI,176
17579,Tweet,RichardFausset,SherylNYT,2
17527,Tweet,RichardFausset,hugolowell,4
17586,Tweet,RichardFausset,ShaneGoldmacher,12
17510,Tweet,RichardFausset,tripgabriel,5
17551,Tweet,RichardFausset,brooksbarnesNYT,166
17503,Tweet,RichardFausset,amitanandTOI,17
17561,Tweet,RichardFausset,jennydeluxe,44
17570,Tweet,RichardFausset,tripgabriel,4
17537,Tweet,RichardFausset,LFFriedman,9
17592,Tweet,RichardFausset,margaretrenkl,14
17525,Tweet,RichardFausset,jeannasmialek,59
6458,Article,DouthatNYT,RBReich,2
6409,Article,DouthatNYT,jwpetersNYT,8
6433,Article,DouthatNYT,williamkeegan,48
6428,Article,DouthatNYT,DouthatNYT,1
6423,Article,DouthatNYT,paulkrugman,3
6481,Article,DouthatNYT,jonronson,10
6462,Article,DouthatNYT,michelleinbklyn,2
6448,Article,DouthatNYT,jwpetersNYT,35
6408,Article,DouthatNYT,RBReich,2
6427,Article,DouthatNYT,michelleinbklyn,2
6470,Article,DouthatNYT,mtomasky,3
6429,Article,DouthatNYT,gailcollins,6
6493,Article,DouthatNYT,dwightgarner,18
6492,Article,DouthatNYT,marywalshjourno,23
6402,Article,DouthatNYT,mtomasky,2
6532,Tweet,DouthatNYT,nytdavidbrooks,2
6545,Tweet,DouthatNYT,RBReich,4
6519,Tweet,DouthatNYT,wesley_morris,13
6509,Tweet,DouthatNYT,DouthatNYT,1
6505,Tweet,DouthatNYT,DouthatNYT,1
6518,Tweet,DouthatNYT,nytdavidbrooks,4
6524,Tweet,DouthatNYT,pete_wells,3
6543,Tweet,DouthatNYT,brooksbarnesNYT,21
6579,Tweet,DouthatNYT,wesley_morris,17
6578,Tweet,DouthatNYT,MaggieAstor,6
6587,Tweet,DouthatNYT,DouthatNYT,1
6563,Tweet,DouthatNYT,GlennThrush,3
6557,Tweet,DouthatNYT,nytdavidbrooks,3
6539,Tweet,DouthatNYT,sunny_hundal,31
6589,Tweet,DouthatNYT,DouthatNYT,1
29013,Article,parul_sehgal,LizAldermanNYT,333
29021,Article,parul_sehgal,SocialQPhilip,17
29095,Article,parul_sehgal,SocialQPhilip,2
29054,Article,parul_sehgal,parul_sehgal,1
29063,Article,parul_sehgal,davidhepworth,12
29065,Article,parul_sehgal,antontroian,3
29071,Article,parul_sehgal,parul_sehgal,1
29094,Article,parul_sehgal,sarahlyall,6
29022,Article,parul_sehgal,dwightgarner,5
29038,Article,parul_sehgal,NYTimesCohen,85
29014,Article,parul_sehgal,DouthatNYT,11
29049,Article,parul_sehgal,NYTimesCohen,8
29097,Article,parul_sehgal,JessicaValenti,33
29055,Article,parul_sehgal,DouthatNYT,5
29025,Article,parul_sehgal,ditzkoff,5
29123,Tweet,parul_sehgal,LauraCummingArt,11
29145,Tweet,parul_sehgal,binays1960,169
29161,Tweet,parul_sehgal,vvfriedman,339
29118,Tweet,parul_sehgal,ginakolata,260
29173,Tweet,parul_sehgal,RorySmith,8
29176,Tweet,parul_sehgal,andrewrawnsley,108
29171,Tweet,parul_sehgal,Freedland,6
29192,Tweet,parul_sehgal,divyapal2013,183
29113,Tweet,parul_sehgal,desaisantosh,161
29142,Tweet,parul_sehgal,laurenlaverne,400
29137,Tweet,parul_sehgal,we_are_food,238
29160,Tweet,parul_sehgal,yeshikabudhwar,188
29157,Tweet,parul_sehgal,kumaraswamykTOI,14
29198,Tweet,parul_sehgal,RaphaelMinder,7
29150,Tweet,parul_sehgal,RosySequeiraTOI,130
22040,Article,jestei,adamliptak,273
22034,Article,jestei,SherylNYT,24
22031,Article,jestei,meddynyt,119
22005,Article,jestei,jestei,1
22097,Article,jestei,KeithBradsher,22
22044,Article,jestei,samsifton,59
22095,Article,jestei,ericschmittnyt,13
22041,Article,jestei,antontroian,40
22092,Article,jestei,andrewrsorkin,39
22016,Article,jestei,kbennhold,7
22043,Article,jestei,hillhulse,175
22042,Article,jestei,EmilyAnthes,216
22066,Article,jestei,KapildaveTOI,5
22056,Article,jestei,pete_wells,36
22009,Article,jestei,ESCochrane,12
22169,Tweet,jestei,davidhepworth,454
22123,Tweet,jestei,hannahdev,439
22148,Tweet,jestei,kenanmalik,342
22168,Tweet,jestei,SwatiMathurTOI,133
22117,Tweet,jestei,lukebroadwater,133
22170,Tweet,jestei,DerekMalcolm123,290
22147,Tweet,jestei,journo_vibha,6
22143,Tweet,jestei,mateenHTOI,116
22139,Tweet,jestei,EricaLG,199
22144,Tweet,jestei,SocialQPhilip,156
22167,Tweet,jestei,wesley_morris,58
22164,Tweet,jestei,fmanjoo,145
22153,Tweet,jestei,apoorva_nyc,353
22152,Tweet,jestei,dwightgarner,375
22163,Tweet,jestei,samsifton,91
18878,Article,SharonLNYT,SherylNYT,6
18872,Article,SharonLNYT,BenWeiserNYT,2
18847,Article,SharonLNYT,kenvogel,38
18868,Article,SharonLNYT,SharonLNYT,1
18805,Article,SharonLNYT,SharonLNYT,1
18809,Article,SharonLNYT,nytmike,13
18817,Article,SharonLNYT,sushmi_dey,57
18896,Article,SharonLNYT,BenWeiserNYT,2
18815,Article,SharonLNYT,nytmike,11
18839,Article,SharonLNYT,npfandos,19
18802,Article,SharonLNYT,bencasselman,42
18811,Article,SharonLNYT,SharonLNYT,1
18879,Article,SharonLNYT,RichardFausset,35
18852,Article,SharonLNYT,npfandos,11
18837,Article,SharonLNYT,jmart,15
18976,Tweet,SharonLNYT,apoorva_nyc,4
18953,Tweet,SharonLNYT,charlie_savage,28
18990,Tweet,SharonLNYT,lucywardsings,218
18908,Tweet,SharonLNYT,rishachitlangia,152
18997,Tweet,SharonLNYT,apoorva_nyc,7
18923,Tweet,SharonLNYT,nytDeniseGrady,3
18964,Tweet,SharonLNYT,murarishetyeTOI,61
18913,Tweet,SharonLNYT,murarishetyeTOI,11
18906,Tweet,SharonLNYT,charlie_savage,19
18962,Tweet,SharonLNYT,DSlotnik,9
18973,Tweet,SharonLNYT,ShaneGoldmacher,9
18984,Tweet,SharonLNYT,DawnHFoster,383
18999,Tweet,SharonLNYT,tripgabriel,31
18987,Tweet,SharonLNYT,marywalshjourno,45
18958,Tweet,SharonLNYT,marywalshjourno,79
180071,Article,debaratisen,andybrassell,28
179967,Article,debaratisen,divyapal2013,3
180029,Article,debaratisen,sermoninstone,2
180106,Article,debaratisen,bindiyachariTOI,37
180144,Article,debaratisen,Shreyanka_M,2
179924,Article,debaratisen,jfordham_jazz,3
180076,Article,debaratisen,debaratisen,1
180070,Article,debaratisen,debaratisen,1
179960,Article,debaratisen,parthasinha,30
180103,Article,debaratisen,debaratisen,1
179922,Article,debaratisen,debaratisen,1
180010,Article,debaratisen,sermoninstone,15
180021,Article,debaratisen,Chethan_Dash,136
179927,Article,debaratisen,debaratisen,1
180003,Article,debaratisen,meeravohraTOI,3
180179,Tweet,debaratisen,priyagupta999,8
180187,Tweet,debaratisen,sermoninstone,27
180201,Tweet,debaratisen,EricaLG,6
180194,Tweet,debaratisen,DanielKingChess,94
180228,Tweet,debaratisen,priyagupta999,4
180250,Tweet,debaratisen,GRajivTOI,5
180168,Tweet,debaratisen,debaratisen,1
180226,Tweet,debaratisen,ShoebKhanTOI,10
180191,Tweet,debaratisen,priyagupta999,23
180183,Tweet,debaratisen,davidhepworth,49
180227,Tweet,debaratisen,priyagupta999,4
180219,Tweet,debaratisen,TOISH31,22
180235,Tweet,debaratisen,SindhukTOI,17
180198,Tweet,debaratisen,petleepeter,11
180177,Tweet,debaratisen,debaratisen,1
27837,Article,ceciliakang,KapildaveTOI,51
27897,Article,ceciliakang,FlitterOnFraud,9
27806,Article,ceciliakang,samrob12,63
27839,Article,ceciliakang,charlie_savage,48
27855,Article,ceciliakang,andrewrsorkin,31
27896,Article,ceciliakang,nytdavidbrooks,38
27863,Article,ceciliakang,ShaneGoldmacher,11
27804,Article,ceciliakang,stevenpoole,86
27877,Article,ceciliakang,alanfeuer,72
27835,Article,ceciliakang,ggreenwald,116
27812,Article,ceciliakang,hillhulse,32
27832,Article,ceciliakang,ajaykanth7,135
27885,Article,ceciliakang,jimtankersley,6
27879,Article,ceciliakang,ShaneGoldmacher,3
27825,Article,ceciliakang,vijayVsinghTOI,5
27926,Tweet,ceciliakang,andrewrawnsley,355
27976,Tweet,ceciliakang,andybrassell,165
27906,Tweet,ceciliakang,karenzraick,247
27913,Tweet,ceciliakang,desaisantosh,61
27933,Tweet,ceciliakang,chrishughes,167
27911,Tweet,ceciliakang,ajaysuraTOI,150
27956,Tweet,ceciliakang,FabrizioRomano,38
27945,Tweet,ceciliakang,KomalGautham,119
27923,Tweet,ceciliakang,bylizrobbins,54
27951,Tweet,ceciliakang,fmanjoo,12
27990,Tweet,ceciliakang,tomfriedman,228
27924,Tweet,ceciliakang,FranklinBlog,97
27903,Tweet,ceciliakang,jennydeluxe,100
27984,Tweet,ceciliakang,jhoffman,151
27964,Tweet,ceciliakang,charlie_savage,61
480,Article,alexanderburns,alexanderburns,1
458,Article,alexanderburns,alexanderburns,1
452,Article,alexanderburns,ShaneGoldmacher,5
457,Article,alexanderburns,hillhulse,5
440,Article,alexanderburns,alexanderburns,1
438,Article,alexanderburns,hillhulse,7
489,Article,alexanderburns,jimtankersley,6
412,Article,alexanderburns,Bencjacobs,11
453,Article,alexanderburns,IKershner,29
439,Article,alexanderburns,lukebroadwater,6
428,Article,alexanderburns,jmart,4
462,Article,alexanderburns,AnaSwanson,34
445,Article,alexanderburns,jmart,14
499,Article,alexanderburns,FrankBruni,25
442,Article,alexanderburns,tripgabriel,11
540,Tweet,alexanderburns,ginakolata,16
558,Tweet,alexanderburns,ShaneGoldmacher,2
539,Tweet,alexanderburns,jmart,8
591,Tweet,alexanderburns,kenvogel,33
554,Tweet,alexanderburns,ShaneGoldmacher,5
512,Tweet,alexanderburns,ShaneGoldmacher,2
598,Tweet,alexanderburns,hillhulse,2
532,Tweet,alexanderburns,lukebroadwater,15
524,Tweet,alexanderburns,llerer,4
562,Tweet,alexanderburns,nytDeniseGrady,75
545,Tweet,alexanderburns,joecoscarelli,14
583,Tweet,alexanderburns,mtomasky,11
570,Tweet,alexanderburns,npfandos,7
573,Tweet,alexanderburns,alexanderburns,1
515,Tweet,alexanderburns,ChuBailiang,35
71819,Article,Bencjacobs,gilestremlett,3
71866,Article,Bencjacobs,leninology,3
71785,Article,Bencjacobs,jbouie,155
71978,Article,Bencjacobs,martcrossy,3
71852,Article,Bencjacobs,ESCochrane,6
71989,Article,Bencjacobs,hugolowell,22
72009,Article,Bencjacobs,hugolowell,3
71949,Article,Bencjacobs,ShaneGoldmacher,4
71914,Article,Bencjacobs,el_belson,11
71994,Article,Bencjacobs,npfandos,3
71959,Article,Bencjacobs,hillhulse,25
71805,Article,Bencjacobs,hugolowell,2
71974,Article,Bencjacobs,jimwaterson,17
71783,Article,Bencjacobs,reidepstein,6
71943,Article,Bencjacobs,Bencjacobs,1
72083,Tweet,Bencjacobs,jwpetersNYT,80
72255,Tweet,Bencjacobs,vvfriedman,473
72203,Tweet,Bencjacobs,parthasinha,480
72268,Tweet,Bencjacobs,FrankBruni,23
72098,Tweet,Bencjacobs,jmart,25
72142,Tweet,Bencjacobs,hugolowell,4
72017,Tweet,Bencjacobs,npfandos,23
72238,Tweet,Bencjacobs,davidhepworth,352
72097,Tweet,Bencjacobs,stevenerlanger,427
72079,Tweet,Bencjacobs,kumaraswamykTOI,59
72267,Tweet,Bencjacobs,NishikantkTOI,210
72044,Tweet,Bencjacobs,marywalshjourno,99
72208,Tweet,Bencjacobs,npfandos,12
72257,Tweet,Bencjacobs,tripgabriel,48
72076,Tweet,Bencjacobs,brooksbarnesNYT,38
17868,Article,rondakaysen,samsifton,5
17843,Article,rondakaysen,parul_sehgal,82
17867,Article,rondakaysen,fmanjoo,15
17800,Article,rondakaysen,rondakaysen,1
17801,Article,rondakaysen,rondakaysen,1
17824,Article,rondakaysen,SocialQPhilip,13
17827,Article,rondakaysen,thestephmerritt,55
17805,Article,rondakaysen,brooksbarnesNYT,18
17828,Article,rondakaysen,pankajdoval,285
17830,Article,rondakaysen,parthasinha,11
17882,Article,rondakaysen,parthshastriTOI,113
17847,Article,rondakaysen,rondakaysen,1
17811,Article,rondakaysen,rondakaysen,1
17821,Article,rondakaysen,andrewrsorkin,4
17857,Article,rondakaysen,andrewrsorkin,9
17964,Tweet,rondakaysen,bencasselman,64
17915,Tweet,rondakaysen,JessicaValenti,2
17981,Tweet,rondakaysen,andrewrsorkin,13
17977,Tweet,rondakaysen,rondakaysen,1
17972,Tweet,rondakaysen,stevenpoole,78
17943,Tweet,rondakaysen,PerriKlass,31
17982,Tweet,rondakaysen,tejalrao,32
17965,Tweet,rondakaysen,SocialQPhilip,41
17989,Tweet,rondakaysen,DanBilefsky,285
17969,Tweet,rondakaysen,Bencjacobs,47
17983,Tweet,rondakaysen,SocialQPhilip,61
17949,Tweet,rondakaysen,tejalrao,64
17923,Tweet,rondakaysen,tarasbernard,51
17904,Tweet,rondakaysen,brooksbarnesNYT,23
17910,Tweet,rondakaysen,fmanjoo,56
5650,Article,DanBilefsky,jasondhorowitz,66
5629,Article,DanBilefsky,parul_sehgal,20
5648,Article,DanBilefsky,BenWeiserNYT,93
5617,Article,DanBilefsky,el_belson,90
5612,Article,DanBilefsky,JessicaValenti,231
5651,Article,DanBilefsky,livia_ar,192
5678,Article,DanBilefsky,kbennhold,21
5630,Article,DanBilefsky,DanBilefsky,1
5680,Article,DanBilefsky,ChuBailiang,26
5660,Article,DanBilefsky,CeylanWrites,19
5613,Article,DanBilefsky,UttaraVarmaTOI,270
5604,Article,DanBilefsky,aurelienbrd,8
5619,Article,DanBilefsky,jennydeluxe,27
5684,Article,DanBilefsky,NikiKitsantonis,28
5682,Article,DanBilefsky,NYTBen,10
5770,Tweet,DanBilefsky,antontroian,6
5754,Tweet,DanBilefsky,marywalshjourno,379
5782,Tweet,DanBilefsky,LeoHickman,48
5778,Tweet,DanBilefsky,RBReich,252
5797,Tweet,DanBilefsky,RaphaelMinder,11
5744,Tweet,DanBilefsky,viasimonromero,38
5791,Tweet,DanBilefsky,nytDeniseGrady,254
5743,Tweet,DanBilefsky,shiba_kurian,156
5793,Tweet,DanBilefsky,sudeshnagTOI,97
5713,Tweet,DanBilefsky,michaelcrowley,27
5750,Tweet,DanBilefsky,Lattif,18
5712,Tweet,DanBilefsky,pete_wells,10
5724,Tweet,DanBilefsky,gettinviggy,267
5775,Tweet,DanBilefsky,michaelcrowley,61
5786,Tweet,DanBilefsky,BellaKwai,31
27260,Article,kannoyoungs,FrancesRobles,15
27209,Article,kannoyoungs,ShaneGoldmacher,20
27222,Article,kannoyoungs,alexanderburns,46
27273,Article,kannoyoungs,farnazfassihi,275
27298,Article,kannoyoungs,livia_ar,18
27297,Article,kannoyoungs,RaphaelMinder,2
27257,Article,kannoyoungs,kbennhold,67
27210,Article,kannoyoungs,tarasbernard,107
27213,Article,kannoyoungs,hugolowell,8
27254,Article,kannoyoungs,jameskanter,19
27206,Article,kannoyoungs,DouthatNYT,72
27279,Article,kannoyoungs,RichardFausset,5
27219,Article,kannoyoungs,charlie_savage,9
27227,Article,kannoyoungs,jeannasmialek,55
27214,Article,kannoyoungs,EricaLG,6
27334,Tweet,kannoyoungs,paulkrugman,24
27305,Tweet,kannoyoungs,PamBelluck,34
27394,Tweet,kannoyoungs,TOISH31,425
27335,Tweet,kannoyoungs,npwcnn,208
27300,Tweet,kannoyoungs,ShaneGoldmacher,18
27379,Tweet,kannoyoungs,reidepstein,13
27368,Tweet,kannoyoungs,jwpetersNYT,51
27382,Tweet,kannoyoungs,SharonLNYT,10
27349,Tweet,kannoyoungs,thestephmerritt,260
27320,Tweet,kannoyoungs,gettinviggy,70
27370,Tweet,kannoyoungs,ericschmittnyt,9
27376,Tweet,kannoyoungs,aleksk,149
27383,Tweet,kannoyoungs,jennydeluxe,318
27306,Tweet,kannoyoungs,AnaSwanson,81
27328,Tweet,kannoyoungs,GiniaNYT,39
176903,Article,Banjotkaur,AditiZero,2
176795,Article,Banjotkaur,priyangiTOI,14
176983,Article,Banjotkaur,rjadHinduBL,5
176956,Article,Banjotkaur,psangeetha2112,17
176777,Article,Banjotkaur,kush_junglee,3
176772,Article,Banjotkaur,divyadubey_,22
176810,Article,Banjotkaur,pradeeptTOI,2
176976,Article,Banjotkaur,AditiZero,11
176782,Article,Banjotkaur,GRajivTOI,66
176812,Article,Banjotkaur,HemantaTOI,57
176827,Article,Banjotkaur,bagishjhaTOI,114
176938,Article,Banjotkaur,MKSinghGkp,93
176992,Article,Banjotkaur,nytDeniseGrady,10
176923,Article,Banjotkaur,SindhukTOI,18
176977,Article,Banjotkaur,AditiZero,46
177025,Tweet,Banjotkaur,carlzimmer,34
177027,Tweet,Banjotkaur,TOISH31,5
177038,Tweet,Banjotkaur,desaisantosh,81
177015,Tweet,Banjotkaur,mateenHTOI,86
177089,Tweet,Banjotkaur,amitanandTOI,95
177053,Tweet,Banjotkaur,Arun_Ram,27
177077,Tweet,Banjotkaur,MujMash,106
177058,Tweet,Banjotkaur,greenslader,97
177019,Tweet,Banjotkaur,sermoninstone,38
177051,Tweet,Banjotkaur,Rupalijee,8
177050,Tweet,Banjotkaur,Gauraw2297,67
177026,Tweet,Banjotkaur,AniltheMatrix,79
177028,Tweet,Banjotkaur,toi_dhananjayM,25
177056,Tweet,Banjotkaur,sushmi_dey,41
177060,Tweet,Banjotkaur,sudeshnagTOI,157
17046,Article,RaphaelMinder,stevenerlanger,4
17002,Article,RaphaelMinder,tomfriedman,2
17075,Article,RaphaelMinder,kbennhold,55
17026,Article,RaphaelMinder,aurelienbrd,6
17073,Article,RaphaelMinder,saumyajitbTOI,2
17093,Article,RaphaelMinder,michaelcrowley,2
17027,Article,RaphaelMinder,gilestremlett,8
17022,Article,RaphaelMinder,PatrickKingsley,24
17007,Article,RaphaelMinder,pete_wells,10
17098,Article,RaphaelMinder,meddynyt,8
17070,Article,RaphaelMinder,RaphaelMinder,1
17032,Article,RaphaelMinder,PatrickKingsley,2
17067,Article,RaphaelMinder,kbennhold,12
17077,Article,RaphaelMinder,gilestremlett,12
17031,Article,RaphaelMinder,smbahr14,94
17156,Tweet,RaphaelMinder,Crime_Selvaraj,71
17155,Tweet,RaphaelMinder,EVincentelli,39
17170,Tweet,RaphaelMinder,RaphaelMinder,1
17109,Tweet,RaphaelMinder,DSlotnik,74
17110,Tweet,RaphaelMinder,antontroian,3
17136,Tweet,RaphaelMinder,stevenpoole,24
17166,Tweet,RaphaelMinder,mateenHTOI,148
17198,Tweet,RaphaelMinder,HackneyAbbott,21
17197,Tweet,RaphaelMinder,DouthatNYT,60
17118,Tweet,RaphaelMinder,RaphaelMinder,1
17112,Tweet,RaphaelMinder,RBReich,6
17100,Tweet,RaphaelMinder,toi_rohanA,9
17140,Tweet,RaphaelMinder,ArthurNeslen,106
17182,Tweet,RaphaelMinder,IKershner,8
17114,Tweet,RaphaelMinder,RaphaelMinder,1
29607,Article,EmilyAnthes,salihughes,82
29685,Article,EmilyAnthes,apoorva_nyc,38
29606,Article,EmilyAnthes,RBReich,3
29666,Article,EmilyAnthes,jimwaterson,100
29619,Article,EmilyAnthes,RBReich,14
29636,Article,EmilyAnthes,KomalGautham,85
29684,Article,EmilyAnthes,ByJamesWagner,48
29627,Article,EmilyAnthes,SherylNYT,4
29655,Article,EmilyAnthes,apoorva_nyc,60
29688,Article,EmilyAnthes,EmilyAnthes,1
29692,Article,EmilyAnthes,EmilyAnthes,1
29623,Article,EmilyAnthes,apoorva_nyc,3
29602,Article,EmilyAnthes,EmilyAnthes,1
29635,Article,EmilyAnthes,EmilyAnthes,1
29618,Article,EmilyAnthes,smervosh,65
29702,Tweet,EmilyAnthes,joncaramanica,74
29706,Tweet,EmilyAnthes,carlzimmer,7
29745,Tweet,EmilyAnthes,gmorgenson,142
29769,Tweet,EmilyAnthes,rachlharris,36
29710,Tweet,EmilyAnthes,sangerkatz,17
29716,Tweet,EmilyAnthes,pete_wells,83
29759,Tweet,EmilyAnthes,vijaysinghTOI,40
29750,Tweet,EmilyAnthes,lauriegnyt,149
29703,Tweet,EmilyAnthes,RoniNYTimes,8
29718,Tweet,EmilyAnthes,mlevenson,9
29725,Tweet,EmilyAnthes,desaisantosh,437
29717,Tweet,EmilyAnthes,andrewrawnsley,344
29795,Tweet,EmilyAnthes,GeorgeMonbiot,185
29787,Tweet,EmilyAnthes,KSchulten,86
29720,Tweet,EmilyAnthes,genznyt,2
15684,Article,nytdavidbrooks,margaretrenkl,3
15670,Article,nytdavidbrooks,NYTimesCohen,21
15689,Article,nytdavidbrooks,nytdavidbrooks,1
15630,Article,nytdavidbrooks,DouthatNYT,72
15629,Article,nytdavidbrooks,wesley_morris,15
15631,Article,nytdavidbrooks,DouthatNYT,9
15681,Article,nytdavidbrooks,DouthatNYT,15
15626,Article,nytdavidbrooks,RorySmith,17
15661,Article,nytdavidbrooks,michelleinbklyn,33
15682,Article,nytdavidbrooks,nytdavidbrooks,1
15673,Article,nytdavidbrooks,PatrickKingsley,5
15615,Article,nytdavidbrooks,margaretrenkl,5
15657,Article,nytdavidbrooks,hillhulse,14
15665,Article,nytdavidbrooks,nytdavidbrooks,1
15677,Article,nytdavidbrooks,nytdavidbrooks,1
15708,Tweet,nytdavidbrooks,paulkrugman,12
15753,Tweet,nytdavidbrooks,leninology,49
15774,Tweet,nytdavidbrooks,ginakolata,79
15714,Tweet,nytdavidbrooks,dwightgarner,10
15766,Tweet,nytdavidbrooks,SocialQPhilip,14
15790,Tweet,nytdavidbrooks,IKershner,10
15725,Tweet,nytdavidbrooks,genznyt,47
15731,Tweet,nytdavidbrooks,lisamonteiroTOI,12
15778,Tweet,nytdavidbrooks,liamstack,10
15756,Tweet,nytdavidbrooks,NYTimesCohen,44
15739,Tweet,nytdavidbrooks,RBReich,120
15773,Tweet,nytdavidbrooks,MichaelPaulson,38
15788,Tweet,nytdavidbrooks,williamkeegan,80
15705,Tweet,nytdavidbrooks,sangerkatz,5
15734,Tweet,nytdavidbrooks,FrankBruni,2
184159,Article,GovindKMaadTOI,SumitraDebRoy,34
184106,Article,GovindKMaadTOI,vijayVsinghTOI,214
184197,Article,GovindKMaadTOI,MichaelPaulson,289
184230,Article,GovindKMaadTOI,NewtonSTOI,81
184187,Article,GovindKMaadTOI,AtulMathur_,55
184151,Article,GovindKMaadTOI,AtulMathur_,101
184047,Article,GovindKMaadTOI,nauzerbTOI,135
184023,Article,GovindKMaadTOI,sudhanshub16,11
184119,Article,GovindKMaadTOI,BhanupratapsTOI,23
184144,Article,GovindKMaadTOI,SumitraDebRoy,15
184209,Article,GovindKMaadTOI,vijayVsinghTOI,169
184129,Article,GovindKMaadTOI,thestephmerritt,202
184078,Article,GovindKMaadTOI,SidharthB25,79
184037,Article,GovindKMaadTOI,SidharthB25,15
184172,Article,GovindKMaadTOI,Mahafreed_Irani,29
184340,Tweet,GovindKMaadTOI,AniltheMatrix,5
184313,Tweet,GovindKMaadTOI,HackneyAbbott,172
184345,Tweet,GovindKMaadTOI,gailcollins,173
184317,Tweet,GovindKMaadTOI,lucysiegle,121
184338,Tweet,GovindKMaadTOI,murarishetyeTOI,98
184356,Tweet,GovindKMaadTOI,HemantaTOI,3
184310,Tweet,GovindKMaadTOI,journo_vibha,38
184335,Tweet,GovindKMaadTOI,williamkeegan,322
184321,Tweet,GovindKMaadTOI,saumyajitbTOI,12
184329,Tweet,GovindKMaadTOI,dubeyavishek,16
184307,Tweet,GovindKMaadTOI,akhileshsTOI,73
184339,Tweet,GovindKMaadTOI,LFFriedman,268
184341,Tweet,GovindKMaadTOI,bindiyachariTOI,16
184347,Tweet,GovindKMaadTOI,gettinviggy,463
184283,Tweet,GovindKMaadTOI,bindiyachariTOI,5
201152,Article,PhanindraP_TNIE,Crime_Selvaraj,3
201191,Article,PhanindraP_TNIE,007pandey,41
201254,Article,PhanindraP_TNIE,AtulMathur_,57
201232,Article,PhanindraP_TNIE,ManjuVTOI,133
201194,Article,PhanindraP_TNIE,SindhukTOI,4
201229,Article,PhanindraP_TNIE,SwatiShindeTOI,48
201141,Article,PhanindraP_TNIE,KapildaveTOI,5
201199,Article,PhanindraP_TNIE,NYTBen,224
201164,Article,PhanindraP_TNIE,rajendrasTOI,2
201233,Article,PhanindraP_TNIE,AshokPradhanTOI,46
201253,Article,PhanindraP_TNIE,amitanandTOI,8
201151,Article,PhanindraP_TNIE,SindhukTOI,9
201183,Article,PhanindraP_TNIE,dkarthikTOI,31
201133,Article,PhanindraP_TNIE,SribaalaVTOI,12
201222,Article,PhanindraP_TNIE,anandbodhTOI,10
201317,Tweet,PhanindraP_TNIE,NewtonSTOI,289
201269,Tweet,PhanindraP_TNIE,aditya_bh16,66
201263,Tweet,PhanindraP_TNIE,manvirsainiTOI,11
201259,Tweet,PhanindraP_TNIE,Gauraw2297,80
201275,Tweet,PhanindraP_TNIE,ArunDev1,197
201291,Tweet,PhanindraP_TNIE,SindhukTOI,37
201272,Tweet,PhanindraP_TNIE,smita_mishra,87
201300,Tweet,PhanindraP_TNIE,RosySequeiraTOI,78
201292,Tweet,PhanindraP_TNIE,NishikantkTOI,23
201283,Tweet,PhanindraP_TNIE,rhymetraveller,53
201286,Tweet,PhanindraP_TNIE,kannoyoungs,117
201301,Tweet,PhanindraP_TNIE,vivek9301,29
201280,Tweet,PhanindraP_TNIE,PjJoychen,47
201307,Tweet,PhanindraP_TNIE,pradeeptTOI,32
201279,Tweet,PhanindraP_TNIE,journo_vibha,37
26467,Article,michaelcrowley,antontroian,3
26411,Article,michaelcrowley,ericschmittnyt,6
26433,Article,michaelcrowley,michaelcrowley,1
26461,Article,michaelcrowley,ElisabethMalkin,26
26407,Article,michaelcrowley,ewong,18
26409,Article,michaelcrowley,tariqpanja,2
26405,Article,michaelcrowley,michaelcrowley,1
26421,Article,michaelcrowley,jameskanter,3
26423,Article,michaelcrowley,IKershner,5
26434,Article,michaelcrowley,michaelcrowley,1
26424,Article,michaelcrowley,jimtankersley,29
26455,Article,michaelcrowley,IKershner,31
26417,Article,michaelcrowley,hillhulse,40
26408,Article,michaelcrowley,ElisabethMalkin,56
26426,Article,michaelcrowley,paulkrugman,22
26592,Tweet,michaelcrowley,michaelcrowley,1
26597,Tweet,michaelcrowley,nytdavidbrooks,179
26589,Tweet,michaelcrowley,RosySequeiraTOI,381
26515,Tweet,michaelcrowley,michelleinbklyn,60
26586,Tweet,michaelcrowley,hugolowell,172
26504,Tweet,michaelcrowley,antontroian,33
26505,Tweet,michaelcrowley,Chethan_Dash,139
26527,Tweet,michaelcrowley,GlennThrush,127
26578,Tweet,michaelcrowley,mikeives,29
26579,Tweet,michaelcrowley,RosySequeiraTOI,423
26583,Tweet,michaelcrowley,patrickwintour,3
26539,Tweet,michaelcrowley,andrew_mueller,25
26573,Tweet,michaelcrowley,IKershner,32
26584,Tweet,michaelcrowley,palaknandiTOI,10
26598,Tweet,michaelcrowley,suilee,96
14230,Article,mlevenson,NickAtNews,64
14273,Article,mlevenson,livia_ar,13
14259,Article,mlevenson,ChuBailiang,54
14290,Article,mlevenson,paulkrugman,143
14268,Article,mlevenson,EricaLG,22
14288,Article,mlevenson,JessicaValenti,208
14236,Article,mlevenson,cdcaron,14
14208,Article,mlevenson,ByJamesWagner,26
14210,Article,mlevenson,hugolowell,86
14248,Article,mlevenson,SocialQPhilip,68
14238,Article,mlevenson,FrancesRobles,33
14286,Article,mlevenson,RBReich,36
14232,Article,mlevenson,AlokKNMishra,147
14203,Article,mlevenson,BenWeiserNYT,58
14242,Article,mlevenson,cdcaron,31
14349,Tweet,mlevenson,priyagupta999,31
14331,Tweet,mlevenson,murarishetyeTOI,71
14335,Tweet,mlevenson,jameskanter,42
14316,Tweet,mlevenson,noamscheiber,193
14329,Tweet,mlevenson,nytDeniseGrady,68
14307,Tweet,mlevenson,paulmasonnews,146
14389,Tweet,mlevenson,RaphaelMinder,120
14398,Tweet,mlevenson,vaibhavgTOI,144
14395,Tweet,mlevenson,mtomasky,37
14310,Tweet,mlevenson,mtomasky,82
14380,Tweet,mlevenson,genznyt,42
14375,Tweet,mlevenson,DSlotnik,36
14323,Tweet,mlevenson,KTVinobhaTOI,33
14315,Tweet,mlevenson,jorifinkel,32
14317,Tweet,mlevenson,vijayVsinghTOI,125
13613,Article,MichaelPaulson,bindiyachariTOI,8
13681,Article,MichaelPaulson,paulkrugman,26
13622,Article,MichaelPaulson,williamnhutton,84
13639,Article,MichaelPaulson,jameskanter,4
13610,Article,MichaelPaulson,FrankBruni,3
13617,Article,MichaelPaulson,NYTimesCohen,15
13659,Article,MichaelPaulson,naomi2009,12
13645,Article,MichaelPaulson,MichaelPaulson,1
13623,Article,MichaelPaulson,stevenpoole,17
13677,Article,MichaelPaulson,dwightgarner,32
13605,Article,MichaelPaulson,GiniaNYT,6
13674,Article,MichaelPaulson,sio_burke,19
13606,Article,MichaelPaulson,FelicityCloake,221
13658,Article,MichaelPaulson,journo_vibha,312
13646,Article,MichaelPaulson,MichaelPaulson,1
13751,Tweet,MichaelPaulson,ASoloski,24
13746,Tweet,MichaelPaulson,ajaysuraTOI,62
13729,Tweet,MichaelPaulson,HinaRohtaki,119
13787,Tweet,MichaelPaulson,MichaelPaulson,1
13771,Tweet,MichaelPaulson,mtomasky,122
13737,Tweet,MichaelPaulson,ShaneGoldmacher,8
13777,Tweet,MichaelPaulson,AlokKNMishra,9
13708,Tweet,MichaelPaulson,ggreenwald,42
13793,Tweet,MichaelPaulson,kbennhold,39
13786,Tweet,MichaelPaulson,pete_wells,9
13721,Tweet,MichaelPaulson,MichaelPaulson,1
13795,Tweet,MichaelPaulson,PjJoychen,10
13752,Tweet,MichaelPaulson,ramarkosg,23
13753,Tweet,MichaelPaulson,rishachitlangia,10
13766,Tweet,MichaelPaulson,philipoltermann,46
30235,Article,smervosh,adamliptak,19
30239,Article,smervosh,ottolenghi,193
30290,Article,smervosh,RichardFausset,43
30284,Article,smervosh,brooksbarnesNYT,100
30250,Article,smervosh,meddynyt,19
30258,Article,smervosh,SharonLNYT,14
30202,Article,smervosh,RachelDonadio,82
30207,Article,smervosh,AmritadTOI,460
30221,Article,smervosh,tripgabriel,32
30274,Article,smervosh,llerer,17
30276,Article,smervosh,EricaLG,15
30246,Article,smervosh,tripgabriel,46
30252,Article,smervosh,AtulMathur_,10
30222,Article,smervosh,dwightgarner,185
30209,Article,smervosh,dwightgarner,58
30339,Tweet,smervosh,marywalshjourno,123
30397,Tweet,smervosh,jonronson,140
30324,Tweet,smervosh,vvfriedman,46
30385,Tweet,smervosh,apoorva_nyc,35
30371,Tweet,smervosh,FabrizioRomano,25
30302,Tweet,smervosh,gailcollins,120
30354,Tweet,smervosh,OLIVERBALCH,11
30309,Tweet,smervosh,LFFriedman,34
30319,Tweet,smervosh,vijayVsinghTOI,81
30395,Tweet,smervosh,EmilyAnthes,11
30343,Tweet,smervosh,MichaelPaulson,93
30373,Tweet,smervosh,KTVinobhaTOI,445
30356,Tweet,smervosh,mswainwright,319
30327,Tweet,smervosh,ESCochrane,71
30380,Tweet,smervosh,payaldhawanTOI,89
181457,Article,divyadubey_,nandinisgTOI,27
181512,Article,divyadubey_,SidharthB25,36
181444,Article,divyadubey_,SagrikaKissu,142
181459,Article,divyadubey_,TOISH31,111
181507,Article,divyadubey_,vaibhavgTOI,2
181466,Article,divyadubey_,007pandey,62
181469,Article,divyadubey_,niyatiparikhTOI,30
181447,Article,divyadubey_,nytDeniseGrady,14
181478,Article,divyadubey_,DekaJayanta,10
181504,Article,divyadubey_,tomdyckhoff,46
181476,Article,divyadubey_,smita_mishra,13
181500,Article,divyadubey_,toi_dhananjayM,28
181489,Article,divyadubey_,PjJoychen,36
181462,Article,divyadubey_,27saurabhsinha,7
181505,Article,divyadubey_,bishnoiarvind11,72
181553,Tweet,divyadubey_,jatinder_tur,10
181590,Tweet,divyadubey_,parthshastriTOI,167
181582,Tweet,divyadubey_,AlokKNMishra,11
181557,Tweet,divyadubey_,binays1960,126
181575,Tweet,divyadubey_,niyatiparikhTOI,63
181570,Tweet,divyadubey_,rishachitlangia,82
181604,Tweet,divyadubey_,MKSinghGkp,23
181542,Tweet,divyadubey_,KTVinobhaTOI,121
181538,Tweet,divyadubey_,rajendrasTOI,173
181566,Tweet,divyadubey_,smita_mishra,2
181600,Tweet,divyadubey_,vijayVsinghTOI,37
181560,Tweet,divyadubey_,toi_dhananjayM,79
181610,Tweet,divyadubey_,MKSinghGkp,10
181565,Tweet,divyadubey_,MKSinghGkp,16
181568,Tweet,divyadubey_,llerer,249
25687,Article,farnazfassihi,KeithBradsher,22
25694,Article,farnazfassihi,damiencave,3
25661,Article,farnazfassihi,antontroian,3
25617,Article,farnazfassihi,farnazfassihi,1
25638,Article,farnazfassihi,bencasselman,25
25676,Article,farnazfassihi,farnazfassihi,1
25651,Article,farnazfassihi,ukigoni,2
25672,Article,farnazfassihi,IKershner,37
25662,Article,farnazfassihi,hugolowell,74
25648,Article,farnazfassihi,farnazfassihi,1
25650,Article,farnazfassihi,ewong,13
25680,Article,farnazfassihi,IKershner,5
25637,Article,farnazfassihi,IKershner,4
25626,Article,farnazfassihi,farnazfassihi,1
25605,Article,farnazfassihi,PatrickKingsley,11
25731,Tweet,farnazfassihi,karenzraick,246
25748,Tweet,farnazfassihi,zwoolfe,33
25715,Tweet,farnazfassihi,lauriegnyt,20
25758,Tweet,farnazfassihi,nnougayrede,42
25749,Tweet,farnazfassihi,EricaLG,76
25792,Tweet,farnazfassihi,DouthatNYT,178
25734,Tweet,farnazfassihi,paulkrugman,15
25711,Tweet,farnazfassihi,carolecadwalla,95
25751,Tweet,farnazfassihi,antontroian,42
25793,Tweet,farnazfassihi,laurenlaverne,370
25778,Tweet,farnazfassihi,mikeives,9
25724,Tweet,farnazfassihi,priyagupta999,219
25717,Tweet,farnazfassihi,gmorgenson,15
25770,Tweet,farnazfassihi,zwoolfe,165
25740,Tweet,farnazfassihi,tushhaikhush,120
173254,Article,AniltheMatrix,rajendrasTOI,15
173138,Article,AniltheMatrix,KapildaveTOI,29
173331,Article,AniltheMatrix,divyapal2013,24
173177,Article,AniltheMatrix,SindhukTOI,189
173248,Article,AniltheMatrix,AshokPradhanTOI,31
173237,Article,AniltheMatrix,rajendrasTOI,7
173346,Article,AniltheMatrix,ramendrasTOI,93
173333,Article,AniltheMatrix,AditiZero,85
173232,Article,AniltheMatrix,asrpmukeshTOI,24
173242,Article,AniltheMatrix,AshokPradhanTOI,22
173348,Article,AniltheMatrix,KapildaveTOI,20
173221,Article,AniltheMatrix,somitsenTOI,59
173302,Article,AniltheMatrix,rajendrasTOI,53
173328,Article,AniltheMatrix,ronojoy_sen,2
173293,Article,AniltheMatrix,akhileshsTOI,2
173399,Tweet,AniltheMatrix,vivek9301,7
173430,Tweet,AniltheMatrix,vivek9301,5
173442,Tweet,AniltheMatrix,TridibIANS,51
173456,Tweet,AniltheMatrix,tushhaikhush,27
173374,Tweet,AniltheMatrix,SunilSubaiah,12
173412,Tweet,AniltheMatrix,toi_shailendraA,2
173382,Tweet,AniltheMatrix,AniltheMatrix,1
173390,Tweet,AniltheMatrix,AniltheMatrix,1
173395,Tweet,AniltheMatrix,RosySequeiraTOI,104
173406,Tweet,AniltheMatrix,AniltheMatrix,1
173462,Tweet,AniltheMatrix,Shrivathsan1437,218
173398,Tweet,AniltheMatrix,sarahchurchwell,47
173383,Tweet,AniltheMatrix,petleepeter,27
173376,Tweet,AniltheMatrix,AniltheMatrix,1
173464,Tweet,AniltheMatrix,parul_sehgal,229
1230,Article,anniekarni,anniekarni,1
1270,Article,anniekarni,ShaneGoldmacher,12
1299,Article,anniekarni,hillhulse,50
1206,Article,anniekarni,jwpetersNYT,2
1252,Article,anniekarni,anniekarni,1
1282,Article,anniekarni,charlie_savage,31
1234,Article,anniekarni,mikeives,289
1205,Article,anniekarni,BenWeiserNYT,13
1274,Article,anniekarni,RBReich,157
1286,Article,anniekarni,ShaneGoldmacher,7
1227,Article,anniekarni,ESCochrane,24
1228,Article,anniekarni,PatriciaMazzei,36
1201,Article,anniekarni,NYTimesCohen,52
1261,Article,anniekarni,ESCochrane,27
1283,Article,anniekarni,EmmaBubola,61
1392,Tweet,anniekarni,jmart,28
1360,Tweet,anniekarni,hillhulse,38
1325,Tweet,anniekarni,stevenerlanger,191
1331,Tweet,anniekarni,ShaneGoldmacher,27
1312,Tweet,anniekarni,antontroian,6
1370,Tweet,anniekarni,noamscheiber,32
1310,Tweet,anniekarni,kannoyoungs,12
1379,Tweet,anniekarni,tripgabriel,23
1313,Tweet,anniekarni,ggreenwald,25
1301,Tweet,anniekarni,gettinviggy,8
1386,Tweet,anniekarni,tripgabriel,32
1302,Tweet,anniekarni,Bencjacobs,24
1362,Tweet,anniekarni,PrashantrTOI,222
1358,Tweet,anniekarni,alexanderburns,7
1359,Tweet,anniekarni,SocialQPhilip,33
189341,Article,KomalGautham,anandbodhTOI,6
189293,Article,KomalGautham,Banjotkaur,7
189414,Article,KomalGautham,dklavaniaTOI,37
189353,Article,KomalGautham,KomalGautham,1
189487,Article,KomalGautham,SindhukTOI,56
189384,Article,KomalGautham,DSandip_TOI,33
189278,Article,KomalGautham,KomalGautham,1
189333,Article,KomalGautham,Crime_Selvaraj,19
189325,Article,KomalGautham,KomalGautham,1
189286,Article,KomalGautham,KomalGautham,1
189403,Article,KomalGautham,petleepeter,5
189312,Article,KomalGautham,vishwamTOI,2
189405,Article,KomalGautham,priyangiTOI,8
189404,Article,KomalGautham,MiriamElder,10
189454,Article,KomalGautham,Banjotkaur,51
189534,Tweet,KomalGautham,journo_vibha,31
189597,Tweet,KomalGautham,SindhukTOI,3
189603,Tweet,KomalGautham,kush_junglee,65
189583,Tweet,KomalGautham,NishikantkTOI,20
189535,Tweet,KomalGautham,kush_junglee,2
189608,Tweet,KomalGautham,MujMash,17
189576,Tweet,KomalGautham,murarishetyeTOI,234
189520,Tweet,KomalGautham,dklavaniaTOI,230
189582,Tweet,KomalGautham,desaisantosh,169
189538,Tweet,KomalGautham,SindhukTOI,2
189568,Tweet,KomalGautham,EricaLG,97
189604,Tweet,KomalGautham,PatrickKingsley,392
189559,Tweet,KomalGautham,sendvictorious,27
189600,Tweet,KomalGautham,naomi2009,143
189617,Tweet,KomalGautham,suilee,56
204287,Article,rajatpTOI,rajatpTOI,1
204444,Article,rajatpTOI,rajatpTOI,1
204303,Article,rajatpTOI,rajatpTOI,1
204255,Article,rajatpTOI,KapildaveTOI,3
204401,Article,rajatpTOI,rajatpTOI,1
204382,Article,rajatpTOI,KapildaveTOI,2
204393,Article,rajatpTOI,rajatpTOI,1
204398,Article,rajatpTOI,rajatpTOI,1
204308,Article,rajatpTOI,rajatpTOI,1
204399,Article,rajatpTOI,rajatpTOI,1
204370,Article,rajatpTOI,rajatpTOI,1
204386,Article,rajatpTOI,vijayVsinghTOI,62
204414,Article,rajatpTOI,rajatpTOI,1
204332,Article,rajatpTOI,jatinder_tur,2
204292,Article,rajatpTOI,jatinder_tur,2
204566,Tweet,rajatpTOI,GRajivTOI,219
204516,Tweet,rajatpTOI,PNaveenTOI,6
204564,Tweet,rajatpTOI,shafaquealamTOI,45
204536,Tweet,rajatpTOI,damiencave,56
204571,Tweet,rajatpTOI,RosySequeiraTOI,305
204504,Tweet,rajatpTOI,PNaveenTOI,2
204553,Tweet,rajatpTOI,MoharBasu,64
204578,Tweet,rajatpTOI,naomi2009,361
204584,Tweet,rajatpTOI,jatinder_tur,18
204588,Tweet,rajatpTOI,rajatpTOI,1
204502,Tweet,rajatpTOI,PNaveenTOI,3
204562,Tweet,rajatpTOI,shafaquealamTOI,51
204558,Tweet,rajatpTOI,priyangiTOI,10
204518,Tweet,rajatpTOI,_nicolaclark,111
204590,Tweet,rajatpTOI,rachshabi,281
218335,Article,tushhaikhush,jotted,232
218555,Article,tushhaikhush,jotted,300
218353,Article,tushhaikhush,Pratiks_TOI,60
218417,Article,tushhaikhush,AshokPradhanTOI,47
218535,Article,tushhaikhush,TOISH31,8
218512,Article,tushhaikhush,toi_shailendraA,4
218375,Article,tushhaikhush,desaisantosh,38
218336,Article,tushhaikhush,parthasinha,13
218398,Article,tushhaikhush,richapintoi,29
218360,Article,tushhaikhush,rajatpTOI,2
218527,Article,tushhaikhush,sermoninstone,128
218443,Article,tushhaikhush,lukeharding1968,124
218355,Article,tushhaikhush,debaratisen,171
218567,Article,tushhaikhush,ManjuVTOI,18
218504,Article,tushhaikhush,AraniBasuTOI,90
218667,Tweet,tushhaikhush,nicklezard,23
218648,Tweet,tushhaikhush,aditya_bh16,31
218662,Tweet,tushhaikhush,petleepeter,2
218675,Tweet,tushhaikhush,antontroian,52
218669,Tweet,tushhaikhush,IKershner,30
218597,Tweet,tushhaikhush,nytDeniseGrady,452
218647,Tweet,tushhaikhush,EricaLG,17
218679,Tweet,tushhaikhush,divyapal2013,3
218677,Tweet,tushhaikhush,TOISH31,42
218658,Tweet,tushhaikhush,EricaLG,12
218588,Tweet,tushhaikhush,petleepeter,2
218678,Tweet,tushhaikhush,toi_ManujaV,19
218664,Tweet,tushhaikhush,jhoffman,30
218629,Tweet,tushhaikhush,tushhaikhush,1
218593,Tweet,tushhaikhush,TridibIANS,5
210192,Article,Shilarze_SSR,martcrossy,5
210128,Article,Shilarze_SSR,adwaidh,46
210253,Article,Shilarze_SSR,Shilarze_SSR,1
210146,Article,Shilarze_SSR,kenvogel,97
210267,Article,Shilarze_SSR,vivek9301,12
210169,Article,Shilarze_SSR,TOISH31,14
210195,Article,Shilarze_SSR,rajatpTOI,9
210119,Article,Shilarze_SSR,Pratiks_TOI,3
210122,Article,Shilarze_SSR,vivek9301,18
210074,Article,Shilarze_SSR,aniljdias,46
210193,Article,Shilarze_SSR,AraniBasuTOI,54
210095,Article,Shilarze_SSR,tariqpanja,2
210091,Article,Shilarze_SSR,Shilarze_SSR,1
210083,Article,Shilarze_SSR,AraniBasuTOI,25
210072,Article,Shilarze_SSR,FabrizioRomano,4
210356,Tweet,Shilarze_SSR,tariqpanja,119
210366,Tweet,Shilarze_SSR,PNaveenTOI,38
210338,Tweet,Shilarze_SSR,aditya_bh16,17
210299,Tweet,Shilarze_SSR,ChaitanyadTOI,151
210340,Tweet,Shilarze_SSR,BenRothenberg,17
210327,Tweet,Shilarze_SSR,RorySmith,66
210380,Tweet,Shilarze_SSR,ajaysuraTOI,68
210298,Tweet,Shilarze_SSR,ArunDev1,193
210334,Tweet,Shilarze_SSR,andybrassell,3
210358,Tweet,Shilarze_SSR,RorySmith,7
210352,Tweet,Shilarze_SSR,bglendenning,56
210324,Tweet,Shilarze_SSR,Shilarze_SSR,1
210359,Tweet,Shilarze_SSR,ramendrasTOI,9
210341,Tweet,Shilarze_SSR,pradeeptTOI,103
210368,Tweet,Shilarze_SSR,yeshikabudhwar,32
194451,Article,MoharBasu,priyagupta999,2
194498,Article,MoharBasu,EVincentelli,134
194555,Article,MoharBasu,MoharBasu,1
194349,Article,MoharBasu,MoharBasu,1
194577,Article,MoharBasu,MoharBasu,1
194442,Article,MoharBasu,MoharBasu,1
194370,Article,MoharBasu,wesley_morris,33
194586,Article,MoharBasu,priyagupta999,3
194409,Article,MoharBasu,divyapal2013,10
194395,Article,MoharBasu,MoharBasu,1
194578,Article,MoharBasu,MoharBasu,1
194481,Article,MoharBasu,priyagupta999,2
194516,Article,MoharBasu,divyapal2013,2
194358,Article,MoharBasu,MoharBasu,1
194373,Article,MoharBasu,MoharBasu,1
194657,Tweet,MoharBasu,MoharBasu,1
194617,Tweet,MoharBasu,jhoffman,3
194601,Tweet,MoharBasu,bglendenning,207
194681,Tweet,MoharBasu,smita_mishra,9
194609,Tweet,MoharBasu,annanorthtweets,13
194641,Tweet,MoharBasu,smita_mishra,20
194640,Tweet,MoharBasu,andrewrawnsley,30
194627,Tweet,MoharBasu,jonpareles,2
194687,Tweet,MoharBasu,desaisantosh,189
194602,Tweet,MoharBasu,tushhaikhush,24
194647,Tweet,MoharBasu,sermoninstone,3
194686,Tweet,MoharBasu,elizabday,114
194646,Tweet,MoharBasu,farnazfassihi,19
194664,Tweet,MoharBasu,sermoninstone,3
194659,Tweet,MoharBasu,joncaramanica,434
207348,Article,ronojoy_sen,Banjotkaur,3
207371,Article,ronojoy_sen,desaisantosh,85
207372,Article,ronojoy_sen,ronojoy_sen,1
207379,Article,ronojoy_sen,ronojoy_sen,1
207363,Article,ronojoy_sen,Crime_Selvaraj,28
207359,Article,ronojoy_sen,hugolowell,156
207362,Article,ronojoy_sen,divyapal2013,180
207338,Article,ronojoy_sen,DeccaJourno,4
207369,Article,ronojoy_sen,desaisantosh,109
207343,Article,ronojoy_sen,shattenstone,385
207391,Article,ronojoy_sen,NYTimesCohen,73
207354,Article,ronojoy_sen,saumyajitbTOI,61
207370,Article,ronojoy_sen,parul_sehgal,38
207352,Article,ronojoy_sen,abantika77,32
207398,Article,ronojoy_sen,pete_wells,379
207468,Tweet,ronojoy_sen,meeravohraTOI,9
207404,Tweet,ronojoy_sen,advityabahlTOI,71
207432,Tweet,ronojoy_sen,KTVinobhaTOI,181
207465,Tweet,ronojoy_sen,desaisantosh,2
207486,Tweet,ronojoy_sen,desaisantosh,2
207467,Tweet,ronojoy_sen,BawaNaaved,55
207417,Tweet,ronojoy_sen,psangeetha2112,57
207466,Tweet,ronojoy_sen,ronojoy_sen,1
207435,Tweet,ronojoy_sen,viasimonromero,161
207421,Tweet,ronojoy_sen,AlysFowler,45
207479,Tweet,ronojoy_sen,desaisantosh,2
207427,Tweet,ronojoy_sen,desaisantosh,51
207431,Tweet,ronojoy_sen,ramendrasTOI,65
207451,Tweet,ronojoy_sen,desaisantosh,2
207476,Tweet,ronojoy_sen,KTVinobhaTOI,66
5272,Article,ChuBailiang,AnaSwanson,49
5209,Article,ChuBailiang,ewong,52
5204,Article,ChuBailiang,ChuBailiang,1
5274,Article,ChuBailiang,stevenerlanger,4
5277,Article,ChuBailiang,vwang3,2
5241,Article,ChuBailiang,ChuBailiang,1
5220,Article,ChuBailiang,DanBilefsky,67
5247,Article,ChuBailiang,jotted,7
5232,Article,ChuBailiang,peterbakernyt,22
5267,Article,ChuBailiang,ChuBailiang,1
5256,Article,ChuBailiang,ericschmittnyt,4
5246,Article,ChuBailiang,damiencave,16
5280,Article,ChuBailiang,stevenerlanger,16
5243,Article,ChuBailiang,mikeives,16
5201,Article,ChuBailiang,mikeives,5
5377,Tweet,ChuBailiang,suilee,7
5316,Tweet,ChuBailiang,ginakolata,419
5319,Tweet,ChuBailiang,NYTimesCohen,222
5303,Tweet,ChuBailiang,rebeccaSTOI,30
5310,Tweet,ChuBailiang,vijaysinghTOI,8
5385,Tweet,ChuBailiang,joshwiddicombe,74
5362,Tweet,ChuBailiang,ChuBailiang,1
5376,Tweet,ChuBailiang,Crime_Selvaraj,4
5386,Tweet,ChuBailiang,shafaquealamTOI,34
5311,Tweet,ChuBailiang,durgeshjhaTOI,132
5339,Tweet,ChuBailiang,we_are_food,2
5371,Tweet,ChuBailiang,vvfriedman,229
5369,Tweet,ChuBailiang,ChaitanyadTOI,369
5315,Tweet,ChuBailiang,meddynyt,18
5322,Tweet,ChuBailiang,StacyCowley,133
194940,Article,MohitaTOI,MKSinghGkp,33
194878,Article,MohitaTOI,toi_ManujaV,18
194778,Article,MohitaTOI,binays1960,40
194775,Article,MohitaTOI,RosySequeiraTOI,27
194769,Article,MohitaTOI,007pandey,2
194805,Article,MohitaTOI,paulkrugman,341
194807,Article,MohitaTOI,ArunDev1,14
194936,Article,MohitaTOI,sermoninstone,5
194787,Article,MohitaTOI,AraniBasuTOI,103
194939,Article,MohitaTOI,divyadubey_,248
194934,Article,MohitaTOI,MohitaTOI,1
194912,Article,MohitaTOI,richapintoi,22
194836,Article,MohitaTOI,billmpennington,186
194901,Article,MohitaTOI,digbijaymishra1,135
194736,Article,MohitaTOI,priyangiTOI,5
194991,Tweet,MohitaTOI,KTVinobhaTOI,47
194946,Tweet,MohitaTOI,SwatiShindeTOI,53
194959,Tweet,MohitaTOI,Gauraw2297,4
194976,Tweet,MohitaTOI,DekaJayanta,34
195026,Tweet,MohitaTOI,sermoninstone,3
194990,Tweet,MohitaTOI,KTVinobhaTOI,70
195039,Tweet,MohitaTOI,priyangiTOI,13
194993,Tweet,MohitaTOI,SwatiShindeTOI,27
195017,Tweet,MohitaTOI,digbijaymishra1,62
195024,Tweet,MohitaTOI,RosySequeiraTOI,172
195023,Tweet,MohitaTOI,NewtonSTOI,54
195030,Tweet,MohitaTOI,IKershner,2
195018,Tweet,MohitaTOI,HinaRohtaki,87
194982,Tweet,MohitaTOI,MohitaTOI,1
194964,Tweet,MohitaTOI,afuahirsch,332
195742,Article,murarishetyeTOI,dubeyavishek,12
195827,Article,murarishetyeTOI,HemantaTOI,7
195705,Article,murarishetyeTOI,bagishjhaTOI,10
195703,Article,murarishetyeTOI,RosySequeiraTOI,36
195861,Article,murarishetyeTOI,vijayVsinghTOI,10
195878,Article,murarishetyeTOI,Shilarze_SSR,398
195798,Article,murarishetyeTOI,SidharthB25,24
195903,Article,murarishetyeTOI,DanielKingChess,237
195769,Article,murarishetyeTOI,nauzerbTOI,17
195707,Article,murarishetyeTOI,john_hooper,31
195914,Article,murarishetyeTOI,mateenHTOI,34
195716,Article,murarishetyeTOI,mariellaf1,15
195849,Article,murarishetyeTOI,bindiyachariTOI,9
195704,Article,murarishetyeTOI,AjayUgrasTOI,56
195754,Article,murarishetyeTOI,bindiyachariTOI,72
195947,Tweet,murarishetyeTOI,murarishetyeTOI,1
195996,Tweet,murarishetyeTOI,murarishetyeTOI,1
196011,Tweet,murarishetyeTOI,murarishetyeTOI,1
195980,Tweet,murarishetyeTOI,PjJoychen,67
196008,Tweet,murarishetyeTOI,murarishetyeTOI,1
195991,Tweet,murarishetyeTOI,murarishetyeTOI,1
196009,Tweet,murarishetyeTOI,murarishetyeTOI,1
196002,Tweet,murarishetyeTOI,murarishetyeTOI,1
195928,Tweet,murarishetyeTOI,vijaysinghTOI,3
195943,Tweet,murarishetyeTOI,murarishetyeTOI,1
195988,Tweet,murarishetyeTOI,murarishetyeTOI,1
195985,Tweet,murarishetyeTOI,murarishetyeTOI,1
195995,Tweet,murarishetyeTOI,murarishetyeTOI,1
195934,Tweet,murarishetyeTOI,toi_dhananjayM,49
195964,Tweet,murarishetyeTOI,murarishetyeTOI,1
12633,Article,MaggieAstor,ESCochrane,30
12607,Article,MaggieAstor,SherylNYT,80
12655,Article,MaggieAstor,sarahlyall,290
12666,Article,MaggieAstor,margaretrenkl,50
12648,Article,MaggieAstor,Bencjacobs,25
12630,Article,MaggieAstor,tripgabriel,50
12676,Article,MaggieAstor,ShaneGoldmacher,73
12651,Article,MaggieAstor,lukebroadwater,59
12683,Article,MaggieAstor,ESCochrane,72
12684,Article,MaggieAstor,llerer,55
12605,Article,MaggieAstor,Lattif,93
12689,Article,MaggieAstor,alexanderburns,33
12677,Article,MaggieAstor,ShaneGoldmacher,31
12642,Article,MaggieAstor,tejalrao,9
12622,Article,MaggieAstor,jmart,27
12743,Tweet,MaggieAstor,JessicaValenti,23
12799,Tweet,MaggieAstor,damiencave,74
12729,Tweet,MaggieAstor,LFFriedman,75
12797,Tweet,MaggieAstor,JessicaValenti,19
12785,Tweet,MaggieAstor,fmanjoo,7
12763,Tweet,MaggieAstor,RosySequeiraTOI,159
12792,Tweet,MaggieAstor,RBReich,33
12732,Tweet,MaggieAstor,vvfriedman,41
12770,Tweet,MaggieAstor,sarahditum,40
12761,Tweet,MaggieAstor,sangerkatz,3
12741,Tweet,MaggieAstor,RaphaelMinder,179
12738,Tweet,MaggieAstor,FabrizioRomano,140
12758,Tweet,MaggieAstor,ggreenwald,12
12755,Tweet,MaggieAstor,greenslader,269
12787,Tweet,MaggieAstor,RBReich,16
198755,Article,omjasvinTOI,omjasvinTOI,1
198844,Article,omjasvinTOI,anandbodhTOI,4
198911,Article,omjasvinTOI,Crime_Selvaraj,35
198708,Article,omjasvinTOI,sandhyanairTOI,4
198746,Article,omjasvinTOI,Crime_Selvaraj,3
198796,Article,omjasvinTOI,imabdulgani,10
198722,Article,omjasvinTOI,kush_junglee,4
198758,Article,omjasvinTOI,KomalGautham,3
198731,Article,omjasvinTOI,sandhyanairTOI,11
198847,Article,omjasvinTOI,AmritadTOI,4
198748,Article,omjasvinTOI,SindhukTOI,4
198894,Article,omjasvinTOI,SagrikaKissu,19
198837,Article,omjasvinTOI,omjasvinTOI,1
198821,Article,omjasvinTOI,KomalGautham,2
198705,Article,omjasvinTOI,ChaithanyaSwamy,7
199022,Tweet,omjasvinTOI,Crime_Selvaraj,27
199031,Tweet,omjasvinTOI,tomfriedman,151
198983,Tweet,omjasvinTOI,npfandos,217
198971,Tweet,omjasvinTOI,meeravohraTOI,297
198959,Tweet,omjasvinTOI,_nicolaclark,449
198968,Tweet,omjasvinTOI,rajatpTOI,24
198949,Tweet,omjasvinTOI,ChaitanyadTOI,2
199036,Tweet,omjasvinTOI,KTVinobhaTOI,440
199018,Tweet,omjasvinTOI,utejonmayamTOI,14
198950,Tweet,omjasvinTOI,dkarthikTOI,2
198976,Tweet,omjasvinTOI,omjasvinTOI,1
199007,Tweet,omjasvinTOI,juliemTOI,25
199006,Tweet,omjasvinTOI,TristramHuntVA,19
198972,Tweet,omjasvinTOI,TOISH31,168
198954,Tweet,omjasvinTOI,stevenpoole,61
6670,Article,DSlotnik,kbennhold,27
6650,Article,DSlotnik,DSlotnik,1
6682,Article,DSlotnik,SumitraDebRoy,5
6615,Article,DSlotnik,peterbakernyt,57
6669,Article,DSlotnik,TimdeLisle,52
6629,Article,DSlotnik,DSlotnik,1
6638,Article,DSlotnik,DerekMalcolm123,25
6675,Article,DSlotnik,DSlotnik,1
6684,Article,DSlotnik,billicritic,41
6648,Article,DSlotnik,laurenlaverne,2
6636,Article,DSlotnik,akhileshsTOI,255
6605,Article,DSlotnik,farnazfassihi,105
6656,Article,DSlotnik,martcrossy,5
6660,Article,DSlotnik,NYTimesCohen,117
6661,Article,DSlotnik,FlitterOnFraud,12
6705,Tweet,DSlotnik,apoorva_nyc,30
6732,Tweet,DSlotnik,apoorva_nyc,80
6744,Tweet,DSlotnik,AraniBasuTOI,387
6702,Tweet,DSlotnik,apoorva_nyc,4
6701,Tweet,DSlotnik,ukigoni,237
6726,Tweet,DSlotnik,ESCochrane,68
6775,Tweet,DSlotnik,ginakolata,252
6735,Tweet,DSlotnik,el_belson,73
6784,Tweet,DSlotnik,yeshikabudhwar,123
6714,Tweet,DSlotnik,kannoyoungs,16
6762,Tweet,DSlotnik,NYTimesCohen,52
6706,Tweet,DSlotnik,apoorva_nyc,73
6786,Tweet,DSlotnik,SharonLNYT,65
6769,Tweet,DSlotnik,NickAtNews,8
6751,Tweet,DSlotnik,JessicaValenti,339
10453,Article,julianbarnes,julianbarnes,1
10438,Article,julianbarnes,attackerman,4
10467,Article,julianbarnes,charlie_savage,27
10403,Article,julianbarnes,hugolowell,5
10470,Article,julianbarnes,ameliagentleman,36
10406,Article,julianbarnes,julianbarnes,1
10405,Article,julianbarnes,ewong,5
10489,Article,julianbarnes,ericschmittnyt,6
10476,Article,julianbarnes,npfandos,3
10428,Article,julianbarnes,ericschmittnyt,16
10484,Article,julianbarnes,npfandos,14
10427,Article,julianbarnes,AnaSwanson,5
10424,Article,julianbarnes,ericschmittnyt,3
10419,Article,julianbarnes,julianbarnes,1
10451,Article,julianbarnes,ericschmittnyt,16
10529,Tweet,julianbarnes,declanwalsh,9
10523,Tweet,julianbarnes,toi_dhananjayM,6
10581,Tweet,julianbarnes,mtomasky,7
10594,Tweet,julianbarnes,AditiZero,280
10589,Tweet,julianbarnes,npfandos,4
10590,Tweet,julianbarnes,tomfriedman,24
10527,Tweet,julianbarnes,bencasselman,5
10595,Tweet,julianbarnes,reidepstein,47
10571,Tweet,julianbarnes,julianbarnes,1
10528,Tweet,julianbarnes,ericschmittnyt,23
10503,Tweet,julianbarnes,KTVinobhaTOI,149
10592,Tweet,julianbarnes,nicklezard,120
10556,Tweet,julianbarnes,hugolowell,43
10566,Tweet,julianbarnes,jestei,192
10574,Tweet,julianbarnes,rebeccaSTOI,62
16257,Article,PatrickKingsley,antontroian,14
16261,Article,PatrickKingsley,RebeccaSeal,81
16242,Article,PatrickKingsley,FabrizioRomano,46
16258,Article,PatrickKingsley,IKershner,2
16269,Article,PatrickKingsley,SharonLNYT,9
16233,Article,PatrickKingsley,PatrickKingsley,1
16273,Article,PatrickKingsley,IKershner,2
16232,Article,PatrickKingsley,JoshuaRozenberg,5
16235,Article,PatrickKingsley,RaphaelMinder,26
16210,Article,PatrickKingsley,PatrickKingsley,1
16211,Article,PatrickKingsley,PatrickKingsley,1
16298,Article,PatrickKingsley,BhanupratapsTOI,2
16282,Article,PatrickKingsley,IKershner,2
16285,Article,PatrickKingsley,IKershner,2
16294,Article,PatrickKingsley,IKershner,3
16311,Tweet,PatrickKingsley,marywalshjourno,62
16317,Tweet,PatrickKingsley,MichaelWhite,4
16392,Tweet,PatrickKingsley,ericschmittnyt,57
16388,Tweet,PatrickKingsley,julianbarnes,70
16305,Tweet,PatrickKingsley,charlie_savage,23
16380,Tweet,PatrickKingsley,ianrausten,14
16390,Tweet,PatrickKingsley,GiniaNYT,159
16340,Tweet,PatrickKingsley,NYTimesCohen,82
16379,Tweet,PatrickKingsley,SherylNYT,40
16378,Tweet,PatrickKingsley,FabrizioRomano,40
16376,Tweet,PatrickKingsley,NYTimesCohen,12
16384,Tweet,PatrickKingsley,NYTimesCohen,6
16332,Tweet,PatrickKingsley,PatrickKingsley,1
16365,Tweet,PatrickKingsley,NYTBen,4
16334,Tweet,PatrickKingsley,kbennhold,8
26289,Article,margaretrenkl,ASoloski,17
26226,Article,margaretrenkl,kbennhold,125
26267,Article,margaretrenkl,margaretrenkl,1
26275,Article,margaretrenkl,margaretrenkl,1
26208,Article,margaretrenkl,margaretrenkl,1
26235,Article,margaretrenkl,samsifton,11
26229,Article,margaretrenkl,DSlotnik,7
26239,Article,margaretrenkl,samrob12,4
26265,Article,margaretrenkl,smbahr14,4
26231,Article,margaretrenkl,FrankBruni,3
26281,Article,margaretrenkl,jonronson,7
26256,Article,margaretrenkl,DSlotnik,2
26212,Article,margaretrenkl,pankajdoval,113
26261,Article,margaretrenkl,pete_wells,4
26296,Article,margaretrenkl,margaretrenkl,1
26320,Tweet,margaretrenkl,RaphaelMinder,3
26378,Tweet,margaretrenkl,AlysFowler,193
26384,Tweet,margaretrenkl,aleksk,274
26330,Tweet,margaretrenkl,desaisantosh,13
26398,Tweet,margaretrenkl,RorySmith,8
26395,Tweet,margaretrenkl,melissaclark,20
26360,Tweet,margaretrenkl,marywalshjourno,64
26344,Tweet,margaretrenkl,Shrivathsan1437,262
26387,Tweet,margaretrenkl,livia_ar,20
26355,Tweet,margaretrenkl,andybrassell,217
26324,Tweet,margaretrenkl,LFFriedman,153
26399,Tweet,margaretrenkl,NewtonSTOI,360
26386,Tweet,margaretrenkl,ollywainwright,55
26369,Tweet,margaretrenkl,MarinaHyde,7
26317,Tweet,margaretrenkl,GiniaNYT,2
172227,Article,AmritadTOI,AditiZero,36
172199,Article,AmritadTOI,AlokKNMishra,91
172110,Article,AmritadTOI,DerekMalcolm123,255
172311,Article,AmritadTOI,AmritadTOI,1
172224,Article,AmritadTOI,sushmi_dey,2
172273,Article,AmritadTOI,ChaitanyadTOI,43
172148,Article,AmritadTOI,durgeshjhaTOI,4
172202,Article,AmritadTOI,SindhukTOI,5
172238,Article,AmritadTOI,advityabahlTOI,2
172183,Article,AmritadTOI,dklavaniaTOI,4
172170,Article,AmritadTOI,anandbodhTOI,3
172279,Article,AmritadTOI,GRajivTOI,43
172256,Article,AmritadTOI,ThevarSteffy,85
172214,Article,AmritadTOI,lucywardsings,29
172218,Article,AmritadTOI,Mahafreed_Irani,104
172401,Tweet,AmritadTOI,AmritadTOI,1
172338,Tweet,AmritadTOI,journo_vibha,232
172421,Tweet,AmritadTOI,PjJoychen,37
172390,Tweet,AmritadTOI,AmritadTOI,1
172342,Tweet,AmritadTOI,NishikantkTOI,121
172409,Tweet,AmritadTOI,PatrickKingsley,4
172399,Tweet,AmritadTOI,AlokKNMishra,3
172329,Tweet,AmritadTOI,journo_vibha,411
172356,Tweet,AmritadTOI,PatrickKingsley,33
172362,Tweet,AmritadTOI,TOISH31,38
172367,Tweet,AmritadTOI,AmritadTOI,1
172410,Tweet,AmritadTOI,PippaCrerar,3
172424,Tweet,AmritadTOI,ChaitanyadTOI,39
172384,Tweet,AmritadTOI,AmritadTOI,1
172379,Tweet,AmritadTOI,AmritadTOI,1
188260,Article,juliemTOI,stevenerlanger,6
188326,Article,juliemTOI,kush_junglee,5
188323,Article,juliemTOI,kush_junglee,4
188270,Article,juliemTOI,SribaalaVTOI,2
188250,Article,juliemTOI,SindhukTOI,35
188467,Article,juliemTOI,juliemTOI,1
188334,Article,juliemTOI,farnazfassihi,13
188429,Article,juliemTOI,juliemTOI,1
188321,Article,juliemTOI,ShrinivasaMTOI,4
188318,Article,juliemTOI,naomi2009,9
188288,Article,juliemTOI,akhileshsTOI,7
188373,Article,juliemTOI,genznyt,48
188439,Article,juliemTOI,Crime_Selvaraj,9
188258,Article,juliemTOI,juliemTOI,1
188240,Article,juliemTOI,SribaalaVTOI,2
188564,Tweet,juliemTOI,vanbadham,26
188536,Tweet,juliemTOI,PhanindraP_TNIE,5
188570,Tweet,juliemTOI,AshokPradhanTOI,54
188559,Tweet,juliemTOI,AnushkaAsthana,25
188486,Tweet,juliemTOI,RosySequeiraTOI,8
188542,Tweet,juliemTOI,smita_mishra,62
188515,Tweet,juliemTOI,KapildaveTOI,117
188540,Tweet,juliemTOI,farnazfassihi,4
188557,Tweet,juliemTOI,RosySequeiraTOI,8
188572,Tweet,juliemTOI,RosySequeiraTOI,8
188484,Tweet,juliemTOI,ChaitanyadTOI,35
188521,Tweet,juliemTOI,bindiyachariTOI,66
188537,Tweet,juliemTOI,MujMash,39
188562,Tweet,juliemTOI,RosySequeiraTOI,8
188504,Tweet,juliemTOI,GRajivTOI,71
173992,Article,AraniBasuTOI,Shilarze_SSR,12
173817,Article,AraniBasuTOI,manujaveerappa,2
173970,Article,AraniBasuTOI,AraniBasuTOI,1
173895,Article,AraniBasuTOI,Shrivathsan1437,15
173991,Article,AraniBasuTOI,aniljdias,3
173782,Article,AraniBasuTOI,Pratiks_TOI,2
173871,Article,AraniBasuTOI,AraniBasuTOI,1
173918,Article,AraniBasuTOI,saumyajitbTOI,25
173888,Article,AraniBasuTOI,AraniBasuTOI,1
173977,Article,AraniBasuTOI,AraniBasuTOI,1
173923,Article,AraniBasuTOI,AraniBasuTOI,1
173922,Article,AraniBasuTOI,AraniBasuTOI,1
173783,Article,AraniBasuTOI,AraniBasuTOI,1
173955,Article,AraniBasuTOI,vivek9301,3
173983,Article,AraniBasuTOI,AraniBasuTOI,1
174059,Tweet,AraniBasuTOI,RaphaelMinder,56
174037,Tweet,AraniBasuTOI,binays1960,18
174022,Tweet,AraniBasuTOI,gettleman,2
174075,Tweet,AraniBasuTOI,HinaRohtaki,14
174051,Tweet,AraniBasuTOI,sudeshnagTOI,6
174053,Tweet,AraniBasuTOI,vijayVsinghTOI,73
174107,Tweet,AraniBasuTOI,durgeshjhaTOI,49
174087,Tweet,AraniBasuTOI,vvfriedman,16
174089,Tweet,AraniBasuTOI,vivek9301,3
174043,Tweet,AraniBasuTOI,petleepeter,24
174021,Tweet,AraniBasuTOI,durgeshjhaTOI,10
174096,Tweet,AraniBasuTOI,manujaveerappa,58
174050,Tweet,AraniBasuTOI,MarcusMergulhao,16
174024,Tweet,AraniBasuTOI,allegramcevedy,11
174103,Tweet,AraniBasuTOI,Shrivathsan1437,16
191263,Article,maheshbTOI,SagrikaKissu,12
191458,Article,maheshbTOI,mateenHTOI,5
191456,Article,maheshbTOI,abhishekTWEETS7,27
191383,Article,maheshbTOI,SidharthB25,6
191332,Article,maheshbTOI,mateenHTOI,15
191418,Article,maheshbTOI,SindhukTOI,9
191459,Article,maheshbTOI,ChaithanyaSwamy,4
191231,Article,maheshbTOI,SagrikaKissu,13
191394,Article,maheshbTOI,sandhyanairTOI,18
191389,Article,maheshbTOI,vijayVsinghTOI,6
191403,Article,maheshbTOI,mateenHTOI,5
191446,Article,maheshbTOI,PjJoychen,13
191297,Article,maheshbTOI,Crime_Selvaraj,8
191298,Article,maheshbTOI,mateenHTOI,12
191237,Article,maheshbTOI,Crime_Selvaraj,16
191537,Tweet,maheshbTOI,DerekMalcolm123,16
191500,Tweet,maheshbTOI,manvirsainiTOI,2
191518,Tweet,maheshbTOI,KTVinobhaTOI,211
191548,Tweet,maheshbTOI,AndrewSparrow,25
191514,Tweet,maheshbTOI,SindhukTOI,2
191545,Tweet,maheshbTOI,dubeyavishek,6
191467,Tweet,maheshbTOI,NickAtNews,328
191474,Tweet,maheshbTOI,SindhukTOI,3
191560,Tweet,maheshbTOI,PeterTatchell,313
191524,Tweet,maheshbTOI,SindhukTOI,7
191563,Tweet,maheshbTOI,durgeshjhaTOI,17
191533,Tweet,maheshbTOI,KapildaveTOI,104
191477,Tweet,maheshbTOI,PatrickKingsley,6
191486,Tweet,maheshbTOI,SindhukTOI,4
191507,Tweet,maheshbTOI,PjJoychen,33
178747,Article,ChaitanyadTOI,ajaysuraTOI,159
178664,Article,ChaitanyadTOI,lisamonteiroTOI,26
178851,Article,ChaitanyadTOI,ChaitanyadTOI,1
178842,Article,ChaitanyadTOI,ChaitanyadTOI,1
178782,Article,ChaitanyadTOI,mateenHTOI,62
178767,Article,ChaitanyadTOI,SindhukTOI,8
178648,Article,ChaitanyadTOI,Shreyanka_M,12
178674,Article,ChaitanyadTOI,digbijaymishra1,31
178871,Article,ChaitanyadTOI,parul_sehgal,86
178742,Article,ChaitanyadTOI,mateenHTOI,19
178644,Article,ChaitanyadTOI,debaratisen,9
178733,Article,ChaitanyadTOI,RoniNYTimes,23
178653,Article,ChaitanyadTOI,AnujaJaiswalTOI,4
178779,Article,ChaitanyadTOI,parthshastriTOI,2
178864,Article,ChaitanyadTOI,richapintoi,19
178952,Tweet,ChaitanyadTOI,ChaitanyadTOI,1
178884,Tweet,ChaitanyadTOI,jatinder_tur,4
178944,Tweet,ChaitanyadTOI,ChaitanyadTOI,1
178898,Tweet,ChaitanyadTOI,ChaitanyadTOI,1
178890,Tweet,ChaitanyadTOI,Gauraw2297,43
178923,Tweet,ChaitanyadTOI,PrashantrTOI,52
178879,Tweet,ChaitanyadTOI,desaisantosh,109
178886,Tweet,ChaitanyadTOI,Gauraw2297,3
178971,Tweet,ChaitanyadTOI,Gauraw2297,4
178957,Tweet,ChaitanyadTOI,SindhukTOI,63
178928,Tweet,ChaitanyadTOI,RoniNYTimes,355
178891,Tweet,ChaitanyadTOI,vvfriedman,377
178918,Tweet,ChaitanyadTOI,vvfriedman,436
178889,Tweet,ChaitanyadTOI,SindhukTOI,7
178963,Tweet,ChaitanyadTOI,sandhyanairTOI,257
191635,Article,ManjuVTOI,lucywardsings,181
191634,Article,ManjuVTOI,stevenerlanger,5
191716,Article,ManjuVTOI,ManjuVTOI,1
191750,Article,ManjuVTOI,27saurabhsinha,61
191677,Article,ManjuVTOI,gettleman,38
191638,Article,ManjuVTOI,andybrassell,281
191764,Article,ManjuVTOI,MohitaTOI,3
191573,Article,ManjuVTOI,digbijaymishra1,5
191591,Article,ManjuVTOI,aniljdias,9
191799,Article,ManjuVTOI,ManjuVTOI,1
191697,Article,ManjuVTOI,AshokPradhanTOI,3
191583,Article,ManjuVTOI,27saurabhsinha,12
191631,Article,ManjuVTOI,DSandip_TOI,84
191805,Article,ManjuVTOI,NilsPratley,21
191770,Article,ManjuVTOI,ManjuVTOI,1
191842,Tweet,ManjuVTOI,gmorgenson,38
191888,Tweet,ManjuVTOI,pradeepjourno,75
191872,Tweet,ManjuVTOI,vijaysinghTOI,25
191891,Tweet,ManjuVTOI,DanielKingChess,73
191901,Tweet,ManjuVTOI,vijaypTOI,55
191832,Tweet,ManjuVTOI,divyapal2013,34
191907,Tweet,ManjuVTOI,naomi2009,97
191881,Tweet,ManjuVTOI,palaknandiTOI,27
191913,Tweet,ManjuVTOI,winematcher,235
191875,Tweet,ManjuVTOI,KapildaveTOI,4
191846,Tweet,ManjuVTOI,digbijaymishra1,8
191910,Tweet,ManjuVTOI,desaisantosh,10
191879,Tweet,ManjuVTOI,naomi2009,2
191852,Tweet,ManjuVTOI,priyangiTOI,36
191870,Tweet,ManjuVTOI,pradeeptTOI,240
24493,Article,tomfriedman,llerer,15
24450,Article,tomfriedman,AnaSwanson,3
24406,Article,tomfriedman,RaphaelMinder,14
24414,Article,tomfriedman,melissaclark,5
24417,Article,tomfriedman,sangerkatz,12
24411,Article,tomfriedman,IKershner,6
24419,Article,tomfriedman,pete_wells,18
24481,Article,tomfriedman,FrankBruni,11
24449,Article,tomfriedman,billmpennington,7
24471,Article,tomfriedman,vvfriedman,26
24441,Article,tomfriedman,nytdavidbrooks,16
24459,Article,tomfriedman,NilsPratley,178
24401,Article,tomfriedman,ajaysuraTOI,148
24430,Article,tomfriedman,fmanjoo,34
24452,Article,tomfriedman,margaretrenkl,35
24568,Tweet,tomfriedman,michaelcrowley,5
24553,Tweet,tomfriedman,mateenHTOI,5
24525,Tweet,tomfriedman,desaisantosh,9
24566,Tweet,tomfriedman,parthasinha,2
24571,Tweet,tomfriedman,neelam_raaj,70
24501,Tweet,tomfriedman,IKershner,21
24546,Tweet,tomfriedman,NYTimesCohen,11
24550,Tweet,tomfriedman,alexanderburns,23
24563,Tweet,tomfriedman,gailcollins,44
24564,Tweet,tomfriedman,jwpetersNYT,113
24502,Tweet,tomfriedman,ggreenwald,18
24559,Tweet,tomfriedman,ByMattStevens,363
24578,Tweet,tomfriedman,ShaneGoldmacher,209
24580,Tweet,tomfriedman,RosySequeiraTOI,238
24520,Tweet,tomfriedman,nytdavidbrooks,16
29259,Article,FrancesRobles,RBReich,77
29291,Article,FrancesRobles,rebeccaSTOI,237
29230,Article,FrancesRobles,NYTimesCohen,17
29226,Article,FrancesRobles,archiebland,367
29209,Article,FrancesRobles,FrancesRobles,1
29216,Article,FrancesRobles,PatrickKingsley,61
29288,Article,FrancesRobles,pradeepjourno,188
29251,Article,FrancesRobles,jimtankersley,21
29236,Article,FrancesRobles,murarishetyeTOI,104
29228,Article,FrancesRobles,NickAtNews,55
29219,Article,FrancesRobles,NickAtNews,19
29264,Article,FrancesRobles,ewong,13
29270,Article,FrancesRobles,IKershner,94
29273,Article,FrancesRobles,julianbarnes,48
29274,Article,FrancesRobles,SwatiMathurTOI,86
29338,Tweet,FrancesRobles,ewenmacaskill,251
29302,Tweet,FrancesRobles,RosySequeiraTOI,9
29355,Tweet,FrancesRobles,ArthurNeslen,140
29310,Tweet,FrancesRobles,DawnHFoster,40
29377,Tweet,FrancesRobles,bishnoiarvind11,241
29367,Tweet,FrancesRobles,petleepeter,282
29351,Tweet,FrancesRobles,DanielKingChess,12
29328,Tweet,FrancesRobles,KTVinobhaTOI,10
29383,Tweet,FrancesRobles,alexanderburns,247
29301,Tweet,FrancesRobles,Gauraw2297,111
29357,Tweet,FrancesRobles,RosySequeiraTOI,14
29386,Tweet,FrancesRobles,murarishetyeTOI,21
29316,Tweet,FrancesRobles,tejalrao,276
29391,Tweet,FrancesRobles,FrancesRobles,1
29359,Tweet,FrancesRobles,DeccaJourno,25
16018,Article,PatriciaMazzei,SherylNYT,5
16005,Article,PatriciaMazzei,hugolowell,10
16069,Article,PatriciaMazzei,NYTBen,68
16014,Article,PatriciaMazzei,NikiKitsantonis,72
16017,Article,PatriciaMazzei,joncaramanica,284
16071,Article,PatriciaMazzei,mikeives,57
16093,Article,PatriciaMazzei,NickAtNews,27
16010,Article,PatriciaMazzei,jessbidgood,11
16059,Article,PatriciaMazzei,stevenerlanger,19
16084,Article,PatriciaMazzei,gettinviggy,8
16091,Article,PatriciaMazzei,DouthatNYT,60
16023,Article,PatriciaMazzei,williamkeegan,206
16008,Article,PatriciaMazzei,jessbidgood,126
16087,Article,PatriciaMazzei,gilestremlett,49
16032,Article,PatriciaMazzei,NikiKitsantonis,2
16123,Tweet,PatriciaMazzei,joncaramanica,72
16148,Tweet,PatriciaMazzei,LFFriedman,12
16177,Tweet,PatriciaMazzei,sangerkatz,8
16115,Tweet,PatriciaMazzei,tripgabriel,16
16169,Tweet,PatriciaMazzei,adamliptak,20
16140,Tweet,PatriciaMazzei,VivianHo,44
16122,Tweet,PatriciaMazzei,charlie_savage,31
16175,Tweet,PatriciaMazzei,jmart,7
16155,Tweet,PatriciaMazzei,peterbakernyt,59
16104,Tweet,PatriciaMazzei,npfandos,64
16144,Tweet,PatriciaMazzei,NYTimesCohen,139
16114,Tweet,PatriciaMazzei,hillhulse,49
16131,Tweet,PatriciaMazzei,LFFriedman,21
16130,Tweet,PatriciaMazzei,mtomasky,16
16105,Tweet,PatriciaMazzei,alexanderburns,17
182459,Article,dklavaniaTOI,niyatiparikhTOI,129
182510,Article,dklavaniaTOI,rebeccaSTOI,8
182344,Article,dklavaniaTOI,KanwardeepsTOI,3
182466,Article,dklavaniaTOI,Crime_Selvaraj,112
182442,Article,dklavaniaTOI,dklavaniaTOI,1
182355,Article,dklavaniaTOI,ericschmittnyt,109
182527,Article,dklavaniaTOI,akhileshsTOI,5
182406,Article,dklavaniaTOI,SumitraDebRoy,14
182346,Article,dklavaniaTOI,SribaalaVTOI,22
182518,Article,dklavaniaTOI,mateenHTOI,22
182329,Article,dklavaniaTOI,SagrikaKissu,7
182493,Article,dklavaniaTOI,ceciliakang,105
182390,Article,dklavaniaTOI,kush_junglee,2
182368,Article,dklavaniaTOI,GovindKMaadTOI,14
182365,Article,dklavaniaTOI,akhileshsTOI,3
182584,Tweet,dklavaniaTOI,DSandip_TOI,11
182569,Tweet,dklavaniaTOI,ShaneGoldmacher,24
182575,Tweet,dklavaniaTOI,npfandos,110
182589,Tweet,dklavaniaTOI,BhanupratapsTOI,2
182646,Tweet,dklavaniaTOI,BenWeiserNYT,197
182617,Tweet,dklavaniaTOI,AlysFowler,11
182609,Tweet,dklavaniaTOI,mswainwright,6
182656,Tweet,dklavaniaTOI,advityabahlTOI,10
182641,Tweet,dklavaniaTOI,SumitraDebRoy,197
182638,Tweet,dklavaniaTOI,sangerkatz,71
182637,Tweet,dklavaniaTOI,vijayVsinghTOI,104
182598,Tweet,dklavaniaTOI,manvirsainiTOI,11
182622,Tweet,dklavaniaTOI,sandhyanairTOI,11
182578,Tweet,dklavaniaTOI,SiwachSukhbir,2
182661,Tweet,dklavaniaTOI,PrashantrTOI,52
9090,Article,IKershner,IKershner,1
9023,Article,IKershner,IKershner,1
9082,Article,IKershner,PatrickKingsley,2
9056,Article,IKershner,IKershner,1
9066,Article,IKershner,IKershner,1
9043,Article,IKershner,IKershner,1
9021,Article,IKershner,IKershner,1
9096,Article,IKershner,IKershner,1
9010,Article,IKershner,IKershner,1
9058,Article,IKershner,IKershner,1
9012,Article,IKershner,IKershner,1
9047,Article,IKershner,IKershner,1
9053,Article,IKershner,npwcnn,18
9024,Article,IKershner,toi_rohanA,6
9007,Article,IKershner,IKershner,1
9168,Tweet,IKershner,manvirsainiTOI,2
9110,Tweet,IKershner,KapildaveTOI,80
9154,Tweet,IKershner,rishachitlangia,25
9192,Tweet,IKershner,NYTimesCohen,2
9103,Tweet,IKershner,aleksk,3
9193,Tweet,IKershner,ChaitanyadTOI,72
9119,Tweet,IKershner,PatrickKingsley,2
9137,Tweet,IKershner,NYTimesCohen,4
9108,Tweet,IKershner,PatrickKingsley,2
9113,Tweet,IKershner,RaphaelMinder,42
9149,Tweet,IKershner,IKershner,1
9159,Tweet,IKershner,vivek9301,3
9140,Tweet,IKershner,FrankBruni,175
9102,Tweet,IKershner,IKershner,1
9195,Tweet,IKershner,kbennhold,6
20895,Article,EllenBarryNYT,ElisabethMalkin,4
20812,Article,EllenBarryNYT,VivianHo,239
20824,Article,EllenBarryNYT,NikiKitsantonis,93
20885,Article,EllenBarryNYT,farnazfassihi,93
20815,Article,EllenBarryNYT,EllenBarryNYT,1
20819,Article,EllenBarryNYT,NYTimesCohen,49
20866,Article,EllenBarryNYT,NikiKitsantonis,2
20882,Article,EllenBarryNYT,antontroian,65
20862,Article,EllenBarryNYT,IKershner,74
20801,Article,EllenBarryNYT,EllenBarryNYT,1
20873,Article,EllenBarryNYT,NikiKitsantonis,2
20837,Article,EllenBarryNYT,NeilMacFarquhar,12
20822,Article,EllenBarryNYT,margaretrenkl,155
20850,Article,EllenBarryNYT,EllenBarryNYT,1
20856,Article,EllenBarryNYT,EllenBarryNYT,1
20975,Tweet,EllenBarryNYT,jennydeluxe,52
20970,Tweet,EllenBarryNYT,billicritic,380
20983,Tweet,EllenBarryNYT,NYTBen,66
20902,Tweet,EllenBarryNYT,EricaLG,73
20990,Tweet,EllenBarryNYT,GiniaNYT,233
20964,Tweet,EllenBarryNYT,DekaJayanta,61
20963,Tweet,EllenBarryNYT,SherylNYT,181
20952,Tweet,EllenBarryNYT,SangerNYT,178
20945,Tweet,EllenBarryNYT,samrob12,112
20948,Tweet,EllenBarryNYT,bykaren,247
20938,Tweet,EllenBarryNYT,ChaitanyadTOI,116
20961,Tweet,EllenBarryNYT,RBReich,274
20954,Tweet,EllenBarryNYT,DouthatNYT,90
20987,Tweet,EllenBarryNYT,SarahMaslinNir,87
20921,Tweet,EllenBarryNYT,greenslader,202
8008,Article,gettinviggy,margaretrenkl,61
8048,Article,gettinviggy,MarinaHyde,241
8029,Article,gettinviggy,_nicolaclark,101
8051,Article,gettinviggy,NickAtNews,29
8073,Article,gettinviggy,tripgabriel,5
8042,Article,gettinviggy,LFFriedman,71
8012,Article,gettinviggy,jeannasmialek,98
8050,Article,gettinviggy,JessicaValenti,72
8015,Article,gettinviggy,tripgabriel,3
8018,Article,gettinviggy,tripgabriel,6
8026,Article,gettinviggy,KeithBradsher,185
8035,Article,gettinviggy,jennydeluxe,83
8010,Article,gettinviggy,gettinviggy,1
8005,Article,gettinviggy,reidepstein,26
8094,Article,gettinviggy,NickAtNews,31
8102,Tweet,gettinviggy,tripgabriel,37
8101,Tweet,gettinviggy,mtomasky,36
8125,Tweet,gettinviggy,reidepstein,42
8160,Tweet,gettinviggy,dubeyavishek,247
8170,Tweet,gettinviggy,nytdavidbrooks,166
8177,Tweet,gettinviggy,ShaneGoldmacher,41
8117,Tweet,gettinviggy,liamstack,61
8147,Tweet,gettinviggy,ericschmittnyt,51
8123,Tweet,gettinviggy,noamscheiber,18
8167,Tweet,gettinviggy,ArthurNeslen,322
8157,Tweet,gettinviggy,marcatracy,46
8154,Tweet,gettinviggy,llerer,10
8189,Tweet,gettinviggy,hugolowell,17
8179,Tweet,gettinviggy,LFFriedman,6
8115,Tweet,gettinviggy,NickAtNews,26
13400,Article,meddynyt,PatrickKingsley,47
13461,Article,meddynyt,meddynyt,1
13446,Article,meddynyt,gailcollins,31
13421,Article,meddynyt,kbennhold,2
13484,Article,meddynyt,rebeccaSTOI,131
13478,Article,meddynyt,hillhulse,92
13419,Article,meddynyt,vijayVsinghTOI,2
13479,Article,meddynyt,ArthurNeslen,24
13454,Article,meddynyt,ManjuVTOI,81
13440,Article,meddynyt,LizAldermanNYT,2
13465,Article,meddynyt,Lattif,215
13463,Article,meddynyt,gailcollins,6
13474,Article,meddynyt,stevenerlanger,21
13472,Article,meddynyt,bencasselman,2
13476,Article,meddynyt,williamkeegan,13
13516,Tweet,meddynyt,kbennhold,8
13509,Tweet,meddynyt,vwang3,120
13512,Tweet,meddynyt,Lattif,127
13537,Tweet,meddynyt,suilee,92
13549,Tweet,meddynyt,jillfilipovic,119
13561,Tweet,meddynyt,ericschmittnyt,234
13517,Tweet,meddynyt,smita_mishra,199
13577,Tweet,meddynyt,meddynyt,1
13503,Tweet,meddynyt,GRajivTOI,119
13557,Tweet,meddynyt,alexanderburns,26
13521,Tweet,meddynyt,mtomasky,45
13576,Tweet,meddynyt,kbennhold,95
13522,Tweet,meddynyt,jonpareles,327
13591,Tweet,meddynyt,bencasselman,179
13501,Tweet,meddynyt,kbennhold,31
208610,Article,sandhyanairTOI,Crime_Selvaraj,8
208508,Article,sandhyanairTOI,rashmidTOI,5
208659,Article,sandhyanairTOI,sandhyanairTOI,1
208453,Article,sandhyanairTOI,murarishetye,5
208550,Article,sandhyanairTOI,abhishekTWEETS7,54
208533,Article,sandhyanairTOI,sandhyanairTOI,1
208476,Article,sandhyanairTOI,NewtonSTOI,9
208584,Article,sandhyanairTOI,ChaitanyadTOI,17
208437,Article,sandhyanairTOI,sandhyanairTOI,1
208468,Article,sandhyanairTOI,AnujaJaiswalTOI,14
208433,Article,sandhyanairTOI,KapildaveTOI,9
208457,Article,sandhyanairTOI,NishikantkTOI,19
208574,Article,sandhyanairTOI,stevenpoole,41
208573,Article,sandhyanairTOI,SidharthB25,9
208557,Article,sandhyanairTOI,RosySequeiraTOI,26
208746,Tweet,sandhyanairTOI,mateenHTOI,7
208719,Tweet,sandhyanairTOI,PrashantrTOI,12
208733,Tweet,sandhyanairTOI,BawaNaaved,19
208748,Tweet,sandhyanairTOI,sandhyanairTOI,1
208774,Tweet,sandhyanairTOI,ianrausten,11
208725,Tweet,sandhyanairTOI,ArthurNeslen,14
208752,Tweet,sandhyanairTOI,niyatiparikhTOI,26
208771,Tweet,sandhyanairTOI,PrashantrTOI,34
208728,Tweet,sandhyanairTOI,AlokKNMishra,32
208757,Tweet,sandhyanairTOI,GRajivTOI,8
208739,Tweet,sandhyanairTOI,PNaveenTOI,50
208761,Tweet,sandhyanairTOI,RosySequeiraTOI,244
208755,Tweet,sandhyanairTOI,meeravohraTOI,23
208693,Tweet,sandhyanairTOI,Shreyanka_M,32
208696,Tweet,sandhyanairTOI,durgeshjhaTOI,16
27688,Article,karenzraick,Azi,120
27682,Article,karenzraick,bglendenning,399
27642,Article,karenzraick,stevenerlanger,206
27609,Article,karenzraick,marywalshjourno,137
27634,Article,karenzraick,melissaclark,181
27697,Article,karenzraick,RoniNYTimes,75
27699,Article,karenzraick,nytmike,94
27606,Article,karenzraick,ElisabethMalkin,381
27652,Article,karenzraick,RBReich,87
27602,Article,karenzraick,Crime_Selvaraj,155
27615,Article,karenzraick,jennydeluxe,198
27655,Article,karenzraick,jmart,104
27695,Article,karenzraick,peterbakernyt,17
27626,Article,karenzraick,nicklezard,235
27630,Article,karenzraick,bencasselman,17
27747,Tweet,karenzraick,Shreyanka_M,195
27739,Tweet,karenzraick,MoharBasu,496
27728,Tweet,karenzraick,aseemsgujar,232
27782,Tweet,karenzraick,GioRussonello,234
27798,Tweet,karenzraick,ggreenwald,179
27733,Tweet,karenzraick,KTVinobhaTOI,261
27763,Tweet,karenzraick,desaisantosh,283
27736,Tweet,karenzraick,annanorthtweets,97
27784,Tweet,karenzraick,annanorthtweets,6
27776,Tweet,karenzraick,joshwiddicombe,128
27771,Tweet,karenzraick,NYTimesCohen,105
27779,Tweet,karenzraick,antontroian,184
27722,Tweet,karenzraick,hadleyfreeman,39
27797,Tweet,karenzraick,BenWeiserNYT,164
27789,Tweet,karenzraick,AniltheMatrix,243
19011,Article,SherylNYT,Bencjacobs,83
19026,Article,SherylNYT,ESCochrane,5
19010,Article,SherylNYT,MKSinghGkp,163
19051,Article,SherylNYT,Bencjacobs,68
19074,Article,SherylNYT,jwpetersNYT,33
19079,Article,SherylNYT,hillhulse,15
19048,Article,SherylNYT,ESCochrane,25
19044,Article,SherylNYT,ESCochrane,5
19007,Article,SherylNYT,FlitterOnFraud,37
19022,Article,SherylNYT,ESCochrane,19
19031,Article,SherylNYT,SharonLNYT,8
19080,Article,SherylNYT,lukebroadwater,57
19000,Article,SherylNYT,FrankBruni,83
19069,Article,SherylNYT,SharonLNYT,2
19014,Article,SherylNYT,ESCochrane,10
19155,Tweet,SherylNYT,dwightgarner,113
19113,Tweet,SherylNYT,BenWeiserNYT,5
19100,Tweet,SherylNYT,bencasselman,11
19153,Tweet,SherylNYT,hillhulse,2
19103,Tweet,SherylNYT,sangerkatz,62
19188,Tweet,SherylNYT,ESCochrane,23
19130,Tweet,SherylNYT,stevenerlanger,86
19104,Tweet,SherylNYT,ManjuVTOI,30
19141,Tweet,SherylNYT,hillhulse,24
19137,Tweet,SherylNYT,ggreenwald,15
19127,Tweet,SherylNYT,damiencave,74
19181,Tweet,SherylNYT,CarolineLucas,151
19176,Tweet,SherylNYT,genznyt,87
19122,Tweet,SherylNYT,paulkrugman,41
19158,Tweet,SherylNYT,ggreenwald,4
217968,Article,toi_shailendraA,debaratisen,8
217761,Article,toi_shailendraA,Shrivathsan1437,89
217909,Article,toi_shailendraA,saumyajitbTOI,10
217916,Article,toi_shailendraA,toi_shailendraA,1
217888,Article,toi_shailendraA,SiwachSukhbir,26
217818,Article,toi_shailendraA,AraniBasuTOI,118
217813,Article,toi_shailendraA,martcrossy,3
217986,Article,toi_shailendraA,julianbarnes,7
217942,Article,toi_shailendraA,adwaidh,5
217914,Article,toi_shailendraA,alexvtunzelmann,28
217784,Article,toi_shailendraA,toi_shailendraA,1
217911,Article,toi_shailendraA,AraniBasuTOI,10
217845,Article,toi_shailendraA,TridibIANS,8
217928,Article,toi_shailendraA,toi_shailendraA,1
217997,Article,toi_shailendraA,toi_shailendraA,1
218035,Tweet,toi_shailendraA,AniltheMatrix,189
218060,Tweet,toi_shailendraA,LFFriedman,413
218042,Tweet,toi_shailendraA,vijayVsinghTOI,240
218090,Tweet,toi_shailendraA,NilsPratley,3
218067,Tweet,toi_shailendraA,palaknandiTOI,48
218025,Tweet,toi_shailendraA,FabrizioRomano,83
218028,Tweet,toi_shailendraA,divyapal2013,3
218013,Tweet,toi_shailendraA,RorySmith,27
218043,Tweet,toi_shailendraA,pradeeptTOI,7
218048,Tweet,toi_shailendraA,kumaraswamykTOI,36
218047,Tweet,toi_shailendraA,salihughes,112
218100,Tweet,toi_shailendraA,WilbyPeter,139
218045,Tweet,toi_shailendraA,saumyajitbTOI,5
218094,Tweet,toi_shailendraA,shattenstone,416
218097,Tweet,toi_shailendraA,DerekMalcolm123,17
16851,Article,pete_wells,alexmarshall81,396
16861,Article,pete_wells,tejalrao,2
16862,Article,pete_wells,pete_wells,1
16879,Article,pete_wells,pete_wells,1
16844,Article,pete_wells,melissaclark,3
16805,Article,pete_wells,margaretrenkl,3
16818,Article,pete_wells,pete_wells,1
16893,Article,pete_wells,LizAldermanNYT,27
16896,Article,pete_wells,DouthatNYT,11
16808,Article,pete_wells,pete_wells,1
16828,Article,pete_wells,samsifton,2
16875,Article,pete_wells,pete_wells,1
16881,Article,pete_wells,samsifton,3
16883,Article,pete_wells,pete_wells,1
16833,Article,pete_wells,pete_wells,1
16994,Tweet,pete_wells,andrewrawnsley,17
16924,Tweet,pete_wells,pete_wells,1
16982,Tweet,pete_wells,RBReich,2
16910,Tweet,pete_wells,pete_wells,1
16967,Tweet,pete_wells,pete_wells,1
16926,Tweet,pete_wells,aleksk,445
16929,Tweet,pete_wells,pete_wells,1
16903,Tweet,pete_wells,melissaclark,7
16938,Tweet,pete_wells,BenWeiserNYT,124
16916,Tweet,pete_wells,jeannasmialek,14
16911,Tweet,pete_wells,marywalshjourno,66
16966,Tweet,pete_wells,tarasbernard,8
16917,Tweet,pete_wells,steve_hewlett,16
16977,Tweet,pete_wells,MohitaTOI,196
16934,Tweet,pete_wells,ESCochrane,110
24241,Article,stevenerlanger,stevenerlanger,1
24211,Article,stevenerlanger,farnazfassihi,2
24225,Article,stevenerlanger,billicritic,121
24237,Article,stevenerlanger,NYTimesCohen,2
24238,Article,stevenerlanger,jeannasmialek,36
24227,Article,stevenerlanger,stevenerlanger,1
24293,Article,stevenerlanger,jameskanter,3
24232,Article,stevenerlanger,AnushkaAsthana,49
24243,Article,stevenerlanger,ericschmittnyt,11
24224,Article,stevenerlanger,PippaCrerar,52
24287,Article,stevenerlanger,KeithBradsher,8
24249,Article,stevenerlanger,stevenerlanger,1
24221,Article,stevenerlanger,SwatiMathurTOI,10
24295,Article,stevenerlanger,kbennhold,4
24250,Article,stevenerlanger,mikeives,3
24307,Tweet,stevenerlanger,pete_wells,106
24302,Tweet,stevenerlanger,SherylNYT,158
24370,Tweet,stevenerlanger,murarishetyeTOI,4
24335,Tweet,stevenerlanger,mateenHTOI,152
24306,Tweet,stevenerlanger,lucywardsings,84
24327,Tweet,stevenerlanger,stevenerlanger,1
24351,Tweet,stevenerlanger,RosySequeiraTOI,55
24318,Tweet,stevenerlanger,IKershner,146
24367,Tweet,stevenerlanger,NYTBen,3
24354,Tweet,stevenerlanger,NYTimesCohen,79
24394,Tweet,stevenerlanger,vvfriedman,93
24358,Tweet,stevenerlanger,michaelcrowley,50
24341,Tweet,stevenerlanger,dklavaniaTOI,288
24350,Tweet,stevenerlanger,gmorgenson,269
24385,Tweet,stevenerlanger,nicholaswatt,20
177466,Article,BhanupratapsTOI,BhanupratapsTOI,1
177497,Article,BhanupratapsTOI,rajatpTOI,28
177511,Article,BhanupratapsTOI,PjJoychen,6
177394,Article,BhanupratapsTOI,AtulMathur_,65
177431,Article,BhanupratapsTOI,palaknandiTOI,5
177494,Article,BhanupratapsTOI,priyangiTOI,17
177321,Article,BhanupratapsTOI,bishnoiarvind11,55
177435,Article,BhanupratapsTOI,PjJoychen,22
177358,Article,BhanupratapsTOI,BhanupratapsTOI,1
177320,Article,BhanupratapsTOI,BhanupratapsTOI,1
177287,Article,BhanupratapsTOI,bishnoiarvind11,35
177369,Article,BhanupratapsTOI,toi_ManujaV,5
177387,Article,BhanupratapsTOI,sandhyanairTOI,54
177503,Article,BhanupratapsTOI,yeshikabudhwar,4
177442,Article,BhanupratapsTOI,yeshikabudhwar,2
177559,Tweet,BhanupratapsTOI,AlokKNMishra,38
177550,Tweet,BhanupratapsTOI,desaisantosh,169
177576,Tweet,BhanupratapsTOI,ipsinghTOI,2
177569,Tweet,BhanupratapsTOI,AlokKNMishra,6
177543,Tweet,BhanupratapsTOI,itsshibuthomas,19
177530,Tweet,BhanupratapsTOI,palaknandiTOI,65
177581,Tweet,BhanupratapsTOI,vijayVsinghTOI,82
177568,Tweet,BhanupratapsTOI,marywalshjourno,21
177577,Tweet,BhanupratapsTOI,MKSinghGkp,24
177542,Tweet,BhanupratapsTOI,PhanindraP_TNIE,98
177578,Tweet,BhanupratapsTOI,MKSinghGkp,20
177555,Tweet,BhanupratapsTOI,dipakdashTOI,13
177537,Tweet,BhanupratapsTOI,BhanupratapsTOI,1
177529,Tweet,BhanupratapsTOI,Gauraw2297,3
177574,Tweet,BhanupratapsTOI,ArthurNeslen,3
1655,Article,apoorva_nyc,llerer,46
1613,Article,apoorva_nyc,apoorva_nyc,1
1620,Article,apoorva_nyc,EmilyAnthes,2
1698,Article,apoorva_nyc,apoorva_nyc,1
1626,Article,apoorva_nyc,EmilyAnthes,15
1673,Article,apoorva_nyc,SindhukTOI,35
1687,Article,apoorva_nyc,williamkeegan,13
1654,Article,apoorva_nyc,jmart,137
1601,Article,apoorva_nyc,SumitraDebRoy,19
1624,Article,apoorva_nyc,DouthatNYT,3
1615,Article,apoorva_nyc,apoorva_nyc,1
1672,Article,apoorva_nyc,RBReich,50
1649,Article,apoorva_nyc,apoorva_nyc,1
1684,Article,apoorva_nyc,apoorva_nyc,1
1612,Article,apoorva_nyc,apoorva_nyc,1
1712,Tweet,apoorva_nyc,mtomasky,48
1771,Tweet,apoorva_nyc,apoorva_nyc,1
1711,Tweet,apoorva_nyc,apoorva_nyc,1
1782,Tweet,apoorva_nyc,LauraCummingArt,118
1789,Tweet,apoorva_nyc,NYTimesCohen,396
1770,Tweet,apoorva_nyc,apoorva_nyc,1
1781,Tweet,apoorva_nyc,ThevarSteffy,8
1778,Tweet,apoorva_nyc,jeannasmialek,23
1779,Tweet,apoorva_nyc,MichaelPaulson,65
1701,Tweet,apoorva_nyc,PerriKlass,15
1749,Tweet,apoorva_nyc,apoorva_nyc,1
1721,Tweet,apoorva_nyc,apoorva_nyc,1
1746,Tweet,apoorva_nyc,smita_mishra,315
1760,Tweet,apoorva_nyc,PatrickKingsley,256
1718,Tweet,apoorva_nyc,apoorva_nyc,1
35275,Article,bylizrobbins,RorySmith,251
35240,Article,bylizrobbins,pete_wells,363
35281,Article,bylizrobbins,adwaidh,41
35219,Article,bylizrobbins,el_belson,7
35237,Article,bylizrobbins,ByJamesWagner,2
35257,Article,bylizrobbins,ByJamesWagner,5
35288,Article,bylizrobbins,ChuBailiang,355
35245,Article,bylizrobbins,noamscheiber,277
35231,Article,bylizrobbins,EricaLG,4
35273,Article,bylizrobbins,bylizrobbins,1
35294,Article,bylizrobbins,ByJamesWagner,18
35224,Article,bylizrobbins,RorySmith,42
35221,Article,bylizrobbins,SarahMaslinNir,118
35216,Article,bylizrobbins,lukebroadwater,81
35239,Article,bylizrobbins,alexanderburns,23
35397,Tweet,bylizrobbins,journo_vibha,52
35335,Tweet,bylizrobbins,KSchulten,3
35343,Tweet,bylizrobbins,lukebroadwater,2
35329,Tweet,bylizrobbins,gailcollins,202
35325,Tweet,bylizrobbins,billmpennington,33
35337,Tweet,bylizrobbins,GiniaNYT,206
35364,Tweet,bylizrobbins,julianbarnes,243
35398,Tweet,bylizrobbins,joshwiddicombe,127
35311,Tweet,bylizrobbins,annanorthtweets,6
35336,Tweet,bylizrobbins,ajaysuraTOI,85
35369,Tweet,bylizrobbins,kbennhold,42
35313,Tweet,bylizrobbins,bylizrobbins,1
35383,Tweet,bylizrobbins,billywitz,23
35377,Tweet,bylizrobbins,murarishetyeTOI,10
35309,Tweet,bylizrobbins,ramarkosg,25
3246,Article,BenWeiserNYT,jimtankersley,7
3235,Article,BenWeiserNYT,hugolowell,2
3216,Article,BenWeiserNYT,BenWeiserNYT,1
3266,Article,BenWeiserNYT,lukebroadwater,3
3219,Article,BenWeiserNYT,sangerkatz,95
3269,Article,BenWeiserNYT,nytmike,2
3274,Article,BenWeiserNYT,kenvogel,3
3217,Article,BenWeiserNYT,BenWeiserNYT,1
3255,Article,BenWeiserNYT,hugolowell,11
3249,Article,BenWeiserNYT,BenWeiserNYT,1
3287,Article,BenWeiserNYT,ukigoni,65
3220,Article,BenWeiserNYT,BenWeiserNYT,1
3204,Article,BenWeiserNYT,BenWeiserNYT,1
3278,Article,BenWeiserNYT,Azi,4
3271,Article,BenWeiserNYT,jmart,2
3393,Tweet,BenWeiserNYT,BenWeiserNYT,1
3324,Tweet,BenWeiserNYT,charlie_savage,26
3359,Tweet,BenWeiserNYT,payaldhawanTOI,7
3376,Tweet,BenWeiserNYT,livia_ar,130
3390,Tweet,BenWeiserNYT,shiba_kurian,360
3349,Tweet,BenWeiserNYT,FrankBruni,45
3340,Tweet,BenWeiserNYT,jessbidgood,23
3313,Tweet,BenWeiserNYT,vvfriedman,24
3338,Tweet,BenWeiserNYT,dubeyavishek,190
3351,Tweet,BenWeiserNYT,adamliptak,23
3373,Tweet,BenWeiserNYT,stevenpoole,130
3345,Tweet,BenWeiserNYT,SangerNYT,12
3329,Tweet,BenWeiserNYT,NickAtNews,44
3384,Tweet,BenWeiserNYT,charlie_savage,16
3355,Tweet,BenWeiserNYT,BenWeiserNYT,1
34605,Article,nytDeniseGrady,NYTimesCohen,102
34668,Article,nytDeniseGrady,dwightgarner,147
34644,Article,nytDeniseGrady,llerer,244
34690,Article,nytDeniseGrady,GeorgeMonbiot,27
34602,Article,nytDeniseGrady,hadleyfreeman,44
34657,Article,nytDeniseGrady,ChuBailiang,4
34662,Article,nytDeniseGrady,adamliptak,42
34613,Article,nytDeniseGrady,FlitterOnFraud,88
34646,Article,nytDeniseGrady,apoorva_nyc,54
34618,Article,nytDeniseGrady,RoniNYTimes,5
34620,Article,nytDeniseGrady,michelleinbklyn,235
34631,Article,nytDeniseGrady,margaretrenkl,8
34675,Article,nytDeniseGrady,melissaclark,112
34612,Article,nytDeniseGrady,bylizrobbins,217
34637,Article,nytDeniseGrady,hadleyfreeman,252
34768,Tweet,nytDeniseGrady,ArthurNeslen,244
34775,Tweet,nytDeniseGrady,LizAldermanNYT,297
34790,Tweet,nytDeniseGrady,marywalshjourno,4
34778,Tweet,nytDeniseGrady,HemantaTOI,345
34750,Tweet,nytDeniseGrady,hannahdev,3
34721,Tweet,nytDeniseGrady,SindhukTOI,2
34701,Tweet,nytDeniseGrady,apoorva_nyc,51
34785,Tweet,nytDeniseGrady,RoniNYTimes,3
34715,Tweet,nytDeniseGrady,DanielKingChess,477
34736,Tweet,nytDeniseGrady,samrob12,68
34757,Tweet,nytDeniseGrady,ginakolata,118
34767,Tweet,nytDeniseGrady,SocialQPhilip,15
34754,Tweet,nytDeniseGrady,RoniNYTimes,3
34788,Tweet,nytDeniseGrady,DeccaJourno,489
34791,Tweet,nytDeniseGrady,timlottwriter,7
35628,Article,lauriegnyt,RachelDonadio,60
35670,Article,lauriegnyt,jimtankersley,17
35640,Article,lauriegnyt,ericschmittnyt,37
35671,Article,lauriegnyt,margaretrenkl,264
35683,Article,lauriegnyt,jorifinkel,65
35611,Article,lauriegnyt,FrankBruni,94
35632,Article,lauriegnyt,julianbarnes,16
35612,Article,lauriegnyt,kenvogel,41
35604,Article,lauriegnyt,hillhulse,40
35645,Article,lauriegnyt,sangerkatz,47
35622,Article,lauriegnyt,RachelDonadio,11
35619,Article,lauriegnyt,gailcollins,9
35672,Article,lauriegnyt,reidepstein,25
35618,Article,lauriegnyt,DouthatNYT,16
35650,Article,lauriegnyt,IKershner,2
35747,Tweet,lauriegnyt,andrewrawnsley,186
35721,Tweet,lauriegnyt,gailcollins,10
35763,Tweet,lauriegnyt,andrewrsorkin,255
35727,Tweet,lauriegnyt,margaretrenkl,2
35737,Tweet,lauriegnyt,murarishetyeTOI,10
35768,Tweet,lauriegnyt,andrewrawnsley,202
35706,Tweet,lauriegnyt,PamBelluck,4
35718,Tweet,lauriegnyt,ramendrasTOI,12
35791,Tweet,lauriegnyt,PamBelluck,2
35774,Tweet,lauriegnyt,GiniaNYT,30
35720,Tweet,lauriegnyt,gmorgenson,255
35777,Tweet,lauriegnyt,murarishetyeTOI,11
35713,Tweet,lauriegnyt,IKershner,157
35711,Tweet,lauriegnyt,lauriegnyt,1
35717,Tweet,lauriegnyt,billmpennington,62
107096,Article,CarolineLucas,HackneyAbbott,2
107147,Article,CarolineLucas,HackneyAbbott,13
107037,Article,CarolineLucas,williamkeegan,42
107123,Article,CarolineLucas,GeorgeMonbiot,5
107161,Article,CarolineLucas,FabrizioRomano,237
107128,Article,CarolineLucas,paulmasonnews,7
107099,Article,CarolineLucas,NilsPratley,3
107122,Article,CarolineLucas,leninology,3
107119,Article,CarolineLucas,TristramHuntVA,6
107105,Article,CarolineLucas,paulmasonnews,12
106999,Article,CarolineLucas,NilsPratley,3
107094,Article,CarolineLucas,williamkeegan,8
107051,Article,CarolineLucas,HackneyAbbott,12
107041,Article,CarolineLucas,NilsPratley,18
107143,Article,CarolineLucas,sunny_hundal,4
107302,Tweet,CarolineLucas,rhymetraveller,35
107666,Tweet,CarolineLucas,CarolineLucas,1
107218,Tweet,CarolineLucas,bindiyachariTOI,31
107605,Tweet,CarolineLucas,rondakaysen,65
107422,Tweet,CarolineLucas,TristramHuntVA,16
107274,Tweet,CarolineLucas,jfordham_jazz,28
107332,Tweet,CarolineLucas,lukeharding1968,14
107598,Tweet,CarolineLucas,vijaysinghTOI,45
107189,Tweet,CarolineLucas,FabrizioRomano,2
107481,Tweet,CarolineLucas,jwpetersNYT,99
107524,Tweet,CarolineLucas,HackneyAbbott,16
107233,Tweet,CarolineLucas,ArthurNeslen,2
107588,Tweet,CarolineLucas,sandhyanairTOI,17
107734,Tweet,CarolineLucas,LeoHickman,5
107277,Tweet,CarolineLucas,lucysiegle,4
10099,Article,joecoscarelli,ggreenwald,11
10008,Article,joecoscarelli,juliarebeccaj,14
10007,Article,joecoscarelli,joecoscarelli,1
10072,Article,joecoscarelli,bykaren,63
10088,Article,joecoscarelli,RBReich,21
10098,Article,joecoscarelli,sisario,18
10060,Article,joecoscarelli,EricaLG,54
10029,Article,joecoscarelli,EVincentelli,98
10054,Article,joecoscarelli,mtomasky,20
10041,Article,joecoscarelli,ggreenwald,4
10052,Article,joecoscarelli,mtomasky,49
10034,Article,joecoscarelli,murarishetyeTOI,7
10068,Article,joecoscarelli,mtomasky,4
10048,Article,joecoscarelli,zwoolfe,34
10021,Article,joecoscarelli,mtomasky,17
10105,Tweet,joecoscarelli,joncaramanica,5
10188,Tweet,joecoscarelli,lucywardsings,71
10194,Tweet,joecoscarelli,juliarebeccaj,60
10145,Tweet,joecoscarelli,jbouie,18
10162,Tweet,joecoscarelli,joecoscarelli,1
10142,Tweet,joecoscarelli,binays1960,3
10140,Tweet,joecoscarelli,binays1960,4
10170,Tweet,joecoscarelli,joncaramanica,3
10199,Tweet,joecoscarelli,MoharBasu,73
10119,Tweet,joecoscarelli,jonronson,9
10172,Tweet,joecoscarelli,aleksk,5
10143,Tweet,joecoscarelli,VivianHo,4
10113,Tweet,joecoscarelli,joecoscarelli,1
10163,Tweet,joecoscarelli,joncaramanica,2
10195,Tweet,joecoscarelli,joecoscarelli,1
15271,Article,npfandos,jameskanter,3
15284,Article,npfandos,npfandos,1
15253,Article,npfandos,npfandos,1
15205,Article,npfandos,lukebroadwater,23
15258,Article,npfandos,reidepstein,6
15235,Article,npfandos,hugolowell,4
15227,Article,npfandos,npfandos,1
15268,Article,npfandos,jmart,7
15216,Article,npfandos,npfandos,1
15209,Article,npfandos,npfandos,1
15243,Article,npfandos,ESCochrane,6
15262,Article,npfandos,ESCochrane,5
15240,Article,npfandos,jmart,12
15290,Article,npfandos,lukebroadwater,3
15233,Article,npfandos,npfandos,1
15339,Tweet,npfandos,ShaneGoldmacher,4
15390,Tweet,npfandos,mtomasky,3
15399,Tweet,npfandos,BhanupratapsTOI,17
15391,Tweet,npfandos,tripgabriel,3
15312,Tweet,npfandos,hugolowell,3
15351,Tweet,npfandos,tripgabriel,6
15318,Tweet,npfandos,vijayVsinghTOI,42
15389,Tweet,npfandos,NishikantkTOI,10
15385,Tweet,npfandos,ginakolata,42
15368,Tweet,npfandos,tripgabriel,8
15361,Tweet,npfandos,tripgabriel,16
15333,Tweet,npfandos,jmart,8
15387,Tweet,npfandos,Bencjacobs,53
15349,Tweet,npfandos,npfandos,1
15325,Tweet,npfandos,smbahr14,195
10677,Article,juliarebeccaj,smbahr14,103
10605,Article,juliarebeccaj,tariqpanja,100
10607,Article,juliarebeccaj,saumyajitbTOI,191
10688,Article,juliarebeccaj,tripgabriel,12
10634,Article,juliarebeccaj,jimwaterson,17
10692,Article,juliarebeccaj,bydanielvictor,166
10614,Article,juliarebeccaj,Freedland,157
10681,Article,juliarebeccaj,PatriciaMazzei,59
10662,Article,juliarebeccaj,gettinviggy,73
10673,Article,juliarebeccaj,RorySmith,155
10696,Article,juliarebeccaj,williamkeegan,174
10675,Article,juliarebeccaj,hillhulse,67
10632,Article,juliarebeccaj,ericschmittnyt,313
10624,Article,juliarebeccaj,sio_burke,32
10689,Article,juliarebeccaj,marcatracy,135
10775,Tweet,juliarebeccaj,nytmike,38
10792,Tweet,juliarebeccaj,reidepstein,10
10752,Tweet,juliarebeccaj,debaratisen,290
10734,Tweet,juliarebeccaj,gailcollins,83
10705,Tweet,juliarebeccaj,kbennhold,221
10761,Tweet,juliarebeccaj,genznyt,85
10711,Tweet,juliarebeccaj,hugolowell,74
10770,Tweet,juliarebeccaj,gettinviggy,58
10757,Tweet,juliarebeccaj,RBReich,186
10724,Tweet,juliarebeccaj,GeorgeMonbiot,300
10790,Tweet,juliarebeccaj,williamnhutton,293
10717,Tweet,juliarebeccaj,charlie_savage,18
10751,Tweet,juliarebeccaj,journo_vibha,78
10793,Tweet,juliarebeccaj,charltonbrooker,105
10755,Tweet,juliarebeccaj,jackschofield,143
9874,Article,jmart,ShaneGoldmacher,4
9897,Article,jmart,lukebroadwater,5
9844,Article,jmart,ESCochrane,6
9852,Article,jmart,hillhulse,17
9877,Article,jmart,hillhulse,8
9834,Article,jmart,jmart,1
9803,Article,jmart,lukebroadwater,4
9869,Article,jmart,jmart,1
9819,Article,jmart,reidepstein,2
9883,Article,jmart,adamliptak,72
9813,Article,jmart,alexanderburns,3
9887,Article,jmart,samrob12,3
9814,Article,jmart,llerer,11
9825,Article,jmart,lukebroadwater,8
9833,Article,jmart,npfandos,5
9972,Tweet,jmart,jmart,1
9949,Tweet,jmart,adamliptak,3
9947,Tweet,jmart,omjasvinTOI,49
9999,Tweet,jmart,michelleinbklyn,24
9935,Tweet,jmart,el_belson,30
9979,Tweet,jmart,MichaelPaulson,13
9930,Tweet,jmart,peterbradshaw1,239
9980,Tweet,jmart,jimtankersley,13
9921,Tweet,jmart,Freedland,103
9967,Tweet,jmart,jmart,1
9907,Tweet,jmart,stevenerlanger,307
9976,Tweet,jmart,tripgabriel,6
9902,Tweet,jmart,tripgabriel,9
9989,Tweet,jmart,BellaKwai,389
9916,Tweet,jmart,hillhulse,4
34059,Article,jorifinkel,GiniaNYT,25
34065,Article,jorifinkel,nauzerbTOI,45
34044,Article,jorifinkel,jorifinkel,1
34073,Article,jorifinkel,DSlotnik,51
34082,Article,jorifinkel,kbennhold,14
34093,Article,jorifinkel,kylebuchanan,3
34055,Article,jorifinkel,vvfriedman,2
34091,Article,jorifinkel,NYTimesCohen,46
34022,Article,jorifinkel,PatrickKingsley,33
34009,Article,jorifinkel,meddynyt,16
34030,Article,jorifinkel,jorifinkel,1
34070,Article,jorifinkel,smita_mishra,402
34049,Article,jorifinkel,rondakaysen,8
34037,Article,jorifinkel,samsifton,6
34035,Article,jorifinkel,jennydeluxe,48
34122,Tweet,jorifinkel,winematcher,129
34137,Tweet,jorifinkel,joshwiddicombe,3
34147,Tweet,jorifinkel,davidleighx,22
34100,Tweet,jorifinkel,rjadHinduBL,8
34124,Tweet,jorifinkel,jennydeluxe,347
34169,Tweet,jorifinkel,vvfriedman,6
34157,Tweet,jorifinkel,JessicaValenti,289
34165,Tweet,jorifinkel,peterbradshaw1,157
34121,Tweet,jorifinkel,davidleighx,3
34133,Tweet,jorifinkel,tomfriedman,54
34191,Tweet,jorifinkel,RBReich,291
34167,Tweet,jorifinkel,ChaitanyadTOI,3
34106,Tweet,jorifinkel,mtomasky,221
34193,Tweet,jorifinkel,dwightgarner,45
34146,Tweet,jorifinkel,margaretrenkl,249
12292,Article,liamstack,mateenHTOI,207
12240,Article,liamstack,vvfriedman,32
12288,Article,liamstack,IKershner,68
12225,Article,liamstack,adamliptak,49
12244,Article,liamstack,BenWeiserNYT,34
12275,Article,liamstack,reidepstein,64
12232,Article,liamstack,jorifinkel,108
12220,Article,liamstack,gailcollins,111
12209,Article,liamstack,adamliptak,58
12205,Article,liamstack,michaelcrowley,12
12263,Article,liamstack,FrankBruni,122
12270,Article,liamstack,ditzkoff,145
12258,Article,liamstack,jennydeluxe,114
12268,Article,liamstack,vvfriedman,158
12284,Article,liamstack,LizAldermanNYT,173
12301,Tweet,liamstack,RBReich,74
12351,Tweet,liamstack,CarolineLucas,193
12342,Tweet,liamstack,vijayVsinghTOI,204
12337,Tweet,liamstack,joncaramanica,185
12375,Tweet,liamstack,gettinviggy,22
12325,Tweet,liamstack,pete_wells,115
12320,Tweet,liamstack,ggreenwald,33
12366,Tweet,liamstack,jmart,28
12354,Tweet,liamstack,SarahMaslinNir,122
12380,Tweet,liamstack,NYTimesCohen,29
12381,Tweet,liamstack,ggreenwald,78
12378,Tweet,liamstack,BenWeiserNYT,36
12389,Tweet,liamstack,jimwaterson,158
12336,Tweet,liamstack,SocialQPhilip,48
12340,Tweet,liamstack,marywalshjourno,116
31856,Article,PamBelluck,reidepstein,52
31820,Article,PamBelluck,adamliptak,65
31816,Article,PamBelluck,jasondhorowitz,165
31828,Article,PamBelluck,SumitraDebRoy,111
31891,Article,PamBelluck,RachelDonadio,105
31829,Article,PamBelluck,HemantaTOI,216
31894,Article,PamBelluck,adamliptak,42
31862,Article,PamBelluck,ChaitanyadTOI,287
31893,Article,PamBelluck,carolecadwalla,189
31869,Article,PamBelluck,alexanderburns,86
31879,Article,PamBelluck,michelleinbklyn,105
31841,Article,PamBelluck,samsifton,107
31806,Article,PamBelluck,adamliptak,43
31899,Article,PamBelluck,jimtankersley,117
31835,Article,PamBelluck,hillhulse,86
31992,Tweet,PamBelluck,nytdavidbrooks,171
31913,Tweet,PamBelluck,RichSandomir,155
31941,Tweet,PamBelluck,ThevarSteffy,94
31954,Tweet,PamBelluck,vaibhavgTOI,147
31973,Tweet,PamBelluck,jmart,7
31955,Tweet,PamBelluck,samsifton,186
31914,Tweet,PamBelluck,charlie_savage,3
31970,Tweet,PamBelluck,tripgabriel,61
31909,Tweet,PamBelluck,sangerkatz,6
31935,Tweet,PamBelluck,jennydeluxe,16
31921,Tweet,PamBelluck,nytDeniseGrady,39
31963,Tweet,PamBelluck,christophclarey,247
31949,Tweet,PamBelluck,jillfilipovic,108
31984,Tweet,PamBelluck,thestephmerritt,44
31960,Tweet,PamBelluck,ESCochrane,74
5014,Article,christophclarey,BenRothenberg,5
5060,Article,christophclarey,RorySmith,2
5067,Article,christophclarey,BenRothenberg,4
5052,Article,christophclarey,RorySmith,3
5051,Article,christophclarey,RorySmith,2
5044,Article,christophclarey,RorySmith,4
5077,Article,christophclarey,billmpennington,8
5009,Article,christophclarey,MujMash,13
5050,Article,christophclarey,marcatracy,4
5016,Article,christophclarey,RorySmith,6
5035,Article,christophclarey,tariqpanja,8
5086,Article,christophclarey,billmpennington,9
5054,Article,christophclarey,dwightgarner,7
5066,Article,christophclarey,PatriciaMazzei,28
5031,Article,christophclarey,tariqpanja,6
5137,Tweet,christophclarey,questingvole,6
5154,Tweet,christophclarey,BenRothenberg,2
5163,Tweet,christophclarey,thrasherxy,52
5132,Tweet,christophclarey,marywalshjourno,132
5106,Tweet,christophclarey,DerekMalcolm123,104
5138,Tweet,christophclarey,JessicaValenti,22
5130,Tweet,christophclarey,lenoretaylor,120
5157,Tweet,christophclarey,ajaysuraTOI,32
5114,Tweet,christophclarey,domphillips,30
5115,Tweet,christophclarey,timlottwriter,161
5173,Tweet,christophclarey,RorySmith,4
5187,Tweet,christophclarey,MattFutterman,2
5101,Tweet,christophclarey,FabrizioRomano,6
5180,Tweet,christophclarey,davidleighx,23
5158,Tweet,christophclarey,priyangiTOI,109
18279,Article,rpogrebin,nicholaswatt,233
18269,Article,rpogrebin,PatrickKingsley,16
18214,Article,rpogrebin,kylebuchanan,70
18254,Article,rpogrebin,RorySmith,20
18206,Article,rpogrebin,philipoltermann,119
18237,Article,rpogrebin,tejalrao,32
18258,Article,rpogrebin,saumyajitbTOI,103
18219,Article,rpogrebin,PatrickKingsley,10
18250,Article,rpogrebin,damiencave,220
18257,Article,rpogrebin,smbahr14,2
18259,Article,rpogrebin,marcatracy,46
18213,Article,rpogrebin,SagrikaKissu,209
18273,Article,rpogrebin,samrob12,27
18294,Article,rpogrebin,PatrickKingsley,11
18233,Article,rpogrebin,margaretrenkl,116
18384,Tweet,rpogrebin,HinaRohtaki,309
18379,Tweet,rpogrebin,IKershner,88
18374,Tweet,rpogrebin,ishajainTOI,331
18385,Tweet,rpogrebin,gailcollins,102
18386,Tweet,rpogrebin,chrishughes,14
18312,Tweet,rpogrebin,PrashantrTOI,226
18318,Tweet,rpogrebin,mateenHTOI,324
18391,Tweet,rpogrebin,polblonde,7
18317,Tweet,rpogrebin,JoshuaRozenberg,197
18380,Tweet,rpogrebin,rpogrebin,1
18358,Tweet,rpogrebin,rpogrebin,1
18355,Tweet,rpogrebin,yeshikabudhwar,327
18365,Tweet,rpogrebin,MichaelWhite,187
18370,Tweet,rpogrebin,ginakolata,353
18328,Tweet,rpogrebin,MKSinghGkp,109
185531,Article,HinaRohtaki,Arv_Ind_Chauhan,6
185457,Article,HinaRohtaki,sudhanshub16,64
185455,Article,HinaRohtaki,yeshikabudhwar,5
185500,Article,HinaRohtaki,HinaRohtaki,1
185548,Article,HinaRohtaki,HinaRohtaki,1
185441,Article,HinaRohtaki,HinaRohtaki,1
185397,Article,HinaRohtaki,AshokPradhanTOI,8
185517,Article,HinaRohtaki,maheshbTOI,2
185557,Article,HinaRohtaki,payaldhawanTOI,3
185507,Article,HinaRohtaki,priyangiTOI,3
185488,Article,HinaRohtaki,SidharthB25,3
185401,Article,HinaRohtaki,ChaithanyaSwamy,5
185414,Article,HinaRohtaki,journo_vibha,20
185494,Article,HinaRohtaki,HinaRohtaki,1
185463,Article,HinaRohtaki,shafaquealamTOI,48
185638,Tweet,HinaRohtaki,HinaRohtaki,1
185619,Tweet,HinaRohtaki,bishnoiarvind11,6
185599,Tweet,HinaRohtaki,parthshastriTOI,4
185592,Tweet,HinaRohtaki,HinaRohtaki,1
185644,Tweet,HinaRohtaki,vaibhavgTOI,46
185565,Tweet,HinaRohtaki,rashmidTOI,3
185627,Tweet,HinaRohtaki,AlokKNMishra,133
185628,Tweet,HinaRohtaki,shafaquealamTOI,7
185574,Tweet,HinaRohtaki,ipsinghTOI,5
185626,Tweet,HinaRohtaki,HinaRohtaki,1
185630,Tweet,HinaRohtaki,ramarkosg,158
185617,Tweet,HinaRohtaki,kush_junglee,26
185563,Tweet,HinaRohtaki,smita_mishra,355
185650,Tweet,HinaRohtaki,palaknandiTOI,31
185573,Tweet,HinaRohtaki,ChaitanyadTOI,64
33847,Article,annanorthtweets,ChaitanyadTOI,17
33887,Article,annanorthtweets,nytdavidbrooks,151
33835,Article,annanorthtweets,melissaclark,48
33850,Article,annanorthtweets,polblonde,263
33898,Article,annanorthtweets,jennydeluxe,33
33839,Article,annanorthtweets,andrewrsorkin,278
33895,Article,annanorthtweets,oliverburkeman,124
33879,Article,annanorthtweets,SocialQPhilip,80
33896,Article,annanorthtweets,SwatiShindeTOI,164
33874,Article,annanorthtweets,jwpetersNYT,117
33816,Article,annanorthtweets,JessicaValenti,324
33833,Article,annanorthtweets,MoharBasu,314
33883,Article,annanorthtweets,laurenlaverne,30
33875,Article,annanorthtweets,hugolowell,208
33800,Article,annanorthtweets,GeorgeMonbiot,239
33961,Tweet,annanorthtweets,farnazfassihi,50
33906,Tweet,annanorthtweets,Freedland,3
33970,Tweet,annanorthtweets,binays1960,7
33991,Tweet,annanorthtweets,elizabday,67
33988,Tweet,annanorthtweets,annanorthtweets,1
33941,Tweet,annanorthtweets,oliverburkeman,372
33908,Tweet,annanorthtweets,margaretrenkl,111
33947,Tweet,annanorthtweets,EricaLG,7
33976,Tweet,annanorthtweets,vanbadham,287
33953,Tweet,annanorthtweets,joecoscarelli,85
33974,Tweet,annanorthtweets,EmilyAnthes,14
33901,Tweet,annanorthtweets,RBReich,56
33948,Tweet,annanorthtweets,ChaitanyadTOI,313
33986,Tweet,annanorthtweets,EricaLG,2
33903,Tweet,annanorthtweets,SocialQPhilip,124
4893,Article,charlie_savage,nytmike,13
4863,Article,charlie_savage,hugolowell,19
4814,Article,charlie_savage,ericschmittnyt,33
4825,Article,charlie_savage,npfandos,8
4899,Article,charlie_savage,npfandos,20
4838,Article,charlie_savage,hillhulse,5
4818,Article,charlie_savage,nytmike,9
4852,Article,charlie_savage,stevenerlanger,97
4819,Article,charlie_savage,alanfeuer,4
4827,Article,charlie_savage,hugolowell,10
4830,Article,charlie_savage,adamliptak,4
4805,Article,charlie_savage,farnazfassihi,3
4877,Article,charlie_savage,npfandos,3
4854,Article,charlie_savage,kenvogel,17
4892,Article,charlie_savage,adamliptak,5
4935,Tweet,charlie_savage,marywalshjourno,24
4951,Tweet,charlie_savage,charlie_savage,1
4992,Tweet,charlie_savage,StacyCowley,9
4987,Tweet,charlie_savage,LFFriedman,52
4919,Tweet,charlie_savage,charltonbrooker,473
4945,Tweet,charlie_savage,FlitterOnFraud,2
4912,Tweet,charlie_savage,Shrivathsan1437,230
4947,Tweet,charlie_savage,vwang3,62
4940,Tweet,charlie_savage,charlie_savage,1
4902,Tweet,charlie_savage,hugolowell,3
4956,Tweet,charlie_savage,charlie_savage,1
4941,Tweet,charlie_savage,ShaneGoldmacher,21
4993,Tweet,charlie_savage,hugolowell,4
4967,Tweet,charlie_savage,charlie_savage,1
4930,Tweet,charlie_savage,hugolowell,8
25895,Article,jbouie,RBReich,7
25885,Article,jbouie,tripgabriel,5
25845,Article,jbouie,noamscheiber,21
25891,Article,jbouie,mtomasky,15
25860,Article,jbouie,tripgabriel,81
25855,Article,jbouie,ShaneGoldmacher,11
25843,Article,jbouie,michelleinbklyn,31
25804,Article,jbouie,jbouie,1
25837,Article,jbouie,vvfriedman,16
25835,Article,jbouie,paulkrugman,19
25832,Article,jbouie,hillhulse,12
25826,Article,jbouie,nytdavidbrooks,4
25877,Article,jbouie,mtomasky,9
25836,Article,jbouie,vvfriedman,10
25858,Article,jbouie,jwpetersNYT,47
25977,Tweet,jbouie,kylebuchanan,16
25938,Tweet,jbouie,BawaNaaved,36
25933,Tweet,jbouie,joecoscarelli,10
25907,Tweet,jbouie,jennydeluxe,68
25901,Tweet,jbouie,sarahditum,10
25961,Tweet,jbouie,annanorthtweets,62
25986,Tweet,jbouie,tripgabriel,5
25914,Tweet,jbouie,kylebuchanan,15
25964,Tweet,jbouie,sio_burke,2
25952,Tweet,jbouie,andrewrsorkin,14
25980,Tweet,jbouie,sangerkatz,34
25919,Tweet,jbouie,jonpareles,305
25925,Tweet,jbouie,nicholaswatt,205
25999,Tweet,jbouie,ESCochrane,52
25990,Tweet,jbouie,nicklezard,61
286,Article,alanfeuer,hillhulse,44
226,Article,alanfeuer,PNaveenTOI,172
246,Article,alanfeuer,jwpetersNYT,36
252,Article,alanfeuer,hugolowell,29
225,Article,alanfeuer,nytmike,31
229,Article,alanfeuer,ShaneGoldmacher,132
273,Article,alanfeuer,lukebroadwater,29
236,Article,alanfeuer,hugolowell,7
250,Article,alanfeuer,hugolowell,4
291,Article,alanfeuer,alanfeuer,1
243,Article,alanfeuer,tripgabriel,168
289,Article,alanfeuer,adamliptak,31
263,Article,alanfeuer,hugolowell,8
295,Article,alanfeuer,hugolowell,32
234,Article,alanfeuer,IanCobain,36
369,Tweet,alanfeuer,vanbadham,3
310,Tweet,alanfeuer,charlie_savage,12
395,Tweet,alanfeuer,SocialQPhilip,173
365,Tweet,alanfeuer,DSlotnik,9
308,Tweet,alanfeuer,hugolowell,73
333,Tweet,alanfeuer,nytmike,12
359,Tweet,alanfeuer,alexanderburns,3
388,Tweet,alanfeuer,mtomasky,37
398,Tweet,alanfeuer,gmorgenson,175
363,Tweet,alanfeuer,hugolowell,11
350,Tweet,alanfeuer,FrankBruni,3
349,Tweet,alanfeuer,noamscheiber,17
322,Tweet,alanfeuer,hugolowell,4
362,Tweet,alanfeuer,hugolowell,3
313,Tweet,alanfeuer,michelleinbklyn,11
12487,Article,lukebroadwater,hugolowell,2
12468,Article,lukebroadwater,npfandos,2
12444,Article,lukebroadwater,Bencjacobs,4
12446,Article,lukebroadwater,jbouie,73
12476,Article,lukebroadwater,ShaneGoldmacher,2
12417,Article,lukebroadwater,lukebroadwater,1
12457,Article,lukebroadwater,jmart,7
12472,Article,lukebroadwater,lukebroadwater,1
12414,Article,lukebroadwater,ESCochrane,8
12438,Article,lukebroadwater,hugolowell,2
12418,Article,lukebroadwater,tariqpanja,27
12436,Article,lukebroadwater,hugolowell,3
12479,Article,lukebroadwater,ESCochrane,7
12478,Article,lukebroadwater,PatriciaMazzei,82
12403,Article,lukebroadwater,npfandos,4
12588,Tweet,lukebroadwater,npfandos,8
12562,Tweet,lukebroadwater,gailcollins,323
12583,Tweet,lukebroadwater,alanfeuer,14
12596,Tweet,lukebroadwater,lukebroadwater,1
12558,Tweet,lukebroadwater,lukebroadwater,1
12556,Tweet,lukebroadwater,hugolowell,17
12507,Tweet,lukebroadwater,hugolowell,6
12566,Tweet,lukebroadwater,anniekarni,14
12581,Tweet,lukebroadwater,ajaysuraTOI,104
12571,Tweet,lukebroadwater,hillhulse,5
12567,Tweet,lukebroadwater,alexanderburns,3
12529,Tweet,lukebroadwater,charlie_savage,6
12538,Tweet,lukebroadwater,jmart,5
12548,Tweet,lukebroadwater,lukebroadwater,1
12577,Tweet,lukebroadwater,hugolowell,2
28088,Article,jameskanter,SwatiMathurTOI,2
28039,Article,jameskanter,hillhulse,19
28093,Article,jameskanter,jameskanter,1
28046,Article,jameskanter,AtulMathur_,4
28008,Article,jameskanter,RachelDonadio,39
28058,Article,jameskanter,ShaneGoldmacher,6
28043,Article,jameskanter,AtulMathur_,19
28075,Article,jameskanter,jameskanter,1
28052,Article,jameskanter,stevenerlanger,20
28041,Article,jameskanter,kenvogel,5
28050,Article,jameskanter,jameskanter,1
28035,Article,jameskanter,jameskanter,1
28016,Article,jameskanter,stevenerlanger,4
28089,Article,jameskanter,farnazfassihi,43
28070,Article,jameskanter,stevenerlanger,4
28144,Tweet,jameskanter,Shreyanka_M,48
28104,Tweet,jameskanter,nnougayrede,18
28196,Tweet,jameskanter,jameskanter,1
28117,Tweet,jameskanter,RaphaelMinder,15
28132,Tweet,jameskanter,npwcnn,70
28168,Tweet,jameskanter,jimwaterson,122
28193,Tweet,jameskanter,williamkeegan,52
28125,Tweet,jameskanter,RaphaelMinder,250
28150,Tweet,jameskanter,dubeyavishek,20
28128,Tweet,jameskanter,saumyajitbTOI,107
28130,Tweet,jameskanter,gailcollins,141
28120,Tweet,jameskanter,ramendrasTOI,65
28184,Tweet,jameskanter,andrewrawnsley,110
28151,Tweet,jameskanter,rebeccaSTOI,37
28199,Tweet,jameskanter,RosySequeiraTOI,295
7081,Article,el_belson,el_belson,1
7075,Article,el_belson,el_belson,1
7003,Article,el_belson,el_belson,1
7041,Article,el_belson,el_belson,1
7080,Article,el_belson,jennydeluxe,6
7035,Article,el_belson,LFFriedman,10
7001,Article,el_belson,kylebuchanan,31
7074,Article,el_belson,IKershner,60
7057,Article,el_belson,el_belson,1
7082,Article,el_belson,hugolowell,2
7026,Article,el_belson,el_belson,1
7037,Article,el_belson,afuahirsch,233
7071,Article,el_belson,el_belson,1
7056,Article,el_belson,DavidWaldstein,44
7023,Article,el_belson,el_belson,1
7131,Tweet,el_belson,el_belson,1
7149,Tweet,el_belson,bykaren,7
7103,Tweet,el_belson,el_belson,1
7166,Tweet,el_belson,hillhulse,77
7184,Tweet,el_belson,bylizrobbins,44
7187,Tweet,el_belson,el_belson,1
7150,Tweet,el_belson,ajaysuraTOI,3
7146,Tweet,el_belson,pankajdoval,63
7144,Tweet,el_belson,paulkrugman,97
7195,Tweet,el_belson,nmcintosh,6
7101,Tweet,el_belson,el_belson,1
7181,Tweet,el_belson,el_belson,1
7142,Tweet,el_belson,el_belson,1
7183,Tweet,el_belson,el_belson,1
7180,Tweet,el_belson,el_belson,1
6820,Article,ElianPeltier,ShaneGoldmacher,11
6880,Article,ElianPeltier,patrickwintour,4
6835,Article,ElianPeltier,NikiKitsantonis,29
6846,Article,ElianPeltier,saumyajitbTOI,77
6891,Article,ElianPeltier,aurelienbrd,21
6811,Article,ElianPeltier,jameskanter,10
6810,Article,ElianPeltier,jimwaterson,359
6862,Article,ElianPeltier,LizAldermanNYT,63
6855,Article,ElianPeltier,gilestremlett,13
6828,Article,ElianPeltier,ukigoni,46
6825,Article,ElianPeltier,stevenerlanger,18
6830,Article,ElianPeltier,aurelienbrd,25
6899,Article,ElianPeltier,nicholaswatt,46
6839,Article,ElianPeltier,farnazfassihi,5
6896,Article,ElianPeltier,ElianPeltier,1
6913,Tweet,ElianPeltier,pradeeptTOI,136
6963,Tweet,ElianPeltier,zwoolfe,154
6985,Tweet,ElianPeltier,AtulMathur_,74
6923,Tweet,ElianPeltier,NYTBen,61
6924,Tweet,ElianPeltier,JessicaValenti,234
6957,Tweet,ElianPeltier,CarolineLucas,167
6979,Tweet,ElianPeltier,GlennThrush,192
6933,Tweet,ElianPeltier,payaldhawanTOI,163
6947,Tweet,ElianPeltier,murarishetyeTOI,88
6942,Tweet,ElianPeltier,NikiKitsantonis,135
6996,Tweet,ElianPeltier,richardwolffedc,302
6916,Tweet,ElianPeltier,aurelienbrd,59
6928,Tweet,ElianPeltier,Lattif,72
6919,Tweet,ElianPeltier,carolecadwalla,88
6921,Tweet,ElianPeltier,NYTimesCohen,162
35849,Article,KSchulten,MoharBasu,209
35830,Article,KSchulten,jessbidgood,8
35801,Article,KSchulten,AnaSwanson,113
35812,Article,KSchulten,debaratisen,25
35870,Article,KSchulten,sermoninstone,3
35852,Article,KSchulten,apoorva_nyc,457
35807,Article,KSchulten,nytdavidbrooks,13
35850,Article,KSchulten,SocialQPhilip,64
35820,Article,KSchulten,davidhepworth,199
35864,Article,KSchulten,RachelDonadio,84
35829,Article,KSchulten,Shilarze_SSR,9
35898,Article,KSchulten,RorySmith,125
35899,Article,KSchulten,annanorthtweets,4
35814,Article,KSchulten,jackschofield,5
35879,Article,KSchulten,alexbellos,363
35948,Tweet,KSchulten,rachshabi,19
35961,Tweet,KSchulten,vanbadham,6
35985,Tweet,KSchulten,joshwiddicombe,330
35942,Tweet,KSchulten,EricaLG,18
35913,Tweet,KSchulten,EricaLG,6
35949,Tweet,KSchulten,bglendenning,43
35953,Tweet,KSchulten,KSchulten,1
35991,Tweet,KSchulten,priyagupta999,53
35932,Tweet,KSchulten,oliverburkeman,162
35998,Tweet,KSchulten,winematcher,11
35935,Tweet,KSchulten,joncaramanica,160
35946,Tweet,KSchulten,EricaLG,11
35958,Tweet,KSchulten,AlysFowler,11
35957,Tweet,KSchulten,margaretrenkl,385
35975,Tweet,KSchulten,KSchulten,1
32884,Article,RoniNYTimes,adamliptak,30
32820,Article,RoniNYTimes,emmabrockes,10
32862,Article,RoniNYTimes,SumitraDebRoy,6
32824,Article,RoniNYTimes,IKershner,176
32827,Article,RoniNYTimes,durgeshjhaTOI,2
32840,Article,RoniNYTimes,PjJoychen,45
32875,Article,RoniNYTimes,llerer,8
32893,Article,RoniNYTimes,marywalshjourno,5
32837,Article,RoniNYTimes,DawnHFoster,56
32832,Article,RoniNYTimes,apoorva_nyc,40
32801,Article,RoniNYTimes,billmpennington,282
32856,Article,RoniNYTimes,SharonLNYT,10
32855,Article,RoniNYTimes,samsifton,25
32876,Article,RoniNYTimes,ginakolata,3
32877,Article,RoniNYTimes,hillhulse,225
32994,Tweet,RoniNYTimes,rebeccaSTOI,38
32968,Tweet,RoniNYTimes,PNaveenTOI,203
32911,Tweet,RoniNYTimes,nytmike,58
32908,Tweet,RoniNYTimes,RoniNYTimes,1
32926,Tweet,RoniNYTimes,durgeshjhaTOI,102
32907,Tweet,RoniNYTimes,meeravohraTOI,173
32918,Tweet,RoniNYTimes,DSlotnik,2
32969,Tweet,RoniNYTimes,ThevarSteffy,5
32913,Tweet,RoniNYTimes,RosySequeiraTOI,296
32938,Tweet,RoniNYTimes,winematcher,11
32904,Tweet,RoniNYTimes,apoorva_nyc,36
32953,Tweet,RoniNYTimes,MarinaOLoughlin,262
32900,Tweet,RoniNYTimes,Rupalijee,9
32995,Tweet,RoniNYTimes,RoniNYTimes,1
32982,Tweet,RoniNYTimes,MujMash,469
196834,Article,nauzerbTOI,vijayVsinghTOI,9
196940,Article,nauzerbTOI,nauzerbTOI,1
196904,Article,nauzerbTOI,ipsinghTOI,4
196898,Article,nauzerbTOI,007pandey,10
196949,Article,nauzerbTOI,HinaRohtaki,7
196959,Article,nauzerbTOI,bishnoiarvind11,4
196824,Article,nauzerbTOI,saumyajitbTOI,47
196731,Article,nauzerbTOI,KapildaveTOI,5
196801,Article,nauzerbTOI,MujMash,57
196730,Article,nauzerbTOI,dubeyavishek,6
196924,Article,nauzerbTOI,yeshikabudhwar,7
196936,Article,nauzerbTOI,shafaquealamTOI,16
196896,Article,nauzerbTOI,abantika77,42
196789,Article,nauzerbTOI,RosySequeiraTOI,11
196816,Article,nauzerbTOI,DSandip_TOI,9
197046,Tweet,nauzerbTOI,elizabday,222
197063,Tweet,nauzerbTOI,nicklezard,71
196989,Tweet,nauzerbTOI,desaisantosh,49
197049,Tweet,nauzerbTOI,GovindKMaadTOI,62
196991,Tweet,nauzerbTOI,nauzerbTOI,1
197041,Tweet,nauzerbTOI,saumyajitbTOI,9
197030,Tweet,nauzerbTOI,williamnhutton,2
196997,Tweet,nauzerbTOI,damiencave,40
196974,Tweet,nauzerbTOI,petleepeter,4
196979,Tweet,nauzerbTOI,ChaitanyadTOI,30
197001,Tweet,nauzerbTOI,petleepeter,17
197068,Tweet,nauzerbTOI,nytdavidbrooks,395
196976,Tweet,nauzerbTOI,dubeyavishek,101
196982,Tweet,nauzerbTOI,msrachelcooke,265
196990,Tweet,nauzerbTOI,journo_vibha,102
15474,Article,NYTBen,jamesrbuk,9
15471,Article,NYTBen,kbennhold,3
15486,Article,NYTBen,dwightgarner,23
15485,Article,NYTBen,hugolowell,46
15450,Article,NYTBen,NYTBen,1
15487,Article,NYTBen,KeithBradsher,2
15497,Article,NYTBen,PatrickKingsley,3
15418,Article,NYTBen,mikeives,2
15409,Article,NYTBen,stevenerlanger,6
15443,Article,NYTBen,IKershner,10
15439,Article,NYTBen,NYTBen,1
15495,Article,NYTBen,NYTBen,1
15457,Article,NYTBen,NYTBen,1
15434,Article,NYTBen,NYTimesCohen,10
15413,Article,NYTBen,ewong,48
15508,Tweet,NYTBen,julianbarnes,4
15588,Tweet,NYTBen,FrankBruni,25
15544,Tweet,NYTBen,ASoloski,461
15509,Tweet,NYTBen,tariqpanja,73
15594,Tweet,NYTBen,manvirsainiTOI,172
15530,Tweet,NYTBen,peterbakernyt,16
15559,Tweet,NYTBen,SharonLNYT,63
15537,Tweet,NYTBen,ChuBailiang,21
15560,Tweet,NYTBen,sangerkatz,9
15569,Tweet,NYTBen,RaphaelMinder,18
15574,Tweet,NYTBen,ukigoni,59
15504,Tweet,NYTBen,NYTBen,1
15519,Tweet,NYTBen,AditiZero,111
15573,Tweet,NYTBen,_nicolaclark,456
15580,Tweet,NYTBen,stevenerlanger,13
3870,Article,brooksbarnesNYT,jhoffman,2
3897,Article,brooksbarnesNYT,RorySmith,44
3896,Article,brooksbarnesNYT,DSlotnik,31
3803,Article,brooksbarnesNYT,GioRussonello,3
3817,Article,brooksbarnesNYT,brooksbarnesNYT,1
3827,Article,brooksbarnesNYT,bencasselman,21
3886,Article,brooksbarnesNYT,jotted,62
3811,Article,brooksbarnesNYT,nicholaswatt,221
3818,Article,brooksbarnesNYT,NilsPratley,113
3835,Article,brooksbarnesNYT,sisario,2
3883,Article,brooksbarnesNYT,jhoffman,11
3845,Article,brooksbarnesNYT,andrewrsorkin,76
3839,Article,brooksbarnesNYT,jestei,71
3855,Article,brooksbarnesNYT,hugolowell,198
3832,Article,brooksbarnesNYT,DouthatNYT,92
3987,Tweet,brooksbarnesNYT,RosySequeiraTOI,105
3957,Tweet,brooksbarnesNYT,jhoffman,4
3966,Tweet,brooksbarnesNYT,LFFriedman,108
3936,Tweet,brooksbarnesNYT,ditzkoff,7
3995,Tweet,brooksbarnesNYT,PrashantrTOI,491
3952,Tweet,brooksbarnesNYT,brooksbarnesNYT,1
3920,Tweet,brooksbarnesNYT,jeannasmialek,11
3989,Tweet,brooksbarnesNYT,carolecadwalla,111
3921,Tweet,brooksbarnesNYT,jhoffman,9
3912,Tweet,brooksbarnesNYT,mtomasky,31
3900,Tweet,brooksbarnesNYT,alexvtunzelmann,8
3949,Tweet,brooksbarnesNYT,KTVinobhaTOI,7
3940,Tweet,brooksbarnesNYT,NYTimesCohen,277
3959,Tweet,brooksbarnesNYT,brooksbarnesNYT,1
3947,Tweet,brooksbarnesNYT,peterbradshaw1,3
27056,Article,wesley_morris,benkenigsberg,58
27031,Article,wesley_morris,wesley_morris,1
27009,Article,wesley_morris,DerekMalcolm123,2
27059,Article,wesley_morris,margaretrenkl,3
27091,Article,wesley_morris,EVincentelli,4
27097,Article,wesley_morris,brooksbarnesNYT,11
27029,Article,wesley_morris,michelleinbklyn,14
27032,Article,wesley_morris,kylebuchanan,4
27084,Article,wesley_morris,samsifton,35
27078,Article,wesley_morris,nytDeniseGrady,6
27076,Article,wesley_morris,margaretrenkl,8
27017,Article,wesley_morris,marcatracy,68
27062,Article,wesley_morris,bglendenning,177
27083,Article,wesley_morris,vvfriedman,3
27080,Article,wesley_morris,dwightgarner,24
27150,Tweet,wesley_morris,brooksbarnesNYT,17
27197,Tweet,wesley_morris,jennydeluxe,268
27170,Tweet,wesley_morris,DerekMalcolm123,218
27124,Tweet,wesley_morris,RorySmith,214
27106,Tweet,wesley_morris,fmanjoo,59
27141,Tweet,wesley_morris,MoharBasu,322
27103,Tweet,wesley_morris,ASoloski,16
27127,Tweet,wesley_morris,joshwiddicombe,68
27104,Tweet,wesley_morris,vanbadham,43
27194,Tweet,wesley_morris,debaratisen,62
27108,Tweet,wesley_morris,brooksbarnesNYT,4
27166,Tweet,wesley_morris,wesley_morris,1
27113,Tweet,wesley_morris,zwoolfe,286
27182,Tweet,wesley_morris,jonpareles,9
27139,Tweet,wesley_morris,wesley_morris,1
13805,Article,michelleinbklyn,charlie_savage,4
13848,Article,michelleinbklyn,LFFriedman,29
13847,Article,michelleinbklyn,alexanderburns,12
13836,Article,michelleinbklyn,paulkrugman,12
13858,Article,michelleinbklyn,nytmike,80
13819,Article,michelleinbklyn,parul_sehgal,9
13853,Article,michelleinbklyn,Azi,8
13889,Article,michelleinbklyn,michelleinbklyn,1
13800,Article,michelleinbklyn,charlie_savage,35
13843,Article,michelleinbklyn,IKershner,11
13841,Article,michelleinbklyn,kylebuchanan,66
13842,Article,michelleinbklyn,ggreenwald,5
13838,Article,michelleinbklyn,nytdavidbrooks,14
13828,Article,michelleinbklyn,paulkrugman,32
13850,Article,michelleinbklyn,pete_wells,9
13988,Tweet,michelleinbklyn,hannahdev,175
13917,Tweet,michelleinbklyn,RBReich,10
13912,Tweet,michelleinbklyn,SocialQPhilip,18
13921,Tweet,michelleinbklyn,jbouie,69
13946,Tweet,michelleinbklyn,apoorva_nyc,6
13982,Tweet,michelleinbklyn,DouthatNYT,5
13938,Tweet,michelleinbklyn,MaggieAstor,27
13995,Tweet,michelleinbklyn,SocialQPhilip,19
13959,Tweet,michelleinbklyn,paulkrugman,11
13908,Tweet,michelleinbklyn,mtomasky,42
13927,Tweet,michelleinbklyn,DouthatNYT,6
13957,Tweet,michelleinbklyn,julianbarnes,20
13967,Tweet,michelleinbklyn,sangerkatz,28
13993,Tweet,michelleinbklyn,sangerkatz,4
13934,Tweet,michelleinbklyn,paulkrugman,32
215476,Article,SwatiShindeTOI,vaibhavgTOI,26
215514,Article,SwatiShindeTOI,imabdulgani,107
215544,Article,SwatiShindeTOI,digbijaymishra1,26
215565,Article,SwatiShindeTOI,EmmaBubola,337
215518,Article,SwatiShindeTOI,SwatiShindeTOI,1
215409,Article,SwatiShindeTOI,SwatiShindeTOI,1
215390,Article,SwatiShindeTOI,007pandey,45
215539,Article,SwatiShindeTOI,DawnHFoster,9
215412,Article,SwatiShindeTOI,bencasselman,56
215330,Article,SwatiShindeTOI,SwatiShindeTOI,1
215395,Article,SwatiShindeTOI,dklavaniaTOI,200
215389,Article,SwatiShindeTOI,somitsenTOI,8
215488,Article,SwatiShindeTOI,SwatiShindeTOI,1
215531,Article,SwatiShindeTOI,RosySequeiraTOI,8
215463,Article,SwatiShindeTOI,murarishetyeTOI,8
215582,Tweet,SwatiShindeTOI,meeravohraTOI,126
215653,Tweet,SwatiShindeTOI,sermoninstone,12
215595,Tweet,SwatiShindeTOI,RosySequeiraTOI,7
215652,Tweet,SwatiShindeTOI,samsifton,12
215625,Tweet,SwatiShindeTOI,rhymetraveller,8
215649,Tweet,SwatiShindeTOI,toi_ManujaV,54
215669,Tweet,SwatiShindeTOI,SwatiShindeTOI,1
215670,Tweet,SwatiShindeTOI,SindhukTOI,334
215593,Tweet,SwatiShindeTOI,jonpareles,71
215613,Tweet,SwatiShindeTOI,manvirsainiTOI,80
215667,Tweet,SwatiShindeTOI,petleepeter,55
215580,Tweet,SwatiShindeTOI,SumitraDebRoy,15
215660,Tweet,SwatiShindeTOI,BawaNaaved,140
215605,Tweet,SwatiShindeTOI,KTVinobhaTOI,5
215600,Tweet,SwatiShindeTOI,toi_dhananjayM,381
209131,Article,sermoninstone,sermoninstone,1
209156,Article,sermoninstone,sermoninstone,1
209143,Article,sermoninstone,sermoninstone,1
209179,Article,sermoninstone,DerekMalcolm123,61
209200,Article,sermoninstone,sermoninstone,1
209178,Article,sermoninstone,sermoninstone,1
209132,Article,sermoninstone,smita_mishra,5
209125,Article,sermoninstone,sarfrazmanzoor,162
209185,Article,sermoninstone,Chethan_Dash,11
209216,Article,sermoninstone,sermoninstone,1
209170,Article,sermoninstone,sermoninstone,1
209165,Article,sermoninstone,sermoninstone,1
209201,Article,sermoninstone,divyapal2013,3
209191,Article,sermoninstone,sermoninstone,1
209213,Article,sermoninstone,sermoninstone,1
209282,Tweet,sermoninstone,007pandey,18
209312,Tweet,sermoninstone,sermoninstone,1
209243,Tweet,sermoninstone,sermoninstone,1
209270,Tweet,sermoninstone,damiencave,116
209261,Tweet,sermoninstone,RorySmith,193
209324,Tweet,sermoninstone,andybrassell,11
209319,Tweet,sermoninstone,sermoninstone,1
209256,Tweet,sermoninstone,wesley_morris,291
209330,Tweet,sermoninstone,naomi2009,164
209264,Tweet,sermoninstone,smita_mishra,5
209298,Tweet,sermoninstone,sarahditum,45
209297,Tweet,sermoninstone,RosySequeiraTOI,145
209272,Tweet,sermoninstone,gabyhinsliff,135
209290,Tweet,sermoninstone,ChaitanyadTOI,83
209322,Tweet,sermoninstone,ditzkoff,102
31402,Article,sangerkatz,sangerkatz,1
31484,Article,sangerkatz,hillhulse,11
31426,Article,sangerkatz,tripgabriel,29
31448,Article,sangerkatz,hillhulse,8
31499,Article,sangerkatz,sangerkatz,1
31487,Article,sangerkatz,stevenpoole,15
31401,Article,sangerkatz,sangerkatz,1
31416,Article,sangerkatz,sangerkatz,1
31459,Article,sangerkatz,sangerkatz,1
31475,Article,sangerkatz,nytdavidbrooks,2
31425,Article,sangerkatz,jmart,2
31417,Article,sangerkatz,sangerkatz,1
31498,Article,sangerkatz,sangerkatz,1
31461,Article,sangerkatz,NYTimesCohen,22
31407,Article,sangerkatz,jimtankersley,8
31519,Tweet,sangerkatz,jmart,48
31549,Tweet,sangerkatz,fmanjoo,82
31536,Tweet,sangerkatz,gailcollins,13
31510,Tweet,sangerkatz,sangerkatz,1
31560,Tweet,sangerkatz,jestei,254
31513,Tweet,sangerkatz,tripgabriel,4
31507,Tweet,sangerkatz,andrewrsorkin,6
31533,Tweet,sangerkatz,jhoffman,28
31569,Tweet,sangerkatz,jillfilipovic,6
31523,Tweet,sangerkatz,FrankBruni,16
31559,Tweet,sangerkatz,PjJoychen,243
31515,Tweet,sangerkatz,nytdavidbrooks,3
31575,Tweet,sangerkatz,paulkrugman,8
31506,Tweet,sangerkatz,tripgabriel,22
31588,Tweet,sangerkatz,sangerkatz,1
173615,Article,AnujaJaiswalTOI,SindhukTOI,2
173508,Article,AnujaJaiswalTOI,PhanindraP_TNIE,21
173677,Article,AnujaJaiswalTOI,imabdulgani,87
173515,Article,AnujaJaiswalTOI,rishachitlangia,39
173494,Article,AnujaJaiswalTOI,PhanindraP_TNIE,5
173479,Article,AnujaJaiswalTOI,UttaraVarmaTOI,18
173648,Article,AnujaJaiswalTOI,imabdulgani,154
173686,Article,AnujaJaiswalTOI,AtulMathur_,57
173647,Article,AnujaJaiswalTOI,NishikantkTOI,10
173707,Article,AnujaJaiswalTOI,AditiZero,6
173679,Article,AnujaJaiswalTOI,anandbodhTOI,32
173534,Article,AnujaJaiswalTOI,ThevarSteffy,6
173710,Article,AnujaJaiswalTOI,MohitaTOI,88
173629,Article,AnujaJaiswalTOI,PrashantrTOI,3
173691,Article,AnujaJaiswalTOI,AnujaJaiswalTOI,1
173729,Tweet,AnujaJaiswalTOI,AlokKNMishra,63
173725,Tweet,AnujaJaiswalTOI,RosySequeiraTOI,272
173730,Tweet,AnujaJaiswalTOI,AlokKNMishra,99
173748,Tweet,AnujaJaiswalTOI,dklavaniaTOI,4
173733,Tweet,AnujaJaiswalTOI,advityabahlTOI,41
173756,Tweet,AnujaJaiswalTOI,LeoHickman,26
173727,Tweet,AnujaJaiswalTOI,vijaysinghTOI,45
173743,Tweet,AnujaJaiswalTOI,alexvtunzelmann,132
173772,Tweet,AnujaJaiswalTOI,AnujaJaiswalTOI,1
173745,Tweet,AnujaJaiswalTOI,brooksbarnesNYT,482
173734,Tweet,AnujaJaiswalTOI,Crime_Selvaraj,31
173762,Tweet,AnujaJaiswalTOI,williamkeegan,91
173744,Tweet,AnujaJaiswalTOI,ewenmacaskill,15
173751,Tweet,AnujaJaiswalTOI,ishajainTOI,13
173752,Tweet,AnujaJaiswalTOI,FelicityCloake,11
21688,Article,helenecooper,ericschmittnyt,4
21656,Article,helenecooper,mikeives,25
21685,Article,helenecooper,MujMash,28
21607,Article,helenecooper,mikeives,52
21678,Article,helenecooper,LizAldermanNYT,63
21615,Article,helenecooper,ericschmittnyt,11
21665,Article,helenecooper,ericschmittnyt,4
21645,Article,helenecooper,ericschmittnyt,2
21625,Article,helenecooper,ericschmittnyt,2
21641,Article,helenecooper,ericschmittnyt,3
21658,Article,helenecooper,helenecooper,1
21670,Article,helenecooper,PatriciaMazzei,7
21654,Article,helenecooper,ericschmittnyt,2
21606,Article,helenecooper,ericschmittnyt,2
21648,Article,helenecooper,NickAtNews,28
21794,Tweet,helenecooper,we_are_food,227
21735,Tweet,helenecooper,RosySequeiraTOI,198
21769,Tweet,helenecooper,dwightgarner,140
21786,Tweet,helenecooper,saumyajitbTOI,123
21783,Tweet,helenecooper,NYTLiz,8
21711,Tweet,helenecooper,davidhepworth,303
21753,Tweet,helenecooper,NilsPratley,149
21798,Tweet,helenecooper,jhoffman,150
21708,Tweet,helenecooper,SyedAkbarTOI,471
21795,Tweet,helenecooper,lucywardsings,206
21787,Tweet,helenecooper,PerriKlass,381
21790,Tweet,helenecooper,mtomasky,164
21745,Tweet,helenecooper,charltonbrooker,347
21748,Tweet,helenecooper,AlysFowler,372
21742,Tweet,helenecooper,pradeepjourno,77
26007,Article,kenvogel,NeilMacFarquhar,20
26008,Article,kenvogel,ShaneGoldmacher,38
26088,Article,kenvogel,kenvogel,1
26031,Article,kenvogel,ewong,7
26006,Article,kenvogel,npfandos,4
26009,Article,kenvogel,ShaneGoldmacher,15
26018,Article,kenvogel,jimtankersley,28
26055,Article,kenvogel,adamliptak,6
26016,Article,kenvogel,DouthatNYT,25
26061,Article,kenvogel,BenWeiserNYT,3
26091,Article,kenvogel,hillhulse,42
26086,Article,kenvogel,kenvogel,1
26042,Article,kenvogel,ShaneGoldmacher,7
26092,Article,kenvogel,BenWeiserNYT,5
26044,Article,kenvogel,tripgabriel,34
26169,Tweet,kenvogel,ByJamesWagner,43
26143,Tweet,kenvogel,digbijaymishra1,431
26155,Tweet,kenvogel,EricaLG,238
26130,Tweet,kenvogel,hannahdev,261
26107,Tweet,kenvogel,ByJamesWagner,91
26183,Tweet,kenvogel,JessicaValenti,208
26129,Tweet,kenvogel,kenvogel,1
26121,Tweet,kenvogel,gailcollins,81
26109,Tweet,kenvogel,charlie_savage,25
26145,Tweet,kenvogel,alanfeuer,21
26186,Tweet,kenvogel,bishnoiarvind11,51
26118,Tweet,kenvogel,jeannasmialek,59
26135,Tweet,kenvogel,jfordham_jazz,384
26180,Tweet,kenvogel,noamscheiber,64
26152,Tweet,kenvogel,GlennThrush,8
23097,Article,genznyt,genznyt,1
23026,Article,genznyt,tripgabriel,275
23064,Article,genznyt,genznyt,1
23036,Article,genznyt,RichSandomir,3
23068,Article,genznyt,genznyt,1
23086,Article,genznyt,FabrizioRomano,2
23092,Article,genznyt,genznyt,1
23031,Article,genznyt,DSlotnik,2
23017,Article,genznyt,llerer,195
23066,Article,genznyt,RichSandomir,4
23046,Article,genznyt,stevenpoole,39
23011,Article,genznyt,genznyt,1
23099,Article,genznyt,genznyt,1
23051,Article,genznyt,genznyt,1
23057,Article,genznyt,genznyt,1
23189,Tweet,genznyt,ElisabethMalkin,57
23192,Tweet,genznyt,margaretrenkl,366
23162,Tweet,genznyt,andrewrawnsley,85
23165,Tweet,genznyt,Shilarze_SSR,129
23174,Tweet,genznyt,ajaysuraTOI,305
23178,Tweet,genznyt,KTVinobhaTOI,203
23170,Tweet,genznyt,genznyt,1
23146,Tweet,genznyt,hillhulse,238
23139,Tweet,genznyt,RosySequeiraTOI,121
23138,Tweet,genznyt,abantika77,15
23186,Tweet,genznyt,LFFriedman,337
23118,Tweet,genznyt,genznyt,1
23150,Tweet,genznyt,genznyt,1
23122,Tweet,genznyt,WilbyPeter,52
23184,Tweet,genznyt,NYTimesCohen,199
20229,Article,ditzkoff,ditzkoff,1
20211,Article,ditzkoff,sio_burke,34
20243,Article,ditzkoff,brooksbarnesNYT,4
20237,Article,ditzkoff,RichSandomir,11
20251,Article,ditzkoff,andrew_mueller,189
20254,Article,ditzkoff,kylebuchanan,3
20262,Article,ditzkoff,MichaelPaulson,16
20294,Article,ditzkoff,RorySmith,70
20273,Article,ditzkoff,nytdavidbrooks,3
20279,Article,ditzkoff,damiencave,7
20220,Article,ditzkoff,ditzkoff,1
20270,Article,ditzkoff,pete_wells,11
20278,Article,ditzkoff,ditzkoff,1
20281,Article,ditzkoff,aleksk,78
20224,Article,ditzkoff,sarahlyall,106
20349,Tweet,ditzkoff,ajaysuraTOI,62
20358,Tweet,ditzkoff,EricaLG,268
20355,Tweet,ditzkoff,aleksk,4
20327,Tweet,ditzkoff,jfordham_jazz,25
20312,Tweet,ditzkoff,alexanderburns,8
20325,Tweet,ditzkoff,LauraCummingArt,57
20342,Tweet,ditzkoff,alexmarshall81,92
20383,Tweet,ditzkoff,wesley_morris,52
20360,Tweet,ditzkoff,joncaramanica,14
20393,Tweet,ditzkoff,KTVinobhaTOI,413
20311,Tweet,ditzkoff,toi_rohanA,48
20386,Tweet,ditzkoff,fmanjoo,7
20333,Tweet,ditzkoff,jennydeluxe,3
20387,Tweet,ditzkoff,joncaramanica,30
20368,Tweet,ditzkoff,juliemTOI,69
5867,Article,DavidWaldstein,billmpennington,37
5877,Article,DavidWaldstein,saumyajitbTOI,7
5875,Article,DavidWaldstein,billmpennington,4
5873,Article,DavidWaldstein,saumyajitbTOI,77
5891,Article,DavidWaldstein,parul_sehgal,245
5894,Article,DavidWaldstein,BenRothenberg,4
5856,Article,DavidWaldstein,ByJamesWagner,6
5845,Article,DavidWaldstein,ByJamesWagner,2
5802,Article,DavidWaldstein,BenRothenberg,17
5840,Article,DavidWaldstein,ByJamesWagner,2
5866,Article,DavidWaldstein,RorySmith,27
5874,Article,DavidWaldstein,ByJamesWagner,6
5899,Article,DavidWaldstein,andybrassell,247
5825,Article,DavidWaldstein,afuahirsch,256
5885,Article,DavidWaldstein,pete_wells,5
5910,Tweet,DavidWaldstein,bylizrobbins,26
5921,Tweet,DavidWaldstein,ewenmacaskill,209
5932,Tweet,DavidWaldstein,RichSandomir,329
5949,Tweet,DavidWaldstein,pete_wells,35
5963,Tweet,DavidWaldstein,DavidWaldstein,1
5911,Tweet,DavidWaldstein,ByJamesWagner,5
5964,Tweet,DavidWaldstein,RorySmith,35
5991,Tweet,DavidWaldstein,dionnesearcey,256
5973,Tweet,DavidWaldstein,saumyajitbTOI,4
5941,Tweet,DavidWaldstein,christophclarey,4
5913,Tweet,DavidWaldstein,ByJamesWagner,3
5974,Tweet,DavidWaldstein,ByJamesWagner,16
5930,Tweet,DavidWaldstein,DavidWaldstein,1
5956,Tweet,DavidWaldstein,RowennaDavis,365
5946,Tweet,DavidWaldstein,RorySmith,29
10875,Article,jwpetersNYT,adamliptak,10
10846,Article,jwpetersNYT,anniekarni,2
10816,Article,jwpetersNYT,nytdavidbrooks,24
10892,Article,jwpetersNYT,pete_wells,26
10821,Article,jwpetersNYT,alexanderburns,63
10828,Article,jwpetersNYT,alexanderburns,3
10884,Article,jwpetersNYT,mtomasky,9
10893,Article,jwpetersNYT,SyedAkbarTOI,64
10803,Article,jwpetersNYT,BenWeiserNYT,16
10866,Article,jwpetersNYT,jmart,10
10823,Article,jwpetersNYT,williamkeegan,224
10888,Article,jwpetersNYT,tripgabriel,8
10832,Article,jwpetersNYT,tripgabriel,11
10858,Article,jwpetersNYT,reidepstein,74
10859,Article,jwpetersNYT,paulkrugman,2
10921,Tweet,jwpetersNYT,HackneyAbbott,83
10900,Tweet,jwpetersNYT,ericschmittnyt,22
10993,Tweet,jwpetersNYT,marywalshjourno,38
10906,Tweet,jwpetersNYT,JoshuaRozenberg,34
10932,Tweet,jwpetersNYT,dwightgarner,19
10979,Tweet,jwpetersNYT,tripgabriel,102
10974,Tweet,jwpetersNYT,jeannasmialek,54
10965,Tweet,jwpetersNYT,gailcollins,59
10927,Tweet,jwpetersNYT,RBReich,14
10970,Tweet,jwpetersNYT,RosySequeiraTOI,90
10929,Tweet,jwpetersNYT,charlie_savage,6
10953,Tweet,jwpetersNYT,nytmike,16
10999,Tweet,jwpetersNYT,DouthatNYT,16
10940,Tweet,jwpetersNYT,hillhulse,44
10923,Tweet,jwpetersNYT,mtomasky,13
15011,Article,noamscheiber,jmart,13
15079,Article,noamscheiber,hugolowell,12
15007,Article,noamscheiber,noamscheiber,1
15001,Article,noamscheiber,jillfilipovic,21
15074,Article,noamscheiber,andrewrsorkin,15
15042,Article,noamscheiber,noamscheiber,1
15094,Article,noamscheiber,paulkrugman,10
15062,Article,noamscheiber,jeannasmialek,13
15005,Article,noamscheiber,Bencjacobs,2
15057,Article,noamscheiber,jeannasmialek,11
15022,Article,noamscheiber,reidepstein,12
15070,Article,noamscheiber,SocialQPhilip,34
15084,Article,noamscheiber,lukebroadwater,15
15064,Article,noamscheiber,marywalshjourno,17
15029,Article,noamscheiber,jeannasmialek,11
15133,Tweet,noamscheiber,paulkrugman,4
15167,Tweet,noamscheiber,GeorgeMonbiot,203
15192,Tweet,noamscheiber,charltonbrooker,51
15143,Tweet,noamscheiber,paulkrugman,20
15161,Tweet,noamscheiber,tripgabriel,28
15120,Tweet,noamscheiber,chrishughes,18
15157,Tweet,noamscheiber,SidharthB25,72
15126,Tweet,noamscheiber,LFFriedman,14
15159,Tweet,noamscheiber,LFFriedman,2
15173,Tweet,noamscheiber,paulkrugman,8
15183,Tweet,noamscheiber,jfordham_jazz,272
15139,Tweet,noamscheiber,tripgabriel,7
15193,Tweet,noamscheiber,paulkrugman,4
15153,Tweet,noamscheiber,ShaneGoldmacher,13
15136,Tweet,noamscheiber,noamscheiber,1
8694,Article,hillhulse,hillhulse,1
8642,Article,hillhulse,sangerkatz,2
8697,Article,hillhulse,hillhulse,1
8680,Article,hillhulse,hillhulse,1
8606,Article,hillhulse,NYTimesCohen,8
8672,Article,hillhulse,hillhulse,1
8652,Article,hillhulse,npfandos,3
8647,Article,hillhulse,alexanderburns,8
8689,Article,hillhulse,npfandos,2
8696,Article,hillhulse,gailcollins,8
8656,Article,hillhulse,jmart,2
8613,Article,hillhulse,vwang3,22
8607,Article,hillhulse,hillhulse,1
8600,Article,hillhulse,lukebroadwater,6
8629,Article,hillhulse,nytmike,3
8780,Tweet,hillhulse,hillhulse,1
8771,Tweet,hillhulse,reidepstein,12
8737,Tweet,hillhulse,charlie_savage,2
8790,Tweet,hillhulse,sangerkatz,2
8715,Tweet,hillhulse,jmart,9
8757,Tweet,hillhulse,ggreenwald,2
8720,Tweet,hillhulse,rachlharris,185
8730,Tweet,hillhulse,hillhulse,1
8753,Tweet,hillhulse,jmart,6
8743,Tweet,hillhulse,juliemTOI,192
8758,Tweet,hillhulse,jimtankersley,26
8742,Tweet,hillhulse,hillhulse,1
8793,Tweet,hillhulse,andrewrsorkin,42
8719,Tweet,hillhulse,divyapal2013,95
8732,Tweet,hillhulse,Bencjacobs,26
