id,genre,label,prediction,rank
122567,Article,MiriamElder,MarinaHyde,76
122705,Article,MiriamElder,MiriamElder,1
122616,Article,MiriamElder,FranklinBlog,224
122635,Article,MiriamElder,MiriamElder,1
122610,Article,MiriamElder,MiriamElder,1
122716,Article,MiriamElder,MiriamElder,1
122761,Article,MiriamElder,MiriamElder,1
122730,Article,MiriamElder,nicholaswatt,59
122725,Article,MiriamElder,MiriamElder,1
122784,Article,MiriamElder,MiriamElder,1
122801,Article,MiriamElder,MiriamElder,1
122760,Article,MiriamElder,MiriamElder,1
122622,Article,MiriamElder,antontroian,65
122590,Article,MiriamElder,dansabbagh,3
122592,Article,MiriamElder,MiriamElder,1
123083,Tweet,MiriamElder,DouthatNYT,238
123165,Tweet,MiriamElder,yeshikabudhwar,83
123022,Tweet,MiriamElder,EricaLG,61
123096,Tweet,MiriamElder,llerer,86
122820,Tweet,MiriamElder,jonpareles,45
122862,Tweet,MiriamElder,ASoloski,344
122971,Tweet,MiriamElder,emmabrockes,147
123275,Tweet,MiriamElder,EricaLG,76
123118,Tweet,MiriamElder,jestei,101
123268,Tweet,MiriamElder,jonronson,328
123095,Tweet,MiriamElder,jimwaterson,273
123320,Tweet,MiriamElder,ggreenwald,96
122828,Tweet,MiriamElder,GiniaNYT,296
123337,Tweet,MiriamElder,salihughes,330
123151,Tweet,MiriamElder,jimwaterson,337
51369,Article,NesrineMalik,bglendenning,80
51334,Article,NesrineMalik,TimdeLisle,37
51258,Article,NesrineMalik,williamnhutton,100
51429,Article,NesrineMalik,NesrineMalik,1
51263,Article,NesrineMalik,joshwiddicombe,49
51274,Article,NesrineMalik,CarolineLucas,8
51271,Article,NesrineMalik,JohnJCrace,79
51321,Article,NesrineMalik,williamnhutton,76
51474,Article,NesrineMalik,desaisantosh,18
51265,Article,NesrineMalik,desaisantosh,7
51432,Article,NesrineMalik,vanbadham,2
51308,Article,NesrineMalik,TimdeLisle,26
51309,Article,NesrineMalik,bglendenning,78
51427,Article,NesrineMalik,VivianHo,167
51232,Article,NesrineMalik,andrewrawnsley,22
52050,Tweet,NesrineMalik,DawnHFoster,51
51968,Tweet,NesrineMalik,andrewrawnsley,91
52046,Tweet,NesrineMalik,OwenJones84,40
51757,Tweet,NesrineMalik,NesrineMalik,1
52057,Tweet,NesrineMalik,desaisantosh,64
51637,Tweet,NesrineMalik,nytdavidbrooks,452
51924,Tweet,NesrineMalik,AlysFowler,81
51928,Tweet,NesrineMalik,andrewrawnsley,476
51557,Tweet,NesrineMalik,sunny_hundal,133
51921,Tweet,NesrineMalik,stevenpoole,440
51488,Tweet,NesrineMalik,ditzkoff,10
51964,Tweet,NesrineMalik,jbouie,10
51865,Tweet,NesrineMalik,timlottwriter,63
51722,Tweet,NesrineMalik,sio_burke,18
51674,Tweet,NesrineMalik,ditzkoff,4
91048,Article,Freedland,paulkrugman,279
90991,Article,Freedland,OfficeGSBrown,99
91101,Article,Freedland,bylizrobbins,27
91022,Article,Freedland,bglendenning,22
91068,Article,Freedland,TimdeLisle,30
91087,Article,Freedland,williamnhutton,15
90955,Article,Freedland,paulmasonnews,14
91197,Article,Freedland,MichaelWhite,67
90993,Article,Freedland,hannahdev,134
91041,Article,Freedland,andrewrawnsley,21
91180,Article,Freedland,williamnhutton,21
90954,Article,Freedland,DeccaJourno,44
91170,Article,Freedland,archiebland,159
91105,Article,Freedland,JohnJCrace,20
90962,Article,Freedland,NesrineMalik,79
91502,Tweet,Freedland,williamkeegan,116
91364,Tweet,Freedland,DerekMalcolm123,84
91456,Tweet,Freedland,WilbyPeter,138
91542,Tweet,Freedland,emmabrockes,213
91608,Tweet,Freedland,nandinisgTOI,4
91391,Tweet,Freedland,sarahchurchwell,45
91758,Tweet,Freedland,nicklezard,7
91635,Tweet,Freedland,desaisantosh,31
91282,Tweet,Freedland,hugolowell,47
91216,Tweet,Freedland,Freedland,1
91328,Tweet,Freedland,WilbyPeter,125
91300,Tweet,Freedland,Freedland,1
91512,Tweet,Freedland,gmorgenson,6
91270,Tweet,Freedland,msrachelcooke,3
91704,Tweet,Freedland,andrewrawnsley,157
30807,Article,rachlharris,bencasselman,178
30832,Article,rachlharris,ASoloski,14
30800,Article,rachlharris,DSlotnik,84
30802,Article,rachlharris,PerriKlass,30
30877,Article,rachlharris,jennydeluxe,11
30833,Article,rachlharris,DerekMalcolm123,19
30824,Article,rachlharris,bylizrobbins,35
30858,Article,rachlharris,andrewrsorkin,63
30862,Article,rachlharris,bylizrobbins,36
30821,Article,rachlharris,jennydeluxe,16
30882,Article,rachlharris,jennydeluxe,74
30866,Article,rachlharris,parul_sehgal,3
30886,Article,rachlharris,KeithBradsher,263
30801,Article,rachlharris,smbahr14,2
30851,Article,rachlharris,MichaelPaulson,4
30936,Tweet,rachlharris,ASoloski,184
30960,Tweet,rachlharris,polblonde,28
30922,Tweet,rachlharris,tomfriedman,4
30908,Tweet,rachlharris,rachlharris,1
30967,Tweet,rachlharris,rjadHinduBL,10
30914,Tweet,rachlharris,rachlharris,1
30920,Tweet,rachlharris,PerriKlass,2
30973,Tweet,rachlharris,tomfriedman,2
30910,Tweet,rachlharris,rachlharris,1
30932,Tweet,rachlharris,DeccaJourno,32
30906,Tweet,rachlharris,WilbyPeter,15
30940,Tweet,rachlharris,gailcollins,3
30934,Tweet,rachlharris,rachlharris,1
30911,Tweet,rachlharris,rachlharris,1
30951,Tweet,rachlharris,gailcollins,14
40028,Article,john_hooper,john_hooper,1
40116,Article,john_hooper,john_hooper,1
41049,Article,john_hooper,williamkeegan,3
38892,Article,john_hooper,john_hooper,1
40147,Article,john_hooper,john_hooper,1
39484,Article,john_hooper,NikiKitsantonis,2
40313,Article,john_hooper,JohnJCrace,108
40052,Article,john_hooper,john_hooper,1
40688,Article,john_hooper,john_hooper,1
40393,Article,john_hooper,john_hooper,1
39065,Article,john_hooper,mariellaf1,87
39503,Article,john_hooper,john_hooper,1
39730,Article,john_hooper,john_hooper,1
40865,Article,john_hooper,lucywardsings,3
40800,Article,john_hooper,npwcnn,2
41813,Tweet,john_hooper,murarishetyeTOI,214
42111,Tweet,john_hooper,WilbyPeter,62
42076,Tweet,john_hooper,NYTLiz,31
41618,Tweet,john_hooper,vwang3,350
42078,Tweet,john_hooper,leninology,61
41647,Tweet,john_hooper,DerekMalcolm123,163
41632,Tweet,john_hooper,john_hooper,1
41786,Tweet,john_hooper,john_hooper,1
42054,Tweet,john_hooper,RosySequeiraTOI,135
41980,Tweet,john_hooper,naomi2009,8
42022,Tweet,john_hooper,joshwiddicombe,382
41758,Tweet,john_hooper,StacyCowley,103
41913,Tweet,john_hooper,jillfilipovic,105
41578,Tweet,john_hooper,andrewrawnsley,67
42114,Tweet,john_hooper,stevenerlanger,240
140618,Article,bindelj,sarahditum,40
140636,Article,bindelj,nmcintosh,12
140607,Article,bindelj,bindelj,1
140510,Article,bindelj,bindelj,1
140622,Article,bindelj,rjadHinduBL,50
140529,Article,bindelj,bindelj,1
140511,Article,bindelj,Chethan_Dash,20
140624,Article,bindelj,sunny_hundal,4
140545,Article,bindelj,billicritic,10
140585,Article,bindelj,FranklinBlog,84
140647,Article,bindelj,bindelj,1
140559,Article,bindelj,leninology,57
140601,Article,bindelj,timlottwriter,14
140530,Article,bindelj,davidhepworth,7
140532,Article,bindelj,RowennaDavis,16
140902,Tweet,bindelj,juliemTOI,19
141092,Tweet,bindelj,jimwaterson,71
141296,Tweet,bindelj,jonronson,50
141204,Tweet,bindelj,RosySequeiraTOI,25
141164,Tweet,bindelj,salihughes,61
141175,Tweet,bindelj,timjonze,89
140847,Tweet,bindelj,msrachelcooke,22
140995,Tweet,bindelj,NYTimesCohen,15
141288,Tweet,bindelj,SarahMaslinNir,39
141209,Tweet,bindelj,lucysiegle,135
141268,Tweet,bindelj,ManjuVTOI,110
140890,Tweet,bindelj,RosySequeiraTOI,19
140874,Tweet,bindelj,andybrassell,11
141132,Tweet,bindelj,laurenlaverne,6
140805,Tweet,bindelj,laurenlaverne,4
121918,Article,RebeccaSeal,timatkin,32
121831,Article,RebeccaSeal,polblonde,20
121915,Article,RebeccaSeal,nicklezard,4
121889,Article,RebeccaSeal,DerekMalcolm123,8
121891,Article,RebeccaSeal,jhoffman,12
121905,Article,RebeccaSeal,DerekMalcolm123,6
121885,Article,RebeccaSeal,nicklezard,7
121772,Article,RebeccaSeal,RebeccaSeal,1
121913,Article,RebeccaSeal,ollywainwright,62
121826,Article,RebeccaSeal,NesrineMalik,87
121813,Article,RebeccaSeal,allegramcevedy,2
121755,Article,RebeccaSeal,RebeccaSeal,1
121830,Article,RebeccaSeal,williamnhutton,76
121763,Article,RebeccaSeal,RebeccaSeal,1
121723,Article,RebeccaSeal,SearleAdrian,95
122151,Tweet,RebeccaSeal,tarasbernard,7
122324,Tweet,RebeccaSeal,jimwaterson,25
122159,Tweet,RebeccaSeal,jimwaterson,20
122001,Tweet,RebeccaSeal,GiniaNYT,58
122195,Tweet,RebeccaSeal,jonronson,31
122011,Tweet,RebeccaSeal,tejalrao,29
122188,Tweet,RebeccaSeal,melissaclark,17
122238,Tweet,RebeccaSeal,RebeccaSeal,1
122148,Tweet,RebeccaSeal,andrewrawnsley,52
122516,Tweet,RebeccaSeal,DerekMalcolm123,52
122104,Tweet,RebeccaSeal,RebeccaSeal,1
122317,Tweet,RebeccaSeal,RosySequeiraTOI,400
122408,Tweet,RebeccaSeal,lyngardner,51
122504,Tweet,RebeccaSeal,jbouie,187
122077,Tweet,RebeccaSeal,joncaramanica,430
205936,Article,rebeccaSTOI,RosySequeiraTOI,2
206059,Article,rebeccaSTOI,rebeccaSTOI,1
205880,Article,rebeccaSTOI,rebeccaSTOI,1
205952,Article,rebeccaSTOI,rebeccaSTOI,1
205928,Article,rebeccaSTOI,rebeccaSTOI,1
206041,Article,rebeccaSTOI,NishikantkTOI,4
205842,Article,rebeccaSTOI,vijayVsinghTOI,2
205853,Article,rebeccaSTOI,vijayVsinghTOI,2
205875,Article,rebeccaSTOI,NishikantkTOI,2
205889,Article,rebeccaSTOI,RosySequeiraTOI,2
205970,Article,rebeccaSTOI,petleepeter,15
205817,Article,rebeccaSTOI,rebeccaSTOI,1
206010,Article,rebeccaSTOI,rebeccaSTOI,1
205814,Article,rebeccaSTOI,NishikantkTOI,2
205819,Article,rebeccaSTOI,rebeccaSTOI,1
206148,Tweet,rebeccaSTOI,DekaJayanta,12
206149,Tweet,rebeccaSTOI,jonronson,7
206103,Tweet,rebeccaSTOI,PrashantrTOI,2
206065,Tweet,rebeccaSTOI,MKSinghGkp,211
206132,Tweet,rebeccaSTOI,rebeccaSTOI,1
206067,Tweet,rebeccaSTOI,desaisantosh,9
206126,Tweet,rebeccaSTOI,rebeccaSTOI,1
206118,Tweet,rebeccaSTOI,rebeccaSTOI,1
206078,Tweet,rebeccaSTOI,rebeccaSTOI,1
206097,Tweet,rebeccaSTOI,rebeccaSTOI,1
206146,Tweet,rebeccaSTOI,smita_mishra,28
206093,Tweet,rebeccaSTOI,amitanandTOI,7
206125,Tweet,rebeccaSTOI,smita_mishra,19
206141,Tweet,rebeccaSTOI,rebeccaSTOI,1
206128,Tweet,rebeccaSTOI,rebeccaSTOI,1
168205,Article,abantika77,BhanupratapsTOI,5
168216,Article,abantika77,KapildaveTOI,52
168307,Article,abantika77,akhileshsTOI,4
168189,Article,abantika77,jatinder_tur,11
168180,Article,abantika77,toi_dhananjayM,17
168130,Article,abantika77,toi_dhananjayM,38
168126,Article,abantika77,abantika77,1
168161,Article,abantika77,AtulMathur_,7
168144,Article,abantika77,abantika77,1
168100,Article,abantika77,utejonmayamTOI,98
168251,Article,abantika77,AtulMathur_,17
168155,Article,abantika77,Rupalijee,9
168157,Article,abantika77,BhanupratapsTOI,3
168255,Article,abantika77,MKSinghGkp,30
168231,Article,abantika77,rishachitlangia,23
168374,Tweet,abantika77,durgeshjhaTOI,3
168406,Tweet,abantika77,ManjuVTOI,50
168389,Tweet,abantika77,bishnoiarvind11,52
168446,Tweet,abantika77,MohitaTOI,47
168426,Tweet,abantika77,nandinisgTOI,80
168379,Tweet,abantika77,pradeeptTOI,89
168395,Tweet,abantika77,tushhaikhush,63
168368,Tweet,abantika77,vwang3,47
168373,Tweet,abantika77,nicholaswatt,237
168366,Tweet,abantika77,gracedent,301
168351,Tweet,abantika77,Gauraw2297,3
168388,Tweet,abantika77,tomfriedman,53
168424,Tweet,abantika77,dklavaniaTOI,61
168414,Tweet,abantika77,Gauraw2297,2
168439,Tweet,abantika77,lucywardsings,27
49755,Article,jimwaterson,jimwaterson,1
49711,Article,jimwaterson,jimwaterson,1
49549,Article,jimwaterson,jimwaterson,1
49620,Article,jimwaterson,jimwaterson,1
49744,Article,jimwaterson,jimwaterson,1
49583,Article,jimwaterson,jimwaterson,1
49635,Article,jimwaterson,FranklinBlog,34
49548,Article,jimwaterson,jimwaterson,1
49662,Article,jimwaterson,jimwaterson,1
49690,Article,jimwaterson,archiebland,66
49591,Article,jimwaterson,jimwaterson,1
49761,Article,jimwaterson,jimwaterson,1
49785,Article,jimwaterson,jimwaterson,1
49553,Article,jimwaterson,lenoretaylor,2
49762,Article,jimwaterson,richardwolffedc,11
49986,Tweet,jimwaterson,nicklezard,43
50002,Tweet,jimwaterson,jimwaterson,1
49971,Tweet,jimwaterson,lucysiegle,257
50321,Tweet,jimwaterson,elizabday,2
49886,Tweet,jimwaterson,NilsPratley,2
49878,Tweet,jimwaterson,JoshuaRozenberg,73
50338,Tweet,jimwaterson,RosySequeiraTOI,199
50248,Tweet,jimwaterson,jameskanter,3
50334,Tweet,jimwaterson,jimwaterson,1
49938,Tweet,jimwaterson,murarishetyeTOI,396
50083,Tweet,jimwaterson,NewtonSTOI,8
49858,Tweet,jimwaterson,andrewrawnsley,7
50061,Tweet,jimwaterson,jimwaterson,1
49997,Tweet,jimwaterson,rachshabi,42
50336,Tweet,jimwaterson,RosySequeiraTOI,174
109481,Article,IanCobain,AndrewSparrow,4
109588,Article,IanCobain,ewenmacaskill,3
109573,Article,IanCobain,archiebland,2
109648,Article,IanCobain,JohnJCrace,10
109673,Article,IanCobain,charlie_savage,268
109492,Article,IanCobain,ameliagentleman,15
109583,Article,IanCobain,domphillips,19
109521,Article,IanCobain,sarahchurchwell,13
109688,Article,IanCobain,IanCobain,1
109705,Article,IanCobain,ewenmacaskill,4
109638,Article,IanCobain,ewenmacaskill,9
109487,Article,IanCobain,ewenmacaskill,8
109533,Article,IanCobain,NikiKitsantonis,157
109634,Article,IanCobain,npwcnn,2
109678,Article,IanCobain,JohnJCrace,67
109796,Tweet,IanCobain,andrewrawnsley,113
109946,Tweet,IanCobain,gilestremlett,119
110100,Tweet,IanCobain,RosySequeiraTOI,94
109746,Tweet,IanCobain,jonpareles,110
110202,Tweet,IanCobain,greenslader,117
110175,Tweet,IanCobain,RosySequeiraTOI,51
110258,Tweet,IanCobain,jimwaterson,45
110158,Tweet,IanCobain,jimwaterson,27
109757,Tweet,IanCobain,andrewrawnsley,113
110214,Tweet,IanCobain,JohnJCrace,20
110141,Tweet,IanCobain,gmorgenson,135
110113,Tweet,IanCobain,jimwaterson,48
110030,Tweet,IanCobain,jimwaterson,47
109886,Tweet,IanCobain,Freedland,111
109929,Tweet,IanCobain,murarishetyeTOI,83
57338,Article,steve_hewlett,steve_hewlett,1
57327,Article,steve_hewlett,steve_hewlett,1
57228,Article,steve_hewlett,emilybell,2
57334,Article,steve_hewlett,steve_hewlett,1
57401,Article,steve_hewlett,timatkin,3
57348,Article,steve_hewlett,steve_hewlett,1
57281,Article,steve_hewlett,steve_hewlett,1
57164,Article,steve_hewlett,steve_hewlett,1
57284,Article,steve_hewlett,steve_hewlett,1
57366,Article,steve_hewlett,steve_hewlett,1
57169,Article,steve_hewlett,steve_hewlett,1
57385,Article,steve_hewlett,steve_hewlett,1
57286,Article,steve_hewlett,emilybell,2
57210,Article,steve_hewlett,steve_hewlett,1
57233,Article,steve_hewlett,steve_hewlett,1
57561,Tweet,steve_hewlett,DerekMalcolm123,2
57708,Tweet,steve_hewlett,GiniaNYT,83
57873,Tweet,steve_hewlett,shattenstone,2
57920,Tweet,steve_hewlett,ajaysuraTOI,28
57952,Tweet,steve_hewlett,WilbyPeter,41
57886,Tweet,steve_hewlett,steve_hewlett,1
57733,Tweet,steve_hewlett,mswainwright,37
57781,Tweet,steve_hewlett,saumyajitbTOI,6
57986,Tweet,steve_hewlett,jennydeluxe,64
57815,Tweet,steve_hewlett,charltonbrooker,7
57752,Tweet,steve_hewlett,steve_hewlett,1
57645,Tweet,steve_hewlett,ottolenghi,21
57611,Tweet,steve_hewlett,gmorgenson,102
57722,Tweet,steve_hewlett,jimwaterson,24
57841,Tweet,steve_hewlett,WilbyPeter,45
90420,Article,joshwiddicombe,charltonbrooker,2
90287,Article,joshwiddicombe,Shilarze_SSR,334
90374,Article,joshwiddicombe,leninology,35
90264,Article,joshwiddicombe,sarfrazmanzoor,8
90393,Article,joshwiddicombe,Freedland,18
90359,Article,joshwiddicombe,seaningle,7
90385,Article,joshwiddicombe,joshwiddicombe,1
90323,Article,joshwiddicombe,richardwolffedc,80
90362,Article,joshwiddicombe,FabrizioRomano,2
90386,Article,joshwiddicombe,martcrossy,60
90281,Article,joshwiddicombe,tariqpanja,18
90366,Article,joshwiddicombe,saumyajitbTOI,3
90361,Article,joshwiddicombe,FranklinBlog,218
90382,Article,joshwiddicombe,joshwiddicombe,1
90300,Article,joshwiddicombe,sarfrazmanzoor,8
90740,Tweet,joshwiddicombe,joshwiddicombe,1
90914,Tweet,joshwiddicombe,RosySequeiraTOI,15
90904,Tweet,joshwiddicombe,andrewrawnsley,236
90898,Tweet,joshwiddicombe,MonaChalabi,8
90556,Tweet,joshwiddicombe,msrachelcooke,259
90568,Tweet,joshwiddicombe,lucywardsings,2
90702,Tweet,joshwiddicombe,jonronson,305
90477,Tweet,joshwiddicombe,yeshikabudhwar,5
90540,Tweet,joshwiddicombe,RosySequeiraTOI,24
90602,Tweet,joshwiddicombe,richardwolffedc,4
90889,Tweet,joshwiddicombe,lucywardsings,2
90716,Tweet,joshwiddicombe,jestei,5
90471,Tweet,joshwiddicombe,IAmTimDowling,4
90638,Tweet,joshwiddicombe,charltonbrooker,2
90664,Tweet,joshwiddicombe,JoshuaRozenberg,27
151315,Article,ottolenghi,timlottwriter,5
151520,Article,ottolenghi,ottolenghi,1
151400,Article,ottolenghi,ottolenghi,1
151319,Article,ottolenghi,sarfrazmanzoor,5
151540,Article,ottolenghi,ottolenghi,1
151385,Article,ottolenghi,ottolenghi,1
151330,Article,ottolenghi,ottolenghi,1
151428,Article,ottolenghi,ottolenghi,1
151317,Article,ottolenghi,FelicityCloake,7
151356,Article,ottolenghi,ottolenghi,1
151411,Article,ottolenghi,FelicityCloake,16
151512,Article,ottolenghi,ottolenghi,1
151447,Article,ottolenghi,ottolenghi,1
151466,Article,ottolenghi,ottolenghi,1
151354,Article,ottolenghi,ottolenghi,1
151635,Tweet,ottolenghi,ottolenghi,1
151717,Tweet,ottolenghi,ottolenghi,1
151919,Tweet,ottolenghi,ottolenghi,1
152158,Tweet,ottolenghi,RosySequeiraTOI,30
151941,Tweet,ottolenghi,ottolenghi,1
151952,Tweet,ottolenghi,ottolenghi,1
152067,Tweet,ottolenghi,ottolenghi,1
151897,Tweet,ottolenghi,RosySequeiraTOI,233
152078,Tweet,ottolenghi,ottolenghi,1
151626,Tweet,ottolenghi,ottolenghi,1
151810,Tweet,ottolenghi,ottolenghi,1
151774,Tweet,ottolenghi,ottolenghi,1
152055,Tweet,ottolenghi,ottolenghi,1
152109,Tweet,ottolenghi,ottolenghi,1
152142,Tweet,ottolenghi,polblonde,202
83903,Article,jhoffman,williamnhutton,215
84072,Article,jhoffman,jhoffman,1
84102,Article,jhoffman,jhoffman,1
84108,Article,jhoffman,jhoffman,1
83981,Article,jhoffman,jhoffman,1
83998,Article,jhoffman,jhoffman,1
84081,Article,jhoffman,jhoffman,1
84039,Article,jhoffman,sunny_hundal,3
84046,Article,jhoffman,jhoffman,1
84031,Article,jhoffman,jhoffman,1
84122,Article,jhoffman,LucyMangan,2
84111,Article,jhoffman,jhoffman,1
83944,Article,jhoffman,gilestremlett,20
83962,Article,jhoffman,jhoffman,1
84129,Article,jhoffman,jhoffman,1
84582,Tweet,jhoffman,shattenstone,3
84337,Tweet,jhoffman,andrewrawnsley,23
84338,Tweet,jhoffman,_nicolaclark,183
84497,Tweet,jhoffman,jonronson,50
84335,Tweet,jhoffman,seaningle,5
84576,Tweet,jhoffman,margaretrenkl,89
84208,Tweet,jhoffman,jonronson,5
84169,Tweet,jhoffman,vvfriedman,14
84483,Tweet,jhoffman,RosySequeiraTOI,109
84265,Tweet,jhoffman,jimwaterson,15
84393,Tweet,jhoffman,GiniaNYT,30
84333,Tweet,jhoffman,RosySequeiraTOI,74
84154,Tweet,jhoffman,helenecooper,38
84452,Tweet,jhoffman,RosySequeiraTOI,71
84238,Tweet,jhoffman,andrewrawnsley,15
97769,Article,andrewrawnsley,TimdeLisle,2
97676,Article,andrewrawnsley,msrachelcooke,17
97764,Article,andrewrawnsley,TimdeLisle,2
97870,Article,andrewrawnsley,ameliagentleman,2
97713,Article,andrewrawnsley,patrickwintour,5
97694,Article,andrewrawnsley,leninology,125
97661,Article,andrewrawnsley,JohnJCrace,6
97644,Article,andrewrawnsley,leninology,189
97741,Article,andrewrawnsley,andrewrawnsley,1
97678,Article,andrewrawnsley,JohnJCrace,34
97854,Article,andrewrawnsley,bglendenning,50
97781,Article,andrewrawnsley,ggreenwald,4
97695,Article,andrewrawnsley,GeorgeMonbiot,2
97874,Article,andrewrawnsley,andrewrawnsley,1
97683,Article,andrewrawnsley,OwenJones84,2
98209,Tweet,andrewrawnsley,andrewrawnsley,1
98186,Tweet,andrewrawnsley,andrewrawnsley,1
98082,Tweet,andrewrawnsley,andrewrawnsley,1
97912,Tweet,andrewrawnsley,andrewrawnsley,1
98072,Tweet,andrewrawnsley,andrewrawnsley,1
98151,Tweet,andrewrawnsley,andrewrawnsley,1
98484,Tweet,andrewrawnsley,andrewrawnsley,1
98016,Tweet,andrewrawnsley,andrewrawnsley,1
98407,Tweet,andrewrawnsley,andrewrawnsley,1
98111,Tweet,andrewrawnsley,andrewrawnsley,1
98342,Tweet,andrewrawnsley,andrewrawnsley,1
98370,Tweet,andrewrawnsley,andrewrawnsley,1
98341,Tweet,andrewrawnsley,andrewrawnsley,1
98204,Tweet,andrewrawnsley,andrewrawnsley,1
97978,Tweet,andrewrawnsley,andrewrawnsley,1
119192,Article,andrew_mueller,sendvictorious,2
119387,Article,andrew_mueller,andrew_mueller,1
119254,Article,andrew_mueller,VivianHo,93
119365,Article,andrew_mueller,sendvictorious,2
119221,Article,andrew_mueller,andrew_mueller,1
119284,Article,andrew_mueller,sendvictorious,2
119378,Article,andrew_mueller,sendvictorious,2
119267,Article,andrew_mueller,sendvictorious,2
119388,Article,andrew_mueller,bglendenning,127
119281,Article,andrew_mueller,polblonde,49
119270,Article,andrew_mueller,sendvictorious,2
119280,Article,andrew_mueller,TimdeLisle,9
119333,Article,andrew_mueller,aleksk,30
119394,Article,andrew_mueller,sendvictorious,2
119169,Article,andrew_mueller,andrew_mueller,1
119575,Tweet,andrew_mueller,andrewrawnsley,61
119758,Tweet,andrew_mueller,jimwaterson,66
119628,Tweet,andrew_mueller,andrewrawnsley,135
119721,Tweet,andrew_mueller,ajaysuraTOI,25
119425,Tweet,andrew_mueller,murarishetyeTOI,8
119473,Tweet,andrew_mueller,RosySequeiraTOI,14
119500,Tweet,andrew_mueller,jestei,41
119553,Tweet,andrew_mueller,RosySequeiraTOI,69
119802,Tweet,andrew_mueller,andrew_mueller,1
119604,Tweet,andrew_mueller,andrewrawnsley,127
119895,Tweet,andrew_mueller,jestei,24
119726,Tweet,andrew_mueller,jonpareles,76
119491,Tweet,andrew_mueller,andrewrawnsley,57
119793,Tweet,andrew_mueller,andrewrawnsley,96
119458,Tweet,andrew_mueller,laurenlaverne,7
219532,Article,UttaraVarmaTOI,UttaraVarmaTOI,1
219516,Article,UttaraVarmaTOI,UttaraVarmaTOI,1
219574,Article,UttaraVarmaTOI,UttaraVarmaTOI,1
219499,Article,UttaraVarmaTOI,NirupaTOI,2
219488,Article,UttaraVarmaTOI,UttaraVarmaTOI,1
219497,Article,UttaraVarmaTOI,UttaraVarmaTOI,1
219583,Article,UttaraVarmaTOI,UttaraVarmaTOI,1
219575,Article,UttaraVarmaTOI,pankajdoval,2
219439,Article,UttaraVarmaTOI,UttaraVarmaTOI,1
219493,Article,UttaraVarmaTOI,omjasvinTOI,2
219567,Article,UttaraVarmaTOI,IpsitaTOI,4
219530,Article,UttaraVarmaTOI,UttaraVarmaTOI,1
219523,Article,UttaraVarmaTOI,UttaraVarmaTOI,1
219529,Article,UttaraVarmaTOI,omjasvinTOI,2
219520,Article,UttaraVarmaTOI,omjasvinTOI,6
219705,Tweet,UttaraVarmaTOI,kush_junglee,18
219693,Tweet,UttaraVarmaTOI,UttaraVarmaTOI,1
219691,Tweet,UttaraVarmaTOI,UttaraVarmaTOI,1
219694,Tweet,UttaraVarmaTOI,UttaraVarmaTOI,1
219636,Tweet,UttaraVarmaTOI,murarishetyeTOI,62
219640,Tweet,UttaraVarmaTOI,007pandey,93
219611,Tweet,UttaraVarmaTOI,debaratisen,203
219680,Tweet,UttaraVarmaTOI,jimwaterson,102
219627,Tweet,UttaraVarmaTOI,BhanupratapsTOI,141
219631,Tweet,UttaraVarmaTOI,bagishjhaTOI,186
219675,Tweet,UttaraVarmaTOI,ronojoy_sen,148
219697,Tweet,UttaraVarmaTOI,IanCobain,30
219660,Tweet,UttaraVarmaTOI,MoharBasu,73
219699,Tweet,UttaraVarmaTOI,ajaykanth7,5
219689,Tweet,UttaraVarmaTOI,UttaraVarmaTOI,1
222249,Article,yeshikabudhwar,AjayUgrasTOI,17
222137,Article,yeshikabudhwar,yeshikabudhwar,1
222221,Article,yeshikabudhwar,yeshikabudhwar,1
222283,Article,yeshikabudhwar,yeshikabudhwar,1
222197,Article,yeshikabudhwar,yeshikabudhwar,1
222153,Article,yeshikabudhwar,yeshikabudhwar,1
222294,Article,yeshikabudhwar,SagrikaKissu,2
222161,Article,yeshikabudhwar,yeshikabudhwar,1
222329,Article,yeshikabudhwar,yeshikabudhwar,1
222189,Article,yeshikabudhwar,jatinder_tur,20
222235,Article,yeshikabudhwar,toi_dhananjayM,5
222187,Article,yeshikabudhwar,yeshikabudhwar,1
222206,Article,yeshikabudhwar,petleepeter,4
222321,Article,yeshikabudhwar,dklavaniaTOI,4
222133,Article,yeshikabudhwar,yeshikabudhwar,1
222422,Tweet,yeshikabudhwar,minatisinghaTOI,40
222448,Tweet,yeshikabudhwar,yeshikabudhwar,1
222466,Tweet,yeshikabudhwar,yeshikabudhwar,1
222395,Tweet,yeshikabudhwar,desaisantosh,6
222418,Tweet,yeshikabudhwar,yeshikabudhwar,1
222435,Tweet,yeshikabudhwar,DerekMalcolm123,59
222408,Tweet,yeshikabudhwar,BhanupratapsTOI,23
222390,Tweet,yeshikabudhwar,ginakolata,11
222444,Tweet,yeshikabudhwar,EricaLG,3
222407,Tweet,yeshikabudhwar,MoharBasu,180
222457,Tweet,yeshikabudhwar,desaisantosh,9
222454,Tweet,yeshikabudhwar,yeshikabudhwar,1
222460,Tweet,yeshikabudhwar,sermoninstone,88
222371,Tweet,yeshikabudhwar,yeshikabudhwar,1
222427,Tweet,yeshikabudhwar,yeshikabudhwar,1
20093,Article,chrishughes,chrishughes,1
20068,Article,chrishughes,chrishughes,1
20070,Article,chrishughes,chrishughes,1
20059,Article,chrishughes,chrishughes,1
20027,Article,chrishughes,chrishughes,1
20096,Article,chrishughes,SarahMaslinNir,164
20097,Article,chrishughes,chrishughes,1
20049,Article,chrishughes,chrishughes,1
20066,Article,chrishughes,chrishughes,1
20075,Article,chrishughes,chrishughes,1
20008,Article,chrishughes,chrishughes,1
20072,Article,chrishughes,chrishughes,1
20000,Article,chrishughes,SarahMaslinNir,260
20010,Article,chrishughes,carlzimmer,349
20088,Article,chrishughes,chrishughes,1
20161,Tweet,chrishughes,murarishetyeTOI,173
20191,Tweet,chrishughes,RosySequeiraTOI,104
20162,Tweet,chrishughes,digbijaymishra1,10
20107,Tweet,chrishughes,nytdavidbrooks,446
20139,Tweet,chrishughes,timlottwriter,53
20130,Tweet,chrishughes,ajaysuraTOI,2
20144,Tweet,chrishughes,samrob12,2
20197,Tweet,chrishughes,polblonde,180
20108,Tweet,chrishughes,DanielKingChess,186
20117,Tweet,chrishughes,WilbyPeter,130
20118,Tweet,chrishughes,GeorgeMonbiot,397
20157,Tweet,chrishughes,PerriKlass,4
20194,Tweet,chrishughes,mtomasky,6
20198,Tweet,chrishughes,jestei,88
20176,Tweet,chrishughes,chrishughes,1
47855,Article,kenanmalik,Markbeaumontuk,65
47966,Article,kenanmalik,nicholaswatt,31
48075,Article,kenanmalik,kenanmalik,1
47919,Article,kenanmalik,jillfilipovic,18
47846,Article,kenanmalik,vanbadham,74
48094,Article,kenanmalik,kenanmalik,1
47981,Article,kenanmalik,kenanmalik,1
47917,Article,kenanmalik,williamnhutton,58
47881,Article,kenanmalik,nnougayrede,125
47987,Article,kenanmalik,kenanmalik,1
48077,Article,kenanmalik,williamnhutton,46
47847,Article,kenanmalik,OwenJones84,86
48020,Article,kenanmalik,kenanmalik,1
48089,Article,kenanmalik,kenanmalik,1
48033,Article,kenanmalik,kenanmalik,1
48165,Tweet,kenanmalik,andrewrawnsley,318
48493,Tweet,kenanmalik,timatkin,307
48307,Tweet,kenanmalik,WilbyPeter,3
48571,Tweet,kenanmalik,RosySequeiraTOI,61
48634,Tweet,kenanmalik,RosySequeiraTOI,94
48185,Tweet,kenanmalik,gailcollins,105
48345,Tweet,kenanmalik,msrachelcooke,39
48582,Tweet,kenanmalik,polblonde,22
48386,Tweet,kenanmalik,SyedAkbarTOI,48
48478,Tweet,kenanmalik,ianrausten,21
48435,Tweet,kenanmalik,lucysiegle,102
48161,Tweet,kenanmalik,andrewrawnsley,336
48501,Tweet,kenanmalik,msrachelcooke,58
48579,Tweet,kenanmalik,winematcher,364
48524,Tweet,kenanmalik,williamkeegan,5
210533,Article,ShoebKhanTOI,journo_vibha,6
210600,Article,ShoebKhanTOI,BhanupratapsTOI,8
210531,Article,ShoebKhanTOI,asrpmukeshTOI,5
210449,Article,ShoebKhanTOI,BhanupratapsTOI,15
210596,Article,ShoebKhanTOI,ShoebKhanTOI,1
210418,Article,ShoebKhanTOI,ShoebKhanTOI,1
210575,Article,ShoebKhanTOI,ShoebKhanTOI,1
210514,Article,ShoebKhanTOI,ShoebKhanTOI,1
210611,Article,ShoebKhanTOI,ShoebKhanTOI,1
210553,Article,ShoebKhanTOI,rajendrasTOI,5
210416,Article,ShoebKhanTOI,ShoebKhanTOI,1
210623,Article,ShoebKhanTOI,BhanupratapsTOI,4
210562,Article,ShoebKhanTOI,ShoebKhanTOI,1
210498,Article,ShoebKhanTOI,ShoebKhanTOI,1
210572,Article,ShoebKhanTOI,mateenHTOI,53
210702,Tweet,ShoebKhanTOI,Pratiks_TOI,2
210685,Tweet,ShoebKhanTOI,ShoebKhanTOI,1
210665,Tweet,ShoebKhanTOI,murarishetyeTOI,223
210651,Tweet,ShoebKhanTOI,ShoebKhanTOI,1
210715,Tweet,ShoebKhanTOI,BhanupratapsTOI,7
210696,Tweet,ShoebKhanTOI,SwatiMathurTOI,3
210707,Tweet,ShoebKhanTOI,AjayUgrasTOI,3
210667,Tweet,ShoebKhanTOI,ShoebKhanTOI,1
210730,Tweet,ShoebKhanTOI,MohitaTOI,2
210677,Tweet,ShoebKhanTOI,ShoebKhanTOI,1
210636,Tweet,ShoebKhanTOI,MohitaTOI,2
210721,Tweet,ShoebKhanTOI,AjayUgrasTOI,4
210644,Tweet,ShoebKhanTOI,ShoebKhanTOI,1
210727,Tweet,ShoebKhanTOI,ChaitanyadTOI,31
210672,Tweet,ShoebKhanTOI,ShoebKhanTOI,1
208014,Article,Rupalijee,Rupalijee,1
208021,Article,Rupalijee,Rupalijee,1
207867,Article,Rupalijee,Rupalijee,1
207952,Article,Rupalijee,Rupalijee,1
207903,Article,Rupalijee,Rupalijee,1
208055,Article,Rupalijee,aseemsgujar,3
207908,Article,Rupalijee,nandinisgTOI,6
208013,Article,Rupalijee,Rupalijee,1
207938,Article,Rupalijee,nandinisgTOI,6
208027,Article,Rupalijee,007pandey,2
207893,Article,Rupalijee,aseemsgujar,3
207932,Article,Rupalijee,Rupalijee,1
208092,Article,Rupalijee,Rupalijee,1
208057,Article,Rupalijee,nandinisgTOI,4
207990,Article,Rupalijee,niyatiparikhTOI,2
208167,Tweet,Rupalijee,Rupalijee,1
208186,Tweet,Rupalijee,rjadHinduBL,45
208121,Tweet,Rupalijee,smita_mishra,154
208136,Tweet,Rupalijee,rjadHinduBL,248
208125,Tweet,Rupalijee,TOISH31,9
208174,Tweet,Rupalijee,Rupalijee,1
208115,Tweet,Rupalijee,petleepeter,150
208094,Tweet,Rupalijee,MohitaTOI,32
208107,Tweet,Rupalijee,minatisinghaTOI,332
208165,Tweet,Rupalijee,Rupalijee,1
208154,Tweet,Rupalijee,Rupalijee,1
208129,Tweet,Rupalijee,ishajainTOI,25
208127,Tweet,Rupalijee,TOISH31,277
208103,Tweet,Rupalijee,desaisantosh,163
208187,Tweet,Rupalijee,asrpmukeshTOI,144
65685,Article,davidleighx,sarfrazmanzoor,63
65609,Article,davidleighx,jimwaterson,3
65772,Article,davidleighx,davidleighx,1
65776,Article,davidleighx,davidleighx,1
65680,Article,davidleighx,ewenmacaskill,49
65741,Article,davidleighx,declanwalsh,61
65546,Article,davidleighx,JohnJCrace,6
65597,Article,davidleighx,steve_hewlett,2
65715,Article,davidleighx,declanwalsh,7
65655,Article,davidleighx,williamnhutton,4
65758,Article,davidleighx,davidleighx,1
65726,Article,davidleighx,rachshabi,49
65536,Article,davidleighx,jayrayner1,48
65642,Article,davidleighx,davidleighx,1
65763,Article,davidleighx,davidleighx,1
66092,Tweet,davidleighx,RosySequeiraTOI,10
66168,Tweet,davidleighx,AndrewSparrow,7
66257,Tweet,davidleighx,RosySequeiraTOI,10
65936,Tweet,davidleighx,RosySequeiraTOI,4
66082,Tweet,davidleighx,andrewrawnsley,50
66184,Tweet,davidleighx,davidleighx,1
65946,Tweet,davidleighx,RosySequeiraTOI,7
65947,Tweet,davidleighx,yeshikabudhwar,56
66109,Tweet,davidleighx,davidleighx,1
65810,Tweet,davidleighx,RosySequeiraTOI,10
66340,Tweet,davidleighx,oliverburkeman,213
66356,Tweet,davidleighx,RosySequeiraTOI,10
66153,Tweet,davidleighx,RosySequeiraTOI,11
65959,Tweet,davidleighx,RosySequeiraTOI,7
66274,Tweet,davidleighx,Mahafreed_Irani,57
20443,Article,dwightgarner,parul_sehgal,2
20448,Article,dwightgarner,billmpennington,6
20462,Article,dwightgarner,dwightgarner,1
20422,Article,dwightgarner,parul_sehgal,2
20447,Article,dwightgarner,dwightgarner,1
20424,Article,dwightgarner,dwightgarner,1
20433,Article,dwightgarner,dwightgarner,1
20452,Article,dwightgarner,parul_sehgal,3
20477,Article,dwightgarner,dwightgarner,1
20444,Article,dwightgarner,dwightgarner,1
20421,Article,dwightgarner,dwightgarner,1
20449,Article,dwightgarner,dwightgarner,1
20463,Article,dwightgarner,dwightgarner,1
20403,Article,dwightgarner,parul_sehgal,3
20458,Article,dwightgarner,dwightgarner,1
20546,Tweet,dwightgarner,samrob12,4
20515,Tweet,dwightgarner,aleksk,5
20584,Tweet,dwightgarner,samrob12,107
20588,Tweet,dwightgarner,andrewrawnsley,65
20520,Tweet,dwightgarner,gailcollins,3
20587,Tweet,dwightgarner,gailcollins,57
20549,Tweet,dwightgarner,sarahchurchwell,17
20599,Tweet,dwightgarner,dwightgarner,1
20555,Tweet,dwightgarner,dwightgarner,1
20594,Tweet,dwightgarner,stevenerlanger,117
20509,Tweet,dwightgarner,ginakolata,4
20527,Tweet,dwightgarner,aleksk,5
20523,Tweet,dwightgarner,jimwaterson,55
20597,Tweet,dwightgarner,shattenstone,213
20542,Tweet,dwightgarner,steve_hewlett,109
192282,Article,manvirsainiTOI,SagrikaKissu,27
192504,Article,manvirsainiTOI,SiwachSukhbir,33
192360,Article,manvirsainiTOI,manvirsainiTOI,1
192298,Article,manvirsainiTOI,mateenHTOI,24
192344,Article,manvirsainiTOI,payaldhawanTOI,41
192295,Article,manvirsainiTOI,PNaveenTOI,24
192329,Article,manvirsainiTOI,juliemTOI,3
192361,Article,manvirsainiTOI,manvirsainiTOI,1
192372,Article,manvirsainiTOI,ShoebKhanTOI,80
192423,Article,manvirsainiTOI,akhileshsTOI,112
192371,Article,manvirsainiTOI,bishnoiarvind11,2
192418,Article,manvirsainiTOI,anandbodhTOI,2
192306,Article,manvirsainiTOI,hugolowell,14
192475,Article,manvirsainiTOI,manvirsainiTOI,1
192448,Article,manvirsainiTOI,rhymetraveller,58
192601,Tweet,manvirsainiTOI,juliemTOI,150
192599,Tweet,manvirsainiTOI,journo_vibha,9
192547,Tweet,manvirsainiTOI,manvirsainiTOI,1
192527,Tweet,manvirsainiTOI,manvirsainiTOI,1
192570,Tweet,manvirsainiTOI,journo_vibha,4
192513,Tweet,manvirsainiTOI,jayamenon64,155
192515,Tweet,manvirsainiTOI,journo_vibha,2
192535,Tweet,manvirsainiTOI,manvirsainiTOI,1
192574,Tweet,manvirsainiTOI,manvirsainiTOI,1
192585,Tweet,manvirsainiTOI,MohitaTOI,10
192533,Tweet,manvirsainiTOI,manvirsainiTOI,1
192563,Tweet,manvirsainiTOI,ishajainTOI,9
192554,Tweet,manvirsainiTOI,manvirsainiTOI,1
192596,Tweet,manvirsainiTOI,manvirsainiTOI,1
192580,Tweet,manvirsainiTOI,manvirsainiTOI,1
123499,Article,AlysFowler,AlysFowler,1
123585,Article,AlysFowler,AlysFowler,1
123481,Article,AlysFowler,AlysFowler,1
123446,Article,AlysFowler,AlysFowler,1
123502,Article,AlysFowler,AlysFowler,1
123575,Article,AlysFowler,AlysFowler,1
123514,Article,AlysFowler,peterbradshaw1,5
123550,Article,AlysFowler,AlysFowler,1
123619,Article,AlysFowler,AlysFowler,1
123565,Article,AlysFowler,AlysFowler,1
123629,Article,AlysFowler,AlysFowler,1
123546,Article,AlysFowler,AlysFowler,1
123517,Article,AlysFowler,AlysFowler,1
123552,Article,AlysFowler,williamnhutton,163
123452,Article,AlysFowler,AlysFowler,1
124070,Tweet,AlysFowler,steve_hewlett,192
123768,Tweet,AlysFowler,desaisantosh,12
124181,Tweet,AlysFowler,jonronson,14
124228,Tweet,AlysFowler,AlysFowler,1
123712,Tweet,AlysFowler,andrewrawnsley,4
123946,Tweet,AlysFowler,steve_hewlett,123
124024,Tweet,AlysFowler,margaretrenkl,2
123940,Tweet,AlysFowler,andrewrawnsley,75
123758,Tweet,AlysFowler,jonronson,6
123872,Tweet,AlysFowler,helenecooper,284
123880,Tweet,AlysFowler,desaisantosh,8
124179,Tweet,AlysFowler,elizabday,17
123905,Tweet,AlysFowler,GeorgeMonbiot,22
123778,Tweet,AlysFowler,ArthurNeslen,9
123725,Tweet,AlysFowler,ajaysuraTOI,25
52975,Article,alanconnor,alanconnor,1
52914,Article,alanconnor,alanconnor,1
53026,Article,alanconnor,alanconnor,1
53112,Article,alanconnor,alanconnor,1
52919,Article,alanconnor,alanconnor,1
53116,Article,alanconnor,alanconnor,1
52997,Article,alanconnor,SearleAdrian,29
52988,Article,alanconnor,alanconnor,1
53056,Article,alanconnor,alanconnor,1
53119,Article,alanconnor,alanconnor,1
53133,Article,alanconnor,alanconnor,1
52946,Article,alanconnor,alanconnor,1
53083,Article,alanconnor,alanconnor,1
53000,Article,alanconnor,maevesther,26
53131,Article,alanconnor,alanconnor,1
53350,Tweet,alanconnor,nytDeniseGrady,4
53734,Tweet,alanconnor,alanconnor,1
53421,Tweet,alanconnor,RosySequeiraTOI,41
53374,Tweet,alanconnor,alanconnor,1
53450,Tweet,alanconnor,jayamenon64,59
53708,Tweet,alanconnor,wesley_morris,29
53468,Tweet,alanconnor,vivek9301,83
53488,Tweet,alanconnor,vivek9301,120
53729,Tweet,alanconnor,ajaysuraTOI,68
53252,Tweet,alanconnor,vivek9301,88
53275,Tweet,alanconnor,alanconnor,1
53280,Tweet,alanconnor,thestephmerritt,27
53585,Tweet,alanconnor,alanconnor,1
53753,Tweet,alanconnor,andrewrawnsley,13
53403,Tweet,alanconnor,nytDeniseGrady,5
87327,Article,lyngardner,lyngardner,1
87440,Article,lyngardner,lyngardner,1
87526,Article,lyngardner,lyngardner,1
87426,Article,lyngardner,debaratisen,196
87388,Article,lyngardner,winematcher,2
87411,Article,lyngardner,WilbyPeter,80
87420,Article,lyngardner,lyngardner,1
87459,Article,lyngardner,billicritic,3
87422,Article,lyngardner,lyngardner,1
87454,Article,lyngardner,lyngardner,1
87549,Article,lyngardner,TristramHuntVA,242
87497,Article,lyngardner,lyngardner,1
87328,Article,lyngardner,timjonze,177
87381,Article,lyngardner,GeorgeMonbiot,222
87391,Article,lyngardner,garyyounge,283
87718,Tweet,lyngardner,laurenlaverne,102
87696,Tweet,lyngardner,DerekMalcolm123,4
87630,Tweet,lyngardner,RosySequeiraTOI,30
87662,Tweet,lyngardner,WilbyPeter,2
87579,Tweet,lyngardner,rachlharris,33
87674,Tweet,lyngardner,jimwaterson,11
87604,Tweet,lyngardner,jimwaterson,3
87566,Tweet,lyngardner,RosySequeiraTOI,33
87734,Tweet,lyngardner,msrachelcooke,2
87657,Tweet,lyngardner,zwoolfe,37
87553,Tweet,lyngardner,andrewrawnsley,2
87670,Tweet,lyngardner,RosySequeiraTOI,35
87639,Tweet,lyngardner,RosySequeiraTOI,33
87680,Tweet,lyngardner,RosySequeiraTOI,37
87592,Tweet,lyngardner,jennydeluxe,24
127747,Article,RowanMoore,desaisantosh,5
127753,Article,RowanMoore,msrachelcooke,74
127768,Article,RowanMoore,williamnhutton,36
127771,Article,RowanMoore,NesrineMalik,60
127764,Article,RowanMoore,williamnhutton,35
127871,Article,RowanMoore,peterbradshaw1,21
127843,Article,RowanMoore,RowanMoore,1
127681,Article,RowanMoore,desaisantosh,33
127826,Article,RowanMoore,NilsPratley,18
127649,Article,RowanMoore,JohnJCrace,2
127656,Article,RowanMoore,ollywainwright,4
127709,Article,RowanMoore,williamnhutton,25
127879,Article,RowanMoore,nicholaswatt,12
127775,Article,RowanMoore,williamnhutton,29
127738,Article,RowanMoore,thestephmerritt,4
128171,Tweet,RowanMoore,RosySequeiraTOI,284
128125,Tweet,RowanMoore,andrewrawnsley,146
128359,Tweet,RowanMoore,msrachelcooke,67
127981,Tweet,RowanMoore,tomdyckhoff,106
128378,Tweet,RowanMoore,nicklezard,8
128411,Tweet,RowanMoore,KTVinobhaTOI,194
128449,Tweet,RowanMoore,andrewrawnsley,157
128099,Tweet,RowanMoore,FrankBruni,423
128286,Tweet,RowanMoore,naomi2009,140
127972,Tweet,RowanMoore,SocialQPhilip,233
128016,Tweet,RowanMoore,ollywainwright,136
128144,Tweet,RowanMoore,vwang3,239
128371,Tweet,RowanMoore,thestephmerritt,309
127969,Tweet,RowanMoore,leninology,154
128202,Tweet,RowanMoore,tomdyckhoff,133
78129,Article,jackschofield,sio_burke,25
78122,Article,jackschofield,garyyounge,40
78109,Article,jackschofield,aleksk,21
78253,Article,jackschofield,jackschofield,1
78043,Article,jackschofield,jackschofield,1
78057,Article,jackschofield,jackschofield,1
78213,Article,jackschofield,KSchulten,18
78270,Article,jackschofield,MarinaHyde,8
78281,Article,jackschofield,jackschofield,1
78116,Article,jackschofield,archiebland,4
78134,Article,jackschofield,nnougayrede,6
78241,Article,jackschofield,garyyounge,7
78073,Article,jackschofield,alanconnor,5
78108,Article,jackschofield,archiebland,21
78060,Article,jackschofield,aleksk,61
78759,Tweet,jackschofield,jackschofield,1
78608,Tweet,jackschofield,ajaysuraTOI,163
78534,Tweet,jackschofield,NewtonSTOI,36
78732,Tweet,jackschofield,DerekMalcolm123,15
78803,Tweet,jackschofield,richardwolffedc,43
78785,Tweet,jackschofield,jackschofield,1
78379,Tweet,jackschofield,richardwolffedc,2
78363,Tweet,jackschofield,jackschofield,1
78480,Tweet,jackschofield,tomfriedman,19
78479,Tweet,jackschofield,john_hooper,24
78589,Tweet,jackschofield,jackschofield,1
78629,Tweet,jackschofield,jackschofield,1
78598,Tweet,jackschofield,naomi2009,16
78666,Tweet,jackschofield,MichaelWhite,29
78472,Tweet,jackschofield,timlottwriter,72
194053,Article,MKSinghGkp,KapildaveTOI,2
194086,Article,MKSinghGkp,OLIVERBALCH,181
194229,Article,MKSinghGkp,KapildaveTOI,4
194040,Article,MKSinghGkp,007pandey,13
194001,Article,MKSinghGkp,VivianHo,98
194219,Article,MKSinghGkp,MKSinghGkp,1
194127,Article,MKSinghGkp,Arv_Ind_Chauhan,7
194187,Article,MKSinghGkp,KapildaveTOI,2
194141,Article,MKSinghGkp,MKSinghGkp,1
194124,Article,MKSinghGkp,MKSinghGkp,1
194027,Article,MKSinghGkp,MKSinghGkp,1
194077,Article,MKSinghGkp,rjadHinduBL,3
194008,Article,MKSinghGkp,journo_vibha,2
194212,Article,MKSinghGkp,MKSinghGkp,1
194160,Article,MKSinghGkp,journo_vibha,2
194295,Tweet,MKSinghGkp,joshwiddicombe,83
194324,Tweet,MKSinghGkp,divyadubey_,9
194323,Tweet,MKSinghGkp,MohitaTOI,2
194273,Tweet,MKSinghGkp,yeshikabudhwar,59
194260,Tweet,MKSinghGkp,RosySequeiraTOI,43
194276,Tweet,MKSinghGkp,asrpmukeshTOI,145
194272,Tweet,MKSinghGkp,Gauraw2297,3
194340,Tweet,MKSinghGkp,Gauraw2297,2
194332,Tweet,MKSinghGkp,tushhaikhush,2
194306,Tweet,MKSinghGkp,ShoebKhanTOI,7
194346,Tweet,MKSinghGkp,Gauraw2297,3
194280,Tweet,MKSinghGkp,MKSinghGkp,1
194251,Tweet,MKSinghGkp,Gauraw2297,2
194329,Tweet,MKSinghGkp,Gauraw2297,5
194337,Tweet,MKSinghGkp,Gauraw2297,2
158096,Article,leninology,TimdeLisle,34
158060,Article,leninology,williamnhutton,41
158085,Article,leninology,sunny_hundal,17
157995,Article,leninology,OwenJones84,37
158025,Article,leninology,garyyounge,52
158007,Article,leninology,ollywainwright,28
158074,Article,leninology,vanbadham,32
158036,Article,leninology,leninology,1
158064,Article,leninology,laurenlaverne,202
158029,Article,leninology,williamnhutton,25
157991,Article,leninology,ggreenwald,87
158057,Article,leninology,nicholaswatt,308
158094,Article,leninology,leninology,1
158073,Article,leninology,JohnJCrace,28
158032,Article,leninology,leninology,1
158690,Tweet,leninology,RosySequeiraTOI,105
158352,Tweet,leninology,leninology,1
158587,Tweet,leninology,DouthatNYT,8
158649,Tweet,leninology,RosySequeiraTOI,31
158455,Tweet,leninology,RosySequeiraTOI,32
158519,Tweet,leninology,ajaysuraTOI,29
158161,Tweet,leninology,leninology,1
158520,Tweet,leninology,WilbyPeter,35
158687,Tweet,leninology,andrewrawnsley,28
158623,Tweet,leninology,NilsPratley,12
158706,Tweet,leninology,DouthatNYT,34
158205,Tweet,leninology,sandhyanairTOI,327
158537,Tweet,leninology,jimwaterson,9
158442,Tweet,leninology,ewenmacaskill,11
158646,Tweet,leninology,ewenmacaskill,46
192688,Article,MarcusMergulhao,MarcusMergulhao,1
192741,Article,MarcusMergulhao,MarcusMergulhao,1
192775,Article,MarcusMergulhao,adwaidh,5
192820,Article,MarcusMergulhao,aniljdias,70
192699,Article,MarcusMergulhao,sudeshnagTOI,2
192615,Article,MarcusMergulhao,adwaidh,23
192661,Article,MarcusMergulhao,adwaidh,5
192667,Article,MarcusMergulhao,kumaraswamykTOI,6
192815,Article,MarcusMergulhao,MarcusMergulhao,1
192768,Article,MarcusMergulhao,adwaidh,2
192745,Article,MarcusMergulhao,TOISH31,2
192719,Article,MarcusMergulhao,adwaidh,15
192743,Article,MarcusMergulhao,martcrossy,2
192675,Article,MarcusMergulhao,sudeshnagTOI,3
192761,Article,MarcusMergulhao,adwaidh,10
192882,Tweet,MarcusMergulhao,007pandey,3
192871,Tweet,MarcusMergulhao,Shrivathsan1437,2
192919,Tweet,MarcusMergulhao,kumaraswamykTOI,7
192953,Tweet,MarcusMergulhao,Arv_Ind_Chauhan,17
192911,Tweet,MarcusMergulhao,AniltheMatrix,2
192864,Tweet,MarcusMergulhao,desaisantosh,266
192907,Tweet,MarcusMergulhao,MarcusMergulhao,1
192870,Tweet,MarcusMergulhao,ronojoy_sen,104
192906,Tweet,MarcusMergulhao,AniltheMatrix,3
192896,Tweet,MarcusMergulhao,TOISH31,2
192909,Tweet,MarcusMergulhao,AniltheMatrix,4
192875,Tweet,MarcusMergulhao,yeshikabudhwar,119
192945,Tweet,MarcusMergulhao,MarcusMergulhao,1
192867,Tweet,MarcusMergulhao,AmritadTOI,50
192944,Tweet,MarcusMergulhao,IanCobain,69
52218,Article,KateEMcCann,KateEMcCann,1
52304,Article,KateEMcCann,KateEMcCann,1
52109,Article,KateEMcCann,KateEMcCann,1
52221,Article,KateEMcCann,KateEMcCann,1
52142,Article,KateEMcCann,KateEMcCann,1
52268,Article,KateEMcCann,jamesrbuk,68
52087,Article,KateEMcCann,KateEMcCann,1
52135,Article,KateEMcCann,KateEMcCann,1
52290,Article,KateEMcCann,KateEMcCann,1
52288,Article,KateEMcCann,KateEMcCann,1
52188,Article,KateEMcCann,KateEMcCann,1
52241,Article,KateEMcCann,dansabbagh,20
52191,Article,KateEMcCann,jonpareles,48
52211,Article,KateEMcCann,garyyounge,16
52083,Article,KateEMcCann,sarfrazmanzoor,12
52740,Tweet,KateEMcCann,laurenlaverne,403
52484,Tweet,KateEMcCann,ewenmacaskill,31
52444,Tweet,KateEMcCann,murarishetyeTOI,284
52639,Tweet,KateEMcCann,naomi2009,20
52437,Tweet,KateEMcCann,AditiZero,318
52399,Tweet,KateEMcCann,KateEMcCann,1
52672,Tweet,KateEMcCann,ewenmacaskill,16
52350,Tweet,KateEMcCann,laurenlaverne,103
52596,Tweet,KateEMcCann,samsifton,24
52730,Tweet,KateEMcCann,KateEMcCann,1
52456,Tweet,KateEMcCann,murarishetyeTOI,420
52643,Tweet,KateEMcCann,JoshuaRozenberg,322
52554,Tweet,KateEMcCann,vwang3,344
52835,Tweet,KateEMcCann,AnushkaAsthana,3
52889,Tweet,KateEMcCann,winematcher,65
152190,Article,sarahchurchwell,emilybell,31
152265,Article,sarahchurchwell,DeccaJourno,30
152268,Article,sarahchurchwell,carolecadwalla,42
152214,Article,sarahchurchwell,polblonde,48
152260,Article,sarahchurchwell,leninology,43
152226,Article,sarahchurchwell,chiggi,3
152196,Article,sarahchurchwell,nnougayrede,67
152283,Article,sarahchurchwell,DanielKingChess,4
152168,Article,sarahchurchwell,jbouie,74
152194,Article,sarahchurchwell,VivianHo,48
152173,Article,sarahchurchwell,stevenpoole,13
152267,Article,sarahchurchwell,DerekMalcolm123,18
152216,Article,sarahchurchwell,vanbadham,66
152264,Article,sarahchurchwell,dwightgarner,13
152253,Article,sarahchurchwell,garyyounge,70
152699,Tweet,sarahchurchwell,wesley_morris,87
152369,Tweet,sarahchurchwell,EricaLG,51
152315,Tweet,sarahchurchwell,jimwaterson,13
152556,Tweet,sarahchurchwell,andybrassell,72
152756,Tweet,sarahchurchwell,murarishetyeTOI,56
152720,Tweet,sarahchurchwell,andrewrawnsley,3
152577,Tweet,sarahchurchwell,jimwaterson,12
152340,Tweet,sarahchurchwell,afuahirsch,90
152565,Tweet,sarahchurchwell,jillfilipovic,3
152866,Tweet,sarahchurchwell,LauraCummingArt,13
152693,Tweet,sarahchurchwell,ditzkoff,108
152653,Tweet,sarahchurchwell,yeshikabudhwar,13
152810,Tweet,sarahchurchwell,polblonde,72
152413,Tweet,sarahchurchwell,RosySequeiraTOI,74
152483,Tweet,sarahchurchwell,MoharBasu,77
200791,Article,petleepeter,jatinder_tur,3
200984,Article,petleepeter,petleepeter,1
200810,Article,petleepeter,petleepeter,1
200851,Article,petleepeter,petleepeter,1
200911,Article,petleepeter,petleepeter,1
200854,Article,petleepeter,petleepeter,1
200994,Article,petleepeter,petleepeter,1
200961,Article,petleepeter,ChaithanyaSwamy,13
200855,Article,petleepeter,petleepeter,1
200963,Article,petleepeter,petleepeter,1
200930,Article,petleepeter,petleepeter,1
200845,Article,petleepeter,ShoebKhanTOI,3
200938,Article,petleepeter,petleepeter,1
200799,Article,petleepeter,petleepeter,1
200982,Article,petleepeter,ManjuVTOI,2
201030,Tweet,petleepeter,petleepeter,1
201037,Tweet,petleepeter,petleepeter,1
201100,Tweet,petleepeter,ManjuVTOI,5
201041,Tweet,petleepeter,petleepeter,1
201110,Tweet,petleepeter,petleepeter,1
201026,Tweet,petleepeter,petleepeter,1
201043,Tweet,petleepeter,petleepeter,1
201082,Tweet,petleepeter,timjonze,59
201036,Tweet,petleepeter,petleepeter,1
201023,Tweet,petleepeter,petleepeter,1
201035,Tweet,petleepeter,AditiZero,2
201097,Tweet,petleepeter,GiniaNYT,47
201111,Tweet,petleepeter,petleepeter,1
201027,Tweet,petleepeter,petleepeter,1
201105,Tweet,petleepeter,petleepeter,1
130437,Article,ArthurNeslen,ArthurNeslen,1
130359,Article,ArthurNeslen,gilestremlett,121
130434,Article,ArthurNeslen,ArthurNeslen,1
130305,Article,ArthurNeslen,ArthurNeslen,1
130402,Article,ArthurNeslen,gabyhinsliff,49
130278,Article,ArthurNeslen,jonathanwatts,2
130217,Article,ArthurNeslen,jonathanwatts,2
130409,Article,ArthurNeslen,ArthurNeslen,1
130426,Article,ArthurNeslen,leninology,55
130358,Article,ArthurNeslen,ArthurNeslen,1
130380,Article,ArthurNeslen,ukigoni,4
130347,Article,ArthurNeslen,ArthurNeslen,1
130224,Article,ArthurNeslen,ArthurNeslen,1
130320,Article,ArthurNeslen,ArthurNeslen,1
130214,Article,ArthurNeslen,ArthurNeslen,1
130479,Tweet,ArthurNeslen,niyatiparikhTOI,2
130780,Tweet,ArthurNeslen,timatkin,348
130969,Tweet,ArthurNeslen,michaelcrowley,48
130556,Tweet,ArthurNeslen,JessicaValenti,385
130909,Tweet,ArthurNeslen,nytdavidbrooks,37
130862,Tweet,ArthurNeslen,LizAldermanNYT,2
130622,Tweet,ArthurNeslen,ArthurNeslen,1
130774,Tweet,ArthurNeslen,ajaysuraTOI,5
130677,Tweet,ArthurNeslen,RosySequeiraTOI,3
130849,Tweet,ArthurNeslen,williamkeegan,17
130647,Tweet,ArthurNeslen,polblonde,117
130872,Tweet,ArthurNeslen,ajaysuraTOI,15
130701,Tweet,ArthurNeslen,ronojoy_sen,215
130871,Tweet,ArthurNeslen,murarishetyeTOI,187
130624,Tweet,ArthurNeslen,ewenmacaskill,297
161937,Article,jfordham_jazz,bglendenning,258
162073,Article,jfordham_jazz,zwoolfe,6
162084,Article,jfordham_jazz,williamnhutton,192
161911,Article,jfordham_jazz,jfordham_jazz,1
162077,Article,jfordham_jazz,archiebland,5
161933,Article,jfordham_jazz,jfordham_jazz,1
162108,Article,jfordham_jazz,ollywainwright,2
162070,Article,jfordham_jazz,thrasherxy,9
162092,Article,jfordham_jazz,jfordham_jazz,1
162056,Article,jfordham_jazz,jfordham_jazz,1
161882,Article,jfordham_jazz,jfordham_jazz,1
162038,Article,jfordham_jazz,richardwolffedc,25
161986,Article,jfordham_jazz,joshwiddicombe,4
161964,Article,jfordham_jazz,TimdeLisle,37
161998,Article,jfordham_jazz,bglendenning,363
162121,Tweet,jfordham_jazz,jfordham_jazz,1
162143,Tweet,jfordham_jazz,jonpareles,10
162278,Tweet,jfordham_jazz,margaretrenkl,3
162148,Tweet,jfordham_jazz,steve_hewlett,3
162309,Tweet,jfordham_jazz,billicritic,2
162136,Tweet,jfordham_jazz,jfordham_jazz,1
162243,Tweet,jfordham_jazz,RosySequeiraTOI,60
162322,Tweet,jfordham_jazz,jfordham_jazz,1
162124,Tweet,jfordham_jazz,jfordham_jazz,1
162244,Tweet,jfordham_jazz,jfordham_jazz,1
162326,Tweet,jfordham_jazz,LauraCummingArt,2
162165,Tweet,jfordham_jazz,shattenstone,81
162295,Tweet,jfordham_jazz,DerekMalcolm123,2
162223,Tweet,jfordham_jazz,jfordham_jazz,1
162274,Tweet,jfordham_jazz,jfordham_jazz,1
131915,Article,tomdyckhoff,tomdyckhoff,1
131958,Article,tomdyckhoff,tomdyckhoff,1
131959,Article,tomdyckhoff,tomdyckhoff,1
131828,Article,tomdyckhoff,tomdyckhoff,1
132035,Article,tomdyckhoff,tomdyckhoff,1
131899,Article,tomdyckhoff,tomdyckhoff,1
132074,Article,tomdyckhoff,tomdyckhoff,1
131969,Article,tomdyckhoff,tomdyckhoff,1
131957,Article,tomdyckhoff,tomdyckhoff,1
131951,Article,tomdyckhoff,tomdyckhoff,1
131834,Article,tomdyckhoff,tomdyckhoff,1
131940,Article,tomdyckhoff,tomdyckhoff,1
132046,Article,tomdyckhoff,tomdyckhoff,1
132039,Article,tomdyckhoff,tomdyckhoff,1
131837,Article,tomdyckhoff,tomdyckhoff,1
133744,Tweet,tomdyckhoff,timlottwriter,35
133140,Tweet,tomdyckhoff,yeshikabudhwar,25
133467,Tweet,tomdyckhoff,RosySequeiraTOI,17
132853,Tweet,tomdyckhoff,KSchulten,23
133374,Tweet,tomdyckhoff,andrewrawnsley,2
133304,Tweet,tomdyckhoff,apoorva_nyc,67
133275,Tweet,tomdyckhoff,vwang3,4
133683,Tweet,tomdyckhoff,vwang3,39
133165,Tweet,tomdyckhoff,asrpmukeshTOI,26
132357,Tweet,tomdyckhoff,polblonde,45
133908,Tweet,tomdyckhoff,jonronson,9
133464,Tweet,tomdyckhoff,marthakelner,76
133469,Tweet,tomdyckhoff,tomdyckhoff,1
132674,Tweet,tomdyckhoff,winematcher,44
132463,Tweet,tomdyckhoff,PerriKlass,74
28295,Article,StacyCowley,sangerkatz,12
28269,Article,StacyCowley,StacyCowley,1
28236,Article,StacyCowley,SharonLNYT,7
28259,Article,StacyCowley,StacyCowley,1
28268,Article,StacyCowley,AnaSwanson,4
28265,Article,StacyCowley,ceciliakang,29
28283,Article,StacyCowley,StacyCowley,1
28205,Article,StacyCowley,NYTBen,238
28249,Article,StacyCowley,FlitterOnFraud,3
28228,Article,StacyCowley,StacyCowley,1
28227,Article,StacyCowley,lukebroadwater,2
28234,Article,StacyCowley,StacyCowley,1
28203,Article,StacyCowley,fmanjoo,98
28206,Article,StacyCowley,StacyCowley,1
28233,Article,StacyCowley,StacyCowley,1
28307,Tweet,StacyCowley,kannoyoungs,121
28395,Tweet,StacyCowley,marywalshjourno,108
28366,Tweet,StacyCowley,EricaLG,47
28396,Tweet,StacyCowley,shattenstone,28
28392,Tweet,StacyCowley,hugolowell,2
28397,Tweet,StacyCowley,jennydeluxe,31
28340,Tweet,StacyCowley,pradeeptTOI,90
28308,Tweet,StacyCowley,gailcollins,64
28335,Tweet,StacyCowley,MujMash,60
28388,Tweet,StacyCowley,StacyCowley,1
28300,Tweet,StacyCowley,StacyCowley,1
28332,Tweet,StacyCowley,andrewrawnsley,259
28368,Tweet,StacyCowley,StacyCowley,1
28330,Tweet,StacyCowley,StacyCowley,1
28305,Tweet,StacyCowley,RosySequeiraTOI,77
164942,Article,andybrassell,DeccaJourno,2
164876,Article,andybrassell,bglendenning,2
165067,Article,andybrassell,msrachelcooke,22
164873,Article,andybrassell,saumyajitbTOI,88
164880,Article,andybrassell,andybrassell,1
164978,Article,andybrassell,andybrassell,1
164919,Article,andybrassell,vanbadham,7
165009,Article,andybrassell,TimdeLisle,35
164883,Article,andybrassell,debaratisen,5
164872,Article,andybrassell,richardwolffedc,5
165018,Article,andybrassell,FabrizioRomano,17
164987,Article,andybrassell,vanbadham,4
165010,Article,andybrassell,saumyajitbTOI,14
165077,Article,andybrassell,JohnJCrace,27
165091,Article,andybrassell,garyyounge,20
165298,Tweet,andybrassell,lyngardner,130
165492,Tweet,andybrassell,vivek9301,40
165384,Tweet,andybrassell,joshwiddicombe,40
165165,Tweet,andybrassell,parthasinha,87
165306,Tweet,andybrassell,desaisantosh,400
165164,Tweet,andybrassell,murarishetyeTOI,473
165610,Tweet,andybrassell,RosySequeiraTOI,2
165483,Tweet,andybrassell,msrachelcooke,139
165468,Tweet,andybrassell,andybrassell,1
165695,Tweet,andybrassell,nicklezard,57
165323,Tweet,andybrassell,nicklezard,166
165330,Tweet,andybrassell,shattenstone,189
165429,Tweet,andybrassell,RosySequeiraTOI,5
165597,Tweet,andybrassell,lucysiegle,83
165667,Tweet,andybrassell,andybrassell,1
211409,Article,Shrivathsan1437,Shrivathsan1437,1
211313,Article,Shrivathsan1437,Pratiks_TOI,12
211310,Article,Shrivathsan1437,kumaraswamykTOI,5
211280,Article,Shrivathsan1437,toi_ManujaV,8
211412,Article,Shrivathsan1437,Shrivathsan1437,1
211386,Article,Shrivathsan1437,Shrivathsan1437,1
211378,Article,Shrivathsan1437,vivek9301,10
211304,Article,Shrivathsan1437,toi_ManujaV,20
211345,Article,Shrivathsan1437,Shilarze_SSR,25
211462,Article,Shrivathsan1437,vivek9301,7
211491,Article,Shrivathsan1437,AditiZero,14
211465,Article,Shrivathsan1437,Shilarze_SSR,23
211419,Article,Shrivathsan1437,adwaidh,10
211447,Article,Shrivathsan1437,adwaidh,9
211401,Article,Shrivathsan1437,adwaidh,9
211553,Tweet,Shrivathsan1437,AniltheMatrix,46
211600,Tweet,Shrivathsan1437,rebeccaSTOI,50
211530,Tweet,Shrivathsan1437,desaisantosh,143
211592,Tweet,Shrivathsan1437,yazhiniyanTOI,84
211546,Tweet,Shrivathsan1437,aniljdias,14
211564,Tweet,Shrivathsan1437,Shrivathsan1437,1
211534,Tweet,Shrivathsan1437,MarcusMergulhao,8
211517,Tweet,Shrivathsan1437,sudeshnagTOI,10
211531,Tweet,Shrivathsan1437,yeshikabudhwar,13
211567,Tweet,Shrivathsan1437,DSandip_TOI,92
211562,Tweet,Shrivathsan1437,MarcusMergulhao,5
211571,Tweet,Shrivathsan1437,MarcusMergulhao,7
211526,Tweet,Shrivathsan1437,AniltheMatrix,263
211563,Tweet,Shrivathsan1437,HinaRohtaki,87
211513,Tweet,Shrivathsan1437,MoharBasu,2
8806,Article,ianrausten,ianrausten,1
8820,Article,ianrausten,aurelienbrd,2
8833,Article,ianrausten,ianrausten,1
8836,Article,ianrausten,FrankBruni,7
8859,Article,ianrausten,ianrausten,1
8879,Article,ianrausten,ianrausten,1
8856,Article,ianrausten,ianrausten,1
8824,Article,ianrausten,pete_wells,26
8810,Article,ianrausten,FlitterOnFraud,2
8855,Article,ianrausten,wesley_morris,8
8839,Article,ianrausten,ianrausten,1
8894,Article,ianrausten,andrewrawnsley,4
8864,Article,ianrausten,Lattif,3
8842,Article,ianrausten,andrewrsorkin,57
8890,Article,ianrausten,ianrausten,1
8978,Tweet,ianrausten,naomi2009,31
8923,Tweet,ianrausten,ianrausten,1
8933,Tweet,ianrausten,RowanMoore,99
8943,Tweet,ianrausten,ianrausten,1
8960,Tweet,ianrausten,ianrausten,1
8915,Tweet,ianrausten,RosySequeiraTOI,8
8947,Tweet,ianrausten,ianrausten,1
8962,Tweet,ianrausten,leninology,2
8929,Tweet,ianrausten,lyngardner,192
8953,Tweet,ianrausten,ianrausten,1
8918,Tweet,ianrausten,ianrausten,1
8987,Tweet,ianrausten,timatkin,37
8909,Tweet,ianrausten,ianrausten,1
8906,Tweet,ianrausten,timatkin,2
8979,Tweet,ianrausten,naomi2009,4
113288,Article,attackerman,attackerman,1
113136,Article,attackerman,attackerman,1
113117,Article,attackerman,williamnhutton,7
113328,Article,attackerman,williamnhutton,18
113211,Article,attackerman,ggreenwald,22
113185,Article,attackerman,VivianHo,39
113250,Article,attackerman,MichaelWhite,41
113134,Article,attackerman,MarinaHyde,6
113335,Article,attackerman,rachshabi,23
113146,Article,attackerman,Bencjacobs,3
113114,Article,attackerman,philipoltermann,6
113141,Article,attackerman,hugolowell,4
113139,Article,attackerman,ronojoy_sen,19
113192,Article,attackerman,OwenJones84,31
113342,Article,attackerman,carolecadwalla,10
113838,Tweet,attackerman,ajaysuraTOI,85
113755,Tweet,attackerman,jameskanter,351
113628,Tweet,attackerman,alexvtunzelmann,334
113858,Tweet,attackerman,jbouie,163
113616,Tweet,attackerman,yeshikabudhwar,68
113378,Tweet,attackerman,hillhulse,287
113592,Tweet,attackerman,andrewrawnsley,367
113438,Tweet,attackerman,viasimonromero,3
113750,Tweet,attackerman,NYTimesCohen,323
113739,Tweet,attackerman,antontroian,33
113497,Tweet,attackerman,RosySequeiraTOI,17
113679,Tweet,attackerman,joncaramanica,46
113662,Tweet,attackerman,declanwalsh,278
113485,Tweet,attackerman,hillhulse,278
113394,Tweet,attackerman,hillhulse,186
19486,Article,smbahr14,rpogrebin,2
19433,Article,smbahr14,sisario,12
19450,Article,smbahr14,wesley_morris,71
19493,Article,smbahr14,DerekMalcolm123,3
19481,Article,smbahr14,juliarebeccaj,45
19422,Article,smbahr14,SarahMaslinNir,5
19456,Article,smbahr14,LFFriedman,12
19454,Article,smbahr14,wesley_morris,48
19411,Article,smbahr14,MichaelPaulson,2
19484,Article,smbahr14,NikiKitsantonis,27
19464,Article,smbahr14,MichaelPaulson,5
19426,Article,smbahr14,NikiKitsantonis,25
19475,Article,smbahr14,wesley_morris,97
19483,Article,smbahr14,kylebuchanan,16
19415,Article,smbahr14,EVincentelli,6
19511,Tweet,smbahr14,jayamenon64,3
19578,Tweet,smbahr14,yeshikabudhwar,14
19558,Tweet,smbahr14,joshwiddicombe,71
19517,Tweet,smbahr14,lukeharding1968,209
19593,Tweet,smbahr14,yeshikabudhwar,103
19564,Tweet,smbahr14,rachlharris,140
19518,Tweet,smbahr14,kiracochrane,119
19582,Tweet,smbahr14,laurenlaverne,69
19595,Tweet,smbahr14,vwang3,95
19557,Tweet,smbahr14,livia_ar,124
19501,Tweet,smbahr14,lucywardsings,14
19538,Tweet,smbahr14,yeshikabudhwar,23
19555,Tweet,smbahr14,rachshabi,201
19503,Tweet,smbahr14,ajaysuraTOI,316
19565,Tweet,smbahr14,gettleman,64
72375,Article,VivianHo,AnaSwanson,237
72545,Article,VivianHo,jonathanwatts,31
72360,Article,VivianHo,dansabbagh,12
72440,Article,VivianHo,williamnhutton,370
72374,Article,VivianHo,bglendenning,265
72405,Article,VivianHo,bglendenning,378
72342,Article,VivianHo,jimwaterson,18
72496,Article,VivianHo,MonaChalabi,2
72450,Article,VivianHo,jillfilipovic,36
72337,Article,VivianHo,msrachelcooke,33
72459,Article,VivianHo,joshwiddicombe,3
72497,Article,VivianHo,charltonbrooker,100
72441,Article,VivianHo,hugolowell,56
72453,Article,VivianHo,bglendenning,317
72530,Article,VivianHo,shafaquealamTOI,5
72678,Tweet,VivianHo,jonronson,14
72914,Tweet,VivianHo,salihughes,2
72639,Tweet,VivianHo,NewtonSTOI,30
72777,Tweet,VivianHo,joshwiddicombe,270
72608,Tweet,VivianHo,EricaLG,142
72671,Tweet,VivianHo,ditzkoff,19
73131,Tweet,VivianHo,nicklezard,28
72762,Tweet,VivianHo,EricaLG,33
73114,Tweet,VivianHo,yeshikabudhwar,152
73032,Tweet,VivianHo,EricaLG,138
72647,Tweet,VivianHo,nicklezard,8
72670,Tweet,VivianHo,msrachelcooke,22
72766,Tweet,VivianHo,salihughes,11
72643,Tweet,VivianHo,ginakolata,241
72612,Tweet,VivianHo,yeshikabudhwar,223
164031,Article,PeterTatchell,hugolowell,60
164053,Article,PeterTatchell,davidhepworth,15
164135,Article,PeterTatchell,ollywainwright,22
164194,Article,PeterTatchell,hannahdev,15
164109,Article,PeterTatchell,sunny_hundal,41
164161,Article,PeterTatchell,williamnhutton,100
164217,Article,PeterTatchell,PeterTatchell,1
164228,Article,PeterTatchell,FranklinBlog,106
164019,Article,PeterTatchell,PeterTatchell,1
164150,Article,PeterTatchell,bglendenning,112
164127,Article,PeterTatchell,williamkeegan,11
164153,Article,PeterTatchell,AndrewSparrow,14
164100,Article,PeterTatchell,emilybell,35
164018,Article,PeterTatchell,PeterTatchell,1
164156,Article,PeterTatchell,sarahditum,90
164540,Tweet,PeterTatchell,aleksk,63
164721,Tweet,PeterTatchell,RosySequeiraTOI,42
164641,Tweet,PeterTatchell,mtomasky,37
164430,Tweet,PeterTatchell,RosySequeiraTOI,15
164307,Tweet,PeterTatchell,dionnesearcey,183
164807,Tweet,PeterTatchell,WilbyPeter,39
164298,Tweet,PeterTatchell,lucysiegle,7
164735,Tweet,PeterTatchell,polblonde,4
164472,Tweet,PeterTatchell,lucywardsings,117
164604,Tweet,PeterTatchell,MujMash,19
164303,Tweet,PeterTatchell,murarishetyeTOI,118
164300,Tweet,PeterTatchell,MujMash,81
164723,Tweet,PeterTatchell,laurenlaverne,7
164608,Tweet,PeterTatchell,RosySequeiraTOI,61
164821,Tweet,PeterTatchell,PeterTatchell,1
126101,Article,martcrossy,martcrossy,1
125955,Article,martcrossy,martcrossy,1
126041,Article,martcrossy,martcrossy,1
125982,Article,martcrossy,martcrossy,1
126097,Article,martcrossy,martcrossy,1
126008,Article,martcrossy,IanCobain,20
126024,Article,martcrossy,martcrossy,1
126094,Article,martcrossy,martcrossy,1
126068,Article,martcrossy,martcrossy,1
126027,Article,martcrossy,martcrossy,1
126143,Article,martcrossy,martcrossy,1
126089,Article,martcrossy,martcrossy,1
126005,Article,martcrossy,martcrossy,1
126055,Article,martcrossy,martcrossy,1
126159,Article,martcrossy,martcrossy,1
126285,Tweet,martcrossy,martcrossy,1
126440,Tweet,martcrossy,RosySequeiraTOI,242
126278,Tweet,martcrossy,shattenstone,62
126274,Tweet,martcrossy,ajaysuraTOI,16
126315,Tweet,martcrossy,shattenstone,67
126220,Tweet,martcrossy,martcrossy,1
126751,Tweet,martcrossy,desaisantosh,160
126786,Tweet,martcrossy,jayamenon64,25
126340,Tweet,martcrossy,LucyMangan,72
126766,Tweet,martcrossy,NesrineMalik,37
126562,Tweet,martcrossy,andrewrawnsley,300
126328,Tweet,martcrossy,winematcher,214
126474,Tweet,martcrossy,andybrassell,34
126602,Tweet,martcrossy,laurenlaverne,5
126299,Tweet,martcrossy,toi_shailendraA,3
14821,Article,NickAtNews,bylizrobbins,383
14801,Article,NickAtNews,SharonLNYT,137
14835,Article,NickAtNews,dwightgarner,227
14880,Article,NickAtNews,RaphaelMinder,95
14820,Article,NickAtNews,jennydeluxe,414
14839,Article,NickAtNews,SharonLNYT,20
14883,Article,NickAtNews,BenWeiserNYT,71
14888,Article,NickAtNews,apoorva_nyc,95
14804,Article,NickAtNews,rondakaysen,128
14800,Article,NickAtNews,lukebroadwater,13
14833,Article,NickAtNews,SherylNYT,83
14868,Article,NickAtNews,NikiKitsantonis,33
14827,Article,NickAtNews,mikeives,41
14896,Article,NickAtNews,NYTLiz,67
14806,Article,NickAtNews,BenWeiserNYT,34
14951,Tweet,NickAtNews,alanfeuer,7
14999,Tweet,NickAtNews,viasimonromero,8
14954,Tweet,NickAtNews,RoniNYTimes,44
14980,Tweet,NickAtNews,alanfeuer,19
14915,Tweet,NickAtNews,aleksk,399
14947,Tweet,NickAtNews,alanfeuer,5
14977,Tweet,NickAtNews,viasimonromero,6
14928,Tweet,NickAtNews,RosySequeiraTOI,25
14970,Tweet,NickAtNews,liamstack,197
14996,Tweet,NickAtNews,llerer,19
14961,Tweet,NickAtNews,SherylNYT,131
14923,Tweet,NickAtNews,SocialQPhilip,302
14988,Tweet,NickAtNews,SherylNYT,268
14990,Tweet,NickAtNews,AditiZero,42
14931,Tweet,NickAtNews,livia_ar,16
187728,Article,jayamenon64,juliemTOI,9
187615,Article,jayamenon64,jayamenon64,1
187742,Article,jayamenon64,juliemTOI,3
187644,Article,jayamenon64,juliemTOI,3
187650,Article,jayamenon64,jayamenon64,1
187643,Article,jayamenon64,juliemTOI,7
187668,Article,jayamenon64,juliemTOI,2
187707,Article,jayamenon64,juliemTOI,7
187645,Article,jayamenon64,juliemTOI,9
187686,Article,jayamenon64,AditiZero,4
187690,Article,jayamenon64,nauzerbTOI,144
187746,Article,jayamenon64,SagrikaKissu,84
187698,Article,jayamenon64,UttaraVarmaTOI,2
187786,Article,jayamenon64,juliemTOI,4
187738,Article,jayamenon64,GRajivTOI,2
187814,Tweet,jayamenon64,jayamenon64,1
187853,Tweet,jayamenon64,MohitaTOI,2
187833,Tweet,jayamenon64,jayamenon64,1
187806,Tweet,jayamenon64,jayamenon64,1
187860,Tweet,jayamenon64,jayamenon64,1
187828,Tweet,jayamenon64,jayamenon64,1
187854,Tweet,jayamenon64,jayamenon64,1
187848,Tweet,jayamenon64,jayamenon64,1
187877,Tweet,jayamenon64,jayamenon64,1
187832,Tweet,jayamenon64,toi_dhananjayM,56
187841,Tweet,jayamenon64,RosySequeiraTOI,10
187824,Tweet,jayamenon64,jayamenon64,1
187869,Tweet,jayamenon64,petleepeter,140
187836,Tweet,jayamenon64,jayamenon64,1
187856,Tweet,jayamenon64,jayamenon64,1
96922,Article,OwenJones84,garyyounge,46
96827,Article,OwenJones84,MarinaHyde,161
96874,Article,OwenJones84,polblonde,182
96854,Article,OwenJones84,bglendenning,71
96982,Article,OwenJones84,AndrewSparrow,157
96999,Article,OwenJones84,DeccaJourno,67
96892,Article,OwenJones84,williamnhutton,55
96878,Article,OwenJones84,williamnhutton,24
96804,Article,OwenJones84,DawnHFoster,4
96920,Article,OwenJones84,paulmasonnews,37
96820,Article,OwenJones84,dansabbagh,170
96868,Article,OwenJones84,OLIVERBALCH,104
96939,Article,OwenJones84,garyyounge,139
96971,Article,OwenJones84,DeccaJourno,10
96839,Article,OwenJones84,williamkeegan,380
97309,Tweet,OwenJones84,rachshabi,89
97156,Tweet,OwenJones84,jayamenon64,264
97375,Tweet,OwenJones84,rachshabi,163
97318,Tweet,OwenJones84,SocialQPhilip,109
97468,Tweet,OwenJones84,marywalshjourno,22
97261,Tweet,OwenJones84,jayamenon64,176
97404,Tweet,OwenJones84,VivianHo,95
97638,Tweet,OwenJones84,jbouie,38
97403,Tweet,OwenJones84,williamkeegan,2
97235,Tweet,OwenJones84,jbouie,4
97304,Tweet,OwenJones84,RosySequeiraTOI,273
97218,Tweet,OwenJones84,llerer,122
97470,Tweet,OwenJones84,afuahirsch,79
97116,Tweet,OwenJones84,sarahchurchwell,44
97377,Tweet,OwenJones84,sendvictorious,57
214079,Article,SumitraDebRoy,SumitraDebRoy,1
213977,Article,SumitraDebRoy,SumitraDebRoy,1
214186,Article,SumitraDebRoy,SumitraDebRoy,1
214182,Article,SumitraDebRoy,SumitraDebRoy,1
214112,Article,SumitraDebRoy,SumitraDebRoy,1
214161,Article,SumitraDebRoy,Rupalijee,2
214034,Article,SumitraDebRoy,SumitraDebRoy,1
214127,Article,SumitraDebRoy,Rupalijee,3
214036,Article,SumitraDebRoy,SumitraDebRoy,1
214077,Article,SumitraDebRoy,SumitraDebRoy,1
214109,Article,SumitraDebRoy,SumitraDebRoy,1
214019,Article,SumitraDebRoy,SumitraDebRoy,1
214038,Article,SumitraDebRoy,SumitraDebRoy,1
214074,Article,SumitraDebRoy,AditiZero,2
214029,Article,SumitraDebRoy,SumitraDebRoy,1
214231,Tweet,SumitraDebRoy,petleepeter,52
214286,Tweet,SumitraDebRoy,SumitraDebRoy,1
214223,Tweet,SumitraDebRoy,MohitaTOI,56
214201,Tweet,SumitraDebRoy,niyatiparikhTOI,26
214212,Tweet,SumitraDebRoy,jayamenon64,42
214237,Tweet,SumitraDebRoy,MohitaTOI,43
214202,Tweet,SumitraDebRoy,mateenHTOI,18
214234,Tweet,SumitraDebRoy,SindhukTOI,13
214206,Tweet,SumitraDebRoy,MohitaTOI,13
214275,Tweet,SumitraDebRoy,Rupalijee,7
214220,Tweet,SumitraDebRoy,vijaysinghTOI,108
214240,Tweet,SumitraDebRoy,MohitaTOI,12
214213,Tweet,SumitraDebRoy,ajaysuraTOI,171
214269,Tweet,SumitraDebRoy,vijayVsinghTOI,398
214257,Tweet,SumitraDebRoy,vijaypTOI,5
211032,Article,ShrinivasaMTOI,richapintoi,5
211098,Article,ShrinivasaMTOI,vaibhavgTOI,2
210975,Article,ShrinivasaMTOI,ShrinivasaMTOI,1
211087,Article,ShrinivasaMTOI,juliemTOI,4
211128,Article,ShrinivasaMTOI,ShrinivasaMTOI,1
210931,Article,ShrinivasaMTOI,AditiZero,11
211016,Article,ShrinivasaMTOI,SwatiShindeTOI,20
211014,Article,ShrinivasaMTOI,KTVinobhaTOI,22
210912,Article,ShrinivasaMTOI,ShrinivasaMTOI,1
211140,Article,ShrinivasaMTOI,yusrahusain,2
210922,Article,ShrinivasaMTOI,ShrinivasaMTOI,1
211086,Article,ShrinivasaMTOI,akhileshsTOI,2
211051,Article,ShrinivasaMTOI,dkarthikTOI,3
210962,Article,ShrinivasaMTOI,journo_vibha,4
211068,Article,ShrinivasaMTOI,ShrinivasaMTOI,1
211164,Tweet,ShrinivasaMTOI,ShoebKhanTOI,5
211241,Tweet,ShrinivasaMTOI,ShrinivasaMTOI,1
211228,Tweet,ShrinivasaMTOI,RosySequeiraTOI,484
211235,Tweet,ShrinivasaMTOI,ishajainTOI,2
211159,Tweet,ShrinivasaMTOI,RosySequeiraTOI,49
211185,Tweet,ShrinivasaMTOI,asrpmukeshTOI,470
211171,Tweet,ShrinivasaMTOI,priyagupta999,3
211242,Tweet,ShrinivasaMTOI,RosySequeiraTOI,406
211191,Tweet,ShrinivasaMTOI,journo_vibha,19
211161,Tweet,ShrinivasaMTOI,AraniBasuTOI,14
211216,Tweet,ShrinivasaMTOI,SribaalaVTOI,31
211199,Tweet,ShrinivasaMTOI,ManjuVTOI,81
211179,Tweet,ShrinivasaMTOI,MohitaTOI,150
211251,Tweet,ShrinivasaMTOI,msrachelcooke,282
211204,Tweet,ShrinivasaMTOI,naomi2009,134
189091,Article,KapildaveTOI,KapildaveTOI,1
188977,Article,KapildaveTOI,KapildaveTOI,1
189145,Article,KapildaveTOI,KapildaveTOI,1
189156,Article,KapildaveTOI,KapildaveTOI,1
189022,Article,KapildaveTOI,AlokKNMishra,5
189094,Article,KapildaveTOI,KapildaveTOI,1
188970,Article,KapildaveTOI,murarishetyeTOI,2
188959,Article,KapildaveTOI,KapildaveTOI,1
189114,Article,KapildaveTOI,vishwamTOI,3
189034,Article,KapildaveTOI,dipakdashTOI,2
188985,Article,KapildaveTOI,KapildaveTOI,1
189170,Article,KapildaveTOI,richapintoi,33
189053,Article,KapildaveTOI,KapildaveTOI,1
189015,Article,KapildaveTOI,KapildaveTOI,1
189027,Article,KapildaveTOI,nandinisgTOI,2
189197,Tweet,KapildaveTOI,niyatiparikhTOI,2
189174,Tweet,KapildaveTOI,mateenHTOI,10
189208,Tweet,KapildaveTOI,KapildaveTOI,1
189221,Tweet,KapildaveTOI,KapildaveTOI,1
189207,Tweet,KapildaveTOI,PrashantrTOI,2
189228,Tweet,KapildaveTOI,KapildaveTOI,1
189213,Tweet,KapildaveTOI,PrashantrTOI,3
189220,Tweet,KapildaveTOI,SwatiMathurTOI,2
189219,Tweet,KapildaveTOI,PrashantrTOI,2
189199,Tweet,KapildaveTOI,KapildaveTOI,1
189227,Tweet,KapildaveTOI,palaknandiTOI,2
189203,Tweet,KapildaveTOI,nandinisgTOI,138
189198,Tweet,KapildaveTOI,KapildaveTOI,1
189242,Tweet,KapildaveTOI,ShoebKhanTOI,93
189200,Tweet,KapildaveTOI,KapildaveTOI,1
22284,Article,joncaramanica,joncaramanica,1
22283,Article,joncaramanica,joncaramanica,1
22252,Article,joncaramanica,joncaramanica,1
22260,Article,joncaramanica,joncaramanica,1
22248,Article,joncaramanica,joncaramanica,1
22214,Article,joncaramanica,joncaramanica,1
22266,Article,joncaramanica,joncaramanica,1
22234,Article,joncaramanica,joncaramanica,1
22267,Article,joncaramanica,joncaramanica,1
22243,Article,joncaramanica,ElisabethMalkin,29
22273,Article,joncaramanica,vvfriedman,10
22282,Article,joncaramanica,jonpareles,34
22231,Article,joncaramanica,samrob12,5
22287,Article,joncaramanica,joncaramanica,1
22211,Article,joncaramanica,joncaramanica,1
22323,Tweet,joncaramanica,ajaysuraTOI,16
22333,Tweet,joncaramanica,KTVinobhaTOI,39
22384,Tweet,joncaramanica,polblonde,7
22334,Tweet,joncaramanica,RosySequeiraTOI,24
22366,Tweet,joncaramanica,RosySequeiraTOI,11
22375,Tweet,joncaramanica,joncaramanica,1
22320,Tweet,joncaramanica,salihughes,156
22372,Tweet,joncaramanica,ajaysuraTOI,25
22340,Tweet,joncaramanica,RosySequeiraTOI,10
22355,Tweet,joncaramanica,joncaramanica,1
22339,Tweet,joncaramanica,RosySequeiraTOI,4
22397,Tweet,joncaramanica,RosySequeiraTOI,12
22386,Tweet,joncaramanica,RosySequeiraTOI,23
22345,Tweet,joncaramanica,DeccaJourno,133
22363,Tweet,joncaramanica,joncaramanica,1
104571,Article,elizabday,VivianHo,39
104663,Article,elizabday,DerekMalcolm123,12
104586,Article,elizabday,hannahdev,50
104596,Article,elizabday,vvfriedman,157
104467,Article,elizabday,jonronson,2
104650,Article,elizabday,DerekMalcolm123,280
104436,Article,elizabday,PeterTatchell,58
104575,Article,elizabday,vanbadham,35
104484,Article,elizabday,ggreenwald,10
104450,Article,elizabday,msrachelcooke,30
104633,Article,elizabday,desaisantosh,46
104576,Article,elizabday,MichaelWhite,25
104661,Article,elizabday,davidhepworth,11
104600,Article,elizabday,aleksk,104
104443,Article,elizabday,bglendenning,18
104888,Tweet,elizabday,EricaLG,7
105109,Tweet,elizabday,gmorgenson,4
105268,Tweet,elizabday,AlysFowler,3
105250,Tweet,elizabday,samsifton,96
105153,Tweet,elizabday,samsifton,84
104823,Tweet,elizabday,desaisantosh,3
105182,Tweet,elizabday,yeshikabudhwar,215
104843,Tweet,elizabday,winematcher,6
104980,Tweet,elizabday,winematcher,7
104858,Tweet,elizabday,andrewrawnsley,31
104739,Tweet,elizabday,EricaLG,3
105110,Tweet,elizabday,salihughes,8
104852,Tweet,elizabday,ASoloski,59
105259,Tweet,elizabday,jhoffman,30
105260,Tweet,elizabday,jhoffman,8
142190,Article,nicklezard,nicklezard,1
142319,Article,nicklezard,nicklezard,1
142331,Article,nicklezard,nicklezard,1
142155,Article,nicklezard,nicklezard,1
142290,Article,nicklezard,nicklezard,1
142336,Article,nicklezard,vanbadham,348
142367,Article,nicklezard,WilbyPeter,15
142358,Article,nicklezard,nicklezard,1
142227,Article,nicklezard,nicklezard,1
142182,Article,nicklezard,nicklezard,1
142199,Article,nicklezard,nicklezard,1
142162,Article,nicklezard,nicklezard,1
142254,Article,nicklezard,nicklezard,1
142318,Article,nicklezard,nicklezard,1
142279,Article,nicklezard,DerekMalcolm123,2
142935,Tweet,nicklezard,nicklezard,1
142447,Tweet,nicklezard,WilbyPeter,457
142753,Tweet,nicklezard,jonronson,13
142491,Tweet,nicklezard,msrachelcooke,67
142846,Tweet,nicklezard,joshwiddicombe,453
142759,Tweet,nicklezard,nicklezard,1
142512,Tweet,nicklezard,andrew_mueller,396
142506,Tweet,nicklezard,NesrineMalik,20
142552,Tweet,nicklezard,wesley_morris,409
142520,Tweet,nicklezard,nicklezard,1
142533,Tweet,nicklezard,lucysiegle,4
142646,Tweet,nicklezard,ditzkoff,5
142758,Tweet,nicklezard,jennydeluxe,42
142839,Tweet,nicklezard,ditzkoff,22
142617,Tweet,nicklezard,RosySequeiraTOI,468
31006,Article,anemonanyc,adamliptak,56
31077,Article,anemonanyc,nytDeniseGrady,101
31086,Article,anemonanyc,rpogrebin,19
31028,Article,anemonanyc,SharonLNYT,28
31035,Article,anemonanyc,rpogrebin,19
31041,Article,anemonanyc,BenWeiserNYT,2
31011,Article,anemonanyc,sangerkatz,2
31050,Article,anemonanyc,rpogrebin,5
31031,Article,anemonanyc,BenWeiserNYT,2
31076,Article,anemonanyc,SharonLNYT,3
31059,Article,anemonanyc,PerriKlass,6
31032,Article,anemonanyc,anemonanyc,1
31066,Article,anemonanyc,rpogrebin,14
31049,Article,anemonanyc,dwightgarner,11
31014,Article,anemonanyc,anemonanyc,1
31132,Tweet,anemonanyc,rachlharris,88
31157,Tweet,anemonanyc,polblonde,23
31113,Tweet,anemonanyc,samrob12,132
31129,Tweet,anemonanyc,smervosh,225
31197,Tweet,anemonanyc,DerekMalcolm123,57
31166,Tweet,anemonanyc,viasimonromero,134
31153,Tweet,anemonanyc,RosySequeiraTOI,104
31145,Tweet,anemonanyc,livia_ar,165
31142,Tweet,anemonanyc,KeithBradsher,95
31199,Tweet,anemonanyc,adamliptak,129
31119,Tweet,anemonanyc,jotted,23
31125,Tweet,anemonanyc,timlottwriter,104
31159,Tweet,anemonanyc,rachlharris,40
31120,Tweet,anemonanyc,hugolowell,106
31156,Tweet,anemonanyc,adamliptak,68
852,Article,AnaSwanson,SharonLNYT,7
850,Article,AnaSwanson,AnaSwanson,1
831,Article,AnaSwanson,KeithBradsher,3
881,Article,AnaSwanson,AnaSwanson,1
872,Article,AnaSwanson,AnaSwanson,1
887,Article,AnaSwanson,jotted,6
854,Article,AnaSwanson,AnaSwanson,1
825,Article,AnaSwanson,AnaSwanson,1
882,Article,AnaSwanson,AnaSwanson,1
893,Article,AnaSwanson,AnaSwanson,1
899,Article,AnaSwanson,ewong,2
855,Article,AnaSwanson,AnaSwanson,1
891,Article,AnaSwanson,jeannasmialek,9
876,Article,AnaSwanson,AnaSwanson,1
894,Article,AnaSwanson,AnaSwanson,1
962,Tweet,AnaSwanson,LFFriedman,60
901,Tweet,AnaSwanson,hillhulse,139
968,Tweet,AnaSwanson,sarahditum,9
967,Tweet,AnaSwanson,AnaSwanson,1
932,Tweet,AnaSwanson,aleksk,89
915,Tweet,AnaSwanson,AnaSwanson,1
904,Tweet,AnaSwanson,jotted,5
913,Tweet,AnaSwanson,JoshuaRozenberg,463
950,Tweet,AnaSwanson,AnaSwanson,1
964,Tweet,AnaSwanson,hugolowell,2
940,Tweet,AnaSwanson,AnaSwanson,1
994,Tweet,AnaSwanson,KeithBradsher,4
958,Tweet,AnaSwanson,patrickwintour,3
963,Tweet,AnaSwanson,jimtankersley,87
995,Tweet,AnaSwanson,KeithBradsher,317
88693,Article,sarfrazmanzoor,sarfrazmanzoor,1
88630,Article,sarfrazmanzoor,jbouie,27
88720,Article,sarfrazmanzoor,sarfrazmanzoor,1
88767,Article,sarfrazmanzoor,archiebland,316
88760,Article,sarfrazmanzoor,TimdeLisle,6
88734,Article,sarfrazmanzoor,williamnhutton,95
88772,Article,sarfrazmanzoor,andrewrawnsley,65
88579,Article,sarfrazmanzoor,gabyhinsliff,96
88729,Article,sarfrazmanzoor,sunny_hundal,31
88564,Article,sarfrazmanzoor,vanbadham,36
88673,Article,sarfrazmanzoor,sunny_hundal,13
88786,Article,sarfrazmanzoor,polblonde,45
88750,Article,sarfrazmanzoor,rachshabi,16
88658,Article,sarfrazmanzoor,maevesther,75
88663,Article,sarfrazmanzoor,maevesther,24
89360,Tweet,sarfrazmanzoor,jimwaterson,33
89367,Tweet,sarfrazmanzoor,sarahchurchwell,56
89361,Tweet,sarfrazmanzoor,andrewrawnsley,12
89121,Tweet,sarfrazmanzoor,jonpareles,205
89166,Tweet,sarfrazmanzoor,ManjuVTOI,4
89118,Tweet,sarfrazmanzoor,timlottwriter,14
88933,Tweet,sarfrazmanzoor,andrewrawnsley,23
89263,Tweet,sarfrazmanzoor,LauraCummingArt,20
89220,Tweet,sarfrazmanzoor,tomfriedman,294
89076,Tweet,sarfrazmanzoor,salihughes,19
88947,Tweet,sarfrazmanzoor,andrewrawnsley,20
88962,Tweet,sarfrazmanzoor,RosySequeiraTOI,115
88839,Tweet,sarfrazmanzoor,desaisantosh,120
88911,Tweet,sarfrazmanzoor,murarishetyeTOI,354
89381,Tweet,sarfrazmanzoor,jimwaterson,10
176251,Article,AtulMathur_,ipsinghTOI,5
176168,Article,AtulMathur_,NewtonSTOI,104
176247,Article,AtulMathur_,SribaalaVTOI,10
176094,Article,AtulMathur_,journo_vibha,3
176206,Article,AtulMathur_,journo_vibha,5
176098,Article,AtulMathur_,AtulMathur_,1
176188,Article,AtulMathur_,AtulMathur_,1
176288,Article,AtulMathur_,AtulMathur_,1
176200,Article,AtulMathur_,journo_vibha,2
176271,Article,AtulMathur_,AlokKNMishra,4
176084,Article,AtulMathur_,AtulMathur_,1
176282,Article,AtulMathur_,journo_vibha,19
176253,Article,AtulMathur_,AtulMathur_,1
176187,Article,AtulMathur_,shafaquealamTOI,2
176174,Article,AtulMathur_,AtulMathur_,1
176361,Tweet,AtulMathur_,asrpmukeshTOI,12
176356,Tweet,AtulMathur_,SribaalaVTOI,4
176407,Tweet,AtulMathur_,KapildaveTOI,64
176318,Tweet,AtulMathur_,petleepeter,49
176347,Tweet,AtulMathur_,pradeeptTOI,253
176414,Tweet,AtulMathur_,advityabahlTOI,64
176410,Tweet,AtulMathur_,SribaalaVTOI,2
176402,Tweet,AtulMathur_,ajaysuraTOI,14
176383,Tweet,AtulMathur_,farnazfassihi,23
176355,Tweet,AtulMathur_,DekaJayanta,107
176339,Tweet,AtulMathur_,pradeeptTOI,31
176348,Tweet,AtulMathur_,desaisantosh,34
176353,Tweet,AtulMathur_,KapildaveTOI,38
176405,Tweet,AtulMathur_,SribaalaVTOI,2
176326,Tweet,AtulMathur_,murarishetyeTOI,155
183181,Article,dubeyavishek,shafaquealamTOI,2
183172,Article,dubeyavishek,advityabahlTOI,4
183242,Article,dubeyavishek,dubeyavishek,1
183100,Article,dubeyavishek,dubeyavishek,1
183192,Article,dubeyavishek,dubeyavishek,1
183086,Article,dubeyavishek,bishnoiarvind11,3
183073,Article,dubeyavishek,dubeyavishek,1
183045,Article,dubeyavishek,mateenHTOI,2
183253,Article,dubeyavishek,dubeyavishek,1
183058,Article,dubeyavishek,dubeyavishek,1
183248,Article,dubeyavishek,dubeyavishek,1
183093,Article,dubeyavishek,SidharthB25,2
183216,Article,dubeyavishek,dubeyavishek,1
183203,Article,dubeyavishek,dubeyavishek,1
183115,Article,dubeyavishek,KanwardeepsTOI,5
183354,Tweet,dubeyavishek,advityabahlTOI,2
183327,Tweet,dubeyavishek,dubeyavishek,1
183285,Tweet,dubeyavishek,advityabahlTOI,3
183281,Tweet,dubeyavishek,advityabahlTOI,2
183304,Tweet,dubeyavishek,murarishetyeTOI,25
183362,Tweet,dubeyavishek,advityabahlTOI,2
183334,Tweet,dubeyavishek,dubeyavishek,1
183349,Tweet,dubeyavishek,advityabahlTOI,6
183329,Tweet,dubeyavishek,advityabahlTOI,2
183322,Tweet,dubeyavishek,advityabahlTOI,2
183296,Tweet,dubeyavishek,advityabahlTOI,2
183283,Tweet,dubeyavishek,meeravohraTOI,231
183317,Tweet,dubeyavishek,dubeyavishek,1
183280,Tweet,dubeyavishek,advityabahlTOI,2
183357,Tweet,dubeyavishek,dubeyavishek,1
79672,Article,marthakelner,marthakelner,1
79839,Article,marthakelner,marthakelner,1
79712,Article,marthakelner,marthakelner,1
79717,Article,marthakelner,ukigoni,37
79833,Article,marthakelner,marthakelner,1
79787,Article,marthakelner,archiebland,70
79884,Article,marthakelner,marthakelner,1
79660,Article,marthakelner,ameliagentleman,2
79864,Article,marthakelner,marthakelner,1
79714,Article,marthakelner,ukigoni,3
79743,Article,marthakelner,marthakelner,1
79798,Article,marthakelner,marthakelner,1
79902,Article,marthakelner,marthakelner,1
79900,Article,marthakelner,seaningle,2
79708,Article,marthakelner,marthakelner,1
80202,Tweet,marthakelner,toi_dhananjayM,17
80343,Tweet,marthakelner,CeylanWrites,159
80363,Tweet,marthakelner,NeilMacFarquhar,110
80098,Tweet,marthakelner,ajaysuraTOI,102
79935,Tweet,marthakelner,joshwiddicombe,146
80089,Tweet,marthakelner,andrewrawnsley,270
79974,Tweet,marthakelner,toi_dhananjayM,127
80275,Tweet,marthakelner,andrewrawnsley,22
80410,Tweet,marthakelner,MattFutterman,87
80105,Tweet,marthakelner,LucyMangan,23
80221,Tweet,marthakelner,michaelcrowley,164
80347,Tweet,marthakelner,rachshabi,29
80040,Tweet,marthakelner,jonronson,59
80380,Tweet,marthakelner,RosySequeiraTOI,46
80401,Tweet,marthakelner,joshwiddicombe,56
4481,Article,bykaren,billmpennington,4
4437,Article,bykaren,bykaren,1
4477,Article,bykaren,tariqpanja,63
4449,Article,bykaren,billmpennington,4
4434,Article,bykaren,billmpennington,2
4471,Article,bykaren,billmpennington,2
4453,Article,bykaren,bykaren,1
4448,Article,bykaren,BenRothenberg,9
4406,Article,bykaren,billmpennington,2
4465,Article,bykaren,billmpennington,2
4485,Article,bykaren,bykaren,1
4402,Article,bykaren,bykaren,1
4411,Article,bykaren,billmpennington,6
4414,Article,bykaren,billmpennington,3
4463,Article,bykaren,christophclarey,3
4518,Tweet,bykaren,joshwiddicombe,126
4590,Tweet,bykaren,elizabday,91
4566,Tweet,bykaren,DerekMalcolm123,77
4532,Tweet,bykaren,garyyounge,63
4592,Tweet,bykaren,MattFutterman,42
4539,Tweet,bykaren,tomfriedman,126
4549,Tweet,bykaren,billmpennington,2
4509,Tweet,bykaren,jimwaterson,101
4537,Tweet,bykaren,WilbyPeter,138
4526,Tweet,bykaren,rachshabi,14
4536,Tweet,bykaren,MattFutterman,85
4577,Tweet,bykaren,declanwalsh,120
4563,Tweet,bykaren,afuahirsch,45
4530,Tweet,bykaren,ASoloski,61
4579,Tweet,bykaren,livia_ar,394
149010,Article,jonathanwatts,jonathanwatts,1
148891,Article,jonathanwatts,aleksk,98
149056,Article,jonathanwatts,ukigoni,57
149055,Article,jonathanwatts,ArthurNeslen,4
148998,Article,jonathanwatts,jimwaterson,2
148942,Article,jonathanwatts,bglendenning,26
149078,Article,jonathanwatts,jonathanwatts,1
148854,Article,jonathanwatts,jonathanwatts,1
148856,Article,jonathanwatts,williamnhutton,4
148866,Article,jonathanwatts,jonathanwatts,1
148933,Article,jonathanwatts,leninology,20
148943,Article,jonathanwatts,leninology,2
149063,Article,jonathanwatts,alanconnor,18
148843,Article,jonathanwatts,aleksk,63
149028,Article,jonathanwatts,JohnJCrace,294
149642,Tweet,jonathanwatts,andrewrawnsley,14
149666,Tweet,jonathanwatts,andrewrawnsley,20
149156,Tweet,jonathanwatts,jonathanwatts,1
149581,Tweet,jonathanwatts,tomfriedman,156
149408,Tweet,jonathanwatts,andrewrawnsley,2
149144,Tweet,jonathanwatts,andrewrawnsley,25
149619,Tweet,jonathanwatts,ewenmacaskill,46
149228,Tweet,jonathanwatts,desaisantosh,25
149501,Tweet,jonathanwatts,andrewrawnsley,16
149284,Tweet,jonathanwatts,tomfriedman,82
149295,Tweet,jonathanwatts,nauzerbTOI,76
149398,Tweet,jonathanwatts,naomi2009,6
149535,Tweet,jonathanwatts,timatkin,29
149464,Tweet,jonathanwatts,lindasgrant,74
149141,Tweet,jonathanwatts,margaretrenkl,55
192039,Article,manujaveerappa,akhileshsTOI,134
192055,Article,manujaveerappa,adwaidh,16
192149,Article,manujaveerappa,toi_ManujaV,4
192137,Article,manujaveerappa,Pratiks_TOI,5
191937,Article,manujaveerappa,adwaidh,31
192085,Article,manujaveerappa,Pratiks_TOI,8
192010,Article,manujaveerappa,Shrivathsan1437,4
191929,Article,manujaveerappa,toi_ManujaV,6
192109,Article,manujaveerappa,AraniBasuTOI,9
192153,Article,manujaveerappa,toi_ManujaV,7
192049,Article,manujaveerappa,vivek9301,9
192102,Article,manujaveerappa,Pratiks_TOI,8
191969,Article,manujaveerappa,Pratiks_TOI,12
192143,Article,manujaveerappa,toi_ManujaV,2
191979,Article,manujaveerappa,toi_ManujaV,3
192197,Tweet,manujaveerappa,kumaraswamykTOI,37
192193,Tweet,manujaveerappa,kumaraswamykTOI,90
192240,Tweet,manujaveerappa,msrachelcooke,135
192253,Tweet,manujaveerappa,AraniBasuTOI,112
192216,Tweet,manujaveerappa,desaisantosh,144
192182,Tweet,manujaveerappa,Pratiks_TOI,16
192187,Tweet,manujaveerappa,AniltheMatrix,2
192231,Tweet,manujaveerappa,AniltheMatrix,31
192229,Tweet,manujaveerappa,Pratiks_TOI,7
192194,Tweet,manujaveerappa,nicklezard,31
192196,Tweet,manujaveerappa,kumaraswamykTOI,91
192233,Tweet,manujaveerappa,vivek9301,14
192245,Tweet,manujaveerappa,seaningle,193
192261,Tweet,manujaveerappa,saumyajitbTOI,124
192168,Tweet,manujaveerappa,jayamenon64,157
87887,Article,allegramcevedy,allegramcevedy,1
87880,Article,allegramcevedy,allegramcevedy,1
87864,Article,allegramcevedy,allegramcevedy,1
87865,Article,allegramcevedy,sarfrazmanzoor,157
87768,Article,allegramcevedy,FelicityCloake,3
87956,Article,allegramcevedy,allegramcevedy,1
87920,Article,allegramcevedy,allegramcevedy,1
87794,Article,allegramcevedy,sarfrazmanzoor,157
87927,Article,allegramcevedy,FelicityCloake,3
87781,Article,allegramcevedy,allegramcevedy,1
87832,Article,allegramcevedy,FelicityCloake,2
87799,Article,allegramcevedy,sarfrazmanzoor,157
87925,Article,allegramcevedy,allegramcevedy,1
87889,Article,allegramcevedy,allegramcevedy,1
87886,Article,allegramcevedy,allegramcevedy,1
88219,Tweet,allegramcevedy,RosySequeiraTOI,141
88035,Tweet,allegramcevedy,lucywardsings,22
88162,Tweet,allegramcevedy,farnazfassihi,184
88247,Tweet,allegramcevedy,samsifton,2
88006,Tweet,allegramcevedy,andrewrawnsley,4
88511,Tweet,allegramcevedy,polblonde,153
88371,Tweet,allegramcevedy,elizabday,138
88230,Tweet,allegramcevedy,rachshabi,128
87975,Tweet,allegramcevedy,andrewrawnsley,5
88562,Tweet,allegramcevedy,AlysFowler,26
88384,Tweet,allegramcevedy,rachshabi,139
88506,Tweet,allegramcevedy,lucywardsings,58
88263,Tweet,allegramcevedy,joshwiddicombe,6
88101,Tweet,allegramcevedy,joshwiddicombe,9
88023,Tweet,allegramcevedy,EricaLG,64
63882,Article,mariellaf1,mariellaf1,1
63901,Article,mariellaf1,andybrassell,32
63948,Article,mariellaf1,mariellaf1,1
63836,Article,mariellaf1,LauraCummingArt,56
63900,Article,mariellaf1,mariellaf1,1
64010,Article,mariellaf1,mariellaf1,1
63955,Article,mariellaf1,mariellaf1,1
63934,Article,mariellaf1,NilsPratley,487
64067,Article,mariellaf1,mariellaf1,1
64071,Article,mariellaf1,mariellaf1,1
63896,Article,mariellaf1,msrachelcooke,63
63940,Article,mariellaf1,davidhepworth,427
64018,Article,mariellaf1,mariellaf1,1
63935,Article,mariellaf1,mariellaf1,1
63972,Article,mariellaf1,mariellaf1,1
64561,Tweet,mariellaf1,nytdavidbrooks,97
64276,Tweet,mariellaf1,RosySequeiraTOI,20
64563,Tweet,mariellaf1,andrewrawnsley,2
64468,Tweet,mariellaf1,laurenlaverne,3
64587,Tweet,mariellaf1,AnushkaAsthana,11
64273,Tweet,mariellaf1,rachshabi,337
64200,Tweet,mariellaf1,andrewrawnsley,28
64114,Tweet,mariellaf1,JoshuaRozenberg,17
64263,Tweet,mariellaf1,mariellaf1,1
64419,Tweet,mariellaf1,mariellaf1,1
64141,Tweet,mariellaf1,KSchulten,2
64458,Tweet,mariellaf1,AlysFowler,240
64630,Tweet,mariellaf1,mariellaf1,1
64467,Tweet,mariellaf1,durgeshjhaTOI,84
64411,Tweet,mariellaf1,murarishetyeTOI,227
34241,Article,gmorgenson,jameskanter,19
34247,Article,gmorgenson,gmorgenson,1
34218,Article,gmorgenson,gmorgenson,1
34294,Article,gmorgenson,tarasbernard,15
34254,Article,gmorgenson,gmorgenson,1
34259,Article,gmorgenson,gmorgenson,1
34203,Article,gmorgenson,FlitterOnFraud,5
34213,Article,gmorgenson,NilsPratley,3
34223,Article,gmorgenson,FlitterOnFraud,4
34261,Article,gmorgenson,marywalshjourno,4
34293,Article,gmorgenson,gmorgenson,1
34255,Article,gmorgenson,marywalshjourno,11
34217,Article,gmorgenson,nytdavidbrooks,2
34202,Article,gmorgenson,SherylNYT,29
34233,Article,gmorgenson,gmorgenson,1
34388,Tweet,gmorgenson,ElisabethMalkin,67
34386,Tweet,gmorgenson,andrewrawnsley,9
34392,Tweet,gmorgenson,ElisabethMalkin,17
34311,Tweet,gmorgenson,gmorgenson,1
34340,Tweet,gmorgenson,GiniaNYT,6
34393,Tweet,gmorgenson,GiniaNYT,3
34333,Tweet,gmorgenson,RosySequeiraTOI,26
34312,Tweet,gmorgenson,andrewrawnsley,68
34391,Tweet,gmorgenson,andrewrawnsley,15
34303,Tweet,gmorgenson,ElisabethMalkin,55
34318,Tweet,gmorgenson,andrewrawnsley,3
34308,Tweet,gmorgenson,tomfriedman,41
34346,Tweet,gmorgenson,timatkin,21
34316,Tweet,gmorgenson,RosySequeiraTOI,6
34365,Tweet,gmorgenson,RosySequeiraTOI,8
202787,Article,PrashantrTOI,PrashantrTOI,1
202716,Article,PrashantrTOI,PrashantrTOI,1
202869,Article,PrashantrTOI,rhymetraveller,35
202635,Article,PrashantrTOI,PrashantrTOI,1
202818,Article,PrashantrTOI,PrashantrTOI,1
202813,Article,PrashantrTOI,KanwardeepsTOI,19
202860,Article,PrashantrTOI,richapintoi,101
202838,Article,PrashantrTOI,PrashantrTOI,1
202819,Article,PrashantrTOI,KapildaveTOI,13
202746,Article,PrashantrTOI,PrashantrTOI,1
202684,Article,PrashantrTOI,PrashantrTOI,1
202832,Article,PrashantrTOI,PrashantrTOI,1
202648,Article,PrashantrTOI,PrashantrTOI,1
202725,Article,PrashantrTOI,PrashantrTOI,1
202788,Article,PrashantrTOI,parthshastriTOI,3
202919,Tweet,PrashantrTOI,PrashantrTOI,1
202875,Tweet,PrashantrTOI,PrashantrTOI,1
202871,Tweet,PrashantrTOI,PrashantrTOI,1
202899,Tweet,PrashantrTOI,PrashantrTOI,1
202918,Tweet,PrashantrTOI,PrashantrTOI,1
202898,Tweet,PrashantrTOI,PrashantrTOI,1
202939,Tweet,PrashantrTOI,SindhukTOI,3
202956,Tweet,PrashantrTOI,PrashantrTOI,1
202892,Tweet,PrashantrTOI,MohitaTOI,26
202963,Tweet,PrashantrTOI,PrashantrTOI,1
202961,Tweet,PrashantrTOI,PrashantrTOI,1
202933,Tweet,PrashantrTOI,PrashantrTOI,1
202949,Tweet,PrashantrTOI,PrashantrTOI,1
202902,Tweet,PrashantrTOI,KapildaveTOI,2
202889,Tweet,PrashantrTOI,MohitaTOI,100
220854,Article,vijayVsinghTOI,dklavaniaTOI,84
220939,Article,vijayVsinghTOI,vijaysinghTOI,66
220852,Article,vijayVsinghTOI,PNaveenTOI,2
220860,Article,vijayVsinghTOI,vijayVsinghTOI,1
220956,Article,vijayVsinghTOI,hugolowell,2
220920,Article,vijayVsinghTOI,vijayVsinghTOI,1
220837,Article,vijayVsinghTOI,vijayVsinghTOI,1
220934,Article,vijayVsinghTOI,vijayVsinghTOI,1
220915,Article,vijayVsinghTOI,vijayVsinghTOI,1
220861,Article,vijayVsinghTOI,vijayVsinghTOI,1
220962,Article,vijayVsinghTOI,parthasinha,5
220906,Article,vijayVsinghTOI,vijayVsinghTOI,1
220947,Article,vijayVsinghTOI,vijayVsinghTOI,1
220831,Article,vijayVsinghTOI,vijayVsinghTOI,1
220824,Article,vijayVsinghTOI,nauzerbTOI,10
221042,Tweet,vijayVsinghTOI,pradeeptTOI,16
221014,Tweet,vijayVsinghTOI,murarishetyeTOI,33
221036,Tweet,vijayVsinghTOI,amitanandTOI,35
221025,Tweet,vijayVsinghTOI,vijayVsinghTOI,1
221060,Tweet,vijayVsinghTOI,pradeeptTOI,5
221072,Tweet,vijayVsinghTOI,ShoebKhanTOI,22
221047,Tweet,vijayVsinghTOI,SindhukTOI,3
221057,Tweet,vijayVsinghTOI,vijayVsinghTOI,1
221090,Tweet,vijayVsinghTOI,desaisantosh,27
221035,Tweet,vijayVsinghTOI,pradeeptTOI,15
221086,Tweet,vijayVsinghTOI,RosySequeiraTOI,5
221052,Tweet,vijayVsinghTOI,divyadubey_,45
221043,Tweet,vijayVsinghTOI,SindhukTOI,2
221092,Tweet,vijayVsinghTOI,minatisinghaTOI,12
221011,Tweet,vijayVsinghTOI,amitanandTOI,36
59641,Article,emmabrockes,JessicaValenti,167
59704,Article,emmabrockes,JohnJCrace,53
59804,Article,emmabrockes,emmabrockes,1
59680,Article,emmabrockes,emmabrockes,1
59760,Article,emmabrockes,emmabrockes,1
59590,Article,emmabrockes,MichaelWhite,70
59782,Article,emmabrockes,hadleyfreeman,16
59818,Article,emmabrockes,emmabrockes,1
59652,Article,emmabrockes,emmabrockes,1
59631,Article,emmabrockes,emmabrockes,1
59606,Article,emmabrockes,archiebland,318
59661,Article,emmabrockes,emmabrockes,1
59683,Article,emmabrockes,emmabrockes,1
59819,Article,emmabrockes,thrasherxy,42
59755,Article,emmabrockes,SribaalaVTOI,168
60274,Tweet,emmabrockes,VivianHo,57
59948,Tweet,emmabrockes,elizabday,2
60283,Tweet,emmabrockes,rachshabi,21
60153,Tweet,emmabrockes,nicklezard,9
59969,Tweet,emmabrockes,jimwaterson,89
60142,Tweet,emmabrockes,WilbyPeter,34
60102,Tweet,emmabrockes,rachshabi,11
60048,Tweet,emmabrockes,parul_sehgal,5
60403,Tweet,emmabrockes,timatkin,24
59891,Tweet,emmabrockes,desaisantosh,24
59879,Tweet,emmabrockes,oliverburkeman,26
60315,Tweet,emmabrockes,nicklezard,75
60140,Tweet,emmabrockes,ditzkoff,51
59870,Tweet,emmabrockes,desaisantosh,30
59930,Tweet,emmabrockes,WilbyPeter,104
93520,Article,OfficeGSBrown,JohnJCrace,25
93511,Article,OfficeGSBrown,leninology,27
93505,Article,OfficeGSBrown,desaisantosh,18
93545,Article,OfficeGSBrown,dansabbagh,30
93558,Article,OfficeGSBrown,bglendenning,56
93523,Article,OfficeGSBrown,carolecadwalla,8
93622,Article,OfficeGSBrown,OfficeGSBrown,1
93540,Article,OfficeGSBrown,chiggi,85
93598,Article,OfficeGSBrown,gabyhinsliff,3
93507,Article,OfficeGSBrown,leninology,6
93534,Article,OfficeGSBrown,andrewrawnsley,78
93568,Article,OfficeGSBrown,richardwolffedc,14
93611,Article,OfficeGSBrown,jillfilipovic,2
93532,Article,OfficeGSBrown,TristramHuntVA,5
93518,Article,OfficeGSBrown,AndrewSparrow,15
94132,Tweet,OfficeGSBrown,tomfriedman,42
94239,Tweet,OfficeGSBrown,andrewrawnsley,20
93987,Tweet,OfficeGSBrown,jayamenon64,49
93814,Tweet,OfficeGSBrown,murarishetyeTOI,20
94020,Tweet,OfficeGSBrown,SharonLNYT,8
94156,Tweet,OfficeGSBrown,tomfriedman,58
94095,Tweet,OfficeGSBrown,divyadubey_,51
94031,Tweet,OfficeGSBrown,tarasbernard,14
93935,Tweet,OfficeGSBrown,andrewrawnsley,109
93838,Tweet,OfficeGSBrown,OfficeGSBrown,1
94180,Tweet,OfficeGSBrown,polblonde,81
94003,Tweet,OfficeGSBrown,farnazfassihi,5
93670,Tweet,OfficeGSBrown,RosySequeiraTOI,13
94153,Tweet,OfficeGSBrown,RosySequeiraTOI,26
94000,Tweet,OfficeGSBrown,tariqpanja,276
182009,Article,dkarthikTOI,dkarthikTOI,1
182219,Article,dkarthikTOI,dkarthikTOI,1
181972,Article,dkarthikTOI,dkarthikTOI,1
182060,Article,dkarthikTOI,SindhukTOI,12
182197,Article,dkarthikTOI,dkarthikTOI,1
182116,Article,dkarthikTOI,dkarthikTOI,1
182128,Article,dkarthikTOI,dkarthikTOI,1
182070,Article,dkarthikTOI,dkarthikTOI,1
182147,Article,dkarthikTOI,dkarthikTOI,1
181990,Article,dkarthikTOI,dkarthikTOI,1
182044,Article,dkarthikTOI,dkarthikTOI,1
182067,Article,dkarthikTOI,dkarthikTOI,1
182166,Article,dkarthikTOI,dkarthikTOI,1
181984,Article,dkarthikTOI,dkarthikTOI,1
182137,Article,dkarthikTOI,dkarthikTOI,1
182247,Tweet,dkarthikTOI,dkarthikTOI,1
182308,Tweet,dkarthikTOI,dkarthikTOI,1
182275,Tweet,dkarthikTOI,dkarthikTOI,1
182302,Tweet,dkarthikTOI,dkarthikTOI,1
182229,Tweet,dkarthikTOI,dkarthikTOI,1
182237,Tweet,dkarthikTOI,dkarthikTOI,1
182318,Tweet,dkarthikTOI,dkarthikTOI,1
182292,Tweet,dkarthikTOI,dkarthikTOI,1
182312,Tweet,dkarthikTOI,dkarthikTOI,1
182256,Tweet,dkarthikTOI,dkarthikTOI,1
182274,Tweet,dkarthikTOI,dkarthikTOI,1
182265,Tweet,dkarthikTOI,dkarthikTOI,1
182227,Tweet,dkarthikTOI,bishnoiarvind11,3
182267,Tweet,dkarthikTOI,pete_wells,33
182226,Tweet,dkarthikTOI,dkarthikTOI,1
32679,Article,CeylanWrites,NikiKitsantonis,5
32662,Article,CeylanWrites,CeylanWrites,1
32648,Article,CeylanWrites,CeylanWrites,1
32622,Article,CeylanWrites,toi_dhananjayM,10
32644,Article,CeylanWrites,gettinviggy,2
32606,Article,CeylanWrites,NikiKitsantonis,2
32641,Article,CeylanWrites,CeylanWrites,1
32647,Article,CeylanWrites,billmpennington,82
32650,Article,CeylanWrites,NYTBen,12
32681,Article,CeylanWrites,CeylanWrites,1
32667,Article,CeylanWrites,CeylanWrites,1
32626,Article,CeylanWrites,meddynyt,7
32689,Article,CeylanWrites,toi_shailendraA,22
32677,Article,CeylanWrites,CeylanWrites,1
32657,Article,CeylanWrites,stevenerlanger,19
32710,Tweet,CeylanWrites,RosySequeiraTOI,62
32720,Tweet,CeylanWrites,CeylanWrites,1
32767,Tweet,CeylanWrites,vwang3,2
32733,Tweet,CeylanWrites,MKSinghGkp,14
32799,Tweet,CeylanWrites,RosySequeiraTOI,38
32735,Tweet,CeylanWrites,vwang3,5
32746,Tweet,CeylanWrites,jmart,175
32745,Tweet,CeylanWrites,MattFutterman,55
32738,Tweet,CeylanWrites,polblonde,6
32762,Tweet,CeylanWrites,polblonde,60
32752,Tweet,CeylanWrites,KeithBradsher,38
32742,Tweet,CeylanWrites,apoorva_nyc,4
32711,Tweet,CeylanWrites,samsifton,18
32779,Tweet,CeylanWrites,CeylanWrites,1
32768,Tweet,CeylanWrites,viasimonromero,110
101267,Article,thrasherxy,TimdeLisle,34
101066,Article,thrasherxy,JohnJCrace,40
101097,Article,thrasherxy,williamnhutton,109
101147,Article,thrasherxy,jameskanter,98
101084,Article,thrasherxy,patrickwintour,23
101043,Article,thrasherxy,timlottwriter,158
101238,Article,thrasherxy,ollywainwright,2
101051,Article,thrasherxy,emmabrockes,37
101225,Article,thrasherxy,nmcintosh,76
101056,Article,thrasherxy,thrasherxy,1
101042,Article,thrasherxy,timlottwriter,140
101149,Article,thrasherxy,chiggi,63
101054,Article,thrasherxy,thrasherxy,1
101234,Article,thrasherxy,desaisantosh,58
101090,Article,thrasherxy,thrasherxy,1
101734,Tweet,thrasherxy,KSchulten,161
101830,Tweet,thrasherxy,sarahchurchwell,11
101673,Tweet,thrasherxy,ASoloski,241
101793,Tweet,thrasherxy,jonpareles,76
101515,Tweet,thrasherxy,nytdavidbrooks,97
101871,Tweet,thrasherxy,RosySequeiraTOI,109
101442,Tweet,thrasherxy,jonpareles,195
101337,Tweet,thrasherxy,leninology,177
101703,Tweet,thrasherxy,jbouie,61
101718,Tweet,thrasherxy,joshwiddicombe,125
101668,Tweet,thrasherxy,ASoloski,230
101854,Tweet,thrasherxy,andrewrawnsley,169
101801,Tweet,thrasherxy,marcatracy,133
101577,Tweet,thrasherxy,juliemTOI,159
101587,Tweet,thrasherxy,debaratisen,7
149769,Article,WilbyPeter,nnougayrede,19
149893,Article,WilbyPeter,nicholaswatt,41
149750,Article,WilbyPeter,TimdeLisle,83
149819,Article,WilbyPeter,TimdeLisle,38
149783,Article,WilbyPeter,NilsPratley,4
149811,Article,WilbyPeter,emilybell,5
149907,Article,WilbyPeter,FranklinBlog,94
149828,Article,WilbyPeter,MichaelWhite,28
149924,Article,WilbyPeter,ukigoni,118
149747,Article,WilbyPeter,bglendenning,145
149842,Article,WilbyPeter,garyyounge,55
149844,Article,WilbyPeter,TimdeLisle,35
149753,Article,WilbyPeter,steve_hewlett,5
149745,Article,WilbyPeter,OfficeGSBrown,65
149866,Article,WilbyPeter,davidleighx,9
150030,Tweet,WilbyPeter,WilbyPeter,1
150032,Tweet,WilbyPeter,WilbyPeter,1
150112,Tweet,WilbyPeter,WilbyPeter,1
150383,Tweet,WilbyPeter,aleksk,4
150024,Tweet,WilbyPeter,WilbyPeter,1
150351,Tweet,WilbyPeter,WilbyPeter,1
150330,Tweet,WilbyPeter,WilbyPeter,1
150089,Tweet,WilbyPeter,WilbyPeter,1
150026,Tweet,WilbyPeter,ewenmacaskill,43
150160,Tweet,WilbyPeter,DeccaJourno,3
150016,Tweet,WilbyPeter,WilbyPeter,1
150227,Tweet,WilbyPeter,WilbyPeter,1
150421,Tweet,WilbyPeter,WilbyPeter,1
149968,Tweet,WilbyPeter,WilbyPeter,1
150116,Tweet,WilbyPeter,WilbyPeter,1
73152,Article,lucysiegle,TimdeLisle,164
73359,Article,lucysiegle,msrachelcooke,160
73377,Article,lucysiegle,emilybell,4
73257,Article,lucysiegle,lucysiegle,1
73318,Article,lucysiegle,lucysiegle,1
73328,Article,lucysiegle,salihughes,4
73250,Article,lucysiegle,lucysiegle,1
73170,Article,lucysiegle,emmabrockes,4
73333,Article,lucysiegle,NilsPratley,2
73358,Article,lucysiegle,lucysiegle,1
73342,Article,lucysiegle,nicholaswatt,18
73254,Article,lucysiegle,lucysiegle,1
73204,Article,lucysiegle,DanielKingChess,5
73355,Article,lucysiegle,lucysiegle,1
73211,Article,lucysiegle,jimwaterson,20
73627,Tweet,lucysiegle,williamnhutton,32
73634,Tweet,lucysiegle,jonronson,76
73943,Tweet,lucysiegle,timatkin,90
73733,Tweet,lucysiegle,ArthurNeslen,96
73791,Tweet,lucysiegle,lucysiegle,1
73973,Tweet,lucysiegle,RosySequeiraTOI,90
73511,Tweet,lucysiegle,DerekMalcolm123,21
73647,Tweet,lucysiegle,RosySequeiraTOI,60
73970,Tweet,lucysiegle,RosySequeiraTOI,153
73498,Tweet,lucysiegle,samsifton,34
73687,Tweet,lucysiegle,GeorgeMonbiot,3
73757,Tweet,lucysiegle,afuahirsch,120
73597,Tweet,lucysiegle,polblonde,86
73948,Tweet,lucysiegle,elizabday,76
73771,Tweet,lucysiegle,jimwaterson,6
117651,Article,rachshabi,sunny_hundal,13
117762,Article,rachshabi,jillfilipovic,162
117649,Article,rachshabi,kenanmalik,5
117686,Article,rachshabi,FranklinBlog,129
117777,Article,rachshabi,FranklinBlog,143
117606,Article,rachshabi,bglendenning,134
117666,Article,rachshabi,bindelj,115
117697,Article,rachshabi,LucyMangan,110
117770,Article,rachshabi,DanielKingChess,100
117592,Article,rachshabi,gracedent,40
117757,Article,rachshabi,davidleighx,28
117781,Article,rachshabi,williamnhutton,149
117577,Article,rachshabi,andrewrawnsley,106
117572,Article,rachshabi,bglendenning,129
117703,Article,rachshabi,NilsPratley,7
118006,Tweet,rachshabi,Bencjacobs,68
117865,Tweet,rachshabi,KSchulten,329
118255,Tweet,rachshabi,nicholaswatt,56
118141,Tweet,rachshabi,EricaLG,51
118185,Tweet,rachshabi,kannoyoungs,9
117806,Tweet,rachshabi,laurenlaverne,119
118043,Tweet,rachshabi,gmorgenson,3
117883,Tweet,rachshabi,RaphaelMinder,269
118129,Tweet,rachshabi,nicklezard,45
118373,Tweet,rachshabi,rachshabi,1
117916,Tweet,rachshabi,rachshabi,1
118354,Tweet,rachshabi,jbouie,71
118132,Tweet,rachshabi,williamkeegan,44
118110,Tweet,rachshabi,tomfriedman,252
118161,Tweet,rachshabi,NesrineMalik,32
4030,Article,bydanielvictor,adamliptak,18
4023,Article,bydanielvictor,bylizrobbins,44
4029,Article,bydanielvictor,NYTLiz,153
4076,Article,bydanielvictor,kylebuchanan,6
4099,Article,bydanielvictor,NikiKitsantonis,13
4035,Article,bydanielvictor,npfandos,33
4073,Article,bydanielvictor,mikeives,25
4085,Article,bydanielvictor,NYTimesCohen,50
4024,Article,bydanielvictor,nytdavidbrooks,55
4081,Article,bydanielvictor,jameskanter,91
4048,Article,bydanielvictor,BenWeiserNYT,21
4063,Article,bydanielvictor,reidepstein,29
4044,Article,bydanielvictor,julianbarnes,14
4003,Article,bydanielvictor,cdcaron,11
4007,Article,bydanielvictor,anniekarni,49
4157,Tweet,bydanielvictor,oliverburkeman,6
4153,Tweet,bydanielvictor,vwang3,100
4121,Tweet,bydanielvictor,ASoloski,189
4100,Tweet,bydanielvictor,yeshikabudhwar,256
4105,Tweet,bydanielvictor,rachlharris,259
4151,Tweet,bydanielvictor,vwang3,211
4197,Tweet,bydanielvictor,nicklezard,67
4108,Tweet,bydanielvictor,yeshikabudhwar,270
4181,Tweet,bydanielvictor,joshwiddicombe,197
4196,Tweet,bydanielvictor,ditzkoff,87
4117,Tweet,bydanielvictor,GiniaNYT,186
4147,Tweet,bydanielvictor,vijaysinghTOI,392
4136,Tweet,bydanielvictor,yeshikabudhwar,238
4161,Tweet,bydanielvictor,vwang3,58
4172,Tweet,bydanielvictor,nicklezard,12
89414,Article,declanwalsh,MarinaHyde,107
89552,Article,declanwalsh,declanwalsh,1
89612,Article,declanwalsh,declanwalsh,1
89434,Article,declanwalsh,afuahirsch,148
89592,Article,declanwalsh,IanCobain,19
89662,Article,declanwalsh,declanwalsh,1
6042,Article,declanwalsh,ericschmittnyt,3
89464,Article,declanwalsh,declanwalsh,1
89594,Article,declanwalsh,declanwalsh,1
89517,Article,declanwalsh,declanwalsh,1
89574,Article,declanwalsh,declanwalsh,1
89499,Article,declanwalsh,declanwalsh,1
89580,Article,declanwalsh,jbouie,4
89508,Article,declanwalsh,declanwalsh,1
6072,Article,declanwalsh,alexmarshall81,136
89673,Tweet,declanwalsh,EmmaBubola,40
89865,Tweet,declanwalsh,NesrineMalik,106
6148,Tweet,declanwalsh,WilbyPeter,42
89879,Tweet,declanwalsh,MohitaTOI,150
6143,Tweet,declanwalsh,vwang3,40
90206,Tweet,declanwalsh,meeravohraTOI,59
89790,Tweet,declanwalsh,nauzerbTOI,118
90104,Tweet,declanwalsh,kumaraswamykTOI,66
90237,Tweet,declanwalsh,declanwalsh,1
89926,Tweet,declanwalsh,RosySequeiraTOI,135
90047,Tweet,declanwalsh,davidleighx,13
89710,Tweet,declanwalsh,desaisantosh,72
89749,Tweet,declanwalsh,tushhaikhush,252
89968,Tweet,declanwalsh,ajaysuraTOI,42
6136,Tweet,declanwalsh,RosySequeiraTOI,31
45537,Article,lukeharding1968,TimdeLisle,36
45524,Article,lukeharding1968,paulmasonnews,9
45647,Article,lukeharding1968,stevenpoole,184
45505,Article,lukeharding1968,OLIVERBALCH,34
45627,Article,lukeharding1968,philipoltermann,22
45535,Article,lukeharding1968,lukeharding1968,1
45583,Article,lukeharding1968,garyyounge,25
45622,Article,lukeharding1968,JohnJCrace,50
45690,Article,lukeharding1968,vanbadham,17
45639,Article,lukeharding1968,lukeharding1968,1
45559,Article,lukeharding1968,bglendenning,35
45484,Article,lukeharding1968,MiriamElder,455
45473,Article,lukeharding1968,MichaelWhite,19
45653,Article,lukeharding1968,williamnhutton,42
45630,Article,lukeharding1968,lukeharding1968,1
45997,Tweet,lukeharding1968,gmorgenson,408
46027,Tweet,lukeharding1968,michaelcrowley,2
46026,Tweet,lukeharding1968,michaelcrowley,3
45935,Tweet,lukeharding1968,lukeharding1968,1
45752,Tweet,lukeharding1968,dansabbagh,43
46260,Tweet,lukeharding1968,lukeharding1968,1
45871,Tweet,lukeharding1968,andrewrawnsley,96
46207,Tweet,lukeharding1968,lukeharding1968,1
46242,Tweet,lukeharding1968,lukeharding1968,1
46002,Tweet,lukeharding1968,gmorgenson,368
46036,Tweet,lukeharding1968,hugolowell,18
46177,Tweet,lukeharding1968,michaelcrowley,2
45990,Tweet,lukeharding1968,michaelcrowley,3
46111,Tweet,lukeharding1968,msrachelcooke,158
46255,Tweet,lukeharding1968,michaelcrowley,3
143044,Article,msmirandasawyer,polblonde,30
143196,Article,msmirandasawyer,TimdeLisle,9
143165,Article,msmirandasawyer,paulmasonnews,9
143079,Article,msmirandasawyer,archiebland,25
143049,Article,msmirandasawyer,msmirandasawyer,1
143012,Article,msmirandasawyer,ollywainwright,26
143065,Article,msmirandasawyer,davidhepworth,2
143069,Article,msmirandasawyer,williamnhutton,213
143068,Article,msmirandasawyer,emmabrockes,13
143107,Article,msmirandasawyer,JohnJCrace,4
143016,Article,msmirandasawyer,elizabday,12
143194,Article,msmirandasawyer,hadleyfreeman,39
143183,Article,msmirandasawyer,DerekMalcolm123,6
143249,Article,msmirandasawyer,msmirandasawyer,1
143051,Article,msmirandasawyer,LauraCummingArt,17
143632,Tweet,msmirandasawyer,nandinisgTOI,147
143396,Tweet,msmirandasawyer,laurenlaverne,7
143788,Tweet,msmirandasawyer,MiriamElder,99
143770,Tweet,msmirandasawyer,salihughes,66
143821,Tweet,msmirandasawyer,salihughes,143
143473,Tweet,msmirandasawyer,LucyMangan,16
143665,Tweet,msmirandasawyer,msrachelcooke,62
143740,Tweet,msmirandasawyer,desaisantosh,112
143590,Tweet,msmirandasawyer,RowanMoore,26
143609,Tweet,msmirandasawyer,jonronson,90
143394,Tweet,msmirandasawyer,laurenlaverne,26
143542,Tweet,msmirandasawyer,laurenlaverne,37
143573,Tweet,msmirandasawyer,LucyMangan,17
143648,Tweet,msmirandasawyer,AlysFowler,2
143568,Tweet,msmirandasawyer,LucyMangan,23
203809,Article,priyangiTOI,priyangiTOI,1
203801,Article,priyangiTOI,priyangiTOI,1
203851,Article,priyangiTOI,journo_vibha,5
203771,Article,priyangiTOI,kush_junglee,2
203719,Article,priyangiTOI,AtulMathur_,10
203704,Article,priyangiTOI,IpsitaTOI,3
203914,Article,priyangiTOI,IpsitaTOI,2
203883,Article,priyangiTOI,marywalshjourno,62
203844,Article,priyangiTOI,shafaquealamTOI,10
203798,Article,priyangiTOI,durgeshjhaTOI,8
203882,Article,priyangiTOI,kush_junglee,13
203716,Article,priyangiTOI,priyangiTOI,1
203867,Article,priyangiTOI,IpsitaTOI,3
203773,Article,priyangiTOI,priyangiTOI,1
203820,Article,priyangiTOI,IpsitaTOI,4
203934,Tweet,priyangiTOI,priyangiTOI,1
203974,Tweet,priyangiTOI,priyangiTOI,1
203953,Tweet,priyangiTOI,priyangiTOI,1
203967,Tweet,priyangiTOI,priyangiTOI,1
203956,Tweet,priyangiTOI,priyangiTOI,1
204003,Tweet,priyangiTOI,priyangiTOI,1
203970,Tweet,priyangiTOI,priyangiTOI,1
204010,Tweet,priyangiTOI,priyangiTOI,1
204008,Tweet,priyangiTOI,bishnoiarvind11,2
203962,Tweet,priyangiTOI,priyangiTOI,1
203978,Tweet,priyangiTOI,vijaysinghTOI,21
204002,Tweet,priyangiTOI,priyangiTOI,1
203941,Tweet,priyangiTOI,kush_junglee,2
203943,Tweet,priyangiTOI,priyangiTOI,1
203938,Tweet,priyangiTOI,kush_junglee,2
179808,Article,Crime_Selvaraj,KanwardeepsTOI,19
179800,Article,Crime_Selvaraj,yazhiniyanTOI,3
179691,Article,Crime_Selvaraj,mateenHTOI,5
179578,Article,Crime_Selvaraj,SindhukTOI,6
179639,Article,Crime_Selvaraj,SindhukTOI,8
179616,Article,Crime_Selvaraj,mateenHTOI,4
179611,Article,Crime_Selvaraj,dkarthikTOI,5
179674,Article,Crime_Selvaraj,SindhukTOI,4
179612,Article,Crime_Selvaraj,Crime_Selvaraj,1
179627,Article,Crime_Selvaraj,Crime_Selvaraj,1
179661,Article,Crime_Selvaraj,SindhukTOI,2
179699,Article,Crime_Selvaraj,SindhukTOI,2
179659,Article,Crime_Selvaraj,maheshbTOI,9
179727,Article,Crime_Selvaraj,NishikantkTOI,2
179776,Article,Crime_Selvaraj,Crime_Selvaraj,1
179856,Tweet,Crime_Selvaraj,AditiZero,7
179875,Tweet,Crime_Selvaraj,priyagupta999,204
179897,Tweet,Crime_Selvaraj,AditiZero,4
179860,Tweet,Crime_Selvaraj,RosySequeiraTOI,6
179840,Tweet,Crime_Selvaraj,Crime_Selvaraj,1
179819,Tweet,Crime_Selvaraj,Crime_Selvaraj,1
179898,Tweet,Crime_Selvaraj,ajaysuraTOI,7
179845,Tweet,Crime_Selvaraj,Crime_Selvaraj,1
179818,Tweet,Crime_Selvaraj,Crime_Selvaraj,1
179841,Tweet,Crime_Selvaraj,bagishjhaTOI,11
179863,Tweet,Crime_Selvaraj,RosySequeiraTOI,6
179816,Tweet,Crime_Selvaraj,mateenHTOI,2
179862,Tweet,Crime_Selvaraj,ajaysuraTOI,7
179829,Tweet,Crime_Selvaraj,RosySequeiraTOI,5
179830,Tweet,Crime_Selvaraj,Gauraw2297,11
169573,Article,advityabahlTOI,durgeshjhaTOI,27
169538,Article,advityabahlTOI,KanwardeepsTOI,6
169500,Article,advityabahlTOI,advityabahlTOI,1
169655,Article,advityabahlTOI,advityabahlTOI,1
169510,Article,advityabahlTOI,dubeyavishek,2
169598,Article,advityabahlTOI,mateenHTOI,2
169554,Article,advityabahlTOI,advityabahlTOI,1
169658,Article,advityabahlTOI,dubeyavishek,2
169638,Article,advityabahlTOI,dubeyavishek,3
169716,Article,advityabahlTOI,dubeyavishek,3
169513,Article,advityabahlTOI,JohnJCrace,10
169579,Article,advityabahlTOI,advityabahlTOI,1
169649,Article,advityabahlTOI,advityabahlTOI,1
169641,Article,advityabahlTOI,mateenHTOI,3
169498,Article,advityabahlTOI,mateenHTOI,5
169799,Tweet,advityabahlTOI,advityabahlTOI,1
169779,Tweet,advityabahlTOI,advityabahlTOI,1
169823,Tweet,advityabahlTOI,advityabahlTOI,1
169809,Tweet,advityabahlTOI,advityabahlTOI,1
169782,Tweet,advityabahlTOI,advityabahlTOI,1
169761,Tweet,advityabahlTOI,Crime_Selvaraj,2
169803,Tweet,advityabahlTOI,advityabahlTOI,1
169763,Tweet,advityabahlTOI,advityabahlTOI,1
169790,Tweet,advityabahlTOI,advityabahlTOI,1
169767,Tweet,advityabahlTOI,advityabahlTOI,1
169787,Tweet,advityabahlTOI,advityabahlTOI,1
169838,Tweet,advityabahlTOI,advityabahlTOI,1
169798,Tweet,advityabahlTOI,advityabahlTOI,1
169755,Tweet,advityabahlTOI,advityabahlTOI,1
169748,Tweet,advityabahlTOI,jayamenon64,31
153870,Article,gabyhinsliff,jillfilipovic,10
153856,Article,gabyhinsliff,VivianHo,12
153846,Article,gabyhinsliff,williamnhutton,102
153985,Article,gabyhinsliff,gabyhinsliff,1
153872,Article,gabyhinsliff,gabyhinsliff,1
153875,Article,gabyhinsliff,joecoscarelli,35
153955,Article,gabyhinsliff,afuahirsch,89
153911,Article,gabyhinsliff,msrachelcooke,75
153880,Article,gabyhinsliff,polblonde,13
153830,Article,gabyhinsliff,OwenJones84,32
153823,Article,gabyhinsliff,MarinaHyde,2
153858,Article,gabyhinsliff,nicholaswatt,42
153851,Article,gabyhinsliff,edvulliamy,28
153765,Article,gabyhinsliff,thestephmerritt,25
153854,Article,gabyhinsliff,rachshabi,53
154458,Tweet,gabyhinsliff,jbouie,76
154050,Tweet,gabyhinsliff,msrachelcooke,41
154222,Tweet,gabyhinsliff,rachshabi,147
154489,Tweet,gabyhinsliff,ditzkoff,39
154025,Tweet,gabyhinsliff,timatkin,84
154338,Tweet,gabyhinsliff,maevesther,25
154046,Tweet,gabyhinsliff,jimwaterson,76
154097,Tweet,gabyhinsliff,ditzkoff,103
154130,Tweet,gabyhinsliff,yeshikabudhwar,259
154556,Tweet,gabyhinsliff,nicklezard,14
154549,Tweet,gabyhinsliff,nicklezard,58
154553,Tweet,gabyhinsliff,joshwiddicombe,219
154527,Tweet,gabyhinsliff,oliverburkeman,32
154402,Tweet,gabyhinsliff,gabyhinsliff,1
154250,Tweet,gabyhinsliff,nicklezard,111
106180,Article,stevenpoole,stevenpoole,1
106331,Article,stevenpoole,OfficeGSBrown,15
106168,Article,stevenpoole,stevenpoole,1
106145,Article,stevenpoole,stevenpoole,1
106134,Article,stevenpoole,stevenpoole,1
106336,Article,stevenpoole,kenanmalik,80
106322,Article,stevenpoole,nicklezard,4
106337,Article,stevenpoole,williamkeegan,40
106345,Article,stevenpoole,michelleinbklyn,128
106230,Article,stevenpoole,JohnJCrace,108
106195,Article,stevenpoole,stevenpoole,1
106349,Article,stevenpoole,thrasherxy,41
106249,Article,stevenpoole,nicklezard,2
106186,Article,stevenpoole,stevenpoole,1
106189,Article,stevenpoole,stevenpoole,1
106811,Tweet,stevenpoole,DanielKingChess,137
106759,Tweet,stevenpoole,richardwolffedc,73
106855,Tweet,stevenpoole,mtomasky,38
106835,Tweet,stevenpoole,leninology,87
106451,Tweet,stevenpoole,rachshabi,140
106534,Tweet,stevenpoole,rachshabi,64
106560,Tweet,stevenpoole,nicklezard,86
106745,Tweet,stevenpoole,joncaramanica,145
106871,Tweet,stevenpoole,emmabrockes,7
106385,Tweet,stevenpoole,vwang3,181
106793,Tweet,stevenpoole,jbouie,61
106376,Tweet,stevenpoole,nicklezard,56
106947,Tweet,stevenpoole,DanielKingChess,55
106592,Tweet,stevenpoole,NesrineMalik,96
106639,Tweet,stevenpoole,RosySequeiraTOI,173
13293,Article,MattFutterman,alexmarshall81,43
13243,Article,MattFutterman,el_belson,4
13291,Article,MattFutterman,christophclarey,3
13253,Article,MattFutterman,BenRothenberg,7
13273,Article,MattFutterman,el_belson,3
13281,Article,MattFutterman,billmpennington,18
13283,Article,MattFutterman,christophclarey,3
13289,Article,MattFutterman,christophclarey,6
13241,Article,MattFutterman,christophclarey,3
13232,Article,MattFutterman,christophclarey,3
13249,Article,MattFutterman,MattFutterman,1
13216,Article,MattFutterman,BenRothenberg,2
13278,Article,MattFutterman,billmpennington,5
13247,Article,MattFutterman,MattFutterman,1
13229,Article,MattFutterman,ElianPeltier,5
13307,Tweet,MattFutterman,MattFutterman,1
13338,Tweet,MattFutterman,MattFutterman,1
13375,Tweet,MattFutterman,MattFutterman,1
13358,Tweet,MattFutterman,MattFutterman,1
13321,Tweet,MattFutterman,MattFutterman,1
13359,Tweet,MattFutterman,PhanindraP_TNIE,290
13315,Tweet,MattFutterman,jimwaterson,228
13327,Tweet,MattFutterman,MattFutterman,1
13372,Tweet,MattFutterman,MattFutterman,1
13317,Tweet,MattFutterman,MattFutterman,1
13368,Tweet,MattFutterman,tomfriedman,2
13364,Tweet,MattFutterman,MattFutterman,1
13310,Tweet,MattFutterman,PerriKlass,2
13316,Tweet,MattFutterman,msmirandasawyer,103
13337,Tweet,MattFutterman,bglendenning,56
137232,Article,arusbridger,MarinaHyde,53
137228,Article,arusbridger,timatkin,13
137185,Article,arusbridger,davidhepworth,4
137279,Article,arusbridger,gabyhinsliff,15
137236,Article,arusbridger,alanconnor,7
137156,Article,arusbridger,JohnJCrace,28
137120,Article,arusbridger,markriceoxley69,7
137271,Article,arusbridger,steve_hewlett,25
137253,Article,arusbridger,davidhepworth,13
137140,Article,arusbridger,sarfrazmanzoor,3
137169,Article,arusbridger,DanielKingChess,17
137269,Article,arusbridger,DeccaJourno,61
137139,Article,arusbridger,sarfrazmanzoor,3
137187,Article,arusbridger,OwenJones84,8
137174,Article,arusbridger,hadleyfreeman,85
137795,Tweet,arusbridger,michaelcrowley,73
137433,Tweet,arusbridger,ajaysuraTOI,131
137759,Tweet,arusbridger,LucyMangan,207
137596,Tweet,arusbridger,KTVinobhaTOI,197
137761,Tweet,arusbridger,tomfriedman,86
137808,Tweet,arusbridger,liamstack,8
137837,Tweet,arusbridger,WilbyPeter,27
137396,Tweet,arusbridger,polblonde,27
137755,Tweet,arusbridger,WilbyPeter,11
137671,Tweet,arusbridger,desaisantosh,71
137720,Tweet,arusbridger,pradeeptTOI,252
137741,Tweet,arusbridger,jonronson,125
137351,Tweet,arusbridger,jatinder_tur,178
137348,Tweet,arusbridger,nicklezard,59
137622,Tweet,arusbridger,RosySequeiraTOI,81
92824,Article,aleksk,andrewrsorkin,4
92876,Article,aleksk,DerekMalcolm123,4
92766,Article,aleksk,aleksk,1
92864,Article,aleksk,DerekMalcolm123,6
92656,Article,aleksk,aleksk,1
92751,Article,aleksk,emilybell,3
92856,Article,aleksk,alanconnor,3
92711,Article,aleksk,alanconnor,4
92836,Article,aleksk,jonpareles,3
92862,Article,aleksk,fmanjoo,2
92764,Article,aleksk,steve_hewlett,4
92790,Article,aleksk,emilybell,4
92799,Article,aleksk,aleksk,1
92897,Article,aleksk,jonpareles,104
92860,Article,aleksk,aleksk,1
93062,Tweet,aleksk,aleksk,1
93449,Tweet,aleksk,laurenlaverne,159
93239,Tweet,aleksk,ginakolata,2
93244,Tweet,aleksk,DerekMalcolm123,156
93406,Tweet,aleksk,ajaysuraTOI,495
93094,Tweet,aleksk,desaisantosh,142
93459,Tweet,aleksk,LucyMangan,167
93305,Tweet,aleksk,steve_hewlett,91
93083,Tweet,aleksk,aleksk,1
93266,Tweet,aleksk,lyngardner,88
93424,Tweet,aleksk,salihughes,88
93159,Tweet,aleksk,rjadHinduBL,4
93041,Tweet,aleksk,DerekMalcolm123,107
92986,Tweet,aleksk,ginakolata,2
93353,Tweet,aleksk,aleksk,1
221151,Article,vishwamTOI,asrpmukeshTOI,68
221273,Article,vishwamTOI,KapildaveTOI,6
221304,Article,vishwamTOI,KapildaveTOI,5
221310,Article,vishwamTOI,vishwamTOI,1
221247,Article,vishwamTOI,jameskanter,59
221145,Article,vishwamTOI,DSandip_TOI,2
221212,Article,vishwamTOI,SwatiMathurTOI,47
221255,Article,vishwamTOI,OfficeGSBrown,2
221180,Article,vishwamTOI,DSandip_TOI,48
221114,Article,vishwamTOI,vishwamTOI,1
221282,Article,vishwamTOI,dipakdashTOI,3
221123,Article,vishwamTOI,akhileshsTOI,104
221198,Article,vishwamTOI,IpsitaTOI,13
221201,Article,vishwamTOI,rhymetraveller,38
221263,Article,vishwamTOI,vishwamTOI,1
221426,Tweet,vishwamTOI,desaisantosh,232
221441,Tweet,vishwamTOI,niyatiparikhTOI,68
221442,Tweet,vishwamTOI,niyatiparikhTOI,4
221445,Tweet,vishwamTOI,vishwamTOI,1
221379,Tweet,vishwamTOI,vishwamTOI,1
221382,Tweet,vishwamTOI,akhileshsTOI,24
221402,Tweet,vishwamTOI,farnazfassihi,41
221439,Tweet,vishwamTOI,ipsinghTOI,93
221399,Tweet,vishwamTOI,akhileshsTOI,48
221428,Tweet,vishwamTOI,priyangiTOI,82
221440,Tweet,vishwamTOI,niyatiparikhTOI,88
221450,Tweet,vishwamTOI,MohitaTOI,90
221401,Tweet,vishwamTOI,desaisantosh,2
221430,Tweet,vishwamTOI,samsifton,236
221409,Tweet,vishwamTOI,tushhaikhush,3
30402,Article,LizAldermanNYT,_nicolaclark,364
30474,Article,LizAldermanNYT,SarahMaslinNir,103
30493,Article,LizAldermanNYT,NYTimesCohen,18
30478,Article,LizAldermanNYT,NikiKitsantonis,17
30421,Article,LizAldermanNYT,pete_wells,17
30418,Article,LizAldermanNYT,jotted,6
30468,Article,LizAldermanNYT,jotted,30
30454,Article,LizAldermanNYT,gmorgenson,70
30462,Article,LizAldermanNYT,jameskanter,92
30477,Article,LizAldermanNYT,aurelienbrd,8
30430,Article,LizAldermanNYT,bencasselman,7
30448,Article,LizAldermanNYT,NikiKitsantonis,2
30437,Article,LizAldermanNYT,ElianPeltier,8
30403,Article,LizAldermanNYT,jeannasmialek,41
30426,Article,LizAldermanNYT,NikiKitsantonis,5
30586,Tweet,LizAldermanNYT,LizAldermanNYT,1
30580,Tweet,LizAldermanNYT,ajaysuraTOI,155
30518,Tweet,LizAldermanNYT,ajaysuraTOI,47
30544,Tweet,LizAldermanNYT,murarishetyeTOI,80
30562,Tweet,LizAldermanNYT,emmabrockes,23
30510,Tweet,LizAldermanNYT,timjonze,42
30595,Tweet,LizAldermanNYT,michaelcrowley,2
30598,Tweet,LizAldermanNYT,LizAldermanNYT,1
30599,Tweet,LizAldermanNYT,WilbyPeter,95
30549,Tweet,LizAldermanNYT,LizAldermanNYT,1
30506,Tweet,LizAldermanNYT,LizAldermanNYT,1
30577,Tweet,LizAldermanNYT,RoniNYTimes,3
30500,Tweet,LizAldermanNYT,murarishetyeTOI,28
30581,Tweet,LizAldermanNYT,PNaveenTOI,63
30515,Tweet,LizAldermanNYT,LizAldermanNYT,1
22807,Article,nytmike,charlie_savage,4
22826,Article,nytmike,nytmike,1
22809,Article,nytmike,michelleinbklyn,9
22881,Article,nytmike,npfandos,9
22851,Article,nytmike,EllenBarryNYT,35
22846,Article,nytmike,charlie_savage,8
22895,Article,nytmike,kenvogel,2
22877,Article,nytmike,michaelcrowley,33
22800,Article,nytmike,BenWeiserNYT,10
22842,Article,nytmike,nytmike,1
22861,Article,nytmike,nytmike,1
22853,Article,nytmike,nytmike,1
22832,Article,nytmike,lukebroadwater,5
22884,Article,nytmike,nytmike,1
22828,Article,nytmike,nytmike,1
22902,Tweet,nytmike,PatriciaMazzei,23
22995,Tweet,nytmike,viasimonromero,10
22900,Tweet,nytmike,nytmike,1
22997,Tweet,nytmike,npfandos,15
22917,Tweet,nytmike,jwpetersNYT,3
22944,Tweet,nytmike,jonpareles,265
22913,Tweet,nytmike,alanfeuer,2
22901,Tweet,nytmike,kenvogel,15
22916,Tweet,nytmike,nytmike,1
22927,Tweet,nytmike,lauriegnyt,18
22974,Tweet,nytmike,jbouie,163
22910,Tweet,nytmike,alanfeuer,5
22951,Tweet,nytmike,gailcollins,21
22903,Tweet,nytmike,richardwolffedc,106
22932,Tweet,nytmike,BenWeiserNYT,17
43109,Article,lucywardsings,lucywardsings,1
43092,Article,lucywardsings,lucywardsings,1
43063,Article,lucywardsings,KateEMcCann,108
43070,Article,lucywardsings,VivianHo,42
43098,Article,lucywardsings,jameskanter,32
43268,Article,lucywardsings,lucywardsings,1
43207,Article,lucywardsings,lucywardsings,1
43091,Article,lucywardsings,PeterTatchell,68
43056,Article,lucywardsings,TristramHuntVA,31
43111,Article,lucywardsings,lucywardsings,1
43153,Article,lucywardsings,VivianHo,116
43266,Article,lucywardsings,lucywardsings,1
43051,Article,lucywardsings,PippaCrerar,8
43239,Article,lucywardsings,lucywardsings,1
43221,Article,lucywardsings,lucywardsings,1
43824,Tweet,lucywardsings,EricaLG,62
43437,Tweet,lucywardsings,lucywardsings,1
43594,Tweet,lucywardsings,lucywardsings,1
43367,Tweet,lucywardsings,ajaysuraTOI,19
43698,Tweet,lucywardsings,allegramcevedy,8
43654,Tweet,lucywardsings,MonaChalabi,115
43529,Tweet,lucywardsings,joshwiddicombe,2
43279,Tweet,lucywardsings,EricaLG,51
43802,Tweet,lucywardsings,lucywardsings,1
43313,Tweet,lucywardsings,seaningle,136
43770,Tweet,lucywardsings,RosySequeiraTOI,4
43829,Tweet,lucywardsings,lucywardsings,1
43652,Tweet,lucywardsings,rachshabi,185
43850,Tweet,lucywardsings,rachshabi,177
43322,Tweet,lucywardsings,lucywardsings,1
74659,Article,davidhepworth,davidhepworth,1
74707,Article,davidhepworth,davidhepworth,1
74799,Article,davidhepworth,davidhepworth,1
74728,Article,davidhepworth,davidhepworth,1
74720,Article,davidhepworth,davidhepworth,1
74701,Article,davidhepworth,davidhepworth,1
74652,Article,davidhepworth,davidhepworth,1
74806,Article,davidhepworth,davidhepworth,1
74753,Article,davidhepworth,davidhepworth,1
74855,Article,davidhepworth,davidhepworth,1
74749,Article,davidhepworth,davidhepworth,1
74864,Article,davidhepworth,davidhepworth,1
74859,Article,davidhepworth,davidhepworth,1
74867,Article,davidhepworth,davidhepworth,1
74751,Article,davidhepworth,davidhepworth,1
74932,Tweet,davidhepworth,williamnhutton,22
75273,Tweet,davidhepworth,AndrewSparrow,405
75094,Tweet,davidhepworth,GiniaNYT,45
74931,Tweet,davidhepworth,davidhepworth,1
75358,Tweet,davidhepworth,alanconnor,140
74966,Tweet,davidhepworth,andrewrawnsley,12
75040,Tweet,davidhepworth,alexbellos,7
75091,Tweet,davidhepworth,helenecooper,30
75177,Tweet,davidhepworth,jonronson,36
75307,Tweet,davidhepworth,andrewrawnsley,32
75438,Tweet,davidhepworth,thestephmerritt,33
75420,Tweet,davidhepworth,timatkin,3
75223,Tweet,davidhepworth,RosySequeiraTOI,265
75205,Tweet,davidhepworth,salihughes,9
75281,Tweet,davidhepworth,andrewrawnsley,25
110529,Article,maevesther,maevesther,1
110434,Article,maevesther,maevesther,1
110499,Article,maevesther,maevesther,1
110513,Article,maevesther,maevesther,1
110348,Article,maevesther,maevesther,1
110345,Article,maevesther,maevesther,1
110501,Article,maevesther,davidhepworth,10
110494,Article,maevesther,maevesther,1
110314,Article,maevesther,bglendenning,271
110404,Article,maevesther,maevesther,1
110413,Article,maevesther,maevesther,1
110551,Article,maevesther,maevesther,1
110351,Article,maevesther,maevesther,1
110390,Article,maevesther,maevesther,1
110546,Article,maevesther,maevesther,1
110713,Tweet,maevesther,samrob12,16
110702,Tweet,maevesther,lyngardner,16
110707,Tweet,maevesther,msrachelcooke,21
110800,Tweet,maevesther,samsifton,96
110736,Tweet,maevesther,lyngardner,12
110708,Tweet,maevesther,WilbyPeter,21
110929,Tweet,maevesther,lyngardner,13
110762,Tweet,maevesther,vwang3,22
110940,Tweet,maevesther,RowanMoore,9
110706,Tweet,maevesther,nicklezard,35
110843,Tweet,maevesther,samrob12,5
110704,Tweet,maevesther,nicklezard,12
110859,Tweet,maevesther,nicklezard,13
110648,Tweet,maevesther,LauraCummingArt,9
110634,Tweet,maevesther,DeccaJourno,146
9678,Article,jimtankersley,peterbakernyt,24
9693,Article,jimtankersley,AnaSwanson,5
9642,Article,jimtankersley,jimtankersley,1
9663,Article,jimtankersley,LFFriedman,3
9621,Article,jimtankersley,paulkrugman,3
9617,Article,jimtankersley,michaelcrowley,38
9644,Article,jimtankersley,jimtankersley,1
9688,Article,jimtankersley,LFFriedman,7
9689,Article,jimtankersley,npfandos,43
9653,Article,jimtankersley,jeannasmialek,3
9622,Article,jimtankersley,ESCochrane,2
9662,Article,jimtankersley,jimtankersley,1
9694,Article,jimtankersley,alexanderburns,25
9629,Article,jimtankersley,bencasselman,2
9639,Article,jimtankersley,jimtankersley,1
9720,Tweet,jimtankersley,tripgabriel,18
9742,Tweet,jimtankersley,andrewrsorkin,9
9775,Tweet,jimtankersley,paulkrugman,37
9743,Tweet,jimtankersley,noamscheiber,8
9776,Tweet,jimtankersley,timlottwriter,57
9707,Tweet,jimtankersley,gailcollins,224
9735,Tweet,jimtankersley,murarishetyeTOI,339
9727,Tweet,jimtankersley,LFFriedman,4
9784,Tweet,jimtankersley,sarahchurchwell,244
9725,Tweet,jimtankersley,paulkrugman,7
9773,Tweet,jimtankersley,jimtankersley,1
9748,Tweet,jimtankersley,jimtankersley,1
9749,Tweet,jimtankersley,liamstack,108
9779,Tweet,jimtankersley,parul_sehgal,341
9763,Tweet,jimtankersley,noamscheiber,42
180320,Article,DekaJayanta,DekaJayanta,1
180279,Article,DekaJayanta,PjJoychen,30
180328,Article,DekaJayanta,DawnHFoster,125
180347,Article,DekaJayanta,DekaJayanta,1
180267,Article,DekaJayanta,DekaJayanta,1
180374,Article,DekaJayanta,debaratisen,3
180344,Article,DekaJayanta,DekaJayanta,1
180352,Article,DekaJayanta,DekaJayanta,1
180297,Article,DekaJayanta,DekaJayanta,1
180293,Article,DekaJayanta,DekaJayanta,1
180299,Article,DekaJayanta,DekaJayanta,1
180334,Article,DekaJayanta,PjJoychen,27
180318,Article,DekaJayanta,PjJoychen,8
180348,Article,DekaJayanta,DekaJayanta,1
180343,Article,DekaJayanta,akhileshsTOI,2
180441,Tweet,DekaJayanta,jonronson,11
180407,Tweet,DekaJayanta,sudeshnagTOI,196
180387,Tweet,DekaJayanta,aniljdias,60
180415,Tweet,DekaJayanta,farnazfassihi,11
180426,Tweet,DekaJayanta,andrewrawnsley,72
180382,Tweet,DekaJayanta,elizabday,50
180422,Tweet,DekaJayanta,DekaJayanta,1
180442,Tweet,DekaJayanta,lisamonteiroTOI,12
180401,Tweet,DekaJayanta,nauzerbTOI,9
180386,Tweet,DekaJayanta,desaisantosh,2
180411,Tweet,DekaJayanta,desaisantosh,2
180417,Tweet,DekaJayanta,AmritadTOI,3
180399,Tweet,DekaJayanta,imabdulgani,314
180438,Tweet,DekaJayanta,farnazfassihi,2
180425,Tweet,DekaJayanta,MohitaTOI,97
687,Article,alexmarshall81,alexmarshall81,1
679,Article,alexmarshall81,zwoolfe,129
658,Article,alexmarshall81,rpogrebin,23
620,Article,alexmarshall81,RichSandomir,11
639,Article,alexmarshall81,rpogrebin,59
661,Article,alexmarshall81,EVincentelli,3
688,Article,alexmarshall81,bylizrobbins,52
613,Article,alexmarshall81,DSlotnik,6
624,Article,alexmarshall81,MichaelPaulson,5
685,Article,alexmarshall81,antontroian,25
651,Article,alexmarshall81,RichSandomir,14
604,Article,alexmarshall81,ASoloski,106
677,Article,alexmarshall81,MichaelPaulson,41
643,Article,alexmarshall81,alexmarshall81,1
601,Article,alexmarshall81,zwoolfe,14
714,Tweet,alexmarshall81,PerriKlass,181
720,Tweet,alexmarshall81,lyngardner,13
770,Tweet,alexmarshall81,jbouie,46
778,Tweet,alexmarshall81,dwightgarner,83
783,Tweet,alexmarshall81,jennydeluxe,294
719,Tweet,alexmarshall81,lucysiegle,157
796,Tweet,alexmarshall81,nicklezard,10
724,Tweet,alexmarshall81,sarahditum,217
725,Tweet,alexmarshall81,michaelcrowley,186
707,Tweet,alexmarshall81,NilsPratley,67
776,Tweet,alexmarshall81,llerer,85
793,Tweet,alexmarshall81,nicklezard,15
739,Tweet,alexmarshall81,WilbyPeter,86
756,Tweet,alexmarshall81,RosySequeiraTOI,137
766,Tweet,alexmarshall81,llerer,19
64882,Article,timatkin,timatkin,1
64799,Article,timatkin,timatkin,1
64911,Article,timatkin,timatkin,1
64748,Article,timatkin,timatkin,1
64790,Article,timatkin,timatkin,1
64863,Article,timatkin,timatkin,1
64874,Article,timatkin,timatkin,1
64839,Article,timatkin,timatkin,1
64838,Article,timatkin,davidhepworth,3
64809,Article,timatkin,salihughes,9
64768,Article,timatkin,timatkin,1
64698,Article,timatkin,timatkin,1
64865,Article,timatkin,timatkin,1
64689,Article,timatkin,winematcher,2
64693,Article,timatkin,JohnJCrace,70
65190,Tweet,timatkin,timatkin,1
65280,Tweet,timatkin,timatkin,1
65278,Tweet,timatkin,MoharBasu,41
65520,Tweet,timatkin,timatkin,1
65249,Tweet,timatkin,polblonde,66
65002,Tweet,timatkin,desaisantosh,5
65021,Tweet,timatkin,ottolenghi,17
65009,Tweet,timatkin,andrewrawnsley,2
65267,Tweet,timatkin,andrewrawnsley,158
65243,Tweet,timatkin,ajaysuraTOI,337
65448,Tweet,timatkin,RosySequeiraTOI,198
65044,Tweet,timatkin,ottolenghi,87
65131,Tweet,timatkin,andrewrawnsley,2
65157,Tweet,timatkin,timatkin,1
65039,Tweet,timatkin,RosySequeiraTOI,30
120978,Article,carolecadwalla,MonaChalabi,16
120966,Article,carolecadwalla,nicholaswatt,13
121084,Article,carolecadwalla,msrachelcooke,7
121094,Article,carolecadwalla,AndrewSparrow,50
120982,Article,carolecadwalla,msrachelcooke,39
120975,Article,carolecadwalla,vanbadham,30
121042,Article,carolecadwalla,AndrewSparrow,63
121083,Article,carolecadwalla,KateEMcCann,75
120917,Article,carolecadwalla,nicholaswatt,11
120972,Article,carolecadwalla,andrewrawnsley,18
120940,Article,carolecadwalla,nicholaswatt,24
120916,Article,carolecadwalla,williamkeegan,194
121066,Article,carolecadwalla,JohnJCrace,27
120880,Article,carolecadwalla,ameliagentleman,17
120902,Article,carolecadwalla,jimwaterson,22
121158,Tweet,carolecadwalla,michaelcrowley,3
121266,Tweet,carolecadwalla,carolecadwalla,1
121613,Tweet,carolecadwalla,ggreenwald,32
121504,Tweet,carolecadwalla,michaelcrowley,25
121295,Tweet,carolecadwalla,carolecadwalla,1
121578,Tweet,carolecadwalla,carolecadwalla,1
121437,Tweet,carolecadwalla,naomi2009,52
121195,Tweet,carolecadwalla,murarishetyeTOI,78
121388,Tweet,carolecadwalla,RosySequeiraTOI,278
121559,Tweet,carolecadwalla,gettleman,250
121203,Tweet,carolecadwalla,BawaNaaved,309
121649,Tweet,carolecadwalla,jimwaterson,156
121385,Tweet,carolecadwalla,naomi2009,242
121617,Tweet,carolecadwalla,carolecadwalla,1
121443,Tweet,carolecadwalla,NilsPratley,88
138078,Article,jayrayner1,FelicityCloake,10
138089,Article,jayrayner1,jayrayner1,1
138061,Article,jayrayner1,JohnJCrace,22
137979,Article,jayrayner1,andybrassell,45
138015,Article,jayrayner1,davidhepworth,2
137926,Article,jayrayner1,bylizrobbins,124
138094,Article,jayrayner1,IAmTimDowling,6
137962,Article,jayrayner1,LauraCummingArt,24
138101,Article,jayrayner1,jayrayner1,1
138118,Article,jayrayner1,bglendenning,166
137956,Article,jayrayner1,jayrayner1,1
138002,Article,jayrayner1,MarinaHyde,40
138041,Article,jayrayner1,charltonbrooker,54
138138,Article,jayrayner1,jayrayner1,1
137935,Article,jayrayner1,TanyaGold1,9
138733,Tweet,jayrayner1,laurenlaverne,24
138292,Tweet,jayrayner1,andrewrawnsley,21
138513,Tweet,jayrayner1,nicklezard,7
138348,Tweet,jayrayner1,jimwaterson,25
138537,Tweet,jayrayner1,ditzkoff,71
138653,Tweet,jayrayner1,jennydeluxe,8
138210,Tweet,jayrayner1,jayrayner1,1
138396,Tweet,jayrayner1,jayrayner1,1
138692,Tweet,jayrayner1,jimwaterson,17
138188,Tweet,jayrayner1,nicklezard,105
138606,Tweet,jayrayner1,andrewrawnsley,44
138236,Tweet,jayrayner1,andrewrawnsley,6
138341,Tweet,jayrayner1,elizabday,36
138266,Tweet,jayrayner1,jayrayner1,1
138696,Tweet,jayrayner1,tomdyckhoff,3
107961,Article,ggreenwald,mtomasky,9
107888,Article,ggreenwald,andrewrawnsley,14
107996,Article,ggreenwald,sarahditum,97
107889,Article,ggreenwald,OwenJones84,15
107768,Article,ggreenwald,andrewrawnsley,35
107807,Article,ggreenwald,sarfrazmanzoor,446
107941,Article,ggreenwald,TimdeLisle,14
107838,Article,ggreenwald,nicholaswatt,9
107854,Article,ggreenwald,williamnhutton,17
107909,Article,ggreenwald,williamnhutton,19
107843,Article,ggreenwald,mikeives,11
107829,Article,ggreenwald,MichaelWhite,12
107973,Article,ggreenwald,IanCobain,33
107772,Article,ggreenwald,sarfrazmanzoor,446
107784,Article,ggreenwald,OfficeGSBrown,13
108537,Tweet,ggreenwald,naomi2009,2
108417,Tweet,ggreenwald,jayamenon64,83
108366,Tweet,ggreenwald,andrew_mueller,16
108327,Tweet,ggreenwald,richardwolffedc,39
108196,Tweet,ggreenwald,tripgabriel,14
108338,Tweet,ggreenwald,RosySequeiraTOI,142
108344,Tweet,ggreenwald,carolecadwalla,2
108070,Tweet,ggreenwald,naomi2009,12
108529,Tweet,ggreenwald,RaphaelMinder,379
108544,Tweet,ggreenwald,RosySequeiraTOI,40
108445,Tweet,ggreenwald,ajaysuraTOI,18
108211,Tweet,ggreenwald,richardwolffedc,15
108482,Tweet,ggreenwald,jameskanter,8
108492,Tweet,ggreenwald,juliemTOI,12
108201,Tweet,ggreenwald,mtomasky,3
33221,Article,jessbidgood,bylizrobbins,24
33263,Article,jessbidgood,marywalshjourno,28
33206,Article,jessbidgood,EllenBarryNYT,29
33285,Article,jessbidgood,sangerkatz,231
33226,Article,jessbidgood,jameskanter,31
33277,Article,jessbidgood,GiniaNYT,31
33298,Article,jessbidgood,NYTimesCohen,89
33205,Article,jessbidgood,livia_ar,73
33216,Article,jessbidgood,PerriKlass,24
33214,Article,jessbidgood,livia_ar,168
33247,Article,jessbidgood,jameskanter,30
33272,Article,jessbidgood,rpogrebin,106
33203,Article,jessbidgood,reidepstein,3
33222,Article,jessbidgood,reidepstein,42
33233,Article,jessbidgood,anandbodhTOI,74
33398,Tweet,jessbidgood,vwang3,104
33316,Tweet,jessbidgood,vwang3,87
33362,Tweet,jessbidgood,tripgabriel,7
33334,Tweet,jessbidgood,hillhulse,55
33389,Tweet,jessbidgood,jonronson,188
33351,Tweet,jessbidgood,yeshikabudhwar,131
33357,Tweet,jessbidgood,ajaysuraTOI,69
33372,Tweet,jessbidgood,nytdavidbrooks,243
33305,Tweet,jessbidgood,juliemTOI,280
33326,Tweet,jessbidgood,hillhulse,74
33393,Tweet,jessbidgood,NYTLiz,45
33376,Tweet,jessbidgood,jennydeluxe,247
33378,Tweet,jessbidgood,reidepstein,22
33336,Tweet,jessbidgood,gailcollins,45
33346,Tweet,jessbidgood,tripgabriel,5
36681,Article,markriceoxley69,bglendenning,131
36816,Article,markriceoxley69,JohnJCrace,139
36631,Article,markriceoxley69,markriceoxley69,1
36740,Article,markriceoxley69,williamkeegan,40
36692,Article,markriceoxley69,aleksk,92
36615,Article,markriceoxley69,DanielKingChess,8
36785,Article,markriceoxley69,AnushkaAsthana,43
36614,Article,markriceoxley69,MonaChalabi,6
36734,Article,markriceoxley69,PippaCrerar,42
36731,Article,markriceoxley69,sio_burke,92
36873,Article,markriceoxley69,dansabbagh,110
36754,Article,markriceoxley69,markriceoxley69,1
36809,Article,markriceoxley69,alanconnor,2
36633,Article,markriceoxley69,desaisantosh,14
36770,Article,markriceoxley69,MonaChalabi,6
37204,Tweet,markriceoxley69,desaisantosh,82
37190,Tweet,markriceoxley69,michaelcrowley,126
37126,Tweet,markriceoxley69,RosySequeiraTOI,292
37461,Tweet,markriceoxley69,murarishetyeTOI,152
37253,Tweet,markriceoxley69,RosySequeiraTOI,254
37124,Tweet,markriceoxley69,peterbradshaw1,228
36970,Tweet,markriceoxley69,AnushkaAsthana,352
37267,Tweet,markriceoxley69,andrewrawnsley,53
37177,Tweet,markriceoxley69,charltonbrooker,253
36998,Tweet,markriceoxley69,michaelcrowley,223
37239,Tweet,markriceoxley69,msrachelcooke,72
37199,Tweet,markriceoxley69,ditzkoff,210
37455,Tweet,markriceoxley69,RosySequeiraTOI,156
37446,Tweet,markriceoxley69,lucysiegle,182
36999,Tweet,markriceoxley69,polblonde,398
190085,Article,kumaraswamykTOI,Pratiks_TOI,15
190196,Article,kumaraswamykTOI,kumaraswamykTOI,1
190068,Article,kumaraswamykTOI,charltonbrooker,200
190148,Article,kumaraswamykTOI,kumaraswamykTOI,1
190145,Article,kumaraswamykTOI,adwaidh,14
189991,Article,kumaraswamykTOI,aniljdias,15
190167,Article,kumaraswamykTOI,kumaraswamykTOI,1
190170,Article,kumaraswamykTOI,adwaidh,8
189971,Article,kumaraswamykTOI,akhileshsTOI,26
190118,Article,kumaraswamykTOI,aniljdias,7
190175,Article,kumaraswamykTOI,kumaraswamykTOI,1
190189,Article,kumaraswamykTOI,adwaidh,6
190131,Article,kumaraswamykTOI,kumaraswamykTOI,1
190201,Article,kumaraswamykTOI,desaisantosh,184
189998,Article,kumaraswamykTOI,Shrivathsan1437,14
190296,Tweet,kumaraswamykTOI,ajaysuraTOI,29
190228,Tweet,kumaraswamykTOI,kumaraswamykTOI,1
190292,Tweet,kumaraswamykTOI,murarishetyeTOI,11
190313,Tweet,kumaraswamykTOI,RosySequeiraTOI,29
190230,Tweet,kumaraswamykTOI,kumaraswamykTOI,1
190312,Tweet,kumaraswamykTOI,murarishetyeTOI,10
190299,Tweet,kumaraswamykTOI,RosySequeiraTOI,28
190287,Tweet,kumaraswamykTOI,RosySequeiraTOI,30
190289,Tweet,kumaraswamykTOI,asrpmukeshTOI,2
190259,Tweet,kumaraswamykTOI,RosySequeiraTOI,119
190288,Tweet,kumaraswamykTOI,nicklezard,247
190227,Tweet,kumaraswamykTOI,joshwiddicombe,10
190226,Tweet,kumaraswamykTOI,RosySequeiraTOI,4
190247,Tweet,kumaraswamykTOI,polblonde,13
190250,Tweet,kumaraswamykTOI,kumaraswamykTOI,1
148115,Article,Markbeaumontuk,lyngardner,2
148141,Article,Markbeaumontuk,Markbeaumontuk,1
148219,Article,Markbeaumontuk,Markbeaumontuk,1
148092,Article,Markbeaumontuk,Markbeaumontuk,1
148071,Article,Markbeaumontuk,lyngardner,3
148221,Article,Markbeaumontuk,aleksk,36
148104,Article,Markbeaumontuk,davidhepworth,2
148128,Article,Markbeaumontuk,Markbeaumontuk,1
147997,Article,Markbeaumontuk,Markbeaumontuk,1
148175,Article,Markbeaumontuk,Markbeaumontuk,1
148055,Article,Markbeaumontuk,Markbeaumontuk,1
148064,Article,Markbeaumontuk,Markbeaumontuk,1
148032,Article,Markbeaumontuk,jhoffman,27
148047,Article,Markbeaumontuk,MarinaHyde,27
148028,Article,Markbeaumontuk,Markbeaumontuk,1
148592,Tweet,Markbeaumontuk,Markbeaumontuk,1
148378,Tweet,Markbeaumontuk,charltonbrooker,67
148706,Tweet,Markbeaumontuk,laurenlaverne,420
148764,Tweet,Markbeaumontuk,naomi2009,39
148469,Tweet,Markbeaumontuk,peterbradshaw1,442
148541,Tweet,Markbeaumontuk,peterbradshaw1,441
148823,Tweet,Markbeaumontuk,msrachelcooke,269
148385,Tweet,Markbeaumontuk,tomfriedman,420
148370,Tweet,Markbeaumontuk,wesley_morris,89
148585,Tweet,Markbeaumontuk,nicklezard,10
148655,Tweet,Markbeaumontuk,polblonde,437
148611,Tweet,Markbeaumontuk,timlottwriter,81
148391,Tweet,Markbeaumontuk,ajaysuraTOI,388
148593,Tweet,Markbeaumontuk,rjadHinduBL,46
148746,Tweet,Markbeaumontuk,ajaysuraTOI,430
18424,Article,SangerNYT,SangerNYT,1
18468,Article,SangerNYT,hillhulse,19
18446,Article,SangerNYT,SangerNYT,1
18406,Article,SangerNYT,julianbarnes,9
18458,Article,SangerNYT,RachelDonadio,121
18476,Article,SangerNYT,ericschmittnyt,4
18418,Article,SangerNYT,julianbarnes,2
18456,Article,SangerNYT,SangerNYT,1
18450,Article,SangerNYT,LFFriedman,5
18451,Article,SangerNYT,antontroian,2
18422,Article,SangerNYT,NYTimesCohen,11
18480,Article,SangerNYT,SangerNYT,1
18464,Article,SangerNYT,julianbarnes,2
18498,Article,SangerNYT,julianbarnes,2
18440,Article,SangerNYT,SangerNYT,1
18595,Tweet,SangerNYT,IKershner,41
18573,Tweet,SangerNYT,michaelcrowley,12
18547,Tweet,SangerNYT,RosySequeiraTOI,179
18517,Tweet,SangerNYT,tomfriedman,30
18551,Tweet,SangerNYT,desaisantosh,22
18575,Tweet,SangerNYT,jameskanter,225
18562,Tweet,SangerNYT,tomfriedman,28
18587,Tweet,SangerNYT,tomfriedman,103
18527,Tweet,SangerNYT,tomfriedman,30
18506,Tweet,SangerNYT,tomfriedman,88
18561,Tweet,SangerNYT,michaelcrowley,67
18564,Tweet,SangerNYT,michaelcrowley,32
18522,Tweet,SangerNYT,michaelcrowley,84
18569,Tweet,SangerNYT,vwang3,3
18556,Tweet,SangerNYT,RosySequeiraTOI,117
114112,Article,paulmasonnews,leninology,12
113975,Article,paulmasonnews,afuahirsch,65
114168,Article,paulmasonnews,DeccaJourno,25
114149,Article,paulmasonnews,ukigoni,15
114138,Article,paulmasonnews,desaisantosh,18
113948,Article,paulmasonnews,andrewrawnsley,73
114048,Article,paulmasonnews,nicholaswatt,95
113988,Article,paulmasonnews,williamnhutton,101
113986,Article,paulmasonnews,TimdeLisle,19
114089,Article,paulmasonnews,ollywainwright,36
114062,Article,paulmasonnews,desaisantosh,13
114117,Article,paulmasonnews,JohnJCrace,81
114113,Article,paulmasonnews,leninology,22
114078,Article,paulmasonnews,bglendenning,92
113969,Article,paulmasonnews,williamnhutton,103
114644,Tweet,paulmasonnews,AndrewSparrow,15
114254,Tweet,paulmasonnews,tomfriedman,5
114417,Tweet,paulmasonnews,RosySequeiraTOI,12
114335,Tweet,paulmasonnews,emilybell,49
114220,Tweet,paulmasonnews,WilbyPeter,15
114769,Tweet,paulmasonnews,michaelcrowley,3
114535,Tweet,paulmasonnews,RosySequeiraTOI,28
114255,Tweet,paulmasonnews,paulmasonnews,1
114209,Tweet,paulmasonnews,RosySequeiraTOI,51
114362,Tweet,paulmasonnews,juliemTOI,9
114336,Tweet,paulmasonnews,RosySequeiraTOI,57
114652,Tweet,paulmasonnews,AndrewSparrow,24
114324,Tweet,paulmasonnews,lukeharding1968,5
114454,Tweet,paulmasonnews,allegramcevedy,37
114432,Tweet,paulmasonnews,RosySequeiraTOI,136
190531,Article,kush_junglee,kush_junglee,1
190456,Article,kush_junglee,jatinder_tur,10
190553,Article,kush_junglee,kush_junglee,1
190548,Article,kush_junglee,kush_junglee,1
190413,Article,kush_junglee,IpsitaTOI,2
190339,Article,kush_junglee,DSandip_TOI,2
190524,Article,kush_junglee,AjayUgrasTOI,2
190330,Article,kush_junglee,pankajdoval,9
190532,Article,kush_junglee,priyangiTOI,25
190499,Article,kush_junglee,KomalGautham,27
190354,Article,kush_junglee,ShoebKhanTOI,3
190333,Article,kush_junglee,kush_junglee,1
190345,Article,kush_junglee,journo_vibha,10
190496,Article,kush_junglee,priyangiTOI,3
190401,Article,kush_junglee,DSandip_TOI,4
190640,Tweet,kush_junglee,debaratisen,3
190579,Tweet,kush_junglee,kush_junglee,1
190646,Tweet,kush_junglee,kush_junglee,1
190600,Tweet,kush_junglee,vijaysinghTOI,33
190601,Tweet,kush_junglee,MohitaTOI,10
190602,Tweet,kush_junglee,murarishetyeTOI,95
190589,Tweet,kush_junglee,kush_junglee,1
190644,Tweet,kush_junglee,kush_junglee,1
190567,Tweet,kush_junglee,andrewrawnsley,121
190595,Tweet,kush_junglee,EmilyAnthes,119
190588,Tweet,kush_junglee,kush_junglee,1
190609,Tweet,kush_junglee,divyapal2013,96
190594,Tweet,kush_junglee,parthasinha,49
190597,Tweet,kush_junglee,desaisantosh,108
190585,Tweet,kush_junglee,kush_junglee,1
170059,Article,ajaykanth7,ajaykanth7,1
170113,Article,ajaykanth7,ajaykanth7,1
170199,Article,ajaykanth7,ajaykanth7,1
170106,Article,ajaykanth7,ajaykanth7,1
170047,Article,ajaykanth7,TimdeLisle,130
170262,Article,ajaykanth7,ajaykanth7,1
170027,Article,ajaykanth7,ajaykanth7,1
170078,Article,ajaykanth7,ajaykanth7,1
170085,Article,ajaykanth7,PjJoychen,2
170097,Article,ajaykanth7,SidharthB25,5
170040,Article,ajaykanth7,AjayUgrasTOI,15
170255,Article,ajaykanth7,mateenHTOI,4
170048,Article,ajaykanth7,ajaykanth7,1
170042,Article,ajaykanth7,Crime_Selvaraj,2
170192,Article,ajaykanth7,mateenHTOI,3
170296,Tweet,ajaykanth7,ramarkosg,3
170275,Tweet,ajaykanth7,ajaykanth7,1
170300,Tweet,ajaykanth7,shiba_kurian,65
170282,Tweet,ajaykanth7,amitanandTOI,126
170288,Tweet,ajaykanth7,RosySequeiraTOI,168
170348,Tweet,ajaykanth7,TOISH31,192
170304,Tweet,ajaykanth7,yeshikabudhwar,29
170274,Tweet,ajaykanth7,polblonde,9
170287,Tweet,ajaykanth7,ajaykanth7,1
170322,Tweet,ajaykanth7,ajaykanth7,1
170316,Tweet,ajaykanth7,GRajivTOI,3
170329,Tweet,ajaykanth7,ajaykanth7,1
170313,Tweet,ajaykanth7,ajaykanth7,1
170293,Tweet,ajaykanth7,ajaykanth7,1
170323,Tweet,ajaykanth7,ajaykanth7,1
207650,Article,RosySequeiraTOI,RosySequeiraTOI,1
207686,Article,RosySequeiraTOI,RosySequeiraTOI,1
207703,Article,RosySequeiraTOI,RosySequeiraTOI,1
207711,Article,RosySequeiraTOI,RosySequeiraTOI,1
207550,Article,RosySequeiraTOI,rebeccaSTOI,2
207549,Article,RosySequeiraTOI,RosySequeiraTOI,1
207717,Article,RosySequeiraTOI,RosySequeiraTOI,1
207669,Article,RosySequeiraTOI,RosySequeiraTOI,1
207604,Article,RosySequeiraTOI,RosySequeiraTOI,1
207725,Article,RosySequeiraTOI,RosySequeiraTOI,1
207732,Article,RosySequeiraTOI,RosySequeiraTOI,1
207724,Article,RosySequeiraTOI,RosySequeiraTOI,1
207706,Article,RosySequeiraTOI,RosySequeiraTOI,1
207618,Article,RosySequeiraTOI,RosySequeiraTOI,1
207627,Article,RosySequeiraTOI,RosySequeiraTOI,1
207803,Tweet,RosySequeiraTOI,RosySequeiraTOI,1
207818,Tweet,RosySequeiraTOI,RosySequeiraTOI,1
207825,Tweet,RosySequeiraTOI,RosySequeiraTOI,1
207790,Tweet,RosySequeiraTOI,RosySequeiraTOI,1
207842,Tweet,RosySequeiraTOI,RosySequeiraTOI,1
207843,Tweet,RosySequeiraTOI,journo_vibha,26
207824,Tweet,RosySequeiraTOI,RosySequeiraTOI,1
207833,Tweet,RosySequeiraTOI,RosySequeiraTOI,1
207787,Tweet,RosySequeiraTOI,RosySequeiraTOI,1
207819,Tweet,RosySequeiraTOI,RosySequeiraTOI,1
207791,Tweet,RosySequeiraTOI,RosySequeiraTOI,1
207807,Tweet,RosySequeiraTOI,DeccaJourno,5
207795,Tweet,RosySequeiraTOI,RosySequeiraTOI,1
207797,Tweet,RosySequeiraTOI,saumyajitbTOI,173
207831,Tweet,RosySequeiraTOI,RosySequeiraTOI,1
162474,Article,npwcnn,npwcnn,1
162528,Article,npwcnn,npwcnn,1
162500,Article,npwcnn,npwcnn,1
162440,Article,npwcnn,npwcnn,1
162558,Article,npwcnn,JohnJCrace,40
162438,Article,npwcnn,john_hooper,2
162585,Article,npwcnn,desaisantosh,112
162368,Article,npwcnn,steve_hewlett,18
162459,Article,npwcnn,npwcnn,1
162458,Article,npwcnn,npwcnn,1
162571,Article,npwcnn,npwcnn,1
162468,Article,npwcnn,npwcnn,1
162590,Article,npwcnn,npwcnn,1
162499,Article,npwcnn,npwcnn,1
162427,Article,npwcnn,kbennhold,2
163008,Tweet,npwcnn,npwcnn,1
163111,Tweet,npwcnn,jayamenon64,13
162718,Tweet,npwcnn,rachshabi,159
162924,Tweet,npwcnn,jimwaterson,210
163010,Tweet,npwcnn,MattFutterman,11
162885,Tweet,npwcnn,murarishetyeTOI,7
163040,Tweet,npwcnn,tomfriedman,16
163130,Tweet,npwcnn,lukeharding1968,3
162692,Tweet,npwcnn,michaelcrowley,2
162902,Tweet,npwcnn,EmmaBubola,7
162653,Tweet,npwcnn,fmanjoo,140
163038,Tweet,npwcnn,npwcnn,1
162858,Tweet,npwcnn,KTVinobhaTOI,11
162807,Tweet,npwcnn,jbouie,98
162673,Tweet,npwcnn,jotted,264
115835,Article,JoshuaRozenberg,nicholaswatt,34
115656,Article,JoshuaRozenberg,sunny_hundal,6
115670,Article,JoshuaRozenberg,steve_hewlett,13
115699,Article,JoshuaRozenberg,TimdeLisle,67
115703,Article,JoshuaRozenberg,davidleighx,16
115717,Article,JoshuaRozenberg,JoshuaRozenberg,1
115866,Article,JoshuaRozenberg,greenslader,9
115860,Article,JoshuaRozenberg,emilybell,7
115818,Article,JoshuaRozenberg,ewenmacaskill,3
115762,Article,JoshuaRozenberg,JoshuaRozenberg,1
115801,Article,JoshuaRozenberg,NilsPratley,5
115707,Article,JoshuaRozenberg,patrickwintour,6
115658,Article,JoshuaRozenberg,NilsPratley,7
115804,Article,JoshuaRozenberg,leninology,6
115685,Article,JoshuaRozenberg,leninology,95
116123,Tweet,JoshuaRozenberg,JoshuaRozenberg,1
116424,Tweet,JoshuaRozenberg,toi_dhananjayM,114
116143,Tweet,JoshuaRozenberg,andrewrawnsley,65
116388,Tweet,JoshuaRozenberg,andrewrawnsley,32
115923,Tweet,JoshuaRozenberg,WilbyPeter,3
116358,Tweet,JoshuaRozenberg,andrewrawnsley,136
116216,Tweet,JoshuaRozenberg,murarishetyeTOI,39
116367,Tweet,JoshuaRozenberg,nicholaswatt,12
116142,Tweet,JoshuaRozenberg,murarishetyeTOI,8
115925,Tweet,JoshuaRozenberg,andrewrawnsley,4
115921,Tweet,JoshuaRozenberg,RosySequeiraTOI,30
115999,Tweet,JoshuaRozenberg,andrewrawnsley,54
115906,Tweet,JoshuaRozenberg,jameskanter,16
115910,Tweet,JoshuaRozenberg,andrewrawnsley,33
116099,Tweet,JoshuaRozenberg,JoshuaRozenberg,1
95213,Article,alexbellos,alexbellos,1
95135,Article,alexbellos,alexbellos,1
95260,Article,alexbellos,alexbellos,1
95108,Article,alexbellos,alexbellos,1
95236,Article,alexbellos,alexbellos,1
95094,Article,alexbellos,alexbellos,1
95315,Article,alexbellos,alexbellos,1
95101,Article,alexbellos,alexbellos,1
95132,Article,alexbellos,RowanMoore,23
95224,Article,alexbellos,alexbellos,1
95264,Article,alexbellos,alexbellos,1
95125,Article,alexbellos,alexbellos,1
95162,Article,alexbellos,alexbellos,1
95188,Article,alexbellos,alexbellos,1
95252,Article,alexbellos,alexbellos,1
95342,Tweet,alexbellos,alexbellos,1
95684,Tweet,alexbellos,gettleman,18
95793,Tweet,alexbellos,nicklezard,263
95610,Tweet,alexbellos,DanielKingChess,167
95772,Tweet,alexbellos,murarishetyeTOI,4
95704,Tweet,alexbellos,nicklezard,24
95559,Tweet,alexbellos,alanconnor,5
95774,Tweet,alexbellos,DanielKingChess,3
95647,Tweet,alexbellos,alexbellos,1
95779,Tweet,alexbellos,ditzkoff,127
95356,Tweet,alexbellos,RosySequeiraTOI,61
95744,Tweet,alexbellos,alanconnor,3
95715,Tweet,alexbellos,alexbellos,1
95507,Tweet,alexbellos,debaratisen,118
95763,Tweet,alexbellos,joshwiddicombe,113
154758,Article,questingvole,davidhepworth,2
154831,Article,questingvole,thrasherxy,85
154611,Article,questingvole,williamnhutton,84
154749,Article,questingvole,polblonde,69
154750,Article,questingvole,sunny_hundal,4
154683,Article,questingvole,garyyounge,49
154784,Article,questingvole,davidhepworth,7
154790,Article,questingvole,chiggi,38
154746,Article,questingvole,charltonbrooker,4
154716,Article,questingvole,shattenstone,106
154792,Article,questingvole,davidhepworth,6
154759,Article,questingvole,davidhepworth,5
154752,Article,questingvole,WilbyPeter,10
154782,Article,questingvole,polblonde,11
154686,Article,questingvole,winematcher,36
155235,Tweet,questingvole,andrewrawnsley,21
155193,Tweet,questingvole,sarfrazmanzoor,38
155236,Tweet,questingvole,jbouie,51
155209,Tweet,questingvole,jbouie,54
155434,Tweet,questingvole,JessicaValenti,55
154964,Tweet,questingvole,nicholaswatt,34
154969,Tweet,questingvole,anemonanyc,5
154911,Tweet,questingvole,andrewrawnsley,21
155158,Tweet,questingvole,nicklezard,6
155380,Tweet,questingvole,msrachelcooke,54
155027,Tweet,questingvole,emmabrockes,116
155322,Tweet,questingvole,maevesther,91
155165,Tweet,questingvole,andrewrawnsley,20
155294,Tweet,questingvole,andrew_mueller,104
155036,Tweet,questingvole,NilsPratley,40
199886,Article,parthasinha,parthasinha,1
199948,Article,parthasinha,aseemsgujar,2
199861,Article,parthasinha,aseemsgujar,2
199798,Article,parthasinha,aseemsgujar,2
199918,Article,parthasinha,parthasinha,1
199771,Article,parthasinha,parthasinha,1
199738,Article,parthasinha,parthasinha,1
199916,Article,parthasinha,KapildaveTOI,2
199936,Article,parthasinha,aseemsgujar,2
199844,Article,parthasinha,parthasinha,1
199924,Article,parthasinha,parthasinha,1
199843,Article,parthasinha,parthasinha,1
199751,Article,parthasinha,parthasinha,1
199909,Article,parthasinha,aseemsgujar,2
199944,Article,parthasinha,aseemsgujar,2
199983,Tweet,parthasinha,mtomasky,135
200034,Tweet,parthasinha,parthasinha,1
199990,Tweet,parthasinha,RorySmith,2
200063,Tweet,parthasinha,parthasinha,1
200072,Tweet,parthasinha,joshwiddicombe,454
200007,Tweet,parthasinha,winematcher,29
200065,Tweet,parthasinha,RosySequeiraTOI,379
200047,Tweet,parthasinha,msrachelcooke,87
199995,Tweet,parthasinha,parthasinha,1
199999,Tweet,parthasinha,kbennhold,80
200003,Tweet,parthasinha,shattenstone,2
200014,Tweet,parthasinha,winematcher,2
200066,Tweet,parthasinha,jimwaterson,3
200018,Tweet,parthasinha,salihughes,3
200037,Tweet,parthasinha,questingvole,14
176480,Article,bagishjhaTOI,bagishjhaTOI,1
176581,Article,bagishjhaTOI,bagishjhaTOI,1
176630,Article,bagishjhaTOI,pradeepjourno,25
176528,Article,bagishjhaTOI,JohnJCrace,195
176586,Article,bagishjhaTOI,vijaysinghTOI,31
176564,Article,bagishjhaTOI,AjayUgrasTOI,14
176439,Article,bagishjhaTOI,BhanupratapsTOI,38
176470,Article,bagishjhaTOI,advityabahlTOI,46
176520,Article,bagishjhaTOI,SumitraDebRoy,31
176507,Article,bagishjhaTOI,BawaNaaved,13
176522,Article,bagishjhaTOI,AjayUgrasTOI,27
176440,Article,bagishjhaTOI,akhileshsTOI,29
176641,Article,bagishjhaTOI,KanwardeepsTOI,60
176450,Article,bagishjhaTOI,bagishjhaTOI,1
176643,Article,bagishjhaTOI,AjayUgrasTOI,44
176720,Tweet,bagishjhaTOI,nauzerbTOI,230
176680,Tweet,bagishjhaTOI,andrewrawnsley,76
176677,Tweet,bagishjhaTOI,bagishjhaTOI,1
176706,Tweet,bagishjhaTOI,somitsenTOI,16
176723,Tweet,bagishjhaTOI,AditiZero,2
176708,Tweet,bagishjhaTOI,bishnoiarvind11,24
176737,Tweet,bagishjhaTOI,bishnoiarvind11,6
176693,Tweet,bagishjhaTOI,AditiZero,3
176710,Tweet,bagishjhaTOI,bagishjhaTOI,1
176676,Tweet,bagishjhaTOI,manvirsainiTOI,39
176674,Tweet,bagishjhaTOI,farnazfassihi,309
176711,Tweet,bagishjhaTOI,NishikantkTOI,2
176694,Tweet,bagishjhaTOI,PNaveenTOI,3
176734,Tweet,bagishjhaTOI,journo_vibha,49
176749,Tweet,bagishjhaTOI,mateenHTOI,5
81552,Article,ukigoni,saumyajitbTOI,4
81419,Article,ukigoni,jbouie,216
81520,Article,ukigoni,ukigoni,1
81387,Article,ukigoni,domphillips,3
81445,Article,ukigoni,afuahirsch,27
81560,Article,ukigoni,vanbadham,117
81512,Article,ukigoni,ukigoni,1
81527,Article,ukigoni,domphillips,2
81505,Article,ukigoni,FranklinBlog,2
81562,Article,ukigoni,ukigoni,1
81494,Article,ukigoni,ukigoni,1
81543,Article,ukigoni,edvulliamy,26
81495,Article,ukigoni,ukigoni,1
81374,Article,ukigoni,ukigoni,1
81444,Article,ukigoni,ukigoni,1
81966,Tweet,ukigoni,ajaysuraTOI,19
81622,Tweet,ukigoni,murarishetyeTOI,2
81949,Tweet,ukigoni,murarishetyeTOI,17
82081,Tweet,ukigoni,PamBelluck,3
81759,Tweet,ukigoni,ukigoni,1
81775,Tweet,ukigoni,ukigoni,1
82142,Tweet,ukigoni,tomfriedman,13
81838,Tweet,ukigoni,murarishetyeTOI,11
81870,Tweet,ukigoni,ukigoni,1
81742,Tweet,ukigoni,ukigoni,1
82133,Tweet,ukigoni,gettleman,6
82046,Tweet,ukigoni,timatkin,5
81869,Tweet,ukigoni,apoorva_nyc,367
82093,Tweet,ukigoni,paulkrugman,6
82201,Tweet,ukigoni,kush_junglee,6
77220,Article,TanyaGold1,TanyaGold1,1
77391,Article,TanyaGold1,jbouie,33
77297,Article,TanyaGold1,desaisantosh,18
77198,Article,TanyaGold1,williamkeegan,3
77303,Article,TanyaGold1,TanyaGold1,1
77291,Article,TanyaGold1,bylizrobbins,134
77397,Article,TanyaGold1,dwightgarner,3
77394,Article,TanyaGold1,davidhepworth,20
77372,Article,TanyaGold1,sarfrazmanzoor,83
77230,Article,TanyaGold1,bglendenning,76
77382,Article,TanyaGold1,davidhepworth,7
77197,Article,TanyaGold1,emmabrockes,36
77419,Article,TanyaGold1,williamnhutton,99
77196,Article,TanyaGold1,msrachelcooke,43
77250,Article,TanyaGold1,kiracochrane,88
77460,Tweet,TanyaGold1,marywalshjourno,414
77485,Tweet,TanyaGold1,RosySequeiraTOI,101
77574,Tweet,TanyaGold1,NesrineMalik,45
77972,Tweet,TanyaGold1,jimwaterson,25
77593,Tweet,TanyaGold1,andrewrawnsley,71
77489,Tweet,TanyaGold1,RosySequeiraTOI,132
77567,Tweet,TanyaGold1,ewenmacaskill,6
77996,Tweet,TanyaGold1,timatkin,73
77756,Tweet,TanyaGold1,RosySequeiraTOI,130
77514,Tweet,TanyaGold1,vvfriedman,123
77521,Tweet,TanyaGold1,jimwaterson,27
77584,Tweet,TanyaGold1,desaisantosh,129
77660,Tweet,TanyaGold1,gmorgenson,94
77899,Tweet,TanyaGold1,lucysiegle,336
77823,Tweet,TanyaGold1,nicklezard,40
174574,Article,Arun_Ram,sermoninstone,34
174522,Article,Arun_Ram,Arun_Ram,1
174548,Article,Arun_Ram,PhanindraP_TNIE,95
174676,Article,Arun_Ram,sunny_hundal,4
174668,Article,Arun_Ram,ArunDev1,2
174603,Article,Arun_Ram,abantika77,2
174621,Article,Arun_Ram,HemantaTOI,8
174657,Article,Arun_Ram,Rupalijee,69
174624,Article,Arun_Ram,jayamenon64,3
174568,Article,Arun_Ram,akhileshsTOI,18
174586,Article,Arun_Ram,Arun_Ram,1
174663,Article,Arun_Ram,RowennaDavis,154
174567,Article,Arun_Ram,Arun_Ram,1
174503,Article,Arun_Ram,sermoninstone,7
174604,Article,Arun_Ram,Arun_Ram,1
174735,Tweet,Arun_Ram,andrewrawnsley,61
174776,Tweet,Arun_Ram,andrewrawnsley,50
174769,Tweet,Arun_Ram,MohitaTOI,4
174789,Tweet,Arun_Ram,andrewrawnsley,188
174697,Tweet,Arun_Ram,Arun_Ram,1
174709,Tweet,Arun_Ram,RosySequeiraTOI,88
174760,Tweet,Arun_Ram,RosySequeiraTOI,150
174771,Tweet,Arun_Ram,murarishetyeTOI,57
174721,Tweet,Arun_Ram,yazhiniyanTOI,40
174744,Tweet,Arun_Ram,omjasvinTOI,4
174730,Tweet,Arun_Ram,murarishetyeTOI,60
174754,Tweet,Arun_Ram,akhileshsTOI,20
174734,Tweet,Arun_Ram,andrewrawnsley,67
174707,Tweet,Arun_Ram,utejonmayamTOI,3
174749,Tweet,Arun_Ram,juliemTOI,74
155468,Article,hannahdev,hannahdev,1
155502,Article,hannahdev,ggreenwald,83
155674,Article,hannahdev,philipoltermann,9
155510,Article,hannahdev,hannahdev,1
155529,Article,hannahdev,jonathanwatts,4
155591,Article,hannahdev,hannahdev,1
155513,Article,hannahdev,salihughes,2
155469,Article,hannahdev,hannahdev,1
155498,Article,hannahdev,hannahdev,1
155640,Article,hannahdev,hannahdev,1
155660,Article,hannahdev,NilsPratley,7
155678,Article,hannahdev,NilsPratley,8
155585,Article,hannahdev,hannahdev,1
155536,Article,hannahdev,chiggi,190
155662,Article,hannahdev,hannahdev,1
155812,Tweet,hannahdev,rachshabi,102
156003,Tweet,hannahdev,hannahdev,1
155856,Tweet,hannahdev,debaratisen,136
155906,Tweet,hannahdev,RosySequeiraTOI,65
156102,Tweet,hannahdev,desaisantosh,120
155847,Tweet,hannahdev,BawaNaaved,212
155798,Tweet,hannahdev,nicklezard,81
155907,Tweet,hannahdev,jennydeluxe,191
155810,Tweet,hannahdev,hannahdev,1
155749,Tweet,hannahdev,AlysFowler,137
156224,Tweet,hannahdev,apoorva_nyc,32
156114,Tweet,hannahdev,GiniaNYT,148
155764,Tweet,hannahdev,RoniNYTimes,19
155910,Tweet,hannahdev,naomi2009,113
155844,Tweet,hannahdev,naomi2009,149
55661,Article,GeorgeMonbiot,leninology,24
55623,Article,GeorgeMonbiot,paulmasonnews,34
55506,Article,GeorgeMonbiot,GeorgeMonbiot,1
55580,Article,GeorgeMonbiot,garyyounge,79
55579,Article,GeorgeMonbiot,vanbadham,2
55609,Article,GeorgeMonbiot,VivianHo,117
55697,Article,GeorgeMonbiot,williamnhutton,9
55688,Article,GeorgeMonbiot,dansabbagh,10
55645,Article,GeorgeMonbiot,vanbadham,4
55696,Article,GeorgeMonbiot,carlzimmer,160
55469,Article,GeorgeMonbiot,GeorgeMonbiot,1
55594,Article,GeorgeMonbiot,dansabbagh,23
55637,Article,GeorgeMonbiot,desaisantosh,39
55617,Article,GeorgeMonbiot,williamnhutton,97
55595,Article,GeorgeMonbiot,carolecadwalla,77
56169,Tweet,GeorgeMonbiot,jameskanter,11
55873,Tweet,GeorgeMonbiot,apoorva_nyc,5
55994,Tweet,GeorgeMonbiot,GeorgeMonbiot,1
56199,Tweet,GeorgeMonbiot,jbouie,71
56164,Tweet,GeorgeMonbiot,naomi2009,3
56005,Tweet,GeorgeMonbiot,ajaysuraTOI,156
56182,Tweet,GeorgeMonbiot,ajaysuraTOI,122
55941,Tweet,GeorgeMonbiot,polblonde,419
55965,Tweet,GeorgeMonbiot,RosySequeiraTOI,199
55848,Tweet,GeorgeMonbiot,desaisantosh,109
56223,Tweet,GeorgeMonbiot,jonronson,65
55914,Tweet,GeorgeMonbiot,jonronson,112
55969,Tweet,GeorgeMonbiot,ronojoy_sen,69
55709,Tweet,GeorgeMonbiot,GeorgeMonbiot,1
56220,Tweet,GeorgeMonbiot,GeorgeMonbiot,1
125198,Article,billicritic,davidhepworth,2
125193,Article,billicritic,billicritic,1
125305,Article,billicritic,billicritic,1
125227,Article,billicritic,billicritic,1
125335,Article,billicritic,billicritic,1
125104,Article,billicritic,billicritic,1
125297,Article,billicritic,billicritic,1
125244,Article,billicritic,billicritic,1
125259,Article,billicritic,billicritic,1
125210,Article,billicritic,billicritic,1
125247,Article,billicritic,billicritic,1
125291,Article,billicritic,winematcher,3
125280,Article,billicritic,billicritic,1
125231,Article,billicritic,billicritic,1
125179,Article,billicritic,billicritic,1
125358,Tweet,billicritic,billicritic,1
125849,Tweet,billicritic,billicritic,1
125507,Tweet,billicritic,billicritic,1
125566,Tweet,billicritic,billicritic,1
125811,Tweet,billicritic,billicritic,1
125694,Tweet,billicritic,billicritic,1
125663,Tweet,billicritic,WilbyPeter,4
125949,Tweet,billicritic,billicritic,1
125458,Tweet,billicritic,billicritic,1
125564,Tweet,billicritic,billicritic,1
125922,Tweet,billicritic,billicritic,1
125398,Tweet,billicritic,billicritic,1
125472,Tweet,billicritic,billicritic,1
125368,Tweet,billicritic,billicritic,1
125611,Tweet,billicritic,billicritic,1
124271,Article,SearleAdrian,NilsPratley,20
124348,Article,SearleAdrian,MarinaHyde,33
124429,Article,SearleAdrian,davidhepworth,30
124360,Article,SearleAdrian,ollywainwright,6
124386,Article,SearleAdrian,parul_sehgal,74
124444,Article,SearleAdrian,LucyMangan,4
124393,Article,SearleAdrian,billicritic,28
124390,Article,SearleAdrian,DerekMalcolm123,282
124463,Article,SearleAdrian,davidhepworth,15
124438,Article,SearleAdrian,Freedland,4
124288,Article,SearleAdrian,vanbadham,32
124405,Article,SearleAdrian,maevesther,7
124351,Article,SearleAdrian,billicritic,36
124339,Article,SearleAdrian,LauraCummingArt,23
124433,Article,SearleAdrian,billicritic,23
124731,Tweet,SearleAdrian,SearleAdrian,1
124674,Tweet,SearleAdrian,timatkin,14
124526,Tweet,SearleAdrian,parul_sehgal,15
124626,Tweet,SearleAdrian,nicklezard,140
124871,Tweet,SearleAdrian,andrewrawnsley,2
124822,Tweet,SearleAdrian,andrewrawnsley,15
124523,Tweet,SearleAdrian,elizabday,50
125068,Tweet,SearleAdrian,samrob12,4
124595,Tweet,SearleAdrian,andrewrawnsley,25
124712,Tweet,SearleAdrian,andrewrawnsley,194
124668,Tweet,SearleAdrian,gilestremlett,2
124629,Tweet,SearleAdrian,timatkin,16
124752,Tweet,SearleAdrian,rachshabi,41
124680,Tweet,SearleAdrian,RosySequeiraTOI,41
125005,Tweet,SearleAdrian,psangeetha2112,5
67256,Article,we_are_food,ollywainwright,8
67333,Article,we_are_food,we_are_food,1
67269,Article,we_are_food,we_are_food,1
67328,Article,we_are_food,FelicityCloake,2
67388,Article,we_are_food,gabyhinsliff,20
67307,Article,we_are_food,AlysFowler,11
67422,Article,we_are_food,we_are_food,1
67253,Article,we_are_food,FelicityCloake,2
67409,Article,we_are_food,FelicityCloake,2
67267,Article,we_are_food,FelicityCloake,2
67248,Article,we_are_food,we_are_food,1
67344,Article,we_are_food,we_are_food,1
67232,Article,we_are_food,FelicityCloake,2
67257,Article,we_are_food,FelicityCloake,13
67414,Article,we_are_food,bglendenning,58
68015,Tweet,we_are_food,samsifton,68
67586,Tweet,we_are_food,lyngardner,121
68010,Tweet,we_are_food,we_are_food,1
68029,Tweet,we_are_food,ottolenghi,2
67738,Tweet,we_are_food,juliemTOI,36
67649,Tweet,we_are_food,ottolenghi,2
68016,Tweet,we_are_food,lucywardsings,151
67839,Tweet,we_are_food,samsifton,78
67828,Tweet,we_are_food,we_are_food,1
67750,Tweet,we_are_food,RosySequeiraTOI,35
67814,Tweet,we_are_food,ajaysuraTOI,18
67796,Tweet,we_are_food,samsifton,33
68009,Tweet,we_are_food,we_are_food,1
67838,Tweet,we_are_food,yeshikabudhwar,5
67784,Tweet,we_are_food,we_are_food,1
25453,Article,fmanjoo,BenWeiserNYT,174
25484,Article,fmanjoo,fmanjoo,1
25447,Article,fmanjoo,jillfilipovic,19
25420,Article,fmanjoo,jeannasmialek,34
25473,Article,fmanjoo,ASoloski,4
25417,Article,fmanjoo,pete_wells,12
25401,Article,fmanjoo,gmorgenson,4
25439,Article,fmanjoo,NikiKitsantonis,89
25459,Article,fmanjoo,jonpareles,2
25416,Article,fmanjoo,ASoloski,13
25497,Article,fmanjoo,fmanjoo,1
25481,Article,fmanjoo,ASoloski,6
25487,Article,fmanjoo,PerriKlass,3
25472,Article,fmanjoo,EVincentelli,41
25496,Article,fmanjoo,wesley_morris,22
25536,Tweet,fmanjoo,juliemTOI,73
25519,Tweet,fmanjoo,andrewrawnsley,105
25514,Tweet,fmanjoo,ceciliakang,5
25510,Tweet,fmanjoo,FrancesRobles,69
25570,Tweet,fmanjoo,richardwolffedc,166
25588,Tweet,fmanjoo,VivianHo,91
25508,Tweet,fmanjoo,yeshikabudhwar,22
25578,Tweet,fmanjoo,lucysiegle,36
25591,Tweet,fmanjoo,andrewrawnsley,92
25596,Tweet,fmanjoo,ottolenghi,87
25557,Tweet,fmanjoo,MarinaOLoughlin,93
25582,Tweet,fmanjoo,tomfriedman,198
25559,Tweet,fmanjoo,vwang3,44
25504,Tweet,fmanjoo,jbouie,3
25524,Tweet,fmanjoo,_nicolaclark,10
187416,Article,jatinder_tur,toi_dhananjayM,40
187436,Article,jatinder_tur,jatinder_tur,1
187415,Article,jatinder_tur,jatinder_tur,1
187425,Article,jatinder_tur,KapildaveTOI,16
187478,Article,jatinder_tur,yeshikabudhwar,24
187399,Article,jatinder_tur,jatinder_tur,1
187442,Article,jatinder_tur,jatinder_tur,1
187395,Article,jatinder_tur,jatinder_tur,1
187471,Article,jatinder_tur,jatinder_tur,1
187463,Article,jatinder_tur,payaldhawanTOI,20
187462,Article,jatinder_tur,jatinder_tur,1
187407,Article,jatinder_tur,jatinder_tur,1
187473,Article,jatinder_tur,ollywainwright,161
187465,Article,jatinder_tur,jatinder_tur,1
187427,Article,jatinder_tur,jatinder_tur,1
187543,Tweet,jatinder_tur,saumyajitbTOI,4
187503,Tweet,jatinder_tur,amitanandTOI,11
187486,Tweet,jatinder_tur,vwang3,105
187552,Tweet,jatinder_tur,ShrinivasaMTOI,11
187553,Tweet,jatinder_tur,nicklezard,153
187566,Tweet,jatinder_tur,jbouie,80
187577,Tweet,jatinder_tur,MohitaTOI,22
187560,Tweet,jatinder_tur,MohitaTOI,25
187521,Tweet,jatinder_tur,jatinder_tur,1
187487,Tweet,jatinder_tur,MohitaTOI,77
187491,Tweet,jatinder_tur,MohitaTOI,16
187498,Tweet,jatinder_tur,jatinder_tur,1
187488,Tweet,jatinder_tur,salihughes,33
187514,Tweet,jatinder_tur,yazhiniyanTOI,101
187523,Tweet,jatinder_tur,nicklezard,22
62348,Article,LucyMangan,DerekMalcolm123,4
62353,Article,LucyMangan,davidhepworth,3
62298,Article,LucyMangan,LucyMangan,1
62135,Article,LucyMangan,peterbradshaw1,2
62361,Article,LucyMangan,LucyMangan,1
62227,Article,LucyMangan,peterbradshaw1,2
62197,Article,LucyMangan,jimwaterson,2
62355,Article,LucyMangan,bglendenning,12
62134,Article,LucyMangan,LucyMangan,1
62327,Article,LucyMangan,LucyMangan,1
62313,Article,LucyMangan,alexvtunzelmann,2
62318,Article,LucyMangan,LucyMangan,1
62339,Article,LucyMangan,davidhepworth,2
62289,Article,LucyMangan,LucyMangan,1
62371,Article,LucyMangan,winematcher,9
62839,Tweet,LucyMangan,msmirandasawyer,73
62838,Tweet,LucyMangan,DawnHFoster,299
62545,Tweet,LucyMangan,LucyMangan,1
62485,Tweet,LucyMangan,afuahirsch,7
62811,Tweet,LucyMangan,LucyMangan,1
62906,Tweet,LucyMangan,andrewrawnsley,6
62820,Tweet,LucyMangan,LucyMangan,1
62601,Tweet,LucyMangan,andrewrawnsley,198
62944,Tweet,LucyMangan,MoharBasu,3
62694,Tweet,LucyMangan,LucyMangan,1
62661,Tweet,LucyMangan,LucyMangan,1
62942,Tweet,LucyMangan,yeshikabudhwar,54
62829,Tweet,LucyMangan,yeshikabudhwar,55
62915,Tweet,LucyMangan,Crime_Selvaraj,369
62473,Tweet,LucyMangan,MarinaOLoughlin,43
118537,Article,sarahditum,sarahditum,1
118529,Article,sarahditum,polblonde,2
118493,Article,sarahditum,williamnhutton,102
118442,Article,sarahditum,thestephmerritt,45
118542,Article,sarahditum,JessicaValenti,10
118550,Article,sarahditum,sarahditum,1
118430,Article,sarahditum,nicklezard,2
118413,Article,sarahditum,JohnJCrace,212
118437,Article,sarahditum,archiebland,65
118469,Article,sarahditum,sarahditum,1
118508,Article,sarahditum,sarahditum,1
118513,Article,sarahditum,sarahditum,1
118402,Article,sarahditum,nicklezard,5
118444,Article,sarahditum,DerekMalcolm123,24
118500,Article,sarahditum,lucysiegle,3
119151,Tweet,sarahditum,jbouie,2
119058,Tweet,sarahditum,sarahditum,1
118946,Tweet,sarahditum,nicklezard,67
118868,Tweet,sarahditum,shattenstone,113
119112,Tweet,sarahditum,sarahditum,1
118652,Tweet,sarahditum,sarahditum,1
119057,Tweet,sarahditum,nicklezard,5
118676,Tweet,sarahditum,msmirandasawyer,38
118724,Tweet,sarahditum,annanorthtweets,105
118720,Tweet,sarahditum,nicklezard,9
119139,Tweet,sarahditum,sarahditum,1
118693,Tweet,sarahditum,MoharBasu,314
118771,Tweet,sarahditum,msrachelcooke,4
119063,Tweet,sarahditum,sarahditum,1
118889,Tweet,sarahditum,sarahditum,1
50563,Article,thestephmerritt,MichaelWhite,242
50496,Article,thestephmerritt,kenanmalik,3
50613,Article,thestephmerritt,axrenton,152
50492,Article,thestephmerritt,peterbradshaw1,77
50626,Article,thestephmerritt,charltonbrooker,139
50546,Article,thestephmerritt,winematcher,6
50469,Article,thestephmerritt,vanbadham,251
50552,Article,thestephmerritt,ASoloski,22
50583,Article,thestephmerritt,DerekMalcolm123,37
50449,Article,thestephmerritt,thestephmerritt,1
50467,Article,thestephmerritt,thestephmerritt,1
50523,Article,thestephmerritt,MichaelWhite,291
50575,Article,thestephmerritt,davidhepworth,37
50558,Article,thestephmerritt,thestephmerritt,1
50603,Article,thestephmerritt,davidhepworth,39
50940,Tweet,thestephmerritt,andrew_mueller,134
50978,Tweet,thestephmerritt,IAmTimDowling,9
51061,Tweet,thestephmerritt,winematcher,70
50972,Tweet,thestephmerritt,salihughes,41
50953,Tweet,thestephmerritt,rachshabi,61
50904,Tweet,thestephmerritt,jimwaterson,2
50814,Tweet,thestephmerritt,VivianHo,7
51102,Tweet,thestephmerritt,rachshabi,46
50675,Tweet,thestephmerritt,rachshabi,13
50715,Tweet,thestephmerritt,LucyMangan,58
51005,Tweet,thestephmerritt,laurenlaverne,116
50706,Tweet,thestephmerritt,andrewrawnsley,2
51018,Tweet,thestephmerritt,desaisantosh,79
50952,Tweet,thestephmerritt,parul_sehgal,32
50701,Tweet,thestephmerritt,DerekMalcolm123,8
112400,Article,RowennaDavis,jimwaterson,26
112390,Article,RowennaDavis,Bencjacobs,264
112475,Article,RowennaDavis,winematcher,54
112392,Article,RowennaDavis,DerekMalcolm123,201
112380,Article,RowennaDavis,JohnJCrace,19
112463,Article,RowennaDavis,williamkeegan,4
112466,Article,RowennaDavis,IanCobain,11
112425,Article,RowennaDavis,aleksk,94
112414,Article,RowennaDavis,sarfrazmanzoor,156
112372,Article,RowennaDavis,lucywardsings,37
112440,Article,RowennaDavis,lucywardsings,41
112420,Article,RowennaDavis,dansabbagh,6
112437,Article,RowennaDavis,VivianHo,35
112381,Article,RowennaDavis,RowennaDavis,1
112458,Article,RowennaDavis,polblonde,20
112966,Tweet,RowennaDavis,desaisantosh,279
112565,Tweet,RowennaDavis,vwang3,41
112967,Tweet,RowennaDavis,DeccaJourno,2
112970,Tweet,RowennaDavis,ajaysuraTOI,85
112896,Tweet,RowennaDavis,gettleman,24
112948,Tweet,RowennaDavis,desaisantosh,28
112841,Tweet,RowennaDavis,andrewrawnsley,14
112518,Tweet,RowennaDavis,andrewrawnsley,3
112730,Tweet,RowennaDavis,polblonde,27
112561,Tweet,RowennaDavis,lucywardsings,8
112685,Tweet,RowennaDavis,RosySequeiraTOI,157
112957,Tweet,RowennaDavis,vishwamTOI,48
112999,Tweet,RowennaDavis,desaisantosh,37
112699,Tweet,RowennaDavis,RosySequeiraTOI,21
112760,Tweet,RowennaDavis,RowennaDavis,1
94320,Article,philipoltermann,VivianHo,6
94468,Article,philipoltermann,williamnhutton,85
94386,Article,philipoltermann,philipoltermann,1
94260,Article,philipoltermann,philipoltermann,1
94353,Article,philipoltermann,bglendenning,73
94443,Article,philipoltermann,ameliagentleman,5
94383,Article,philipoltermann,IanCobain,18
94273,Article,philipoltermann,AndrewSparrow,60
94357,Article,philipoltermann,philipoltermann,1
94434,Article,philipoltermann,seaningle,3
94437,Article,philipoltermann,hugolowell,4
94432,Article,philipoltermann,desaisantosh,143
94463,Article,philipoltermann,npwcnn,4
94375,Article,philipoltermann,bglendenning,97
94459,Article,philipoltermann,lukeharding1968,25
95079,Tweet,philipoltermann,RosySequeiraTOI,13
94962,Tweet,philipoltermann,ronojoy_sen,154
94670,Tweet,philipoltermann,Freedland,7
94881,Tweet,philipoltermann,ewenmacaskill,183
94901,Tweet,philipoltermann,nicklezard,15
94950,Tweet,philipoltermann,lucysiegle,150
94826,Tweet,philipoltermann,desaisantosh,124
94529,Tweet,philipoltermann,meddynyt,3
94873,Tweet,philipoltermann,ajaysuraTOI,232
94533,Tweet,philipoltermann,antontroian,4
95049,Tweet,philipoltermann,murarishetyeTOI,230
94548,Tweet,philipoltermann,MarinaOLoughlin,45
94585,Tweet,philipoltermann,philipoltermann,1
95005,Tweet,philipoltermann,desaisantosh,183
94811,Tweet,philipoltermann,ArthurNeslen,6
71109,Article,HackneyAbbott,AndrewSparrow,35
71093,Article,HackneyAbbott,williamkeegan,4
71085,Article,HackneyAbbott,williamkeegan,7
71141,Article,HackneyAbbott,emmabrockes,3
71033,Article,HackneyAbbott,JohnJCrace,68
71153,Article,HackneyAbbott,sunny_hundal,11
71147,Article,HackneyAbbott,WilbyPeter,3
71041,Article,HackneyAbbott,HackneyAbbott,1
71044,Article,HackneyAbbott,timjonze,31
71069,Article,HackneyAbbott,williamnhutton,56
71053,Article,HackneyAbbott,HackneyAbbott,1
71050,Article,HackneyAbbott,HackneyAbbott,1
71142,Article,HackneyAbbott,HackneyAbbott,1
71121,Article,HackneyAbbott,williamkeegan,23
71077,Article,HackneyAbbott,williamkeegan,8
71549,Tweet,HackneyAbbott,DSlotnik,3
71588,Tweet,HackneyAbbott,AndrewSparrow,7
71332,Tweet,HackneyAbbott,viasimonromero,21
71710,Tweet,HackneyAbbott,OfficeGSBrown,13
71238,Tweet,HackneyAbbott,HackneyAbbott,1
71392,Tweet,HackneyAbbott,GeorgeMonbiot,201
71738,Tweet,HackneyAbbott,JoshuaRozenberg,5
71510,Tweet,HackneyAbbott,marywalshjourno,4
71308,Tweet,HackneyAbbott,llerer,39
71557,Tweet,HackneyAbbott,vwang3,41
71186,Tweet,HackneyAbbott,AndrewSparrow,2
71719,Tweet,HackneyAbbott,jonpareles,139
71195,Tweet,HackneyAbbott,RosySequeiraTOI,23
71311,Tweet,HackneyAbbott,AndrewSparrow,2
71432,Tweet,HackneyAbbott,AndrewSparrow,9
165912,Article,bglendenning,bglendenning,1
165770,Article,bglendenning,msrachelcooke,122
165717,Article,bglendenning,aleksk,132
165771,Article,bglendenning,bglendenning,1
165778,Article,bglendenning,bglendenning,1
165834,Article,bglendenning,joshwiddicombe,4
165868,Article,bglendenning,saumyajitbTOI,10
165915,Article,bglendenning,Freedland,24
165809,Article,bglendenning,archiebland,229
165874,Article,bglendenning,bglendenning,1
165709,Article,bglendenning,MarinaHyde,11
165798,Article,bglendenning,charlie_savage,21
165731,Article,bglendenning,bglendenning,1
165721,Article,bglendenning,desaisantosh,169
165855,Article,bglendenning,TimdeLisle,146
166228,Tweet,bglendenning,mtomasky,16
166223,Tweet,bglendenning,RorySmith,2
166364,Tweet,bglendenning,hadleyfreeman,127
166536,Tweet,bglendenning,jimwaterson,10
166326,Tweet,bglendenning,andrewrawnsley,45
166409,Tweet,bglendenning,jimwaterson,17
166363,Tweet,bglendenning,bglendenning,1
166117,Tweet,bglendenning,shattenstone,9
166095,Tweet,bglendenning,andrewrawnsley,7
166290,Tweet,bglendenning,jimwaterson,3
166421,Tweet,bglendenning,jimwaterson,15
166093,Tweet,bglendenning,tariqpanja,2
166003,Tweet,bglendenning,RorySmith,7
166192,Tweet,bglendenning,jimwaterson,6
166279,Tweet,bglendenning,jimwaterson,2
68567,Article,MonaChalabi,wesley_morris,44
68561,Article,MonaChalabi,MonaChalabi,1
68728,Article,MonaChalabi,chiggi,128
68743,Article,MonaChalabi,MonaChalabi,1
68559,Article,MonaChalabi,archiebland,300
68573,Article,MonaChalabi,chiggi,106
68696,Article,MonaChalabi,MonaChalabi,1
68683,Article,MonaChalabi,jbouie,141
68618,Article,MonaChalabi,bglendenning,42
68719,Article,MonaChalabi,nytdavidbrooks,10
68603,Article,MonaChalabi,MonaChalabi,1
68582,Article,MonaChalabi,nytdavidbrooks,3
68591,Article,MonaChalabi,EmmaBubola,5
68763,Article,MonaChalabi,archiebland,94
68741,Article,MonaChalabi,MonaChalabi,1
68923,Tweet,MonaChalabi,murarishetyeTOI,10
69326,Tweet,MonaChalabi,msrachelcooke,39
68943,Tweet,MonaChalabi,jimwaterson,64
69107,Tweet,MonaChalabi,ajaysuraTOI,86
69201,Tweet,MonaChalabi,RosySequeiraTOI,94
69170,Tweet,MonaChalabi,MonaChalabi,1
69054,Tweet,MonaChalabi,EricaLG,91
69011,Tweet,MonaChalabi,nicklezard,79
69360,Tweet,MonaChalabi,AlysFowler,99
69167,Tweet,MonaChalabi,jillfilipovic,4
68834,Tweet,MonaChalabi,lucywardsings,124
69290,Tweet,MonaChalabi,ameliagentleman,58
68806,Tweet,MonaChalabi,jayamenon64,77
68967,Tweet,MonaChalabi,polblonde,23
68897,Tweet,MonaChalabi,jillfilipovic,6
70372,Article,sunny_hundal,williamnhutton,186
70266,Article,sunny_hundal,williamkeegan,2
70410,Article,sunny_hundal,sunny_hundal,1
70285,Article,sunny_hundal,sunny_hundal,1
70334,Article,sunny_hundal,richardwolffedc,24
70294,Article,sunny_hundal,sunny_hundal,1
70382,Article,sunny_hundal,sunny_hundal,1
70312,Article,sunny_hundal,AndrewSparrow,11
70385,Article,sunny_hundal,sunny_hundal,1
70240,Article,sunny_hundal,polblonde,2
70346,Article,sunny_hundal,mtomasky,15
70298,Article,sunny_hundal,sunny_hundal,1
70366,Article,sunny_hundal,sunny_hundal,1
70275,Article,sunny_hundal,maevesther,21
70289,Article,sunny_hundal,sunny_hundal,1
70618,Tweet,sunny_hundal,vwang3,415
70461,Tweet,sunny_hundal,GeorgeMonbiot,57
70682,Tweet,sunny_hundal,ajaysuraTOI,477
70642,Tweet,sunny_hundal,naomi2009,3
70582,Tweet,sunny_hundal,jonpareles,450
70525,Tweet,sunny_hundal,afuahirsch,131
70824,Tweet,sunny_hundal,vwang3,442
70748,Tweet,sunny_hundal,jeannasmialek,146
70497,Tweet,sunny_hundal,viasimonromero,457
70951,Tweet,sunny_hundal,naomi2009,16
70782,Tweet,sunny_hundal,gailcollins,477
71004,Tweet,sunny_hundal,petleepeter,237
70874,Tweet,sunny_hundal,jeannasmialek,464
71027,Tweet,sunny_hundal,jameskanter,10
70495,Tweet,sunny_hundal,sunny_hundal,1
220434,Article,vijaysinghTOI,vijaysinghTOI,1
220583,Article,vijaysinghTOI,vijaysinghTOI,1
220447,Article,vijaysinghTOI,vijaysinghTOI,1
220419,Article,vijaysinghTOI,AjayUgrasTOI,16
220560,Article,vijaysinghTOI,RosySequeiraTOI,5
220654,Article,vijaysinghTOI,vijaysinghTOI,1
220466,Article,vijaysinghTOI,vijaysinghTOI,1
220411,Article,vijaysinghTOI,vijaysinghTOI,1
220455,Article,vijaysinghTOI,HemantaTOI,10
220626,Article,vijaysinghTOI,rhymetraveller,2
220479,Article,vijaysinghTOI,richapintoi,5
220649,Article,vijaysinghTOI,UttaraVarmaTOI,15
220619,Article,vijaysinghTOI,vijaypTOI,11
220554,Article,vijaysinghTOI,vijaysinghTOI,1
220636,Article,vijaysinghTOI,NishikantkTOI,6
220671,Tweet,vijaysinghTOI,desaisantosh,3
220734,Tweet,vijaysinghTOI,PNaveenTOI,13
220719,Tweet,vijaysinghTOI,RosySequeiraTOI,2
220749,Tweet,vijaysinghTOI,murarishetyeTOI,2
220746,Tweet,vijaysinghTOI,petleepeter,62
220740,Tweet,vijaysinghTOI,murarishetyeTOI,5
220707,Tweet,vijaysinghTOI,MonaChalabi,78
220682,Tweet,vijaysinghTOI,peterbradshaw1,132
220726,Tweet,vijaysinghTOI,sandhyanairTOI,5
220710,Tweet,vijaysinghTOI,juliemTOI,42
220708,Tweet,vijaysinghTOI,AditiZero,10
220676,Tweet,vijaysinghTOI,vijaysinghTOI,1
220686,Tweet,vijaysinghTOI,dkarthikTOI,23
220696,Tweet,vijaysinghTOI,saumyajitbTOI,29
220705,Tweet,vijaysinghTOI,vijaysinghTOI,1
183720,Article,Gauraw2297,sushmi_dey,13
183823,Article,Gauraw2297,IpsitaTOI,17
183819,Article,Gauraw2297,sushmi_dey,10
183739,Article,Gauraw2297,AnujaJaiswalTOI,12
183780,Article,Gauraw2297,minatisinghaTOI,44
183813,Article,Gauraw2297,SidharthB25,38
183684,Article,Gauraw2297,shafaquealamTOI,10
183880,Article,Gauraw2297,ThevarSteffy,6
183808,Article,Gauraw2297,petleepeter,15
183732,Article,Gauraw2297,SagrikaKissu,32
183916,Article,Gauraw2297,anandbodhTOI,21
183862,Article,Gauraw2297,ThevarSteffy,10
183898,Article,Gauraw2297,SribaalaVTOI,12
183693,Article,Gauraw2297,parthshastriTOI,14
183899,Article,Gauraw2297,sushmi_dey,14
183993,Tweet,Gauraw2297,Gauraw2297,1
183994,Tweet,Gauraw2297,Gauraw2297,1
183940,Tweet,Gauraw2297,Gauraw2297,1
183973,Tweet,Gauraw2297,Gauraw2297,1
183983,Tweet,Gauraw2297,Gauraw2297,1
183948,Tweet,Gauraw2297,Gauraw2297,1
183978,Tweet,Gauraw2297,Gauraw2297,1
183981,Tweet,Gauraw2297,Gauraw2297,1
183927,Tweet,Gauraw2297,Gauraw2297,1
183933,Tweet,Gauraw2297,Gauraw2297,1
184010,Tweet,Gauraw2297,Gauraw2297,1
183941,Tweet,Gauraw2297,Gauraw2297,1
183945,Tweet,Gauraw2297,Gauraw2297,1
183925,Tweet,Gauraw2297,Gauraw2297,1
184002,Tweet,Gauraw2297,Gauraw2297,1
99569,Article,vanbadham,JohnJCrace,153
99524,Article,vanbadham,garyyounge,37
99526,Article,vanbadham,dansabbagh,137
99390,Article,vanbadham,gabyhinsliff,208
99555,Article,vanbadham,garyyounge,45
99413,Article,vanbadham,jayrayner1,229
99386,Article,vanbadham,polblonde,258
99483,Article,vanbadham,jbouie,143
99517,Article,vanbadham,WilbyPeter,99
99377,Article,vanbadham,JohnJCrace,20
99585,Article,vanbadham,TimdeLisle,4
99544,Article,vanbadham,archiebland,159
99363,Article,vanbadham,gabyhinsliff,224
99468,Article,vanbadham,andrewrawnsley,8
99580,Article,vanbadham,MichaelWhite,4
99882,Tweet,vanbadham,polblonde,70
99808,Tweet,vanbadham,RosySequeiraTOI,74
99757,Tweet,vanbadham,andrewrawnsley,206
99672,Tweet,vanbadham,tomfriedman,31
99788,Tweet,vanbadham,joshwiddicombe,7
100035,Tweet,vanbadham,murarishetyeTOI,45
100141,Tweet,vanbadham,lucysiegle,26
100178,Tweet,vanbadham,murarishetyeTOI,54
99698,Tweet,vanbadham,KTVinobhaTOI,92
99879,Tweet,vanbadham,ajaysuraTOI,41
99784,Tweet,vanbadham,nandinisgTOI,188
99642,Tweet,vanbadham,tomfriedman,105
100075,Tweet,vanbadham,attackerman,45
100172,Tweet,vanbadham,davidleighx,96
100040,Tweet,vanbadham,jimwaterson,166
181216,Article,dipakdashTOI,dipakdashTOI,1
181068,Article,dipakdashTOI,dipakdashTOI,1
181273,Article,dipakdashTOI,vaibhavgTOI,149
181145,Article,dipakdashTOI,richapintoi,92
181105,Article,dipakdashTOI,journo_vibha,10
181239,Article,dipakdashTOI,journo_vibha,2
181271,Article,dipakdashTOI,toi_dhananjayM,67
181116,Article,dipakdashTOI,AtulMathur_,2
181291,Article,dipakdashTOI,jatinder_tur,17
181299,Article,dipakdashTOI,durgeshjhaTOI,4
181080,Article,dipakdashTOI,dipakdashTOI,1
181209,Article,dipakdashTOI,journo_vibha,12
181107,Article,dipakdashTOI,journo_vibha,9
181253,Article,dipakdashTOI,dipakdashTOI,1
181069,Article,dipakdashTOI,dipakdashTOI,1
181350,Tweet,dipakdashTOI,niyatiparikhTOI,2
181411,Tweet,dipakdashTOI,niyatiparikhTOI,2
181346,Tweet,dipakdashTOI,dipakdashTOI,1
181371,Tweet,dipakdashTOI,murarishetyeTOI,2
181355,Tweet,dipakdashTOI,DanielKingChess,402
181386,Tweet,dipakdashTOI,niyatiparikhTOI,3
181405,Tweet,dipakdashTOI,dipakdashTOI,1
181328,Tweet,dipakdashTOI,dipakdashTOI,1
181341,Tweet,dipakdashTOI,dipakdashTOI,1
181396,Tweet,dipakdashTOI,nicklezard,456
181324,Tweet,dipakdashTOI,dipakdashTOI,1
181394,Tweet,dipakdashTOI,niyatiparikhTOI,2
181340,Tweet,dipakdashTOI,jayamenon64,197
181315,Tweet,dipakdashTOI,dipakdashTOI,1
181399,Tweet,dipakdashTOI,dipakdashTOI,1
186517,Article,IpsitaTOI,IpsitaTOI,1
186366,Article,IpsitaTOI,priyangiTOI,2
186435,Article,IpsitaTOI,IpsitaTOI,1
186498,Article,IpsitaTOI,IpsitaTOI,1
186355,Article,IpsitaTOI,SumitraDebRoy,29
186356,Article,IpsitaTOI,IpsitaTOI,1
186568,Article,IpsitaTOI,IpsitaTOI,1
186425,Article,IpsitaTOI,ShoebKhanTOI,2
186504,Article,IpsitaTOI,IpsitaTOI,1
186555,Article,IpsitaTOI,SumitraDebRoy,33
186554,Article,IpsitaTOI,AmritadTOI,7
186402,Article,IpsitaTOI,RosySequeiraTOI,5
186579,Article,IpsitaTOI,IpsitaTOI,1
186379,Article,IpsitaTOI,vijaypTOI,3
186587,Article,IpsitaTOI,ThevarSteffy,4
186639,Tweet,IpsitaTOI,akhileshsTOI,24
186622,Tweet,IpsitaTOI,ajaysuraTOI,186
186642,Tweet,IpsitaTOI,kush_junglee,7
186597,Tweet,IpsitaTOI,MohitaTOI,27
186696,Tweet,IpsitaTOI,IpsitaTOI,1
186661,Tweet,IpsitaTOI,IpsitaTOI,1
186678,Tweet,IpsitaTOI,IpsitaTOI,1
186663,Tweet,IpsitaTOI,IpsitaTOI,1
186612,Tweet,IpsitaTOI,IpsitaTOI,1
186621,Tweet,IpsitaTOI,journo_vibha,4
186656,Tweet,IpsitaTOI,vijaypTOI,7
186606,Tweet,IpsitaTOI,advityabahlTOI,3
186692,Tweet,IpsitaTOI,IpsitaTOI,1
186672,Tweet,IpsitaTOI,murarishetyeTOI,90
186623,Tweet,IpsitaTOI,vijaysinghTOI,4
4206,Article,ByJamesWagner,ByJamesWagner,1
4266,Article,ByJamesWagner,christophclarey,12
4283,Article,ByJamesWagner,ByJamesWagner,1
4296,Article,ByJamesWagner,ByJamesWagner,1
4211,Article,ByJamesWagner,DavidWaldstein,2
4233,Article,ByJamesWagner,ByJamesWagner,1
4273,Article,ByJamesWagner,bylizrobbins,122
4270,Article,ByJamesWagner,MattFutterman,12
4212,Article,ByJamesWagner,ByJamesWagner,1
4248,Article,ByJamesWagner,ByJamesWagner,1
4210,Article,ByJamesWagner,ByJamesWagner,1
4254,Article,ByJamesWagner,SumitraDebRoy,4
4298,Article,ByJamesWagner,ByJamesWagner,1
4277,Article,ByJamesWagner,ByJamesWagner,1
4289,Article,ByJamesWagner,ByJamesWagner,1
4313,Tweet,ByJamesWagner,ByJamesWagner,1
4307,Tweet,ByJamesWagner,ByJamesWagner,1
4303,Tweet,ByJamesWagner,ByJamesWagner,1
4337,Tweet,ByJamesWagner,jbouie,95
4366,Tweet,ByJamesWagner,DavidWaldstein,2
4342,Tweet,ByJamesWagner,timlottwriter,137
4347,Tweet,ByJamesWagner,ByJamesWagner,1
4353,Tweet,ByJamesWagner,ByJamesWagner,1
4311,Tweet,ByJamesWagner,ByJamesWagner,1
4394,Tweet,ByJamesWagner,ByJamesWagner,1
4382,Tweet,ByJamesWagner,ByJamesWagner,1
4383,Tweet,ByJamesWagner,ByJamesWagner,1
4365,Tweet,ByJamesWagner,ByJamesWagner,1
4371,Tweet,ByJamesWagner,ByJamesWagner,1
4302,Tweet,ByJamesWagner,ByJamesWagner,1
193849,Article,minatisinghaTOI,ramendrasTOI,6
193686,Article,minatisinghaTOI,ChaitanyadTOI,3
193727,Article,minatisinghaTOI,HemantaTOI,2
193762,Article,minatisinghaTOI,SindhukTOI,7
193841,Article,minatisinghaTOI,minatisinghaTOI,1
193697,Article,minatisinghaTOI,ishajainTOI,5
193714,Article,minatisinghaTOI,minatisinghaTOI,1
193653,Article,minatisinghaTOI,minatisinghaTOI,1
193858,Article,minatisinghaTOI,HemantaTOI,3
193884,Article,minatisinghaTOI,rjadHinduBL,12
193754,Article,minatisinghaTOI,PjJoychen,2
193898,Article,minatisinghaTOI,AjayUgrasTOI,42
193820,Article,minatisinghaTOI,minatisinghaTOI,1
193830,Article,minatisinghaTOI,somitsenTOI,10
193863,Article,minatisinghaTOI,archiebland,90
193979,Tweet,minatisinghaTOI,divyapal2013,4
193991,Tweet,minatisinghaTOI,minatisinghaTOI,1
193961,Tweet,minatisinghaTOI,minatisinghaTOI,1
193928,Tweet,minatisinghaTOI,BawaNaaved,26
193962,Tweet,minatisinghaTOI,parthshastriTOI,2
193917,Tweet,minatisinghaTOI,ipsinghTOI,5
193937,Tweet,minatisinghaTOI,minatisinghaTOI,1
193943,Tweet,minatisinghaTOI,palaknandiTOI,10
193967,Tweet,minatisinghaTOI,HemantaTOI,6
193908,Tweet,minatisinghaTOI,SunilSubaiah,4
193910,Tweet,minatisinghaTOI,HemantaTOI,2
193906,Tweet,minatisinghaTOI,minatisinghaTOI,1
193985,Tweet,minatisinghaTOI,SunilSubaiah,4
193983,Tweet,minatisinghaTOI,anandbodhTOI,2
193907,Tweet,minatisinghaTOI,SindhukTOI,3
144780,Article,MichaelWhite,msrachelcooke,126
144842,Article,MichaelWhite,elizabday,6
144701,Article,MichaelWhite,ukigoni,500
144941,Article,MichaelWhite,nnougayrede,25
144781,Article,MichaelWhite,JohnJCrace,183
144823,Article,MichaelWhite,andrewrawnsley,6
144711,Article,MichaelWhite,jackschofield,12
144918,Article,MichaelWhite,andrewrawnsley,3
144712,Article,MichaelWhite,andrewrawnsley,14
144933,Article,MichaelWhite,joshwiddicombe,66
144740,Article,MichaelWhite,vanbadham,6
144828,Article,MichaelWhite,JohnJCrace,46
144903,Article,MichaelWhite,williamkeegan,6
144822,Article,MichaelWhite,williamnhutton,2
144855,Article,MichaelWhite,gilestremlett,88
145037,Tweet,MichaelWhite,nytdavidbrooks,15
145440,Tweet,MichaelWhite,nicklezard,127
144976,Tweet,MichaelWhite,digbijaymishra1,43
145247,Tweet,MichaelWhite,DanielKingChess,3
145166,Tweet,MichaelWhite,JoshuaRozenberg,31
145031,Tweet,MichaelWhite,DanielKingChess,19
145281,Tweet,MichaelWhite,vwang3,10
145138,Tweet,MichaelWhite,richardwolffedc,4
145041,Tweet,MichaelWhite,chiggi,283
145011,Tweet,MichaelWhite,lucysiegle,9
144952,Tweet,MichaelWhite,MarinaHyde,138
145414,Tweet,MichaelWhite,MichaelWhite,1
145377,Tweet,MichaelWhite,AnushkaAsthana,4
144979,Tweet,MichaelWhite,lucysiegle,8
145025,Tweet,MichaelWhite,gettleman,14
186035,Article,ipsinghTOI,ThevarSteffy,87
186215,Article,ipsinghTOI,chiggi,266
186032,Article,ipsinghTOI,rhymetraveller,2
186038,Article,ipsinghTOI,rajatpTOI,135
186048,Article,ipsinghTOI,msrachelcooke,159
186165,Article,ipsinghTOI,ipsinghTOI,1
186130,Article,ipsinghTOI,yusrahusain,24
186145,Article,ipsinghTOI,dubeyavishek,19
186104,Article,ipsinghTOI,toi_dhananjayM,39
186090,Article,ipsinghTOI,NishikantkTOI,4
186105,Article,ipsinghTOI,yeshikabudhwar,17
186182,Article,ipsinghTOI,SribaalaVTOI,43
186166,Article,ipsinghTOI,ipsinghTOI,1
186216,Article,ipsinghTOI,imabdulgani,4
186043,Article,ipsinghTOI,rajendrasTOI,2
186279,Tweet,ipsinghTOI,ipsinghTOI,1
186284,Tweet,ipsinghTOI,ipsinghTOI,1
186272,Tweet,ipsinghTOI,MohitaTOI,2
186297,Tweet,ipsinghTOI,HinaRohtaki,4
186334,Tweet,ipsinghTOI,ipsinghTOI,1
186257,Tweet,ipsinghTOI,ipsinghTOI,1
186263,Tweet,ipsinghTOI,ipsinghTOI,1
186332,Tweet,ipsinghTOI,toi_dhananjayM,3
186299,Tweet,ipsinghTOI,MohitaTOI,6
186270,Tweet,ipsinghTOI,KapildaveTOI,2
186322,Tweet,ipsinghTOI,AjayUgrasTOI,2
186296,Tweet,ipsinghTOI,ipsinghTOI,1
186319,Tweet,ipsinghTOI,pradeeptTOI,84
186301,Tweet,ipsinghTOI,ipsinghTOI,1
186339,Tweet,ipsinghTOI,SiwachSukhbir,3
143916,Article,lenoretaylor,garyyounge,56
144081,Article,lenoretaylor,andrewrawnsley,81
143873,Article,lenoretaylor,NilsPratley,33
143950,Article,lenoretaylor,JohnJCrace,196
143995,Article,lenoretaylor,emmabrockes,27
143977,Article,lenoretaylor,lenoretaylor,1
144043,Article,lenoretaylor,lenoretaylor,1
144034,Article,lenoretaylor,lenoretaylor,1
143870,Article,lenoretaylor,OwenJones84,83
144038,Article,lenoretaylor,OLIVERBALCH,57
144067,Article,lenoretaylor,lenoretaylor,1
143894,Article,lenoretaylor,carolecadwalla,71
143901,Article,lenoretaylor,alanconnor,2
144093,Article,lenoretaylor,NesrineMalik,53
143891,Article,lenoretaylor,williamnhutton,97
144470,Tweet,lenoretaylor,RosySequeiraTOI,63
144280,Tweet,lenoretaylor,jotted,29
144120,Tweet,lenoretaylor,murarishetyeTOI,5
144535,Tweet,lenoretaylor,farnazfassihi,14
144231,Tweet,lenoretaylor,lenoretaylor,1
144657,Tweet,lenoretaylor,RoniNYTimes,89
144362,Tweet,lenoretaylor,murarishetyeTOI,3
144587,Tweet,lenoretaylor,michaelcrowley,32
144604,Tweet,lenoretaylor,toi_dhananjayM,4
144333,Tweet,lenoretaylor,dionnesearcey,23
144667,Tweet,lenoretaylor,jotted,63
144423,Tweet,lenoretaylor,michaelcrowley,80
144254,Tweet,lenoretaylor,FrancesRobles,174
144102,Tweet,lenoretaylor,farnazfassihi,24
144518,Tweet,lenoretaylor,livia_ar,25
213324,Article,SribaalaVTOI,umamahesh_ToI,5
213295,Article,SribaalaVTOI,SribaalaVTOI,1
213330,Article,SribaalaVTOI,SribaalaVTOI,1
213282,Article,SribaalaVTOI,SribaalaVTOI,1
213308,Article,SribaalaVTOI,SribaalaVTOI,1
213294,Article,SribaalaVTOI,vaibhavgTOI,2
213276,Article,SribaalaVTOI,SribaalaVTOI,1
213349,Article,SribaalaVTOI,KapildaveTOI,6
213347,Article,SribaalaVTOI,SribaalaVTOI,1
213423,Article,SribaalaVTOI,akhileshsTOI,3
213229,Article,SribaalaVTOI,SribaalaVTOI,1
213421,Article,SribaalaVTOI,SribaalaVTOI,1
213243,Article,SribaalaVTOI,SribaalaVTOI,1
213270,Article,SribaalaVTOI,SribaalaVTOI,1
213222,Article,SribaalaVTOI,SribaalaVTOI,1
213560,Tweet,SribaalaVTOI,SribaalaVTOI,1
213504,Tweet,SribaalaVTOI,SribaalaVTOI,1
213493,Tweet,SribaalaVTOI,SribaalaVTOI,1
213542,Tweet,SribaalaVTOI,SribaalaVTOI,1
213521,Tweet,SribaalaVTOI,SindhukTOI,5
213468,Tweet,SribaalaVTOI,SribaalaVTOI,1
213507,Tweet,SribaalaVTOI,PjJoychen,7
213553,Tweet,SribaalaVTOI,SribaalaVTOI,1
213532,Tweet,SribaalaVTOI,ChaitanyadTOI,49
213557,Tweet,SribaalaVTOI,SribaalaVTOI,1
213501,Tweet,SribaalaVTOI,SribaalaVTOI,1
213483,Tweet,SribaalaVTOI,HemantaTOI,378
213513,Tweet,SribaalaVTOI,abantika77,499
213563,Tweet,SribaalaVTOI,SribaalaVTOI,1
213509,Tweet,SribaalaVTOI,SindhukTOI,4
44087,Article,afuahirsch,domphillips,27
44073,Article,afuahirsch,bglendenning,47
43916,Article,afuahirsch,gabyhinsliff,75
43878,Article,afuahirsch,vanbadham,28
43881,Article,afuahirsch,bglendenning,30
43877,Article,afuahirsch,williamnhutton,30
44109,Article,afuahirsch,mtomasky,138
44039,Article,afuahirsch,lukeharding1968,12
44091,Article,afuahirsch,domphillips,48
44031,Article,afuahirsch,alexvtunzelmann,31
44011,Article,afuahirsch,emmabrockes,45
44045,Article,afuahirsch,declanwalsh,35
44053,Article,afuahirsch,domphillips,54
43947,Article,afuahirsch,carolecadwalla,23
44075,Article,afuahirsch,FranklinBlog,17
44363,Tweet,afuahirsch,lucywardsings,45
44176,Tweet,afuahirsch,desaisantosh,253
44518,Tweet,afuahirsch,rachshabi,85
44695,Tweet,afuahirsch,afuahirsch,1
44582,Tweet,afuahirsch,psangeetha2112,99
44660,Tweet,afuahirsch,vvfriedman,17
44621,Tweet,afuahirsch,DeccaJourno,275
44528,Tweet,afuahirsch,afuahirsch,1
44515,Tweet,afuahirsch,desaisantosh,390
44446,Tweet,afuahirsch,ajaykanth7,16
44607,Tweet,afuahirsch,margaretrenkl,173
44487,Tweet,afuahirsch,nicklezard,144
44376,Tweet,afuahirsch,steve_hewlett,362
44126,Tweet,afuahirsch,WilbyPeter,294
44206,Tweet,afuahirsch,elizabday,89
98713,Article,williamnhutton,gilestremlett,14
98716,Article,williamnhutton,PeterTatchell,12
98673,Article,williamnhutton,williamnhutton,1
98548,Article,williamnhutton,OwenJones84,6
98687,Article,williamnhutton,gabyhinsliff,32
98701,Article,williamnhutton,bglendenning,2
98582,Article,williamnhutton,TristramHuntVA,7
98499,Article,williamnhutton,andrewrawnsley,6
98585,Article,williamnhutton,OfficeGSBrown,4
98490,Article,williamnhutton,msrachelcooke,5
98730,Article,williamnhutton,OfficeGSBrown,214
98718,Article,williamnhutton,leninology,9
98735,Article,williamnhutton,TimdeLisle,11
98517,Article,williamnhutton,aleksk,18
98559,Article,williamnhutton,bglendenning,3
98761,Tweet,williamnhutton,AndrewSparrow,10
99208,Tweet,williamnhutton,paulmasonnews,3
98984,Tweet,williamnhutton,AlysFowler,12
99306,Tweet,williamnhutton,rjadHinduBL,47
98773,Tweet,williamnhutton,ajaysuraTOI,4
98765,Tweet,williamnhutton,williamnhutton,1
99193,Tweet,williamnhutton,patrickwintour,7
98815,Tweet,williamnhutton,williamkeegan,12
99261,Tweet,williamnhutton,nytdavidbrooks,65
99194,Tweet,williamnhutton,NYTimesCohen,9
98772,Tweet,williamnhutton,williamnhutton,1
99215,Tweet,williamnhutton,williamnhutton,1
99334,Tweet,williamnhutton,patrickwintour,7
99337,Tweet,williamnhutton,williamnhutton,1
99021,Tweet,williamnhutton,murarishetyeTOI,127
28455,Article,sio_burke,sio_burke,1
28424,Article,sio_burke,sio_burke,1
28476,Article,sio_burke,zwoolfe,5
28435,Article,sio_burke,sio_burke,1
28413,Article,sio_burke,sio_burke,1
28407,Article,sio_burke,sio_burke,1
28452,Article,sio_burke,bylizrobbins,20
28453,Article,sio_burke,EVincentelli,11
28482,Article,sio_burke,jameskanter,23
28492,Article,sio_burke,bylizrobbins,12
28419,Article,sio_burke,zwoolfe,2
28464,Article,sio_burke,joncaramanica,2
28497,Article,sio_burke,sio_burke,1
28494,Article,sio_burke,sio_burke,1
28422,Article,sio_burke,wesley_morris,8
28523,Tweet,sio_burke,MonaChalabi,63
28533,Tweet,sio_burke,tomfriedman,6
28554,Tweet,sio_burke,VivianHo,13
28529,Tweet,sio_burke,rachshabi,31
28504,Tweet,sio_burke,polblonde,103
28577,Tweet,sio_burke,KSchulten,6
28546,Tweet,sio_burke,ditzkoff,5
28555,Tweet,sio_burke,allegramcevedy,12
28550,Tweet,sio_burke,jennydeluxe,10
28595,Tweet,sio_burke,emmabrockes,20
28576,Tweet,sio_burke,margaretrenkl,11
28524,Tweet,sio_burke,allegramcevedy,58
28593,Tweet,sio_burke,jbouie,3
28508,Tweet,sio_burke,joshwiddicombe,5
28525,Tweet,sio_burke,annanorthtweets,19
167497,Article,007pandey,ramarkosg,4
167611,Article,007pandey,007pandey,1
167458,Article,007pandey,ramarkosg,2
167434,Article,007pandey,DekaJayanta,2
167422,Article,007pandey,aseemsgujar,2
167511,Article,007pandey,somitsenTOI,4
167622,Article,007pandey,parthasinha,2
167494,Article,007pandey,007pandey,1
167455,Article,007pandey,parthasinha,2
167428,Article,007pandey,007pandey,1
167512,Article,007pandey,vijayVsinghTOI,55
167619,Article,007pandey,ramarkosg,3
167523,Article,007pandey,007pandey,1
167495,Article,007pandey,007pandey,1
167648,Article,007pandey,parthasinha,2
167674,Tweet,007pandey,bindiyachariTOI,9
167660,Tweet,007pandey,MohitaTOI,12
167726,Tweet,007pandey,ramarkosg,11
167688,Tweet,007pandey,PjJoychen,13
167735,Tweet,007pandey,007pandey,1
167689,Tweet,007pandey,garyyounge,36
167740,Tweet,007pandey,007pandey,1
167749,Tweet,007pandey,007pandey,1
167690,Tweet,007pandey,SindhukTOI,317
167701,Tweet,007pandey,TOISH31,67
167680,Tweet,007pandey,bindiyachariTOI,9
167742,Tweet,007pandey,smita_mishra,126
167694,Tweet,007pandey,digbijaymishra1,25
167664,Tweet,007pandey,murarishetyeTOI,88
167675,Tweet,007pandey,bindiyachariTOI,10
197506,Article,NewtonSTOI,KapildaveTOI,14
197396,Article,NewtonSTOI,murarishetye,2
197548,Article,NewtonSTOI,petleepeter,13
197440,Article,NewtonSTOI,adwaidh,13
197473,Article,NewtonSTOI,murarishetyeTOI,7
197476,Article,NewtonSTOI,rajatpTOI,6
197454,Article,NewtonSTOI,richapintoi,6
197399,Article,NewtonSTOI,NewtonSTOI,1
197550,Article,NewtonSTOI,jatinder_tur,18
197424,Article,NewtonSTOI,vaibhavgTOI,23
197505,Article,NewtonSTOI,NewtonSTOI,1
197453,Article,NewtonSTOI,binays1960,4
197468,Article,NewtonSTOI,ChaitanyadTOI,3
197560,Article,NewtonSTOI,NewtonSTOI,1
197541,Article,NewtonSTOI,murarishetye,11
197645,Tweet,NewtonSTOI,andrewrawnsley,7
197658,Tweet,NewtonSTOI,jimwaterson,5
197639,Tweet,NewtonSTOI,akhileshsTOI,10
197618,Tweet,NewtonSTOI,KapildaveTOI,2
197641,Tweet,NewtonSTOI,bishnoiarvind11,373
197587,Tweet,NewtonSTOI,rajatpTOI,2
197635,Tweet,NewtonSTOI,saumyajitbTOI,14
197648,Tweet,NewtonSTOI,rebeccaSTOI,5
197608,Tweet,NewtonSTOI,NewtonSTOI,1
197597,Tweet,NewtonSTOI,MohitaTOI,233
197662,Tweet,NewtonSTOI,27saurabhsinha,152
197630,Tweet,NewtonSTOI,007pandey,209
197590,Tweet,NewtonSTOI,rajatpTOI,2
197634,Tweet,NewtonSTOI,naomi2009,2
197661,Tweet,NewtonSTOI,27saurabhsinha,198
175032,Article,Arv_Ind_Chauhan,Arv_Ind_Chauhan,1
174792,Article,Arv_Ind_Chauhan,amitanandTOI,47
175017,Article,Arv_Ind_Chauhan,KanwardeepsTOI,5
174920,Article,Arv_Ind_Chauhan,petleepeter,2
174884,Article,Arv_Ind_Chauhan,nandinisgTOI,14
174806,Article,Arv_Ind_Chauhan,ShoebKhanTOI,10
174861,Article,Arv_Ind_Chauhan,PNaveenTOI,4
175000,Article,Arv_Ind_Chauhan,27saurabhsinha,2
174934,Article,Arv_Ind_Chauhan,binays1960,13
174943,Article,Arv_Ind_Chauhan,dipakdashTOI,8
174901,Article,Arv_Ind_Chauhan,journo_vibha,6
174939,Article,Arv_Ind_Chauhan,ChaithanyaSwamy,5
174977,Article,Arv_Ind_Chauhan,dubeyavishek,13
174833,Article,Arv_Ind_Chauhan,binays1960,7
175022,Article,Arv_Ind_Chauhan,KanwardeepsTOI,3
175133,Tweet,Arv_Ind_Chauhan,MohitaTOI,42
175125,Tweet,Arv_Ind_Chauhan,tushhaikhush,12
175104,Tweet,Arv_Ind_Chauhan,murarishetyeTOI,6
175112,Tweet,Arv_Ind_Chauhan,dipakdashTOI,39
175117,Tweet,Arv_Ind_Chauhan,AditiZero,2
175116,Tweet,Arv_Ind_Chauhan,Arv_Ind_Chauhan,1
175054,Tweet,Arv_Ind_Chauhan,AditiZero,9
175093,Tweet,Arv_Ind_Chauhan,asrpmukeshTOI,212
175066,Tweet,Arv_Ind_Chauhan,pradeeptTOI,13
175071,Tweet,Arv_Ind_Chauhan,RosySequeiraTOI,102
175085,Tweet,Arv_Ind_Chauhan,tushhaikhush,9
175094,Tweet,Arv_Ind_Chauhan,toi_dhananjayM,10
175082,Tweet,Arv_Ind_Chauhan,MohitaTOI,98
175108,Tweet,Arv_Ind_Chauhan,ajaysuraTOI,52
175073,Tweet,Arv_Ind_Chauhan,MohitaTOI,51
26802,Article,vvfriedman,rpogrebin,24
26867,Article,vvfriedman,vvfriedman,1
26897,Article,vvfriedman,vvfriedman,1
26855,Article,vvfriedman,jonpareles,18
26803,Article,vvfriedman,andrewrsorkin,49
26894,Article,vvfriedman,vvfriedman,1
26873,Article,vvfriedman,MaggieAstor,80
26875,Article,vvfriedman,vvfriedman,1
26816,Article,vvfriedman,bylizrobbins,46
26887,Article,vvfriedman,vvfriedman,1
26898,Article,vvfriedman,AnaSwanson,5
26859,Article,vvfriedman,vvfriedman,1
26813,Article,vvfriedman,vvfriedman,1
26896,Article,vvfriedman,vvfriedman,1
26812,Article,vvfriedman,FlitterOnFraud,103
26997,Tweet,vvfriedman,andrewrawnsley,37
26959,Tweet,vvfriedman,vvfriedman,1
26915,Tweet,vvfriedman,polblonde,187
26945,Tweet,vvfriedman,vvfriedman,1
26939,Tweet,vvfriedman,jestei,5
26932,Tweet,vvfriedman,vvfriedman,1
26987,Tweet,vvfriedman,vvfriedman,1
26950,Tweet,vvfriedman,vvfriedman,1
26988,Tweet,vvfriedman,vvfriedman,1
26912,Tweet,vvfriedman,vvfriedman,1
26970,Tweet,vvfriedman,ajaysuraTOI,157
26948,Tweet,vvfriedman,vvfriedman,1
26918,Tweet,vvfriedman,vvfriedman,1
26963,Tweet,vvfriedman,vvfriedman,1
26991,Tweet,vvfriedman,vvfriedman,1
78925,Article,jillfilipovic,JessicaValenti,5
78982,Article,jillfilipovic,bglendenning,178
79049,Article,jillfilipovic,JessicaValenti,24
78945,Article,jillfilipovic,jillfilipovic,1
78893,Article,jillfilipovic,WilbyPeter,12
78949,Article,jillfilipovic,williamnhutton,106
78935,Article,jillfilipovic,bylizrobbins,180
78962,Article,jillfilipovic,bglendenning,125
79035,Article,jillfilipovic,AndrewSparrow,8
78907,Article,jillfilipovic,VivianHo,21
79043,Article,jillfilipovic,joshwiddicombe,12
78921,Article,jillfilipovic,RosySequeiraTOI,61
79036,Article,jillfilipovic,jillfilipovic,1
79002,Article,jillfilipovic,jillfilipovic,1
78952,Article,jillfilipovic,JessicaValenti,2
79469,Tweet,jillfilipovic,CeylanWrites,142
79438,Tweet,jillfilipovic,apoorva_nyc,9
79625,Tweet,jillfilipovic,liamstack,5
79598,Tweet,jillfilipovic,joncaramanica,60
79579,Tweet,jillfilipovic,charltonbrooker,8
79476,Tweet,jillfilipovic,GeorgeMonbiot,3
79417,Tweet,jillfilipovic,gailcollins,116
79422,Tweet,jillfilipovic,jonpareles,67
79315,Tweet,jillfilipovic,nytdavidbrooks,6
79418,Tweet,jillfilipovic,jillfilipovic,1
79297,Tweet,jillfilipovic,nytdavidbrooks,2
79604,Tweet,jillfilipovic,IAmTimDowling,12
79228,Tweet,jillfilipovic,vijayVsinghTOI,88
79234,Tweet,jillfilipovic,DouthatNYT,2
79268,Tweet,jillfilipovic,tomfriedman,4
146578,Article,FabrizioRomano,FabrizioRomano,1
146579,Article,FabrizioRomano,FabrizioRomano,1
146572,Article,FabrizioRomano,FabrizioRomano,1
146551,Article,FabrizioRomano,FabrizioRomano,1
146577,Article,FabrizioRomano,FabrizioRomano,1
146545,Article,FabrizioRomano,FabrizioRomano,1
146587,Article,FabrizioRomano,FabrizioRomano,1
146538,Article,FabrizioRomano,FabrizioRomano,1
146541,Article,FabrizioRomano,FabrizioRomano,1
146428,Article,FabrizioRomano,FabrizioRomano,1
146426,Article,FabrizioRomano,FabrizioRomano,1
146647,Article,FabrizioRomano,FabrizioRomano,1
146584,Article,FabrizioRomano,FabrizioRomano,1
146431,Article,FabrizioRomano,FabrizioRomano,1
146534,Article,FabrizioRomano,FabrizioRomano,1
147148,Tweet,FabrizioRomano,FabrizioRomano,1
146713,Tweet,FabrizioRomano,FabrizioRomano,1
147103,Tweet,FabrizioRomano,murarishetyeTOI,2
147077,Tweet,FabrizioRomano,FabrizioRomano,1
146753,Tweet,FabrizioRomano,FabrizioRomano,1
147187,Tweet,FabrizioRomano,FabrizioRomano,1
147208,Tweet,FabrizioRomano,FabrizioRomano,1
147214,Tweet,FabrizioRomano,FabrizioRomano,1
146662,Tweet,FabrizioRomano,FabrizioRomano,1
147066,Tweet,FabrizioRomano,MarcusMergulhao,3
147108,Tweet,FabrizioRomano,adwaidh,2
147197,Tweet,FabrizioRomano,FabrizioRomano,1
147162,Tweet,FabrizioRomano,FabrizioRomano,1
146886,Tweet,FabrizioRomano,FabrizioRomano,1
147037,Tweet,FabrizioRomano,FabrizioRomano,1
63145,Article,jonronson,jonronson,1
63157,Article,jonronson,jonronson,1
63144,Article,jonronson,jonronson,1
63142,Article,jonronson,jonronson,1
63109,Article,jonronson,jonronson,1
63200,Article,jonronson,TanyaGold1,2
63218,Article,jonronson,jonronson,1
63180,Article,jonronson,Freedland,3
63127,Article,jonronson,msmirandasawyer,56
63107,Article,jonronson,sunny_hundal,41
63044,Article,jonronson,axrenton,27
63159,Article,jonronson,jonronson,1
63152,Article,jonronson,jonronson,1
63025,Article,jonronson,oliverburkeman,76
63176,Article,jonronson,davidhepworth,2
63509,Tweet,jonronson,KTVinobhaTOI,301
63800,Tweet,jonronson,salihughes,5
63338,Tweet,jonronson,joshwiddicombe,223
63647,Tweet,jonronson,laurenlaverne,442
63553,Tweet,jonronson,GiniaNYT,3
63614,Tweet,jonronson,laurenlaverne,232
63433,Tweet,jonronson,RosySequeiraTOI,182
63830,Tweet,jonronson,tomdyckhoff,30
63702,Tweet,jonronson,margaretrenkl,3
63598,Tweet,jonronson,gmorgenson,8
63628,Tweet,jonronson,rachshabi,2
63817,Tweet,jonronson,jonronson,1
63650,Tweet,jonronson,joncaramanica,249
63329,Tweet,jonronson,RosySequeiraTOI,322
63421,Tweet,jonronson,shattenstone,7
8243,Article,GioRussonello,jonpareles,6
8227,Article,GioRussonello,jonpareles,6
8206,Article,GioRussonello,sio_burke,48
8280,Article,GioRussonello,jonpareles,6
8229,Article,GioRussonello,jonpareles,6
8205,Article,GioRussonello,jonpareles,6
8234,Article,GioRussonello,GioRussonello,1
8200,Article,GioRussonello,jonpareles,6
8272,Article,GioRussonello,jonpareles,6
8257,Article,GioRussonello,GioRussonello,1
8259,Article,GioRussonello,zwoolfe,17
8277,Article,GioRussonello,jonpareles,6
8253,Article,GioRussonello,MaggieAstor,87
8268,Article,GioRussonello,jonpareles,6
8204,Article,GioRussonello,jonpareles,7
8389,Tweet,GioRussonello,jonpareles,165
8366,Tweet,GioRussonello,msrachelcooke,139
8323,Tweet,GioRussonello,EVincentelli,155
8391,Tweet,GioRussonello,jfordham_jazz,4
8306,Tweet,GioRussonello,GioRussonello,1
8362,Tweet,GioRussonello,jonpareles,2
8392,Tweet,GioRussonello,ajaysuraTOI,14
8355,Tweet,GioRussonello,lucywardsings,15
8356,Tweet,GioRussonello,jonpareles,15
8328,Tweet,GioRussonello,jonpareles,3
8399,Tweet,GioRussonello,joncaramanica,41
8388,Tweet,GioRussonello,GioRussonello,1
8322,Tweet,GioRussonello,GioRussonello,1
8326,Tweet,GioRussonello,jayrayner1,174
8314,Tweet,GioRussonello,FrankBruni,8
175217,Article,aseemsgujar,aseemsgujar,1
175243,Article,aseemsgujar,aseemsgujar,1
175198,Article,aseemsgujar,aseemsgujar,1
175228,Article,aseemsgujar,aseemsgujar,1
175258,Article,aseemsgujar,aseemsgujar,1
175237,Article,aseemsgujar,aseemsgujar,1
175209,Article,aseemsgujar,aseemsgujar,1
175255,Article,aseemsgujar,neelam_raaj,9
175172,Article,aseemsgujar,007pandey,8
175195,Article,aseemsgujar,aseemsgujar,1
175213,Article,aseemsgujar,parthasinha,2
175199,Article,aseemsgujar,aseemsgujar,1
175244,Article,aseemsgujar,aseemsgujar,1
175192,Article,aseemsgujar,KapildaveTOI,2
175211,Article,aseemsgujar,aseemsgujar,1
175334,Tweet,aseemsgujar,nicklezard,264
175350,Tweet,aseemsgujar,richapintoi,22
175333,Tweet,aseemsgujar,ArunDev1,97
175308,Tweet,aseemsgujar,KanwardeepsTOI,22
175327,Tweet,aseemsgujar,AmritadTOI,29
175292,Tweet,aseemsgujar,yeshikabudhwar,41
175356,Tweet,aseemsgujar,ManjuVTOI,2
175336,Tweet,aseemsgujar,SribaalaVTOI,144
175319,Tweet,aseemsgujar,aseemsgujar,1
175367,Tweet,aseemsgujar,KapildaveTOI,50
175352,Tweet,aseemsgujar,SribaalaVTOI,103
175337,Tweet,aseemsgujar,minatisinghaTOI,41
175322,Tweet,aseemsgujar,27saurabhsinha,3
175341,Tweet,aseemsgujar,KanwardeepsTOI,4
175366,Tweet,aseemsgujar,ajaysuraTOI,52
213647,Article,sudeshnagTOI,sudeshnagTOI,1
213616,Article,sudeshnagTOI,adwaidh,3
213608,Article,sudeshnagTOI,sudeshnagTOI,1
213650,Article,sudeshnagTOI,MarcusMergulhao,4
213587,Article,sudeshnagTOI,Pratiks_TOI,7
213599,Article,sudeshnagTOI,adwaidh,2
213656,Article,sudeshnagTOI,adwaidh,9
213635,Article,sudeshnagTOI,TridibIANS,81
213570,Article,sudeshnagTOI,Shrivathsan1437,6
213567,Article,sudeshnagTOI,sudeshnagTOI,1
213607,Article,sudeshnagTOI,Shrivathsan1437,9
213623,Article,sudeshnagTOI,adwaidh,2
213634,Article,sudeshnagTOI,adwaidh,2
213659,Article,sudeshnagTOI,adwaidh,3
213613,Article,sudeshnagTOI,adwaidh,3
213734,Tweet,sudeshnagTOI,lucysiegle,203
213675,Tweet,sudeshnagTOI,sudeshnagTOI,1
213755,Tweet,sudeshnagTOI,joshwiddicombe,143
213678,Tweet,sudeshnagTOI,JessicaValenti,5
213677,Tweet,sudeshnagTOI,DanielKingChess,84
213689,Tweet,sudeshnagTOI,jonpareles,150
213742,Tweet,sudeshnagTOI,DekaJayanta,31
213756,Tweet,sudeshnagTOI,timlottwriter,54
213710,Tweet,sudeshnagTOI,yeshikabudhwar,161
213665,Tweet,sudeshnagTOI,sermoninstone,165
213761,Tweet,sudeshnagTOI,AnushkaAsthana,124
213714,Tweet,sudeshnagTOI,samsifton,318
213719,Tweet,sudeshnagTOI,sudeshnagTOI,1
213738,Tweet,sudeshnagTOI,BawaNaaved,138
213754,Tweet,sudeshnagTOI,MohitaTOI,71
28828,Article,EmmaBubola,NikiKitsantonis,17
28881,Article,EmmaBubola,michaelcrowley,3
28860,Article,EmmaBubola,meddynyt,30
28817,Article,EmmaBubola,rpogrebin,20
28819,Article,EmmaBubola,CeylanWrites,11
28850,Article,EmmaBubola,NikiKitsantonis,29
28889,Article,EmmaBubola,farnazfassihi,65
28884,Article,EmmaBubola,jasondhorowitz,23
28852,Article,EmmaBubola,vvfriedman,32
28825,Article,EmmaBubola,jotted,14
28876,Article,EmmaBubola,NikiKitsantonis,11
28804,Article,EmmaBubola,NYTBen,2
28885,Article,EmmaBubola,ianrausten,41
28869,Article,EmmaBubola,NikiKitsantonis,9
28854,Article,EmmaBubola,jasondhorowitz,5
28991,Tweet,EmmaBubola,EmmaBubola,1
28920,Tweet,EmmaBubola,nauzerbTOI,6
28912,Tweet,EmmaBubola,KeithBradsher,29
28965,Tweet,EmmaBubola,WilbyPeter,44
28930,Tweet,EmmaBubola,CeylanWrites,4
28917,Tweet,EmmaBubola,RosySequeiraTOI,13
28975,Tweet,EmmaBubola,MKSinghGkp,18
28905,Tweet,EmmaBubola,yeshikabudhwar,99
28986,Tweet,EmmaBubola,suilee,6
28960,Tweet,EmmaBubola,juliemTOI,83
28902,Tweet,EmmaBubola,EricaLG,58
28957,Tweet,EmmaBubola,RaphaelMinder,11
28909,Tweet,EmmaBubola,nauzerbTOI,41
28964,Tweet,EmmaBubola,ajaysuraTOI,87
28901,Tweet,EmmaBubola,stevenerlanger,106
11285,Article,KeithBradsher,jotted,3
11237,Article,KeithBradsher,KeithBradsher,1
11279,Article,KeithBradsher,jotted,2
11239,Article,KeithBradsher,KeithBradsher,1
11246,Article,KeithBradsher,NikiKitsantonis,11
11293,Article,KeithBradsher,gettleman,46
11260,Article,KeithBradsher,KeithBradsher,1
11259,Article,KeithBradsher,jotted,5
11282,Article,KeithBradsher,KeithBradsher,1
11221,Article,KeithBradsher,KeithBradsher,1
11253,Article,KeithBradsher,AnaSwanson,2
11212,Article,KeithBradsher,AnaSwanson,2
11297,Article,KeithBradsher,AnaSwanson,4
11209,Article,KeithBradsher,KeithBradsher,1
11241,Article,KeithBradsher,LFFriedman,8
11382,Tweet,KeithBradsher,ChuBailiang,2
11371,Tweet,KeithBradsher,RosySequeiraTOI,14
11323,Tweet,KeithBradsher,KeithBradsher,1
11340,Tweet,KeithBradsher,vwang3,4
11337,Tweet,KeithBradsher,KeithBradsher,1
11321,Tweet,KeithBradsher,KeithBradsher,1
11328,Tweet,KeithBradsher,KeithBradsher,1
11370,Tweet,KeithBradsher,KeithBradsher,1
11391,Tweet,KeithBradsher,MattFutterman,20
11327,Tweet,KeithBradsher,KeithBradsher,1
11311,Tweet,KeithBradsher,jotted,20
11317,Tweet,KeithBradsher,KeithBradsher,1
11308,Tweet,KeithBradsher,jotted,2
11357,Tweet,KeithBradsher,jotted,2
11300,Tweet,KeithBradsher,IAmTimDowling,13
33049,Article,FlitterOnFraud,FlitterOnFraud,1
33065,Article,FlitterOnFraud,FlitterOnFraud,1
33072,Article,FlitterOnFraud,samrob12,20
33056,Article,FlitterOnFraud,StacyCowley,3
33059,Article,FlitterOnFraud,jeannasmialek,4
33005,Article,FlitterOnFraud,tarasbernard,10
33015,Article,FlitterOnFraud,StacyCowley,2
33099,Article,FlitterOnFraud,NilsPratley,8
33028,Article,FlitterOnFraud,FlitterOnFraud,1
33007,Article,FlitterOnFraud,FlitterOnFraud,1
33088,Article,FlitterOnFraud,toi_dhananjayM,10
33011,Article,FlitterOnFraud,AnaSwanson,3
33062,Article,FlitterOnFraud,hillhulse,3
33094,Article,FlitterOnFraud,FlitterOnFraud,1
33074,Article,FlitterOnFraud,FlitterOnFraud,1
33121,Tweet,FlitterOnFraud,RosySequeiraTOI,172
33113,Tweet,FlitterOnFraud,livia_ar,180
33108,Tweet,FlitterOnFraud,GiniaNYT,140
33194,Tweet,FlitterOnFraud,livia_ar,121
33196,Tweet,FlitterOnFraud,WilbyPeter,214
33103,Tweet,FlitterOnFraud,steve_hewlett,337
33142,Tweet,FlitterOnFraud,nicklezard,38
33132,Tweet,FlitterOnFraud,vwang3,79
33127,Tweet,FlitterOnFraud,EricaLG,272
33143,Tweet,FlitterOnFraud,nicklezard,14
33144,Tweet,FlitterOnFraud,digbijaymishra1,208
33109,Tweet,FlitterOnFraud,jonpareles,158
33123,Tweet,FlitterOnFraud,jonpareles,294
33178,Tweet,FlitterOnFraud,RosySequeiraTOI,158
33191,Tweet,FlitterOnFraud,jonpareles,41
166785,Article,sendvictorious,sendvictorious,1
166727,Article,sendvictorious,TimdeLisle,139
166691,Article,sendvictorious,sendvictorious,1
166795,Article,sendvictorious,andrew_mueller,2
166567,Article,sendvictorious,NesrineMalik,113
166646,Article,sendvictorious,martcrossy,3
166582,Article,sendvictorious,bglendenning,277
166794,Article,sendvictorious,martcrossy,4
166644,Article,sendvictorious,sendvictorious,1
166583,Article,sendvictorious,sendvictorious,1
166641,Article,sendvictorious,andrew_mueller,2
166627,Article,sendvictorious,sendvictorious,1
166745,Article,sendvictorious,sendvictorious,1
166694,Article,sendvictorious,sendvictorious,1
166744,Article,sendvictorious,sendvictorious,1
167365,Tweet,sendvictorious,andrewrawnsley,21
166844,Tweet,sendvictorious,lindasgrant,22
167313,Tweet,sendvictorious,FrancesRobles,185
167377,Tweet,sendvictorious,jonronson,13
167361,Tweet,sendvictorious,salihughes,30
167384,Tweet,sendvictorious,sarahchurchwell,16
167037,Tweet,sendvictorious,jayrayner1,35
167090,Tweet,sendvictorious,DawnHFoster,391
166938,Tweet,sendvictorious,jonronson,13
166875,Tweet,sendvictorious,jhoffman,32
167154,Tweet,sendvictorious,chiggi,32
167264,Tweet,sendvictorious,timatkin,37
166893,Tweet,sendvictorious,desaisantosh,20
167329,Tweet,sendvictorious,jimwaterson,11
167073,Tweet,sendvictorious,jimwaterson,37
135388,Article,charltonbrooker,FranklinBlog,288
135486,Article,charltonbrooker,garyyounge,19
135450,Article,charltonbrooker,charltonbrooker,1
135460,Article,charltonbrooker,joshwiddicombe,11
135440,Article,charltonbrooker,jbouie,46
135593,Article,charltonbrooker,alexvtunzelmann,7
135538,Article,charltonbrooker,edvulliamy,13
135415,Article,charltonbrooker,archiebland,30
135453,Article,charltonbrooker,nicholaswatt,46
135483,Article,charltonbrooker,charltonbrooker,1
135481,Article,charltonbrooker,joshwiddicombe,2
135399,Article,charltonbrooker,williamnhutton,243
135518,Article,charltonbrooker,garyyounge,47
135447,Article,charltonbrooker,NesrineMalik,12
135526,Article,charltonbrooker,davidhepworth,2
135816,Tweet,charltonbrooker,elizabday,23
135798,Tweet,charltonbrooker,parul_sehgal,60
135695,Tweet,charltonbrooker,charltonbrooker,1
135752,Tweet,charltonbrooker,AlysFowler,50
136213,Tweet,charltonbrooker,DerekMalcolm123,15
135840,Tweet,charltonbrooker,charltonbrooker,1
136197,Tweet,charltonbrooker,emmabrockes,32
136220,Tweet,charltonbrooker,RosySequeiraTOI,43
136011,Tweet,charltonbrooker,RosySequeiraTOI,46
135716,Tweet,charltonbrooker,jhoffman,5
135755,Tweet,charltonbrooker,shattenstone,2
135984,Tweet,charltonbrooker,charltonbrooker,1
135771,Tweet,charltonbrooker,fmanjoo,108
135751,Tweet,charltonbrooker,RosySequeiraTOI,40
135979,Tweet,charltonbrooker,jimwaterson,4
33632,Article,livia_ar,anandbodhTOI,4
33631,Article,livia_ar,adamliptak,11
33627,Article,livia_ar,SherylNYT,33
33658,Article,livia_ar,sisario,41
33606,Article,livia_ar,ianrausten,18
33607,Article,livia_ar,ceciliakang,74
33618,Article,livia_ar,NYTimesCohen,6
33617,Article,livia_ar,apoorva_nyc,3
33692,Article,livia_ar,livia_ar,1
33698,Article,livia_ar,ianrausten,4
33655,Article,livia_ar,margaretrenkl,18
33689,Article,livia_ar,el_belson,12
33665,Article,livia_ar,joncaramanica,100
33644,Article,livia_ar,NickAtNews,14
33654,Article,livia_ar,livia_ar,1
33732,Tweet,livia_ar,vishwamTOI,206
33754,Tweet,livia_ar,StacyCowley,45
33710,Tweet,livia_ar,EricaLG,150
33749,Tweet,livia_ar,vwang3,11
33701,Tweet,livia_ar,leninology,2
33772,Tweet,livia_ar,Freedland,16
33781,Tweet,livia_ar,ArthurNeslen,6
33706,Tweet,livia_ar,EmilyAnthes,8
33792,Tweet,livia_ar,DeccaJourno,9
33751,Tweet,livia_ar,mswainwright,167
33723,Tweet,livia_ar,Freedland,66
33728,Tweet,livia_ar,AditiZero,3
33770,Tweet,livia_ar,Freedland,10
33759,Tweet,livia_ar,RosySequeiraTOI,23
33714,Tweet,livia_ar,ameliagentleman,7
185899,Article,imabdulgani,AlokKNMishra,2
185723,Article,imabdulgani,imabdulgani,1
185807,Article,imabdulgani,imabdulgani,1
185751,Article,imabdulgani,adwaidh,4
185679,Article,imabdulgani,imabdulgani,1
185847,Article,imabdulgani,DSandip_TOI,11
185669,Article,imabdulgani,akhileshsTOI,10
185842,Article,imabdulgani,vaibhavgTOI,17
185742,Article,imabdulgani,ChaitanyadTOI,2
185748,Article,imabdulgani,imabdulgani,1
185741,Article,imabdulgani,ishajainTOI,30
185821,Article,imabdulgani,rashmidTOI,4
185829,Article,imabdulgani,imabdulgani,1
185908,Article,imabdulgani,ChaitanyadTOI,3
185788,Article,imabdulgani,imabdulgani,1
186002,Tweet,imabdulgani,polblonde,402
186004,Tweet,imabdulgani,polblonde,66
185924,Tweet,imabdulgani,ShoebKhanTOI,12
185943,Tweet,imabdulgani,adwaidh,6
185993,Tweet,imabdulgani,desaisantosh,119
185973,Tweet,imabdulgani,ShoebKhanTOI,7
185927,Tweet,imabdulgani,andrewrawnsley,111
185913,Tweet,imabdulgani,kumaraswamykTOI,12
185934,Tweet,imabdulgani,kumaraswamykTOI,5
185975,Tweet,imabdulgani,imabdulgani,1
186003,Tweet,imabdulgani,debaratisen,122
185982,Tweet,imabdulgani,kumaraswamykTOI,25
185938,Tweet,imabdulgani,yeshikabudhwar,306
185912,Tweet,imabdulgani,SyedAkbarTOI,47
185972,Tweet,imabdulgani,samsifton,376
195483,Article,murarishetye,KanwardeepsTOI,14
195384,Article,murarishetye,vaibhavgTOI,2
195545,Article,murarishetye,HemantaTOI,8
195519,Article,murarishetye,mateenHTOI,17
195575,Article,murarishetye,murarishetyeTOI,11
195405,Article,murarishetye,vaibhavgTOI,16
195574,Article,murarishetye,murarishetye,1
195558,Article,murarishetye,rhymetraveller,4
195342,Article,murarishetye,murarishetye,1
195447,Article,murarishetye,KapildaveTOI,4
195426,Article,murarishetye,RosySequeiraTOI,10
195339,Article,murarishetye,murarishetyeTOI,11
195365,Article,murarishetye,mateenHTOI,58
195578,Article,murarishetye,vaibhavgTOI,5
195494,Article,murarishetye,murarishetye,1
195599,Tweet,murarishetye,murarishetye,1
195630,Tweet,murarishetye,vijayVsinghTOI,64
195597,Tweet,murarishetye,murarishetye,1
195585,Tweet,murarishetye,murarishetye,1
195637,Tweet,murarishetye,murarishetye,1
195616,Tweet,murarishetye,murarishetye,1
195670,Tweet,murarishetye,murarishetye,1
195605,Tweet,murarishetye,bindiyachariTOI,2
195610,Tweet,murarishetye,bindiyachariTOI,2
195669,Tweet,murarishetye,murarishetye,1
195608,Tweet,murarishetye,bindiyachariTOI,2
195667,Tweet,murarishetye,murarishetyeTOI,3
195682,Tweet,murarishetye,murarishetye,1
195644,Tweet,murarishetye,murarishetyeTOI,2
195663,Tweet,murarishetye,murarishetyeTOI,2
28617,Article,suilee,ginakolata,17
28675,Article,suilee,SharonLNYT,4
28642,Article,suilee,noamscheiber,127
28623,Article,suilee,AnaSwanson,7
28652,Article,suilee,SharonLNYT,2
28653,Article,suilee,MaggieAstor,226
28637,Article,suilee,ChuBailiang,11
28626,Article,suilee,gettleman,5
28665,Article,suilee,suilee,1
28614,Article,suilee,aurelienbrd,4
28641,Article,suilee,suilee,1
28667,Article,suilee,jameskanter,161
28663,Article,suilee,IKershner,96
28683,Article,suilee,aurelienbrd,45
28698,Article,suilee,ChuBailiang,80
28742,Tweet,suilee,murarishetyeTOI,3
28762,Tweet,suilee,vwang3,9
28764,Tweet,suilee,salihughes,427
28756,Tweet,suilee,ChuBailiang,5
28794,Tweet,suilee,livia_ar,28
28728,Tweet,suilee,PerriKlass,137
28767,Tweet,suilee,suilee,1
28796,Tweet,suilee,livia_ar,16
28785,Tweet,suilee,timlottwriter,250
28719,Tweet,suilee,jonpareles,107
28709,Tweet,suilee,vwang3,6
28746,Tweet,suilee,RosySequeiraTOI,147
28771,Tweet,suilee,NishikantkTOI,16
28705,Tweet,suilee,RosySequeiraTOI,115
28703,Tweet,suilee,KeithBradsher,10
80648,Article,TristramHuntVA,WilbyPeter,166
80751,Article,TristramHuntVA,aleksk,112
80568,Article,TristramHuntVA,bglendenning,68
80635,Article,TristramHuntVA,JohnJCrace,29
80690,Article,TristramHuntVA,AndrewSparrow,2
80694,Article,TristramHuntVA,TristramHuntVA,1
80740,Article,TristramHuntVA,afuahirsch,26
80730,Article,TristramHuntVA,gabyhinsliff,89
80710,Article,TristramHuntVA,NilsPratley,451
80678,Article,TristramHuntVA,AndrewSparrow,7
80597,Article,TristramHuntVA,TristramHuntVA,1
80715,Article,TristramHuntVA,andrewrawnsley,88
80708,Article,TristramHuntVA,charltonbrooker,39
80662,Article,TristramHuntVA,emilybell,279
80658,Article,TristramHuntVA,tomdyckhoff,159
81253,Tweet,TristramHuntVA,emilybell,146
80876,Tweet,TristramHuntVA,saumyajitbTOI,413
81023,Tweet,TristramHuntVA,TristramHuntVA,1
81070,Tweet,TristramHuntVA,WilbyPeter,3
80925,Tweet,TristramHuntVA,TristramHuntVA,1
80784,Tweet,TristramHuntVA,TristramHuntVA,1
81258,Tweet,TristramHuntVA,MohitaTOI,36
81283,Tweet,TristramHuntVA,TristramHuntVA,1
81334,Tweet,TristramHuntVA,andrew_mueller,63
81219,Tweet,TristramHuntVA,DerekMalcolm123,245
81076,Tweet,TristramHuntVA,laurenlaverne,158
80912,Tweet,TristramHuntVA,TristramHuntVA,1
80835,Tweet,TristramHuntVA,vvfriedman,14
80974,Tweet,TristramHuntVA,OLIVERBALCH,209
81154,Tweet,TristramHuntVA,andrew_mueller,30
199224,Article,palaknandiTOI,akhileshsTOI,2
199286,Article,palaknandiTOI,palaknandiTOI,1
199180,Article,palaknandiTOI,vaibhavgTOI,2
199075,Article,palaknandiTOI,palaknandiTOI,1
199200,Article,palaknandiTOI,palaknandiTOI,1
199054,Article,palaknandiTOI,palaknandiTOI,1
199111,Article,palaknandiTOI,akhileshsTOI,2
199125,Article,palaknandiTOI,vaibhavgTOI,2
199074,Article,palaknandiTOI,palaknandiTOI,1
199104,Article,palaknandiTOI,palaknandiTOI,1
199115,Article,palaknandiTOI,BhanupratapsTOI,2
199144,Article,palaknandiTOI,palaknandiTOI,1
199247,Article,palaknandiTOI,palaknandiTOI,1
199290,Article,palaknandiTOI,KapildaveTOI,2
199140,Article,palaknandiTOI,yeshikabudhwar,2
199366,Tweet,palaknandiTOI,vwang3,260
199357,Tweet,palaknandiTOI,bishnoiarvind11,16
199362,Tweet,palaknandiTOI,AjayUgrasTOI,10
199339,Tweet,palaknandiTOI,PjJoychen,3
199390,Tweet,palaknandiTOI,palaknandiTOI,1
199334,Tweet,palaknandiTOI,PjJoychen,2
199336,Tweet,palaknandiTOI,palaknandiTOI,1
199309,Tweet,palaknandiTOI,AjayUgrasTOI,15
199295,Tweet,palaknandiTOI,kumaraswamykTOI,265
199386,Tweet,palaknandiTOI,AjayUgrasTOI,5
199322,Tweet,palaknandiTOI,palaknandiTOI,1
199311,Tweet,palaknandiTOI,palaknandiTOI,1
199377,Tweet,palaknandiTOI,palaknandiTOI,1
199393,Tweet,palaknandiTOI,AjayUgrasTOI,4
199368,Tweet,palaknandiTOI,MohitaTOI,10
7229,Article,ESCochrane,ESCochrane,1
7211,Article,ESCochrane,npfandos,15
7220,Article,ESCochrane,ESCochrane,1
7221,Article,ESCochrane,NikiKitsantonis,68
7289,Article,ESCochrane,ESCochrane,1
7249,Article,ESCochrane,ESCochrane,1
7262,Article,ESCochrane,ESCochrane,1
7296,Article,ESCochrane,viasimonromero,6
7277,Article,ESCochrane,ESCochrane,1
7250,Article,ESCochrane,lukebroadwater,8
7263,Article,ESCochrane,ESCochrane,1
7202,Article,ESCochrane,ESCochrane,1
7201,Article,ESCochrane,GioRussonello,44
7240,Article,ESCochrane,ESCochrane,1
7266,Article,ESCochrane,hillhulse,12
7340,Tweet,ESCochrane,viasimonromero,95
7356,Tweet,ESCochrane,tripgabriel,13
7346,Tweet,ESCochrane,RosySequeiraTOI,175
7312,Tweet,ESCochrane,jimtankersley,16
7308,Tweet,ESCochrane,jmart,135
7314,Tweet,ESCochrane,AnaSwanson,34
7339,Tweet,ESCochrane,ESCochrane,1
7388,Tweet,ESCochrane,tomfriedman,68
7342,Tweet,ESCochrane,ajaysuraTOI,21
7353,Tweet,ESCochrane,jmart,58
7315,Tweet,ESCochrane,vwang3,255
7370,Tweet,ESCochrane,jimtankersley,3
7367,Tweet,ESCochrane,ESCochrane,1
7324,Tweet,ESCochrane,hillhulse,7
7372,Tweet,ESCochrane,michaelcrowley,23
111092,Article,AndrewSparrow,JohnJCrace,15
111205,Article,AndrewSparrow,nicholaswatt,17
111040,Article,AndrewSparrow,TimdeLisle,46
111269,Article,AndrewSparrow,NilsPratley,2
111240,Article,AndrewSparrow,VivianHo,5
111069,Article,AndrewSparrow,AndrewSparrow,1
111103,Article,AndrewSparrow,leninology,12
111262,Article,AndrewSparrow,JohnJCrace,5
111208,Article,AndrewSparrow,bglendenning,41
111230,Article,AndrewSparrow,jimwaterson,197
111150,Article,AndrewSparrow,bglendenning,51
111147,Article,AndrewSparrow,bglendenning,46
111260,Article,AndrewSparrow,jimwaterson,365
111274,Article,AndrewSparrow,msrachelcooke,60
111028,Article,AndrewSparrow,TimdeLisle,23
111498,Tweet,AndrewSparrow,AndrewSparrow,1
111621,Tweet,AndrewSparrow,Markbeaumontuk,230
111544,Tweet,AndrewSparrow,msrachelcooke,265
111405,Tweet,AndrewSparrow,AndrewSparrow,1
111722,Tweet,AndrewSparrow,AndrewSparrow,1
111569,Tweet,AndrewSparrow,nicklezard,159
111278,Tweet,AndrewSparrow,AndrewSparrow,1
111631,Tweet,AndrewSparrow,AndrewSparrow,1
111613,Tweet,AndrewSparrow,AndrewSparrow,1
111442,Tweet,AndrewSparrow,AndrewSparrow,1
111430,Tweet,AndrewSparrow,AndrewSparrow,1
111850,Tweet,AndrewSparrow,AndrewSparrow,1
111780,Tweet,AndrewSparrow,AndrewSparrow,1
111358,Tweet,AndrewSparrow,AndrewSparrow,1
111774,Tweet,AndrewSparrow,jonronson,302
200282,Article,parthshastriTOI,ShoebKhanTOI,7
200204,Article,parthshastriTOI,KapildaveTOI,16
200304,Article,parthshastriTOI,KapildaveTOI,28
200170,Article,parthshastriTOI,parthshastriTOI,1
200199,Article,parthshastriTOI,UttaraVarmaTOI,4
200184,Article,parthshastriTOI,KapildaveTOI,7
200156,Article,parthshastriTOI,ThevarSteffy,2
200157,Article,parthshastriTOI,vijayVsinghTOI,2
200155,Article,parthshastriTOI,IpsitaTOI,10
200159,Article,parthshastriTOI,parthshastriTOI,1
200147,Article,parthshastriTOI,PrashantrTOI,9
200179,Article,parthshastriTOI,SwatiShindeTOI,16
200267,Article,parthshastriTOI,parthshastriTOI,1
200291,Article,parthshastriTOI,parthshastriTOI,1
200110,Article,parthshastriTOI,IpsitaTOI,4
200337,Tweet,parthshastriTOI,parthshastriTOI,1
200411,Tweet,parthshastriTOI,parthshastriTOI,1
200401,Tweet,parthshastriTOI,parthshastriTOI,1
200339,Tweet,parthshastriTOI,parthshastriTOI,1
200397,Tweet,parthshastriTOI,parthshastriTOI,1
200380,Tweet,parthshastriTOI,parthshastriTOI,1
200329,Tweet,parthshastriTOI,parthshastriTOI,1
200391,Tweet,parthshastriTOI,parthshastriTOI,1
200364,Tweet,parthshastriTOI,parthshastriTOI,1
200410,Tweet,parthshastriTOI,KapildaveTOI,5
200362,Tweet,parthshastriTOI,parthshastriTOI,1
200338,Tweet,parthshastriTOI,parthshastriTOI,1
200336,Tweet,parthshastriTOI,parthshastriTOI,1
200369,Tweet,parthshastriTOI,RosySequeiraTOI,28
200399,Tweet,parthshastriTOI,parthshastriTOI,1
58932,Article,laurenlaverne,laurenlaverne,1
58963,Article,laurenlaverne,salihughes,83
58891,Article,laurenlaverne,laurenlaverne,1
58981,Article,laurenlaverne,sarfrazmanzoor,78
58921,Article,laurenlaverne,laurenlaverne,1
58922,Article,laurenlaverne,laurenlaverne,1
58898,Article,laurenlaverne,laurenlaverne,1
58951,Article,laurenlaverne,salihughes,67
58952,Article,laurenlaverne,salihughes,63
58913,Article,laurenlaverne,salihughes,49
58944,Article,laurenlaverne,salihughes,61
58936,Article,laurenlaverne,laurenlaverne,1
58957,Article,laurenlaverne,salihughes,36
58967,Article,laurenlaverne,salihughes,117
58910,Article,laurenlaverne,AlysFowler,51
59563,Tweet,laurenlaverne,msrachelcooke,90
59404,Tweet,laurenlaverne,andrewrawnsley,103
59288,Tweet,laurenlaverne,laurenlaverne,1
59301,Tweet,laurenlaverne,RosySequeiraTOI,3
59391,Tweet,laurenlaverne,laurenlaverne,1
59569,Tweet,laurenlaverne,laurenlaverne,1
59547,Tweet,laurenlaverne,RosySequeiraTOI,67
59251,Tweet,laurenlaverne,laurenlaverne,1
59238,Tweet,laurenlaverne,RosySequeiraTOI,62
59540,Tweet,laurenlaverne,afuahirsch,156
59137,Tweet,laurenlaverne,laurenlaverne,1
59057,Tweet,laurenlaverne,steve_hewlett,17
59553,Tweet,laurenlaverne,EricaLG,145
59439,Tweet,laurenlaverne,MarinaOLoughlin,118
59352,Tweet,laurenlaverne,LauraCummingArt,124
112125,Article,NilsPratley,NilsPratley,1
111975,Article,NilsPratley,NilsPratley,1
112011,Article,NilsPratley,NilsPratley,1
111900,Article,NilsPratley,NilsPratley,1
112000,Article,NilsPratley,NilsPratley,1
112060,Article,NilsPratley,NilsPratley,1
111982,Article,NilsPratley,NilsPratley,1
112085,Article,NilsPratley,NilsPratley,1
111929,Article,NilsPratley,Freedland,78
111993,Article,NilsPratley,NilsPratley,1
112019,Article,NilsPratley,NilsPratley,1
112078,Article,NilsPratley,NilsPratley,1
111939,Article,NilsPratley,NilsPratley,1
111971,Article,NilsPratley,NilsPratley,1
111981,Article,NilsPratley,NilsPratley,1
112235,Tweet,NilsPratley,NYTimesCohen,2
112195,Tweet,NilsPratley,NilsPratley,1
112167,Tweet,NilsPratley,NilsPratley,1
112308,Tweet,NilsPratley,NilsPratley,1
112236,Tweet,NilsPratley,NilsPratley,1
112226,Tweet,NilsPratley,NilsPratley,1
112267,Tweet,NilsPratley,andrewrawnsley,6
112243,Tweet,NilsPratley,ewenmacaskill,2
112341,Tweet,NilsPratley,NilsPratley,1
112327,Tweet,NilsPratley,ginakolata,160
112201,Tweet,NilsPratley,andrewrawnsley,60
112176,Tweet,NilsPratley,andrewrawnsley,38
112294,Tweet,NilsPratley,NilsPratley,1
112246,Tweet,NilsPratley,NilsPratley,1
112227,Tweet,NilsPratley,andrewrawnsley,46
160277,Article,TimdeLisle,lenoretaylor,12
160223,Article,TimdeLisle,DeccaJourno,25
160376,Article,TimdeLisle,bglendenning,32
160296,Article,TimdeLisle,bglendenning,20
160358,Article,TimdeLisle,joshwiddicombe,30
160172,Article,TimdeLisle,bglendenning,28
160190,Article,TimdeLisle,OwenJones84,4
160165,Article,TimdeLisle,andrewrawnsley,4
160389,Article,TimdeLisle,bglendenning,16
160338,Article,TimdeLisle,bglendenning,33
160195,Article,TimdeLisle,joshwiddicombe,36
160279,Article,TimdeLisle,joshwiddicombe,5
160183,Article,TimdeLisle,bglendenning,37
160214,Article,TimdeLisle,maevesther,14
160167,Article,TimdeLisle,jennydeluxe,3
160837,Tweet,TimdeLisle,juliemTOI,203
160500,Tweet,TimdeLisle,kumaraswamykTOI,2
160975,Tweet,TimdeLisle,andrewrawnsley,104
160956,Tweet,TimdeLisle,andrewrawnsley,186
160920,Tweet,TimdeLisle,AniltheMatrix,52
160789,Tweet,TimdeLisle,RosySequeiraTOI,171
160712,Tweet,TimdeLisle,lyngardner,328
160994,Tweet,TimdeLisle,garyyounge,115
160917,Tweet,TimdeLisle,DanielKingChess,208
160530,Tweet,TimdeLisle,peterbradshaw1,118
160797,Tweet,TimdeLisle,vwang3,84
160857,Tweet,TimdeLisle,TimdeLisle,1
161010,Tweet,TimdeLisle,DerekMalcolm123,102
160621,Tweet,TimdeLisle,RosySequeiraTOI,154
160862,Tweet,TimdeLisle,jonpareles,9
31228,Article,RachelDonadio,NikiKitsantonis,53
31213,Article,RachelDonadio,jameskanter,110
31286,Article,RachelDonadio,dwightgarner,22
31253,Article,RachelDonadio,john_hooper,94
31231,Article,RachelDonadio,EllenBarryNYT,3
31218,Article,RachelDonadio,jasondhorowitz,52
31265,Article,RachelDonadio,NikiKitsantonis,4
31215,Article,RachelDonadio,RachelDonadio,1
31212,Article,RachelDonadio,DerekMalcolm123,38
31235,Article,RachelDonadio,NikiKitsantonis,2
31238,Article,RachelDonadio,jorifinkel,36
31223,Article,RachelDonadio,farnazfassihi,175
31279,Article,RachelDonadio,NikiKitsantonis,64
31226,Article,RachelDonadio,RachelDonadio,1
31257,Article,RachelDonadio,zwoolfe,53
31367,Tweet,RachelDonadio,EricaLG,52
31380,Tweet,RachelDonadio,tomfriedman,138
31392,Tweet,RachelDonadio,RosySequeiraTOI,44
31316,Tweet,RachelDonadio,lukeharding1968,5
31303,Tweet,RachelDonadio,murarishetyeTOI,111
31376,Tweet,RachelDonadio,polblonde,180
31339,Tweet,RachelDonadio,jayamenon64,34
31356,Tweet,RachelDonadio,michaelcrowley,50
31373,Tweet,RachelDonadio,RosySequeiraTOI,200
31345,Tweet,RachelDonadio,dionnesearcey,3
31351,Tweet,RachelDonadio,RachelDonadio,1
31347,Tweet,RachelDonadio,lukeharding1968,24
31372,Tweet,RachelDonadio,murarishetyeTOI,77
31337,Tweet,RachelDonadio,RachelDonadio,1
31342,Tweet,RachelDonadio,WilbyPeter,138
141365,Article,OLIVERBALCH,OLIVERBALCH,1
141377,Article,OLIVERBALCH,leninology,6
141326,Article,OLIVERBALCH,garyyounge,49
141307,Article,OLIVERBALCH,SearleAdrian,65
141504,Article,OLIVERBALCH,carlzimmer,30
141345,Article,OLIVERBALCH,andrewrawnsley,86
141444,Article,OLIVERBALCH,markriceoxley69,101
141500,Article,OLIVERBALCH,jamesrbuk,11
141453,Article,OLIVERBALCH,ukigoni,42
141455,Article,OLIVERBALCH,jamesrbuk,35
141448,Article,OLIVERBALCH,OfficeGSBrown,3
141515,Article,OLIVERBALCH,carolecadwalla,2
141462,Article,OLIVERBALCH,RowennaDavis,2
141313,Article,OLIVERBALCH,MonaChalabi,163
141447,Article,OLIVERBALCH,JohnJCrace,4
141680,Tweet,OLIVERBALCH,parul_sehgal,128
141870,Tweet,OLIVERBALCH,ajaysuraTOI,153
141981,Tweet,OLIVERBALCH,niyatiparikhTOI,15
141766,Tweet,OLIVERBALCH,mtomasky,48
141937,Tweet,OLIVERBALCH,andrewrawnsley,5
142042,Tweet,OLIVERBALCH,RosySequeiraTOI,80
141801,Tweet,OLIVERBALCH,EricaLG,293
141709,Tweet,OLIVERBALCH,williamkeegan,257
141947,Tweet,OLIVERBALCH,andybrassell,267
141693,Tweet,OLIVERBALCH,lucysiegle,50
141714,Tweet,OLIVERBALCH,RosySequeiraTOI,159
141783,Tweet,OLIVERBALCH,divyadubey_,326
141728,Tweet,OLIVERBALCH,timlottwriter,284
142116,Tweet,OLIVERBALCH,RosySequeiraTOI,42
141593,Tweet,OLIVERBALCH,chiggi,129
186822,Article,ishajainTOI,ishajainTOI,1
186912,Article,ishajainTOI,BawaNaaved,32
186880,Article,ishajainTOI,binays1960,4
186839,Article,ishajainTOI,ishajainTOI,1
186771,Article,ishajainTOI,ishajainTOI,1
186908,Article,ishajainTOI,BawaNaaved,8
186820,Article,ishajainTOI,Arv_Ind_Chauhan,6
186832,Article,ishajainTOI,ishajainTOI,1
186914,Article,ishajainTOI,ShoebKhanTOI,3
186916,Article,ishajainTOI,ShoebKhanTOI,5
186829,Article,ishajainTOI,ShoebKhanTOI,13
186854,Article,ishajainTOI,ishajainTOI,1
186758,Article,ishajainTOI,SribaalaVTOI,298
186717,Article,ishajainTOI,asrpmukeshTOI,6
186801,Article,ishajainTOI,ishajainTOI,1
186981,Tweet,ishajainTOI,ishajainTOI,1
186969,Tweet,ishajainTOI,NirupaTOI,3
186997,Tweet,ishajainTOI,ishajainTOI,1
186956,Tweet,ishajainTOI,ishajainTOI,1
187028,Tweet,ishajainTOI,MohitaTOI,2
186964,Tweet,ishajainTOI,smita_mishra,251
187014,Tweet,ishajainTOI,MohitaTOI,79
187026,Tweet,ishajainTOI,MohitaTOI,68
187041,Tweet,ishajainTOI,mateenHTOI,33
186966,Tweet,ishajainTOI,MohitaTOI,3
187037,Tweet,ishajainTOI,MohitaTOI,52
186977,Tweet,ishajainTOI,ishajainTOI,1
186999,Tweet,ishajainTOI,Pratiks_TOI,2
187019,Tweet,ishajainTOI,ishajainTOI,1
187001,Tweet,ishajainTOI,ishajainTOI,1
139750,Article,gracedent,jayrayner1,2
139625,Article,gracedent,gracedent,1
139709,Article,gracedent,timlottwriter,13
139845,Article,gracedent,MarinaOLoughlin,2
139615,Article,gracedent,TimdeLisle,10
139841,Article,gracedent,gracedent,1
139844,Article,gracedent,archiebland,16
139811,Article,gracedent,MarinaOLoughlin,2
139623,Article,gracedent,gracedent,1
139680,Article,gracedent,gracedent,1
139832,Article,gracedent,MarinaOLoughlin,2
139809,Article,gracedent,MarinaOLoughlin,2
139801,Article,gracedent,MarinaOLoughlin,2
139747,Article,gracedent,davidhepworth,5
139787,Article,gracedent,jayrayner1,2
140169,Tweet,gracedent,joshwiddicombe,75
140116,Tweet,gracedent,jhoffman,100
140249,Tweet,gracedent,smita_mishra,52
140191,Tweet,gracedent,andrewrawnsley,92
140018,Tweet,gracedent,EricaLG,49
140104,Tweet,gracedent,timatkin,87
140384,Tweet,gracedent,andrewrawnsley,51
140272,Tweet,gracedent,laurenlaverne,2
139984,Tweet,gracedent,ElisabethMalkin,70
140245,Tweet,gracedent,melissaclark,57
140417,Tweet,gracedent,jayrayner1,40
139945,Tweet,gracedent,AlysFowler,70
140198,Tweet,gracedent,salihughes,76
140050,Tweet,gracedent,jennydeluxe,32
139927,Tweet,gracedent,LucyMangan,63
138877,Article,mtomasky,mtomasky,1
138766,Article,mtomasky,mtomasky,1
138816,Article,mtomasky,mtomasky,1
138861,Article,mtomasky,mtomasky,1
138953,Article,mtomasky,mtomasky,1
138781,Article,mtomasky,mtomasky,1
138981,Article,mtomasky,mtomasky,1
138777,Article,mtomasky,desaisantosh,10
138881,Article,mtomasky,mtomasky,1
138786,Article,mtomasky,mtomasky,1
138964,Article,mtomasky,mtomasky,1
138768,Article,mtomasky,mtomasky,1
138983,Article,mtomasky,mtomasky,1
138925,Article,mtomasky,mtomasky,1
138800,Article,mtomasky,mtomasky,1
139100,Tweet,mtomasky,ElisabethMalkin,2
139238,Tweet,mtomasky,jimwaterson,40
139491,Tweet,mtomasky,andrewrawnsley,37
139165,Tweet,mtomasky,andrewrawnsley,59
139152,Tweet,mtomasky,mtomasky,1
139295,Tweet,mtomasky,tomfriedman,92
139447,Tweet,mtomasky,anemonanyc,6
139401,Tweet,mtomasky,mtomasky,1
139568,Tweet,mtomasky,andrewrawnsley,32
139439,Tweet,mtomasky,mtomasky,1
139280,Tweet,mtomasky,andrewrawnsley,113
139289,Tweet,mtomasky,jonronson,9
139115,Tweet,mtomasky,tomfriedman,198
139227,Tweet,mtomasky,mtomasky,1
139094,Tweet,mtomasky,DavidWaldstein,48
58007,Article,domphillips,livia_ar,9
58152,Article,domphillips,JohnJCrace,105
58118,Article,domphillips,domphillips,1
58010,Article,domphillips,bglendenning,103
58074,Article,domphillips,williamnhutton,75
58139,Article,domphillips,domphillips,1
58059,Article,domphillips,OwenJones84,126
58243,Article,domphillips,jonathanwatts,4
58134,Article,domphillips,domphillips,1
58165,Article,domphillips,domphillips,1
58032,Article,domphillips,leninology,109
58190,Article,domphillips,dansabbagh,33
58077,Article,domphillips,RowanMoore,202
58195,Article,domphillips,domphillips,1
58166,Article,domphillips,gabyhinsliff,63
58850,Tweet,domphillips,murarishetyeTOI,80
58431,Tweet,domphillips,domphillips,1
58477,Tweet,domphillips,andrewrawnsley,390
58792,Tweet,domphillips,domphillips,1
58827,Tweet,domphillips,domphillips,1
58444,Tweet,domphillips,domphillips,1
58572,Tweet,domphillips,ajaysuraTOI,22
58734,Tweet,domphillips,domphillips,1
58626,Tweet,domphillips,ArthurNeslen,5
58818,Tweet,domphillips,murarishetyeTOI,2
58421,Tweet,domphillips,desaisantosh,16
58467,Tweet,domphillips,michaelcrowley,7
58371,Tweet,domphillips,murarishetyeTOI,2
58783,Tweet,domphillips,RosySequeiraTOI,55
58593,Tweet,domphillips,murarishetyeTOI,13
25299,Article,carlzimmer,carlzimmer,1
25282,Article,carlzimmer,EmilyAnthes,2
25226,Article,carlzimmer,carlzimmer,1
25244,Article,carlzimmer,nytDeniseGrady,5
25283,Article,carlzimmer,carlzimmer,1
25215,Article,carlzimmer,jasondhorowitz,75
25296,Article,carlzimmer,pete_wells,12
25212,Article,carlzimmer,nytDeniseGrady,5
25297,Article,carlzimmer,EmilyAnthes,3
25222,Article,carlzimmer,SharonLNYT,2
25242,Article,carlzimmer,SharonLNYT,5
25289,Article,carlzimmer,carlzimmer,1
25200,Article,carlzimmer,EmilyAnthes,3
25254,Article,carlzimmer,apoorva_nyc,2
25218,Article,carlzimmer,carlzimmer,1
25391,Tweet,carlzimmer,nytDeniseGrady,31
25347,Tweet,carlzimmer,michaelcrowley,71
25380,Tweet,carlzimmer,RosySequeiraTOI,21
25356,Tweet,carlzimmer,DSlotnik,5
25324,Tweet,carlzimmer,carlzimmer,1
25385,Tweet,carlzimmer,SherylNYT,16
25388,Tweet,carlzimmer,murarishetyeTOI,2
25339,Tweet,carlzimmer,mtomasky,125
25379,Tweet,carlzimmer,RoniNYTimes,2
25362,Tweet,carlzimmer,nytDeniseGrady,3
25337,Tweet,carlzimmer,RosySequeiraTOI,39
25359,Tweet,carlzimmer,RosySequeiraTOI,4
25312,Tweet,carlzimmer,michaelcrowley,97
25334,Tweet,carlzimmer,carlzimmer,1
25320,Tweet,carlzimmer,lucywardsings,199
208888,Article,saumyajitbTOI,saumyajitbTOI,1
208855,Article,saumyajitbTOI,Shrivathsan1437,19
208897,Article,saumyajitbTOI,saumyajitbTOI,1
208895,Article,saumyajitbTOI,adwaidh,13
208972,Article,saumyajitbTOI,saumyajitbTOI,1
208805,Article,saumyajitbTOI,saumyajitbTOI,1
208923,Article,saumyajitbTOI,Shrivathsan1437,19
208874,Article,saumyajitbTOI,saumyajitbTOI,1
208905,Article,saumyajitbTOI,saumyajitbTOI,1
208791,Article,saumyajitbTOI,toi_rohanA,2
208884,Article,saumyajitbTOI,saumyajitbTOI,1
208975,Article,saumyajitbTOI,Shrivathsan1437,21
208882,Article,saumyajitbTOI,aniljdias,15
208906,Article,saumyajitbTOI,saumyajitbTOI,1
208950,Article,saumyajitbTOI,TOISH31,4
209081,Tweet,saumyajitbTOI,AmritadTOI,20
209096,Tweet,saumyajitbTOI,saumyajitbTOI,1
209112,Tweet,saumyajitbTOI,DerekMalcolm123,2
209059,Tweet,saumyajitbTOI,saumyajitbTOI,1
209098,Tweet,saumyajitbTOI,ManjuVTOI,4
209091,Tweet,saumyajitbTOI,Gauraw2297,139
209085,Tweet,saumyajitbTOI,RosySequeiraTOI,218
209109,Tweet,saumyajitbTOI,naomi2009,10
209050,Tweet,saumyajitbTOI,parthasinha,10
209049,Tweet,saumyajitbTOI,MattFutterman,82
209124,Tweet,saumyajitbTOI,naomi2009,7
209073,Tweet,saumyajitbTOI,joshwiddicombe,406
209077,Tweet,saumyajitbTOI,RosySequeiraTOI,219
209086,Tweet,saumyajitbTOI,DanielKingChess,294
209031,Tweet,saumyajitbTOI,BawaNaaved,2
19825,Article,tariqpanja,tariqpanja,1
19818,Article,tariqpanja,tariqpanja,1
19802,Article,tariqpanja,saumyajitbTOI,2
19806,Article,tariqpanja,MattFutterman,23
19870,Article,tariqpanja,LizAldermanNYT,3
19894,Article,tariqpanja,bykaren,25
19879,Article,tariqpanja,tariqpanja,1
19830,Article,tariqpanja,jameskanter,8
19841,Article,tariqpanja,tariqpanja,1
19880,Article,tariqpanja,MattFutterman,3
19888,Article,tariqpanja,tariqpanja,1
19897,Article,tariqpanja,tariqpanja,1
19810,Article,tariqpanja,bylizrobbins,14
19873,Article,tariqpanja,tariqpanja,1
19855,Article,tariqpanja,jameskanter,10
19958,Tweet,tariqpanja,murarishetyeTOI,356
19916,Tweet,tariqpanja,RorySmith,2
19934,Tweet,tariqpanja,andrewrawnsley,30
19917,Tweet,tariqpanja,jimwaterson,4
19983,Tweet,tariqpanja,tariqpanja,1
19956,Tweet,tariqpanja,joshwiddicombe,175
19982,Tweet,tariqpanja,FabrizioRomano,3
19994,Tweet,tariqpanja,RorySmith,3
19946,Tweet,tariqpanja,tariqpanja,1
19910,Tweet,tariqpanja,tariqpanja,1
19998,Tweet,tariqpanja,jimwaterson,87
19900,Tweet,tariqpanja,wesley_morris,251
19975,Tweet,tariqpanja,RorySmith,2
19907,Tweet,tariqpanja,tariqpanja,1
19905,Tweet,tariqpanja,williamkeegan,428
158788,Article,hugolowell,nicholaswatt,3
158766,Article,hugolowell,AndrewSparrow,29
158907,Article,hugolowell,hugolowell,1
158737,Article,hugolowell,williamnhutton,16
158968,Article,hugolowell,SharonLNYT,6
158974,Article,hugolowell,hugolowell,1
158775,Article,hugolowell,hugolowell,1
158727,Article,hugolowell,hugolowell,1
158875,Article,hugolowell,hugolowell,1
158947,Article,hugolowell,hugolowell,1
158812,Article,hugolowell,bglendenning,94
158796,Article,hugolowell,hugolowell,1
158780,Article,hugolowell,hugolowell,1
158949,Article,hugolowell,hugolowell,1
158884,Article,hugolowell,hugolowell,1
159171,Tweet,hugolowell,llerer,4
159335,Tweet,hugolowell,anniekarni,31
159505,Tweet,hugolowell,andybrassell,492
159376,Tweet,hugolowell,hugolowell,1
159485,Tweet,hugolowell,Freedland,2
159133,Tweet,hugolowell,gmorgenson,178
159185,Tweet,hugolowell,hugolowell,1
159219,Tweet,hugolowell,hugolowell,1
159051,Tweet,hugolowell,alanfeuer,241
159058,Tweet,hugolowell,hugolowell,1
159341,Tweet,hugolowell,hugolowell,1
159259,Tweet,hugolowell,timatkin,98
159059,Tweet,hugolowell,npfandos,30
159412,Tweet,hugolowell,MarinaHyde,27
159200,Tweet,hugolowell,ditzkoff,40
206882,Article,rishachitlangia,journo_vibha,2
206818,Article,rishachitlangia,journo_vibha,2
206747,Article,rishachitlangia,rishachitlangia,1
206837,Article,rishachitlangia,journo_vibha,8
206678,Article,rishachitlangia,rishachitlangia,1
206798,Article,rishachitlangia,rishachitlangia,1
206854,Article,rishachitlangia,rajendrasTOI,3
206689,Article,rishachitlangia,rishachitlangia,1
206762,Article,rishachitlangia,rishachitlangia,1
206866,Article,rishachitlangia,rishachitlangia,1
206680,Article,rishachitlangia,journo_vibha,2
206795,Article,rishachitlangia,journo_vibha,11
206774,Article,rishachitlangia,journo_vibha,2
206912,Article,rishachitlangia,AlokKNMishra,8
206846,Article,rishachitlangia,journo_vibha,2
206958,Tweet,rishachitlangia,rishachitlangia,1
206967,Tweet,rishachitlangia,priyangiTOI,2
206956,Tweet,rishachitlangia,rishachitlangia,1
206929,Tweet,rishachitlangia,AjayUgrasTOI,4
206957,Tweet,rishachitlangia,priyangiTOI,4
206949,Tweet,rishachitlangia,rishachitlangia,1
206961,Tweet,rishachitlangia,ajaysuraTOI,96
206930,Tweet,rishachitlangia,rishachitlangia,1
206928,Tweet,rishachitlangia,rishachitlangia,1
206966,Tweet,rishachitlangia,RosySequeiraTOI,78
206922,Tweet,rishachitlangia,rishachitlangia,1
206941,Tweet,rishachitlangia,RosySequeiraTOI,91
206938,Tweet,rishachitlangia,rishachitlangia,1
206948,Tweet,rishachitlangia,MohitaTOI,13
206924,Tweet,rishachitlangia,rishachitlangia,1
185232,Article,HemantaTOI,HemantaTOI,1
185140,Article,HemantaTOI,SindhukTOI,3
185151,Article,HemantaTOI,KapildaveTOI,2
185190,Article,HemantaTOI,PrashantrTOI,2
185186,Article,HemantaTOI,AshokPradhanTOI,7
185072,Article,HemantaTOI,HemantaTOI,1
185204,Article,HemantaTOI,HemantaTOI,1
185134,Article,HemantaTOI,HemantaTOI,1
185219,Article,HemantaTOI,HemantaTOI,1
185154,Article,HemantaTOI,HemantaTOI,1
185142,Article,HemantaTOI,SidharthB25,15
185223,Article,HemantaTOI,SidharthB25,10
185255,Article,HemantaTOI,HemantaTOI,1
185119,Article,HemantaTOI,AshokPradhanTOI,10
185229,Article,HemantaTOI,AshokPradhanTOI,18
185382,Tweet,HemantaTOI,TOISH31,2
185340,Tweet,HemantaTOI,HemantaTOI,1
185337,Tweet,HemantaTOI,HemantaTOI,1
185295,Tweet,HemantaTOI,divyadubey_,11
185311,Tweet,HemantaTOI,Gauraw2297,35
185389,Tweet,HemantaTOI,AshokPradhanTOI,20
185338,Tweet,HemantaTOI,vijaysinghTOI,15
185372,Tweet,HemantaTOI,divyadubey_,4
185300,Tweet,HemantaTOI,rashmidTOI,23
185359,Tweet,HemantaTOI,niyatiparikhTOI,10
185318,Tweet,HemantaTOI,akhileshsTOI,4
185379,Tweet,HemantaTOI,HemantaTOI,1
185354,Tweet,HemantaTOI,HemantaTOI,1
185378,Tweet,HemantaTOI,HemantaTOI,1
185374,Tweet,HemantaTOI,HemantaTOI,1
9234,Article,jasondhorowitz,jasondhorowitz,1
9213,Article,jasondhorowitz,antontroian,2
9251,Article,jasondhorowitz,jasondhorowitz,1
9236,Article,jasondhorowitz,jasondhorowitz,1
9233,Article,jasondhorowitz,john_hooper,2
9253,Article,jasondhorowitz,parul_sehgal,36
9288,Article,jasondhorowitz,lauriegnyt,2
9226,Article,jasondhorowitz,ewong,45
9278,Article,jasondhorowitz,jasondhorowitz,1
9271,Article,jasondhorowitz,ElianPeltier,10
9261,Article,jasondhorowitz,NYTimesCohen,2
9204,Article,jasondhorowitz,jasondhorowitz,1
9221,Article,jasondhorowitz,jasondhorowitz,1
9294,Article,jasondhorowitz,joncaramanica,13
9283,Article,jasondhorowitz,lauriegnyt,2
9324,Tweet,jasondhorowitz,RosySequeiraTOI,54
9363,Tweet,jasondhorowitz,timlottwriter,58
9351,Tweet,jasondhorowitz,RosySequeiraTOI,82
9357,Tweet,jasondhorowitz,jotted,39
9355,Tweet,jasondhorowitz,RosySequeiraTOI,40
9332,Tweet,jasondhorowitz,ajaysuraTOI,24
9307,Tweet,jasondhorowitz,ameliagentleman,123
9310,Tweet,jasondhorowitz,DerekMalcolm123,183
9392,Tweet,jasondhorowitz,gettleman,114
9302,Tweet,jasondhorowitz,EmmaBubola,39
9380,Tweet,jasondhorowitz,alanconnor,180
9362,Tweet,jasondhorowitz,BellaKwai,12
9311,Tweet,jasondhorowitz,llerer,103
9382,Tweet,jasondhorowitz,RosySequeiraTOI,126
9314,Tweet,jasondhorowitz,DerekMalcolm123,120
197164,Article,neelam_raaj,neelam_raaj,1
197285,Article,neelam_raaj,ronojoy_sen,2
197216,Article,neelam_raaj,GeorgeMonbiot,91
197209,Article,neelam_raaj,neelam_raaj,1
197305,Article,neelam_raaj,ronojoy_sen,8
197124,Article,neelam_raaj,neelam_raaj,1
197090,Article,neelam_raaj,Mahafreed_Irani,3
197108,Article,neelam_raaj,ditzkoff,15
197104,Article,neelam_raaj,DerekMalcolm123,7
197241,Article,neelam_raaj,neelam_raaj,1
197272,Article,neelam_raaj,neelam_raaj,1
197155,Article,neelam_raaj,neelam_raaj,1
197167,Article,neelam_raaj,DerekMalcolm123,2
197158,Article,neelam_raaj,ronojoy_sen,45
197176,Article,neelam_raaj,neelam_raaj,1
197347,Tweet,neelam_raaj,asrpmukeshTOI,58
197331,Tweet,neelam_raaj,yeshikabudhwar,76
197348,Tweet,neelam_raaj,ShoebKhanTOI,15
197322,Tweet,neelam_raaj,AlysFowler,17
197328,Tweet,neelam_raaj,meeravohraTOI,16
197374,Tweet,neelam_raaj,michaelcrowley,67
197329,Tweet,neelam_raaj,desaisantosh,205
197340,Tweet,neelam_raaj,ronojoy_sen,4
197336,Tweet,neelam_raaj,seaningle,58
197364,Tweet,neelam_raaj,MichaelWhite,36
197351,Tweet,neelam_raaj,jbouie,72
197352,Tweet,neelam_raaj,tushhaikhush,70
197353,Tweet,neelam_raaj,polblonde,23
197358,Tweet,neelam_raaj,ManjuVTOI,239
197341,Tweet,neelam_raaj,ottolenghi,72
206562,Article,richapintoi,richapintoi,1
206551,Article,richapintoi,richapintoi,1
206532,Article,richapintoi,richapintoi,1
206476,Article,richapintoi,richapintoi,1
206543,Article,richapintoi,richapintoi,1
206505,Article,richapintoi,richapintoi,1
206471,Article,richapintoi,richapintoi,1
206550,Article,richapintoi,richapintoi,1
206541,Article,richapintoi,richapintoi,1
206466,Article,richapintoi,richapintoi,1
206467,Article,richapintoi,richapintoi,1
206522,Article,richapintoi,richapintoi,1
206498,Article,richapintoi,richapintoi,1
206538,Article,richapintoi,richapintoi,1
206528,Article,richapintoi,vaibhavgTOI,2
206575,Tweet,richapintoi,samsifton,164
206607,Tweet,richapintoi,SribaalaVTOI,37
206658,Tweet,richapintoi,journo_vibha,5
206602,Tweet,richapintoi,andrewrawnsley,112
206640,Tweet,richapintoi,richapintoi,1
206633,Tweet,richapintoi,murarishetyeTOI,5
206614,Tweet,richapintoi,richapintoi,1
206663,Tweet,richapintoi,MohitaTOI,28
206592,Tweet,richapintoi,richapintoi,1
206584,Tweet,richapintoi,bagishjhaTOI,42
206609,Tweet,richapintoi,akhileshsTOI,22
206612,Tweet,richapintoi,jayamenon64,17
206613,Tweet,richapintoi,AjayUgrasTOI,2
206671,Tweet,richapintoi,richapintoi,1
206583,Tweet,richapintoi,utejonmayamTOI,7
174243,Article,ArunDev1,ramarkosg,3
174292,Article,ArunDev1,jatinder_tur,3
174272,Article,ArunDev1,ArunDev1,1
174208,Article,ArunDev1,ChaithanyaSwamy,3
174229,Article,ArunDev1,adwaidh,2
174223,Article,ArunDev1,ramarkosg,4
174322,Article,ArunDev1,ArunDev1,1
174306,Article,ArunDev1,ArunDev1,1
174274,Article,ArunDev1,journo_vibha,5
174230,Article,ArunDev1,ChaithanyaSwamy,6
174366,Article,ArunDev1,ArunDev1,1
174300,Article,ArunDev1,ArunDev1,1
174330,Article,ArunDev1,ArunDev1,1
174248,Article,ArunDev1,ajaykanth7,4
174303,Article,ArunDev1,ArunDev1,1
174400,Tweet,ArunDev1,vivek9301,69
174415,Tweet,ArunDev1,andrewrawnsley,27
174392,Tweet,ArunDev1,andrewrawnsley,17
174396,Tweet,ArunDev1,naomi2009,7
174461,Tweet,ArunDev1,AditiZero,159
174441,Tweet,ArunDev1,murarishetyeTOI,49
174381,Tweet,ArunDev1,jotted,3
174445,Tweet,ArunDev1,kush_junglee,159
174464,Tweet,ArunDev1,SindhukTOI,9
174462,Tweet,ArunDev1,salihughes,7
174375,Tweet,ArunDev1,ArunDev1,1
174454,Tweet,ArunDev1,naomi2009,9
174457,Tweet,ArunDev1,murarishetyeTOI,2
174378,Tweet,ArunDev1,ArunDev1,1
174393,Tweet,ArunDev1,andrewrawnsley,21
187260,Article,itsshibuthomas,RosySequeiraTOI,3
187070,Article,itsshibuthomas,RosySequeiraTOI,2
187151,Article,itsshibuthomas,RosySequeiraTOI,3
187198,Article,itsshibuthomas,RosySequeiraTOI,2
187194,Article,itsshibuthomas,RosySequeiraTOI,3
187218,Article,itsshibuthomas,RosySequeiraTOI,2
187149,Article,itsshibuthomas,RosySequeiraTOI,4
187173,Article,itsshibuthomas,RosySequeiraTOI,6
187062,Article,itsshibuthomas,RosySequeiraTOI,5
187249,Article,itsshibuthomas,RosySequeiraTOI,2
187219,Article,itsshibuthomas,RosySequeiraTOI,3
187042,Article,itsshibuthomas,rebeccaSTOI,4
187199,Article,itsshibuthomas,RosySequeiraTOI,4
187056,Article,itsshibuthomas,RosySequeiraTOI,2
187183,Article,itsshibuthomas,RosySequeiraTOI,2
187309,Tweet,itsshibuthomas,neelam_raaj,5
187342,Tweet,itsshibuthomas,MKSinghGkp,198
187293,Tweet,itsshibuthomas,tushhaikhush,151
187312,Tweet,itsshibuthomas,tarasbernard,2
187353,Tweet,itsshibuthomas,ronojoy_sen,12
187364,Tweet,itsshibuthomas,ajaykanth7,7
187331,Tweet,itsshibuthomas,_nicolaclark,82
187291,Tweet,itsshibuthomas,kiracochrane,44
187306,Tweet,itsshibuthomas,ShoebKhanTOI,46
187334,Tweet,itsshibuthomas,RosySequeiraTOI,2
187348,Tweet,itsshibuthomas,ajaysuraTOI,2
187302,Tweet,itsshibuthomas,RosySequeiraTOI,59
187330,Tweet,itsshibuthomas,RosySequeiraTOI,69
187318,Tweet,itsshibuthomas,tomfriedman,62
187347,Tweet,itsshibuthomas,RosySequeiraTOI,16
212652,Article,smita_mishra,smita_mishra,1
212672,Article,smita_mishra,smita_mishra,1
212645,Article,smita_mishra,smita_mishra,1
212742,Article,smita_mishra,ggreenwald,68
212722,Article,smita_mishra,sermoninstone,18
212669,Article,smita_mishra,smita_mishra,1
212726,Article,smita_mishra,neelam_raaj,6
212746,Article,smita_mishra,smita_mishra,1
212762,Article,smita_mishra,smita_mishra,1
212735,Article,smita_mishra,smita_mishra,1
212702,Article,smita_mishra,bglendenning,47
212667,Article,smita_mishra,smita_mishra,1
212649,Article,smita_mishra,PerriKlass,79
212745,Article,smita_mishra,smita_mishra,1
212767,Article,smita_mishra,melissaclark,2
212798,Tweet,smita_mishra,rebeccaSTOI,17
212856,Tweet,smita_mishra,tomdyckhoff,27
212829,Tweet,smita_mishra,nauzerbTOI,6
212853,Tweet,smita_mishra,sudhanshub16,84
212780,Tweet,smita_mishra,AmritadTOI,36
212825,Tweet,smita_mishra,murarishetyeTOI,12
212840,Tweet,smita_mishra,ShrinivasaMTOI,48
212814,Tweet,smita_mishra,tarasbernard,19
212833,Tweet,smita_mishra,RosySequeiraTOI,83
212836,Tweet,smita_mishra,tomdyckhoff,11
212830,Tweet,smita_mishra,polblonde,56
212775,Tweet,smita_mishra,MohitaTOI,124
212771,Tweet,smita_mishra,kush_junglee,84
212792,Tweet,smita_mishra,desaisantosh,10
212778,Tweet,smita_mishra,ThevarSteffy,3
215875,Article,SyedAkbarTOI,durgeshjhaTOI,2
215914,Article,SyedAkbarTOI,durgeshjhaTOI,11
215868,Article,SyedAkbarTOI,SyedAkbarTOI,1
215719,Article,SyedAkbarTOI,SyedAkbarTOI,1
215733,Article,SyedAkbarTOI,SyedAkbarTOI,1
215877,Article,SyedAkbarTOI,durgeshjhaTOI,5
215713,Article,SyedAkbarTOI,SyedAkbarTOI,1
215828,Article,SyedAkbarTOI,parthshastriTOI,12
215863,Article,SyedAkbarTOI,SyedAkbarTOI,1
215917,Article,SyedAkbarTOI,SyedAkbarTOI,1
215787,Article,SyedAkbarTOI,AniltheMatrix,11
215880,Article,SyedAkbarTOI,SyedAkbarTOI,1
215756,Article,SyedAkbarTOI,SyedAkbarTOI,1
215808,Article,SyedAkbarTOI,SyedAkbarTOI,1
215710,Article,SyedAkbarTOI,AmritadTOI,23
215931,Tweet,SyedAkbarTOI,SyedAkbarTOI,1
215956,Tweet,SyedAkbarTOI,SyedAkbarTOI,1
215996,Tweet,SyedAkbarTOI,naomi2009,131
215998,Tweet,SyedAkbarTOI,nauzerbTOI,34
215991,Tweet,SyedAkbarTOI,naomi2009,71
215975,Tweet,SyedAkbarTOI,andrewrawnsley,11
215919,Tweet,SyedAkbarTOI,tushhaikhush,47
215954,Tweet,SyedAkbarTOI,sudhanshub16,2
215928,Tweet,SyedAkbarTOI,ShoebKhanTOI,3
215999,Tweet,SyedAkbarTOI,NilsPratley,256
216004,Tweet,SyedAkbarTOI,SyedAkbarTOI,1
216007,Tweet,SyedAkbarTOI,SyedAkbarTOI,1
215962,Tweet,SyedAkbarTOI,desaisantosh,8
215993,Tweet,SyedAkbarTOI,tushhaikhush,8
216009,Tweet,SyedAkbarTOI,palaknandiTOI,2
157153,Article,timlottwriter,timlottwriter,1
157183,Article,timlottwriter,timlottwriter,1
157149,Article,timlottwriter,timlottwriter,1
157267,Article,timlottwriter,timlottwriter,1
157198,Article,timlottwriter,timlottwriter,1
157166,Article,timlottwriter,timlottwriter,1
157201,Article,timlottwriter,timlottwriter,1
157328,Article,timlottwriter,IAmTimDowling,7
157382,Article,timlottwriter,thestephmerritt,3
157361,Article,timlottwriter,thestephmerritt,2
157315,Article,timlottwriter,timlottwriter,1
157268,Article,timlottwriter,timlottwriter,1
157138,Article,timlottwriter,timatkin,6
157323,Article,timlottwriter,timlottwriter,1
157180,Article,timlottwriter,timlottwriter,1
157650,Tweet,timlottwriter,saumyajitbTOI,10
157936,Tweet,timlottwriter,michaelcrowley,16
157833,Tweet,timlottwriter,elizabday,12
157518,Tweet,timlottwriter,jonronson,29
157919,Tweet,timlottwriter,naomi2009,33
157916,Tweet,timlottwriter,andrewrawnsley,18
157428,Tweet,timlottwriter,RebeccaSeal,37
157909,Tweet,timlottwriter,DouthatNYT,14
157558,Tweet,timlottwriter,DouthatNYT,24
157602,Tweet,timlottwriter,andrewrawnsley,37
157710,Tweet,timlottwriter,salihughes,23
157465,Tweet,timlottwriter,elizabday,38
157823,Tweet,timlottwriter,RosySequeiraTOI,10
157633,Tweet,timlottwriter,ajaysuraTOI,9
157774,Tweet,timlottwriter,wesley_morris,8
85731,Article,ewenmacaskill,OwenJones84,56
85732,Article,ewenmacaskill,jillfilipovic,95
85670,Article,ewenmacaskill,nnougayrede,49
85789,Article,ewenmacaskill,nicholaswatt,6
85628,Article,ewenmacaskill,TimdeLisle,26
85727,Article,ewenmacaskill,ewenmacaskill,1
85671,Article,ewenmacaskill,ewenmacaskill,1
85798,Article,ewenmacaskill,polblonde,19
85625,Article,ewenmacaskill,AndrewSparrow,38
85665,Article,ewenmacaskill,ewenmacaskill,1
85707,Article,ewenmacaskill,ewenmacaskill,1
85663,Article,ewenmacaskill,dansabbagh,2
85782,Article,ewenmacaskill,SarahMaslinNir,102
85807,Article,ewenmacaskill,ewenmacaskill,1
85718,Article,ewenmacaskill,ewenmacaskill,1
86333,Tweet,ewenmacaskill,NYTLiz,4
86091,Tweet,ewenmacaskill,williamkeegan,42
86148,Tweet,ewenmacaskill,andrewrawnsley,31
85908,Tweet,ewenmacaskill,viasimonromero,47
86266,Tweet,ewenmacaskill,ewenmacaskill,1
86121,Tweet,ewenmacaskill,tomfriedman,9
86278,Tweet,ewenmacaskill,andrewrawnsley,44
86053,Tweet,ewenmacaskill,jotted,31
86174,Tweet,ewenmacaskill,ewenmacaskill,1
85990,Tweet,ewenmacaskill,AndrewSparrow,5
85929,Tweet,ewenmacaskill,andrewrawnsley,53
86007,Tweet,ewenmacaskill,michaelcrowley,144
86363,Tweet,ewenmacaskill,michaelcrowley,67
86376,Tweet,ewenmacaskill,tomfriedman,6
86384,Tweet,ewenmacaskill,ewenmacaskill,1
84812,Article,ameliagentleman,ameliagentleman,1
84957,Article,ameliagentleman,axrenton,130
84995,Article,ameliagentleman,bglendenning,28
84987,Article,ameliagentleman,AndrewSparrow,3
84834,Article,ameliagentleman,andrewrawnsley,7
84903,Article,ameliagentleman,bydanielvictor,138
84786,Article,ameliagentleman,ameliagentleman,1
84908,Article,ameliagentleman,OwenJones84,6
84875,Article,ameliagentleman,ameliagentleman,1
84993,Article,ameliagentleman,bglendenning,24
84752,Article,ameliagentleman,paulmasonnews,19
84792,Article,ameliagentleman,richardwolffedc,124
84886,Article,ameliagentleman,AndrewSparrow,71
84971,Article,ameliagentleman,ameliagentleman,1
84782,Article,ameliagentleman,joshwiddicombe,245
85586,Tweet,ameliagentleman,LucyMangan,177
85047,Tweet,ameliagentleman,SocialQPhilip,253
85144,Tweet,ameliagentleman,desaisantosh,243
85034,Tweet,ameliagentleman,ameliagentleman,1
85117,Tweet,ameliagentleman,AlysFowler,194
85091,Tweet,ameliagentleman,declanwalsh,17
85008,Tweet,ameliagentleman,jennydeluxe,183
85367,Tweet,ameliagentleman,lenoretaylor,8
85389,Tweet,ameliagentleman,ameliagentleman,1
85018,Tweet,ameliagentleman,RosySequeiraTOI,29
85183,Tweet,ameliagentleman,vwang3,16
85119,Tweet,ameliagentleman,desaisantosh,224
85413,Tweet,ameliagentleman,ameliagentleman,1
85600,Tweet,ameliagentleman,desaisantosh,271
85369,Tweet,ameliagentleman,AlysFowler,194
206253,Article,rhymetraveller,rhymetraveller,1
206399,Article,rhymetraveller,leninology,336
206367,Article,rhymetraveller,rhymetraveller,1
206227,Article,rhymetraveller,rhymetraveller,1
206398,Article,rhymetraveller,advityabahlTOI,3
206372,Article,rhymetraveller,Freedland,113
206174,Article,rhymetraveller,rhymetraveller,1
206343,Article,rhymetraveller,dkarthikTOI,2
206302,Article,rhymetraveller,rhymetraveller,1
206319,Article,rhymetraveller,rhymetraveller,1
206303,Article,rhymetraveller,rhymetraveller,1
206205,Article,rhymetraveller,ShoebKhanTOI,3
206298,Article,rhymetraveller,naomi2009,19
206273,Article,rhymetraveller,asrpmukeshTOI,4
206217,Article,rhymetraveller,mariellaf1,91
206461,Tweet,rhymetraveller,rhymetraveller,1
206463,Tweet,rhymetraveller,bishnoiarvind11,3
206439,Tweet,rhymetraveller,anandbodhTOI,3
206408,Tweet,rhymetraveller,murarishetyeTOI,3
206455,Tweet,rhymetraveller,rhymetraveller,1
206437,Tweet,rhymetraveller,murarishetyeTOI,2
206429,Tweet,rhymetraveller,murarishetyeTOI,6
206424,Tweet,rhymetraveller,MohitaTOI,2
206446,Tweet,rhymetraveller,rhymetraveller,1
206454,Tweet,rhymetraveller,RosySequeiraTOI,242
206430,Tweet,rhymetraveller,AjayUgrasTOI,4
206427,Tweet,rhymetraveller,rhymetraveller,1
206415,Tweet,rhymetraveller,rhymetraveller,1
206452,Tweet,rhymetraveller,murarishetyeTOI,5
206447,Tweet,rhymetraveller,bishnoiarvind11,3
196523,Article,naomi2009,rebeccaSTOI,3
196424,Article,naomi2009,naomi2009,1
196536,Article,naomi2009,amitanandTOI,2
196495,Article,naomi2009,naomi2009,1
196409,Article,naomi2009,ShoebKhanTOI,2
196585,Article,naomi2009,naomi2009,1
196566,Article,naomi2009,naomi2009,1
196428,Article,naomi2009,NishikantkTOI,2
196516,Article,naomi2009,OLIVERBALCH,219
196485,Article,naomi2009,ShoebKhanTOI,2
196418,Article,naomi2009,naomi2009,1
196478,Article,naomi2009,lisamonteiroTOI,9
196504,Article,naomi2009,naomi2009,1
196451,Article,naomi2009,naomi2009,1
196519,Article,naomi2009,naomi2009,1
196668,Tweet,naomi2009,MohitaTOI,110
196629,Tweet,naomi2009,NilsPratley,2
196640,Tweet,naomi2009,vaibhavgTOI,5
196707,Tweet,naomi2009,naomi2009,1
196654,Tweet,naomi2009,paulmasonnews,108
196642,Tweet,naomi2009,mateenHTOI,14
196659,Tweet,naomi2009,ericschmittnyt,37
196645,Tweet,naomi2009,AditiZero,175
196702,Tweet,naomi2009,tomfriedman,25
196713,Tweet,naomi2009,juliemTOI,61
196647,Tweet,naomi2009,RosySequeiraTOI,41
196716,Tweet,naomi2009,vwang3,39
196655,Tweet,naomi2009,vwang3,82
196694,Tweet,naomi2009,RosySequeiraTOI,162
196699,Tweet,naomi2009,sermoninstone,267
12873,Article,marcatracy,jasondhorowitz,6
12886,Article,marcatracy,andrewrsorkin,18
12808,Article,marcatracy,MichaelPaulson,33
12841,Article,marcatracy,el_belson,2
12876,Article,marcatracy,christophclarey,2
12882,Article,marcatracy,marcatracy,1
12837,Article,marcatracy,FlitterOnFraud,45
12845,Article,marcatracy,marcatracy,1
12843,Article,marcatracy,marcatracy,1
12866,Article,marcatracy,marcatracy,1
12803,Article,marcatracy,DavidWaldstein,2
12813,Article,marcatracy,ewong,42
12827,Article,marcatracy,RorySmith,12
12860,Article,marcatracy,billmpennington,4
12890,Article,marcatracy,ceciliakang,40
12932,Tweet,marcatracy,jonpareles,37
12926,Tweet,marcatracy,vwang3,147
12971,Tweet,marcatracy,el_belson,18
12960,Tweet,marcatracy,llerer,202
12917,Tweet,marcatracy,liamstack,120
12900,Tweet,marcatracy,rachshabi,160
12913,Tweet,marcatracy,emilybell,279
12919,Tweet,marcatracy,desaisantosh,187
12943,Tweet,marcatracy,tomfriedman,25
12988,Tweet,marcatracy,juliarebeccaj,258
12958,Tweet,marcatracy,apoorva_nyc,19
12964,Tweet,marcatracy,jonpareles,185
12976,Tweet,marcatracy,michelleinbklyn,196
12975,Tweet,marcatracy,WilbyPeter,33
12905,Tweet,marcatracy,gailcollins,229
22468,Article,jonpareles,jonpareles,1
22454,Article,jonpareles,jonpareles,1
22428,Article,jonpareles,joncaramanica,6
22452,Article,jonpareles,joncaramanica,11
22416,Article,jonpareles,jonpareles,1
22460,Article,jonpareles,jonpareles,1
22497,Article,jonpareles,jonpareles,1
22438,Article,jonpareles,jonpareles,1
22455,Article,jonpareles,joncaramanica,6
22495,Article,jonpareles,jonpareles,1
22457,Article,jonpareles,joncaramanica,3
22448,Article,jonpareles,joncaramanica,35
22478,Article,jonpareles,jonpareles,1
22418,Article,jonpareles,parul_sehgal,6
22422,Article,jonpareles,genznyt,21
22544,Tweet,jonpareles,jonpareles,1
22577,Tweet,jonpareles,timlottwriter,9
22585,Tweet,jonpareles,ajaysuraTOI,11
22578,Tweet,jonpareles,andrewrawnsley,33
22515,Tweet,jonpareles,RosySequeiraTOI,20
22564,Tweet,jonpareles,rachlharris,14
22589,Tweet,jonpareles,jonronson,14
22580,Tweet,jonpareles,KTVinobhaTOI,21
22529,Tweet,jonpareles,murarishetyeTOI,15
22569,Tweet,jonpareles,polblonde,12
22543,Tweet,jonpareles,tomfriedman,4
22537,Tweet,jonpareles,DanielKingChess,2
22550,Tweet,jonpareles,vwang3,13
22586,Tweet,jonpareles,tomfriedman,3
22522,Tweet,jonpareles,RosySequeiraTOI,8
108714,Article,seaningle,seaningle,1
108835,Article,seaningle,JohnJCrace,105
108844,Article,seaningle,seaningle,1
108640,Article,seaningle,seaningle,1
108778,Article,seaningle,jimwaterson,2
108834,Article,seaningle,jillfilipovic,99
108703,Article,seaningle,seaningle,1
108747,Article,seaningle,tariqpanja,4
108625,Article,seaningle,seaningle,1
108762,Article,seaningle,martcrossy,2
108861,Article,seaningle,MarinaHyde,61
108629,Article,seaningle,marthakelner,2
108737,Article,seaningle,ewenmacaskill,3
108641,Article,seaningle,seaningle,1
108783,Article,seaningle,toi_shailendraA,3
108929,Tweet,seaningle,murarishetyeTOI,305
109270,Tweet,seaningle,joshwiddicombe,12
109167,Tweet,seaningle,AniltheMatrix,63
108975,Tweet,seaningle,lindasgrant,11
109103,Tweet,seaningle,FelicityCloake,34
109093,Tweet,seaningle,nicklezard,80
109205,Tweet,seaningle,oliverburkeman,80
109269,Tweet,seaningle,martcrossy,90
109332,Tweet,seaningle,joshwiddicombe,106
109083,Tweet,seaningle,saumyajitbTOI,8
109174,Tweet,seaningle,aniljdias,13
109163,Tweet,seaningle,Bencjacobs,37
109281,Tweet,seaningle,tariqpanja,2
109422,Tweet,seaningle,rachshabi,14
109156,Tweet,seaningle,jonronson,13
74210,Article,DerekMalcolm123,DerekMalcolm123,1
74157,Article,DerekMalcolm123,DerekMalcolm123,1
74049,Article,DerekMalcolm123,joshwiddicombe,5
74138,Article,DerekMalcolm123,DerekMalcolm123,1
74240,Article,DerekMalcolm123,DerekMalcolm123,1
74239,Article,DerekMalcolm123,DerekMalcolm123,1
73999,Article,DerekMalcolm123,peterbradshaw1,4
74163,Article,DerekMalcolm123,DerekMalcolm123,1
74161,Article,DerekMalcolm123,DerekMalcolm123,1
74125,Article,DerekMalcolm123,peterbradshaw1,5
74103,Article,DerekMalcolm123,davidhepworth,2
74192,Article,DerekMalcolm123,DerekMalcolm123,1
74137,Article,DerekMalcolm123,DerekMalcolm123,1
74076,Article,DerekMalcolm123,DerekMalcolm123,1
74078,Article,DerekMalcolm123,DerekMalcolm123,1
74430,Tweet,DerekMalcolm123,DerekMalcolm123,1
74435,Tweet,DerekMalcolm123,DerekMalcolm123,1
74566,Tweet,DerekMalcolm123,DerekMalcolm123,1
74373,Tweet,DerekMalcolm123,msrachelcooke,18
74472,Tweet,DerekMalcolm123,DerekMalcolm123,1
74286,Tweet,DerekMalcolm123,jimwaterson,41
74354,Tweet,DerekMalcolm123,billicritic,438
74426,Tweet,DerekMalcolm123,VivianHo,78
74532,Tweet,DerekMalcolm123,andrewrawnsley,3
74429,Tweet,DerekMalcolm123,RosySequeiraTOI,138
74560,Tweet,DerekMalcolm123,DerekMalcolm123,1
74371,Tweet,DerekMalcolm123,jennydeluxe,12
74273,Tweet,DerekMalcolm123,DerekMalcolm123,1
74340,Tweet,DerekMalcolm123,DerekMalcolm123,1
74346,Tweet,DerekMalcolm123,DerekMalcolm123,1
128505,Article,RBReich,RBReich,1
128584,Article,RBReich,RBReich,1
128508,Article,RBReich,RBReich,1
128660,Article,RBReich,RBReich,1
128639,Article,RBReich,JohnJCrace,52
128657,Article,RBReich,RBReich,1
128674,Article,RBReich,RBReich,1
128570,Article,RBReich,mtomasky,3
128670,Article,RBReich,archiebland,23
128564,Article,RBReich,RBReich,1
128510,Article,RBReich,RBReich,1
128558,Article,RBReich,RBReich,1
128554,Article,RBReich,RBReich,1
128561,Article,RBReich,RBReich,1
128719,Article,RBReich,RBReich,1
129193,Tweet,RBReich,nytdavidbrooks,326
128861,Tweet,RBReich,tomfriedman,329
128758,Tweet,RBReich,RBReich,1
129137,Tweet,RBReich,RBReich,1
128887,Tweet,RBReich,RBReich,1
129039,Tweet,RBReich,RBReich,1
129302,Tweet,RBReich,reidepstein,270
129110,Tweet,RBReich,RosySequeiraTOI,429
129144,Tweet,RBReich,RBReich,1
128897,Tweet,RBReich,RBReich,1
128970,Tweet,RBReich,marywalshjourno,106
129090,Tweet,RBReich,vwang3,235
129135,Tweet,RBReich,gailcollins,276
129277,Tweet,RBReich,saumyajitbTOI,98
129280,Tweet,RBReich,bencasselman,2
181647,Article,divyapal2013,divyapal2013,1
181634,Article,divyapal2013,divyapal2013,1
181790,Article,divyapal2013,divyapal2013,1
181796,Article,divyapal2013,adwaidh,3
181812,Article,divyapal2013,divyapal2013,1
181813,Article,divyapal2013,divyapal2013,1
181643,Article,divyapal2013,divyapal2013,1
181734,Article,divyapal2013,divyapal2013,1
181625,Article,divyapal2013,axrenton,211
181630,Article,divyapal2013,divyapal2013,1
181853,Article,divyapal2013,shiba_kurian,2
181797,Article,divyapal2013,divyapal2013,1
181755,Article,divyapal2013,divyapal2013,1
181638,Article,divyapal2013,divyapal2013,1
181750,Article,divyapal2013,shiba_kurian,2
181951,Tweet,divyapal2013,Shreyanka_M,3
181876,Tweet,divyapal2013,nicklezard,44
181904,Tweet,divyapal2013,jonronson,118
181967,Tweet,divyapal2013,divyapal2013,1
181902,Tweet,divyapal2013,shattenstone,6
181932,Tweet,divyapal2013,divyapal2013,1
181953,Tweet,divyapal2013,MKSinghGkp,111
181952,Tweet,divyapal2013,MKSinghGkp,41
181962,Tweet,divyapal2013,divyapal2013,1
181961,Tweet,divyapal2013,priyagupta999,2
181938,Tweet,divyapal2013,JessicaValenti,37
181926,Tweet,divyapal2013,SarahMaslinNir,208
181935,Tweet,divyapal2013,MoharBasu,44
181924,Tweet,divyapal2013,msrachelcooke,110
181905,Tweet,divyapal2013,naomi2009,61
202346,Article,pradeeptTOI,pradeeptTOI,1
202336,Article,pradeeptTOI,rhymetraveller,3
202294,Article,pradeeptTOI,KapildaveTOI,51
202310,Article,pradeeptTOI,pradeeptTOI,1
202300,Article,pradeeptTOI,pradeeptTOI,1
202511,Article,pradeeptTOI,durgeshjhaTOI,5
202355,Article,pradeeptTOI,toi_dhananjayM,26
202478,Article,pradeeptTOI,vijayVsinghTOI,3
202484,Article,pradeeptTOI,vijayVsinghTOI,2
202488,Article,pradeeptTOI,pradeeptTOI,1
202291,Article,pradeeptTOI,pradeeptTOI,1
202288,Article,pradeeptTOI,vijayVsinghTOI,2
202367,Article,pradeeptTOI,rebeccaSTOI,2
202293,Article,pradeeptTOI,sushmi_dey,2
202459,Article,pradeeptTOI,KapildaveTOI,10
202548,Tweet,pradeeptTOI,ThevarSteffy,99
202585,Tweet,pradeeptTOI,pradeeptTOI,1
202587,Tweet,pradeeptTOI,007pandey,30
202574,Tweet,pradeeptTOI,vwang3,3
202625,Tweet,pradeeptTOI,RosySequeiraTOI,24
202527,Tweet,pradeeptTOI,pradeeptTOI,1
202580,Tweet,pradeeptTOI,pradeeptTOI,1
202531,Tweet,pradeeptTOI,pradeeptTOI,1
202608,Tweet,pradeeptTOI,Gauraw2297,22
202571,Tweet,pradeeptTOI,pradeeptTOI,1
202594,Tweet,pradeeptTOI,MohitaTOI,12
202526,Tweet,pradeeptTOI,pradeeptTOI,1
202583,Tweet,pradeeptTOI,pradeeptTOI,1
202623,Tweet,pradeeptTOI,sandhyanairTOI,2
202591,Tweet,pradeeptTOI,pradeeptTOI,1
83082,Article,DawnHFoster,gabyhinsliff,3
83261,Article,DawnHFoster,DawnHFoster,1
83064,Article,DawnHFoster,emmabrockes,3
83228,Article,DawnHFoster,NilsPratley,33
83247,Article,DawnHFoster,DawnHFoster,1
83206,Article,DawnHFoster,DawnHFoster,1
83144,Article,DawnHFoster,afuahirsch,24
83236,Article,DawnHFoster,williamkeegan,336
83193,Article,DawnHFoster,bglendenning,90
83168,Article,DawnHFoster,DawnHFoster,1
83229,Article,DawnHFoster,KateEMcCann,2
83263,Article,DawnHFoster,msrachelcooke,147
83287,Article,DawnHFoster,DawnHFoster,1
83067,Article,DawnHFoster,DawnHFoster,1
83171,Article,DawnHFoster,DawnHFoster,1
83411,Tweet,DawnHFoster,wesley_morris,154
83749,Tweet,DawnHFoster,andrewrawnsley,365
83342,Tweet,DawnHFoster,jonpareles,31
83684,Tweet,DawnHFoster,vwang3,152
83457,Tweet,DawnHFoster,ditzkoff,119
83581,Tweet,DawnHFoster,VivianHo,2
83396,Tweet,DawnHFoster,gettleman,106
83766,Tweet,DawnHFoster,IAmTimDowling,121
83569,Tweet,DawnHFoster,timatkin,330
83675,Tweet,DawnHFoster,RowanMoore,193
83792,Tweet,DawnHFoster,AtulMathur_,114
83677,Tweet,DawnHFoster,JoshuaRozenberg,121
83404,Tweet,DawnHFoster,RosySequeiraTOI,62
83872,Tweet,DawnHFoster,melissaclark,276
83510,Tweet,DawnHFoster,asrpmukeshTOI,71
211943,Article,SindhukTOI,somitsenTOI,21
211982,Article,SindhukTOI,ChaithanyaSwamy,4
212168,Article,SindhukTOI,SagrikaKissu,4
212165,Article,SindhukTOI,Crime_Selvaraj,2
211967,Article,SindhukTOI,ChaithanyaSwamy,6
211955,Article,SindhukTOI,dkarthikTOI,3
212002,Article,SindhukTOI,Crime_Selvaraj,2
211950,Article,SindhukTOI,SagrikaKissu,2
212048,Article,SindhukTOI,SindhukTOI,1
211993,Article,SindhukTOI,SindhukTOI,1
212151,Article,SindhukTOI,Crime_Selvaraj,9
211939,Article,SindhukTOI,SindhukTOI,1
211974,Article,SindhukTOI,SindhukTOI,1
212137,Article,SindhukTOI,SindhukTOI,1
212153,Article,SindhukTOI,journo_vibha,28
212227,Tweet,SindhukTOI,murarishetyeTOI,6
212186,Tweet,SindhukTOI,bishnoiarvind11,4
212277,Tweet,SindhukTOI,SindhukTOI,1
212282,Tweet,SindhukTOI,murarishetyeTOI,4
212238,Tweet,SindhukTOI,PrashantrTOI,2
212260,Tweet,SindhukTOI,SindhukTOI,1
212192,Tweet,SindhukTOI,petleepeter,21
212274,Tweet,SindhukTOI,SindhukTOI,1
212230,Tweet,SindhukTOI,murarishetyeTOI,14
212199,Tweet,SindhukTOI,SindhukTOI,1
212254,Tweet,SindhukTOI,SindhukTOI,1
212268,Tweet,SindhukTOI,SindhukTOI,1
212232,Tweet,SindhukTOI,mateenHTOI,53
212267,Tweet,SindhukTOI,SindhukTOI,1
212269,Tweet,SindhukTOI,SindhukTOI,1
8403,Article,GlennThrush,peterbakernyt,3
8433,Article,GlennThrush,llerer,11
8479,Article,GlennThrush,jimtankersley,17
8495,Article,GlennThrush,BenWeiserNYT,29
8431,Article,GlennThrush,GlennThrush,1
8494,Article,GlennThrush,jeannasmialek,17
8420,Article,GlennThrush,BenWeiserNYT,3
8421,Article,GlennThrush,charlie_savage,4
8406,Article,GlennThrush,SharonLNYT,6
8409,Article,GlennThrush,ShaneGoldmacher,29
8457,Article,GlennThrush,MaggieAstor,34
8440,Article,GlennThrush,charlie_savage,11
8466,Article,GlennThrush,ShaneGoldmacher,31
8414,Article,GlennThrush,hillhulse,4
8408,Article,GlennThrush,llerer,13
8520,Tweet,GlennThrush,tomfriedman,87
8577,Tweet,GlennThrush,lucysiegle,4
8558,Tweet,GlennThrush,NilsPratley,83
8523,Tweet,GlennThrush,jmart,3
8502,Tweet,GlennThrush,jmart,15
8530,Tweet,GlennThrush,jonpareles,14
8553,Tweet,GlennThrush,RosySequeiraTOI,62
8540,Tweet,GlennThrush,jestei,132
8501,Tweet,GlennThrush,jbouie,294
8528,Tweet,GlennThrush,hugolowell,209
8517,Tweet,GlennThrush,gettleman,74
8548,Tweet,GlennThrush,jestei,90
8554,Tweet,GlennThrush,gailcollins,13
8582,Tweet,GlennThrush,gailcollins,13
8534,Tweet,GlennThrush,hillhulse,13
169888,Article,adwaidh,adwaidh,1
169887,Article,adwaidh,adwaidh,1
169857,Article,adwaidh,adwaidh,1
169870,Article,adwaidh,adwaidh,1
169880,Article,adwaidh,adwaidh,1
169894,Article,adwaidh,adwaidh,1
169858,Article,adwaidh,adwaidh,1
169913,Article,adwaidh,adwaidh,1
169849,Article,adwaidh,adwaidh,1
169886,Article,adwaidh,adwaidh,1
169877,Article,adwaidh,adwaidh,1
169911,Article,adwaidh,adwaidh,1
169908,Article,adwaidh,adwaidh,1
169906,Article,adwaidh,adwaidh,1
169891,Article,adwaidh,adwaidh,1
169990,Tweet,adwaidh,_nicolaclark,64
169936,Tweet,adwaidh,adwaidh,1
169917,Tweet,adwaidh,petleepeter,107
169980,Tweet,adwaidh,desaisantosh,179
169930,Tweet,adwaidh,adwaidh,1
169973,Tweet,adwaidh,adwaidh,1
169923,Tweet,adwaidh,EricaLG,57
169928,Tweet,adwaidh,RosySequeiraTOI,9
169985,Tweet,adwaidh,adwaidh,1
169961,Tweet,adwaidh,andybrassell,66
169927,Tweet,adwaidh,adwaidh,1
169977,Tweet,adwaidh,adwaidh,1
169924,Tweet,adwaidh,andybrassell,94
169984,Tweet,adwaidh,adwaidh,1
169922,Tweet,adwaidh,andybrassell,110
193379,Article,meeravohraTOI,divyapal2013,2
193532,Article,meeravohraTOI,ChaitanyadTOI,10
193456,Article,meeravohraTOI,priyagupta999,3
193477,Article,meeravohraTOI,meeravohraTOI,1
193495,Article,meeravohraTOI,debaratisen,2
193426,Article,meeravohraTOI,meeravohraTOI,1
193547,Article,meeravohraTOI,debaratisen,3
193418,Article,meeravohraTOI,shiba_kurian,3
193347,Article,meeravohraTOI,meeravohraTOI,1
193316,Article,meeravohraTOI,debaratisen,3
193422,Article,meeravohraTOI,bindiyachariTOI,68
193375,Article,meeravohraTOI,meeravohraTOI,1
193326,Article,meeravohraTOI,meeravohraTOI,1
193339,Article,meeravohraTOI,divyapal2013,2
193515,Article,meeravohraTOI,meeravohraTOI,1
193620,Tweet,meeravohraTOI,mateenHTOI,4
193576,Tweet,meeravohraTOI,BawaNaaved,2
193615,Tweet,meeravohraTOI,mateenHTOI,4
193585,Tweet,meeravohraTOI,ManjuVTOI,10
193592,Tweet,meeravohraTOI,RosySequeiraTOI,14
193562,Tweet,meeravohraTOI,tushhaikhush,196
193640,Tweet,meeravohraTOI,007pandey,2
193557,Tweet,meeravohraTOI,meeravohraTOI,1
193623,Tweet,meeravohraTOI,murarishetyeTOI,33
193644,Tweet,meeravohraTOI,meeravohraTOI,1
193556,Tweet,meeravohraTOI,petleepeter,78
193561,Tweet,meeravohraTOI,meeravohraTOI,1
193584,Tweet,meeravohraTOI,petleepeter,109
193608,Tweet,meeravohraTOI,nauzerbTOI,11
193634,Tweet,meeravohraTOI,nandinisgTOI,5
184568,Article,GRajivTOI,GRajivTOI,1
184439,Article,GRajivTOI,akhileshsTOI,12
184429,Article,GRajivTOI,KapildaveTOI,5
184503,Article,GRajivTOI,juliemTOI,7
184529,Article,GRajivTOI,GRajivTOI,1
184406,Article,GRajivTOI,AniltheMatrix,10
184558,Article,GRajivTOI,juliemTOI,4
184387,Article,GRajivTOI,akhileshsTOI,13
184385,Article,GRajivTOI,GRajivTOI,1
184461,Article,GRajivTOI,GRajivTOI,1
184574,Article,GRajivTOI,GRajivTOI,1
184505,Article,GRajivTOI,GRajivTOI,1
184389,Article,GRajivTOI,ShoebKhanTOI,2
184554,Article,GRajivTOI,BhanupratapsTOI,21
184368,Article,GRajivTOI,AmritadTOI,2
184699,Tweet,GRajivTOI,GRajivTOI,1
184653,Tweet,GRajivTOI,GRajivTOI,1
184704,Tweet,GRajivTOI,GRajivTOI,1
184633,Tweet,GRajivTOI,KapildaveTOI,6
184660,Tweet,GRajivTOI,KapildaveTOI,2
184624,Tweet,GRajivTOI,GRajivTOI,1
184665,Tweet,GRajivTOI,KapildaveTOI,6
184613,Tweet,GRajivTOI,murarishetyeTOI,5
184705,Tweet,GRajivTOI,GRajivTOI,1
184607,Tweet,GRajivTOI,pradeeptTOI,5
184654,Tweet,GRajivTOI,leninology,246
184628,Tweet,GRajivTOI,GRajivTOI,1
184701,Tweet,GRajivTOI,GRajivTOI,1
184638,Tweet,GRajivTOI,KapildaveTOI,4
184621,Tweet,GRajivTOI,GRajivTOI,1
167948,Article,27saurabhsinha,richapintoi,5
167918,Article,27saurabhsinha,rishachitlangia,2
167860,Article,27saurabhsinha,27saurabhsinha,1
167824,Article,27saurabhsinha,27saurabhsinha,1
167950,Article,27saurabhsinha,KapildaveTOI,2
167966,Article,27saurabhsinha,dipakdashTOI,9
167951,Article,27saurabhsinha,27saurabhsinha,1
167992,Article,27saurabhsinha,27saurabhsinha,1
167832,Article,27saurabhsinha,27saurabhsinha,1
167760,Article,27saurabhsinha,ManjuVTOI,3
167930,Article,27saurabhsinha,007pandey,3
167794,Article,27saurabhsinha,richapintoi,2
167755,Article,27saurabhsinha,pankajdoval,7
167806,Article,27saurabhsinha,bindiyachariTOI,3
167988,Article,27saurabhsinha,27saurabhsinha,1
168017,Tweet,27saurabhsinha,ottolenghi,10
168033,Tweet,27saurabhsinha,27saurabhsinha,1
168032,Tweet,27saurabhsinha,ManjuVTOI,3
168087,Tweet,27saurabhsinha,27saurabhsinha,1
168075,Tweet,27saurabhsinha,RosySequeiraTOI,42
168012,Tweet,27saurabhsinha,KTVinobhaTOI,44
168024,Tweet,27saurabhsinha,27saurabhsinha,1
168010,Tweet,27saurabhsinha,AmritadTOI,15
168011,Tweet,27saurabhsinha,digbijaymishra1,9
168029,Tweet,27saurabhsinha,Gauraw2297,5
168018,Tweet,27saurabhsinha,priyangiTOI,5
168084,Tweet,27saurabhsinha,27saurabhsinha,1
168063,Tweet,27saurabhsinha,MohitaTOI,4
168007,Tweet,27saurabhsinha,27saurabhsinha,1
168094,Tweet,27saurabhsinha,27saurabhsinha,1
91905,Article,nicholaswatt,richardwolffedc,32
91971,Article,nicholaswatt,jillfilipovic,80
91917,Article,nicholaswatt,nicholaswatt,1
91916,Article,nicholaswatt,nicholaswatt,1
91839,Article,nicholaswatt,nicholaswatt,1
91883,Article,nicholaswatt,lindasgrant,21
91849,Article,nicholaswatt,nicholaswatt,1
92022,Article,nicholaswatt,ewenmacaskill,2
91961,Article,nicholaswatt,bglendenning,106
92019,Article,nicholaswatt,nicholaswatt,1
91924,Article,nicholaswatt,nicholaswatt,1
91815,Article,nicholaswatt,nicholaswatt,1
92009,Article,nicholaswatt,gilestremlett,3
91814,Article,nicholaswatt,nicholaswatt,1
91910,Article,nicholaswatt,nicholaswatt,1
92184,Tweet,nicholaswatt,farnazfassihi,51
92550,Tweet,nicholaswatt,andrewrawnsley,92
92217,Tweet,nicholaswatt,RosySequeiraTOI,207
92422,Tweet,nicholaswatt,nicholaswatt,1
92635,Tweet,nicholaswatt,vanbadham,2
92331,Tweet,nicholaswatt,adamliptak,110
92256,Tweet,nicholaswatt,AndrewSparrow,261
92149,Tweet,nicholaswatt,andrewrawnsley,333
92321,Tweet,nicholaswatt,journo_vibha,136
92419,Tweet,nicholaswatt,andrewrawnsley,418
92136,Tweet,nicholaswatt,nicholaswatt,1
92587,Tweet,nicholaswatt,nicholaswatt,1
92527,Tweet,nicholaswatt,AndrewSparrow,135
92128,Tweet,nicholaswatt,murarishetyeTOI,306
92192,Tweet,nicholaswatt,KateEMcCann,2
177098,Article,BawaNaaved,PjJoychen,5
177166,Article,BawaNaaved,KanwardeepsTOI,2
177143,Article,BawaNaaved,BawaNaaved,1
177148,Article,BawaNaaved,BawaNaaved,1
177127,Article,BawaNaaved,ishajainTOI,10
177149,Article,BawaNaaved,DekaJayanta,73
177140,Article,BawaNaaved,BawaNaaved,1
177115,Article,BawaNaaved,rajendrasTOI,4
177135,Article,BawaNaaved,petleepeter,4
177130,Article,BawaNaaved,Arv_Ind_Chauhan,29
177156,Article,BawaNaaved,SagrikaKissu,5
177141,Article,BawaNaaved,maheshbTOI,6
177145,Article,BawaNaaved,yeshikabudhwar,8
177138,Article,BawaNaaved,advityabahlTOI,2
177102,Article,BawaNaaved,SagrikaKissu,6
177187,Tweet,BawaNaaved,BawaNaaved,1
177204,Tweet,BawaNaaved,BawaNaaved,1
177236,Tweet,BawaNaaved,ShoebKhanTOI,21
177201,Tweet,BawaNaaved,BawaNaaved,1
177209,Tweet,BawaNaaved,BawaNaaved,1
177239,Tweet,BawaNaaved,BawaNaaved,1
177192,Tweet,BawaNaaved,tushhaikhush,2
177256,Tweet,BawaNaaved,tushhaikhush,8
177277,Tweet,BawaNaaved,KanwardeepsTOI,4
177200,Tweet,BawaNaaved,Gauraw2297,6
177237,Tweet,BawaNaaved,BawaNaaved,1
177181,Tweet,BawaNaaved,DekaJayanta,140
177233,Tweet,BawaNaaved,MohitaTOI,447
177255,Tweet,BawaNaaved,BawaNaaved,1
177220,Tweet,BawaNaaved,Gauraw2297,14
7861,Article,FrankBruni,NYTimesCohen,6
7833,Article,FrankBruni,llerer,24
7885,Article,FrankBruni,paulkrugman,16
7897,Article,FrankBruni,MaggieAstor,13
7826,Article,FrankBruni,nytdavidbrooks,5
7822,Article,FrankBruni,ASoloski,15
7812,Article,FrankBruni,hugolowell,18
7872,Article,FrankBruni,tomfriedman,10
7814,Article,FrankBruni,FrankBruni,1
7843,Article,FrankBruni,parul_sehgal,2
7839,Article,FrankBruni,alexanderburns,49
7827,Article,FrankBruni,anniekarni,4
7840,Article,FrankBruni,parul_sehgal,30
7832,Article,FrankBruni,FrankBruni,1
7817,Article,FrankBruni,michelleinbklyn,5
7968,Tweet,FrankBruni,FrankBruni,1
7965,Tweet,FrankBruni,DSlotnik,4
7963,Tweet,FrankBruni,FrankBruni,1
7917,Tweet,FrankBruni,tomfriedman,10
7927,Tweet,FrankBruni,FrancesRobles,70
7913,Tweet,FrankBruni,tomfriedman,3
7984,Tweet,FrankBruni,FrankBruni,1
7964,Tweet,FrankBruni,gailcollins,5
7916,Tweet,FrankBruni,lindasgrant,58
7909,Tweet,FrankBruni,tomfriedman,4
7953,Tweet,FrankBruni,FrankBruni,1
7945,Tweet,FrankBruni,tomfriedman,6
7911,Tweet,FrankBruni,FrankBruni,1
7924,Tweet,FrankBruni,FrankBruni,1
7982,Tweet,FrankBruni,andrewrawnsley,17
168534,Article,abhishekTWEETS7,vijaypTOI,2
168578,Article,abhishekTWEETS7,abhishekTWEETS7,1
168680,Article,abhishekTWEETS7,abhishekTWEETS7,1
168579,Article,abhishekTWEETS7,abhishekTWEETS7,1
168557,Article,abhishekTWEETS7,abhishekTWEETS7,1
168456,Article,abhishekTWEETS7,abhishekTWEETS7,1
168682,Article,abhishekTWEETS7,akhileshsTOI,2
168612,Article,abhishekTWEETS7,SribaalaVTOI,3
168593,Article,abhishekTWEETS7,ShrinivasaMTOI,6
168586,Article,abhishekTWEETS7,niyatiparikhTOI,60
168630,Article,abhishekTWEETS7,SribaalaVTOI,4
168572,Article,abhishekTWEETS7,UttaraVarmaTOI,4
168521,Article,abhishekTWEETS7,akhileshsTOI,2
168571,Article,abhishekTWEETS7,abhishekTWEETS7,1
168691,Article,abhishekTWEETS7,vaibhavgTOI,2
168696,Tweet,abhishekTWEETS7,PhanindraP_TNIE,27
168705,Tweet,abhishekTWEETS7,sandhyanairTOI,10
168706,Tweet,abhishekTWEETS7,desaisantosh,120
168738,Tweet,abhishekTWEETS7,vaibhavgTOI,9
168701,Tweet,abhishekTWEETS7,divyadubey_,33
168717,Tweet,abhishekTWEETS7,EricaLG,34
168778,Tweet,abhishekTWEETS7,petleepeter,46
168740,Tweet,abhishekTWEETS7,ramarkosg,134
168793,Tweet,abhishekTWEETS7,vaibhavgTOI,55
168732,Tweet,abhishekTWEETS7,smita_mishra,42
168777,Tweet,abhishekTWEETS7,MohitaTOI,16
168791,Tweet,abhishekTWEETS7,MujMash,106
168747,Tweet,abhishekTWEETS7,petleepeter,33
168704,Tweet,abhishekTWEETS7,MohitaTOI,248
168751,Tweet,abhishekTWEETS7,vaibhavgTOI,12
42242,Article,JessicaValenti,JessicaValenti,1
42301,Article,JessicaValenti,bglendenning,354
42360,Article,JessicaValenti,sarahditum,2
42198,Article,JessicaValenti,emmabrockes,5
42308,Article,JessicaValenti,lucywardsings,146
42207,Article,JessicaValenti,JessicaValenti,1
42366,Article,JessicaValenti,JessicaValenti,1
42311,Article,JessicaValenti,JessicaValenti,1
42199,Article,JessicaValenti,JessicaValenti,1
42293,Article,JessicaValenti,thrasherxy,2
42295,Article,JessicaValenti,JessicaValenti,1
42334,Article,JessicaValenti,JessicaValenti,1
42400,Article,JessicaValenti,mtomasky,8
42279,Article,JessicaValenti,JessicaValenti,1
42220,Article,JessicaValenti,JessicaValenti,1
42548,Tweet,JessicaValenti,jennydeluxe,52
42492,Tweet,JessicaValenti,JessicaValenti,1
42620,Tweet,JessicaValenti,jimwaterson,161
42636,Tweet,JessicaValenti,liamstack,8
42818,Tweet,JessicaValenti,JessicaValenti,1
42515,Tweet,JessicaValenti,GiniaNYT,184
42910,Tweet,JessicaValenti,saumyajitbTOI,158
42475,Tweet,JessicaValenti,JessicaValenti,1
42600,Tweet,JessicaValenti,hugolowell,4
42608,Tweet,JessicaValenti,EmmaBubola,12
42779,Tweet,JessicaValenti,EmilyAnthes,17
42577,Tweet,JessicaValenti,sarahditum,44
42467,Tweet,JessicaValenti,tomfriedman,6
42925,Tweet,JessicaValenti,polblonde,322
42622,Tweet,JessicaValenti,yeshikabudhwar,132
147347,Article,polblonde,davidhepworth,3
147346,Article,polblonde,WilbyPeter,3
147362,Article,polblonde,MichaelWhite,86
147353,Article,polblonde,jillfilipovic,45
147363,Article,polblonde,msrachelcooke,11
147320,Article,polblonde,sarahditum,35
147289,Article,polblonde,steve_hewlett,2
147318,Article,polblonde,steve_hewlett,5
147271,Article,polblonde,polblonde,1
147309,Article,polblonde,polblonde,1
147378,Article,polblonde,MarinaHyde,96
147365,Article,polblonde,TimdeLisle,58
147255,Article,polblonde,polblonde,1
147298,Article,polblonde,thrasherxy,40
147299,Article,polblonde,MichaelWhite,38
147427,Tweet,polblonde,RosySequeiraTOI,7
147384,Tweet,polblonde,ajaysuraTOI,5
147676,Tweet,polblonde,andrewrawnsley,112
147832,Tweet,polblonde,steve_hewlett,41
147702,Tweet,polblonde,polblonde,1
147824,Tweet,polblonde,RosySequeiraTOI,6
147451,Tweet,polblonde,RosySequeiraTOI,6
147922,Tweet,polblonde,andrewrawnsley,20
147738,Tweet,polblonde,vijayVsinghTOI,6
147417,Tweet,polblonde,andrewrawnsley,66
147735,Tweet,polblonde,desaisantosh,123
147781,Tweet,polblonde,RosySequeiraTOI,4
147656,Tweet,polblonde,andrewrawnsley,105
147872,Tweet,polblonde,RosySequeiraTOI,6
147549,Tweet,polblonde,jonronson,95
86517,Article,salihughes,salihughes,1
86456,Article,salihughes,polblonde,162
86576,Article,salihughes,salihughes,1
86515,Article,salihughes,salihughes,1
86694,Article,salihughes,salihughes,1
86513,Article,salihughes,salihughes,1
86684,Article,salihughes,salihughes,1
86647,Article,salihughes,salihughes,1
86465,Article,salihughes,salihughes,1
86510,Article,salihughes,salihughes,1
86494,Article,salihughes,salihughes,1
86474,Article,salihughes,we_are_food,4
86589,Article,salihughes,salihughes,1
86468,Article,salihughes,salihughes,1
86461,Article,salihughes,salihughes,1
86761,Tweet,salihughes,aleksk,273
87152,Tweet,salihughes,elizabday,4
87297,Tweet,salihughes,timatkin,8
86747,Tweet,salihughes,jimwaterson,14
87147,Tweet,salihughes,salihughes,1
86919,Tweet,salihughes,MoharBasu,39
86930,Tweet,salihughes,timatkin,16
86849,Tweet,salihughes,andrewrawnsley,16
86703,Tweet,salihughes,andrewrawnsley,44
87187,Tweet,salihughes,bglendenning,13
87261,Tweet,salihughes,LucyMangan,103
86765,Tweet,salihughes,andrewrawnsley,122
86848,Tweet,salihughes,andrewrawnsley,20
86710,Tweet,salihughes,jillfilipovic,6
87257,Tweet,salihughes,jimwaterson,14
29885,Article,tarasbernard,jeannasmialek,2
29809,Article,tarasbernard,tarasbernard,1
29838,Article,tarasbernard,SherylNYT,37
29869,Article,tarasbernard,StacyCowley,2
29855,Article,tarasbernard,StacyCowley,23
29857,Article,tarasbernard,tarasbernard,1
29896,Article,tarasbernard,bencasselman,2
29804,Article,tarasbernard,jameskanter,183
29854,Article,tarasbernard,FlitterOnFraud,3
29875,Article,tarasbernard,StacyCowley,2
29831,Article,tarasbernard,tarasbernard,1
29880,Article,tarasbernard,rondakaysen,5
29817,Article,tarasbernard,tarasbernard,1
29871,Article,tarasbernard,ASoloski,45
29873,Article,tarasbernard,tarasbernard,1
29956,Tweet,tarasbernard,StacyCowley,2
29967,Tweet,tarasbernard,juliarebeccaj,82
29962,Tweet,tarasbernard,tarasbernard,1
29914,Tweet,tarasbernard,gailcollins,203
29941,Tweet,tarasbernard,timatkin,67
29903,Tweet,tarasbernard,jeannasmialek,10
29910,Tweet,tarasbernard,elizabday,110
29957,Tweet,tarasbernard,tomfriedman,48
29973,Tweet,tarasbernard,JoshuaRozenberg,23
29931,Tweet,tarasbernard,tarasbernard,1
29984,Tweet,tarasbernard,winematcher,89
29951,Tweet,tarasbernard,elizabday,127
29966,Tweet,tarasbernard,RosySequeiraTOI,240
29993,Tweet,tarasbernard,tarasbernard,1
29954,Tweet,tarasbernard,nytdavidbrooks,189
2484,Article,Azi,NickAtNews,23
2410,Article,Azi,ianrausten,12
2489,Article,Azi,BenWeiserNYT,56
2427,Article,Azi,llerer,57
2437,Article,Azi,BenWeiserNYT,8
2404,Article,Azi,reidepstein,192
2495,Article,Azi,NickAtNews,22
2461,Article,Azi,karenzraick,62
2468,Article,Azi,NikiKitsantonis,25
2459,Article,Azi,farnazfassihi,25
2490,Article,Azi,mikeives,53
2473,Article,Azi,livia_ar,4
2440,Article,Azi,MattFutterman,35
2491,Article,Azi,joncaramanica,199
2483,Article,Azi,meddynyt,62
2560,Tweet,Azi,npfandos,2
2593,Tweet,Azi,richardwolffedc,211
2544,Tweet,Azi,Azi,1
2577,Tweet,Azi,FrancesRobles,236
2570,Tweet,Azi,viasimonromero,31
2516,Tweet,Azi,jbouie,16
2541,Tweet,Azi,michelleinbklyn,10
2517,Tweet,Azi,jessbidgood,15
2585,Tweet,Azi,hillhulse,4
2506,Tweet,Azi,NilsPratley,2
2566,Tweet,Azi,RosySequeiraTOI,8
2511,Tweet,Azi,marywalshjourno,2
2505,Tweet,Azi,llerer,79
2514,Tweet,Azi,anniekarni,5
2518,Tweet,Azi,hillhulse,4
205610,Article,rashmidTOI,rajendrasTOI,4
205472,Article,rashmidTOI,rashmidTOI,1
205551,Article,rashmidTOI,rajendrasTOI,3
205593,Article,rashmidTOI,rashmidTOI,1
205596,Article,rashmidTOI,ishajainTOI,8
205614,Article,rashmidTOI,vijaypTOI,3
205532,Article,rashmidTOI,rashmidTOI,1
205562,Article,rashmidTOI,NishikantkTOI,13
205525,Article,rashmidTOI,yeshikabudhwar,2
205640,Article,rashmidTOI,rashmidTOI,1
205575,Article,rashmidTOI,SribaalaVTOI,4
205547,Article,rashmidTOI,rashmidTOI,1
205698,Article,rashmidTOI,rashmidTOI,1
205512,Article,rashmidTOI,rashmidTOI,1
205557,Article,rashmidTOI,ggreenwald,5
205802,Tweet,rashmidTOI,rashmidTOI,1
205762,Tweet,rashmidTOI,RosySequeiraTOI,179
205785,Tweet,rashmidTOI,rashmidTOI,1
205781,Tweet,rashmidTOI,vijayVsinghTOI,16
205807,Tweet,rashmidTOI,rashmidTOI,1
205736,Tweet,rashmidTOI,rashmidTOI,1
205792,Tweet,rashmidTOI,akhileshsTOI,3
205729,Tweet,rashmidTOI,rashmidTOI,1
205795,Tweet,rashmidTOI,MohitaTOI,6
205714,Tweet,rashmidTOI,akhileshsTOI,3
205782,Tweet,rashmidTOI,yeshikabudhwar,114
205742,Tweet,rashmidTOI,NishikantkTOI,8
205768,Tweet,rashmidTOI,PjJoychen,3
205721,Tweet,rashmidTOI,rashmidTOI,1
205790,Tweet,rashmidTOI,divyadubey_,2
205232,Article,ramendrasTOI,ramendrasTOI,1
205201,Article,ramendrasTOI,SwatiShindeTOI,3
205228,Article,ramendrasTOI,SwatiShindeTOI,33
205258,Article,ramendrasTOI,ramendrasTOI,1
205323,Article,ramendrasTOI,AniltheMatrix,32
205394,Article,ramendrasTOI,ramendrasTOI,1
205225,Article,ramendrasTOI,kumaraswamykTOI,3
205233,Article,ramendrasTOI,akhileshsTOI,31
205214,Article,ramendrasTOI,ramendrasTOI,1
205322,Article,ramendrasTOI,dkarthikTOI,5
205397,Article,ramendrasTOI,rhymetraveller,3
205360,Article,ramendrasTOI,ramendrasTOI,1
205318,Article,ramendrasTOI,SwatiShindeTOI,17
205361,Article,ramendrasTOI,Pratiks_TOI,56
205355,Article,ramendrasTOI,adwaidh,2
205415,Tweet,ramendrasTOI,ramendrasTOI,1
205464,Tweet,ramendrasTOI,BhanupratapsTOI,45
205419,Tweet,ramendrasTOI,ramendrasTOI,1
205465,Tweet,ramendrasTOI,kumaraswamykTOI,9
205423,Tweet,ramendrasTOI,bindiyachariTOI,38
205453,Tweet,ramendrasTOI,TOISH31,13
205445,Tweet,ramendrasTOI,RosySequeiraTOI,156
205459,Tweet,ramendrasTOI,SribaalaVTOI,3
205447,Tweet,ramendrasTOI,RosySequeiraTOI,200
205455,Tweet,ramendrasTOI,KapildaveTOI,2
205434,Tweet,ramendrasTOI,TOISH31,10
205435,Tweet,ramendrasTOI,TOISH31,22
205427,Tweet,ramendrasTOI,ramendrasTOI,1
205416,Tweet,ramendrasTOI,ramendrasTOI,1
205411,Tweet,ramendrasTOI,ramendrasTOI,1
60649,Article,winematcher,winematcher,1
60644,Article,winematcher,winematcher,1
60433,Article,winematcher,winematcher,1
60503,Article,winematcher,winematcher,1
60575,Article,winematcher,salihughes,88
60492,Article,winematcher,winematcher,1
60441,Article,winematcher,winematcher,1
60668,Article,winematcher,winematcher,1
60450,Article,winematcher,winematcher,1
60449,Article,winematcher,winematcher,1
60675,Article,winematcher,TimdeLisle,234
60633,Article,winematcher,TimdeLisle,219
60493,Article,winematcher,laurenlaverne,2
60442,Article,winematcher,winematcher,1
60458,Article,winematcher,winematcher,1
61182,Tweet,winematcher,petleepeter,21
61057,Tweet,winematcher,timatkin,7
61058,Tweet,winematcher,_nicolaclark,2
60908,Tweet,winematcher,winematcher,1
61003,Tweet,winematcher,ottolenghi,10
61024,Tweet,winematcher,steve_hewlett,54
60706,Tweet,winematcher,nicklezard,48
61219,Tweet,winematcher,laurenlaverne,76
60767,Tweet,winematcher,rachshabi,24
61111,Tweet,winematcher,jonronson,10
60851,Tweet,winematcher,desaisantosh,11
60983,Tweet,winematcher,rachshabi,11
60805,Tweet,winematcher,ajaysuraTOI,21
60773,Tweet,winematcher,lindasgrant,4
60962,Tweet,winematcher,winematcher,1
163378,Article,nnougayrede,TristramHuntVA,5
163340,Article,nnougayrede,nnougayrede,1
163299,Article,nnougayrede,AndrewSparrow,4
163346,Article,nnougayrede,msrachelcooke,45
163321,Article,nnougayrede,richardwolffedc,6
163350,Article,nnougayrede,polblonde,12
163324,Article,nnougayrede,paulmasonnews,3
163294,Article,nnougayrede,TimdeLisle,49
163290,Article,nnougayrede,sunny_hundal,22
163363,Article,nnougayrede,Freedland,30
163364,Article,nnougayrede,bglendenning,164
163221,Article,nnougayrede,bglendenning,112
163392,Article,nnougayrede,garyyounge,25
163218,Article,nnougayrede,MarinaHyde,4
163295,Article,nnougayrede,OwenJones84,33
163990,Tweet,nnougayrede,CeylanWrites,14
163872,Tweet,nnougayrede,murarishetyeTOI,29
163818,Tweet,nnougayrede,RosySequeiraTOI,68
163634,Tweet,nnougayrede,nnougayrede,1
163795,Tweet,nnougayrede,tomfriedman,34
163430,Tweet,nnougayrede,nnougayrede,1
163514,Tweet,nnougayrede,KeithBradsher,82
163656,Tweet,nnougayrede,juliemTOI,29
163936,Tweet,nnougayrede,WilbyPeter,3
163499,Tweet,nnougayrede,nnougayrede,1
163922,Tweet,nnougayrede,lukeharding1968,4
163965,Tweet,nnougayrede,tomfriedman,5
163417,Tweet,nnougayrede,lenoretaylor,4
163851,Tweet,nnougayrede,WilbyPeter,3
163824,Tweet,nnougayrede,RosySequeiraTOI,121
30053,Article,PerriKlass,PerriKlass,1
30010,Article,PerriKlass,PerriKlass,1
30097,Article,PerriKlass,PerriKlass,1
30078,Article,PerriKlass,RoniNYTimes,13
30079,Article,PerriKlass,apoorva_nyc,5
30006,Article,PerriKlass,PerriKlass,1
30048,Article,PerriKlass,jennyschuessler,13
30085,Article,PerriKlass,PerriKlass,1
30066,Article,PerriKlass,PerriKlass,1
30025,Article,PerriKlass,PerriKlass,1
30023,Article,PerriKlass,jennydeluxe,6
30089,Article,PerriKlass,PerriKlass,1
30099,Article,PerriKlass,PerriKlass,1
30001,Article,PerriKlass,PerriKlass,1
30035,Article,PerriKlass,PerriKlass,1
30136,Tweet,PerriKlass,DerekMalcolm123,2
30122,Tweet,PerriKlass,polblonde,17
30140,Tweet,PerriKlass,PerriKlass,1
30131,Tweet,PerriKlass,PerriKlass,1
30110,Tweet,PerriKlass,andrewrawnsley,140
30153,Tweet,PerriKlass,MohitaTOI,65
30188,Tweet,PerriKlass,sarahchurchwell,61
30106,Tweet,PerriKlass,RoniNYTimes,11
30170,Tweet,PerriKlass,PerriKlass,1
30146,Tweet,PerriKlass,jonpareles,69
30126,Tweet,PerriKlass,PerriKlass,1
30172,Tweet,PerriKlass,tomfriedman,5
30179,Tweet,PerriKlass,lucywardsings,69
30108,Tweet,PerriKlass,lauriegnyt,161
30135,Tweet,PerriKlass,andrewrawnsley,38
24693,Article,tripgabriel,tripgabriel,1
24653,Article,tripgabriel,ianrausten,30
24676,Article,tripgabriel,MaggieAstor,3
24632,Article,tripgabriel,tripgabriel,1
24635,Article,tripgabriel,jmart,2
24640,Article,tripgabriel,reidepstein,7
24616,Article,tripgabriel,hillhulse,9
24659,Article,tripgabriel,tripgabriel,1
24684,Article,tripgabriel,llerer,4
24655,Article,tripgabriel,hillhulse,3
24664,Article,tripgabriel,tripgabriel,1
24650,Article,tripgabriel,NikiKitsantonis,70
24679,Article,tripgabriel,tripgabriel,1
24678,Article,tripgabriel,tripgabriel,1
24633,Article,tripgabriel,BenWeiserNYT,94
24793,Tweet,tripgabriel,ajaysuraTOI,62
24720,Tweet,tripgabriel,naomi2009,97
24790,Tweet,tripgabriel,FrankBruni,6
24799,Tweet,tripgabriel,sio_burke,343
24724,Tweet,tripgabriel,RosySequeiraTOI,14
24758,Tweet,tripgabriel,LizAldermanNYT,187
24792,Tweet,tripgabriel,jbouie,10
24701,Tweet,tripgabriel,RosySequeiraTOI,294
24739,Tweet,tripgabriel,polblonde,49
24723,Tweet,tripgabriel,llerer,32
24753,Tweet,tripgabriel,hillhulse,12
24782,Tweet,tripgabriel,gailcollins,12
24729,Tweet,tripgabriel,jessbidgood,3
24740,Tweet,tripgabriel,nicholaswatt,103
24757,Tweet,tripgabriel,ajaysuraTOI,13
159614,Article,williamkeegan,williamkeegan,1
159778,Article,williamkeegan,williamnhutton,55
159748,Article,williamkeegan,chiggi,147
159605,Article,williamkeegan,williamkeegan,1
159776,Article,williamkeegan,williamkeegan,1
159752,Article,williamkeegan,archiebland,37
159598,Article,williamkeegan,williamkeegan,1
159574,Article,williamkeegan,williamkeegan,1
159627,Article,williamkeegan,williamkeegan,1
159686,Article,williamkeegan,williamkeegan,1
159587,Article,williamkeegan,williamkeegan,1
159780,Article,williamkeegan,ukigoni,5
159652,Article,williamkeegan,williamkeegan,1
159573,Article,williamkeegan,williamkeegan,1
159595,Article,williamkeegan,williamkeegan,1
160162,Tweet,williamkeegan,williamkeegan,1
160072,Tweet,williamkeegan,williamkeegan,1
159809,Tweet,williamkeegan,tomfriedman,2
159902,Tweet,williamkeegan,williamkeegan,1
159861,Tweet,williamkeegan,williamkeegan,1
159871,Tweet,williamkeegan,williamkeegan,1
160047,Tweet,williamkeegan,williamkeegan,1
159958,Tweet,williamkeegan,williamkeegan,1
159874,Tweet,williamkeegan,williamkeegan,1
159890,Tweet,williamkeegan,williamkeegan,1
160060,Tweet,williamkeegan,williamkeegan,1
159853,Tweet,williamkeegan,williamkeegan,1
160028,Tweet,williamkeegan,williamkeegan,1
160008,Tweet,williamkeegan,WilbyPeter,2
160074,Tweet,williamkeegan,williamkeegan,1
48817,Article,nmcintosh,DerekMalcolm123,3
48902,Article,nmcintosh,NilsPratley,14
48793,Article,nmcintosh,nmcintosh,1
48740,Article,nmcintosh,emilybell,6
48842,Article,nmcintosh,DerekMalcolm123,2
48784,Article,nmcintosh,sunny_hundal,2
48872,Article,nmcintosh,NilsPratley,4
48756,Article,nmcintosh,ewenmacaskill,51
48941,Article,nmcintosh,nmcintosh,1
48789,Article,nmcintosh,nmcintosh,1
48869,Article,nmcintosh,emilybell,9
48867,Article,nmcintosh,RebeccaSeal,14
48929,Article,nmcintosh,davidleighx,38
48701,Article,nmcintosh,jonpareles,12
48874,Article,nmcintosh,FranklinBlog,209
49401,Tweet,nmcintosh,andrewrawnsley,60
49513,Tweet,nmcintosh,laurenlaverne,93
49422,Tweet,nmcintosh,jimwaterson,47
49195,Tweet,nmcintosh,lucysiegle,100
49491,Tweet,nmcintosh,RosySequeiraTOI,9
49429,Tweet,nmcintosh,ajaysuraTOI,112
49285,Tweet,nmcintosh,shattenstone,34
49070,Tweet,nmcintosh,andrewrawnsley,53
49337,Tweet,nmcintosh,RosySequeiraTOI,146
49117,Tweet,nmcintosh,tarasbernard,29
49441,Tweet,nmcintosh,mswainwright,12
49347,Tweet,nmcintosh,andrewrawnsley,60
49484,Tweet,nmcintosh,andrewrawnsley,133
49477,Tweet,nmcintosh,davidleighx,25
49028,Tweet,nmcintosh,andrew_mueller,8
213019,Article,somitsenTOI,dkarthikTOI,2
213051,Article,somitsenTOI,somitsenTOI,1
213021,Article,somitsenTOI,somitsenTOI,1
212984,Article,somitsenTOI,ThevarSteffy,7
213091,Article,somitsenTOI,somitsenTOI,1
212880,Article,somitsenTOI,somitsenTOI,1
212936,Article,somitsenTOI,somitsenTOI,1
213023,Article,somitsenTOI,somitsenTOI,1
212884,Article,somitsenTOI,somitsenTOI,1
212980,Article,somitsenTOI,pankajdoval,13
213056,Article,somitsenTOI,somitsenTOI,1
213090,Article,somitsenTOI,somitsenTOI,1
212909,Article,somitsenTOI,somitsenTOI,1
213097,Article,somitsenTOI,somitsenTOI,1
212873,Article,somitsenTOI,somitsenTOI,1
213196,Tweet,somitsenTOI,somitsenTOI,1
213157,Tweet,somitsenTOI,mateenHTOI,4
213187,Tweet,somitsenTOI,somitsenTOI,1
213127,Tweet,somitsenTOI,MohitaTOI,20
213200,Tweet,somitsenTOI,mateenHTOI,208
213191,Tweet,somitsenTOI,somitsenTOI,1
213161,Tweet,somitsenTOI,rashmidTOI,2
213183,Tweet,somitsenTOI,vijayVsinghTOI,431
213154,Tweet,somitsenTOI,murarishetyeTOI,4
213206,Tweet,somitsenTOI,somitsenTOI,1
213148,Tweet,somitsenTOI,somitsenTOI,1
213146,Tweet,somitsenTOI,mateenHTOI,57
213204,Tweet,somitsenTOI,somitsenTOI,1
213163,Tweet,somitsenTOI,somitsenTOI,1
213125,Tweet,somitsenTOI,akhileshsTOI,5
25068,Article,bencasselman,bencasselman,1
25004,Article,bencasselman,sangerkatz,2
25091,Article,bencasselman,bencasselman,1
25098,Article,bencasselman,bencasselman,1
25036,Article,bencasselman,bencasselman,1
25085,Article,bencasselman,bencasselman,1
25030,Article,bencasselman,bencasselman,1
25011,Article,bencasselman,bencasselman,1
25039,Article,bencasselman,jimtankersley,2
25094,Article,bencasselman,bencasselman,1
25086,Article,bencasselman,bencasselman,1
25018,Article,bencasselman,jimtankersley,4
25037,Article,bencasselman,StacyCowley,2
25061,Article,bencasselman,bencasselman,1
25003,Article,bencasselman,bencasselman,1
25163,Tweet,bencasselman,andrewrawnsley,100
25124,Tweet,bencasselman,andrewrawnsley,107
25107,Tweet,bencasselman,jeannasmialek,6
25162,Tweet,bencasselman,jeannasmialek,3
25140,Tweet,bencasselman,nytdavidbrooks,2
25198,Tweet,bencasselman,jeannasmialek,9
25185,Tweet,bencasselman,bencasselman,1
25166,Tweet,bencasselman,rachshabi,137
25176,Tweet,bencasselman,bencasselman,1
25134,Tweet,bencasselman,jimtankersley,3
25142,Tweet,bencasselman,marywalshjourno,2
25195,Tweet,bencasselman,bencasselman,1
25174,Tweet,bencasselman,jimwaterson,106
25152,Tweet,bencasselman,bencasselman,1
25169,Tweet,bencasselman,tarasbernard,97
21858,Article,gettleman,ianrausten,11
21861,Article,gettleman,RachelDonadio,201
21854,Article,gettleman,gettleman,1
21894,Article,gettleman,NYTBen,21
21881,Article,gettleman,rajatpTOI,17
21810,Article,gettleman,NYTBen,8
21871,Article,gettleman,gettleman,1
21898,Article,gettleman,amitanandTOI,3
21891,Article,gettleman,ianrausten,17
21893,Article,gettleman,gettleman,1
21827,Article,gettleman,NYTimesCohen,11
21807,Article,gettleman,Arun_Ram,9
21830,Article,gettleman,ManjuVTOI,2
21897,Article,gettleman,antontroian,32
21823,Article,gettleman,gettleman,1
21950,Tweet,gettleman,jayamenon64,12
21961,Tweet,gettleman,dklavaniaTOI,10
21976,Tweet,gettleman,ajaysuraTOI,13
21926,Tweet,gettleman,murarishetyeTOI,28
21992,Tweet,gettleman,asrpmukeshTOI,3
21904,Tweet,gettleman,MohitaTOI,20
21954,Tweet,gettleman,RosySequeiraTOI,25
21975,Tweet,gettleman,yeshikabudhwar,12
21917,Tweet,gettleman,jayamenon64,17
21994,Tweet,gettleman,MKSinghGkp,33
21969,Tweet,gettleman,vwang3,40
21928,Tweet,gettleman,juliemTOI,29
21931,Tweet,gettleman,gettleman,1
21965,Tweet,gettleman,ajaysuraTOI,17
21958,Tweet,gettleman,kush_junglee,48
156494,Article,JohnJCrace,williamnhutton,38
156437,Article,JohnJCrace,JohnJCrace,1
156518,Article,JohnJCrace,williamkeegan,435
156445,Article,JohnJCrace,chiggi,5
156370,Article,JohnJCrace,archiebland,42
156436,Article,JohnJCrace,TimdeLisle,15
156382,Article,JohnJCrace,williamnhutton,35
156408,Article,JohnJCrace,NesrineMalik,10
156361,Article,JohnJCrace,andrewrawnsley,5
156459,Article,JohnJCrace,JohnJCrace,1
156429,Article,JohnJCrace,JohnJCrace,1
156400,Article,JohnJCrace,JohnJCrace,1
156434,Article,JohnJCrace,leninology,2
156439,Article,JohnJCrace,JohnJCrace,1
156475,Article,JohnJCrace,bglendenning,52
156548,Tweet,JohnJCrace,gailcollins,20
156838,Tweet,JohnJCrace,RosySequeiraTOI,119
157027,Tweet,JohnJCrace,rachshabi,44
156592,Tweet,JohnJCrace,nicholaswatt,5
156827,Tweet,JohnJCrace,shattenstone,97
156830,Tweet,JohnJCrace,yeshikabudhwar,412
157123,Tweet,JohnJCrace,nicholaswatt,7
156633,Tweet,JohnJCrace,sarfrazmanzoor,456
156867,Tweet,JohnJCrace,DerekMalcolm123,486
157054,Tweet,JohnJCrace,nicholaswatt,2
156778,Tweet,JohnJCrace,davidhepworth,494
156957,Tweet,JohnJCrace,MarinaOLoughlin,22
157002,Tweet,JohnJCrace,AndrewSparrow,25
156892,Tweet,JohnJCrace,AndrewSparrow,46
157066,Tweet,JohnJCrace,ewenmacaskill,493
23863,Article,SarahMaslinNir,pete_wells,2
23856,Article,SarahMaslinNir,GiniaNYT,68
23876,Article,SarahMaslinNir,bylizrobbins,92
23803,Article,SarahMaslinNir,pete_wells,2
23893,Article,SarahMaslinNir,anemonanyc,29
23818,Article,SarahMaslinNir,BenWeiserNYT,20
23815,Article,SarahMaslinNir,MaggieAstor,9
23816,Article,SarahMaslinNir,RachelDonadio,135
23817,Article,SarahMaslinNir,SarahMaslinNir,1
23822,Article,SarahMaslinNir,SarahMaslinNir,1
23807,Article,SarahMaslinNir,ASoloski,4
23852,Article,SarahMaslinNir,BenWeiserNYT,74
23868,Article,SarahMaslinNir,SarahMaslinNir,1
23800,Article,SarahMaslinNir,EVincentelli,6
23864,Article,SarahMaslinNir,pete_wells,3
23961,Tweet,SarahMaslinNir,nytdavidbrooks,64
23902,Tweet,SarahMaslinNir,farnazfassihi,34
23951,Tweet,SarahMaslinNir,SarahMaslinNir,1
23907,Tweet,SarahMaslinNir,desaisantosh,29
23977,Tweet,SarahMaslinNir,rachshabi,25
23924,Tweet,SarahMaslinNir,yeshikabudhwar,139
23950,Tweet,SarahMaslinNir,elizabday,2
23942,Tweet,SarahMaslinNir,jonronson,10
23906,Tweet,SarahMaslinNir,murarishetyeTOI,17
23920,Tweet,SarahMaslinNir,samrob12,3
23934,Tweet,SarahMaslinNir,rachshabi,28
23939,Tweet,SarahMaslinNir,tarasbernard,3
23987,Tweet,SarahMaslinNir,samrob12,3
23932,Tweet,SarahMaslinNir,annanorthtweets,26
23900,Tweet,SarahMaslinNir,DerekMalcolm123,12
212354,Article,SiwachSukhbir,mateenHTOI,30
212360,Article,SiwachSukhbir,PjJoychen,9
212469,Article,SiwachSukhbir,SiwachSukhbir,1
212409,Article,SiwachSukhbir,SiwachSukhbir,1
212482,Article,SiwachSukhbir,smita_mishra,149
212527,Article,SiwachSukhbir,AjayUgrasTOI,40
212417,Article,SiwachSukhbir,SiwachSukhbir,1
212329,Article,SiwachSukhbir,PjJoychen,12
212393,Article,SiwachSukhbir,SiwachSukhbir,1
212418,Article,SiwachSukhbir,ShoebKhanTOI,3
212330,Article,SiwachSukhbir,palaknandiTOI,3
212403,Article,SiwachSukhbir,DekaJayanta,4
212440,Article,SiwachSukhbir,akhileshsTOI,16
212373,Article,SiwachSukhbir,har_mandeep,6
212348,Article,SiwachSukhbir,hugolowell,10
212586,Tweet,SiwachSukhbir,SiwachSukhbir,1
212608,Tweet,SiwachSukhbir,SiwachSukhbir,1
212616,Tweet,SiwachSukhbir,sushmi_dey,24
212543,Tweet,SiwachSukhbir,Gauraw2297,2
212615,Tweet,SiwachSukhbir,SiwachSukhbir,1
212582,Tweet,SiwachSukhbir,Gauraw2297,10
212565,Tweet,SiwachSukhbir,Gauraw2297,8
212597,Tweet,SiwachSukhbir,SiwachSukhbir,1
212568,Tweet,SiwachSukhbir,SiwachSukhbir,1
212567,Tweet,SiwachSukhbir,SiwachSukhbir,1
212601,Tweet,SiwachSukhbir,rishachitlangia,4
212537,Tweet,SiwachSukhbir,SiwachSukhbir,1
212583,Tweet,SiwachSukhbir,MohitaTOI,4
212581,Tweet,SiwachSukhbir,Gauraw2297,3
212632,Tweet,SiwachSukhbir,SiwachSukhbir,1
75636,Article,chiggi,maevesther,54
75616,Article,chiggi,LauraCummingArt,16
75617,Article,chiggi,charltonbrooker,6
75688,Article,chiggi,AndrewSparrow,36
75724,Article,chiggi,davidhepworth,12
75644,Article,chiggi,jonathanwatts,50
75606,Article,chiggi,davidhepworth,5
75673,Article,chiggi,WilbyPeter,26
75679,Article,chiggi,TimdeLisle,11
75631,Article,chiggi,Markbeaumontuk,51
75620,Article,chiggi,williamnhutton,177
75497,Article,chiggi,chiggi,1
75573,Article,chiggi,chiggi,1
75592,Article,chiggi,chiggi,1
75513,Article,chiggi,ggreenwald,17
75752,Tweet,chiggi,shattenstone,8
75936,Tweet,chiggi,rachshabi,24
75793,Tweet,chiggi,charltonbrooker,19
76256,Tweet,chiggi,kiracochrane,376
76117,Tweet,chiggi,DouthatNYT,3
76211,Tweet,chiggi,EricaLG,21
76300,Tweet,chiggi,lindasgrant,2
76179,Tweet,chiggi,lindasgrant,2
76291,Tweet,chiggi,andrewrawnsley,7
76104,Tweet,chiggi,timatkin,4
75758,Tweet,chiggi,DeccaJourno,87
75919,Tweet,chiggi,desaisantosh,47
76036,Tweet,chiggi,naomi2009,20
76262,Tweet,chiggi,marthakelner,50
75810,Tweet,chiggi,rachshabi,45
209481,Article,shafaquealamTOI,SwatiShindeTOI,9
209408,Article,shafaquealamTOI,DSandip_TOI,3
209534,Article,shafaquealamTOI,shafaquealamTOI,1
209365,Article,shafaquealamTOI,abhishekTWEETS7,5
209401,Article,shafaquealamTOI,shafaquealamTOI,1
209443,Article,shafaquealamTOI,shafaquealamTOI,1
209538,Article,shafaquealamTOI,shafaquealamTOI,1
209396,Article,shafaquealamTOI,shafaquealamTOI,1
209527,Article,shafaquealamTOI,advityabahlTOI,6
209495,Article,shafaquealamTOI,rajendrasTOI,67
209391,Article,shafaquealamTOI,IpsitaTOI,4
209566,Article,shafaquealamTOI,NishikantkTOI,22
209363,Article,shafaquealamTOI,IpsitaTOI,13
209455,Article,shafaquealamTOI,shafaquealamTOI,1
209407,Article,shafaquealamTOI,shafaquealamTOI,1
209632,Tweet,shafaquealamTOI,shafaquealamTOI,1
209651,Tweet,shafaquealamTOI,Gauraw2297,4
209638,Tweet,shafaquealamTOI,AditiZero,17
209639,Tweet,shafaquealamTOI,NishikantkTOI,6
209596,Tweet,shafaquealamTOI,shafaquealamTOI,1
209649,Tweet,shafaquealamTOI,kush_junglee,20
209623,Tweet,shafaquealamTOI,NishikantkTOI,8
209669,Tweet,shafaquealamTOI,AditiZero,3
209628,Tweet,shafaquealamTOI,shafaquealamTOI,1
209617,Tweet,shafaquealamTOI,murarishetyeTOI,5
209614,Tweet,shafaquealamTOI,shafaquealamTOI,1
209613,Tweet,shafaquealamTOI,shafaquealamTOI,1
209622,Tweet,shafaquealamTOI,MoharBasu,80
209605,Tweet,shafaquealamTOI,AjayUgrasTOI,3
209597,Tweet,shafaquealamTOI,bishnoiarvind11,3
2641,Article,BellaKwai,ElianPeltier,60
2663,Article,BellaKwai,jonpareles,230
2650,Article,BellaKwai,gettleman,68
2601,Article,BellaKwai,NYTimesCohen,40
2616,Article,BellaKwai,ElianPeltier,2
2614,Article,BellaKwai,michaelcrowley,64
2615,Article,BellaKwai,damiencave,15
2606,Article,BellaKwai,damiencave,23
2667,Article,BellaKwai,BellaKwai,1
2674,Article,BellaKwai,jameskanter,112
2628,Article,BellaKwai,damiencave,57
2660,Article,BellaKwai,NikiKitsantonis,4
2659,Article,BellaKwai,farnazfassihi,5
2637,Article,BellaKwai,RachelDonadio,52
2648,Article,BellaKwai,farnazfassihi,2
2719,Tweet,BellaKwai,jotted,7
2726,Tweet,BellaKwai,garyyounge,149
2721,Tweet,BellaKwai,samsifton,167
2784,Tweet,BellaKwai,vwang3,180
2731,Tweet,BellaKwai,PeterTatchell,5
2792,Tweet,BellaKwai,MattFutterman,92
2704,Tweet,BellaKwai,RosySequeiraTOI,93
2795,Tweet,BellaKwai,RosySequeiraTOI,180
2739,Tweet,BellaKwai,NYTimesCohen,252
2750,Tweet,BellaKwai,RosySequeiraTOI,15
2729,Tweet,BellaKwai,paulkrugman,6
2730,Tweet,BellaKwai,NeilMacFarquhar,310
2787,Tweet,BellaKwai,naomi2009,218
2700,Tweet,BellaKwai,KeithBradsher,8
2716,Tweet,BellaKwai,hugolowell,40
175752,Article,asrpmukeshTOI,vaibhavgTOI,17
175804,Article,asrpmukeshTOI,bagishjhaTOI,7
175814,Article,asrpmukeshTOI,rajendrasTOI,8
175841,Article,asrpmukeshTOI,AjayUgrasTOI,2
175781,Article,asrpmukeshTOI,asrpmukeshTOI,1
175822,Article,asrpmukeshTOI,vaibhavgTOI,11
175733,Article,asrpmukeshTOI,BhanupratapsTOI,2
175894,Article,asrpmukeshTOI,BhanupratapsTOI,2
175741,Article,asrpmukeshTOI,vaibhavgTOI,4
175793,Article,asrpmukeshTOI,asrpmukeshTOI,1
175795,Article,asrpmukeshTOI,SagrikaKissu,13
175831,Article,asrpmukeshTOI,AjayUgrasTOI,2
175785,Article,asrpmukeshTOI,SiwachSukhbir,12
175866,Article,asrpmukeshTOI,asrpmukeshTOI,1
175908,Article,asrpmukeshTOI,asrpmukeshTOI,1
176062,Tweet,asrpmukeshTOI,SribaalaVTOI,2
176020,Tweet,asrpmukeshTOI,toi_dhananjayM,4
176022,Tweet,asrpmukeshTOI,ajaysuraTOI,10
176052,Tweet,asrpmukeshTOI,MohitaTOI,26
176001,Tweet,asrpmukeshTOI,SribaalaVTOI,3
176034,Tweet,asrpmukeshTOI,RosySequeiraTOI,17
176013,Tweet,asrpmukeshTOI,MohitaTOI,30
176044,Tweet,asrpmukeshTOI,Gauraw2297,8
175986,Tweet,asrpmukeshTOI,HemantaTOI,2
175979,Tweet,asrpmukeshTOI,digbijaymishra1,27
175973,Tweet,asrpmukeshTOI,hugolowell,134
176061,Tweet,asrpmukeshTOI,ipsinghTOI,2
176017,Tweet,asrpmukeshTOI,RosySequeiraTOI,16
175978,Tweet,asrpmukeshTOI,sudhanshub16,20
176037,Tweet,asrpmukeshTOI,murarishetyeTOI,7
2018,Article,ASoloski,ASoloski,1
2003,Article,ASoloski,EVincentelli,2
2013,Article,ASoloski,dwightgarner,2
2017,Article,ASoloski,ASoloski,1
2052,Article,ASoloski,NYTimesCohen,4
2004,Article,ASoloski,sio_burke,7
2043,Article,ASoloski,ASoloski,1
2032,Article,ASoloski,dwightgarner,2
2081,Article,ASoloski,ASoloski,1
2019,Article,ASoloski,ASoloski,1
2060,Article,ASoloski,ASoloski,1
2061,Article,ASoloski,ASoloski,1
2008,Article,ASoloski,ASoloski,1
2085,Article,ASoloski,carlzimmer,13
2090,Article,ASoloski,ASoloski,1
2145,Tweet,ASoloski,llerer,379
2105,Tweet,ASoloski,rachshabi,52
2191,Tweet,ASoloski,tomdyckhoff,3
2112,Tweet,ASoloski,ASoloski,1
2154,Tweet,ASoloski,mtomasky,19
2126,Tweet,ASoloski,ASoloski,1
2104,Tweet,ASoloski,jhoffman,15
2111,Tweet,ASoloski,ASoloski,1
2186,Tweet,ASoloski,ASoloski,1
2174,Tweet,ASoloski,nicklezard,101
2155,Tweet,ASoloski,PerriKlass,2
2102,Tweet,ASoloski,wesley_morris,248
2170,Tweet,ASoloski,kbennhold,35
2173,Tweet,ASoloski,RebeccaSeal,9
2141,Tweet,ASoloski,rachshabi,15
18044,Article,RorySmith,RorySmith,1
18048,Article,RorySmith,RorySmith,1
18003,Article,RorySmith,tariqpanja,2
18042,Article,RorySmith,RorySmith,1
18056,Article,RorySmith,tariqpanja,3
18074,Article,RorySmith,saumyajitbTOI,2
18094,Article,RorySmith,NYTimesCohen,52
18038,Article,RorySmith,DerekMalcolm123,5
18059,Article,RorySmith,MattFutterman,13
18002,Article,RorySmith,RorySmith,1
18037,Article,RorySmith,tariqpanja,2
18071,Article,RorySmith,RorySmith,1
18032,Article,RorySmith,NYTimesCohen,122
18087,Article,RorySmith,RorySmith,1
18022,Article,RorySmith,RorySmith,1
18165,Tweet,RorySmith,RorySmith,1
18139,Tweet,RorySmith,leninology,4
18154,Tweet,RorySmith,RorySmith,1
18149,Tweet,RorySmith,RorySmith,1
18163,Tweet,RorySmith,parthasinha,4
18178,Tweet,RorySmith,bglendenning,2
18183,Tweet,RorySmith,ajaysuraTOI,82
18121,Tweet,RorySmith,RorySmith,1
18113,Tweet,RorySmith,tariqpanja,5
18177,Tweet,RorySmith,RorySmith,1
18159,Tweet,RorySmith,RorySmith,1
18138,Tweet,RorySmith,elizabday,78
18106,Tweet,RorySmith,WilbyPeter,198
18195,Tweet,RorySmith,RorySmith,1
18157,Tweet,RorySmith,RorySmith,1
172470,Article,anandbodhTOI,anandbodhTOI,1
172511,Article,anandbodhTOI,anandbodhTOI,1
172581,Article,anandbodhTOI,anandbodhTOI,1
172481,Article,anandbodhTOI,anandbodhTOI,1
172442,Article,anandbodhTOI,anandbodhTOI,1
172472,Article,anandbodhTOI,anandbodhTOI,1
172577,Article,anandbodhTOI,anandbodhTOI,1
172433,Article,anandbodhTOI,anandbodhTOI,1
172492,Article,anandbodhTOI,PjJoychen,8
172576,Article,anandbodhTOI,anandbodhTOI,1
172539,Article,anandbodhTOI,anandbodhTOI,1
172479,Article,anandbodhTOI,anandbodhTOI,1
172464,Article,anandbodhTOI,anandbodhTOI,1
172501,Article,anandbodhTOI,anandbodhTOI,1
172554,Article,anandbodhTOI,SindhukTOI,10
172748,Tweet,anandbodhTOI,anandbodhTOI,1
172711,Tweet,anandbodhTOI,SribaalaVTOI,23
172686,Tweet,anandbodhTOI,SribaalaVTOI,3
172761,Tweet,anandbodhTOI,PNaveenTOI,7
172681,Tweet,anandbodhTOI,anandbodhTOI,1
172691,Tweet,anandbodhTOI,anandbodhTOI,1
172765,Tweet,anandbodhTOI,anandbodhTOI,1
172698,Tweet,anandbodhTOI,NishikantkTOI,11
172719,Tweet,anandbodhTOI,anandbodhTOI,1
172694,Tweet,anandbodhTOI,anandbodhTOI,1
172772,Tweet,anandbodhTOI,akhileshsTOI,3
172689,Tweet,anandbodhTOI,KapildaveTOI,3
172703,Tweet,anandbodhTOI,anandbodhTOI,1
172716,Tweet,anandbodhTOI,anandbodhTOI,1
172677,Tweet,anandbodhTOI,AjayUgrasTOI,5
18617,Article,ShaneGoldmacher,ByMattStevens,2
18690,Article,ShaneGoldmacher,apoorva_nyc,3
18638,Article,ShaneGoldmacher,MaggieAstor,20
18694,Article,ShaneGoldmacher,ShaneGoldmacher,1
18656,Article,ShaneGoldmacher,ShaneGoldmacher,1
18663,Article,ShaneGoldmacher,kenvogel,2
18625,Article,ShaneGoldmacher,tripgabriel,3
18686,Article,ShaneGoldmacher,kenvogel,14
18614,Article,ShaneGoldmacher,reidepstein,6
18685,Article,ShaneGoldmacher,tripgabriel,9
18699,Article,ShaneGoldmacher,ShaneGoldmacher,1
18672,Article,ShaneGoldmacher,ShaneGoldmacher,1
18658,Article,ShaneGoldmacher,NYTLiz,2
18650,Article,ShaneGoldmacher,llerer,8
18693,Article,ShaneGoldmacher,ShaneGoldmacher,1
18733,Tweet,ShaneGoldmacher,ShaneGoldmacher,1
18743,Tweet,ShaneGoldmacher,kenvogel,2
18762,Tweet,ShaneGoldmacher,SharonLNYT,140
18782,Tweet,ShaneGoldmacher,ShaneGoldmacher,1
18750,Tweet,ShaneGoldmacher,ShaneGoldmacher,1
18781,Tweet,ShaneGoldmacher,ShaneGoldmacher,1
18722,Tweet,ShaneGoldmacher,vwang3,100
18721,Tweet,ShaneGoldmacher,llerer,125
18783,Tweet,ShaneGoldmacher,tripgabriel,15
18715,Tweet,ShaneGoldmacher,reidepstein,4
18732,Tweet,ShaneGoldmacher,gailcollins,27
18742,Tweet,ShaneGoldmacher,ESCochrane,26
18764,Tweet,ShaneGoldmacher,Azi,8
18724,Tweet,ShaneGoldmacher,gailcollins,45
18748,Tweet,ShaneGoldmacher,rachshabi,224
2251,Article,aurelienbrd,aurelienbrd,1
2236,Article,aurelienbrd,annanorthtweets,2
2253,Article,aurelienbrd,aurelienbrd,1
2230,Article,aurelienbrd,aurelienbrd,1
2278,Article,aurelienbrd,aurelienbrd,1
2266,Article,aurelienbrd,NikiKitsantonis,2
2213,Article,aurelienbrd,aurelienbrd,1
2285,Article,aurelienbrd,aurelienbrd,1
2297,Article,aurelienbrd,NYTimesCohen,2
2229,Article,aurelienbrd,aurelienbrd,1
2248,Article,aurelienbrd,NikiKitsantonis,2
2243,Article,aurelienbrd,antontroian,21
2281,Article,aurelienbrd,aurelienbrd,1
2249,Article,aurelienbrd,LFFriedman,2
2218,Article,aurelienbrd,NYTimesCohen,2
2376,Tweet,aurelienbrd,emilybell,117
2308,Tweet,aurelienbrd,_nicolaclark,2
2337,Tweet,aurelienbrd,andrewrsorkin,283
2384,Tweet,aurelienbrd,nytdavidbrooks,2
2303,Tweet,aurelienbrd,RosySequeiraTOI,90
2394,Tweet,aurelienbrd,vwang3,179
2307,Tweet,aurelienbrd,jotted,19
2318,Tweet,aurelienbrd,vwang3,33
2348,Tweet,aurelienbrd,murarishetyeTOI,17
2323,Tweet,aurelienbrd,jestei,21
2313,Tweet,aurelienbrd,RosySequeiraTOI,72
2379,Tweet,aurelienbrd,NYTimesCohen,21
2342,Tweet,aurelienbrd,aurelienbrd,1
2344,Tweet,aurelienbrd,DouthatNYT,299
2346,Tweet,aurelienbrd,NYTimesCohen,5
145746,Article,AnushkaAsthana,AnushkaAsthana,1
145740,Article,AnushkaAsthana,msrachelcooke,50
145581,Article,AnushkaAsthana,ameliagentleman,13
145749,Article,AnushkaAsthana,ewenmacaskill,2
145659,Article,AnushkaAsthana,gabyhinsliff,2
145723,Article,AnushkaAsthana,nicholaswatt,2
145561,Article,AnushkaAsthana,bglendenning,98
145599,Article,AnushkaAsthana,nicholaswatt,3
145603,Article,AnushkaAsthana,hannahdev,7
145696,Article,AnushkaAsthana,ewenmacaskill,3
145563,Article,AnushkaAsthana,nicholaswatt,4
145557,Article,AnushkaAsthana,JessicaValenti,118
145679,Article,AnushkaAsthana,PippaCrerar,3
145747,Article,AnushkaAsthana,MichaelWhite,39
145760,Article,AnushkaAsthana,PippaCrerar,2
145938,Tweet,AnushkaAsthana,lyngardner,69
146299,Tweet,AnushkaAsthana,JoshuaRozenberg,3
145819,Tweet,AnushkaAsthana,sarahditum,69
145844,Tweet,AnushkaAsthana,vwang3,55
146048,Tweet,AnushkaAsthana,ewenmacaskill,3
146087,Tweet,AnushkaAsthana,JoshuaRozenberg,3
146097,Tweet,AnushkaAsthana,williamnhutton,128
145964,Tweet,AnushkaAsthana,paulkrugman,2
145985,Tweet,AnushkaAsthana,seaningle,138
145990,Tweet,AnushkaAsthana,nauzerbTOI,103
145814,Tweet,AnushkaAsthana,williamnhutton,18
146384,Tweet,AnushkaAsthana,jimwaterson,180
146377,Tweet,AnushkaAsthana,paulkrugman,2
146073,Tweet,AnushkaAsthana,ewenmacaskill,2
146270,Tweet,AnushkaAsthana,williamnhutton,12
171842,Article,amitanandTOI,toi_dhananjayM,3
171810,Article,amitanandTOI,toi_dhananjayM,7
171956,Article,amitanandTOI,amitanandTOI,1
171898,Article,amitanandTOI,amitanandTOI,1
171841,Article,amitanandTOI,amitanandTOI,1
171957,Article,amitanandTOI,amitanandTOI,1
171743,Article,amitanandTOI,amitanandTOI,1
171779,Article,amitanandTOI,TimdeLisle,201
171852,Article,amitanandTOI,amitanandTOI,1
171854,Article,amitanandTOI,amitanandTOI,1
171945,Article,amitanandTOI,toi_dhananjayM,2
171960,Article,amitanandTOI,amitanandTOI,1
171855,Article,amitanandTOI,toi_dhananjayM,2
171914,Article,amitanandTOI,amitanandTOI,1
171955,Article,amitanandTOI,vaibhavgTOI,2
172016,Tweet,amitanandTOI,amitanandTOI,1
172046,Tweet,amitanandTOI,amitanandTOI,1
171988,Tweet,amitanandTOI,SribaalaVTOI,2
172075,Tweet,amitanandTOI,amitanandTOI,1
172067,Tweet,amitanandTOI,toi_dhananjayM,4
171999,Tweet,amitanandTOI,amitanandTOI,1
172011,Tweet,amitanandTOI,SribaalaVTOI,5
171985,Tweet,amitanandTOI,amitanandTOI,1
172025,Tweet,amitanandTOI,amitanandTOI,1
172008,Tweet,amitanandTOI,amitanandTOI,1
172017,Tweet,amitanandTOI,nicholaswatt,41
171986,Tweet,amitanandTOI,SribaalaVTOI,2
172041,Tweet,amitanandTOI,amitanandTOI,1
172035,Tweet,amitanandTOI,kush_junglee,2
172021,Tweet,amitanandTOI,amitanandTOI,1
184795,Article,har_mandeep,KanwardeepsTOI,2
184861,Article,har_mandeep,har_mandeep,1
184915,Article,har_mandeep,advityabahlTOI,3
184815,Article,har_mandeep,har_mandeep,1
184941,Article,har_mandeep,SidharthB25,6
184743,Article,har_mandeep,har_mandeep,1
184873,Article,har_mandeep,payaldhawanTOI,16
184767,Article,har_mandeep,mateenHTOI,9
184730,Article,har_mandeep,DSandip_TOI,10
184745,Article,har_mandeep,payaldhawanTOI,3
184827,Article,har_mandeep,har_mandeep,1
184741,Article,har_mandeep,NishikantkTOI,6
184849,Article,har_mandeep,har_mandeep,1
184805,Article,har_mandeep,KanwardeepsTOI,2
184854,Article,har_mandeep,har_mandeep,1
185028,Tweet,har_mandeep,har_mandeep,1
184984,Tweet,har_mandeep,KanwardeepsTOI,5
185013,Tweet,har_mandeep,har_mandeep,1
184970,Tweet,har_mandeep,meeravohraTOI,395
184992,Tweet,har_mandeep,jatinder_tur,4
184951,Tweet,har_mandeep,KapildaveTOI,2
185011,Tweet,har_mandeep,har_mandeep,1
185031,Tweet,har_mandeep,har_mandeep,1
184997,Tweet,har_mandeep,nauzerbTOI,127
185032,Tweet,har_mandeep,har_mandeep,1
184999,Tweet,har_mandeep,har_mandeep,1
185006,Tweet,har_mandeep,har_mandeep,1
184991,Tweet,har_mandeep,AditiZero,7
184988,Tweet,har_mandeep,jeannasmialek,249
184947,Tweet,har_mandeep,digbijaymishra1,110
61328,Article,peterbradshaw1,davidhepworth,3
61530,Article,peterbradshaw1,jhoffman,61
61515,Article,peterbradshaw1,peterbradshaw1,1
61487,Article,peterbradshaw1,peterbradshaw1,1
61427,Article,peterbradshaw1,LucyMangan,2
61445,Article,peterbradshaw1,DerekMalcolm123,2
61443,Article,peterbradshaw1,peterbradshaw1,1
61438,Article,peterbradshaw1,jhoffman,3
61360,Article,peterbradshaw1,steve_hewlett,127
61406,Article,peterbradshaw1,DerekMalcolm123,13
61465,Article,peterbradshaw1,DerekMalcolm123,15
61331,Article,peterbradshaw1,DerekMalcolm123,3
61442,Article,peterbradshaw1,jhoffman,3
61419,Article,peterbradshaw1,davidhepworth,8
61431,Article,peterbradshaw1,DerekMalcolm123,20
61750,Tweet,peterbradshaw1,peterbradshaw1,1
61731,Tweet,peterbradshaw1,charltonbrooker,6
61977,Tweet,peterbradshaw1,desaisantosh,295
61668,Tweet,peterbradshaw1,peterbradshaw1,1
62063,Tweet,peterbradshaw1,shattenstone,137
61538,Tweet,peterbradshaw1,peterbradshaw1,1
61816,Tweet,peterbradshaw1,billicritic,7
61602,Tweet,peterbradshaw1,desaisantosh,309
62128,Tweet,peterbradshaw1,lindasgrant,56
61681,Tweet,peterbradshaw1,peterbradshaw1,1
61806,Tweet,peterbradshaw1,peterbradshaw1,1
61969,Tweet,peterbradshaw1,peterbradshaw1,1
61859,Tweet,peterbradshaw1,peterbradshaw1,1
61696,Tweet,peterbradshaw1,ronojoy_sen,175
61931,Tweet,peterbradshaw1,msrachelcooke,201
171158,Article,akhileshsTOI,akhileshsTOI,1
171105,Article,akhileshsTOI,akhileshsTOI,1
171223,Article,akhileshsTOI,vaibhavgTOI,2
171198,Article,akhileshsTOI,akhileshsTOI,1
171086,Article,akhileshsTOI,naomi2009,3
171226,Article,akhileshsTOI,AlokKNMishra,5
171118,Article,akhileshsTOI,akhileshsTOI,1
171245,Article,akhileshsTOI,NesrineMalik,318
171131,Article,akhileshsTOI,akhileshsTOI,1
171242,Article,akhileshsTOI,kumaraswamykTOI,10
171095,Article,akhileshsTOI,akhileshsTOI,1
171214,Article,akhileshsTOI,akhileshsTOI,1
171070,Article,akhileshsTOI,akhileshsTOI,1
171192,Article,akhileshsTOI,akhileshsTOI,1
171090,Article,akhileshsTOI,akhileshsTOI,1
171344,Tweet,akhileshsTOI,priyagupta999,30
171336,Tweet,akhileshsTOI,akhileshsTOI,1
171378,Tweet,akhileshsTOI,akhileshsTOI,1
171320,Tweet,akhileshsTOI,akhileshsTOI,1
171324,Tweet,akhileshsTOI,smita_mishra,27
171348,Tweet,akhileshsTOI,palaknandiTOI,5
171292,Tweet,akhileshsTOI,juliemTOI,62
171314,Tweet,akhileshsTOI,mswainwright,30
171335,Tweet,akhileshsTOI,akhileshsTOI,1
171317,Tweet,akhileshsTOI,akhileshsTOI,1
171376,Tweet,akhileshsTOI,Gauraw2297,47
171289,Tweet,akhileshsTOI,Gauraw2297,69
171362,Tweet,akhileshsTOI,ajaysuraTOI,60
171360,Tweet,akhileshsTOI,debaratisen,37
171370,Tweet,akhileshsTOI,akhileshsTOI,1
203175,Article,Pratiks_TOI,Pratiks_TOI,1
203210,Article,Pratiks_TOI,manujaveerappa,5
203041,Article,Pratiks_TOI,Pratiks_TOI,1
203076,Article,Pratiks_TOI,kumaraswamykTOI,18
203058,Article,Pratiks_TOI,manujaveerappa,5
202976,Article,Pratiks_TOI,Pratiks_TOI,1
202984,Article,Pratiks_TOI,manujaveerappa,5
203083,Article,Pratiks_TOI,manujaveerappa,4
203168,Article,Pratiks_TOI,manujaveerappa,4
202998,Article,Pratiks_TOI,Shrivathsan1437,5
203203,Article,Pratiks_TOI,Shrivathsan1437,6
203155,Article,Pratiks_TOI,Pratiks_TOI,1
203129,Article,Pratiks_TOI,Pratiks_TOI,1
203050,Article,Pratiks_TOI,adwaidh,3
203044,Article,Pratiks_TOI,manujaveerappa,5
203275,Tweet,Pratiks_TOI,kumaraswamykTOI,8
203270,Tweet,Pratiks_TOI,toi_ManujaV,398
203241,Tweet,Pratiks_TOI,Pratiks_TOI,1
203233,Tweet,Pratiks_TOI,ramarkosg,6
203251,Tweet,Pratiks_TOI,Pratiks_TOI,1
203227,Tweet,Pratiks_TOI,petleepeter,130
203268,Tweet,Pratiks_TOI,vivek9301,2
203282,Tweet,Pratiks_TOI,ronojoy_sen,404
203247,Tweet,Pratiks_TOI,Pratiks_TOI,1
203249,Tweet,Pratiks_TOI,Pratiks_TOI,1
203264,Tweet,Pratiks_TOI,Pratiks_TOI,1
203317,Tweet,Pratiks_TOI,Pratiks_TOI,1
203234,Tweet,Pratiks_TOI,BawaNaaved,46
203295,Tweet,Pratiks_TOI,Pratiks_TOI,1
203310,Tweet,Pratiks_TOI,Pratiks_TOI,1
14644,Article,NeilMacFarquhar,michaelcrowley,4
14619,Article,NeilMacFarquhar,NeilMacFarquhar,1
14647,Article,NeilMacFarquhar,apoorva_nyc,45
14620,Article,NeilMacFarquhar,BenWeiserNYT,21
14674,Article,NeilMacFarquhar,julianbarnes,9
14678,Article,NeilMacFarquhar,apoorva_nyc,20
14666,Article,NeilMacFarquhar,NeilMacFarquhar,1
14652,Article,NeilMacFarquhar,fmanjoo,5
14681,Article,NeilMacFarquhar,ianrausten,18
14667,Article,NeilMacFarquhar,antontroian,4
14680,Article,NeilMacFarquhar,ElisabethMalkin,299
14655,Article,NeilMacFarquhar,NikiKitsantonis,5
14679,Article,NeilMacFarquhar,gettleman,34
14600,Article,NeilMacFarquhar,kylebuchanan,5
14670,Article,NeilMacFarquhar,bencasselman,2
14779,Tweet,NeilMacFarquhar,michaelcrowley,13
14791,Tweet,NeilMacFarquhar,naomi2009,19
14770,Tweet,NeilMacFarquhar,lukeharding1968,102
14752,Tweet,NeilMacFarquhar,murarishetyeTOI,83
14705,Tweet,NeilMacFarquhar,viasimonromero,203
14797,Tweet,NeilMacFarquhar,michaelcrowley,4
14709,Tweet,NeilMacFarquhar,tomfriedman,133
14703,Tweet,NeilMacFarquhar,NeilMacFarquhar,1
14740,Tweet,NeilMacFarquhar,michaelcrowley,13
14772,Tweet,NeilMacFarquhar,NeilMacFarquhar,1
14780,Tweet,NeilMacFarquhar,NeilMacFarquhar,1
14789,Tweet,NeilMacFarquhar,NeilMacFarquhar,1
14775,Tweet,NeilMacFarquhar,viasimonromero,135
14790,Tweet,NeilMacFarquhar,michaelcrowley,62
14707,Tweet,NeilMacFarquhar,lukeharding1968,92
150694,Article,DanielKingChess,DanielKingChess,1
150682,Article,DanielKingChess,DerekMalcolm123,50
150668,Article,DanielKingChess,DanielKingChess,1
150569,Article,DanielKingChess,DanielKingChess,1
150623,Article,DanielKingChess,DanielKingChess,1
150656,Article,DanielKingChess,DanielKingChess,1
150670,Article,DanielKingChess,DanielKingChess,1
150467,Article,DanielKingChess,DanielKingChess,1
150632,Article,DanielKingChess,DanielKingChess,1
150576,Article,DanielKingChess,nicklezard,16
150490,Article,DanielKingChess,DanielKingChess,1
150556,Article,DanielKingChess,DanielKingChess,1
150593,Article,DanielKingChess,DanielKingChess,1
150557,Article,DanielKingChess,DanielKingChess,1
150665,Article,DanielKingChess,alanconnor,3
150993,Tweet,DanielKingChess,desaisantosh,3
150764,Tweet,DanielKingChess,alanconnor,60
150817,Tweet,DanielKingChess,DanielKingChess,1
150792,Tweet,DanielKingChess,RosySequeiraTOI,62
151092,Tweet,DanielKingChess,RosySequeiraTOI,9
150721,Tweet,DanielKingChess,RosySequeiraTOI,12
151252,Tweet,DanielKingChess,DanielKingChess,1
150776,Tweet,DanielKingChess,seaningle,6
150864,Tweet,DanielKingChess,DanielKingChess,1
150981,Tweet,DanielKingChess,polblonde,7
150982,Tweet,DanielKingChess,RosySequeiraTOI,30
150966,Tweet,DanielKingChess,DanielKingChess,1
151288,Tweet,DanielKingChess,DanielKingChess,1
151258,Tweet,DanielKingChess,KSchulten,2
150753,Tweet,DanielKingChess,yeshikabudhwar,9
32007,Article,llerer,llerer,1
32017,Article,llerer,llerer,1
32018,Article,llerer,reidepstein,7
32077,Article,llerer,alexanderburns,7
32046,Article,llerer,ShaneGoldmacher,4
32044,Article,llerer,alexanderburns,4
32094,Article,llerer,llerer,1
32022,Article,llerer,MaggieAstor,34
32029,Article,llerer,ShaneGoldmacher,4
32049,Article,llerer,alexanderburns,3
32008,Article,llerer,tomfriedman,3
32002,Article,llerer,llerer,1
32025,Article,llerer,joncaramanica,19
32034,Article,llerer,hillhulse,2
32074,Article,llerer,MaggieAstor,2
32135,Tweet,llerer,RosySequeiraTOI,30
32196,Tweet,llerer,tripgabriel,14
32104,Tweet,llerer,liamstack,4
32191,Tweet,llerer,liamstack,3
32154,Tweet,llerer,murarishetyeTOI,57
32145,Tweet,llerer,juliemTOI,81
32147,Tweet,llerer,asrpmukeshTOI,137
32116,Tweet,llerer,DSlotnik,44
32110,Tweet,llerer,stevenerlanger,4
32174,Tweet,llerer,liamstack,12
32195,Tweet,llerer,tripgabriel,21
32128,Tweet,llerer,tripgabriel,70
32199,Tweet,llerer,RosySequeiraTOI,36
32170,Tweet,llerer,jwpetersNYT,14
32190,Tweet,llerer,jillfilipovic,4
126930,Article,jamesrbuk,JoshuaRozenberg,45
126847,Article,jamesrbuk,steve_hewlett,24
126934,Article,jamesrbuk,lucywardsings,35
126978,Article,jamesrbuk,polblonde,137
126998,Article,jamesrbuk,PerriKlass,78
126959,Article,jamesrbuk,emilybell,102
127049,Article,jamesrbuk,gilestremlett,12
126827,Article,jamesrbuk,jamesrbuk,1
126893,Article,jamesrbuk,NilsPratley,36
126952,Article,jamesrbuk,alanconnor,6
127010,Article,jamesrbuk,OfficeGSBrown,6
126925,Article,jamesrbuk,NilsPratley,117
126981,Article,jamesrbuk,ollywainwright,71
127015,Article,jamesrbuk,ameliagentleman,26
126912,Article,jamesrbuk,edvulliamy,28
127466,Tweet,jamesrbuk,williamnhutton,64
127143,Tweet,jamesrbuk,andrewrawnsley,203
127173,Tweet,jamesrbuk,timatkin,280
127594,Tweet,jamesrbuk,GeorgeMonbiot,201
127446,Tweet,jamesrbuk,DanielKingChess,55
127573,Tweet,jamesrbuk,RosySequeiraTOI,50
127250,Tweet,jamesrbuk,lyngardner,82
127339,Tweet,jamesrbuk,joncaramanica,37
127637,Tweet,jamesrbuk,asrpmukeshTOI,19
127355,Tweet,jamesrbuk,chiggi,73
127412,Tweet,jamesrbuk,sarahditum,88
127342,Tweet,jamesrbuk,laurenlaverne,180
127426,Tweet,jamesrbuk,steve_hewlett,266
127160,Tweet,jamesrbuk,AlysFowler,124
127108,Tweet,jamesrbuk,nicklezard,43
168870,Article,AditiZero,Banjotkaur,6
168895,Article,AditiZero,Banjotkaur,2
168962,Article,AditiZero,AditiZero,1
168917,Article,AditiZero,HinaRohtaki,4
168954,Article,AditiZero,AditiZero,1
168902,Article,AditiZero,AditiZero,1
168934,Article,AditiZero,AditiZero,1
168841,Article,AditiZero,AditiZero,1
168933,Article,AditiZero,AditiZero,1
168925,Article,AditiZero,AditiZero,1
168816,Article,AditiZero,rjadHinduBL,2
168873,Article,AditiZero,AditiZero,1
168969,Article,AditiZero,AditiZero,1
169004,Article,AditiZero,AditiZero,1
168828,Article,AditiZero,AditiZero,1
169129,Tweet,AditiZero,murarishetyeTOI,2
169063,Tweet,AditiZero,AditiZero,1
169144,Tweet,AditiZero,noamscheiber,2
169055,Tweet,AditiZero,parthasinha,26
169052,Tweet,AditiZero,vijaypTOI,3
169125,Tweet,AditiZero,toi_dhananjayM,6
169072,Tweet,AditiZero,AditiZero,1
169082,Tweet,AditiZero,BhanupratapsTOI,8
169121,Tweet,AditiZero,AditiZero,1
169069,Tweet,AditiZero,PNaveenTOI,3
169075,Tweet,AditiZero,amitanandTOI,4
169080,Tweet,AditiZero,AditiZero,1
169102,Tweet,AditiZero,AditiZero,1
169067,Tweet,AditiZero,AditiZero,1
169076,Tweet,AditiZero,murarishetyeTOI,3
35048,Article,NYTLiz,llerer,10
35007,Article,NYTLiz,alexanderburns,13
35017,Article,NYTLiz,NYTLiz,1
35010,Article,NYTLiz,NickAtNews,4
35019,Article,NYTLiz,adamliptak,17
35092,Article,NYTLiz,BenWeiserNYT,8
35049,Article,NYTLiz,paulkrugman,19
35034,Article,NYTLiz,jbouie,18
35079,Article,NYTLiz,npfandos,34
35033,Article,NYTLiz,NickAtNews,8
35088,Article,NYTLiz,DouthatNYT,10
35098,Article,NYTLiz,jbouie,3
35089,Article,NYTLiz,anniekarni,4
35021,Article,NYTLiz,SarahMaslinNir,63
35053,Article,NYTLiz,hillhulse,5
35111,Tweet,NYTLiz,andrewrawnsley,189
35158,Tweet,NYTLiz,nandinisgTOI,104
35159,Tweet,NYTLiz,llerer,180
35115,Tweet,NYTLiz,nicklezard,90
35160,Tweet,NYTLiz,vvfriedman,195
35120,Tweet,NYTLiz,desaisantosh,22
35194,Tweet,NYTLiz,andybrassell,67
35119,Tweet,NYTLiz,RosySequeiraTOI,178
35152,Tweet,NYTLiz,asrpmukeshTOI,204
35173,Tweet,NYTLiz,attackerman,44
35113,Tweet,NYTLiz,andrewrawnsley,92
35168,Tweet,NYTLiz,SarahMaslinNir,121
35172,Tweet,NYTLiz,afuahirsch,111
35174,Tweet,NYTLiz,davidleighx,82
35147,Tweet,NYTLiz,andrewrawnsley,113
117198,Article,garyyounge,williamkeegan,370
117234,Article,garyyounge,williamnhutton,26
117276,Article,garyyounge,VivianHo,2
117183,Article,garyyounge,msrachelcooke,4
117224,Article,garyyounge,leninology,120
117204,Article,garyyounge,alanconnor,67
117138,Article,garyyounge,TimdeLisle,18
117123,Article,garyyounge,bglendenning,23
117176,Article,garyyounge,jayrayner1,49
117179,Article,garyyounge,TristramHuntVA,26
117064,Article,garyyounge,ukigoni,18
117082,Article,garyyounge,msrachelcooke,11
117279,Article,garyyounge,DerekMalcolm123,85
117149,Article,garyyounge,paulmasonnews,47
117167,Article,garyyounge,emilybell,127
117459,Tweet,garyyounge,RosySequeiraTOI,48
117362,Tweet,garyyounge,lucywardsings,7
117422,Tweet,garyyounge,NilsPratley,338
117418,Tweet,garyyounge,RosySequeiraTOI,106
117487,Tweet,garyyounge,joshwiddicombe,5
117413,Tweet,garyyounge,samsifton,12
117471,Tweet,garyyounge,jennydeluxe,214
117517,Tweet,garyyounge,jillfilipovic,409
117354,Tweet,garyyounge,naomi2009,413
117408,Tweet,garyyounge,WilbyPeter,61
117548,Tweet,garyyounge,williamkeegan,42
117337,Tweet,garyyounge,garyyounge,1
117328,Tweet,garyyounge,LauraCummingArt,178
117538,Tweet,garyyounge,rachlharris,3
117450,Tweet,garyyounge,RosySequeiraTOI,63
96060,Article,patrickwintour,ameliagentleman,14
96070,Article,patrickwintour,patrickwintour,1
95987,Article,patrickwintour,VivianHo,7
96088,Article,patrickwintour,joshwiddicombe,72
96086,Article,patrickwintour,dansabbagh,7
96182,Article,patrickwintour,ameliagentleman,16
96175,Article,patrickwintour,jimwaterson,9
96079,Article,patrickwintour,williamkeegan,8
95988,Article,patrickwintour,dansabbagh,2
96119,Article,patrickwintour,dansabbagh,2
96121,Article,patrickwintour,philipoltermann,21
95977,Article,patrickwintour,SribaalaVTOI,9
96084,Article,patrickwintour,ewenmacaskill,16
96158,Article,patrickwintour,john_hooper,9
95978,Article,patrickwintour,lukeharding1968,13
96705,Tweet,patrickwintour,murarishetyeTOI,80
96333,Tweet,patrickwintour,salihughes,114
96245,Tweet,patrickwintour,RosySequeiraTOI,119
96592,Tweet,patrickwintour,michaelcrowley,8
96317,Tweet,patrickwintour,farnazfassihi,111
96643,Tweet,patrickwintour,michaelcrowley,38
96383,Tweet,patrickwintour,michaelcrowley,22
96701,Tweet,patrickwintour,davidleighx,181
96419,Tweet,patrickwintour,apoorva_nyc,192
96726,Tweet,patrickwintour,patrickwintour,1
96282,Tweet,patrickwintour,paulmasonnews,3
96714,Tweet,patrickwintour,jonpareles,54
96440,Tweet,patrickwintour,WilbyPeter,239
96495,Tweet,patrickwintour,RosySequeiraTOI,148
96350,Tweet,patrickwintour,michaelcrowley,2
204026,Article,psangeetha2112,divyapal2013,4
204054,Article,psangeetha2112,sudhanshub16,32
204022,Article,psangeetha2112,divyapal2013,7
204088,Article,psangeetha2112,aniljdias,3
204107,Article,psangeetha2112,debaratisen,2
204052,Article,psangeetha2112,psangeetha2112,1
204108,Article,psangeetha2112,psangeetha2112,1
204103,Article,psangeetha2112,afuahirsch,131
204055,Article,psangeetha2112,kumaraswamykTOI,40
204120,Article,psangeetha2112,debaratisen,5
204106,Article,psangeetha2112,psangeetha2112,1
204035,Article,psangeetha2112,divyapal2013,44
204081,Article,psangeetha2112,divyapal2013,3
204094,Article,psangeetha2112,meeravohraTOI,6
204046,Article,psangeetha2112,psangeetha2112,1
204161,Tweet,psangeetha2112,meeravohraTOI,2
204183,Tweet,psangeetha2112,yazhiniyanTOI,14
204164,Tweet,psangeetha2112,ramarkosg,3
204234,Tweet,psangeetha2112,CeylanWrites,18
204146,Tweet,psangeetha2112,kumaraswamykTOI,2
204192,Tweet,psangeetha2112,smita_mishra,71
204180,Tweet,psangeetha2112,neelam_raaj,171
204201,Tweet,psangeetha2112,palaknandiTOI,73
204187,Tweet,psangeetha2112,meeravohraTOI,14
204215,Tweet,psangeetha2112,murarishetyeTOI,52
204172,Tweet,psangeetha2112,rebeccaSTOI,98
204160,Tweet,psangeetha2112,samsifton,63
204177,Tweet,psangeetha2112,ramarkosg,33
204144,Tweet,psangeetha2112,tushhaikhush,62
204147,Tweet,psangeetha2112,ajaysuraTOI,50
204705,Article,rajendrasTOI,rajendrasTOI,1
204616,Article,rajendrasTOI,akhileshsTOI,2
204672,Article,rajendrasTOI,rajendrasTOI,1
204660,Article,rajendrasTOI,rajendrasTOI,1
204734,Article,rajendrasTOI,rajendrasTOI,1
204624,Article,rajendrasTOI,rajendrasTOI,1
204715,Article,rajendrasTOI,rajendrasTOI,1
204597,Article,rajendrasTOI,rajendrasTOI,1
204768,Article,rajendrasTOI,rajendrasTOI,1
204731,Article,rajendrasTOI,rajendrasTOI,1
204726,Article,rajendrasTOI,rajendrasTOI,1
204812,Article,rajendrasTOI,rajendrasTOI,1
204651,Article,rajendrasTOI,akhileshsTOI,2
204602,Article,rajendrasTOI,rajendrasTOI,1
204791,Article,rajendrasTOI,rajendrasTOI,1
204935,Tweet,rajendrasTOI,rajendrasTOI,1
204940,Tweet,rajendrasTOI,julianbarnes,3
204867,Tweet,rajendrasTOI,HemantaTOI,58
204887,Tweet,rajendrasTOI,KapildaveTOI,5
204911,Tweet,rajendrasTOI,vijayVsinghTOI,29
204924,Tweet,rajendrasTOI,gettinviggy,38
204843,Tweet,rajendrasTOI,vwang3,350
204870,Tweet,rajendrasTOI,Crime_Selvaraj,41
204933,Tweet,rajendrasTOI,rajendrasTOI,1
204903,Tweet,rajendrasTOI,tomfriedman,38
204932,Tweet,rajendrasTOI,ewong,2
204919,Tweet,rajendrasTOI,rajendrasTOI,1
204888,Tweet,rajendrasTOI,rajendrasTOI,1
204873,Tweet,rajendrasTOI,rajendrasTOI,1
204912,Tweet,rajendrasTOI,rajendrasTOI,1
120208,Article,FelicityCloake,IanCobain,20
120080,Article,FelicityCloake,OwenJones84,68
120067,Article,FelicityCloake,FelicityCloake,1
120033,Article,FelicityCloake,bglendenning,15
120020,Article,FelicityCloake,axrenton,10
120197,Article,FelicityCloake,FelicityCloake,1
120059,Article,FelicityCloake,FelicityCloake,1
120053,Article,FelicityCloake,msrachelcooke,2
120207,Article,FelicityCloake,FelicityCloake,1
120187,Article,FelicityCloake,vanbadham,66
120236,Article,FelicityCloake,FelicityCloake,1
120221,Article,FelicityCloake,andrewrawnsley,60
120214,Article,FelicityCloake,RebeccaSeal,6
120051,Article,FelicityCloake,FelicityCloake,1
120148,Article,FelicityCloake,williamnhutton,40
120317,Tweet,FelicityCloake,AlysFowler,10
120416,Tweet,FelicityCloake,nicklezard,5
120632,Tweet,FelicityCloake,jbouie,56
120413,Tweet,FelicityCloake,jennydeluxe,66
120769,Tweet,FelicityCloake,lyngardner,19
120447,Tweet,FelicityCloake,nicklezard,2
120362,Tweet,FelicityCloake,FelicityCloake,1
120823,Tweet,FelicityCloake,nicklezard,14
120427,Tweet,FelicityCloake,RebeccaSeal,57
120292,Tweet,FelicityCloake,NesrineMalik,10
120788,Tweet,FelicityCloake,lucysiegle,73
120724,Tweet,FelicityCloake,IAmTimDowling,73
120588,Tweet,FelicityCloake,questingvole,42
120641,Tweet,FelicityCloake,melissaclark,46
120538,Tweet,FelicityCloake,elizabday,165
35489,Article,EricaLG,EricaLG,1
35415,Article,EricaLG,EricaLG,1
35475,Article,EricaLG,billmpennington,179
35461,Article,EricaLG,bencasselman,89
35453,Article,EricaLG,EricaLG,1
35418,Article,EricaLG,EricaLG,1
35488,Article,EricaLG,michaelcrowley,2
35408,Article,EricaLG,StacyCowley,2
35406,Article,EricaLG,BenWeiserNYT,113
35459,Article,EricaLG,EricaLG,1
35427,Article,EricaLG,NYTimesCohen,136
35400,Article,EricaLG,GiniaNYT,171
35487,Article,EricaLG,StacyCowley,2
35445,Article,EricaLG,EricaLG,1
35492,Article,EricaLG,adamliptak,54
35594,Tweet,EricaLG,andrewrawnsley,115
35513,Tweet,EricaLG,EricaLG,1
35567,Tweet,EricaLG,afuahirsch,3
35534,Tweet,EricaLG,EricaLG,1
35502,Tweet,EricaLG,andrewrawnsley,65
35571,Tweet,EricaLG,rachshabi,24
35565,Tweet,EricaLG,ukigoni,28
35548,Tweet,EricaLG,EricaLG,1
35529,Tweet,EricaLG,murarishetyeTOI,13
35532,Tweet,EricaLG,EricaLG,1
35531,Tweet,EricaLG,EricaLG,1
35508,Tweet,EricaLG,EricaLG,1
35509,Tweet,EricaLG,jonronson,19
35569,Tweet,EricaLG,desaisantosh,26
35599,Tweet,EricaLG,EmmaBubola,59
20653,Article,ewong,EllenBarryNYT,35
20646,Article,ewong,michaelcrowley,21
20626,Article,ewong,KeithBradsher,61
20683,Article,ewong,ewong,1
20612,Article,ewong,jimtankersley,5
20652,Article,ewong,ewong,1
20698,Article,ewong,julianbarnes,13
20693,Article,ewong,ewong,1
20611,Article,ewong,ewong,1
20601,Article,ewong,tomfriedman,48
20656,Article,ewong,julianbarnes,3
20666,Article,ewong,ewong,1
20686,Article,ewong,ewong,1
20619,Article,ewong,ewong,1
20679,Article,ewong,ewong,1
20728,Tweet,ewong,RosySequeiraTOI,209
20734,Tweet,ewong,GiniaNYT,89
20769,Tweet,ewong,tomfriedman,12
20704,Tweet,ewong,ChuBailiang,12
20799,Tweet,ewong,michaelcrowley,7
20752,Tweet,ewong,stevenerlanger,204
20725,Tweet,ewong,michaelcrowley,2
20731,Tweet,ewong,michaelcrowley,32
20755,Tweet,ewong,murarishetyeTOI,46
20748,Tweet,ewong,murarishetyeTOI,7
20760,Tweet,ewong,tomfriedman,25
20770,Tweet,ewong,ewong,1
20736,Tweet,ewong,michaelcrowley,21
20732,Tweet,ewong,michaelcrowley,2
20742,Tweet,ewong,viasimonromero,44
69426,Article,greenslader,marywalshjourno,170
69594,Article,greenslader,jimwaterson,5
69487,Article,greenslader,winematcher,2
69448,Article,greenslader,OwenJones84,99
69625,Article,greenslader,davidleighx,10
69557,Article,greenslader,DerekMalcolm123,2
69503,Article,greenslader,steve_hewlett,2
69430,Article,greenslader,andybrassell,60
69599,Article,greenslader,greenslader,1
69439,Article,greenslader,thrasherxy,37
69520,Article,greenslader,emilybell,3
69484,Article,greenslader,williamkeegan,3
69607,Article,greenslader,greenslader,1
69438,Article,greenslader,vanbadham,106
69414,Article,greenslader,AnushkaAsthana,81
69650,Tweet,greenslader,juliemTOI,106
70099,Tweet,greenslader,greenslader,1
69834,Tweet,greenslader,juliemTOI,39
70171,Tweet,greenslader,viasimonromero,177
69895,Tweet,greenslader,lindasgrant,145
69867,Tweet,greenslader,JoshuaRozenberg,17
69771,Tweet,greenslader,MichaelWhite,12
69756,Tweet,greenslader,greenslader,1
69952,Tweet,greenslader,vwang3,31
69970,Tweet,greenslader,williamnhutton,13
69654,Tweet,greenslader,greenslader,1
70104,Tweet,greenslader,WilbyPeter,6
70090,Tweet,greenslader,WilbyPeter,28
69982,Tweet,greenslader,tomfriedman,10
69922,Tweet,greenslader,greenslader,1
178445,Article,bishnoiarvind11,IpsitaTOI,2
178410,Article,bishnoiarvind11,bishnoiarvind11,1
178499,Article,bishnoiarvind11,bishnoiarvind11,1
178413,Article,bishnoiarvind11,bishnoiarvind11,1
178417,Article,bishnoiarvind11,bishnoiarvind11,1
178371,Article,bishnoiarvind11,bishnoiarvind11,1
178447,Article,bishnoiarvind11,IpsitaTOI,5
178520,Article,bishnoiarvind11,bishnoiarvind11,1
178391,Article,bishnoiarvind11,bishnoiarvind11,1
178396,Article,bishnoiarvind11,priyangiTOI,4
178500,Article,bishnoiarvind11,SidharthB25,11
178313,Article,bishnoiarvind11,KanwardeepsTOI,5
178361,Article,bishnoiarvind11,bishnoiarvind11,1
178524,Article,bishnoiarvind11,dkarthikTOI,6
178395,Article,bishnoiarvind11,imabdulgani,2
178553,Tweet,bishnoiarvind11,vijaysinghTOI,59
178592,Tweet,bishnoiarvind11,bishnoiarvind11,1
178571,Tweet,bishnoiarvind11,bishnoiarvind11,1
178565,Tweet,bishnoiarvind11,bishnoiarvind11,1
178566,Tweet,bishnoiarvind11,bishnoiarvind11,1
178588,Tweet,bishnoiarvind11,bishnoiarvind11,1
178544,Tweet,bishnoiarvind11,amitanandTOI,25
178627,Tweet,bishnoiarvind11,bishnoiarvind11,1
178585,Tweet,bishnoiarvind11,bishnoiarvind11,1
178591,Tweet,bishnoiarvind11,bishnoiarvind11,1
178559,Tweet,bishnoiarvind11,bishnoiarvind11,1
178584,Tweet,bishnoiarvind11,bishnoiarvind11,1
178599,Tweet,bishnoiarvind11,bishnoiarvind11,1
178617,Tweet,bishnoiarvind11,bishnoiarvind11,1
178532,Tweet,bishnoiarvind11,bishnoiarvind11,1
17662,Article,RichSandomir,DSlotnik,3
17692,Article,RichSandomir,RichSandomir,1
17699,Article,RichSandomir,joecoscarelli,78
17644,Article,RichSandomir,RichSandomir,1
17613,Article,RichSandomir,DSlotnik,3
17651,Article,RichSandomir,RichSandomir,1
17628,Article,RichSandomir,samrob12,2
17656,Article,RichSandomir,samrob12,3
17665,Article,RichSandomir,genznyt,2
17655,Article,RichSandomir,samrob12,2
17672,Article,RichSandomir,DSlotnik,4
17610,Article,RichSandomir,samrob12,3
17670,Article,RichSandomir,RichSandomir,1
17695,Article,RichSandomir,RichSandomir,1
17627,Article,RichSandomir,RichSandomir,1
17748,Tweet,RichSandomir,RichSandomir,1
17709,Tweet,RichSandomir,mlevenson,47
17791,Tweet,RichSandomir,RosySequeiraTOI,42
17780,Tweet,RichSandomir,rachlharris,53
17710,Tweet,RichSandomir,RichSandomir,1
17758,Tweet,RichSandomir,RosySequeiraTOI,51
17704,Tweet,RichSandomir,vwang3,109
17751,Tweet,RichSandomir,wesley_morris,9
17754,Tweet,RichSandomir,RosySequeiraTOI,103
17764,Tweet,RichSandomir,RosySequeiraTOI,31
17794,Tweet,RichSandomir,ajaysuraTOI,42
17735,Tweet,RichSandomir,livia_ar,79
17717,Tweet,RichSandomir,meeravohraTOI,75
17740,Tweet,RichSandomir,ajaysuraTOI,47
17798,Tweet,RichSandomir,laurenlaverne,19
23614,Article,sarahlyall,parul_sehgal,9
23685,Article,sarahlyall,tomfriedman,36
23638,Article,sarahlyall,dwightgarner,5
23604,Article,sarahlyall,NYTimesCohen,56
23661,Article,sarahlyall,EVincentelli,7
23610,Article,sarahlyall,sarahlyall,1
23660,Article,sarahlyall,EVincentelli,13
23671,Article,sarahlyall,dwightgarner,2
23678,Article,sarahlyall,dwightgarner,2
23663,Article,sarahlyall,charltonbrooker,20
23666,Article,sarahlyall,parul_sehgal,10
23698,Article,sarahlyall,sio_burke,14
23699,Article,sarahlyall,ceciliakang,144
23688,Article,sarahlyall,dwightgarner,5
23696,Article,sarahlyall,ianrausten,12
23770,Tweet,sarahlyall,rachshabi,9
23701,Tweet,sarahlyall,gmorgenson,13
23711,Tweet,sarahlyall,sermoninstone,12
23702,Tweet,sarahlyall,andrewrawnsley,55
23743,Tweet,sarahlyall,peterbradshaw1,158
23779,Tweet,sarahlyall,andrewrawnsley,10
23718,Tweet,sarahlyall,gmorgenson,18
23712,Tweet,sarahlyall,gmorgenson,5
23766,Tweet,sarahlyall,anemonanyc,17
23754,Tweet,sarahlyall,elizabday,24
23735,Tweet,sarahlyall,EricaLG,6
23714,Tweet,sarahlyall,karenzraick,10
23761,Tweet,sarahlyall,msrachelcooke,58
23725,Tweet,sarahlyall,DouthatNYT,8
23757,Tweet,sarahlyall,WilbyPeter,89
219890,Article,vaibhavgTOI,vaibhavgTOI,1
219723,Article,vaibhavgTOI,amitanandTOI,5
219886,Article,vaibhavgTOI,vaibhavgTOI,1
219741,Article,vaibhavgTOI,vaibhavgTOI,1
219824,Article,vaibhavgTOI,vaibhavgTOI,1
219889,Article,vaibhavgTOI,SribaalaVTOI,18
219950,Article,vaibhavgTOI,KapildaveTOI,12
219772,Article,vaibhavgTOI,PNaveenTOI,4
219784,Article,vaibhavgTOI,vaibhavgTOI,1
219866,Article,vaibhavgTOI,amitanandTOI,3
219943,Article,vaibhavgTOI,vaibhavgTOI,1
219858,Article,vaibhavgTOI,RosySequeiraTOI,19
219882,Article,vaibhavgTOI,ShoebKhanTOI,19
219918,Article,vaibhavgTOI,vaibhavgTOI,1
219806,Article,vaibhavgTOI,vaibhavgTOI,1
219997,Tweet,vaibhavgTOI,vaibhavgTOI,1
220022,Tweet,vaibhavgTOI,vaibhavgTOI,1
219966,Tweet,vaibhavgTOI,MohitaTOI,8
220014,Tweet,vaibhavgTOI,vaibhavgTOI,1
219994,Tweet,vaibhavgTOI,vaibhavgTOI,1
220018,Tweet,vaibhavgTOI,MohitaTOI,3
220039,Tweet,vaibhavgTOI,ChaitanyadTOI,7
220017,Tweet,vaibhavgTOI,vaibhavgTOI,1
219969,Tweet,vaibhavgTOI,vaibhavgTOI,1
219963,Tweet,vaibhavgTOI,MohitaTOI,2
220013,Tweet,vaibhavgTOI,imabdulgani,5
220028,Tweet,vaibhavgTOI,MohitaTOI,3
220056,Tweet,vaibhavgTOI,MohitaTOI,2
220047,Tweet,vaibhavgTOI,ishajainTOI,7
220055,Tweet,vaibhavgTOI,Pratiks_TOI,5
216471,Article,TOISH31,AndrewSparrow,20
216581,Article,TOISH31,TOISH31,1
216529,Article,TOISH31,TridibIANS,3
216559,Article,TOISH31,TOISH31,1
216434,Article,TOISH31,Pratiks_TOI,16
216458,Article,TOISH31,adwaidh,2
216381,Article,TOISH31,TOISH31,1
216565,Article,TOISH31,adwaidh,11
216556,Article,TOISH31,TOISH31,1
216548,Article,TOISH31,adwaidh,2
216481,Article,TOISH31,TOISH31,1
216499,Article,TOISH31,kumaraswamykTOI,2
216495,Article,TOISH31,TOISH31,1
216489,Article,TOISH31,TOISH31,1
216611,Article,TOISH31,TOISH31,1
216618,Tweet,TOISH31,TOISH31,1
216653,Tweet,TOISH31,TOISH31,1
216631,Tweet,TOISH31,TOISH31,1
216686,Tweet,TOISH31,TOISH31,1
216660,Tweet,TOISH31,TOISH31,1
216662,Tweet,TOISH31,TOISH31,1
216656,Tweet,TOISH31,TOISH31,1
216696,Tweet,TOISH31,TOISH31,1
216687,Tweet,TOISH31,TOISH31,1
216627,Tweet,TOISH31,TOISH31,1
216702,Tweet,TOISH31,TOISH31,1
216699,Tweet,TOISH31,TOISH31,1
216704,Tweet,TOISH31,TOISH31,1
216663,Tweet,TOISH31,TOISH31,1
216619,Tweet,TOISH31,TOISH31,1
54704,Article,alexvtunzelmann,alexvtunzelmann,1
54710,Article,alexvtunzelmann,alexvtunzelmann,1
54631,Article,alexvtunzelmann,alexvtunzelmann,1
54767,Article,alexvtunzelmann,alexvtunzelmann,1
54769,Article,alexvtunzelmann,alexvtunzelmann,1
54610,Article,alexvtunzelmann,oliverburkeman,65
54762,Article,alexvtunzelmann,alexvtunzelmann,1
54816,Article,alexvtunzelmann,alexvtunzelmann,1
54658,Article,alexvtunzelmann,alexvtunzelmann,1
54653,Article,alexvtunzelmann,alexvtunzelmann,1
54854,Article,alexvtunzelmann,alexvtunzelmann,1
54637,Article,alexvtunzelmann,alexvtunzelmann,1
54719,Article,alexvtunzelmann,alexvtunzelmann,1
54751,Article,alexvtunzelmann,alexvtunzelmann,1
54783,Article,alexvtunzelmann,alexvtunzelmann,1
55167,Tweet,alexvtunzelmann,davidleighx,114
55287,Tweet,alexvtunzelmann,yeshikabudhwar,44
55365,Tweet,alexvtunzelmann,PerriKlass,331
55136,Tweet,alexvtunzelmann,nauzerbTOI,126
55265,Tweet,alexvtunzelmann,jonpareles,141
54954,Tweet,alexvtunzelmann,nicklezard,26
55170,Tweet,alexvtunzelmann,ajaysuraTOI,107
54933,Tweet,alexvtunzelmann,oliverburkeman,58
55207,Tweet,alexvtunzelmann,nicklezard,57
55340,Tweet,alexvtunzelmann,murarishetyeTOI,142
55095,Tweet,alexvtunzelmann,andrewrawnsley,83
55176,Tweet,alexvtunzelmann,joshwiddicombe,121
54864,Tweet,alexvtunzelmann,andrewrawnsley,37
55063,Tweet,alexvtunzelmann,jonpareles,52
54871,Tweet,alexvtunzelmann,GioRussonello,80
100437,Article,archiebland,williamnhutton,80
100340,Article,archiebland,nnougayrede,39
100424,Article,archiebland,williamnhutton,63
100402,Article,archiebland,garyyounge,37
100323,Article,archiebland,garyyounge,33
100364,Article,archiebland,JohnJCrace,298
100429,Article,archiebland,archiebland,1
100305,Article,archiebland,john_hooper,490
100222,Article,archiebland,IAmTimDowling,41
100404,Article,archiebland,williamnhutton,5
100368,Article,archiebland,JohnJCrace,18
100431,Article,archiebland,attackerman,84
100421,Article,archiebland,Markbeaumontuk,42
100193,Article,archiebland,gabyhinsliff,46
100415,Article,archiebland,JohnJCrace,3
100902,Tweet,archiebland,NilsPratley,454
100755,Tweet,archiebland,JoshuaRozenberg,392
100699,Tweet,archiebland,msrachelcooke,120
100775,Tweet,archiebland,lyngardner,44
100912,Tweet,archiebland,oliverburkeman,56
100686,Tweet,archiebland,StacyCowley,43
100452,Tweet,archiebland,RosySequeiraTOI,355
101030,Tweet,archiebland,andrewrawnsley,246
100946,Tweet,archiebland,MattFutterman,180
100502,Tweet,archiebland,jimwaterson,395
100566,Tweet,archiebland,RosySequeiraTOI,229
100485,Tweet,archiebland,ajaysuraTOI,376
100696,Tweet,archiebland,samsifton,335
100712,Tweet,archiebland,andrewrawnsley,321
100710,Tweet,archiebland,ditzkoff,175
180504,Article,desaisantosh,ggreenwald,156
180588,Article,desaisantosh,vishwamTOI,3
180604,Article,desaisantosh,desaisantosh,1
180490,Article,desaisantosh,sunny_hundal,2
180493,Article,desaisantosh,ronojoy_sen,10
180583,Article,desaisantosh,nytdavidbrooks,5
180567,Article,desaisantosh,desaisantosh,1
180577,Article,desaisantosh,desaisantosh,1
180616,Article,desaisantosh,vanbadham,78
180516,Article,desaisantosh,desaisantosh,1
180517,Article,desaisantosh,williamnhutton,66
180502,Article,desaisantosh,PerriKlass,90
180507,Article,desaisantosh,GeorgeMonbiot,114
180594,Article,desaisantosh,emilybell,4
180596,Article,desaisantosh,desaisantosh,1
180641,Tweet,desaisantosh,jonronson,14
180702,Tweet,desaisantosh,desaisantosh,1
180663,Tweet,desaisantosh,tomfriedman,3
180664,Tweet,desaisantosh,desaisantosh,1
180660,Tweet,desaisantosh,desaisantosh,1
180692,Tweet,desaisantosh,desaisantosh,1
180632,Tweet,desaisantosh,desaisantosh,1
180656,Tweet,desaisantosh,desaisantosh,1
180622,Tweet,desaisantosh,desaisantosh,1
180649,Tweet,desaisantosh,desaisantosh,1
180694,Tweet,desaisantosh,desaisantosh,1
180665,Tweet,desaisantosh,desaisantosh,1
180661,Tweet,desaisantosh,desaisantosh,1
180672,Tweet,desaisantosh,desaisantosh,1
180652,Tweet,desaisantosh,MohitaTOI,8
7689,Article,EVincentelli,wesley_morris,3
7629,Article,EVincentelli,EVincentelli,1
7661,Article,EVincentelli,sio_burke,2
7667,Article,EVincentelli,sio_burke,4
7640,Article,EVincentelli,DerekMalcolm123,3
7684,Article,EVincentelli,joncaramanica,5
7605,Article,EVincentelli,ASoloski,3
7652,Article,EVincentelli,rondakaysen,9
7688,Article,EVincentelli,zwoolfe,3
7631,Article,EVincentelli,zwoolfe,2
7625,Article,EVincentelli,EVincentelli,1
7616,Article,EVincentelli,wesley_morris,7
7601,Article,EVincentelli,EVincentelli,1
7608,Article,EVincentelli,joncaramanica,3
7648,Article,EVincentelli,joncaramanica,2
7710,Tweet,EVincentelli,michaelcrowley,453
7724,Tweet,EVincentelli,KSchulten,188
7729,Tweet,EVincentelli,peterbradshaw1,95
7758,Tweet,EVincentelli,RosySequeiraTOI,356
7799,Tweet,EVincentelli,ASoloski,3
7797,Tweet,EVincentelli,laurenlaverne,217
7718,Tweet,EVincentelli,elizabday,36
7705,Tweet,EVincentelli,EVincentelli,1
7748,Tweet,EVincentelli,timatkin,24
7790,Tweet,EVincentelli,jimwaterson,49
7767,Tweet,EVincentelli,salihughes,8
7743,Tweet,EVincentelli,ajaysuraTOI,173
7745,Tweet,EVincentelli,anemonanyc,63
7761,Tweet,EVincentelli,aurelienbrd,2
7754,Tweet,EVincentelli,EVincentelli,1
202110,Article,pradeepjourno,PNaveenTOI,4
202162,Article,pradeepjourno,NishikantkTOI,5
202128,Article,pradeepjourno,pradeepjourno,1
202104,Article,pradeepjourno,pradeepjourno,1
202050,Article,pradeepjourno,vijaysinghTOI,13
202101,Article,pradeepjourno,pradeepjourno,1
201972,Article,pradeepjourno,vijayVsinghTOI,7
202135,Article,pradeepjourno,NishikantkTOI,4
202172,Article,pradeepjourno,mateenHTOI,3
201994,Article,pradeepjourno,UttaraVarmaTOI,56
202096,Article,pradeepjourno,NishikantkTOI,4
201929,Article,pradeepjourno,vaibhavgTOI,13
201995,Article,pradeepjourno,vaibhavgTOI,13
202087,Article,pradeepjourno,pradeepjourno,1
201991,Article,pradeepjourno,NishikantkTOI,4
202255,Tweet,pradeepjourno,Gauraw2297,2
202266,Tweet,pradeepjourno,pradeepjourno,1
202211,Tweet,pradeepjourno,HemantaTOI,3
202217,Tweet,pradeepjourno,afuahirsch,304
202184,Tweet,pradeepjourno,Gauraw2297,2
202201,Tweet,pradeepjourno,MohitaTOI,12
202226,Tweet,pradeepjourno,RosySequeiraTOI,471
202256,Tweet,pradeepjourno,ShoebKhanTOI,156
202229,Tweet,pradeepjourno,Gauraw2297,2
202206,Tweet,pradeepjourno,saumyajitbTOI,381
202216,Tweet,pradeepjourno,MohitaTOI,52
202204,Tweet,pradeepjourno,pradeepjourno,1
202250,Tweet,pradeepjourno,kush_junglee,2
202200,Tweet,pradeepjourno,Pratiks_TOI,2
202257,Tweet,pradeepjourno,Gauraw2297,3
201411,Article,PjJoychen,richapintoi,9
201355,Article,PjJoychen,PjJoychen,1
201343,Article,PjJoychen,AditiZero,7
201319,Article,PjJoychen,KanwardeepsTOI,21
201397,Article,PjJoychen,AjayUgrasTOI,23
201331,Article,PjJoychen,HinaRohtaki,15
201329,Article,PjJoychen,KapildaveTOI,7
201447,Article,PjJoychen,PjJoychen,1
201431,Article,PjJoychen,PjJoychen,1
201435,Article,PjJoychen,PjJoychen,1
201396,Article,PjJoychen,KapildaveTOI,6
201378,Article,PjJoychen,desaisantosh,16
201379,Article,PjJoychen,PjJoychen,1
201365,Article,PjJoychen,PjJoychen,1
201361,Article,PjJoychen,rishachitlangia,16
201485,Tweet,PjJoychen,PjJoychen,1
201503,Tweet,PjJoychen,PjJoychen,1
201514,Tweet,PjJoychen,PjJoychen,1
201576,Tweet,PjJoychen,PjJoychen,1
201579,Tweet,PjJoychen,PjJoychen,1
201563,Tweet,PjJoychen,PjJoychen,1
201543,Tweet,PjJoychen,PjJoychen,1
201540,Tweet,PjJoychen,PjJoychen,1
201520,Tweet,PjJoychen,PjJoychen,1
201507,Tweet,PjJoychen,PjJoychen,1
201577,Tweet,PjJoychen,PjJoychen,1
201501,Tweet,PjJoychen,PjJoychen,1
201545,Tweet,PjJoychen,PjJoychen,1
201481,Tweet,PjJoychen,NewtonSTOI,395
201568,Tweet,PjJoychen,PjJoychen,1
30664,Article,jennydeluxe,carlzimmer,2
30669,Article,jennydeluxe,ceciliakang,2
30642,Article,jennydeluxe,parul_sehgal,53
30665,Article,jennydeluxe,marywalshjourno,2
30644,Article,jennydeluxe,noamscheiber,20
30608,Article,jennydeluxe,jennydeluxe,1
30655,Article,jennydeluxe,ceciliakang,4
30682,Article,jennydeluxe,FrankBruni,144
30607,Article,jennydeluxe,smbahr14,45
30681,Article,jennydeluxe,pete_wells,67
30697,Article,jennydeluxe,DerekMalcolm123,34
30688,Article,jennydeluxe,andrewrsorkin,20
30656,Article,jennydeluxe,jennydeluxe,1
30673,Article,jennydeluxe,ceciliakang,2
30672,Article,jennydeluxe,pete_wells,126
30725,Tweet,jennydeluxe,elizabday,46
30705,Tweet,jennydeluxe,annanorthtweets,2
30761,Tweet,jennydeluxe,gmorgenson,3
30722,Tweet,jennydeluxe,jonronson,6
30745,Tweet,jennydeluxe,wesley_morris,2
30721,Tweet,jennydeluxe,smita_mishra,13
30742,Tweet,jennydeluxe,rachshabi,4
30766,Tweet,jennydeluxe,jennydeluxe,1
30755,Tweet,jennydeluxe,smita_mishra,10
30736,Tweet,jennydeluxe,jennydeluxe,1
30744,Tweet,jennydeluxe,margaretrenkl,5
30707,Tweet,jennydeluxe,JessicaValenti,3
30703,Tweet,jennydeluxe,EricaLG,9
30716,Tweet,jennydeluxe,ajaysuraTOI,176
30735,Tweet,jennydeluxe,yeshikabudhwar,380
218744,Article,umamahesh_ToI,richapintoi,6
218826,Article,umamahesh_ToI,umamahesh_ToI,1
218718,Article,umamahesh_ToI,umamahesh_ToI,1
218904,Article,umamahesh_ToI,NirupaTOI,2
218884,Article,umamahesh_ToI,umamahesh_ToI,1
218704,Article,umamahesh_ToI,ShoebKhanTOI,3
218868,Article,umamahesh_ToI,ishajainTOI,3
218850,Article,umamahesh_ToI,umamahesh_ToI,1
218765,Article,umamahesh_ToI,umamahesh_ToI,1
218909,Article,umamahesh_ToI,sushmi_dey,6
218914,Article,umamahesh_ToI,ShoebKhanTOI,15
218710,Article,umamahesh_ToI,umamahesh_ToI,1
218891,Article,umamahesh_ToI,SwatiShindeTOI,2
218856,Article,umamahesh_ToI,dkarthikTOI,5
218716,Article,umamahesh_ToI,PrashantrTOI,15
218968,Tweet,umamahesh_ToI,priyangiTOI,161
218944,Tweet,umamahesh_ToI,priyangiTOI,24
218959,Tweet,umamahesh_ToI,murarishetyeTOI,28
219003,Tweet,umamahesh_ToI,tushhaikhush,224
219002,Tweet,umamahesh_ToI,SumitraDebRoy,4
218919,Tweet,umamahesh_ToI,umamahesh_ToI,1
218992,Tweet,umamahesh_ToI,rjadHinduBL,5
218955,Tweet,umamahesh_ToI,murarishetyeTOI,2
219001,Tweet,umamahesh_ToI,MohitaTOI,8
218996,Tweet,umamahesh_ToI,petleepeter,214
218939,Tweet,umamahesh_ToI,ottolenghi,11
218978,Tweet,umamahesh_ToI,RosySequeiraTOI,166
218951,Tweet,umamahesh_ToI,MohitaTOI,3
218977,Tweet,umamahesh_ToI,umamahesh_ToI,1
218970,Tweet,umamahesh_ToI,petleepeter,147
26636,Article,tejalrao,nytDeniseGrady,31
26681,Article,tejalrao,tejalrao,1
26683,Article,tejalrao,DerekMalcolm123,6
26664,Article,tejalrao,melissaclark,2
26618,Article,tejalrao,samsifton,85
26686,Article,tejalrao,melissaclark,2
26658,Article,tejalrao,pete_wells,34
26680,Article,tejalrao,pete_wells,34
26654,Article,tejalrao,jennydeluxe,21
26662,Article,tejalrao,pete_wells,55
26626,Article,tejalrao,melissaclark,11
26672,Article,tejalrao,tejalrao,1
26669,Article,tejalrao,melissaclark,4
26651,Article,tejalrao,pete_wells,22
26646,Article,tejalrao,pete_wells,5
26748,Tweet,tejalrao,yeshikabudhwar,52
26720,Tweet,tejalrao,KeithBradsher,48
26739,Tweet,tejalrao,desaisantosh,18
26790,Tweet,tejalrao,ottolenghi,3
26710,Tweet,tejalrao,EricaLG,2
26784,Tweet,tejalrao,samsifton,13
26762,Tweet,tejalrao,jonronson,15
26760,Tweet,tejalrao,ottolenghi,2
26738,Tweet,tejalrao,gmorgenson,175
26728,Tweet,tejalrao,FrankBruni,29
26737,Tweet,tejalrao,joshwiddicombe,58
26702,Tweet,tejalrao,jestei,4
26773,Tweet,tejalrao,rachshabi,136
26785,Tweet,tejalrao,RosySequeiraTOI,115
26705,Tweet,tejalrao,samsifton,15
179000,Article,ChaithanyaSwamy,mateenHTOI,2
179080,Article,ChaithanyaSwamy,ChaithanyaSwamy,1
179027,Article,ChaithanyaSwamy,sandhyanairTOI,2
178987,Article,ChaithanyaSwamy,ChaithanyaSwamy,1
179076,Article,ChaithanyaSwamy,ChaithanyaSwamy,1
179072,Article,ChaithanyaSwamy,SagrikaKissu,2
178998,Article,ChaithanyaSwamy,ChaithanyaSwamy,1
179037,Article,ChaithanyaSwamy,maheshbTOI,19
179031,Article,ChaithanyaSwamy,petleepeter,3
179040,Article,ChaithanyaSwamy,ChaithanyaSwamy,1
179014,Article,ChaithanyaSwamy,ChaithanyaSwamy,1
179059,Article,ChaithanyaSwamy,ChaithanyaSwamy,1
179008,Article,ChaithanyaSwamy,ChaithanyaSwamy,1
179094,Article,ChaithanyaSwamy,mateenHTOI,23
179068,Article,ChaithanyaSwamy,mateenHTOI,5
179215,Tweet,ChaithanyaSwamy,NishikantkTOI,2
179152,Tweet,ChaithanyaSwamy,ChaithanyaSwamy,1
179171,Tweet,ChaithanyaSwamy,ChaithanyaSwamy,1
179185,Tweet,ChaithanyaSwamy,journo_vibha,19
179201,Tweet,ChaithanyaSwamy,MohitaTOI,4
179162,Tweet,ChaithanyaSwamy,SindhukTOI,5
179145,Tweet,ChaithanyaSwamy,SindhukTOI,3
179204,Tweet,ChaithanyaSwamy,SindhukTOI,9
179158,Tweet,ChaithanyaSwamy,aleksk,39
179165,Tweet,ChaithanyaSwamy,AditiZero,49
179186,Tweet,ChaithanyaSwamy,NishikantkTOI,2
179144,Tweet,ChaithanyaSwamy,juliemTOI,200
179133,Tweet,ChaithanyaSwamy,ChaithanyaSwamy,1
179129,Tweet,ChaithanyaSwamy,rajatpTOI,61
179161,Tweet,ChaithanyaSwamy,ChaithanyaSwamy,1
131115,Article,axrenton,FelicityCloake,15
131154,Article,axrenton,RebeccaSeal,13
131179,Article,axrenton,ArthurNeslen,51
131145,Article,axrenton,RebeccaSeal,7
131157,Article,axrenton,RebeccaSeal,5
131170,Article,axrenton,pete_wells,37
131071,Article,axrenton,edvulliamy,18
131112,Article,axrenton,nicholaswatt,40
131073,Article,axrenton,RebeccaSeal,20
131109,Article,axrenton,jayrayner1,54
131142,Article,axrenton,TristramHuntVA,77
131092,Article,axrenton,NilsPratley,28
131059,Article,axrenton,gabyhinsliff,32
131096,Article,axrenton,joshwiddicombe,82
131190,Article,axrenton,williamkeegan,64
131305,Tweet,axrenton,jimwaterson,2
131310,Tweet,axrenton,andrewrawnsley,16
131617,Tweet,axrenton,WilbyPeter,76
131646,Tweet,axrenton,thestephmerritt,24
131702,Tweet,axrenton,murarishetyeTOI,11
131399,Tweet,axrenton,ewenmacaskill,16
131333,Tweet,axrenton,tarasbernard,118
131755,Tweet,axrenton,axrenton,1
131363,Tweet,axrenton,ajaysuraTOI,8
131506,Tweet,axrenton,jayrayner1,67
131448,Tweet,axrenton,jonronson,99
131735,Tweet,axrenton,RosySequeiraTOI,185
131243,Tweet,axrenton,williamkeegan,99
131526,Tweet,axrenton,salihughes,56
131238,Tweet,axrenton,andrewrawnsley,77
24833,Article,zwoolfe,zwoolfe,1
24873,Article,zwoolfe,zwoolfe,1
24878,Article,zwoolfe,EVincentelli,6
24845,Article,zwoolfe,NYTimesCohen,3
24894,Article,zwoolfe,zwoolfe,1
24875,Article,zwoolfe,zwoolfe,1
24886,Article,zwoolfe,zwoolfe,1
24804,Article,zwoolfe,RichSandomir,6
24831,Article,zwoolfe,zwoolfe,1
24803,Article,zwoolfe,joncaramanica,24
24891,Article,zwoolfe,zwoolfe,1
24807,Article,zwoolfe,zwoolfe,1
24849,Article,zwoolfe,zwoolfe,1
24859,Article,zwoolfe,davidhepworth,9
24829,Article,zwoolfe,ASoloski,19
24938,Tweet,zwoolfe,jestei,10
24939,Tweet,zwoolfe,jonpareles,4
24940,Tweet,zwoolfe,alanconnor,2
24961,Tweet,zwoolfe,llerer,39
24918,Tweet,zwoolfe,zwoolfe,1
24945,Tweet,zwoolfe,jestei,135
24965,Tweet,zwoolfe,ajaysuraTOI,115
24928,Tweet,zwoolfe,wesley_morris,10
24964,Tweet,zwoolfe,desaisantosh,6
24980,Tweet,zwoolfe,RosySequeiraTOI,16
24970,Tweet,zwoolfe,LauraCummingArt,4
24987,Tweet,zwoolfe,RosySequeiraTOI,77
24995,Tweet,zwoolfe,jonpareles,3
24919,Tweet,zwoolfe,michaelcrowley,33
24943,Tweet,zwoolfe,murarishetyeTOI,76
16437,Article,paulkrugman,FrankBruni,6
16458,Article,paulkrugman,jbouie,10
16427,Article,paulkrugman,nytdavidbrooks,6
16486,Article,paulkrugman,sangerkatz,3
16400,Article,paulkrugman,jackschofield,90
16471,Article,paulkrugman,apoorva_nyc,13
16494,Article,paulkrugman,pete_wells,5
16433,Article,paulkrugman,nytdavidbrooks,4
16411,Article,paulkrugman,tripgabriel,3
16416,Article,paulkrugman,ditzkoff,57
16425,Article,paulkrugman,bencasselman,4
16441,Article,paulkrugman,jbouie,10
16446,Article,paulkrugman,tomfriedman,4
16470,Article,paulkrugman,paulkrugman,1
16448,Article,paulkrugman,sangerkatz,3
16519,Tweet,paulkrugman,paulkrugman,1
16543,Tweet,paulkrugman,paulkrugman,1
16553,Tweet,paulkrugman,paulkrugman,1
16517,Tweet,paulkrugman,paulkrugman,1
16560,Tweet,paulkrugman,paulkrugman,1
16552,Tweet,paulkrugman,paulkrugman,1
16590,Tweet,paulkrugman,paulkrugman,1
16570,Tweet,paulkrugman,paulkrugman,1
16503,Tweet,paulkrugman,marywalshjourno,426
16541,Tweet,paulkrugman,noamscheiber,2
16576,Tweet,paulkrugman,paulkrugman,1
16550,Tweet,paulkrugman,paulkrugman,1
16579,Tweet,paulkrugman,paulkrugman,1
16535,Tweet,paulkrugman,suilee,422
16537,Tweet,paulkrugman,paulkrugman,1
217234,Article,toi_ManujaV,Shrivathsan1437,4
217266,Article,toi_ManujaV,Shilarze_SSR,3
217308,Article,toi_ManujaV,sudhanshub16,70
217239,Article,toi_ManujaV,Pratiks_TOI,5
217203,Article,toi_ManujaV,AraniBasuTOI,4
217233,Article,toi_ManujaV,Shilarze_SSR,2
217095,Article,toi_ManujaV,manujaveerappa,4
217091,Article,toi_ManujaV,AraniBasuTOI,4
217253,Article,toi_ManujaV,manujaveerappa,3
217197,Article,toi_ManujaV,UttaraVarmaTOI,54
217235,Article,toi_ManujaV,adwaidh,7
217189,Article,toi_ManujaV,toi_ManujaV,1
217250,Article,toi_ManujaV,kumaraswamykTOI,4
217096,Article,toi_ManujaV,Pratiks_TOI,2
217307,Article,toi_ManujaV,kumaraswamykTOI,4
217360,Tweet,toi_ManujaV,tushhaikhush,7
217335,Tweet,toi_ManujaV,ManjuVTOI,4
217333,Tweet,toi_ManujaV,kumaraswamykTOI,19
217326,Tweet,toi_ManujaV,debaratisen,6
217310,Tweet,toi_ManujaV,yeshikabudhwar,116
217389,Tweet,toi_ManujaV,kumaraswamykTOI,14
217371,Tweet,toi_ManujaV,Pratiks_TOI,2
217407,Tweet,toi_ManujaV,kumaraswamykTOI,5
217372,Tweet,toi_ManujaV,kumaraswamykTOI,5
217368,Tweet,toi_ManujaV,petleepeter,26
217359,Tweet,toi_ManujaV,tushhaikhush,12
217369,Tweet,toi_ManujaV,tushhaikhush,27
217408,Tweet,toi_ManujaV,vivek9301,2
217378,Tweet,toi_ManujaV,kumaraswamykTOI,2
217319,Tweet,toi_ManujaV,MohitaTOI,26
116540,Article,dansabbagh,lukeharding1968,8
116683,Article,dansabbagh,dansabbagh,1
116473,Article,dansabbagh,JohnJCrace,3
116690,Article,dansabbagh,JohnJCrace,26
116660,Article,dansabbagh,nicholaswatt,54
116488,Article,dansabbagh,dansabbagh,1
116578,Article,dansabbagh,bglendenning,111
116508,Article,dansabbagh,philipoltermann,36
116513,Article,dansabbagh,ewenmacaskill,2
116680,Article,dansabbagh,dansabbagh,1
116622,Article,dansabbagh,TimdeLisle,14
116702,Article,dansabbagh,dansabbagh,1
116500,Article,dansabbagh,ewenmacaskill,3
116474,Article,dansabbagh,ewenmacaskill,2
116529,Article,dansabbagh,bglendenning,127
117012,Tweet,dansabbagh,nicklezard,57
116745,Tweet,dansabbagh,michaelcrowley,16
116726,Tweet,dansabbagh,williamkeegan,70
116786,Tweet,dansabbagh,nicklezard,8
116828,Tweet,dansabbagh,williamnhutton,59
116849,Tweet,dansabbagh,michaelcrowley,101
116727,Tweet,dansabbagh,jeannasmialek,68
116824,Tweet,dansabbagh,patrickwintour,4
116942,Tweet,dansabbagh,JoshuaRozenberg,83
116915,Tweet,dansabbagh,jbouie,11
116962,Tweet,dansabbagh,RosySequeiraTOI,26
116934,Tweet,dansabbagh,RosySequeiraTOI,214
116749,Tweet,dansabbagh,yeshikabudhwar,224
116820,Tweet,dansabbagh,patrickwintour,9
116923,Tweet,dansabbagh,DerekMalcolm123,67
134279,Article,emilybell,alanconnor,13
134147,Article,emilybell,williamnhutton,47
134318,Article,emilybell,steve_hewlett,2
134168,Article,emilybell,rjadHinduBL,289
134352,Article,emilybell,steve_hewlett,2
134146,Article,emilybell,msmirandasawyer,260
134365,Article,emilybell,alanconnor,6
134205,Article,emilybell,garyyounge,33
134286,Article,emilybell,emilybell,1
134336,Article,emilybell,emilybell,1
134259,Article,emilybell,emilybell,1
134366,Article,emilybell,alanconnor,6
134130,Article,emilybell,emmabrockes,7
134201,Article,emilybell,emilybell,1
134275,Article,emilybell,emilybell,1
134398,Tweet,emilybell,greenslader,484
134687,Tweet,emilybell,saumyajitbTOI,65
134563,Tweet,emilybell,nicklezard,4
134711,Tweet,emilybell,DerekMalcolm123,45
134543,Tweet,emilybell,nicklezard,5
134478,Tweet,emilybell,afuahirsch,22
134963,Tweet,emilybell,sarahditum,4
134614,Tweet,emilybell,OwenJones84,7
134571,Tweet,emilybell,DanielKingChess,487
134912,Tweet,emilybell,jbouie,3
134955,Tweet,emilybell,nicklezard,3
134432,Tweet,emilybell,samsifton,465
134596,Tweet,emilybell,nicklezard,2
134589,Tweet,emilybell,jimwaterson,11
134913,Tweet,emilybell,IanCobain,7
182732,Article,DSandip_TOI,AjayUgrasTOI,3
182720,Article,DSandip_TOI,DSandip_TOI,1
182849,Article,DSandip_TOI,vaibhavgTOI,7
182781,Article,DSandip_TOI,pankajdoval,38
182811,Article,DSandip_TOI,DSandip_TOI,1
182795,Article,DSandip_TOI,PrashantrTOI,2
182738,Article,DSandip_TOI,DSandip_TOI,1
182693,Article,DSandip_TOI,DSandip_TOI,1
182716,Article,DSandip_TOI,Arv_Ind_Chauhan,11
182874,Article,DSandip_TOI,Arv_Ind_Chauhan,3
182681,Article,DSandip_TOI,rjadHinduBL,2
182713,Article,DSandip_TOI,SagrikaKissu,14
182878,Article,DSandip_TOI,DSandip_TOI,1
182856,Article,DSandip_TOI,DSandip_TOI,1
182864,Article,DSandip_TOI,kumaraswamykTOI,45
182924,Tweet,DSandip_TOI,meeravohraTOI,240
182994,Tweet,DSandip_TOI,MohitaTOI,6
182942,Tweet,DSandip_TOI,ramendrasTOI,28
182951,Tweet,DSandip_TOI,timjonze,113
183017,Tweet,DSandip_TOI,smita_mishra,50
182993,Tweet,DSandip_TOI,desaisantosh,126
182955,Tweet,DSandip_TOI,DSandip_TOI,1
182947,Tweet,DSandip_TOI,TOISH31,52
182974,Tweet,DSandip_TOI,DSandip_TOI,1
182999,Tweet,DSandip_TOI,MohitaTOI,3
182990,Tweet,DSandip_TOI,MohitaTOI,38
182946,Tweet,DSandip_TOI,ramendrasTOI,26
183009,Tweet,DSandip_TOI,DSandip_TOI,1
182926,Tweet,DSandip_TOI,somitsenTOI,2
182998,Tweet,DSandip_TOI,ramendrasTOI,6
76542,Article,LauraCummingArt,thrasherxy,7
76422,Article,LauraCummingArt,chiggi,7
76378,Article,LauraCummingArt,joshwiddicombe,5
76505,Article,LauraCummingArt,williamnhutton,14
76483,Article,LauraCummingArt,OLIVERBALCH,15
76376,Article,LauraCummingArt,nnougayrede,22
76360,Article,LauraCummingArt,MarinaHyde,7
76557,Article,LauraCummingArt,nicholaswatt,31
76433,Article,LauraCummingArt,ukigoni,149
76460,Article,LauraCummingArt,williamnhutton,22
76579,Article,LauraCummingArt,SearleAdrian,2
76429,Article,LauraCummingArt,ollywainwright,2
76394,Article,LauraCummingArt,williamnhutton,5
76521,Article,LauraCummingArt,polblonde,18
76567,Article,LauraCummingArt,axrenton,7
77134,Tweet,LauraCummingArt,msrachelcooke,19
77179,Tweet,LauraCummingArt,desaisantosh,15
77023,Tweet,LauraCummingArt,desaisantosh,17
77017,Tweet,LauraCummingArt,peterbradshaw1,85
76735,Tweet,LauraCummingArt,murarishetyeTOI,62
76687,Tweet,LauraCummingArt,vwang3,314
77053,Tweet,LauraCummingArt,GiniaNYT,10
76868,Tweet,LauraCummingArt,thestephmerritt,48
77015,Tweet,LauraCummingArt,RowanMoore,4
76666,Tweet,LauraCummingArt,LucyMangan,47
76853,Tweet,LauraCummingArt,timatkin,23
76647,Tweet,LauraCummingArt,EricaLG,105
77103,Tweet,LauraCummingArt,timjonze,13
77128,Tweet,LauraCummingArt,RosySequeiraTOI,326
77033,Tweet,LauraCummingArt,DawnHFoster,494
4690,Article,ByMattStevens,MichaelPaulson,6
4604,Article,ByMattStevens,SarahMaslinNir,7
4645,Article,ByMattStevens,tripgabriel,17
4649,Article,ByMattStevens,ianrausten,97
4622,Article,ByMattStevens,MaggieAstor,5
4610,Article,ByMattStevens,StacyCowley,93
4686,Article,ByMattStevens,alexanderburns,16
4611,Article,ByMattStevens,DavidWaldstein,54
4602,Article,ByMattStevens,rpogrebin,102
4667,Article,ByMattStevens,MichaelPaulson,6
4680,Article,ByMattStevens,liamstack,49
4626,Article,ByMattStevens,EVincentelli,53
4670,Article,ByMattStevens,NikiKitsantonis,82
4666,Article,ByMattStevens,SarahMaslinNir,38
4669,Article,ByMattStevens,npfandos,8
4797,Tweet,ByMattStevens,VivianHo,198
4715,Tweet,ByMattStevens,lucywardsings,12
4703,Tweet,ByMattStevens,MichaelPaulson,4
4785,Tweet,ByMattStevens,RosySequeiraTOI,106
4794,Tweet,ByMattStevens,rachshabi,242
4796,Tweet,ByMattStevens,desaisantosh,73
4738,Tweet,ByMattStevens,murarishetyeTOI,32
4784,Tweet,ByMattStevens,gettleman,15
4766,Tweet,ByMattStevens,polblonde,15
4755,Tweet,ByMattStevens,ElisabethMalkin,101
4733,Tweet,ByMattStevens,michelleinbklyn,5
4707,Tweet,ByMattStevens,genznyt,21
4745,Tweet,ByMattStevens,anniekarni,12
4781,Tweet,ByMattStevens,ajaysuraTOI,99
4714,Tweet,ByMattStevens,SherylNYT,30
136471,Article,timjonze,jonpareles,109
136279,Article,timjonze,nicklezard,9
136286,Article,timjonze,davidhepworth,44
136267,Article,timjonze,thrasherxy,53
136269,Article,timjonze,arusbridger,20
136261,Article,timjonze,MarinaHyde,17
136370,Article,timjonze,davidhepworth,18
136374,Article,timjonze,maevesther,34
136293,Article,timjonze,peterbradshaw1,4
136447,Article,timjonze,TimdeLisle,58
136240,Article,timjonze,winematcher,120
136375,Article,timjonze,bglendenning,112
136349,Article,timjonze,maevesther,31
136460,Article,timjonze,bglendenning,113
136399,Article,timjonze,alanconnor,31
136813,Tweet,timjonze,JessicaValenti,13
136605,Tweet,timjonze,OwenJones84,3
136738,Tweet,timjonze,tomfriedman,182
136686,Tweet,timjonze,kbennhold,74
136484,Tweet,timjonze,DerekMalcolm123,466
137047,Tweet,timjonze,charltonbrooker,131
137043,Tweet,timjonze,shattenstone,129
136597,Tweet,timjonze,lyngardner,8
136727,Tweet,timjonze,oliverburkeman,6
136840,Tweet,timjonze,jonronson,45
136654,Tweet,timjonze,NesrineMalik,90
136943,Tweet,timjonze,emilybell,5
136954,Tweet,timjonze,sarahditum,9
136930,Tweet,timjonze,salihughes,164
136808,Tweet,timjonze,rachshabi,133
34804,Article,cdcaron,sangerkatz,18
34875,Article,cdcaron,nytDeniseGrady,21
34866,Article,cdcaron,apoorva_nyc,69
34829,Article,cdcaron,PerriKlass,4
34860,Article,cdcaron,apoorva_nyc,25
34849,Article,cdcaron,dwightgarner,42
34882,Article,cdcaron,apoorva_nyc,35
34887,Article,cdcaron,cdcaron,1
34832,Article,cdcaron,lindasgrant,170
34895,Article,cdcaron,mikeives,53
34830,Article,cdcaron,mikeives,42
34883,Article,cdcaron,apoorva_nyc,6
34893,Article,cdcaron,EmmaBubola,12
34872,Article,cdcaron,cdcaron,1
34871,Article,cdcaron,ASoloski,29
34978,Tweet,cdcaron,apoorva_nyc,116
34906,Tweet,cdcaron,andrewrawnsley,165
34990,Tweet,cdcaron,cdcaron,1
34901,Tweet,cdcaron,KTVinobhaTOI,54
34912,Tweet,cdcaron,sangerkatz,18
34943,Tweet,cdcaron,EricaLG,292
34953,Tweet,cdcaron,RoniNYTimes,17
34981,Tweet,cdcaron,margaretrenkl,134
34979,Tweet,cdcaron,polblonde,49
34957,Tweet,cdcaron,winematcher,210
34904,Tweet,cdcaron,apoorva_nyc,10
34991,Tweet,cdcaron,margaretrenkl,42
34973,Tweet,cdcaron,tomfriedman,145
34970,Tweet,cdcaron,RosySequeiraTOI,84
34915,Tweet,cdcaron,dwightgarner,39
33,Article,adamliptak,nytdavidbrooks,9
66,Article,adamliptak,adamliptak,1
61,Article,adamliptak,adamliptak,1
9,Article,adamliptak,michelleinbklyn,19
88,Article,adamliptak,adamliptak,1
46,Article,adamliptak,reidepstein,2
43,Article,adamliptak,adamliptak,1
51,Article,adamliptak,adamliptak,1
31,Article,adamliptak,adamliptak,1
78,Article,adamliptak,adamliptak,1
14,Article,adamliptak,adamliptak,1
1,Article,adamliptak,adamliptak,1
71,Article,adamliptak,adamliptak,1
12,Article,adamliptak,adamliptak,1
96,Article,adamliptak,adamliptak,1
169,Tweet,adamliptak,llerer,74
163,Tweet,adamliptak,adamliptak,1
141,Tweet,adamliptak,adamliptak,1
182,Tweet,adamliptak,RosySequeiraTOI,3
132,Tweet,adamliptak,adamliptak,1
176,Tweet,adamliptak,adamliptak,1
113,Tweet,adamliptak,hillhulse,2
160,Tweet,adamliptak,adamliptak,1
138,Tweet,adamliptak,RosySequeiraTOI,46
186,Tweet,adamliptak,toi_dhananjayM,3
140,Tweet,adamliptak,adamliptak,1
109,Tweet,adamliptak,adamliptak,1
179,Tweet,adamliptak,nytmike,19
105,Tweet,adamliptak,RosySequeiraTOI,29
133,Tweet,adamliptak,adamliptak,1
189630,Article,KTVinobhaTOI,vijayVsinghTOI,17
189815,Article,KTVinobhaTOI,rajendrasTOI,11
189656,Article,KTVinobhaTOI,rajendrasTOI,27
189771,Article,KTVinobhaTOI,richapintoi,6
189850,Article,KTVinobhaTOI,dkarthikTOI,6
189704,Article,KTVinobhaTOI,KTVinobhaTOI,1
189787,Article,KTVinobhaTOI,vaibhavgTOI,8
189760,Article,KTVinobhaTOI,vaibhavgTOI,3
189731,Article,KTVinobhaTOI,KTVinobhaTOI,1
189795,Article,KTVinobhaTOI,KTVinobhaTOI,1
189624,Article,KTVinobhaTOI,vaibhavgTOI,5
189647,Article,KTVinobhaTOI,vaibhavgTOI,8
189732,Article,KTVinobhaTOI,KTVinobhaTOI,1
189712,Article,KTVinobhaTOI,KTVinobhaTOI,1
189763,Article,KTVinobhaTOI,vaibhavgTOI,3
189926,Tweet,KTVinobhaTOI,KTVinobhaTOI,1
189878,Tweet,KTVinobhaTOI,KTVinobhaTOI,1
189914,Tweet,KTVinobhaTOI,KTVinobhaTOI,1
189886,Tweet,KTVinobhaTOI,KTVinobhaTOI,1
189941,Tweet,KTVinobhaTOI,KTVinobhaTOI,1
189906,Tweet,KTVinobhaTOI,RosySequeiraTOI,2
189928,Tweet,KTVinobhaTOI,AjayUgrasTOI,138
189894,Tweet,KTVinobhaTOI,KTVinobhaTOI,1
189963,Tweet,KTVinobhaTOI,KTVinobhaTOI,1
189899,Tweet,KTVinobhaTOI,KTVinobhaTOI,1
189902,Tweet,KTVinobhaTOI,KTVinobhaTOI,1
189957,Tweet,KTVinobhaTOI,KTVinobhaTOI,1
189938,Tweet,KTVinobhaTOI,RosySequeiraTOI,3
189967,Tweet,KTVinobhaTOI,KTVinobhaTOI,1
189948,Tweet,KTVinobhaTOI,KTVinobhaTOI,1
201796,Article,PNaveenTOI,PNaveenTOI,1
201664,Article,PNaveenTOI,PNaveenTOI,1
201733,Article,PNaveenTOI,PNaveenTOI,1
201600,Article,PNaveenTOI,PNaveenTOI,1
201688,Article,PNaveenTOI,PNaveenTOI,1
201682,Article,PNaveenTOI,ramendrasTOI,23
201739,Article,PNaveenTOI,PNaveenTOI,1
201810,Article,PNaveenTOI,PNaveenTOI,1
201767,Article,PNaveenTOI,PNaveenTOI,1
201591,Article,PNaveenTOI,PNaveenTOI,1
201596,Article,PNaveenTOI,PNaveenTOI,1
201585,Article,PNaveenTOI,petleepeter,4
201641,Article,PNaveenTOI,rhymetraveller,12
201825,Article,PNaveenTOI,arusbridger,47
201781,Article,PNaveenTOI,nicholaswatt,188
201864,Tweet,PNaveenTOI,PNaveenTOI,1
201901,Tweet,PNaveenTOI,RosySequeiraTOI,120
201858,Tweet,PNaveenTOI,MohitaTOI,4
201897,Tweet,PNaveenTOI,PNaveenTOI,1
201881,Tweet,PNaveenTOI,AditiZero,2
201829,Tweet,PNaveenTOI,PNaveenTOI,1
201873,Tweet,PNaveenTOI,AditiZero,3
201845,Tweet,PNaveenTOI,PNaveenTOI,1
201846,Tweet,PNaveenTOI,murarishetyeTOI,3
201837,Tweet,PNaveenTOI,PNaveenTOI,1
201926,Tweet,PNaveenTOI,PNaveenTOI,1
201861,Tweet,PNaveenTOI,AditiZero,8
201871,Tweet,PNaveenTOI,murarishetyeTOI,113
201842,Tweet,PNaveenTOI,ajaysuraTOI,102
201915,Tweet,PNaveenTOI,RosySequeiraTOI,71
102808,Article,ollywainwright,OfficeGSBrown,21
102783,Article,ollywainwright,SearleAdrian,8
102738,Article,ollywainwright,SearleAdrian,8
102882,Article,ollywainwright,bglendenning,103
102739,Article,ollywainwright,TimdeLisle,19
102785,Article,ollywainwright,leninology,31
102890,Article,ollywainwright,TimdeLisle,25
102934,Article,ollywainwright,bglendenning,91
102897,Article,ollywainwright,dansabbagh,49
102966,Article,ollywainwright,ollywainwright,1
102888,Article,ollywainwright,JohnJCrace,94
102762,Article,ollywainwright,polblonde,8
102869,Article,ollywainwright,desaisantosh,3
102782,Article,ollywainwright,JohnJCrace,31
102830,Article,ollywainwright,davidhepworth,48
103189,Tweet,ollywainwright,Crime_Selvaraj,100
102974,Tweet,ollywainwright,DeccaJourno,26
102979,Tweet,ollywainwright,jonathanwatts,15
103309,Tweet,ollywainwright,RosySequeiraTOI,4
103061,Tweet,ollywainwright,ollywainwright,1
103142,Tweet,ollywainwright,Mahafreed_Irani,46
103430,Tweet,ollywainwright,ottolenghi,55
103567,Tweet,ollywainwright,juliemTOI,10
103414,Tweet,ollywainwright,Crime_Selvaraj,125
103442,Tweet,ollywainwright,rachshabi,189
103363,Tweet,ollywainwright,murarishetyeTOI,56
103341,Tweet,ollywainwright,asrpmukeshTOI,12
103464,Tweet,ollywainwright,andybrassell,19
103130,Tweet,ollywainwright,jonronson,217
103203,Tweet,ollywainwright,GiniaNYT,187
216954,Article,toi_dhananjayM,amitanandTOI,6
216845,Article,toi_dhananjayM,amitanandTOI,4
216780,Article,toi_dhananjayM,toi_dhananjayM,1
216916,Article,toi_dhananjayM,toi_dhananjayM,1
216927,Article,toi_dhananjayM,amitanandTOI,2
216805,Article,toi_dhananjayM,toi_dhananjayM,1
216715,Article,toi_dhananjayM,toi_dhananjayM,1
216881,Article,toi_dhananjayM,toi_dhananjayM,1
216961,Article,toi_dhananjayM,amitanandTOI,2
216823,Article,toi_dhananjayM,RosySequeiraTOI,2
216788,Article,toi_dhananjayM,toi_dhananjayM,1
216754,Article,toi_dhananjayM,toi_dhananjayM,1
216854,Article,toi_dhananjayM,toi_dhananjayM,1
216803,Article,toi_dhananjayM,RosySequeiraTOI,4
216792,Article,toi_dhananjayM,amitanandTOI,5
217014,Tweet,toi_dhananjayM,toi_dhananjayM,1
217050,Tweet,toi_dhananjayM,toi_dhananjayM,1
217020,Tweet,toi_dhananjayM,toi_dhananjayM,1
217021,Tweet,toi_dhananjayM,toi_dhananjayM,1
217016,Tweet,toi_dhananjayM,amitanandTOI,2
217026,Tweet,toi_dhananjayM,amitanandTOI,2
217044,Tweet,toi_dhananjayM,toi_dhananjayM,1
216973,Tweet,toi_dhananjayM,toi_dhananjayM,1
217030,Tweet,toi_dhananjayM,toi_dhananjayM,1
217032,Tweet,toi_dhananjayM,toi_dhananjayM,1
217004,Tweet,toi_dhananjayM,amitanandTOI,2
216972,Tweet,toi_dhananjayM,toi_dhananjayM,1
217035,Tweet,toi_dhananjayM,toi_dhananjayM,1
217010,Tweet,toi_dhananjayM,toi_dhananjayM,1
216982,Tweet,toi_dhananjayM,priyangiTOI,2
191062,Article,Mahafreed_Irani,DerekMalcolm123,3
191085,Article,Mahafreed_Irani,DekaJayanta,2
191005,Article,Mahafreed_Irani,divyapal2013,2
191111,Article,Mahafreed_Irani,DekaJayanta,2
191107,Article,Mahafreed_Irani,DekaJayanta,2
191049,Article,Mahafreed_Irani,desaisantosh,64
191028,Article,Mahafreed_Irani,MohitaTOI,4
191099,Article,Mahafreed_Irani,ShrinivasaMTOI,12
191029,Article,Mahafreed_Irani,SearleAdrian,177
191072,Article,Mahafreed_Irani,divyapal2013,14
191094,Article,Mahafreed_Irani,Mahafreed_Irani,1
191025,Article,Mahafreed_Irani,sunny_hundal,3
191081,Article,Mahafreed_Irani,ronojoy_sen,3
191052,Article,Mahafreed_Irani,Mahafreed_Irani,1
191008,Article,Mahafreed_Irani,Mahafreed_Irani,1
191188,Tweet,Mahafreed_Irani,polblonde,81
191190,Tweet,Mahafreed_Irani,BhanupratapsTOI,65
191201,Tweet,Mahafreed_Irani,SindhukTOI,14
191180,Tweet,Mahafreed_Irani,RosySequeiraTOI,218
191192,Tweet,Mahafreed_Irani,digbijaymishra1,52
191183,Tweet,Mahafreed_Irani,RosySequeiraTOI,95
191153,Tweet,Mahafreed_Irani,RosySequeiraTOI,38
191213,Tweet,Mahafreed_Irani,jennydeluxe,77
191200,Tweet,Mahafreed_Irani,billicritic,200
191136,Tweet,Mahafreed_Irani,pete_wells,174
191175,Tweet,Mahafreed_Irani,PNaveenTOI,154
191174,Tweet,Mahafreed_Irani,yeshikabudhwar,43
191121,Tweet,Mahafreed_Irani,AditiZero,10
191197,Tweet,Mahafreed_Irani,ArthurNeslen,120
191178,Tweet,Mahafreed_Irani,MohitaTOI,138
221846,Article,yazhiniyanTOI,KomalGautham,5
221973,Article,yazhiniyanTOI,yazhiniyanTOI,1
221899,Article,yazhiniyanTOI,yazhiniyanTOI,1
221873,Article,yazhiniyanTOI,yazhiniyanTOI,1
221995,Article,yazhiniyanTOI,vaibhavgTOI,2
221988,Article,yazhiniyanTOI,yazhiniyanTOI,1
222007,Article,yazhiniyanTOI,juliemTOI,2
221914,Article,yazhiniyanTOI,yazhiniyanTOI,1
221939,Article,yazhiniyanTOI,juliemTOI,5
221876,Article,yazhiniyanTOI,HemantaTOI,5
221921,Article,yazhiniyanTOI,yazhiniyanTOI,1
221913,Article,yazhiniyanTOI,juliemTOI,3
222004,Article,yazhiniyanTOI,vaibhavgTOI,20
221911,Article,yazhiniyanTOI,juliemTOI,2
221900,Article,yazhiniyanTOI,juliemTOI,2
222066,Tweet,yazhiniyanTOI,yeshikabudhwar,2
222045,Tweet,yazhiniyanTOI,utejonmayamTOI,9
222118,Tweet,yazhiniyanTOI,Gauraw2297,12
222100,Tweet,yazhiniyanTOI,jayamenon64,4
222081,Tweet,yazhiniyanTOI,MohitaTOI,2
222071,Tweet,yazhiniyanTOI,yazhiniyanTOI,1
222041,Tweet,yazhiniyanTOI,MohitaTOI,13
222070,Tweet,yazhiniyanTOI,MohitaTOI,5
222123,Tweet,yazhiniyanTOI,bishnoiarvind11,7
222119,Tweet,yazhiniyanTOI,naomi2009,20
222040,Tweet,yazhiniyanTOI,murarishetyeTOI,11
222122,Tweet,yazhiniyanTOI,bishnoiarvind11,8
222030,Tweet,yazhiniyanTOI,manvirsainiTOI,4
222036,Tweet,yazhiniyanTOI,lucysiegle,93
222069,Tweet,yazhiniyanTOI,ManjuVTOI,233
209788,Article,shiba_kurian,shiba_kurian,1
209914,Article,shiba_kurian,shiba_kurian,1
209845,Article,shiba_kurian,shiba_kurian,1
209778,Article,shiba_kurian,shiba_kurian,1
209764,Article,shiba_kurian,shiba_kurian,1
209912,Article,shiba_kurian,shiba_kurian,1
209708,Article,shiba_kurian,shiba_kurian,1
209782,Article,shiba_kurian,shiba_kurian,1
209900,Article,shiba_kurian,shiba_kurian,1
209933,Article,shiba_kurian,shiba_kurian,1
209756,Article,shiba_kurian,DerekMalcolm123,2
209795,Article,shiba_kurian,shiba_kurian,1
209794,Article,shiba_kurian,shiba_kurian,1
209826,Article,shiba_kurian,shiba_kurian,1
209926,Article,shiba_kurian,shiba_kurian,1
210028,Tweet,shiba_kurian,BhanupratapsTOI,28
210007,Tweet,shiba_kurian,murarishetyeTOI,81
209959,Tweet,shiba_kurian,MohitaTOI,56
209980,Tweet,shiba_kurian,asrpmukeshTOI,56
209957,Tweet,shiba_kurian,SindhukTOI,105
210021,Tweet,shiba_kurian,jotted,92
209955,Tweet,shiba_kurian,AditiZero,46
210013,Tweet,shiba_kurian,ArunDev1,400
209974,Tweet,shiba_kurian,AditiZero,15
209995,Tweet,shiba_kurian,HinaRohtaki,56
209987,Tweet,shiba_kurian,SwatiMathurTOI,29
209967,Tweet,shiba_kurian,dklavaniaTOI,24
209946,Tweet,shiba_kurian,ajaysuraTOI,109
209950,Tweet,shiba_kurian,juliemTOI,25
210019,Tweet,shiba_kurian,llerer,32
56447,Article,gilestremlett,gilestremlett,1
56325,Article,gilestremlett,kenanmalik,31
56541,Article,gilestremlett,FranklinBlog,2
56338,Article,gilestremlett,arusbridger,207
56428,Article,gilestremlett,TimdeLisle,24
56307,Article,gilestremlett,OwenJones84,22
56367,Article,gilestremlett,polblonde,9
56424,Article,gilestremlett,gilestremlett,1
56514,Article,gilestremlett,gilestremlett,1
56412,Article,gilestremlett,gilestremlett,1
56449,Article,gilestremlett,gilestremlett,1
56455,Article,gilestremlett,charltonbrooker,6
56438,Article,gilestremlett,axrenton,130
56313,Article,gilestremlett,ukigoni,74
56421,Article,gilestremlett,gilestremlett,1
56864,Tweet,gilestremlett,RaphaelMinder,6
56775,Tweet,gilestremlett,viasimonromero,39
56992,Tweet,gilestremlett,tomfriedman,65
56879,Tweet,gilestremlett,NYTimesCohen,407
57098,Tweet,gilestremlett,gilestremlett,1
56955,Tweet,gilestremlett,yeshikabudhwar,134
57108,Tweet,gilestremlett,msrachelcooke,84
56716,Tweet,gilestremlett,RaphaelMinder,3
56771,Tweet,gilestremlett,tomfriedman,30
56817,Tweet,gilestremlett,gettleman,35
56650,Tweet,gilestremlett,tomfriedman,12
57076,Tweet,gilestremlett,vwang3,22
57130,Tweet,gilestremlett,viasimonromero,4
56690,Tweet,gilestremlett,KTVinobhaTOI,15
57047,Tweet,gilestremlett,jonpareles,71
47067,Article,MarinaOLoughlin,MarinaOLoughlin,1
47131,Article,MarinaOLoughlin,MarinaOLoughlin,1
47002,Article,MarinaOLoughlin,MarinaOLoughlin,1
47167,Article,MarinaOLoughlin,williamnhutton,95
47199,Article,MarinaOLoughlin,JohnJCrace,115
47204,Article,MarinaOLoughlin,RebeccaSeal,13
47209,Article,MarinaOLoughlin,MarinaOLoughlin,1
47148,Article,MarinaOLoughlin,MarinaOLoughlin,1
47008,Article,MarinaOLoughlin,MarinaOLoughlin,1
47166,Article,MarinaOLoughlin,chiggi,139
47137,Article,MarinaOLoughlin,MarinaOLoughlin,1
47108,Article,MarinaOLoughlin,bglendenning,129
47098,Article,MarinaOLoughlin,MarinaOLoughlin,1
46999,Article,MarinaOLoughlin,MarinaOLoughlin,1
47123,Article,MarinaOLoughlin,MarinaOLoughlin,1
47826,Tweet,MarinaOLoughlin,jennydeluxe,4
47593,Tweet,MarinaOLoughlin,AlysFowler,82
47386,Tweet,MarinaOLoughlin,msrachelcooke,6
47573,Tweet,MarinaOLoughlin,aleksk,59
47731,Tweet,MarinaOLoughlin,DerekMalcolm123,118
47543,Tweet,MarinaOLoughlin,JohnJCrace,10
47345,Tweet,MarinaOLoughlin,nicklezard,11
47784,Tweet,MarinaOLoughlin,desaisantosh,88
47839,Tweet,MarinaOLoughlin,peterbradshaw1,484
47827,Tweet,MarinaOLoughlin,sermoninstone,3
47618,Tweet,MarinaOLoughlin,OwenJones84,11
47659,Tweet,MarinaOLoughlin,jonpareles,489
47805,Tweet,MarinaOLoughlin,tomdyckhoff,472
47342,Tweet,MarinaOLoughlin,ditzkoff,61
47401,Tweet,MarinaOLoughlin,RosySequeiraTOI,485
3476,Article,billmpennington,durgeshjhaTOI,127
3432,Article,billmpennington,billmpennington,1
3430,Article,billmpennington,billmpennington,1
3459,Article,billmpennington,billmpennington,1
3473,Article,billmpennington,billmpennington,1
3485,Article,billmpennington,jonronson,13
3471,Article,billmpennington,wesley_morris,19
3421,Article,billmpennington,bykaren,2
3468,Article,billmpennington,billmpennington,1
3470,Article,billmpennington,billmpennington,1
3410,Article,billmpennington,billmpennington,1
3450,Article,billmpennington,billmpennington,1
3415,Article,billmpennington,billmpennington,1
3408,Article,billmpennington,billmpennington,1
3480,Article,billmpennington,bykaren,2
3523,Tweet,billmpennington,billmpennington,1
3577,Tweet,billmpennington,shattenstone,58
3582,Tweet,billmpennington,billmpennington,1
3519,Tweet,billmpennington,jonpareles,12
3596,Tweet,billmpennington,billmpennington,1
3543,Tweet,billmpennington,billmpennington,1
3517,Tweet,billmpennington,billmpennington,1
3516,Tweet,billmpennington,MattFutterman,30
3525,Tweet,billmpennington,andrewrawnsley,52
3557,Tweet,billmpennington,billmpennington,1
3535,Tweet,billmpennington,billmpennington,1
3570,Tweet,billmpennington,billmpennington,1
3569,Tweet,billmpennington,DerekMalcolm123,7
3554,Tweet,billmpennington,RosySequeiraTOI,13
3506,Tweet,billmpennington,AlysFowler,76
34487,Article,dionnesearcey,Lattif,9
34456,Article,dionnesearcey,jimtankersley,155
34499,Article,dionnesearcey,ByMattStevens,117
34415,Article,dionnesearcey,suilee,195
34441,Article,dionnesearcey,vvfriedman,15
34431,Article,dionnesearcey,vwang3,78
34429,Article,dionnesearcey,BellaKwai,73
34413,Article,dionnesearcey,mikeives,3
34412,Article,dionnesearcey,dwightgarner,7
34451,Article,dionnesearcey,gettleman,12
34475,Article,dionnesearcey,ericschmittnyt,63
34417,Article,dionnesearcey,Lattif,5
34433,Article,dionnesearcey,BenWeiserNYT,232
34424,Article,dionnesearcey,aurelienbrd,8
34462,Article,dionnesearcey,andrewrsorkin,54
34566,Tweet,dionnesearcey,dionnesearcey,1
34551,Tweet,dionnesearcey,vijaysinghTOI,5
34524,Tweet,dionnesearcey,andrewrawnsley,137
34578,Tweet,dionnesearcey,jotted,140
34580,Tweet,dionnesearcey,ArthurNeslen,8
34509,Tweet,dionnesearcey,murarishetyeTOI,8
34537,Tweet,dionnesearcey,AlokKNMishra,76
34552,Tweet,dionnesearcey,RosySequeiraTOI,90
34510,Tweet,dionnesearcey,dionnesearcey,1
34539,Tweet,dionnesearcey,ArthurNeslen,4
34599,Tweet,dionnesearcey,dionnesearcey,1
34511,Tweet,dionnesearcey,samrob12,101
34532,Tweet,dionnesearcey,dionnesearcey,1
34592,Tweet,dionnesearcey,RosySequeiraTOI,94
34525,Tweet,dionnesearcey,vijaysinghTOI,31
37871,Article,PippaCrerar,AndrewSparrow,91
37998,Article,PippaCrerar,bglendenning,69
37607,Article,PippaCrerar,JohnJCrace,5
38223,Article,PippaCrerar,ArthurNeslen,25
38227,Article,PippaCrerar,davidhepworth,26
37755,Article,PippaCrerar,AndrewSparrow,39
37635,Article,PippaCrerar,bglendenning,93
37738,Article,PippaCrerar,garyyounge,41
37954,Article,PippaCrerar,AndrewSparrow,14
37870,Article,PippaCrerar,archiebland,134
38079,Article,PippaCrerar,Freedland,36
38016,Article,PippaCrerar,JohnJCrace,24
37778,Article,PippaCrerar,bglendenning,88
38072,Article,PippaCrerar,nicholaswatt,5
37571,Article,PippaCrerar,TimdeLisle,76
38245,Tweet,PippaCrerar,ewenmacaskill,14
38644,Tweet,PippaCrerar,aurelienbrd,6
38638,Tweet,PippaCrerar,ewenmacaskill,5
38395,Tweet,PippaCrerar,ewenmacaskill,20
38300,Tweet,PippaCrerar,nicholaswatt,176
38484,Tweet,PippaCrerar,gailcollins,257
38260,Tweet,PippaCrerar,RosySequeiraTOI,336
38816,Tweet,PippaCrerar,nmcintosh,83
38571,Tweet,PippaCrerar,ewenmacaskill,40
38258,Tweet,PippaCrerar,JoshuaRozenberg,31
38303,Tweet,PippaCrerar,afuahirsch,17
38632,Tweet,PippaCrerar,rachshabi,153
38612,Tweet,PippaCrerar,AnushkaAsthana,82
38377,Tweet,PippaCrerar,llerer,294
38506,Tweet,PippaCrerar,murarishetyeTOI,223
31600,Article,_nicolaclark,_nicolaclark,1
31608,Article,_nicolaclark,marywalshjourno,3
31652,Article,_nicolaclark,_nicolaclark,1
31673,Article,_nicolaclark,LizAldermanNYT,23
31662,Article,_nicolaclark,NikiKitsantonis,5
31621,Article,_nicolaclark,_nicolaclark,1
31630,Article,_nicolaclark,aurelienbrd,2
31685,Article,_nicolaclark,jameskanter,2
31680,Article,_nicolaclark,_nicolaclark,1
31675,Article,_nicolaclark,LizAldermanNYT,6
31692,Article,_nicolaclark,_nicolaclark,1
31667,Article,_nicolaclark,RachelDonadio,3
31648,Article,_nicolaclark,_nicolaclark,1
31604,Article,_nicolaclark,_nicolaclark,1
31631,Article,_nicolaclark,_nicolaclark,1
31733,Tweet,_nicolaclark,yeshikabudhwar,19
31747,Tweet,_nicolaclark,leninology,4
31706,Tweet,_nicolaclark,vvfriedman,43
31701,Tweet,_nicolaclark,_nicolaclark,1
31724,Tweet,_nicolaclark,jimwaterson,330
31714,Tweet,_nicolaclark,aleksk,206
31780,Tweet,_nicolaclark,davidleighx,19
31761,Tweet,_nicolaclark,winematcher,116
31702,Tweet,_nicolaclark,AditiZero,76
31792,Tweet,_nicolaclark,_nicolaclark,1
31784,Tweet,_nicolaclark,ollywainwright,60
31737,Tweet,_nicolaclark,jayamenon64,46
31738,Tweet,_nicolaclark,andrewrawnsley,14
31754,Tweet,_nicolaclark,saumyajitbTOI,192
31794,Tweet,_nicolaclark,samsifton,30
178012,Article,bindiyachariTOI,bindiyachariTOI,1
178094,Article,bindiyachariTOI,bindiyachariTOI,1
178016,Article,bindiyachariTOI,murarishetyeTOI,40
177937,Article,bindiyachariTOI,NishikantkTOI,8
178111,Article,bindiyachariTOI,SwatiMathurTOI,8
177992,Article,bindiyachariTOI,UttaraVarmaTOI,44
178025,Article,bindiyachariTOI,bindiyachariTOI,1
178090,Article,bindiyachariTOI,bindiyachariTOI,1
178003,Article,bindiyachariTOI,UttaraVarmaTOI,24
178152,Article,bindiyachariTOI,bindiyachariTOI,1
177958,Article,bindiyachariTOI,bindiyachariTOI,1
178159,Article,bindiyachariTOI,bindiyachariTOI,1
178042,Article,bindiyachariTOI,NewtonSTOI,26
178085,Article,bindiyachariTOI,bindiyachariTOI,1
177987,Article,bindiyachariTOI,murarishetyeTOI,9
178202,Tweet,bindiyachariTOI,bindiyachariTOI,1
178199,Tweet,bindiyachariTOI,bindiyachariTOI,1
178216,Tweet,bindiyachariTOI,bindiyachariTOI,1
178203,Tweet,bindiyachariTOI,murarishetye,2
178239,Tweet,bindiyachariTOI,murarishetye,2
178231,Tweet,bindiyachariTOI,bindiyachariTOI,1
178252,Tweet,bindiyachariTOI,andrewrawnsley,10
178187,Tweet,bindiyachariTOI,richapintoi,16
178214,Tweet,bindiyachariTOI,murarishetye,2
178220,Tweet,bindiyachariTOI,bindiyachariTOI,1
178189,Tweet,bindiyachariTOI,murarishetyeTOI,59
178268,Tweet,bindiyachariTOI,naomi2009,36
178228,Tweet,bindiyachariTOI,bindiyachariTOI,1
178194,Tweet,bindiyachariTOI,bindiyachariTOI,1
178272,Tweet,bindiyachariTOI,desaisantosh,69
21002,Article,ericschmittnyt,ericschmittnyt,1
21051,Article,ericschmittnyt,ericschmittnyt,1
21069,Article,ericschmittnyt,julianbarnes,6
21080,Article,ericschmittnyt,declanwalsh,22
21025,Article,ericschmittnyt,declanwalsh,4
21018,Article,ericschmittnyt,ericschmittnyt,1
21093,Article,ericschmittnyt,SangerNYT,4
21028,Article,ericschmittnyt,jestei,2
21003,Article,ericschmittnyt,ericschmittnyt,1
21077,Article,ericschmittnyt,ericschmittnyt,1
21057,Article,ericschmittnyt,ericschmittnyt,1
21076,Article,ericschmittnyt,genznyt,7
21000,Article,ericschmittnyt,julianbarnes,2
21056,Article,ericschmittnyt,julianbarnes,3
21049,Article,ericschmittnyt,julianbarnes,2
21149,Tweet,ericschmittnyt,michaelcrowley,5
21102,Tweet,ericschmittnyt,npwcnn,4
21179,Tweet,ericschmittnyt,viasimonromero,32
21183,Tweet,ericschmittnyt,ericschmittnyt,1
21125,Tweet,ericschmittnyt,ericschmittnyt,1
21154,Tweet,ericschmittnyt,ericschmittnyt,1
21138,Tweet,ericschmittnyt,ericschmittnyt,1
21124,Tweet,ericschmittnyt,murarishetyeTOI,3
21135,Tweet,ericschmittnyt,ericschmittnyt,1
21107,Tweet,ericschmittnyt,ericschmittnyt,1
21150,Tweet,ericschmittnyt,michaelcrowley,4
21114,Tweet,ericschmittnyt,ericschmittnyt,1
21170,Tweet,ericschmittnyt,ericschmittnyt,1
21120,Tweet,ericschmittnyt,ericschmittnyt,1
21128,Tweet,ericschmittnyt,ericschmittnyt,1
215216,Article,SwatiMathurTOI,NewtonSTOI,4
215154,Article,SwatiMathurTOI,KapildaveTOI,17
215124,Article,SwatiMathurTOI,NewtonSTOI,9
215191,Article,SwatiMathurTOI,SwatiMathurTOI,1
215195,Article,SwatiMathurTOI,amitanandTOI,22
215168,Article,SwatiMathurTOI,akhileshsTOI,4
215077,Article,SwatiMathurTOI,naomi2009,20
215214,Article,SwatiMathurTOI,palaknandiTOI,14
215065,Article,SwatiMathurTOI,binays1960,49
214993,Article,SwatiMathurTOI,ramarkosg,95
215015,Article,SwatiMathurTOI,SwatiMathurTOI,1
215092,Article,SwatiMathurTOI,AshokPradhanTOI,2
215033,Article,SwatiMathurTOI,BhanupratapsTOI,6
215075,Article,SwatiMathurTOI,akhileshsTOI,2
215222,Article,SwatiMathurTOI,akhileshsTOI,2
215242,Tweet,SwatiMathurTOI,murarishetyeTOI,6
215266,Tweet,SwatiMathurTOI,GRajivTOI,3
215267,Tweet,SwatiMathurTOI,RosySequeiraTOI,44
215293,Tweet,SwatiMathurTOI,samsifton,424
215262,Tweet,SwatiMathurTOI,dipakdashTOI,2
215260,Tweet,SwatiMathurTOI,somitsenTOI,19
215312,Tweet,SwatiMathurTOI,SwatiMathurTOI,1
215229,Tweet,SwatiMathurTOI,TOISH31,82
215254,Tweet,SwatiMathurTOI,KapildaveTOI,2
215298,Tweet,SwatiMathurTOI,BhanupratapsTOI,2
215303,Tweet,SwatiMathurTOI,MohitaTOI,14
215253,Tweet,SwatiMathurTOI,MohitaTOI,2
215283,Tweet,SwatiMathurTOI,murarishetyeTOI,8
215273,Tweet,SwatiMathurTOI,tushhaikhush,397
215323,Tweet,SwatiMathurTOI,MohitaTOI,2
19214,Article,sisario,bencasselman,2
19273,Article,sisario,MichaelPaulson,2
19237,Article,sisario,sisario,1
19249,Article,sisario,joncaramanica,3
19218,Article,sisario,sisario,1
19263,Article,sisario,sisario,1
19206,Article,sisario,sisario,1
19268,Article,sisario,joncaramanica,2
19275,Article,sisario,jonpareles,3
19257,Article,sisario,sisario,1
19225,Article,sisario,RichSandomir,5
19288,Article,sisario,alexmarshall81,4
19212,Article,sisario,joncaramanica,7
19207,Article,sisario,sisario,1
19246,Article,sisario,sisario,1
19351,Tweet,sisario,jennydeluxe,46
19367,Tweet,sisario,joecoscarelli,2
19397,Tweet,sisario,jonpareles,6
19395,Tweet,sisario,sisario,1
19339,Tweet,sisario,RosySequeiraTOI,119
19329,Tweet,sisario,wesley_morris,4
19341,Tweet,sisario,RosySequeiraTOI,206
19382,Tweet,sisario,EVincentelli,2
19366,Tweet,sisario,andrewrawnsley,132
19323,Tweet,sisario,wesley_morris,6
19372,Tweet,sisario,RosySequeiraTOI,157
19386,Tweet,sisario,ajaysuraTOI,44
19383,Tweet,sisario,sisario,1
19334,Tweet,sisario,andrewrsorkin,3
19322,Tweet,sisario,ASoloski,41
17230,Article,reidepstein,sangerkatz,11
17261,Article,reidepstein,anniekarni,33
17278,Article,reidepstein,ShaneGoldmacher,2
17296,Article,reidepstein,ShaneGoldmacher,3
17247,Article,reidepstein,charlie_savage,7
17288,Article,reidepstein,llerer,15
17284,Article,reidepstein,llerer,4
17218,Article,reidepstein,reidepstein,1
17281,Article,reidepstein,jwpetersNYT,39
17208,Article,reidepstein,llerer,6
17265,Article,reidepstein,ShaneGoldmacher,11
17257,Article,reidepstein,npfandos,2
17239,Article,reidepstein,reidepstein,1
17214,Article,reidepstein,reidepstein,1
17222,Article,reidepstein,jwpetersNYT,22
17393,Tweet,reidepstein,reidepstein,1
17314,Tweet,reidepstein,reidepstein,1
17388,Tweet,reidepstein,reidepstein,1
17364,Tweet,reidepstein,reidepstein,1
17332,Tweet,reidepstein,RosySequeiraTOI,35
17330,Tweet,reidepstein,Azi,25
17323,Tweet,reidepstein,jmart,12
17315,Tweet,reidepstein,gettleman,12
17374,Tweet,reidepstein,PerriKlass,404
17313,Tweet,reidepstein,tripgabriel,2
17391,Tweet,reidepstein,reidepstein,1
17300,Tweet,reidepstein,RosySequeiraTOI,12
17343,Tweet,reidepstein,juliemTOI,57
17301,Tweet,reidepstein,marywalshjourno,17
17376,Tweet,reidepstein,juliemTOI,9
1466,Article,antontroian,antontroian,1
1455,Article,antontroian,antontroian,1
1496,Article,antontroian,EllenBarryNYT,110
1460,Article,antontroian,antontroian,1
1446,Article,antontroian,antontroian,1
1492,Article,antontroian,antontroian,1
1449,Article,antontroian,antontroian,1
1490,Article,antontroian,antontroian,1
1432,Article,antontroian,antontroian,1
1409,Article,antontroian,antontroian,1
1433,Article,antontroian,antontroian,1
1440,Article,antontroian,antontroian,1
1498,Article,antontroian,antontroian,1
1481,Article,antontroian,bylizrobbins,255
1435,Article,antontroian,antontroian,1
1524,Tweet,antontroian,michaelcrowley,2
1558,Tweet,antontroian,tomfriedman,3
1547,Tweet,antontroian,michaelcrowley,4
1585,Tweet,antontroian,Crime_Selvaraj,17
1522,Tweet,antontroian,michaelcrowley,3
1532,Tweet,antontroian,NeilMacFarquhar,5
1541,Tweet,antontroian,tomfriedman,7
1545,Tweet,antontroian,michaelcrowley,2
1595,Tweet,antontroian,ajaysuraTOI,2
1538,Tweet,antontroian,michaelcrowley,2
1542,Tweet,antontroian,tomfriedman,2
1500,Tweet,antontroian,Gauraw2297,3
1533,Tweet,antontroian,michaelcrowley,3
1529,Tweet,antontroian,tomfriedman,11
1543,Tweet,antontroian,michaelcrowley,5
3643,Article,billywitz,ByJamesWagner,3
3691,Article,billywitz,billywitz,1
3622,Article,billywitz,ByJamesWagner,2
3649,Article,billywitz,ByJamesWagner,2
3636,Article,billywitz,billywitz,1
3672,Article,billywitz,billmpennington,6
3601,Article,billywitz,billmpennington,5
3666,Article,billywitz,marcatracy,4
3645,Article,billywitz,DavidWaldstein,3
3604,Article,billywitz,billywitz,1
3678,Article,billywitz,billywitz,1
3635,Article,billywitz,ByJamesWagner,2
3600,Article,billywitz,billmpennington,4
3671,Article,billywitz,billmpennington,12
3697,Article,billywitz,el_belson,4
3758,Tweet,billywitz,llerer,2
3793,Tweet,billywitz,ByJamesWagner,3
3762,Tweet,billywitz,vwang3,16
3798,Tweet,billywitz,vwang3,5
3712,Tweet,billywitz,andrew_mueller,43
3734,Tweet,billywitz,DavidWaldstein,20
3742,Tweet,billywitz,MattFutterman,9
3715,Tweet,billywitz,marcatracy,2
3764,Tweet,billywitz,DavidWaldstein,7
3700,Tweet,billywitz,MattFutterman,12
3785,Tweet,billywitz,billywitz,1
3719,Tweet,billywitz,RosySequeiraTOI,8
3733,Tweet,billywitz,billywitz,1
3778,Tweet,billywitz,el_belson,34
3761,Tweet,billywitz,MattFutterman,4
46386,Article,oliverburkeman,JohnJCrace,65
46448,Article,oliverburkeman,oliverburkeman,1
46489,Article,oliverburkeman,oliverburkeman,1
46391,Article,oliverburkeman,oliverburkeman,1
46332,Article,oliverburkeman,tomfriedman,2
46546,Article,oliverburkeman,oliverburkeman,1
46330,Article,oliverburkeman,oliverburkeman,1
46381,Article,oliverburkeman,oliverburkeman,1
46383,Article,oliverburkeman,oliverburkeman,1
46366,Article,oliverburkeman,oliverburkeman,1
46547,Article,oliverburkeman,oliverburkeman,1
46501,Article,oliverburkeman,oliverburkeman,1
46354,Article,oliverburkeman,oliverburkeman,1
46395,Article,oliverburkeman,oliverburkeman,1
46385,Article,oliverburkeman,oliverburkeman,1
46594,Tweet,oliverburkeman,jonronson,149
46747,Tweet,oliverburkeman,jennydeluxe,57
46775,Tweet,oliverburkeman,timjonze,11
46577,Tweet,oliverburkeman,LauraCummingArt,30
46752,Tweet,oliverburkeman,rachshabi,50
46808,Tweet,oliverburkeman,tarasbernard,96
46825,Tweet,oliverburkeman,andrewrawnsley,214
46677,Tweet,oliverburkeman,oliverburkeman,1
46735,Tweet,oliverburkeman,sarahditum,6
46706,Tweet,oliverburkeman,stevenpoole,36
46930,Tweet,oliverburkeman,PerriKlass,280
46903,Tweet,oliverburkeman,andrewrawnsley,142
46858,Tweet,oliverburkeman,DouthatNYT,7
46728,Tweet,oliverburkeman,nmcintosh,7
46859,Tweet,oliverburkeman,tarasbernard,213
153098,Article,shattenstone,JohnJCrace,2
153055,Article,shattenstone,saumyajitbTOI,12
153006,Article,shattenstone,ollywainwright,40
152955,Article,shattenstone,joshwiddicombe,9
152939,Article,shattenstone,JessicaValenti,68
152916,Article,shattenstone,OwenJones84,18
152975,Article,shattenstone,ElisabethMalkin,107
152905,Article,shattenstone,gabyhinsliff,57
152954,Article,shattenstone,JohnJCrace,51
153027,Article,shattenstone,jbouie,25
153018,Article,shattenstone,msmirandasawyer,85
152929,Article,shattenstone,williamnhutton,119
152925,Article,shattenstone,ggreenwald,27
153102,Article,shattenstone,gabyhinsliff,9
152974,Article,shattenstone,oliverburkeman,16
153324,Tweet,shattenstone,LucyMangan,42
153469,Tweet,shattenstone,hadleyfreeman,40
153314,Tweet,shattenstone,AlysFowler,16
153590,Tweet,shattenstone,annanorthtweets,36
153657,Tweet,shattenstone,andrewrawnsley,23
153190,Tweet,shattenstone,tomfriedman,398
153549,Tweet,shattenstone,jonronson,18
153523,Tweet,shattenstone,andrewrawnsley,17
153673,Tweet,shattenstone,murarishetyeTOI,225
153183,Tweet,shattenstone,rachshabi,21
153175,Tweet,shattenstone,gmorgenson,2
153172,Tweet,shattenstone,laurenlaverne,94
153424,Tweet,shattenstone,DeccaJourno,58
153658,Tweet,shattenstone,laurenlaverne,32
153201,Tweet,shattenstone,jimwaterson,3
82345,Article,hadleyfreeman,KateEMcCann,319
82291,Article,hadleyfreeman,msrachelcooke,37
82429,Article,hadleyfreeman,jonronson,65
82418,Article,hadleyfreeman,davidhepworth,242
82218,Article,hadleyfreeman,MarinaHyde,15
82410,Article,hadleyfreeman,JohnJCrace,41
82235,Article,hadleyfreeman,wesley_morris,378
82282,Article,hadleyfreeman,edvulliamy,13
82316,Article,hadleyfreeman,jamesrbuk,23
82367,Article,hadleyfreeman,vanbadham,14
82362,Article,hadleyfreeman,williamnhutton,7
82216,Article,hadleyfreeman,williamnhutton,5
82340,Article,hadleyfreeman,sarahditum,124
82317,Article,hadleyfreeman,msrachelcooke,28
82270,Article,hadleyfreeman,bglendenning,8
82576,Tweet,hadleyfreeman,LucyMangan,12
82691,Tweet,hadleyfreeman,sarahchurchwell,89
82739,Tweet,hadleyfreeman,andrewrawnsley,177
82580,Tweet,hadleyfreeman,seaningle,20
82958,Tweet,hadleyfreeman,msrachelcooke,31
82826,Tweet,hadleyfreeman,sarahditum,32
82524,Tweet,hadleyfreeman,jonronson,14
82812,Tweet,hadleyfreeman,rachshabi,97
82578,Tweet,hadleyfreeman,afuahirsch,48
82681,Tweet,hadleyfreeman,laurenlaverne,12
82507,Tweet,hadleyfreeman,DeccaJourno,6
82458,Tweet,hadleyfreeman,vwang3,330
82820,Tweet,hadleyfreeman,desaisantosh,44
82625,Tweet,hadleyfreeman,abantika77,306
82772,Tweet,hadleyfreeman,salihughes,80
214655,Article,sushmi_dey,sushmi_dey,1
214702,Article,sushmi_dey,sushmi_dey,1
214698,Article,sushmi_dey,kush_junglee,32
214643,Article,sushmi_dey,durgeshjhaTOI,26
214820,Article,sushmi_dey,durgeshjhaTOI,2
214786,Article,sushmi_dey,sushmi_dey,1
214662,Article,sushmi_dey,sushmi_dey,1
214780,Article,sushmi_dey,sushmi_dey,1
214644,Article,sushmi_dey,sushmi_dey,1
214791,Article,sushmi_dey,sushmi_dey,1
214833,Article,sushmi_dey,durgeshjhaTOI,2
214812,Article,sushmi_dey,sushmi_dey,1
214739,Article,sushmi_dey,AtulMathur_,43
214749,Article,sushmi_dey,AlokKNMishra,3
214661,Article,sushmi_dey,Rupalijee,7
214972,Tweet,sushmi_dey,niyatiparikhTOI,4
214953,Tweet,sushmi_dey,PrashantrTOI,3
214929,Tweet,sushmi_dey,sushmi_dey,1
214969,Tweet,sushmi_dey,MKSinghGkp,168
214963,Tweet,sushmi_dey,MohitaTOI,2
214951,Tweet,sushmi_dey,MohitaTOI,3
214905,Tweet,sushmi_dey,AlysFowler,97
214895,Tweet,sushmi_dey,niyatiparikhTOI,83
214904,Tweet,sushmi_dey,durgeshjhaTOI,2
214908,Tweet,sushmi_dey,farnazfassihi,177
214968,Tweet,sushmi_dey,sushmi_dey,1
214959,Tweet,sushmi_dey,niyatiparikhTOI,4
214936,Tweet,sushmi_dey,niyatiparikhTOI,2
214980,Tweet,sushmi_dey,sushmi_dey,1
214930,Tweet,sushmi_dey,yeshikabudhwar,385
14495,Article,MujMash,jotted,45
14438,Article,MujMash,MujMash,1
14426,Article,MujMash,antontroian,4
14453,Article,MujMash,MujMash,1
14494,Article,MujMash,MujMash,1
14416,Article,MujMash,MujMash,1
14417,Article,MujMash,MujMash,1
14465,Article,MujMash,MujMash,1
14427,Article,MujMash,gettleman,18
14491,Article,MujMash,MujMash,1
14442,Article,MujMash,NYTBen,8
14497,Article,MujMash,RachelDonadio,116
14474,Article,MujMash,ElisabethMalkin,65
14483,Article,MujMash,gettleman,13
14461,Article,MujMash,declanwalsh,7
14598,Tweet,MujMash,MujMash,1
14568,Tweet,MujMash,007pandey,32
14517,Tweet,MujMash,MujMash,1
14564,Tweet,MujMash,MujMash,1
14503,Tweet,MujMash,MujMash,1
14579,Tweet,MujMash,MujMash,1
14561,Tweet,MujMash,MujMash,1
14560,Tweet,MujMash,MujMash,1
14584,Tweet,MujMash,ajaysuraTOI,22
14577,Tweet,MujMash,bagishjhaTOI,31
14519,Tweet,MujMash,MujMash,1
14571,Tweet,MujMash,MujMash,1
14518,Tweet,MujMash,MujMash,1
14596,Tweet,MujMash,MujMash,1
14527,Tweet,MujMash,ajaysuraTOI,10
23202,Article,samrob12,DerekMalcolm123,328
23280,Article,samrob12,DSlotnik,2
23282,Article,samrob12,samrob12,1
23296,Article,samrob12,genznyt,2
23272,Article,samrob12,NYTimesCohen,200
23292,Article,samrob12,RichSandomir,2
23207,Article,samrob12,samrob12,1
23222,Article,samrob12,samrob12,1
23256,Article,samrob12,DSlotnik,2
23234,Article,samrob12,DSlotnik,2
23288,Article,samrob12,samrob12,1
23261,Article,samrob12,DSlotnik,3
23223,Article,samrob12,DSlotnik,3
23274,Article,samrob12,samrob12,1
23208,Article,samrob12,samrob12,1
23320,Tweet,samrob12,murarishetye,3
23354,Tweet,samrob12,samrob12,1
23311,Tweet,samrob12,samrob12,1
23342,Tweet,samrob12,RosySequeiraTOI,86
23303,Tweet,samrob12,genznyt,2
23396,Tweet,samrob12,GiniaNYT,187
23381,Tweet,samrob12,samrob12,1
23321,Tweet,samrob12,WilbyPeter,16
23397,Tweet,samrob12,marywalshjourno,15
23326,Tweet,samrob12,samrob12,1
23375,Tweet,samrob12,tomfriedman,4
23377,Tweet,samrob12,tomfriedman,5
23312,Tweet,samrob12,margaretrenkl,221
23379,Tweet,samrob12,samrob12,1
23330,Tweet,samrob12,WilbyPeter,11
211773,Article,SidharthB25,SidharthB25,1
211743,Article,SidharthB25,ramarkosg,143
211650,Article,SidharthB25,SidharthB25,1
211719,Article,SidharthB25,ramarkosg,171
211832,Article,SidharthB25,dubeyavishek,9
211755,Article,SidharthB25,mateenHTOI,2
211810,Article,SidharthB25,mateenHTOI,2
211646,Article,SidharthB25,SidharthB25,1
211789,Article,SidharthB25,SidharthB25,1
211710,Article,SidharthB25,ChaithanyaSwamy,3
211788,Article,SidharthB25,SidharthB25,1
211618,Article,SidharthB25,SidharthB25,1
211834,Article,SidharthB25,mateenHTOI,2
211752,Article,SidharthB25,maheshbTOI,2
211722,Article,SidharthB25,ChaithanyaSwamy,2
211909,Tweet,SidharthB25,sarahchurchwell,172
211875,Tweet,SidharthB25,ChuBailiang,226
211883,Tweet,SidharthB25,rajatpTOI,98
211890,Tweet,SidharthB25,tushhaikhush,54
211930,Tweet,SidharthB25,TridibIANS,17
211867,Tweet,SidharthB25,aseemsgujar,166
211881,Tweet,SidharthB25,rajatpTOI,17
211889,Tweet,SidharthB25,murarishetyeTOI,251
211902,Tweet,SidharthB25,BawaNaaved,10
211876,Tweet,SidharthB25,murarishetyeTOI,289
211905,Tweet,SidharthB25,RosySequeiraTOI,202
211910,Tweet,SidharthB25,AshokPradhanTOI,61
211887,Tweet,SidharthB25,ronojoy_sen,44
211880,Tweet,SidharthB25,BhanupratapsTOI,39
211885,Tweet,SidharthB25,SidharthB25,1
207096,Article,rjadHinduBL,journo_vibha,7
207205,Article,rjadHinduBL,rjadHinduBL,1
207002,Article,rjadHinduBL,rjadHinduBL,1
207013,Article,rjadHinduBL,vaibhavgTOI,7
207221,Article,rjadHinduBL,vaibhavgTOI,4
207121,Article,rjadHinduBL,rjadHinduBL,1
206982,Article,rjadHinduBL,AlokKNMishra,2
207063,Article,rjadHinduBL,toi_dhananjayM,50
207113,Article,rjadHinduBL,DSandip_TOI,4
207123,Article,rjadHinduBL,vaibhavgTOI,7
207181,Article,rjadHinduBL,KapildaveTOI,10
206975,Article,rjadHinduBL,rjadHinduBL,1
207171,Article,rjadHinduBL,vaibhavgTOI,6
207177,Article,rjadHinduBL,rjadHinduBL,1
207108,Article,rjadHinduBL,SribaalaVTOI,35
207303,Tweet,rjadHinduBL,rjadHinduBL,1
207315,Tweet,rjadHinduBL,rjadHinduBL,1
207231,Tweet,rjadHinduBL,rjadHinduBL,1
207313,Tweet,rjadHinduBL,rjadHinduBL,1
207225,Tweet,rjadHinduBL,ajaysuraTOI,3
207260,Tweet,rjadHinduBL,rjadHinduBL,1
207235,Tweet,rjadHinduBL,AjayUgrasTOI,3
207279,Tweet,rjadHinduBL,rjadHinduBL,1
207275,Tweet,rjadHinduBL,rjadHinduBL,1
207292,Tweet,rjadHinduBL,davidleighx,189
207306,Tweet,rjadHinduBL,rjadHinduBL,1
207234,Tweet,rjadHinduBL,Pratiks_TOI,3
207322,Tweet,rjadHinduBL,rjadHinduBL,1
207224,Tweet,rjadHinduBL,rjadHinduBL,1
207261,Tweet,rjadHinduBL,rjadHinduBL,1
210739,Article,Shreyanka_M,smita_mishra,5
210779,Article,Shreyanka_M,debaratisen,10
210787,Article,Shreyanka_M,mohuadazz,5
210735,Article,Shreyanka_M,meeravohraTOI,23
210775,Article,Shreyanka_M,Shreyanka_M,1
210747,Article,Shreyanka_M,Shreyanka_M,1
210784,Article,Shreyanka_M,Shreyanka_M,1
210744,Article,Shreyanka_M,ChaitanyadTOI,2
210774,Article,Shreyanka_M,smita_mishra,13
210764,Article,Shreyanka_M,debaratisen,4
210767,Article,Shreyanka_M,shiba_kurian,3
210732,Article,Shreyanka_M,divyapal2013,5
210734,Article,Shreyanka_M,meeravohraTOI,7
210796,Article,Shreyanka_M,Shreyanka_M,1
210794,Article,Shreyanka_M,ChaitanyadTOI,2
210858,Tweet,Shreyanka_M,asrpmukeshTOI,99
210824,Tweet,Shreyanka_M,asrpmukeshTOI,24
210868,Tweet,Shreyanka_M,Gauraw2297,94
210869,Tweet,Shreyanka_M,desaisantosh,29
210838,Tweet,Shreyanka_M,debaratisen,124
210907,Tweet,Shreyanka_M,desaisantosh,30
210871,Tweet,Shreyanka_M,nauzerbTOI,115
210867,Tweet,Shreyanka_M,desaisantosh,10
210880,Tweet,Shreyanka_M,yeshikabudhwar,115
210901,Tweet,Shreyanka_M,MohitaTOI,169
210814,Tweet,Shreyanka_M,MKSinghGkp,38
210870,Tweet,Shreyanka_M,KanwardeepsTOI,149
210839,Tweet,Shreyanka_M,smita_mishra,101
210853,Tweet,Shreyanka_M,smita_mishra,66
210889,Tweet,Shreyanka_M,MoharBasu,65
180758,Article,digbijaymishra1,digbijaymishra1,1
180921,Article,digbijaymishra1,digbijaymishra1,1
180807,Article,digbijaymishra1,digbijaymishra1,1
180774,Article,digbijaymishra1,digbijaymishra1,1
180841,Article,digbijaymishra1,digbijaymishra1,1
180784,Article,digbijaymishra1,digbijaymishra1,1
180777,Article,digbijaymishra1,digbijaymishra1,1
180928,Article,digbijaymishra1,KapildaveTOI,2
180726,Article,digbijaymishra1,digbijaymishra1,1
180749,Article,digbijaymishra1,toi_dhananjayM,6
180942,Article,digbijaymishra1,digbijaymishra1,1
180727,Article,digbijaymishra1,digbijaymishra1,1
180937,Article,digbijaymishra1,digbijaymishra1,1
180952,Article,digbijaymishra1,digbijaymishra1,1
180825,Article,digbijaymishra1,digbijaymishra1,1
181018,Tweet,digbijaymishra1,desaisantosh,104
180987,Tweet,digbijaymishra1,andrewrawnsley,264
180970,Tweet,digbijaymishra1,digbijaymishra1,1
181030,Tweet,digbijaymishra1,Rupalijee,33
181060,Tweet,digbijaymishra1,NilsPratley,373
181055,Tweet,digbijaymishra1,digbijaymishra1,1
181012,Tweet,digbijaymishra1,digbijaymishra1,1
180999,Tweet,digbijaymishra1,digbijaymishra1,1
181005,Tweet,digbijaymishra1,vwang3,45
180980,Tweet,digbijaymishra1,digbijaymishra1,1
181048,Tweet,digbijaymishra1,richardwolffedc,81
181052,Tweet,digbijaymishra1,jbouie,30
181054,Tweet,digbijaymishra1,digbijaymishra1,1
180994,Tweet,digbijaymishra1,digbijaymishra1,1
181051,Tweet,digbijaymishra1,digbijaymishra1,1
105276,Article,IAmTimDowling,IAmTimDowling,1
105281,Article,IAmTimDowling,IAmTimDowling,1
105417,Article,IAmTimDowling,IAmTimDowling,1
105372,Article,IAmTimDowling,RebeccaSeal,2
105383,Article,IAmTimDowling,IAmTimDowling,1
105469,Article,IAmTimDowling,IAmTimDowling,1
105459,Article,IAmTimDowling,jonronson,2
105290,Article,IAmTimDowling,IAmTimDowling,1
105283,Article,IAmTimDowling,andrewrawnsley,106
105485,Article,IAmTimDowling,jamesrbuk,88
105313,Article,IAmTimDowling,IAmTimDowling,1
105427,Article,IAmTimDowling,IAmTimDowling,1
105439,Article,IAmTimDowling,IAmTimDowling,1
105422,Article,IAmTimDowling,IAmTimDowling,1
105407,Article,IAmTimDowling,IAmTimDowling,1
105750,Tweet,IAmTimDowling,SocialQPhilip,29
105946,Tweet,IAmTimDowling,elizabday,13
106102,Tweet,IAmTimDowling,IanCobain,6
105840,Tweet,IAmTimDowling,jimwaterson,24
105947,Tweet,IAmTimDowling,jimwaterson,2
106024,Tweet,IAmTimDowling,shattenstone,36
105601,Tweet,IAmTimDowling,andrewrawnsley,14
105927,Tweet,IAmTimDowling,_nicolaclark,46
105798,Tweet,IAmTimDowling,timjonze,17
105598,Tweet,IAmTimDowling,desaisantosh,18
105919,Tweet,IAmTimDowling,el_belson,75
105934,Tweet,IAmTimDowling,FrancesRobles,59
105886,Tweet,IAmTimDowling,JessicaValenti,8
105679,Tweet,IAmTimDowling,RosySequeiraTOI,47
105848,Tweet,IAmTimDowling,polblonde,44
198191,Article,NishikantkTOI,NishikantkTOI,1
198137,Article,NishikantkTOI,parthshastriTOI,14
198226,Article,NishikantkTOI,NishikantkTOI,1
198155,Article,NishikantkTOI,rebeccaSTOI,2
198231,Article,NishikantkTOI,NishikantkTOI,1
198089,Article,NishikantkTOI,NishikantkTOI,1
198225,Article,NishikantkTOI,SagrikaKissu,2
198215,Article,NishikantkTOI,NishikantkTOI,1
198004,Article,NishikantkTOI,bishnoiarvind11,3
198152,Article,NishikantkTOI,NishikantkTOI,1
198248,Article,NishikantkTOI,ajaykanth7,7
198223,Article,NishikantkTOI,mateenHTOI,2
198230,Article,NishikantkTOI,NishikantkTOI,1
198085,Article,NishikantkTOI,NishikantkTOI,1
198090,Article,NishikantkTOI,SagrikaKissu,3
198316,Tweet,NishikantkTOI,NishikantkTOI,1
198263,Tweet,NishikantkTOI,mateenHTOI,2
198258,Tweet,NishikantkTOI,NishikantkTOI,1
198348,Tweet,NishikantkTOI,NishikantkTOI,1
198309,Tweet,NishikantkTOI,NishikantkTOI,1
198273,Tweet,NishikantkTOI,NishikantkTOI,1
198277,Tweet,NishikantkTOI,NishikantkTOI,1
198317,Tweet,NishikantkTOI,NishikantkTOI,1
198310,Tweet,NishikantkTOI,NishikantkTOI,1
198306,Tweet,NishikantkTOI,NishikantkTOI,1
198312,Tweet,NishikantkTOI,mateenHTOI,3
198301,Tweet,NishikantkTOI,NishikantkTOI,1
198347,Tweet,NishikantkTOI,NishikantkTOI,1
198256,Tweet,NishikantkTOI,ipsinghTOI,116
198253,Tweet,NishikantkTOI,ChaithanyaSwamy,15
53852,Article,kiracochrane,polblonde,4
53950,Article,kiracochrane,ollywainwright,32
53764,Article,kiracochrane,andrew_mueller,23
53982,Article,kiracochrane,mtomasky,3
53983,Article,kiracochrane,jillfilipovic,49
53842,Article,kiracochrane,vanbadham,43
53794,Article,kiracochrane,MarinaHyde,208
53927,Article,kiracochrane,elizabday,44
53905,Article,kiracochrane,shattenstone,165
53925,Article,kiracochrane,LauraCummingArt,14
53967,Article,kiracochrane,HackneyAbbott,10
53801,Article,kiracochrane,OwenJones84,60
53947,Article,kiracochrane,davidhepworth,32
53921,Article,kiracochrane,leninology,105
53796,Article,kiracochrane,IAmTimDowling,93
54338,Tweet,kiracochrane,WilbyPeter,74
54199,Tweet,kiracochrane,gmorgenson,25
54123,Tweet,kiracochrane,AndrewSparrow,117
54191,Tweet,kiracochrane,williamkeegan,103
54048,Tweet,kiracochrane,jotted,22
54452,Tweet,kiracochrane,joshwiddicombe,8
54176,Tweet,kiracochrane,davidleighx,14
54531,Tweet,kiracochrane,rachlharris,6
54418,Tweet,kiracochrane,davidleighx,96
54222,Tweet,kiracochrane,AlysFowler,32
54440,Tweet,kiracochrane,polblonde,108
54354,Tweet,kiracochrane,peterbradshaw1,20
54100,Tweet,kiracochrane,andrewrawnsley,86
54332,Tweet,kiracochrane,desaisantosh,15
54237,Tweet,kiracochrane,WilbyPeter,25
208284,Article,SagrikaKissu,SagrikaKissu,1
208344,Article,SagrikaKissu,SagrikaKissu,1
208314,Article,SagrikaKissu,SagrikaKissu,1
208232,Article,SagrikaKissu,SagrikaKissu,1
208328,Article,SagrikaKissu,advityabahlTOI,2
208308,Article,SagrikaKissu,mateenHTOI,4
208290,Article,SagrikaKissu,SagrikaKissu,1
208337,Article,SagrikaKissu,SagrikaKissu,1
208255,Article,SagrikaKissu,SagrikaKissu,1
208234,Article,SagrikaKissu,imabdulgani,15
208316,Article,SagrikaKissu,SagrikaKissu,1
208194,Article,SagrikaKissu,ArunDev1,17
208220,Article,SagrikaKissu,dubeyavishek,5
208270,Article,SagrikaKissu,SagrikaKissu,1
208257,Article,SagrikaKissu,dklavaniaTOI,4
208421,Tweet,SagrikaKissu,SagrikaKissu,1
208394,Tweet,SagrikaKissu,AjayUgrasTOI,10
208387,Tweet,SagrikaKissu,RosySequeiraTOI,158
208411,Tweet,SagrikaKissu,priyangiTOI,12
208415,Tweet,SagrikaKissu,HemantaTOI,11
208372,Tweet,SagrikaKissu,desaisantosh,3
208403,Tweet,SagrikaKissu,murarishetyeTOI,24
208384,Tweet,SagrikaKissu,AtulMathur_,37
208396,Tweet,SagrikaKissu,shafaquealamTOI,47
208380,Tweet,SagrikaKissu,MohitaTOI,3
208386,Tweet,SagrikaKissu,MohitaTOI,29
208390,Tweet,SagrikaKissu,MohitaTOI,9
208379,Tweet,SagrikaKissu,ManjuVTOI,2
208408,Tweet,SagrikaKissu,nauzerbTOI,128
208407,Tweet,SagrikaKissu,Gauraw2297,52
2880,Article,benkenigsberg,benkenigsberg,1
2858,Article,benkenigsberg,parul_sehgal,12
2835,Article,benkenigsberg,winematcher,17
2857,Article,benkenigsberg,EVincentelli,15
2813,Article,benkenigsberg,DerekMalcolm123,4
2895,Article,benkenigsberg,dwightgarner,3
2802,Article,benkenigsberg,DerekMalcolm123,2
2879,Article,benkenigsberg,benkenigsberg,1
2870,Article,benkenigsberg,benkenigsberg,1
2846,Article,benkenigsberg,benkenigsberg,1
2820,Article,benkenigsberg,joncaramanica,9
2856,Article,benkenigsberg,kylebuchanan,6
2872,Article,benkenigsberg,sio_burke,21
2885,Article,benkenigsberg,michelleinbklyn,8
2873,Article,benkenigsberg,benkenigsberg,1
2964,Tweet,benkenigsberg,ASoloski,3
2966,Tweet,benkenigsberg,IAmTimDowling,12
2994,Tweet,benkenigsberg,RosySequeiraTOI,7
2993,Tweet,benkenigsberg,DerekMalcolm123,4
2912,Tweet,benkenigsberg,peterbradshaw1,42
2978,Tweet,benkenigsberg,jestei,84
2937,Tweet,benkenigsberg,benkenigsberg,1
2974,Tweet,benkenigsberg,benkenigsberg,1
2942,Tweet,benkenigsberg,andrewrawnsley,238
2904,Tweet,benkenigsberg,wesley_morris,2
2922,Tweet,benkenigsberg,andrewrawnsley,110
2970,Tweet,benkenigsberg,tomdyckhoff,26
2903,Tweet,benkenigsberg,DerekMalcolm123,36
2939,Tweet,benkenigsberg,DanielKingChess,11
2916,Tweet,benkenigsberg,dwightgarner,6
218163,Article,TridibIANS,Shrivathsan1437,16
218193,Article,TridibIANS,kumaraswamykTOI,4
218140,Article,TridibIANS,TridibIANS,1
218210,Article,TridibIANS,adwaidh,7
218171,Article,TridibIANS,aniljdias,6
218170,Article,TridibIANS,toi_ManujaV,8
218131,Article,TridibIANS,sudeshnagTOI,9
218149,Article,TridibIANS,vivek9301,7
218184,Article,TridibIANS,vivek9301,6
218125,Article,TridibIANS,Pratiks_TOI,7
218214,Article,TridibIANS,vaibhavgTOI,33
218129,Article,TridibIANS,adwaidh,4
218152,Article,TridibIANS,sudhanshub16,7
218112,Article,TridibIANS,TridibIANS,1
218194,Article,TridibIANS,Pratiks_TOI,2
218265,Tweet,TridibIANS,Pratiks_TOI,3
218264,Tweet,TridibIANS,TridibIANS,1
218261,Tweet,TridibIANS,MarcusMergulhao,2
218263,Tweet,TridibIANS,TOISH31,3
218331,Tweet,TridibIANS,sermoninstone,91
218254,Tweet,TridibIANS,jayamenon64,460
218289,Tweet,TridibIANS,jayamenon64,145
218311,Tweet,TridibIANS,adwaidh,4
218317,Tweet,TridibIANS,smita_mishra,62
218245,Tweet,TridibIANS,mswainwright,92
218252,Tweet,TridibIANS,aditya_bh16,2
218275,Tweet,TridibIANS,KomalGautham,152
218284,Tweet,TridibIANS,TOISH31,11
218328,Tweet,TridibIANS,adwaidh,2
218238,Tweet,TridibIANS,TridibIANS,1
23425,Article,samsifton,melissaclark,2
23408,Article,samsifton,samsifton,1
23438,Article,samsifton,margaretrenkl,4
23444,Article,samsifton,samsifton,1
23409,Article,samsifton,samsifton,1
23454,Article,samsifton,parul_sehgal,6
23430,Article,samsifton,salihughes,5
23429,Article,samsifton,NYTimesCohen,18
23403,Article,samsifton,samsifton,1
23453,Article,samsifton,samsifton,1
23400,Article,samsifton,samsifton,1
23442,Article,samsifton,melissaclark,2
23412,Article,samsifton,samsifton,1
23465,Article,samsifton,melissaclark,2
23486,Article,samsifton,samsifton,1
23546,Tweet,samsifton,DanielKingChess,30
23578,Tweet,samsifton,steve_hewlett,37
23588,Tweet,samsifton,RosySequeiraTOI,36
23562,Tweet,samsifton,RosySequeiraTOI,15
23561,Tweet,samsifton,andrewrawnsley,22
23597,Tweet,samsifton,samsifton,1
23567,Tweet,samsifton,KTVinobhaTOI,39
23512,Tweet,samsifton,jonpareles,33
23591,Tweet,samsifton,jonpareles,4
23551,Tweet,samsifton,timlottwriter,19
23521,Tweet,samsifton,samsifton,1
23584,Tweet,samsifton,melissaclark,2
23552,Tweet,samsifton,margaretrenkl,11
23502,Tweet,samsifton,samsifton,1
23536,Tweet,samsifton,juliemTOI,9
214522,Article,SunilSubaiah,Pratiks_TOI,21
214536,Article,SunilSubaiah,toi_shailendraA,2
214408,Article,SunilSubaiah,toi_ManujaV,34
214441,Article,SunilSubaiah,adwaidh,8
214423,Article,SunilSubaiah,adwaidh,11
214352,Article,SunilSubaiah,bindiyachariTOI,8
214457,Article,SunilSubaiah,Shrivathsan1437,2
214334,Article,SunilSubaiah,AniltheMatrix,116
214476,Article,SunilSubaiah,Pratiks_TOI,10
214477,Article,SunilSubaiah,rishachitlangia,46
214497,Article,SunilSubaiah,SagrikaKissu,9
214508,Article,SunilSubaiah,Shilarze_SSR,8
214356,Article,SunilSubaiah,Shilarze_SSR,6
214355,Article,SunilSubaiah,toi_ManujaV,4
214385,Article,SunilSubaiah,TridibIANS,24
214573,Tweet,SunilSubaiah,MohitaTOI,116
214541,Tweet,SunilSubaiah,MohitaTOI,448
214554,Tweet,SunilSubaiah,sunny_hundal,216
214542,Tweet,SunilSubaiah,meeravohraTOI,447
214594,Tweet,SunilSubaiah,saumyajitbTOI,342
214628,Tweet,SunilSubaiah,AmritadTOI,149
214578,Tweet,SunilSubaiah,SunilSubaiah,1
214589,Tweet,SunilSubaiah,AniltheMatrix,291
214555,Tweet,SunilSubaiah,SribaalaVTOI,107
214602,Tweet,SunilSubaiah,Pratiks_TOI,13
214622,Tweet,SunilSubaiah,DekaJayanta,294
214548,Tweet,SunilSubaiah,nauzerbTOI,446
214586,Tweet,SunilSubaiah,BawaNaaved,72
214581,Tweet,SunilSubaiah,BawaNaaved,417
214597,Tweet,SunilSubaiah,NikiKitsantonis,463
66487,Article,FranklinBlog,FranklinBlog,1
66541,Article,FranklinBlog,polblonde,159
66537,Article,FranklinBlog,FranklinBlog,1
66586,Article,FranklinBlog,FranklinBlog,1
66481,Article,FranklinBlog,bglendenning,112
66590,Article,FranklinBlog,FranklinBlog,1
66573,Article,FranklinBlog,FranklinBlog,1
66427,Article,FranklinBlog,TimdeLisle,86
66466,Article,FranklinBlog,FranklinBlog,1
66384,Article,FranklinBlog,domphillips,9
66556,Article,FranklinBlog,FranklinBlog,1
66588,Article,FranklinBlog,jillfilipovic,121
66619,Article,FranklinBlog,FranklinBlog,1
66623,Article,FranklinBlog,FranklinBlog,1
66383,Article,FranklinBlog,LeoHickman,72
66646,Tweet,FranklinBlog,jimwaterson,11
67137,Tweet,FranklinBlog,RosySequeiraTOI,78
66693,Tweet,FranklinBlog,RaphaelMinder,11
67023,Tweet,FranklinBlog,FranklinBlog,1
67127,Tweet,FranklinBlog,samrob12,14
66994,Tweet,FranklinBlog,gmorgenson,56
67099,Tweet,FranklinBlog,vwang3,2
66931,Tweet,FranklinBlog,FranklinBlog,1
66769,Tweet,FranklinBlog,ditzkoff,132
67185,Tweet,FranklinBlog,timatkin,182
67228,Tweet,FranklinBlog,PamBelluck,284
66801,Tweet,FranklinBlog,SunilSubaiah,141
66929,Tweet,FranklinBlog,ajaysuraTOI,50
66806,Tweet,FranklinBlog,jennydeluxe,25
66764,Tweet,FranklinBlog,ajaykanth7,30
32274,Article,NikiKitsantonis,NikiKitsantonis,1
32295,Article,NikiKitsantonis,zwoolfe,21
32238,Article,NikiKitsantonis,BenWeiserNYT,3
32266,Article,NikiKitsantonis,LizAldermanNYT,3
32271,Article,NikiKitsantonis,FlitterOnFraud,2
32264,Article,NikiKitsantonis,NikiKitsantonis,1
32212,Article,NikiKitsantonis,LizAldermanNYT,2
32225,Article,NikiKitsantonis,jimtankersley,2
32257,Article,NikiKitsantonis,NikiKitsantonis,1
32218,Article,NikiKitsantonis,NikiKitsantonis,1
32268,Article,NikiKitsantonis,LizAldermanNYT,2
32281,Article,NikiKitsantonis,NikiKitsantonis,1
32224,Article,NikiKitsantonis,NikiKitsantonis,1
32244,Article,NikiKitsantonis,NikiKitsantonis,1
32298,Article,NikiKitsantonis,NikiKitsantonis,1
32317,Tweet,NikiKitsantonis,murarishetyeTOI,2
32322,Tweet,NikiKitsantonis,NikiKitsantonis,1
32371,Tweet,NikiKitsantonis,NikiKitsantonis,1
32381,Tweet,NikiKitsantonis,NikiKitsantonis,1
32329,Tweet,NikiKitsantonis,murarishetyeTOI,3
32313,Tweet,NikiKitsantonis,NikiKitsantonis,1
32308,Tweet,NikiKitsantonis,NikiKitsantonis,1
32312,Tweet,NikiKitsantonis,andybrassell,48
32366,Tweet,NikiKitsantonis,NikiKitsantonis,1
32318,Tweet,NikiKitsantonis,petleepeter,32
32315,Tweet,NikiKitsantonis,RosySequeiraTOI,289
32383,Tweet,NikiKitsantonis,NikiKitsantonis,1
32348,Tweet,NikiKitsantonis,murarishetyeTOI,2
32374,Tweet,NikiKitsantonis,NikiKitsantonis,1
32386,Tweet,NikiKitsantonis,michaelcrowley,8
5404,Article,damiencave,jonpareles,2
5402,Article,damiencave,NikiKitsantonis,3
5428,Article,damiencave,LFFriedman,7
5477,Article,damiencave,jonpareles,2
5485,Article,damiencave,ChuBailiang,13
5460,Article,damiencave,IKershner,3
5491,Article,damiencave,andrewrawnsley,9
5407,Article,damiencave,damiencave,1
5411,Article,damiencave,jotted,12
5481,Article,damiencave,mikeives,15
5488,Article,damiencave,damiencave,1
5424,Article,damiencave,ceciliakang,6
5422,Article,damiencave,damiencave,1
5454,Article,damiencave,meddynyt,6
5401,Article,damiencave,jotted,4
5542,Tweet,damiencave,vwang3,169
5599,Tweet,damiencave,WilbyPeter,20
5595,Tweet,damiencave,tomfriedman,30
5522,Tweet,damiencave,andrewrawnsley,88
5559,Tweet,damiencave,vwang3,17
5517,Tweet,damiencave,nytdavidbrooks,29
5501,Tweet,damiencave,KeithBradsher,35
5534,Tweet,damiencave,ElisabethMalkin,52
5541,Tweet,damiencave,NilsPratley,4
5597,Tweet,damiencave,DeccaJourno,181
5512,Tweet,damiencave,MattFutterman,49
5586,Tweet,damiencave,DouthatNYT,25
5582,Tweet,damiencave,apoorva_nyc,46
5513,Tweet,damiencave,gailcollins,71
5589,Tweet,damiencave,vwang3,4
15853,Article,NYTimesCohen,NYTimesCohen,1
15816,Article,NYTimesCohen,NYTimesCohen,1
15813,Article,NYTimesCohen,tomfriedman,4
15827,Article,NYTimesCohen,RorySmith,9
15820,Article,NYTimesCohen,NYTimesCohen,1
15876,Article,NYTimesCohen,antontroian,92
15854,Article,NYTimesCohen,FrankBruni,24
15811,Article,NYTimesCohen,NYTimesCohen,1
15858,Article,NYTimesCohen,NYTimesCohen,1
15828,Article,NYTimesCohen,NYTBen,14
15812,Article,NYTimesCohen,tomfriedman,12
15867,Article,NYTimesCohen,NYTimesCohen,1
15806,Article,NYTimesCohen,tomfriedman,5
15857,Article,NYTimesCohen,williamnhutton,14
15864,Article,NYTimesCohen,NYTimesCohen,1
15919,Tweet,NYTimesCohen,gailcollins,12
15968,Tweet,NYTimesCohen,michaelcrowley,6
15936,Tweet,NYTimesCohen,NYTimesCohen,1
15993,Tweet,NYTimesCohen,patrickwintour,48
15977,Tweet,NYTimesCohen,NYTBen,3
15921,Tweet,NYTimesCohen,michaelcrowley,14
15984,Tweet,NYTimesCohen,tomfriedman,12
15940,Tweet,NYTimesCohen,tomfriedman,9
15941,Tweet,NYTimesCohen,ewenmacaskill,4
15928,Tweet,NYTimesCohen,dionnesearcey,12
15954,Tweet,NYTimesCohen,tomfriedman,20
15999,Tweet,NYTimesCohen,NYTimesCohen,1
15912,Tweet,NYTimesCohen,mtomasky,11
15982,Tweet,NYTimesCohen,nauzerbTOI,3
15903,Tweet,NYTimesCohen,jameskanter,19
3053,Article,BenRothenberg,christophclarey,2
3001,Article,BenRothenberg,BenRothenberg,1
3090,Article,BenRothenberg,MattFutterman,3
3060,Article,BenRothenberg,christophclarey,2
3067,Article,BenRothenberg,BenRothenberg,1
3002,Article,BenRothenberg,BenRothenberg,1
3051,Article,BenRothenberg,BenRothenberg,1
3038,Article,BenRothenberg,BenRothenberg,1
3071,Article,BenRothenberg,christophclarey,2
3016,Article,BenRothenberg,christophclarey,2
3010,Article,BenRothenberg,christophclarey,2
3007,Article,BenRothenberg,christophclarey,2
3079,Article,BenRothenberg,MattFutterman,3
3033,Article,BenRothenberg,BenRothenberg,1
3078,Article,BenRothenberg,BenRothenberg,1
3167,Tweet,BenRothenberg,MattFutterman,145
3198,Tweet,BenRothenberg,MattFutterman,53
3149,Tweet,BenRothenberg,BenRothenberg,1
3114,Tweet,BenRothenberg,BenRothenberg,1
3137,Tweet,BenRothenberg,gailcollins,399
3140,Tweet,BenRothenberg,BenRothenberg,1
3174,Tweet,BenRothenberg,BenRothenberg,1
3122,Tweet,BenRothenberg,MattFutterman,299
3117,Tweet,BenRothenberg,BenRothenberg,1
3195,Tweet,BenRothenberg,BenRothenberg,1
3105,Tweet,BenRothenberg,MattFutterman,186
3126,Tweet,BenRothenberg,BenRothenberg,1
3156,Tweet,BenRothenberg,BenRothenberg,1
3111,Tweet,BenRothenberg,BenRothenberg,1
3103,Tweet,BenRothenberg,joncaramanica,268
177764,Article,binays1960,ishajainTOI,2
177809,Article,binays1960,SwatiShindeTOI,3
177633,Article,binays1960,binays1960,1
177602,Article,binays1960,SribaalaVTOI,41
177831,Article,binays1960,binays1960,1
177625,Article,binays1960,yazhiniyanTOI,13
177765,Article,binays1960,ishajainTOI,2
177705,Article,binays1960,binays1960,1
177641,Article,binays1960,SribaalaVTOI,14
177648,Article,binays1960,binays1960,1
177789,Article,binays1960,BawaNaaved,13
177794,Article,binays1960,binays1960,1
177725,Article,binays1960,bylizrobbins,79
177718,Article,binays1960,binays1960,1
177714,Article,binays1960,rajendrasTOI,9
177922,Tweet,binays1960,priyangiTOI,97
177845,Tweet,binays1960,binays1960,1
177863,Tweet,binays1960,RosySequeiraTOI,259
177870,Tweet,binays1960,KTVinobhaTOI,4
177840,Tweet,binays1960,meeravohraTOI,68
177898,Tweet,binays1960,binays1960,1
177874,Tweet,binays1960,KTVinobhaTOI,4
177867,Tweet,binays1960,binays1960,1
177884,Tweet,binays1960,KTVinobhaTOI,4
177846,Tweet,binays1960,ramendrasTOI,4
177930,Tweet,binays1960,akhileshsTOI,86
177877,Tweet,binays1960,MohitaTOI,53
177915,Tweet,binays1960,binays1960,1
177918,Tweet,binays1960,Rupalijee,102
177894,Tweet,binays1960,binays1960,1
161057,Article,edvulliamy,OfficeGSBrown,9
161209,Article,edvulliamy,JohnJCrace,33
161151,Article,edvulliamy,williamnhutton,35
161264,Article,edvulliamy,ArthurNeslen,48
161060,Article,edvulliamy,JohnJCrace,78
161135,Article,edvulliamy,nnougayrede,26
161169,Article,edvulliamy,bglendenning,81
161038,Article,edvulliamy,edvulliamy,1
161139,Article,edvulliamy,jackschofield,12
161101,Article,edvulliamy,desaisantosh,36
161064,Article,edvulliamy,nnougayrede,122
161041,Article,edvulliamy,SearleAdrian,4
161148,Article,edvulliamy,john_hooper,30
161177,Article,edvulliamy,peterbradshaw1,27
161164,Article,edvulliamy,DerekMalcolm123,7
161321,Tweet,edvulliamy,genznyt,279
161350,Tweet,edvulliamy,andrewrawnsley,24
161829,Tweet,edvulliamy,RosySequeiraTOI,48
161777,Tweet,edvulliamy,vwang3,39
161343,Tweet,edvulliamy,ElisabethMalkin,44
161593,Tweet,edvulliamy,andrewrawnsley,163
161781,Tweet,edvulliamy,jatinder_tur,3
161420,Tweet,edvulliamy,andrewrawnsley,3
161395,Tweet,edvulliamy,edvulliamy,1
161475,Tweet,edvulliamy,jennyschuessler,15
161274,Tweet,edvulliamy,murarishetyeTOI,168
161382,Tweet,edvulliamy,tomfriedman,12
161324,Tweet,edvulliamy,naomi2009,26
161771,Tweet,edvulliamy,andrewrawnsley,50
161703,Tweet,edvulliamy,gmorgenson,47
199448,Article,pankajdoval,nandinisgTOI,4
199529,Article,pankajdoval,nandinisgTOI,3
199618,Article,pankajdoval,007pandey,29
199498,Article,pankajdoval,KapildaveTOI,2
199635,Article,pankajdoval,pankajdoval,1
199455,Article,pankajdoval,pankajdoval,1
199610,Article,pankajdoval,pankajdoval,1
199430,Article,pankajdoval,nandinisgTOI,27
199462,Article,pankajdoval,pankajdoval,1
199460,Article,pankajdoval,pankajdoval,1
199469,Article,pankajdoval,007pandey,3
199628,Article,pankajdoval,parthasinha,22
199558,Article,pankajdoval,nandinisgTOI,2
199518,Article,pankajdoval,pankajdoval,1
199395,Article,pankajdoval,pankajdoval,1
199723,Tweet,pankajdoval,juliemTOI,164
199669,Tweet,pankajdoval,MohitaTOI,2
199681,Tweet,pankajdoval,bishnoiarvind11,2
199677,Tweet,pankajdoval,SwatiMathurTOI,18
199694,Tweet,pankajdoval,MohitaTOI,154
199718,Tweet,pankajdoval,polblonde,264
199690,Tweet,pankajdoval,joshwiddicombe,129
199727,Tweet,pankajdoval,pankajdoval,1
199715,Tweet,pankajdoval,AnaSwanson,27
199683,Tweet,pankajdoval,pankajdoval,1
199714,Tweet,pankajdoval,digbijaymishra1,35
199644,Tweet,pankajdoval,somitsenTOI,31
199680,Tweet,pankajdoval,pankajdoval,1
199700,Tweet,pankajdoval,amitanandTOI,280
199706,Tweet,pankajdoval,lucysiegle,309
101938,Article,msrachelcooke,jayrayner1,42
102117,Article,msrachelcooke,OwenJones84,12
101939,Article,msrachelcooke,williamnhutton,219
101969,Article,msrachelcooke,jennydeluxe,201
101920,Article,msrachelcooke,thestephmerritt,2
101886,Article,msrachelcooke,nicklezard,7
101944,Article,msrachelcooke,garyyounge,31
101916,Article,msrachelcooke,jayrayner1,48
101917,Article,msrachelcooke,MichaelWhite,2
101905,Article,msrachelcooke,timatkin,9
101915,Article,msrachelcooke,OfficeGSBrown,39
101947,Article,msrachelcooke,FranklinBlog,205
102111,Article,msrachelcooke,williamnhutton,199
102077,Article,msrachelcooke,msrachelcooke,1
101995,Article,msrachelcooke,emmabrockes,4
102467,Tweet,msrachelcooke,LucyMangan,125
102653,Tweet,msrachelcooke,laurenlaverne,35
102248,Tweet,msrachelcooke,KSchulten,330
102601,Tweet,msrachelcooke,msrachelcooke,1
102199,Tweet,msrachelcooke,jonronson,60
102606,Tweet,msrachelcooke,williamkeegan,306
102661,Tweet,msrachelcooke,RosySequeiraTOI,213
102333,Tweet,msrachelcooke,msrachelcooke,1
102236,Tweet,msrachelcooke,DeccaJourno,61
102605,Tweet,msrachelcooke,peterbradshaw1,170
102679,Tweet,msrachelcooke,KSchulten,197
102488,Tweet,msrachelcooke,msrachelcooke,1
102466,Tweet,msrachelcooke,msrachelcooke,1
102680,Tweet,msrachelcooke,ajaysuraTOI,358
102419,Tweet,msrachelcooke,nicklezard,2
24068,Article,viasimonromero,antontroian,121
24099,Article,viasimonromero,kannoyoungs,3
24081,Article,viasimonromero,EmmaBubola,5
24007,Article,viasimonromero,SarahMaslinNir,10
24045,Article,viasimonromero,viasimonromero,1
24071,Article,viasimonromero,apoorva_nyc,83
24016,Article,viasimonromero,lukebroadwater,4
24012,Article,viasimonromero,jonpareles,27
24053,Article,viasimonromero,viasimonromero,1
24010,Article,viasimonromero,ianrausten,50
24031,Article,viasimonromero,jwpetersNYT,4
24024,Article,viasimonromero,antontroian,52
24040,Article,viasimonromero,NYTimesCohen,63
24011,Article,viasimonromero,viasimonromero,1
24054,Article,viasimonromero,RichSandomir,36
24152,Tweet,viasimonromero,PamBelluck,16
24147,Tweet,viasimonromero,tomfriedman,10
24171,Tweet,viasimonromero,polblonde,274
24139,Tweet,viasimonromero,PamBelluck,13
24173,Tweet,viasimonromero,PatriciaMazzei,51
24142,Tweet,viasimonromero,ElisabethMalkin,18
24129,Tweet,viasimonromero,KeithBradsher,7
24140,Tweet,viasimonromero,viasimonromero,1
24144,Tweet,viasimonromero,tomfriedman,2
24123,Tweet,viasimonromero,PNaveenTOI,5
24128,Tweet,viasimonromero,viasimonromero,1
24104,Tweet,viasimonromero,ianrausten,65
24194,Tweet,viasimonromero,viasimonromero,1
24137,Tweet,viasimonromero,murarishetyeTOI,70
24125,Tweet,viasimonromero,hugolowell,73
203447,Article,priyagupta999,PrashantrTOI,3
203439,Article,priyagupta999,divyapal2013,8
203558,Article,priyagupta999,priyagupta999,1
203340,Article,priyagupta999,divyapal2013,28
203323,Article,priyagupta999,MoharBasu,2
203459,Article,priyagupta999,PrashantrTOI,2
203332,Article,priyagupta999,priyagupta999,1
203424,Article,priyagupta999,VivianHo,116
203451,Article,priyagupta999,MoharBasu,2
203460,Article,priyagupta999,aditya_bh16,4
203550,Article,priyagupta999,elizabday,29
203434,Article,priyagupta999,priyagupta999,1
203519,Article,priyagupta999,shiba_kurian,7
203376,Article,priyagupta999,priyagupta999,1
203402,Article,priyagupta999,priyagupta999,1
203597,Tweet,priyagupta999,priyagupta999,1
203662,Tweet,priyagupta999,MohitaTOI,16
203592,Tweet,priyagupta999,meeravohraTOI,4
203588,Tweet,priyagupta999,PjJoychen,30
203641,Tweet,priyagupta999,priyagupta999,1
203601,Tweet,priyagupta999,Gauraw2297,22
203582,Tweet,priyagupta999,smita_mishra,59
203628,Tweet,priyagupta999,MohitaTOI,4
203638,Tweet,priyagupta999,EricaLG,51
203602,Tweet,priyagupta999,priyagupta999,1
203599,Tweet,priyagupta999,priyagupta999,1
203649,Tweet,priyagupta999,Gauraw2297,15
203640,Tweet,priyagupta999,KanwardeepsTOI,35
203650,Tweet,priyagupta999,Gauraw2297,11
203595,Tweet,priyagupta999,MohitaTOI,15
27441,Article,marywalshjourno,margaretrenkl,12
27405,Article,marywalshjourno,FlitterOnFraud,16
27492,Article,marywalshjourno,bencasselman,9
27429,Article,marywalshjourno,marywalshjourno,1
27472,Article,marywalshjourno,marywalshjourno,1
27437,Article,marywalshjourno,marywalshjourno,1
27488,Article,marywalshjourno,marywalshjourno,1
27434,Article,marywalshjourno,marywalshjourno,1
27406,Article,marywalshjourno,marywalshjourno,1
27435,Article,marywalshjourno,gmorgenson,41
27432,Article,marywalshjourno,paulkrugman,4
27498,Article,marywalshjourno,marywalshjourno,1
27418,Article,marywalshjourno,ASoloski,47
27457,Article,marywalshjourno,marywalshjourno,1
27459,Article,marywalshjourno,marywalshjourno,1
27527,Tweet,marywalshjourno,marywalshjourno,1
27546,Tweet,marywalshjourno,NilsPratley,115
27515,Tweet,marywalshjourno,tomfriedman,32
27501,Tweet,marywalshjourno,ajaysuraTOI,39
27574,Tweet,marywalshjourno,sangerkatz,2
27522,Tweet,marywalshjourno,jameskanter,255
27508,Tweet,marywalshjourno,marywalshjourno,1
27580,Tweet,marywalshjourno,jeannasmialek,6
27523,Tweet,marywalshjourno,marywalshjourno,1
27503,Tweet,marywalshjourno,marywalshjourno,1
27521,Tweet,marywalshjourno,marywalshjourno,1
27549,Tweet,marywalshjourno,andrewrsorkin,68
27568,Tweet,marywalshjourno,marywalshjourno,1
27577,Tweet,marywalshjourno,marywalshjourno,1
27526,Tweet,marywalshjourno,andrewrawnsley,2
183396,Article,durgeshjhaTOI,durgeshjhaTOI,1
183449,Article,durgeshjhaTOI,durgeshjhaTOI,1
183384,Article,durgeshjhaTOI,akhileshsTOI,13
183390,Article,durgeshjhaTOI,AnujaJaiswalTOI,2
183564,Article,durgeshjhaTOI,AnujaJaiswalTOI,3
183421,Article,durgeshjhaTOI,durgeshjhaTOI,1
183400,Article,durgeshjhaTOI,durgeshjhaTOI,1
183377,Article,durgeshjhaTOI,durgeshjhaTOI,1
183519,Article,durgeshjhaTOI,durgeshjhaTOI,1
183472,Article,durgeshjhaTOI,durgeshjhaTOI,1
183496,Article,durgeshjhaTOI,durgeshjhaTOI,1
183493,Article,durgeshjhaTOI,Rupalijee,5
183526,Article,durgeshjhaTOI,durgeshjhaTOI,1
183572,Article,durgeshjhaTOI,durgeshjhaTOI,1
183402,Article,durgeshjhaTOI,durgeshjhaTOI,1
183614,Tweet,durgeshjhaTOI,durgeshjhaTOI,1
183670,Tweet,durgeshjhaTOI,niyatiparikhTOI,41
183646,Tweet,durgeshjhaTOI,durgeshjhaTOI,1
183581,Tweet,durgeshjhaTOI,niyatiparikhTOI,19
183588,Tweet,durgeshjhaTOI,durgeshjhaTOI,1
183641,Tweet,durgeshjhaTOI,durgeshjhaTOI,1
183598,Tweet,durgeshjhaTOI,durgeshjhaTOI,1
183656,Tweet,durgeshjhaTOI,durgeshjhaTOI,1
183610,Tweet,durgeshjhaTOI,durgeshjhaTOI,1
183635,Tweet,durgeshjhaTOI,murarishetyeTOI,40
183668,Tweet,durgeshjhaTOI,desaisantosh,237
183589,Tweet,durgeshjhaTOI,durgeshjhaTOI,1
183621,Tweet,durgeshjhaTOI,durgeshjhaTOI,1
183580,Tweet,durgeshjhaTOI,durgeshjhaTOI,1
183609,Tweet,durgeshjhaTOI,niyatiparikhTOI,36
1074,Article,andrewrsorkin,andrewrsorkin,1
1067,Article,andrewrsorkin,andrewrsorkin,1
1054,Article,andrewrsorkin,andrewrsorkin,1
1078,Article,andrewrsorkin,andrewrsorkin,1
1079,Article,andrewrsorkin,andrewrsorkin,1
1091,Article,andrewrsorkin,andrewrsorkin,1
1004,Article,andrewrsorkin,brooksbarnesNYT,2
1023,Article,andrewrsorkin,andrewrsorkin,1
1077,Article,andrewrsorkin,andrewrsorkin,1
1016,Article,andrewrsorkin,gmorgenson,3
1032,Article,andrewrsorkin,adamliptak,5
1096,Article,andrewrsorkin,jeannasmialek,4
1093,Article,andrewrsorkin,stevenerlanger,3
1089,Article,andrewrsorkin,apoorva_nyc,7
1076,Article,andrewrsorkin,andrewrsorkin,1
1123,Tweet,andrewrsorkin,nytdavidbrooks,251
1181,Tweet,andrewrsorkin,NilsPratley,2
1169,Tweet,andrewrsorkin,digbijaymishra1,311
1109,Tweet,andrewrsorkin,marywalshjourno,41
1113,Tweet,andrewrsorkin,nicklezard,69
1173,Tweet,andrewrsorkin,DerekMalcolm123,71
1107,Tweet,andrewrsorkin,ajaysuraTOI,139
1124,Tweet,andrewrsorkin,emilybell,10
1165,Tweet,andrewrsorkin,digbijaymishra1,138
1126,Tweet,andrewrsorkin,NilsPratley,3
1102,Tweet,andrewrsorkin,RBReich,6
1179,Tweet,andrewrsorkin,tomfriedman,393
1155,Tweet,andrewrsorkin,andrewrsorkin,1
1148,Tweet,andrewrsorkin,NilsPratley,15
1188,Tweet,andrewrsorkin,peterbakernyt,196
9430,Article,jeannasmialek,jeannasmialek,1
9455,Article,jeannasmialek,jeannasmialek,1
9458,Article,jeannasmialek,jeannasmialek,1
9449,Article,jeannasmialek,jeannasmialek,1
9439,Article,jeannasmialek,jeannasmialek,1
9442,Article,jeannasmialek,jeannasmialek,1
9478,Article,jeannasmialek,jeannasmialek,1
9446,Article,jeannasmialek,jeannasmialek,1
9445,Article,jeannasmialek,bencasselman,6
9425,Article,jeannasmialek,bencasselman,2
9415,Article,jeannasmialek,jeannasmialek,1
9499,Article,jeannasmialek,FlitterOnFraud,2
9447,Article,jeannasmialek,jeannasmialek,1
9428,Article,jeannasmialek,jeannasmialek,1
9420,Article,jeannasmialek,jeannasmialek,1
9503,Tweet,jeannasmialek,jeannasmialek,1
9501,Tweet,jeannasmialek,bencasselman,2
9580,Tweet,jeannasmialek,jeannasmialek,1
9523,Tweet,jeannasmialek,ASoloski,144
9590,Tweet,jeannasmialek,bencasselman,5
9519,Tweet,jeannasmialek,jayamenon64,12
9534,Tweet,jeannasmialek,jeannasmialek,1
9564,Tweet,jeannasmialek,marywalshjourno,2
9516,Tweet,jeannasmialek,jeannasmialek,1
9507,Tweet,jeannasmialek,digbijaymishra1,5
9548,Tweet,jeannasmialek,jimtankersley,2
9554,Tweet,jeannasmialek,emilybell,3
9517,Tweet,jeannasmialek,NilsPratley,2
9574,Tweet,jeannasmialek,jeannasmialek,1
9581,Tweet,jeannasmialek,jeannasmialek,1
190665,Article,lisamonteiroTOI,journo_vibha,19
190854,Article,lisamonteiroTOI,bindiyachariTOI,6
190850,Article,lisamonteiroTOI,durgeshjhaTOI,87
190819,Article,lisamonteiroTOI,GovindKMaadTOI,6
190789,Article,lisamonteiroTOI,DSandip_TOI,68
190903,Article,lisamonteiroTOI,bindiyachariTOI,5
190668,Article,lisamonteiroTOI,ThevarSteffy,51
190886,Article,lisamonteiroTOI,GovindKMaadTOI,2
190727,Article,lisamonteiroTOI,rebeccaSTOI,4
190751,Article,lisamonteiroTOI,adwaidh,7
190744,Article,lisamonteiroTOI,bindiyachariTOI,70
190728,Article,lisamonteiroTOI,rhymetraveller,3
190813,Article,lisamonteiroTOI,bindiyachariTOI,45
190713,Article,lisamonteiroTOI,parthshastriTOI,50
190839,Article,lisamonteiroTOI,RosySequeiraTOI,12
190996,Tweet,lisamonteiroTOI,lisamonteiroTOI,1
191000,Tweet,lisamonteiroTOI,murarishetye,2
190913,Tweet,lisamonteiroTOI,murarishetyeTOI,8
190993,Tweet,lisamonteiroTOI,RoniNYTimes,59
190968,Tweet,lisamonteiroTOI,lisamonteiroTOI,1
190948,Tweet,lisamonteiroTOI,murarishetyeTOI,14
190950,Tweet,lisamonteiroTOI,lisamonteiroTOI,1
190952,Tweet,lisamonteiroTOI,lisamonteiroTOI,1
190915,Tweet,lisamonteiroTOI,murarishetyeTOI,17
190923,Tweet,lisamonteiroTOI,RosySequeiraTOI,20
190991,Tweet,lisamonteiroTOI,lisamonteiroTOI,1
190985,Tweet,lisamonteiroTOI,lisamonteiroTOI,1
190989,Tweet,lisamonteiroTOI,lisamonteiroTOI,1
190964,Tweet,lisamonteiroTOI,murarishetyeTOI,4
190995,Tweet,lisamonteiroTOI,lisamonteiroTOI,1
21290,Article,gailcollins,gailcollins,1
21254,Article,gailcollins,gailcollins,1
21219,Article,gailcollins,tomfriedman,2
21261,Article,gailcollins,gailcollins,1
21224,Article,gailcollins,helenecooper,2
21220,Article,gailcollins,gailcollins,1
21256,Article,gailcollins,gailcollins,1
21273,Article,gailcollins,jillfilipovic,34
21233,Article,gailcollins,gailcollins,1
21296,Article,gailcollins,michelleinbklyn,5
21201,Article,gailcollins,paulkrugman,2
21260,Article,gailcollins,MaggieAstor,5
21281,Article,gailcollins,paulkrugman,4
21214,Article,gailcollins,gailcollins,1
21229,Article,gailcollins,gailcollins,1
21326,Tweet,gailcollins,gailcollins,1
21347,Tweet,gailcollins,ajaysuraTOI,5
21357,Tweet,gailcollins,gailcollins,1
21301,Tweet,gailcollins,ginakolata,3
21354,Tweet,gailcollins,RosySequeiraTOI,16
21348,Tweet,gailcollins,gailcollins,1
21376,Tweet,gailcollins,tomfriedman,2
21300,Tweet,gailcollins,WilbyPeter,2
21356,Tweet,gailcollins,gailcollins,1
21374,Tweet,gailcollins,gailcollins,1
21349,Tweet,gailcollins,ginakolata,2
21399,Tweet,gailcollins,RosySequeiraTOI,9
21332,Tweet,gailcollins,gailcollins,1
21387,Tweet,gailcollins,gailcollins,1
21380,Tweet,gailcollins,gailcollins,1
175538,Article,AshokPradhanTOI,RosySequeiraTOI,7
175601,Article,AshokPradhanTOI,akhileshsTOI,3
175598,Article,AshokPradhanTOI,SindhukTOI,20
175385,Article,AshokPradhanTOI,KapildaveTOI,11
175401,Article,AshokPradhanTOI,AshokPradhanTOI,1
175599,Article,AshokPradhanTOI,AshokPradhanTOI,1
175560,Article,AshokPradhanTOI,vaibhavgTOI,2
175460,Article,AshokPradhanTOI,AshokPradhanTOI,1
175499,Article,AshokPradhanTOI,SribaalaVTOI,163
175594,Article,AshokPradhanTOI,AshokPradhanTOI,1
175429,Article,AshokPradhanTOI,AshokPradhanTOI,1
175503,Article,AshokPradhanTOI,AshokPradhanTOI,1
175484,Article,AshokPradhanTOI,AshokPradhanTOI,1
175584,Article,AshokPradhanTOI,AshokPradhanTOI,1
175405,Article,AshokPradhanTOI,kush_junglee,180
175690,Tweet,AshokPradhanTOI,Gauraw2297,9
175716,Tweet,AshokPradhanTOI,KTVinobhaTOI,13
175661,Tweet,AshokPradhanTOI,AshokPradhanTOI,1
175664,Tweet,AshokPradhanTOI,AshokPradhanTOI,1
175701,Tweet,AshokPradhanTOI,HemantaTOI,2
175633,Tweet,AshokPradhanTOI,minatisinghaTOI,33
175628,Tweet,AshokPradhanTOI,HemantaTOI,2
175657,Tweet,AshokPradhanTOI,HemantaTOI,5
175659,Tweet,AshokPradhanTOI,HemantaTOI,18
175707,Tweet,AshokPradhanTOI,AshokPradhanTOI,1
175687,Tweet,AshokPradhanTOI,TOISH31,12
175627,Tweet,AshokPradhanTOI,vijayVsinghTOI,77
175666,Tweet,AshokPradhanTOI,HemantaTOI,2
175672,Tweet,AshokPradhanTOI,HemantaTOI,2
175709,Tweet,AshokPradhanTOI,HemantaTOI,2
193012,Article,mateenHTOI,mateenHTOI,1
192963,Article,mateenHTOI,mateenHTOI,1
193158,Article,mateenHTOI,SindhukTOI,5
192961,Article,mateenHTOI,mateenHTOI,1
193137,Article,mateenHTOI,mateenHTOI,1
192994,Article,mateenHTOI,mateenHTOI,1
193186,Article,mateenHTOI,mateenHTOI,1
192959,Article,mateenHTOI,mateenHTOI,1
193174,Article,mateenHTOI,mateenHTOI,1
192960,Article,mateenHTOI,mateenHTOI,1
193140,Article,mateenHTOI,mateenHTOI,1
193191,Article,mateenHTOI,NishikantkTOI,2
192977,Article,mateenHTOI,SindhukTOI,8
193064,Article,mateenHTOI,mateenHTOI,1
192998,Article,mateenHTOI,mateenHTOI,1
193288,Tweet,mateenHTOI,mateenHTOI,1
193221,Tweet,mateenHTOI,mateenHTOI,1
193271,Tweet,mateenHTOI,nicholaswatt,449
193262,Tweet,mateenHTOI,mateenHTOI,1
193231,Tweet,mateenHTOI,RosySequeiraTOI,224
193207,Tweet,mateenHTOI,mateenHTOI,1
193220,Tweet,mateenHTOI,mateenHTOI,1
193285,Tweet,mateenHTOI,SribaalaVTOI,114
193241,Tweet,mateenHTOI,mateenHTOI,1
193293,Tweet,mateenHTOI,mateenHTOI,1
193246,Tweet,mateenHTOI,mateenHTOI,1
193203,Tweet,mateenHTOI,mateenHTOI,1
193224,Tweet,mateenHTOI,mateenHTOI,1
193266,Tweet,mateenHTOI,mateenHTOI,1
193268,Tweet,mateenHTOI,mateenHTOI,1
11675,Article,kylebuchanan,kylebuchanan,1
11669,Article,kylebuchanan,kylebuchanan,1
11628,Article,kylebuchanan,wesley_morris,7
11647,Article,kylebuchanan,DerekMalcolm123,3
11606,Article,kylebuchanan,kylebuchanan,1
11601,Article,kylebuchanan,kylebuchanan,1
11644,Article,kylebuchanan,DerekMalcolm123,2
11629,Article,kylebuchanan,wesley_morris,4
11685,Article,kylebuchanan,sisario,4
11688,Article,kylebuchanan,bylizrobbins,44
11617,Article,kylebuchanan,joncaramanica,14
11600,Article,kylebuchanan,EVincentelli,23
11632,Article,kylebuchanan,vvfriedman,2
11638,Article,kylebuchanan,kylebuchanan,1
11666,Article,kylebuchanan,wesley_morris,48
11760,Tweet,kylebuchanan,kylebuchanan,1
11750,Tweet,kylebuchanan,wesley_morris,49
11700,Tweet,kylebuchanan,kylebuchanan,1
11703,Tweet,kylebuchanan,joshwiddicombe,97
11779,Tweet,kylebuchanan,jhoffman,61
11783,Tweet,kylebuchanan,kylebuchanan,1
11793,Tweet,kylebuchanan,livia_ar,215
11782,Tweet,kylebuchanan,kylebuchanan,1
11770,Tweet,kylebuchanan,shattenstone,86
11714,Tweet,kylebuchanan,jimwaterson,8
11768,Tweet,kylebuchanan,dwightgarner,2
11749,Tweet,kylebuchanan,joshwiddicombe,280
11745,Tweet,kylebuchanan,ASoloski,5
11737,Tweet,kylebuchanan,LauraCummingArt,86
11763,Tweet,kylebuchanan,samsifton,14
222698,Article,yusrahusain,MohitaTOI,6
222671,Article,yusrahusain,DekaJayanta,5
222480,Article,yusrahusain,yusrahusain,1
222641,Article,yusrahusain,yusrahusain,1
222509,Article,yusrahusain,yusrahusain,1
222652,Article,yusrahusain,ShoebKhanTOI,3
222644,Article,yusrahusain,jatinder_tur,13
222574,Article,yusrahusain,toi_dhananjayM,2
222531,Article,yusrahusain,vaibhavgTOI,2
222543,Article,yusrahusain,dklavaniaTOI,10
222690,Article,yusrahusain,SribaalaVTOI,92
222514,Article,yusrahusain,petleepeter,2
222561,Article,yusrahusain,yusrahusain,1
222482,Article,yusrahusain,SyedAkbarTOI,5
222679,Article,yusrahusain,SumitraDebRoy,3
222816,Tweet,yusrahusain,nandinisgTOI,69
222797,Tweet,yusrahusain,MKSinghGkp,49
222724,Tweet,yusrahusain,nicholaswatt,199
222746,Tweet,yusrahusain,priyangiTOI,103
222723,Tweet,yusrahusain,DekaJayanta,51
222731,Tweet,yusrahusain,meeravohraTOI,49
222742,Tweet,yusrahusain,ManjuVTOI,9
222785,Tweet,yusrahusain,MohitaTOI,56
222750,Tweet,yusrahusain,SagrikaKissu,184
222795,Tweet,yusrahusain,ManjuVTOI,107
222781,Tweet,yusrahusain,mohuadazz,236
222769,Tweet,yusrahusain,AtulMathur_,303
222749,Tweet,yusrahusain,annanorthtweets,110
222734,Tweet,yusrahusain,MujMash,41
222748,Tweet,yusrahusain,SagrikaKissu,55
198380,Article,niyatiparikhTOI,nandinisgTOI,5
198576,Article,niyatiparikhTOI,parthasinha,3
198561,Article,niyatiparikhTOI,KapildaveTOI,2
198567,Article,niyatiparikhTOI,niyatiparikhTOI,1
198533,Article,niyatiparikhTOI,nandinisgTOI,2
198557,Article,niyatiparikhTOI,nandinisgTOI,3
198466,Article,niyatiparikhTOI,niyatiparikhTOI,1
198581,Article,niyatiparikhTOI,nandinisgTOI,2
198431,Article,niyatiparikhTOI,parthshastriTOI,8
198398,Article,niyatiparikhTOI,nandinisgTOI,2
198503,Article,niyatiparikhTOI,pankajdoval,5
198448,Article,niyatiparikhTOI,pankajdoval,2
198542,Article,niyatiparikhTOI,niyatiparikhTOI,1
198427,Article,niyatiparikhTOI,dkarthikTOI,88
198442,Article,niyatiparikhTOI,niyatiparikhTOI,1
198606,Tweet,niyatiparikhTOI,PjJoychen,21
198621,Tweet,niyatiparikhTOI,ronojoy_sen,499
198638,Tweet,niyatiparikhTOI,niyatiparikhTOI,1
198640,Tweet,niyatiparikhTOI,niyatiparikhTOI,1
198609,Tweet,niyatiparikhTOI,niyatiparikhTOI,1
198653,Tweet,niyatiparikhTOI,niyatiparikhTOI,1
198689,Tweet,niyatiparikhTOI,niyatiparikhTOI,1
198599,Tweet,niyatiparikhTOI,niyatiparikhTOI,1
198687,Tweet,niyatiparikhTOI,niyatiparikhTOI,1
198612,Tweet,niyatiparikhTOI,RosySequeiraTOI,426
198626,Tweet,niyatiparikhTOI,niyatiparikhTOI,1
198688,Tweet,niyatiparikhTOI,niyatiparikhTOI,1
198694,Tweet,niyatiparikhTOI,niyatiparikhTOI,1
198686,Tweet,niyatiparikhTOI,niyatiparikhTOI,1
198675,Tweet,niyatiparikhTOI,niyatiparikhTOI,1
172775,Article,aniljdias,aniljdias,1
172908,Article,aniljdias,saumyajitbTOI,12
172966,Article,aniljdias,aniljdias,1
172904,Article,aniljdias,Shilarze_SSR,2
172822,Article,aniljdias,toi_rohanA,3
172784,Article,aniljdias,adwaidh,2
172834,Article,aniljdias,aniljdias,1
172848,Article,aniljdias,adwaidh,4
172806,Article,aniljdias,divyapal2013,2
172811,Article,aniljdias,aniljdias,1
172943,Article,aniljdias,Shilarze_SSR,2
172873,Article,aniljdias,aniljdias,1
172790,Article,aniljdias,adwaidh,2
172907,Article,aniljdias,Pratiks_TOI,3
172781,Article,aniljdias,Shrivathsan1437,8
173032,Tweet,aniljdias,jbouie,93
173083,Tweet,aniljdias,charlie_savage,431
173033,Tweet,aniljdias,AniltheMatrix,2
173055,Tweet,aniljdias,kumaraswamykTOI,186
173052,Tweet,aniljdias,aniljdias,1
173071,Tweet,aniljdias,aniljdias,1
173054,Tweet,aniljdias,kumaraswamykTOI,414
173103,Tweet,aniljdias,aniljdias,1
173086,Tweet,aniljdias,murarishetyeTOI,459
173050,Tweet,aniljdias,aniljdias,1
173027,Tweet,aniljdias,AraniBasuTOI,2
173093,Tweet,aniljdias,RosySequeiraTOI,479
173099,Tweet,aniljdias,aniljdias,1
173076,Tweet,aniljdias,saumyajitbTOI,4
173078,Tweet,aniljdias,tomfriedman,487
11087,Article,kbennhold,meddynyt,2
11077,Article,kbennhold,SharonLNYT,22
11083,Article,kbennhold,NYTimesCohen,4
11030,Article,kbennhold,sarahlyall,17
11034,Article,kbennhold,meddynyt,2
11046,Article,kbennhold,NYTimesCohen,6
11071,Article,kbennhold,meddynyt,2
11036,Article,kbennhold,mikeives,12
11021,Article,kbennhold,kbennhold,1
11073,Article,kbennhold,kbennhold,1
11000,Article,kbennhold,meddynyt,2
11096,Article,kbennhold,NYTimesCohen,15
11010,Article,kbennhold,michelleinbklyn,3
11022,Article,kbennhold,meddynyt,6
11016,Article,kbennhold,kbennhold,1
11177,Tweet,kbennhold,kbennhold,1
11166,Tweet,kbennhold,nytdavidbrooks,18
11181,Tweet,kbennhold,kbennhold,1
11131,Tweet,kbennhold,meddynyt,2
11178,Tweet,kbennhold,jotted,3
11193,Tweet,kbennhold,kbennhold,1
11180,Tweet,kbennhold,ceciliakang,2
11141,Tweet,kbennhold,kbennhold,1
11163,Tweet,kbennhold,kbennhold,1
11197,Tweet,kbennhold,kbennhold,1
11156,Tweet,kbennhold,kbennhold,1
11187,Tweet,kbennhold,kbennhold,1
11176,Tweet,kbennhold,kbennhold,1
11160,Tweet,kbennhold,kbennhold,1
11157,Tweet,kbennhold,kbennhold,1
44764,Article,lindasgrant,msrachelcooke,13
44778,Article,lindasgrant,williamnhutton,6
44834,Article,lindasgrant,gracedent,31
44813,Article,lindasgrant,MarinaHyde,71
44721,Article,lindasgrant,williamnhutton,7
44791,Article,lindasgrant,mtomasky,42
44819,Article,lindasgrant,msrachelcooke,34
44814,Article,lindasgrant,richardwolffedc,60
44807,Article,lindasgrant,msrachelcooke,104
44763,Article,lindasgrant,joshwiddicombe,17
44733,Article,lindasgrant,alexvtunzelmann,45
44858,Article,lindasgrant,TimdeLisle,16
44867,Article,lindasgrant,JohnJCrace,10
44855,Article,lindasgrant,WilbyPeter,31
44820,Article,lindasgrant,davidhepworth,31
44933,Tweet,lindasgrant,ewenmacaskill,4
45464,Tweet,lindasgrant,DekaJayanta,65
44883,Tweet,lindasgrant,joshwiddicombe,143
45097,Tweet,lindasgrant,chiggi,2
45460,Tweet,lindasgrant,andrewrawnsley,17
45219,Tweet,lindasgrant,lindasgrant,1
44963,Tweet,lindasgrant,lindasgrant,1
44966,Tweet,lindasgrant,jimwaterson,26
45028,Tweet,lindasgrant,timatkin,4
45154,Tweet,lindasgrant,WilbyPeter,178
45351,Tweet,lindasgrant,DerekMalcolm123,5
44959,Tweet,lindasgrant,bglendenning,34
44960,Tweet,lindasgrant,GiniaNYT,5
45005,Tweet,lindasgrant,davidhepworth,4
45116,Tweet,lindasgrant,charltonbrooker,42
219022,Article,utejonmayamTOI,somitsenTOI,2
219101,Article,utejonmayamTOI,binays1960,26
219078,Article,utejonmayamTOI,dkarthikTOI,2
219209,Article,utejonmayamTOI,dkarthikTOI,3
219196,Article,utejonmayamTOI,utejonmayamTOI,1
219048,Article,utejonmayamTOI,SearleAdrian,263
219242,Article,utejonmayamTOI,utejonmayamTOI,1
219182,Article,utejonmayamTOI,utejonmayamTOI,1
219217,Article,utejonmayamTOI,utejonmayamTOI,1
219161,Article,utejonmayamTOI,pankajdoval,13
219067,Article,utejonmayamTOI,utejonmayamTOI,1
219056,Article,utejonmayamTOI,IpsitaTOI,3
219149,Article,utejonmayamTOI,msrachelcooke,357
219042,Article,utejonmayamTOI,DSandip_TOI,11
219248,Article,utejonmayamTOI,utejonmayamTOI,1
219312,Tweet,utejonmayamTOI,utejonmayamTOI,1
219291,Tweet,utejonmayamTOI,utejonmayamTOI,1
219313,Tweet,utejonmayamTOI,utejonmayamTOI,1
219329,Tweet,utejonmayamTOI,utejonmayamTOI,1
219362,Tweet,utejonmayamTOI,MohitaTOI,3
219302,Tweet,utejonmayamTOI,utejonmayamTOI,1
219275,Tweet,utejonmayamTOI,utejonmayamTOI,1
219346,Tweet,utejonmayamTOI,ajaykanth7,19
219307,Tweet,utejonmayamTOI,utejonmayamTOI,1
219303,Tweet,utejonmayamTOI,kush_junglee,2
219294,Tweet,utejonmayamTOI,utejonmayamTOI,1
219311,Tweet,utejonmayamTOI,utejonmayamTOI,1
219361,Tweet,utejonmayamTOI,utejonmayamTOI,1
219290,Tweet,utejonmayamTOI,MohitaTOI,3
219360,Tweet,utejonmayamTOI,MohitaTOI,2
170737,Article,AjayUgrasTOI,rjadHinduBL,3
170884,Article,AjayUgrasTOI,AjayUgrasTOI,1
170758,Article,AjayUgrasTOI,AjayUgrasTOI,1
170856,Article,AjayUgrasTOI,AtulMathur_,18
170832,Article,AjayUgrasTOI,AjayUgrasTOI,1
170878,Article,AjayUgrasTOI,AjayUgrasTOI,1
170937,Article,AjayUgrasTOI,journo_vibha,4
170721,Article,AjayUgrasTOI,AjayUgrasTOI,1
170778,Article,AjayUgrasTOI,AjayUgrasTOI,1
170871,Article,AjayUgrasTOI,AjayUgrasTOI,1
170804,Article,AjayUgrasTOI,nauzerbTOI,32
170874,Article,AjayUgrasTOI,AjayUgrasTOI,1
170841,Article,AjayUgrasTOI,rjadHinduBL,2
170915,Article,AjayUgrasTOI,rjadHinduBL,17
170820,Article,AjayUgrasTOI,SumitraDebRoy,32
171012,Tweet,AjayUgrasTOI,AjayUgrasTOI,1
171028,Tweet,AjayUgrasTOI,murarishetyeTOI,12
171030,Tweet,AjayUgrasTOI,AjayUgrasTOI,1
171018,Tweet,AjayUgrasTOI,priyangiTOI,2
170957,Tweet,AjayUgrasTOI,PNaveenTOI,5
170959,Tweet,AjayUgrasTOI,MohitaTOI,2
171020,Tweet,AjayUgrasTOI,polblonde,33
170978,Tweet,AjayUgrasTOI,PjJoychen,10
170992,Tweet,AjayUgrasTOI,vijaysinghTOI,5
170962,Tweet,AjayUgrasTOI,PNaveenTOI,5
170953,Tweet,AjayUgrasTOI,murarishetyeTOI,4
171029,Tweet,AjayUgrasTOI,PNaveenTOI,3
170981,Tweet,AjayUgrasTOI,kush_junglee,3
170989,Tweet,AjayUgrasTOI,NishikantkTOI,2
170995,Tweet,AjayUgrasTOI,PNaveenTOI,3
68130,Article,DeccaJourno,nicholaswatt,71
68116,Article,DeccaJourno,gabyhinsliff,64
68221,Article,DeccaJourno,JohnJCrace,40
68091,Article,DeccaJourno,williamnhutton,36
68250,Article,DeccaJourno,dansabbagh,3
68096,Article,DeccaJourno,garyyounge,15
68257,Article,DeccaJourno,aleksk,23
68049,Article,DeccaJourno,vanbadham,13
68044,Article,DeccaJourno,williamkeegan,3
68146,Article,DeccaJourno,williamnhutton,39
68225,Article,DeccaJourno,MichaelWhite,7
68213,Article,DeccaJourno,msmirandasawyer,33
68066,Article,DeccaJourno,DawnHFoster,4
68145,Article,DeccaJourno,richardwolffedc,12
68185,Article,DeccaJourno,OwenJones84,5
68362,Tweet,DeccaJourno,laurenlaverne,2
68435,Tweet,DeccaJourno,emmabrockes,110
68322,Tweet,DeccaJourno,DeccaJourno,1
68514,Tweet,DeccaJourno,andrewrawnsley,105
68323,Tweet,DeccaJourno,timatkin,81
68438,Tweet,DeccaJourno,jimwaterson,81
68353,Tweet,DeccaJourno,yeshikabudhwar,274
68388,Tweet,DeccaJourno,joshwiddicombe,277
68321,Tweet,DeccaJourno,timlottwriter,60
68345,Tweet,DeccaJourno,AlysFowler,93
68519,Tweet,DeccaJourno,laurenlaverne,2
68307,Tweet,DeccaJourno,DeccaJourno,1
68512,Tweet,DeccaJourno,laurenlaverne,2
68413,Tweet,DeccaJourno,DeccaJourno,1
68461,Tweet,DeccaJourno,jonpareles,267
196168,Article,nandinisgTOI,nandinisgTOI,1
196211,Article,nandinisgTOI,nandinisgTOI,1
196162,Article,nandinisgTOI,nandinisgTOI,1
196176,Article,nandinisgTOI,nandinisgTOI,1
196137,Article,nandinisgTOI,nandinisgTOI,1
196117,Article,nandinisgTOI,nandinisgTOI,1
196075,Article,nandinisgTOI,nandinisgTOI,1
196071,Article,nandinisgTOI,nandinisgTOI,1
196126,Article,nandinisgTOI,nandinisgTOI,1
196213,Article,nandinisgTOI,pankajdoval,2
196028,Article,nandinisgTOI,KapildaveTOI,8
196155,Article,nandinisgTOI,007pandey,2
196171,Article,nandinisgTOI,nandinisgTOI,1
196205,Article,nandinisgTOI,nandinisgTOI,1
196091,Article,nandinisgTOI,niyatiparikhTOI,3
196282,Tweet,nandinisgTOI,sudhanshub16,4
196377,Tweet,nandinisgTOI,desaisantosh,7
196353,Tweet,nandinisgTOI,sudhanshub16,16
196371,Tweet,nandinisgTOI,kumaraswamykTOI,15
196324,Tweet,nandinisgTOI,nandinisgTOI,1
196329,Tweet,nandinisgTOI,kumaraswamykTOI,20
196355,Tweet,nandinisgTOI,lucywardsings,72
196290,Tweet,nandinisgTOI,nandinisgTOI,1
196352,Tweet,nandinisgTOI,jennydeluxe,207
196295,Tweet,nandinisgTOI,nandinisgTOI,1
196288,Tweet,nandinisgTOI,andrewrawnsley,31
196298,Tweet,nandinisgTOI,nandinisgTOI,1
196309,Tweet,nandinisgTOI,nandinisgTOI,1
196333,Tweet,nandinisgTOI,tushhaikhush,7
196370,Tweet,nandinisgTOI,jbouie,5
169285,Article,aditya_bh16,Gauraw2297,69
169212,Article,aditya_bh16,Pratiks_TOI,4
169177,Article,aditya_bh16,msrachelcooke,42
169307,Article,aditya_bh16,kumaraswamykTOI,19
169209,Article,aditya_bh16,nnougayrede,2
169170,Article,aditya_bh16,desaisantosh,10
169375,Article,aditya_bh16,Pratiks_TOI,6
169236,Article,aditya_bh16,Pratiks_TOI,4
169352,Article,aditya_bh16,Pratiks_TOI,42
169205,Article,aditya_bh16,vivek9301,5
169378,Article,aditya_bh16,Pratiks_TOI,4
169273,Article,aditya_bh16,adwaidh,34
169189,Article,aditya_bh16,Pratiks_TOI,23
169246,Article,aditya_bh16,bglendenning,79
169383,Article,aditya_bh16,charlie_savage,11
169418,Tweet,aditya_bh16,joshwiddicombe,21
169449,Tweet,aditya_bh16,kumaraswamykTOI,2
169428,Tweet,aditya_bh16,RosySequeiraTOI,193
169489,Tweet,aditya_bh16,TridibIANS,4
169435,Tweet,aditya_bh16,aditya_bh16,1
169440,Tweet,aditya_bh16,msrachelcooke,94
169456,Tweet,aditya_bh16,tushhaikhush,25
169454,Tweet,aditya_bh16,TridibIANS,3
169425,Tweet,aditya_bh16,kumaraswamykTOI,4
169466,Tweet,aditya_bh16,psangeetha2112,2
169441,Tweet,aditya_bh16,aditya_bh16,1
169492,Tweet,aditya_bh16,nauzerbTOI,26
169482,Tweet,aditya_bh16,TridibIANS,5
169461,Tweet,aditya_bh16,smita_mishra,22
169470,Tweet,aditya_bh16,tushhaikhush,123
200548,Article,payaldhawanTOI,bishnoiarvind11,2
200465,Article,payaldhawanTOI,payaldhawanTOI,1
200448,Article,payaldhawanTOI,payaldhawanTOI,1
200668,Article,payaldhawanTOI,payaldhawanTOI,1
200480,Article,payaldhawanTOI,AjayUgrasTOI,4
200596,Article,payaldhawanTOI,payaldhawanTOI,1
200618,Article,payaldhawanTOI,AjayUgrasTOI,12
200439,Article,payaldhawanTOI,mateenHTOI,4
200472,Article,payaldhawanTOI,payaldhawanTOI,1
200523,Article,payaldhawanTOI,maheshbTOI,2
200503,Article,payaldhawanTOI,payaldhawanTOI,1
200552,Article,payaldhawanTOI,adwaidh,15
200601,Article,payaldhawanTOI,dklavaniaTOI,2
200554,Article,payaldhawanTOI,payaldhawanTOI,1
200506,Article,payaldhawanTOI,bishnoiarvind11,3
200718,Tweet,payaldhawanTOI,payaldhawanTOI,1
200695,Tweet,payaldhawanTOI,manvirsainiTOI,23
200769,Tweet,payaldhawanTOI,ipsinghTOI,17
200697,Tweet,payaldhawanTOI,murarishetyeTOI,6
200698,Tweet,payaldhawanTOI,digbijaymishra1,75
200742,Tweet,payaldhawanTOI,payaldhawanTOI,1
200721,Tweet,payaldhawanTOI,payaldhawanTOI,1
200704,Tweet,payaldhawanTOI,vijaypTOI,22
200713,Tweet,payaldhawanTOI,MohitaTOI,48
200711,Tweet,payaldhawanTOI,payaldhawanTOI,1
200686,Tweet,payaldhawanTOI,dubeyavishek,6
200719,Tweet,payaldhawanTOI,bishnoiarvind11,50
200761,Tweet,payaldhawanTOI,payaldhawanTOI,1
200723,Tweet,payaldhawanTOI,payaldhawanTOI,1
200725,Tweet,payaldhawanTOI,payaldhawanTOI,1
135131,Article,MarinaHyde,andybrassell,13
134995,Article,MarinaHyde,MarinaHyde,1
134998,Article,MarinaHyde,archiebland,42
135003,Article,MarinaHyde,bglendenning,8
135107,Article,MarinaHyde,MichaelWhite,5
135076,Article,MarinaHyde,JohnJCrace,2
135104,Article,MarinaHyde,williamnhutton,14
135156,Article,MarinaHyde,gabyhinsliff,77
134993,Article,MarinaHyde,ggreenwald,34
135064,Article,MarinaHyde,OwenJones84,40
135142,Article,MarinaHyde,bglendenning,21
135036,Article,MarinaHyde,williamnhutton,10
134997,Article,MarinaHyde,hannahdev,61
135074,Article,MarinaHyde,bglendenning,13
135022,Article,MarinaHyde,TimdeLisle,15
135257,Tweet,MarinaHyde,LucyMangan,45
135269,Tweet,MarinaHyde,NesrineMalik,12
135366,Tweet,MarinaHyde,ditzkoff,34
135312,Tweet,MarinaHyde,WilbyPeter,2
135288,Tweet,MarinaHyde,msrachelcooke,57
135238,Tweet,MarinaHyde,vwang3,44
135369,Tweet,MarinaHyde,jonronson,65
135237,Tweet,MarinaHyde,rachshabi,22
135296,Tweet,MarinaHyde,desaisantosh,33
135264,Tweet,MarinaHyde,tomfriedman,6
135283,Tweet,MarinaHyde,DawnHFoster,54
135289,Tweet,MarinaHyde,RosySequeiraTOI,66
135353,Tweet,MarinaHyde,RosySequeiraTOI,31
135280,Tweet,MarinaHyde,joshwiddicombe,113
135246,Tweet,MarinaHyde,desaisantosh,40
188712,Article,KanwardeepsTOI,KanwardeepsTOI,1
188607,Article,KanwardeepsTOI,KanwardeepsTOI,1
188678,Article,KanwardeepsTOI,dubeyavishek,5
188648,Article,KanwardeepsTOI,KanwardeepsTOI,1
188753,Article,KanwardeepsTOI,KanwardeepsTOI,1
188781,Article,KanwardeepsTOI,KanwardeepsTOI,1
188743,Article,KanwardeepsTOI,dubeyavishek,2
188758,Article,KanwardeepsTOI,KanwardeepsTOI,1
188590,Article,KanwardeepsTOI,SidharthB25,5
188784,Article,KanwardeepsTOI,BawaNaaved,5
188628,Article,KanwardeepsTOI,KanwardeepsTOI,1
188811,Article,KanwardeepsTOI,SagrikaKissu,2
188615,Article,KanwardeepsTOI,KanwardeepsTOI,1
188602,Article,KanwardeepsTOI,KanwardeepsTOI,1
188778,Article,KanwardeepsTOI,AjayUgrasTOI,8
188855,Tweet,KanwardeepsTOI,AditiZero,20
188896,Tweet,KanwardeepsTOI,dklavaniaTOI,2
188856,Tweet,KanwardeepsTOI,Arv_Ind_Chauhan,61
188839,Tweet,KanwardeepsTOI,BawaNaaved,19
188886,Tweet,KanwardeepsTOI,nicholaswatt,104
188853,Tweet,KanwardeepsTOI,Gauraw2297,20
188884,Tweet,KanwardeepsTOI,AmritadTOI,5
188852,Tweet,KanwardeepsTOI,AditiZero,2
188888,Tweet,KanwardeepsTOI,NishikantkTOI,3
188900,Tweet,KanwardeepsTOI,nauzerbTOI,17
188899,Tweet,KanwardeepsTOI,MohitaTOI,4
188866,Tweet,KanwardeepsTOI,Arv_Ind_Chauhan,10
188849,Tweet,KanwardeepsTOI,vijaypTOI,11
188906,Tweet,KanwardeepsTOI,advityabahlTOI,2
188917,Tweet,KanwardeepsTOI,KanwardeepsTOI,1
21417,Article,ginakolata,RoniNYTimes,4
21406,Article,ginakolata,carlzimmer,4
21465,Article,ginakolata,carlzimmer,9
21405,Article,ginakolata,ElisabethMalkin,11
21493,Article,ginakolata,ginakolata,1
21429,Article,ginakolata,carlzimmer,7
21436,Article,ginakolata,carlzimmer,2
21479,Article,ginakolata,apoorva_nyc,22
21483,Article,ginakolata,carlzimmer,5
21426,Article,ginakolata,parul_sehgal,2
21463,Article,ginakolata,nytDeniseGrady,6
21486,Article,ginakolata,FlitterOnFraud,63
21445,Article,ginakolata,RoniNYTimes,6
21498,Article,ginakolata,EmmaBubola,13
21476,Article,ginakolata,RoniNYTimes,5
21594,Tweet,ginakolata,timlottwriter,83
21512,Tweet,ginakolata,RoniNYTimes,3
21573,Tweet,ginakolata,ajaysuraTOI,17
21516,Tweet,ginakolata,nytDeniseGrady,14
21589,Tweet,ginakolata,aleksk,2
21543,Tweet,ginakolata,RoniNYTimes,18
21523,Tweet,ginakolata,ajaysuraTOI,22
21595,Tweet,ginakolata,RosySequeiraTOI,92
21534,Tweet,ginakolata,vwang3,174
21587,Tweet,ginakolata,desaisantosh,310
21537,Tweet,ginakolata,rachlharris,113
21581,Tweet,ginakolata,desaisantosh,186
21554,Tweet,ginakolata,PamBelluck,13
21505,Tweet,ginakolata,aleksk,2
21535,Tweet,ginakolata,ginakolata,1
129479,Article,LeoHickman,IanCobain,80
129475,Article,LeoHickman,nicholaswatt,62
129419,Article,LeoHickman,VivianHo,17
129438,Article,LeoHickman,garyyounge,40
129497,Article,LeoHickman,AnaSwanson,196
129457,Article,LeoHickman,FranklinBlog,83
129584,Article,LeoHickman,emilybell,47
129462,Article,LeoHickman,naomi2009,6
129531,Article,LeoHickman,joshwiddicombe,93
129456,Article,LeoHickman,nicholaswatt,2
129549,Article,LeoHickman,lucysiegle,48
129559,Article,LeoHickman,davidhepworth,27
129528,Article,LeoHickman,RBReich,34
129396,Article,LeoHickman,williamkeegan,70
129569,Article,LeoHickman,steve_hewlett,62
129986,Tweet,LeoHickman,ajaysuraTOI,42
129691,Tweet,LeoHickman,juliemTOI,24
129760,Tweet,LeoHickman,ggreenwald,114
130089,Tweet,LeoHickman,RosySequeiraTOI,89
129793,Tweet,LeoHickman,polblonde,53
129950,Tweet,LeoHickman,RosySequeiraTOI,5
130127,Tweet,LeoHickman,jayamenon64,28
129949,Tweet,LeoHickman,advityabahlTOI,9
129922,Tweet,LeoHickman,LeoHickman,1
129980,Tweet,LeoHickman,LeoHickman,1
129755,Tweet,LeoHickman,tomfriedman,160
130086,Tweet,LeoHickman,RosySequeiraTOI,67
129732,Tweet,LeoHickman,Crime_Selvaraj,53
129715,Tweet,LeoHickman,gmorgenson,237
129999,Tweet,LeoHickman,lucywardsings,5
16671,Article,peterbakernyt,michaelcrowley,5
16623,Article,peterbakernyt,peterbakernyt,1
16659,Article,peterbakernyt,anniekarni,21
16696,Article,peterbakernyt,npfandos,9
16682,Article,peterbakernyt,llerer,3
16654,Article,peterbakernyt,jbouie,30
16673,Article,peterbakernyt,SangerNYT,2
16614,Article,peterbakernyt,sarahlyall,6
16663,Article,peterbakernyt,ewong,5
16675,Article,peterbakernyt,peterbakernyt,1
16662,Article,peterbakernyt,peterbakernyt,1
16638,Article,peterbakernyt,tomfriedman,16
16677,Article,peterbakernyt,ASoloski,201
16624,Article,peterbakernyt,hillhulse,49
16615,Article,peterbakernyt,jimtankersley,2
16782,Tweet,peterbakernyt,tomfriedman,72
16762,Tweet,peterbakernyt,tripgabriel,4
16728,Tweet,peterbakernyt,RoniNYTimes,10
16746,Tweet,peterbakernyt,ByJamesWagner,26
16714,Tweet,peterbakernyt,aleksk,30
16709,Tweet,peterbakernyt,kannoyoungs,17
16774,Tweet,peterbakernyt,murarishetyeTOI,126
16748,Tweet,peterbakernyt,DerekMalcolm123,291
16702,Tweet,peterbakernyt,nytdavidbrooks,56
16786,Tweet,peterbakernyt,jeannasmialek,3
16790,Tweet,peterbakernyt,tomfriedman,59
16756,Tweet,peterbakernyt,IKershner,6
16771,Tweet,peterbakernyt,jimtankersley,2
16779,Tweet,peterbakernyt,adamliptak,23
16795,Tweet,peterbakernyt,hillhulse,30
205005,Article,ramarkosg,SribaalaVTOI,113
204949,Article,ramarkosg,toi_shailendraA,62
204973,Article,ramarkosg,naomi2009,67
204967,Article,ramarkosg,ramarkosg,1
204999,Article,ramarkosg,aseemsgujar,3
204997,Article,ramarkosg,ramarkosg,1
205040,Article,ramarkosg,digbijaymishra1,2
205036,Article,ramarkosg,DekaJayanta,81
204974,Article,ramarkosg,ramarkosg,1
205038,Article,ramarkosg,ramarkosg,1
205048,Article,ramarkosg,Rupalijee,7
205018,Article,ramarkosg,ramarkosg,1
204994,Article,ramarkosg,ramarkosg,1
204975,Article,ramarkosg,ramarkosg,1
205033,Article,ramarkosg,ramarkosg,1
205134,Tweet,ramarkosg,desaisantosh,374
205098,Tweet,ramarkosg,ramarkosg,1
205138,Tweet,ramarkosg,aditya_bh16,108
205147,Tweet,ramarkosg,DekaJayanta,362
205131,Tweet,ramarkosg,juliemTOI,159
205099,Tweet,ramarkosg,ramarkosg,1
205129,Tweet,ramarkosg,murarishetyeTOI,2
205062,Tweet,ramarkosg,ramarkosg,1
205141,Tweet,ramarkosg,desaisantosh,29
205107,Tweet,ramarkosg,ramarkosg,1
205142,Tweet,ramarkosg,tushhaikhush,95
205125,Tweet,ramarkosg,ramarkosg,1
205078,Tweet,ramarkosg,ramarkosg,1
205135,Tweet,ramarkosg,tushhaikhush,285
205137,Tweet,ramarkosg,priyagupta999,24
36206,Article,GiniaNYT,bylizrobbins,33
36225,Article,GiniaNYT,vvfriedman,4
36272,Article,GiniaNYT,PerriKlass,72
36216,Article,GiniaNYT,bylizrobbins,68
36253,Article,GiniaNYT,DerekMalcolm123,30
36240,Article,GiniaNYT,GiniaNYT,1
36209,Article,GiniaNYT,michelleinbklyn,2
36235,Article,GiniaNYT,bylizrobbins,78
36246,Article,GiniaNYT,dwightgarner,2
36277,Article,GiniaNYT,ElisabethMalkin,65
36283,Article,GiniaNYT,PerriKlass,122
36275,Article,GiniaNYT,carlzimmer,91
36262,Article,GiniaNYT,GiniaNYT,1
36276,Article,GiniaNYT,joecoscarelli,17
36264,Article,GiniaNYT,DerekMalcolm123,6
36360,Tweet,GiniaNYT,murarishetyeTOI,140
36370,Tweet,GiniaNYT,jimwaterson,22
36330,Tweet,GiniaNYT,andrewrawnsley,102
36384,Tweet,GiniaNYT,dwightgarner,4
36300,Tweet,GiniaNYT,andrewrawnsley,27
36386,Tweet,GiniaNYT,thestephmerritt,12
36350,Tweet,GiniaNYT,andrewrawnsley,102
36392,Tweet,GiniaNYT,jonpareles,64
36382,Tweet,GiniaNYT,PerriKlass,72
36373,Tweet,GiniaNYT,jimwaterson,2
36326,Tweet,GiniaNYT,lindasgrant,2
36352,Tweet,GiniaNYT,DouthatNYT,17
36372,Tweet,GiniaNYT,desaisantosh,12
36395,Tweet,GiniaNYT,timatkin,12
36341,Tweet,GiniaNYT,RosySequeiraTOI,71
171479,Article,AlokKNMishra,SagrikaKissu,2
171562,Article,AlokKNMishra,AlokKNMishra,1
171557,Article,AlokKNMishra,AlokKNMishra,1
171503,Article,AlokKNMishra,AlokKNMishra,1
171528,Article,AlokKNMishra,AlokKNMishra,1
171580,Article,AlokKNMishra,KapildaveTOI,4
171624,Article,AlokKNMishra,AlokKNMishra,1
171398,Article,AlokKNMishra,AlokKNMishra,1
171585,Article,AlokKNMishra,AlokKNMishra,1
171604,Article,AlokKNMishra,AlokKNMishra,1
171514,Article,AlokKNMishra,vaibhavgTOI,4
171589,Article,AlokKNMishra,AlokKNMishra,1
171412,Article,AlokKNMishra,AtulMathur_,2
171438,Article,AlokKNMishra,AlokKNMishra,1
171390,Article,AlokKNMishra,AlokKNMishra,1
171638,Tweet,AlokKNMishra,AlokKNMishra,1
171636,Tweet,AlokKNMishra,MichaelWhite,3
171655,Tweet,AlokKNMishra,AlokKNMishra,1
171648,Tweet,AlokKNMishra,SribaalaVTOI,43
171647,Tweet,AlokKNMishra,AlokKNMishra,1
171682,Tweet,AlokKNMishra,SribaalaVTOI,14
171673,Tweet,AlokKNMishra,AlokKNMishra,1
171714,Tweet,AlokKNMishra,AlokKNMishra,1
171704,Tweet,AlokKNMishra,HemantaTOI,2
171680,Tweet,AlokKNMishra,AtulMathur_,6
171710,Tweet,AlokKNMishra,AlokKNMishra,1
171657,Tweet,AlokKNMishra,AlokKNMishra,1
171703,Tweet,AlokKNMishra,EricaLG,399
171720,Tweet,AlokKNMishra,AlokKNMishra,1
171683,Tweet,AlokKNMishra,jayamenon64,8
114947,Article,mswainwright,MonaChalabi,10
114852,Article,mswainwright,msrachelcooke,70
114812,Article,mswainwright,davidhepworth,11
114874,Article,mswainwright,mswainwright,1
114809,Article,mswainwright,VivianHo,193
114974,Article,mswainwright,mswainwright,1
114862,Article,mswainwright,mswainwright,1
114773,Article,mswainwright,peterbradshaw1,2
114834,Article,mswainwright,JohnJCrace,59
114873,Article,mswainwright,NilsPratley,5
114927,Article,mswainwright,tomdyckhoff,2
115005,Article,mswainwright,timlottwriter,39
114775,Article,mswainwright,ollywainwright,14
114973,Article,mswainwright,carolecadwalla,66
114935,Article,mswainwright,LeoHickman,10
115064,Tweet,mswainwright,DanielKingChess,3
115167,Tweet,mswainwright,steve_hewlett,69
115416,Tweet,mswainwright,mswainwright,1
115040,Tweet,mswainwright,samsifton,5
115398,Tweet,mswainwright,LucyMangan,138
115077,Tweet,mswainwright,polblonde,15
115348,Tweet,mswainwright,mswainwright,1
115186,Tweet,mswainwright,lucywardsings,67
115449,Tweet,mswainwright,DanielKingChess,36
115099,Tweet,mswainwright,EricaLG,133
115124,Tweet,mswainwright,DerekMalcolm123,119
115433,Tweet,mswainwright,mswainwright,1
115043,Tweet,mswainwright,desaisantosh,202
115328,Tweet,mswainwright,vwang3,232
115216,Tweet,mswainwright,WilbyPeter,338
12085,Article,LFFriedman,lukebroadwater,4
12073,Article,LFFriedman,LFFriedman,1
12024,Article,LFFriedman,SharonLNYT,6
12087,Article,LFFriedman,LFFriedman,1
12039,Article,LFFriedman,LFFriedman,1
12047,Article,LFFriedman,LFFriedman,1
12086,Article,LFFriedman,NYTLiz,18
12089,Article,LFFriedman,livia_ar,28
12030,Article,LFFriedman,LFFriedman,1
12091,Article,LFFriedman,LFFriedman,1
12014,Article,LFFriedman,livia_ar,28
12043,Article,LFFriedman,npfandos,29
12070,Article,LFFriedman,LFFriedman,1
12098,Article,LFFriedman,LFFriedman,1
12021,Article,LFFriedman,LFFriedman,1
12125,Tweet,LFFriedman,mtomasky,122
12160,Tweet,LFFriedman,nicklezard,184
12116,Tweet,LFFriedman,LFFriedman,1
12106,Tweet,LFFriedman,NilsPratley,80
12149,Tweet,LFFriedman,vwang3,123
12154,Tweet,LFFriedman,jbouie,134
12155,Tweet,LFFriedman,LFFriedman,1
12150,Tweet,LFFriedman,rachshabi,155
12171,Tweet,LFFriedman,jimwaterson,229
12104,Tweet,LFFriedman,gmorgenson,129
12129,Tweet,LFFriedman,LFFriedman,1
12138,Tweet,LFFriedman,andrewrawnsley,154
12146,Tweet,LFFriedman,gettleman,336
12174,Tweet,LFFriedman,LFFriedman,1
12185,Tweet,LFFriedman,NilsPratley,5
103654,Article,richardwolffedc,williamnhutton,5
103696,Article,richardwolffedc,MarinaHyde,49
103673,Article,richardwolffedc,TimdeLisle,57
103652,Article,richardwolffedc,williamnhutton,7
103799,Article,richardwolffedc,davidhepworth,37
103649,Article,richardwolffedc,afuahirsch,80
103755,Article,richardwolffedc,chiggi,43
103597,Article,richardwolffedc,OwenJones84,50
103804,Article,richardwolffedc,Bencjacobs,25
103643,Article,richardwolffedc,archiebland,4
103820,Article,richardwolffedc,bglendenning,15
103693,Article,richardwolffedc,msrachelcooke,15
103690,Article,richardwolffedc,MarinaHyde,54
103596,Article,richardwolffedc,SearleAdrian,79
103722,Article,richardwolffedc,MarinaHyde,84
104389,Tweet,richardwolffedc,richardwolffedc,1
104255,Tweet,richardwolffedc,viasimonromero,2
104320,Tweet,richardwolffedc,nytdavidbrooks,64
104304,Tweet,richardwolffedc,richardwolffedc,1
103949,Tweet,richardwolffedc,RosySequeiraTOI,39
104340,Tweet,richardwolffedc,jonpareles,9
104324,Tweet,richardwolffedc,tomfriedman,50
104005,Tweet,richardwolffedc,lucywardsings,108
103893,Tweet,richardwolffedc,tomfriedman,2
104050,Tweet,richardwolffedc,richardwolffedc,1
104222,Tweet,richardwolffedc,NYTimesCohen,25
104193,Tweet,richardwolffedc,jonpareles,43
103931,Tweet,richardwolffedc,tomfriedman,2
104315,Tweet,richardwolffedc,richardwolffedc,1
104230,Tweet,richardwolffedc,richardwolffedc,1
33441,Article,vwang3,jotted,6
33464,Article,vwang3,ChuBailiang,3
33489,Article,vwang3,reidepstein,15
33481,Article,vwang3,mikeives,2
33429,Article,vwang3,llerer,74
33402,Article,vwang3,ChuBailiang,2
33415,Article,vwang3,toi_dhananjayM,8
33428,Article,vwang3,mikeives,3
33450,Article,vwang3,jotted,6
33483,Article,vwang3,vwang3,1
33472,Article,vwang3,antontroian,36
33439,Article,vwang3,rpogrebin,31
33407,Article,vwang3,BenWeiserNYT,2
33418,Article,vwang3,EmilyAnthes,10
33448,Article,vwang3,ElisabethMalkin,120
33588,Tweet,vwang3,KeithBradsher,4
33564,Tweet,vwang3,vwang3,1
33524,Tweet,vwang3,KeithBradsher,4
33540,Tweet,vwang3,michaelcrowley,3
33502,Tweet,vwang3,ditzkoff,319
33542,Tweet,vwang3,vwang3,1
33599,Tweet,vwang3,vwang3,1
33577,Tweet,vwang3,desaisantosh,6
33576,Tweet,vwang3,murarishetyeTOI,17
33566,Tweet,vwang3,vwang3,1
33558,Tweet,vwang3,murarishetyeTOI,39
33547,Tweet,vwang3,jotted,3
33546,Tweet,vwang3,MoharBasu,154
33531,Tweet,vwang3,murarishetyeTOI,3
33544,Tweet,vwang3,KeithBradsher,7
22612,Article,melissaclark,melissaclark,1
22619,Article,melissaclark,melissaclark,1
22690,Article,melissaclark,melissaclark,1
22645,Article,melissaclark,melissaclark,1
22665,Article,melissaclark,melissaclark,1
22611,Article,melissaclark,melissaclark,1
22604,Article,melissaclark,melissaclark,1
22680,Article,melissaclark,melissaclark,1
22661,Article,melissaclark,melissaclark,1
22625,Article,melissaclark,melissaclark,1
22651,Article,melissaclark,melissaclark,1
22644,Article,melissaclark,melissaclark,1
22658,Article,melissaclark,melissaclark,1
22663,Article,melissaclark,melissaclark,1
22691,Article,melissaclark,SarahMaslinNir,31
22772,Tweet,melissaclark,andrewrawnsley,134
22762,Tweet,melissaclark,melissaclark,1
22728,Tweet,melissaclark,rachshabi,15
22777,Tweet,melissaclark,joshwiddicombe,188
22794,Tweet,melissaclark,jonronson,2
22758,Tweet,melissaclark,melissaclark,1
22750,Tweet,melissaclark,rachshabi,17
22733,Tweet,melissaclark,rachshabi,22
22739,Tweet,melissaclark,polblonde,105
22723,Tweet,melissaclark,DerekMalcolm123,3
22730,Tweet,melissaclark,tomfriedman,21
22749,Tweet,melissaclark,desaisantosh,20
22707,Tweet,melissaclark,PerriKlass,50
22793,Tweet,melissaclark,msrachelcooke,43
22715,Tweet,melissaclark,andrewrawnsley,24
220287,Article,vijaypTOI,vijaypTOI,1
220235,Article,vijaypTOI,richapintoi,4
220278,Article,vijaypTOI,vijaypTOI,1
220272,Article,vijaypTOI,richapintoi,7
220073,Article,vijaypTOI,vijaypTOI,1
220290,Article,vijaypTOI,somitsenTOI,2
220076,Article,vijaypTOI,vijaypTOI,1
220240,Article,vijaypTOI,vaibhavgTOI,27
220128,Article,vijaypTOI,vijaypTOI,1
220207,Article,vijaypTOI,vijaypTOI,1
220208,Article,vijaypTOI,AjayUgrasTOI,5
220150,Article,vijaypTOI,vaibhavgTOI,58
220140,Article,vijaypTOI,vijaypTOI,1
220196,Article,vijaypTOI,rishachitlangia,18
220199,Article,vijaypTOI,AjayUgrasTOI,2
220367,Tweet,vijaypTOI,naomi2009,190
220339,Tweet,vijaypTOI,vijaypTOI,1
220352,Tweet,vijaypTOI,nauzerbTOI,21
220392,Tweet,vijaypTOI,jimwaterson,209
220386,Tweet,vijaypTOI,vijaypTOI,1
220389,Tweet,vijaypTOI,vijaypTOI,1
220378,Tweet,vijaypTOI,vijaypTOI,1
220358,Tweet,vijaypTOI,KomalGautham,3
220359,Tweet,vijaypTOI,vijaypTOI,1
220323,Tweet,vijaypTOI,vijaypTOI,1
220354,Tweet,vijaypTOI,MohitaTOI,2
220400,Tweet,vijaypTOI,vijaypTOI,1
220388,Tweet,vijaypTOI,nauzerbTOI,44
220398,Tweet,vijaypTOI,vaibhavgTOI,10
220345,Tweet,vijaypTOI,vijaypTOI,1
36039,Article,jennyschuessler,smbahr14,5
36066,Article,jennyschuessler,nytdavidbrooks,60
36058,Article,jennyschuessler,jennydeluxe,33
36056,Article,jennyschuessler,davidhepworth,22
36017,Article,jennyschuessler,rpogrebin,2
36088,Article,jennyschuessler,aurelienbrd,145
36041,Article,jennyschuessler,wesley_morris,7
36042,Article,jennyschuessler,paulkrugman,198
36034,Article,jennyschuessler,parul_sehgal,47
36029,Article,jennyschuessler,smbahr14,9
36030,Article,jennyschuessler,billmpennington,88
36033,Article,jennyschuessler,jorifinkel,5
36086,Article,jennyschuessler,joncaramanica,96
36015,Article,jennyschuessler,smbahr14,51
36083,Article,jennyschuessler,ASoloski,72
36171,Tweet,jennyschuessler,JessicaValenti,105
36177,Tweet,jennyschuessler,jestei,23
36153,Tweet,jennyschuessler,MarinaOLoughlin,28
36112,Tweet,jennyschuessler,EricaLG,38
36161,Tweet,jennyschuessler,MarinaOLoughlin,24
36168,Tweet,jennyschuessler,tripgabriel,23
36110,Tweet,jennyschuessler,andybrassell,30
36115,Tweet,jennyschuessler,tomdyckhoff,166
36179,Tweet,jennyschuessler,msrachelcooke,72
36197,Tweet,jennyschuessler,jonronson,59
36192,Tweet,jennyschuessler,digbijaymishra1,226
36187,Tweet,jennyschuessler,jonronson,51
36146,Tweet,jennyschuessler,RosySequeiraTOI,59
36114,Tweet,jennyschuessler,EricaLG,28
36109,Tweet,jennyschuessler,ceciliakang,210
195184,Article,mohuadazz,UttaraVarmaTOI,3
195212,Article,mohuadazz,mohuadazz,1
195168,Article,mohuadazz,mohuadazz,1
195060,Article,mohuadazz,ggreenwald,190
195217,Article,mohuadazz,mohuadazz,1
195053,Article,mohuadazz,mohuadazz,1
195177,Article,mohuadazz,SagrikaKissu,79
195178,Article,mohuadazz,TimdeLisle,113
195111,Article,mohuadazz,mohuadazz,1
195235,Article,mohuadazz,mohuadazz,1
195145,Article,mohuadazz,OLIVERBALCH,62
195056,Article,mohuadazz,pankajdoval,19
195102,Article,mohuadazz,ChaitanyadTOI,2
195147,Article,mohuadazz,mohuadazz,1
195174,Article,mohuadazz,mohuadazz,1
195308,Tweet,mohuadazz,ajaysuraTOI,133
195301,Tweet,mohuadazz,mohuadazz,1
195327,Tweet,mohuadazz,yeshikabudhwar,153
195245,Tweet,mohuadazz,nauzerbTOI,14
195302,Tweet,mohuadazz,desaisantosh,7
195328,Tweet,mohuadazz,carlzimmer,55
195299,Tweet,mohuadazz,RosySequeiraTOI,63
195329,Tweet,mohuadazz,vwang3,159
195273,Tweet,mohuadazz,smita_mishra,10
195285,Tweet,mohuadazz,jestei,14
195334,Tweet,mohuadazz,EricaLG,10
195315,Tweet,mohuadazz,RosySequeiraTOI,375
195321,Tweet,mohuadazz,desaisantosh,31
195325,Tweet,mohuadazz,RosySequeiraTOI,34
195255,Tweet,mohuadazz,KSchulten,161
179315,Article,Chethan_Dash,ShoebKhanTOI,27
179288,Article,Chethan_Dash,PrashantrTOI,2
179455,Article,Chethan_Dash,Chethan_Dash,1
179239,Article,Chethan_Dash,rajatpTOI,3
179319,Article,Chethan_Dash,Chethan_Dash,1
179459,Article,Chethan_Dash,naomi2009,76
179275,Article,Chethan_Dash,jatinder_tur,4
179234,Article,Chethan_Dash,jatinder_tur,4
179224,Article,Chethan_Dash,ajaykanth7,87
179317,Article,Chethan_Dash,Arun_Ram,2
179343,Article,Chethan_Dash,KapildaveTOI,53
179391,Article,Chethan_Dash,rajatpTOI,2
179340,Article,Chethan_Dash,rajatpTOI,4
179240,Article,Chethan_Dash,jatinder_tur,5
179356,Article,Chethan_Dash,DSandip_TOI,2
179503,Tweet,Chethan_Dash,Chethan_Dash,1
179514,Tweet,Chethan_Dash,Chethan_Dash,1
179489,Tweet,Chethan_Dash,Chethan_Dash,1
179510,Tweet,Chethan_Dash,Chethan_Dash,1
179546,Tweet,Chethan_Dash,Chethan_Dash,1
179559,Tweet,Chethan_Dash,Chethan_Dash,1
179475,Tweet,Chethan_Dash,Chethan_Dash,1
179469,Tweet,Chethan_Dash,Chethan_Dash,1
179547,Tweet,Chethan_Dash,Chethan_Dash,1
179555,Tweet,Chethan_Dash,ajaysuraTOI,60
179465,Tweet,Chethan_Dash,Chethan_Dash,1
179476,Tweet,Chethan_Dash,Chethan_Dash,1
179536,Tweet,Chethan_Dash,Chethan_Dash,1
179474,Tweet,Chethan_Dash,Chethan_Dash,1
179464,Tweet,Chethan_Dash,Chethan_Dash,1
170390,Article,ajaysuraTOI,ajaysuraTOI,1
170497,Article,ajaysuraTOI,ajaysuraTOI,1
170395,Article,ajaysuraTOI,ajaysuraTOI,1
170476,Article,ajaysuraTOI,ajaysuraTOI,1
170362,Article,ajaysuraTOI,ajaysuraTOI,1
170573,Article,ajaysuraTOI,ajaysuraTOI,1
170465,Article,ajaysuraTOI,rebeccaSTOI,7
170468,Article,ajaysuraTOI,ajaysuraTOI,1
170565,Article,ajaysuraTOI,akhileshsTOI,49
170359,Article,ajaysuraTOI,ajaysuraTOI,1
170488,Article,ajaysuraTOI,vaibhavgTOI,71
170351,Article,ajaysuraTOI,ajaysuraTOI,1
170512,Article,ajaysuraTOI,RosySequeiraTOI,2
170521,Article,ajaysuraTOI,ajaysuraTOI,1
170356,Article,ajaysuraTOI,Arv_Ind_Chauhan,31
170608,Tweet,ajaysuraTOI,pradeeptTOI,9
170626,Tweet,ajaysuraTOI,har_mandeep,18
170667,Tweet,ajaysuraTOI,ajaysuraTOI,1
170642,Tweet,ajaysuraTOI,AjayUgrasTOI,3
170638,Tweet,ajaysuraTOI,RosySequeiraTOI,4
170629,Tweet,ajaysuraTOI,MohitaTOI,2
170691,Tweet,ajaysuraTOI,RosySequeiraTOI,4
170645,Tweet,ajaysuraTOI,RosySequeiraTOI,2
170657,Tweet,ajaysuraTOI,ajaysuraTOI,1
170595,Tweet,ajaysuraTOI,RosySequeiraTOI,2
170633,Tweet,ajaysuraTOI,RosySequeiraTOI,3
170663,Tweet,ajaysuraTOI,RosySequeiraTOI,3
170684,Tweet,ajaysuraTOI,TridibIANS,11
170646,Tweet,ajaysuraTOI,MohitaTOI,9
170600,Tweet,ajaysuraTOI,MohitaTOI,6
11890,Article,Lattif,zwoolfe,63
11816,Article,Lattif,nytDeniseGrady,2
11801,Article,Lattif,SharonLNYT,11
11883,Article,Lattif,Lattif,1
11882,Article,Lattif,Lattif,1
11832,Article,Lattif,Lattif,1
11888,Article,Lattif,ElisabethMalkin,3
11809,Article,Lattif,MujMash,2
11885,Article,Lattif,Lattif,1
11851,Article,Lattif,bylizrobbins,8
11879,Article,Lattif,Lattif,1
11812,Article,Lattif,ElisabethMalkin,4
11839,Article,Lattif,EmmaBubola,3
11808,Article,Lattif,gettleman,89
11858,Article,Lattif,NYTimesCohen,128
11971,Tweet,Lattif,ericschmittnyt,5
11978,Tweet,Lattif,vwang3,260
11955,Tweet,Lattif,llerer,24
11995,Tweet,Lattif,WilbyPeter,83
11958,Tweet,Lattif,michaelcrowley,6
11975,Tweet,Lattif,SunilSubaiah,4
11949,Tweet,Lattif,murarishetyeTOI,31
11992,Tweet,Lattif,murarishetyeTOI,36
11998,Tweet,Lattif,MohitaTOI,45
11901,Tweet,Lattif,Pratiks_TOI,7
11967,Tweet,Lattif,DanBilefsky,13
11903,Tweet,Lattif,ameliagentleman,2
11930,Tweet,Lattif,RosySequeiraTOI,2
11997,Tweet,Lattif,Lattif,1
11965,Tweet,Lattif,murarishetyeTOI,82
216235,Article,ThevarSteffy,SumitraDebRoy,4
216197,Article,ThevarSteffy,ThevarSteffy,1
216234,Article,ThevarSteffy,ThevarSteffy,1
216173,Article,ThevarSteffy,ThevarSteffy,1
216130,Article,ThevarSteffy,ChaitanyadTOI,3
216174,Article,ThevarSteffy,ThevarSteffy,1
216095,Article,ThevarSteffy,parthshastriTOI,2
216209,Article,ThevarSteffy,HemantaTOI,16
216075,Article,ThevarSteffy,ThevarSteffy,1
216245,Article,ThevarSteffy,archiebland,16
216092,Article,ThevarSteffy,ThevarSteffy,1
216153,Article,ThevarSteffy,ThevarSteffy,1
216223,Article,ThevarSteffy,AmritadTOI,14
216217,Article,ThevarSteffy,DSandip_TOI,57
216042,Article,ThevarSteffy,ThevarSteffy,1
216366,Tweet,ThevarSteffy,Banjotkaur,94
216346,Tweet,ThevarSteffy,ArunDev1,22
216302,Tweet,ThevarSteffy,smita_mishra,2
216354,Tweet,ThevarSteffy,jayamenon64,22
216344,Tweet,ThevarSteffy,MohitaTOI,113
216271,Tweet,ThevarSteffy,yeshikabudhwar,268
216342,Tweet,ThevarSteffy,naomi2009,4
216343,Tweet,ThevarSteffy,sarfrazmanzoor,35
216282,Tweet,ThevarSteffy,MohitaTOI,29
216360,Tweet,ThevarSteffy,kumaraswamykTOI,92
216297,Tweet,ThevarSteffy,SumitraDebRoy,133
216347,Tweet,ThevarSteffy,kush_junglee,51
216306,Tweet,ThevarSteffy,smita_mishra,2
216309,Tweet,ThevarSteffy,_nicolaclark,236
216284,Tweet,ThevarSteffy,ThevarSteffy,1
217451,Article,toi_rohanA,nicholaswatt,25
217471,Article,toi_rohanA,toi_shailendraA,8
217476,Article,toi_rohanA,toi_rohanA,1
217517,Article,toi_rohanA,kumaraswamykTOI,2
217524,Article,toi_rohanA,adwaidh,3
217582,Article,toi_rohanA,adwaidh,2
217445,Article,toi_rohanA,adwaidh,3
217568,Article,toi_rohanA,adwaidh,2
217560,Article,toi_rohanA,saumyajitbTOI,4
217628,Article,toi_rohanA,adwaidh,2
217575,Article,toi_rohanA,aniljdias,7
217654,Article,toi_rohanA,toi_rohanA,1
217515,Article,toi_rohanA,Pratiks_TOI,2
217564,Article,toi_rohanA,adwaidh,2
217415,Article,toi_rohanA,adwaidh,12
217704,Tweet,toi_rohanA,kumaraswamykTOI,50
217749,Tweet,toi_rohanA,psangeetha2112,21
217713,Tweet,toi_rohanA,kumaraswamykTOI,3
217723,Tweet,toi_rohanA,MarcusMergulhao,11
217735,Tweet,toi_rohanA,MarcusMergulhao,3
217745,Tweet,toi_rohanA,davidleighx,104
217681,Tweet,toi_rohanA,nicklezard,60
217710,Tweet,toi_rohanA,TridibIANS,26
217737,Tweet,toi_rohanA,TOISH31,17
217693,Tweet,toi_rohanA,kumaraswamykTOI,6
217699,Tweet,toi_rohanA,BenRothenberg,167
217714,Tweet,toi_rohanA,MattFutterman,2
217675,Tweet,toi_rohanA,lucysiegle,106
217733,Tweet,toi_rohanA,amitanandTOI,17
217722,Tweet,toi_rohanA,kumaraswamykTOI,4
14071,Article,mikeives,julianbarnes,31
14027,Article,mikeives,juliarebeccaj,4
14023,Article,mikeives,ericschmittnyt,11
14058,Article,mikeives,lukebroadwater,23
14037,Article,mikeives,dwightgarner,26
14019,Article,mikeives,jameskanter,61
14033,Article,mikeives,ManjuVTOI,3
14062,Article,mikeives,NikiKitsantonis,2
14081,Article,mikeives,mikeives,1
14034,Article,mikeives,KeithBradsher,11
14002,Article,mikeives,ChuBailiang,39
14089,Article,mikeives,michaelcrowley,58
14051,Article,mikeives,ChuBailiang,2
14044,Article,mikeives,jotted,5
14017,Article,mikeives,farnazfassihi,53
14120,Tweet,mikeives,laurenlaverne,191
14124,Tweet,mikeives,murarishetyeTOI,257
14105,Tweet,mikeives,livia_ar,142
14153,Tweet,mikeives,murarishetyeTOI,247
14127,Tweet,mikeives,LFFriedman,14
14182,Tweet,mikeives,mikeives,1
14138,Tweet,mikeives,mikeives,1
14197,Tweet,mikeives,michaelcrowley,321
14156,Tweet,mikeives,murarishetyeTOI,132
14190,Tweet,mikeives,jotted,54
14132,Tweet,mikeives,AditiZero,354
14134,Tweet,mikeives,vwang3,39
14148,Tweet,mikeives,RosySequeiraTOI,252
14170,Tweet,mikeives,nytDeniseGrady,249
14177,Tweet,mikeives,mikeives,1
197722,Article,NirupaTOI,NirupaTOI,1
197701,Article,NirupaTOI,ShoebKhanTOI,5
197888,Article,NirupaTOI,ShoebKhanTOI,2
197760,Article,NirupaTOI,SumitraDebRoy,2
197729,Article,NirupaTOI,NirupaTOI,1
197715,Article,NirupaTOI,NirupaTOI,1
197889,Article,NirupaTOI,jatinder_tur,10
197830,Article,NirupaTOI,maheshbTOI,5
197831,Article,NirupaTOI,NirupaTOI,1
197870,Article,NirupaTOI,NirupaTOI,1
197906,Article,NirupaTOI,jatinder_tur,9
197816,Article,NirupaTOI,PrashantrTOI,11
197832,Article,NirupaTOI,SribaalaVTOI,55
197668,Article,NirupaTOI,NirupaTOI,1
197825,Article,NirupaTOI,SumitraDebRoy,4
197964,Tweet,NirupaTOI,NirupaTOI,1
197936,Tweet,NirupaTOI,NirupaTOI,1
197973,Tweet,NirupaTOI,NirupaTOI,1
197957,Tweet,NirupaTOI,NirupaTOI,1
197986,Tweet,NirupaTOI,NirupaTOI,1
197956,Tweet,NirupaTOI,NirupaTOI,1
197949,Tweet,NirupaTOI,BawaNaaved,41
197933,Tweet,NirupaTOI,murarishetyeTOI,2
197979,Tweet,NirupaTOI,AmritadTOI,3
197963,Tweet,NirupaTOI,NirupaTOI,1
197990,Tweet,NirupaTOI,journo_vibha,4
197981,Tweet,NirupaTOI,BawaNaaved,388
197922,Tweet,NirupaTOI,SindhukTOI,96
197977,Tweet,NirupaTOI,NirupaTOI,1
197938,Tweet,NirupaTOI,MohitaTOI,9
188110,Article,journo_vibha,journo_vibha,1
188034,Article,journo_vibha,toi_dhananjayM,3
188043,Article,journo_vibha,journo_vibha,1
187992,Article,journo_vibha,journo_vibha,1
187896,Article,journo_vibha,journo_vibha,1
187930,Article,journo_vibha,journo_vibha,1
188021,Article,journo_vibha,journo_vibha,1
187932,Article,journo_vibha,journo_vibha,1
188081,Article,journo_vibha,journo_vibha,1
187953,Article,journo_vibha,journo_vibha,1
187970,Article,journo_vibha,AtulMathur_,2
188002,Article,journo_vibha,journo_vibha,1
187940,Article,journo_vibha,journo_vibha,1
187950,Article,journo_vibha,journo_vibha,1
187933,Article,journo_vibha,journo_vibha,1
188184,Tweet,journo_vibha,journo_vibha,1
188145,Tweet,journo_vibha,rishachitlangia,2
188181,Tweet,journo_vibha,journo_vibha,1
188166,Tweet,journo_vibha,journo_vibha,1
188134,Tweet,journo_vibha,journo_vibha,1
188131,Tweet,journo_vibha,journo_vibha,1
188224,Tweet,journo_vibha,journo_vibha,1
188212,Tweet,journo_vibha,journo_vibha,1
188156,Tweet,journo_vibha,mateenHTOI,2
188163,Tweet,journo_vibha,journo_vibha,1
188155,Tweet,journo_vibha,journo_vibha,1
188152,Tweet,journo_vibha,journo_vibha,1
188198,Tweet,journo_vibha,journo_vibha,1
188159,Tweet,journo_vibha,kush_junglee,8
188158,Tweet,journo_vibha,journo_vibha,1
221496,Article,vivek9301,vivek9301,1
221514,Article,vivek9301,Shrivathsan1437,7
221641,Article,vivek9301,Shrivathsan1437,9
221643,Article,vivek9301,Shilarze_SSR,2
221677,Article,vivek9301,vivek9301,1
221648,Article,vivek9301,adwaidh,3
221477,Article,vivek9301,adwaidh,3
221536,Article,vivek9301,MoharBasu,43
221487,Article,vivek9301,vivek9301,1
221667,Article,vivek9301,Shilarze_SSR,9
221675,Article,vivek9301,vivek9301,1
221516,Article,vivek9301,vivek9301,1
221493,Article,vivek9301,Pratiks_TOI,4
221490,Article,vivek9301,toi_rohanA,2
221694,Article,vivek9301,AraniBasuTOI,2
221769,Tweet,vivek9301,vivek9301,1
221791,Tweet,vivek9301,DerekMalcolm123,50
221761,Tweet,vivek9301,MohitaTOI,480
221725,Tweet,vivek9301,kumaraswamykTOI,235
221733,Tweet,vivek9301,vivek9301,1
221705,Tweet,vivek9301,desaisantosh,192
221718,Tweet,vivek9301,vivek9301,1
221727,Tweet,vivek9301,kumaraswamykTOI,341
221719,Tweet,vivek9301,vivek9301,1
221713,Tweet,vivek9301,saumyajitbTOI,71
221728,Tweet,vivek9301,vivek9301,1
221785,Tweet,vivek9301,Pratiks_TOI,3
221734,Tweet,vivek9301,vivek9301,1
221756,Tweet,vivek9301,007pandey,339
221778,Tweet,vivek9301,Pratiks_TOI,3
36466,Article,ElisabethMalkin,ElisabethMalkin,1
36443,Article,ElisabethMalkin,NikiKitsantonis,5
36460,Article,ElisabethMalkin,IKershner,15
36456,Article,ElisabethMalkin,aurelienbrd,22
36408,Article,ElisabethMalkin,adamliptak,112
36442,Article,ElisabethMalkin,peterbakernyt,120
36429,Article,ElisabethMalkin,michaelcrowley,102
36433,Article,ElisabethMalkin,FlitterOnFraud,19
36497,Article,ElisabethMalkin,parul_sehgal,104
36474,Article,ElisabethMalkin,FlitterOnFraud,11
36471,Article,ElisabethMalkin,parul_sehgal,24
36496,Article,ElisabethMalkin,ElisabethMalkin,1
36468,Article,ElisabethMalkin,parul_sehgal,159
36448,Article,ElisabethMalkin,lukebroadwater,38
36406,Article,ElisabethMalkin,NikiKitsantonis,24
36518,Tweet,ElisabethMalkin,CeylanWrites,56
36550,Tweet,ElisabethMalkin,murarishetyeTOI,2
36591,Tweet,ElisabethMalkin,ElisabethMalkin,1
36580,Tweet,ElisabethMalkin,NewtonSTOI,189
36500,Tweet,ElisabethMalkin,RaphaelMinder,15
36537,Tweet,ElisabethMalkin,ElisabethMalkin,1
36511,Tweet,ElisabethMalkin,KTVinobhaTOI,7
36519,Tweet,ElisabethMalkin,RosySequeiraTOI,21
36530,Tweet,ElisabethMalkin,murarishetyeTOI,14
36561,Tweet,ElisabethMalkin,AlokKNMishra,3
36524,Tweet,ElisabethMalkin,PamBelluck,213
36548,Tweet,ElisabethMalkin,tomfriedman,74
36593,Tweet,ElisabethMalkin,viasimonromero,4
36528,Tweet,ElisabethMalkin,timatkin,81
36585,Tweet,ElisabethMalkin,ElisabethMalkin,1
19610,Article,SocialQPhilip,SocialQPhilip,1
19645,Article,SocialQPhilip,SocialQPhilip,1
19605,Article,SocialQPhilip,SocialQPhilip,1
19603,Article,SocialQPhilip,SocialQPhilip,1
19634,Article,SocialQPhilip,SocialQPhilip,1
19651,Article,SocialQPhilip,SocialQPhilip,1
19618,Article,SocialQPhilip,SocialQPhilip,1
19684,Article,SocialQPhilip,SocialQPhilip,1
19688,Article,SocialQPhilip,SocialQPhilip,1
19658,Article,SocialQPhilip,SocialQPhilip,1
19648,Article,SocialQPhilip,SocialQPhilip,1
19616,Article,SocialQPhilip,SocialQPhilip,1
19602,Article,SocialQPhilip,SocialQPhilip,1
19653,Article,SocialQPhilip,SocialQPhilip,1
19612,Article,SocialQPhilip,SocialQPhilip,1
19722,Tweet,SocialQPhilip,RosySequeiraTOI,82
19756,Tweet,SocialQPhilip,jimwaterson,5
19759,Tweet,SocialQPhilip,anemonanyc,48
19742,Tweet,SocialQPhilip,ggreenwald,12
19728,Tweet,SocialQPhilip,sendvictorious,16
19716,Tweet,SocialQPhilip,CeylanWrites,9
19775,Tweet,SocialQPhilip,WilbyPeter,59
19790,Tweet,SocialQPhilip,RosySequeiraTOI,16
19720,Tweet,SocialQPhilip,SocialQPhilip,1
19714,Tweet,SocialQPhilip,gailcollins,8
19776,Tweet,SocialQPhilip,sendvictorious,13
19706,Tweet,SocialQPhilip,tomdyckhoff,43
19795,Tweet,SocialQPhilip,anemonanyc,15
19786,Tweet,SocialQPhilip,yeshikabudhwar,2
19794,Tweet,SocialQPhilip,rachlharris,17
10241,Article,jotted,jotted,1
10245,Article,jotted,ginakolata,26
10259,Article,jotted,jotted,1
10261,Article,jotted,jeannasmialek,3
10200,Article,jotted,KeithBradsher,4
10216,Article,jotted,mikeives,3
10289,Article,jotted,ChuBailiang,5
10219,Article,jotted,jotted,1
10229,Article,jotted,EmmaBubola,2
10205,Article,jotted,KeithBradsher,2
10295,Article,jotted,BenWeiserNYT,8
10244,Article,jotted,jotted,1
10262,Article,jotted,KeithBradsher,2
10253,Article,jotted,jameskanter,233
10260,Article,jotted,noamscheiber,3
10301,Tweet,jotted,viasimonromero,7
10368,Tweet,jotted,kbennhold,10
10321,Tweet,jotted,jotted,1
10386,Tweet,jotted,SocialQPhilip,6
10381,Tweet,jotted,JessicaValenti,16
10346,Tweet,jotted,paulkrugman,40
10341,Tweet,jotted,hugolowell,47
10332,Tweet,jotted,nytdavidbrooks,2
10303,Tweet,jotted,ChuBailiang,2
10323,Tweet,jotted,jotted,1
10357,Tweet,jotted,vwang3,5
10324,Tweet,jotted,KeithBradsher,5
10396,Tweet,jotted,vwang3,2
10375,Tweet,jotted,jotted,1
10318,Tweet,jotted,vwang3,2
213844,Article,sudhanshub16,ShoebKhanTOI,8
213772,Article,sudhanshub16,sudhanshub16,1
213837,Article,sudhanshub16,sudhanshub16,1
213821,Article,sudhanshub16,toi_ManujaV,9
213827,Article,sudhanshub16,kumaraswamykTOI,18
213810,Article,sudhanshub16,abhishekTWEETS7,5
213779,Article,sudhanshub16,sudhanshub16,1
213767,Article,sudhanshub16,sudhanshub16,1
213823,Article,sudhanshub16,Pratiks_TOI,8
213825,Article,sudhanshub16,SribaalaVTOI,68
213795,Article,sudhanshub16,sudhanshub16,1
213774,Article,sudhanshub16,sudhanshub16,1
213839,Article,sudhanshub16,Pratiks_TOI,2
213842,Article,sudhanshub16,sudhanshub16,1
213843,Article,sudhanshub16,aniljdias,6
213867,Tweet,sudhanshub16,Shreyanka_M,61
213916,Tweet,sudhanshub16,murarishetyeTOI,5
213938,Tweet,sudhanshub16,RosySequeiraTOI,48
213909,Tweet,sudhanshub16,SyedAkbarTOI,8
213927,Tweet,sudhanshub16,murarishetyeTOI,18
213847,Tweet,sudhanshub16,TimdeLisle,133
213913,Tweet,sudhanshub16,tushhaikhush,143
213902,Tweet,sudhanshub16,murarishetyeTOI,26
213863,Tweet,sudhanshub16,wesley_morris,118
213925,Tweet,sudhanshub16,dkarthikTOI,53
213891,Tweet,sudhanshub16,naomi2009,202
213919,Tweet,sudhanshub16,BenRothenberg,84
213894,Tweet,sudhanshub16,sudhanshub16,1
213848,Tweet,sudhanshub16,vijayVsinghTOI,28
213917,Tweet,sudhanshub16,ChaitanyadTOI,55
17463,Article,RichardFausset,llerer,15
17450,Article,RichardFausset,llerer,13
17468,Article,RichardFausset,RichardFausset,1
17402,Article,RichardFausset,hillhulse,31
17464,Article,RichardFausset,RichardFausset,1
17413,Article,RichardFausset,samrob12,23
17477,Article,RichardFausset,MichaelPaulson,51
17472,Article,RichardFausset,ElisabethMalkin,53
17439,Article,RichardFausset,BenWeiserNYT,6
17400,Article,RichardFausset,FrancesRobles,11
17423,Article,RichardFausset,NickAtNews,4
17451,Article,RichardFausset,bydanielvictor,19
17482,Article,RichardFausset,ShaneGoldmacher,26
17440,Article,RichardFausset,michelleinbklyn,7
17406,Article,RichardFausset,llerer,5
17511,Tweet,RichardFausset,murarishetyeTOI,124
17571,Tweet,RichardFausset,davidleighx,45
17539,Tweet,RichardFausset,saumyajitbTOI,4
17596,Tweet,RichardFausset,desaisantosh,54
17579,Tweet,RichardFausset,RichardFausset,1
17527,Tweet,RichardFausset,RichardFausset,1
17586,Tweet,RichardFausset,hugolowell,29
17510,Tweet,RichardFausset,RichardFausset,1
17551,Tweet,RichardFausset,mtomasky,83
17503,Tweet,RichardFausset,RichardFausset,1
17561,Tweet,RichardFausset,vwang3,94
17570,Tweet,RichardFausset,RichardFausset,1
17537,Tweet,RichardFausset,RichardFausset,1
17592,Tweet,RichardFausset,hillhulse,7
17525,Tweet,RichardFausset,DerekMalcolm123,4
6458,Article,DouthatNYT,tomfriedman,4
6409,Article,DouthatNYT,jbouie,12
6433,Article,DouthatNYT,hillhulse,5
6428,Article,DouthatNYT,DouthatNYT,1
6423,Article,DouthatNYT,peterbakernyt,18
6481,Article,DouthatNYT,NYTimesCohen,4
6462,Article,DouthatNYT,DouthatNYT,1
6448,Article,DouthatNYT,adamliptak,13
6408,Article,DouthatNYT,hillhulse,19
6427,Article,DouthatNYT,michaelcrowley,8
6470,Article,DouthatNYT,DouthatNYT,1
6429,Article,DouthatNYT,DouthatNYT,1
6493,Article,DouthatNYT,ASoloski,3
6492,Article,DouthatNYT,bylizrobbins,171
6402,Article,DouthatNYT,DouthatNYT,1
6532,Tweet,DouthatNYT,DouthatNYT,1
6545,Tweet,DouthatNYT,ajaysuraTOI,51
6519,Tweet,DouthatNYT,wesley_morris,71
6509,Tweet,DouthatNYT,DouthatNYT,1
6505,Tweet,DouthatNYT,DouthatNYT,1
6518,Tweet,DouthatNYT,michelleinbklyn,2
6524,Tweet,DouthatNYT,michaelcrowley,2
6543,Tweet,DouthatNYT,ASoloski,2
6579,Tweet,DouthatNYT,DerekMalcolm123,5
6578,Tweet,DouthatNYT,jeannasmialek,15
6587,Tweet,DouthatNYT,DouthatNYT,1
6563,Tweet,DouthatNYT,DouthatNYT,1
6557,Tweet,DouthatNYT,jillfilipovic,5
6539,Tweet,DouthatNYT,DouthatNYT,1
6589,Tweet,DouthatNYT,naomi2009,4
29013,Article,parul_sehgal,dwightgarner,2
29021,Article,parul_sehgal,dwightgarner,2
29095,Article,parul_sehgal,dwightgarner,4
29054,Article,parul_sehgal,dwightgarner,2
29063,Article,parul_sehgal,parul_sehgal,1
29065,Article,parul_sehgal,dwightgarner,2
29071,Article,parul_sehgal,dwightgarner,2
29094,Article,parul_sehgal,parul_sehgal,1
29022,Article,parul_sehgal,parul_sehgal,1
29038,Article,parul_sehgal,dwightgarner,4
29014,Article,parul_sehgal,dwightgarner,2
29049,Article,parul_sehgal,dwightgarner,2
29097,Article,parul_sehgal,parul_sehgal,1
29055,Article,parul_sehgal,dwightgarner,2
29025,Article,parul_sehgal,dwightgarner,4
29123,Tweet,parul_sehgal,AlysFowler,18
29145,Tweet,parul_sehgal,yeshikabudhwar,103
29161,Tweet,parul_sehgal,vvfriedman,132
29118,Tweet,parul_sehgal,vwang3,269
29173,Tweet,parul_sehgal,andrewrawnsley,3
29176,Tweet,parul_sehgal,andrewrawnsley,4
29171,Tweet,parul_sehgal,jennydeluxe,10
29192,Tweet,parul_sehgal,KSchulten,2
29113,Tweet,parul_sehgal,desaisantosh,22
29142,Tweet,parul_sehgal,jennydeluxe,8
29137,Tweet,parul_sehgal,joshwiddicombe,136
29160,Tweet,parul_sehgal,jestei,137
29157,Tweet,parul_sehgal,timlottwriter,33
29198,Tweet,parul_sehgal,vwang3,94
29150,Tweet,parul_sehgal,RosySequeiraTOI,87
22040,Article,jestei,jestei,1
22034,Article,jestei,SharonLNYT,10
22031,Article,jestei,helenecooper,2
22005,Article,jestei,ericschmittnyt,8
22097,Article,jestei,paulkrugman,56
22044,Article,jestei,pete_wells,10
22095,Article,jestei,ericschmittnyt,2
22041,Article,jestei,jestei,1
22092,Article,jestei,jestei,1
22016,Article,jestei,jestei,1
22043,Article,jestei,sangerkatz,16
22042,Article,jestei,SharonLNYT,14
22066,Article,jestei,julianbarnes,7
22056,Article,jestei,pete_wells,4
22009,Article,jestei,hillhulse,6
22169,Tweet,jestei,RosySequeiraTOI,149
22123,Tweet,jestei,RoniNYTimes,188
22148,Tweet,jestei,desaisantosh,9
22168,Tweet,jestei,npwcnn,34
22117,Tweet,jestei,ajaysuraTOI,18
22170,Tweet,jestei,davidhepworth,115
22147,Tweet,jestei,jestei,1
22143,Tweet,jestei,michaelcrowley,80
22139,Tweet,jestei,annanorthtweets,107
22144,Tweet,jestei,anemonanyc,95
22167,Tweet,jestei,jbouie,26
22164,Tweet,jestei,yeshikabudhwar,32
22153,Tweet,jestei,apoorva_nyc,77
22152,Tweet,jestei,nicklezard,24
22163,Tweet,jestei,ottolenghi,23
18878,Article,SharonLNYT,SharonLNYT,1
18872,Article,SharonLNYT,BenWeiserNYT,2
18847,Article,SharonLNYT,peterbakernyt,74
18868,Article,SharonLNYT,SharonLNYT,1
18805,Article,SharonLNYT,nytmike,4
18809,Article,SharonLNYT,michelleinbklyn,103
18817,Article,SharonLNYT,SharonLNYT,1
18896,Article,SharonLNYT,BenWeiserNYT,2
18815,Article,SharonLNYT,nytmike,5
18839,Article,SharonLNYT,npfandos,11
18802,Article,SharonLNYT,SharonLNYT,1
18811,Article,SharonLNYT,SharonLNYT,1
18879,Article,SharonLNYT,charlie_savage,10
18852,Article,SharonLNYT,nytmike,19
18837,Article,SharonLNYT,SharonLNYT,1
18976,Tweet,SharonLNYT,DSlotnik,8
18953,Tweet,SharonLNYT,llerer,48
18990,Tweet,SharonLNYT,nytDeniseGrady,27
18908,Tweet,SharonLNYT,jotted,66
18997,Tweet,SharonLNYT,nytDeniseGrady,2
18923,Tweet,SharonLNYT,RoniNYTimes,3
18964,Tweet,SharonLNYT,llerer,27
18913,Tweet,SharonLNYT,tripgabriel,23
18906,Tweet,SharonLNYT,SharonLNYT,1
18962,Tweet,SharonLNYT,nytDeniseGrady,2
18973,Tweet,SharonLNYT,tripgabriel,8
18984,Tweet,SharonLNYT,WilbyPeter,43
18999,Tweet,SharonLNYT,lauriegnyt,4
18987,Tweet,SharonLNYT,marywalshjourno,96
18958,Tweet,SharonLNYT,livia_ar,48
180071,Article,debaratisen,williamnhutton,36
179967,Article,debaratisen,mohuadazz,5
180029,Article,debaratisen,debaratisen,1
180106,Article,debaratisen,Shreyanka_M,2
180144,Article,debaratisen,debaratisen,1
179924,Article,debaratisen,thrasherxy,10
180076,Article,debaratisen,debaratisen,1
180070,Article,debaratisen,debaratisen,1
179960,Article,debaratisen,sisario,64
180103,Article,debaratisen,debaratisen,1
179922,Article,debaratisen,debaratisen,1
180010,Article,debaratisen,greenslader,3
180021,Article,debaratisen,PrashantrTOI,22
179927,Article,debaratisen,debaratisen,1
180003,Article,debaratisen,divyapal2013,79
180179,Tweet,debaratisen,priyagupta999,8
180187,Tweet,debaratisen,Pratiks_TOI,5
180201,Tweet,debaratisen,debaratisen,1
180194,Tweet,debaratisen,priyangiTOI,105
180228,Tweet,debaratisen,debaratisen,1
180250,Tweet,debaratisen,meeravohraTOI,49
180168,Tweet,debaratisen,debaratisen,1
180226,Tweet,debaratisen,mateenHTOI,6
180191,Tweet,debaratisen,andrewrawnsley,2
180183,Tweet,debaratisen,rjadHinduBL,6
180227,Tweet,debaratisen,debaratisen,1
180219,Tweet,debaratisen,debaratisen,1
180235,Tweet,debaratisen,TOISH31,2
180198,Tweet,debaratisen,EricaLG,7
180177,Tweet,debaratisen,desaisantosh,13
27837,Article,ceciliakang,ceciliakang,1
27897,Article,ceciliakang,ceciliakang,1
27806,Article,ceciliakang,samrob12,17
27839,Article,ceciliakang,annanorthtweets,53
27855,Article,ceciliakang,andrewrsorkin,4
27896,Article,ceciliakang,BenWeiserNYT,2
27863,Article,ceciliakang,ceciliakang,1
27804,Article,ceciliakang,andrewrsorkin,2
27877,Article,ceciliakang,BenWeiserNYT,13
27835,Article,ceciliakang,llerer,38
27812,Article,ceciliakang,ceciliakang,1
27832,Article,ceciliakang,FlitterOnFraud,3
27885,Article,ceciliakang,ceciliakang,1
27879,Article,ceciliakang,ceciliakang,1
27825,Article,ceciliakang,gettinviggy,13
27926,Tweet,ceciliakang,jonronson,223
27976,Tweet,ceciliakang,jbouie,77
27906,Tweet,ceciliakang,BawaNaaved,299
27913,Tweet,ceciliakang,GiniaNYT,241
27933,Tweet,ceciliakang,tomfriedman,30
27911,Tweet,ceciliakang,jonpareles,7
27956,Tweet,ceciliakang,jennydeluxe,22
27945,Tweet,ceciliakang,ajaysuraTOI,33
27923,Tweet,ceciliakang,stevenerlanger,8
27951,Tweet,ceciliakang,jonpareles,47
27990,Tweet,ceciliakang,jonpareles,14
27924,Tweet,ceciliakang,asrpmukeshTOI,103
27903,Tweet,ceciliakang,jennydeluxe,110
27984,Tweet,ceciliakang,nicklezard,38
27964,Tweet,ceciliakang,jonpareles,6
480,Article,alexanderburns,llerer,7
458,Article,alexanderburns,alexanderburns,1
452,Article,alexanderburns,jmart,5
457,Article,alexanderburns,jmart,5
440,Article,alexanderburns,alexanderburns,1
438,Article,alexanderburns,llerer,4
489,Article,alexanderburns,kenvogel,3
412,Article,alexanderburns,llerer,4
453,Article,alexanderburns,anniekarni,2
439,Article,alexanderburns,jmart,6
428,Article,alexanderburns,jmart,2
462,Article,alexanderburns,tomfriedman,7
445,Article,alexanderburns,jmart,2
499,Article,alexanderburns,paulkrugman,3
442,Article,alexanderburns,alexanderburns,1
540,Tweet,alexanderburns,alexanderburns,1
558,Tweet,alexanderburns,alanfeuer,3
539,Tweet,alexanderburns,ShaneGoldmacher,2
591,Tweet,alexanderburns,ewong,22
554,Tweet,alexanderburns,tripgabriel,49
512,Tweet,alexanderburns,hillhulse,45
598,Tweet,alexanderburns,nytdavidbrooks,6
532,Tweet,alexanderburns,lukebroadwater,14
524,Tweet,alexanderburns,vwang3,8
562,Tweet,alexanderburns,jotted,72
545,Tweet,alexanderburns,tripgabriel,15
583,Tweet,alexanderburns,alexanderburns,1
570,Tweet,alexanderburns,alexanderburns,1
573,Tweet,alexanderburns,SherylNYT,2
515,Tweet,alexanderburns,murarishetyeTOI,183
71819,Article,Bencjacobs,hugolowell,2
71866,Article,Bencjacobs,williamnhutton,34
71785,Article,Bencjacobs,VivianHo,11
71978,Article,Bencjacobs,hugolowell,4
71852,Article,Bencjacobs,Bencjacobs,1
71989,Article,Bencjacobs,hugolowell,2
72009,Article,Bencjacobs,Bencjacobs,1
71949,Article,Bencjacobs,Bencjacobs,1
71914,Article,Bencjacobs,MarinaHyde,45
71994,Article,Bencjacobs,hugolowell,28
71959,Article,Bencjacobs,Bencjacobs,1
71805,Article,Bencjacobs,hugolowell,2
71974,Article,Bencjacobs,Bencjacobs,1
71783,Article,Bencjacobs,andybrassell,118
71943,Article,Bencjacobs,bglendenning,41
72083,Tweet,Bencjacobs,nicklezard,43
72255,Tweet,Bencjacobs,jimwaterson,107
72203,Tweet,Bencjacobs,naomi2009,196
72268,Tweet,Bencjacobs,peterbakernyt,69
72098,Tweet,Bencjacobs,alanconnor,17
72142,Tweet,Bencjacobs,llerer,88
72017,Tweet,Bencjacobs,nicholaswatt,12
72238,Tweet,Bencjacobs,TanyaGold1,210
72097,Tweet,Bencjacobs,vwang3,72
72079,Tweet,Bencjacobs,hugolowell,60
72267,Tweet,Bencjacobs,murarishetyeTOI,177
72044,Tweet,Bencjacobs,wesley_morris,56
72208,Tweet,Bencjacobs,Bencjacobs,1
72257,Tweet,Bencjacobs,tripgabriel,89
72076,Tweet,Bencjacobs,llerer,111
17868,Article,rondakaysen,AlysFowler,3
17843,Article,rondakaysen,anemonanyc,3
17867,Article,rondakaysen,rondakaysen,1
17800,Article,rondakaysen,pete_wells,2
17801,Article,rondakaysen,rondakaysen,1
17824,Article,rondakaysen,rondakaysen,1
17827,Article,rondakaysen,rondakaysen,1
17805,Article,rondakaysen,wesley_morris,18
17828,Article,rondakaysen,melissaclark,10
17830,Article,rondakaysen,rondakaysen,1
17882,Article,rondakaysen,livia_ar,6
17847,Article,rondakaysen,rondakaysen,1
17811,Article,rondakaysen,rondakaysen,1
17821,Article,rondakaysen,rondakaysen,1
17857,Article,rondakaysen,rondakaysen,1
17964,Tweet,rondakaysen,PatriciaMazzei,193
17915,Tweet,rondakaysen,JessicaValenti,225
17981,Tweet,rondakaysen,davidhepworth,17
17977,Tweet,rondakaysen,nicklezard,21
17972,Tweet,rondakaysen,ASoloski,69
17943,Tweet,rondakaysen,desaisantosh,70
17982,Tweet,rondakaysen,margaretrenkl,125
17965,Tweet,rondakaysen,stevenerlanger,83
17989,Tweet,rondakaysen,jonpareles,109
17969,Tweet,rondakaysen,jotted,55
17983,Tweet,rondakaysen,GiniaNYT,68
17949,Tweet,rondakaysen,tejalrao,29
17923,Tweet,rondakaysen,vwang3,26
17904,Tweet,rondakaysen,nicholaswatt,106
17910,Tweet,rondakaysen,jimwaterson,40
5650,Article,DanBilefsky,ianrausten,13
5629,Article,DanBilefsky,DanBilefsky,1
5648,Article,DanBilefsky,BenWeiserNYT,33
5617,Article,DanBilefsky,antontroian,6
5612,Article,DanBilefsky,ianrausten,8
5651,Article,DanBilefsky,BellaKwai,68
5678,Article,DanBilefsky,aurelienbrd,7
5630,Article,DanBilefsky,DanBilefsky,1
5680,Article,DanBilefsky,PatrickKingsley,20
5660,Article,DanBilefsky,jotted,26
5613,Article,DanBilefsky,GiniaNYT,14
5604,Article,DanBilefsky,ianrausten,3
5619,Article,DanBilefsky,bylizrobbins,68
5684,Article,DanBilefsky,ianrausten,18
5682,Article,DanBilefsky,DanBilefsky,1
5770,Tweet,DanBilefsky,michaelcrowley,39
5754,Tweet,DanBilefsky,vwang3,87
5782,Tweet,DanBilefsky,RaphaelMinder,30
5778,Tweet,DanBilefsky,KeithBradsher,29
5797,Tweet,DanBilefsky,KSchulten,91
5744,Tweet,DanBilefsky,michaelcrowley,9
5791,Tweet,DanBilefsky,gettleman,132
5743,Tweet,DanBilefsky,RosySequeiraTOI,11
5793,Tweet,DanBilefsky,naomi2009,92
5713,Tweet,DanBilefsky,vwang3,44
5750,Tweet,DanBilefsky,michaelcrowley,17
5712,Tweet,DanBilefsky,jotted,58
5724,Tweet,DanBilefsky,livia_ar,12
5775,Tweet,DanBilefsky,michaelcrowley,8
5786,Tweet,DanBilefsky,RosySequeiraTOI,63
27260,Article,kannoyoungs,gettleman,17
27209,Article,kannoyoungs,julianbarnes,14
27222,Article,kannoyoungs,kannoyoungs,1
27273,Article,kannoyoungs,ewong,21
27298,Article,kannoyoungs,apoorva_nyc,3
27297,Article,kannoyoungs,ericschmittnyt,5
27257,Article,kannoyoungs,nytdavidbrooks,62
27210,Article,kannoyoungs,andrewrsorkin,6
27213,Article,kannoyoungs,ewong,3
27254,Article,kannoyoungs,anniekarni,15
27206,Article,kannoyoungs,AnaSwanson,7
27279,Article,kannoyoungs,kannoyoungs,1
27219,Article,kannoyoungs,bencasselman,2
27227,Article,kannoyoungs,jeannasmialek,43
27214,Article,kannoyoungs,kannoyoungs,1
27334,Tweet,kannoyoungs,murarishetyeTOI,17
27305,Tweet,kannoyoungs,mtomasky,8
27394,Tweet,kannoyoungs,ShoebKhanTOI,17
27335,Tweet,kannoyoungs,ajaysuraTOI,11
27300,Tweet,kannoyoungs,tripgabriel,55
27379,Tweet,kannoyoungs,SharonLNYT,5
27368,Tweet,kannoyoungs,peterbakernyt,16
27382,Tweet,kannoyoungs,SharonLNYT,20
27349,Tweet,kannoyoungs,ajaysuraTOI,46
27320,Tweet,kannoyoungs,Lattif,265
27370,Tweet,kannoyoungs,ByMattStevens,100
27376,Tweet,kannoyoungs,aleksk,88
27383,Tweet,kannoyoungs,vwang3,206
27306,Tweet,kannoyoungs,michaelcrowley,91
27328,Tweet,kannoyoungs,GiniaNYT,34
176903,Article,Banjotkaur,AditiZero,2
176795,Article,Banjotkaur,AditiZero,2
176983,Article,Banjotkaur,AditiZero,2
176956,Article,Banjotkaur,PrashantrTOI,2
176777,Article,Banjotkaur,AditiZero,2
176772,Article,Banjotkaur,AditiZero,2
176810,Article,Banjotkaur,AditiZero,5
176976,Article,Banjotkaur,AditiZero,11
176782,Article,Banjotkaur,AditiZero,2
176812,Article,Banjotkaur,AditiZero,2
176827,Article,Banjotkaur,AditiZero,2
176938,Article,Banjotkaur,AditiZero,2
176992,Article,Banjotkaur,Mahafreed_Irani,2
176923,Article,Banjotkaur,AditiZero,2
176977,Article,Banjotkaur,AditiZero,2
177025,Tweet,Banjotkaur,Banjotkaur,1
177027,Tweet,Banjotkaur,meeravohraTOI,122
177038,Tweet,Banjotkaur,SocialQPhilip,29
177015,Tweet,Banjotkaur,MohitaTOI,13
177089,Tweet,Banjotkaur,amitanandTOI,10
177053,Tweet,Banjotkaur,saumyajitbTOI,3
177077,Tweet,Banjotkaur,Banjotkaur,1
177058,Tweet,Banjotkaur,naomi2009,2
177019,Tweet,Banjotkaur,Rupalijee,2
177051,Tweet,Banjotkaur,Banjotkaur,1
177050,Tweet,Banjotkaur,Gauraw2297,121
177026,Tweet,Banjotkaur,farnazfassihi,94
177028,Tweet,Banjotkaur,jayamenon64,37
177056,Tweet,Banjotkaur,GiniaNYT,74
177060,Tweet,Banjotkaur,DekaJayanta,12
17046,Article,RaphaelMinder,RaphaelMinder,1
17002,Article,RaphaelMinder,CeylanWrites,4
17075,Article,RaphaelMinder,RaphaelMinder,1
17026,Article,RaphaelMinder,aurelienbrd,4
17073,Article,RaphaelMinder,alanfeuer,4
17093,Article,RaphaelMinder,aurelienbrd,2
17027,Article,RaphaelMinder,NikiKitsantonis,3
17022,Article,RaphaelMinder,BenWeiserNYT,4
17007,Article,RaphaelMinder,sio_burke,9
17098,Article,RaphaelMinder,RaphaelMinder,1
17070,Article,RaphaelMinder,meddynyt,2
17032,Article,RaphaelMinder,RaphaelMinder,1
17067,Article,RaphaelMinder,RaphaelMinder,1
17077,Article,RaphaelMinder,RaphaelMinder,1
17031,Article,RaphaelMinder,rpogrebin,5
17156,Tweet,RaphaelMinder,RaphaelMinder,1
17155,Tweet,RaphaelMinder,laurenlaverne,134
17170,Tweet,RaphaelMinder,RaphaelMinder,1
17109,Tweet,RaphaelMinder,RaphaelMinder,1
17110,Tweet,RaphaelMinder,RaphaelMinder,1
17136,Tweet,RaphaelMinder,KeithBradsher,6
17166,Tweet,RaphaelMinder,RaphaelMinder,1
17198,Tweet,RaphaelMinder,aurelienbrd,37
17197,Tweet,RaphaelMinder,gilestremlett,3
17118,Tweet,RaphaelMinder,RosySequeiraTOI,17
17112,Tweet,RaphaelMinder,RaphaelMinder,1
17100,Tweet,RaphaelMinder,MattFutterman,5
17140,Tweet,RaphaelMinder,ArthurNeslen,2
17182,Tweet,RaphaelMinder,RaphaelMinder,1
17114,Tweet,RaphaelMinder,RaphaelMinder,1
29607,Article,EmilyAnthes,EmilyAnthes,1
29685,Article,EmilyAnthes,apoorva_nyc,14
29606,Article,EmilyAnthes,EmilyAnthes,1
29666,Article,EmilyAnthes,EmilyAnthes,1
29619,Article,EmilyAnthes,apoorva_nyc,2
29636,Article,EmilyAnthes,julianbarnes,9
29684,Article,EmilyAnthes,EmilyAnthes,1
29627,Article,EmilyAnthes,EmilyAnthes,1
29655,Article,EmilyAnthes,SharonLNYT,3
29688,Article,EmilyAnthes,EmilyAnthes,1
29692,Article,EmilyAnthes,EmilyAnthes,1
29623,Article,EmilyAnthes,apoorva_nyc,7
29602,Article,EmilyAnthes,EmilyAnthes,1
29635,Article,EmilyAnthes,EmilyAnthes,1
29618,Article,EmilyAnthes,apoorva_nyc,13
29702,Tweet,EmilyAnthes,vwang3,75
29706,Tweet,EmilyAnthes,RosySequeiraTOI,16
29745,Tweet,EmilyAnthes,jonronson,48
29769,Tweet,EmilyAnthes,gmorgenson,33
29710,Tweet,EmilyAnthes,KeithBradsher,10
29716,Tweet,EmilyAnthes,timatkin,65
29759,Tweet,EmilyAnthes,davidleighx,89
29750,Tweet,EmilyAnthes,desaisantosh,39
29703,Tweet,EmilyAnthes,ajaysuraTOI,7
29718,Tweet,EmilyAnthes,PerriKlass,76
29725,Tweet,EmilyAnthes,desaisantosh,46
29717,Tweet,EmilyAnthes,desaisantosh,46
29795,Tweet,EmilyAnthes,anemonanyc,62
29787,Tweet,EmilyAnthes,KSchulten,61
29720,Tweet,EmilyAnthes,RosySequeiraTOI,16
15684,Article,nytdavidbrooks,nytdavidbrooks,1
15670,Article,nytdavidbrooks,ASoloski,3
15689,Article,nytdavidbrooks,nytdavidbrooks,1
15630,Article,nytdavidbrooks,tomfriedman,11
15629,Article,nytdavidbrooks,DouthatNYT,2
15631,Article,nytdavidbrooks,DouthatNYT,2
15681,Article,nytdavidbrooks,nytdavidbrooks,1
15626,Article,nytdavidbrooks,tomfriedman,8
15661,Article,nytdavidbrooks,tomfriedman,78
15682,Article,nytdavidbrooks,nytdavidbrooks,1
15673,Article,nytdavidbrooks,DouthatNYT,2
15615,Article,nytdavidbrooks,nytdavidbrooks,1
15657,Article,nytdavidbrooks,jimtankersley,3
15665,Article,nytdavidbrooks,nytdavidbrooks,1
15677,Article,nytdavidbrooks,NYTimesCohen,5
15708,Tweet,nytdavidbrooks,llerer,26
15753,Tweet,nytdavidbrooks,marywalshjourno,18
15774,Tweet,nytdavidbrooks,llerer,23
15714,Tweet,nytdavidbrooks,dwightgarner,7
15766,Tweet,nytdavidbrooks,RosySequeiraTOI,13
15790,Tweet,nytdavidbrooks,nytdavidbrooks,1
15725,Tweet,nytdavidbrooks,timlottwriter,2
15731,Tweet,nytdavidbrooks,RosySequeiraTOI,22
15778,Tweet,nytdavidbrooks,marywalshjourno,2
15756,Tweet,nytdavidbrooks,GiniaNYT,14
15739,Tweet,nytdavidbrooks,jonpareles,2
15773,Tweet,nytdavidbrooks,nytdavidbrooks,1
15788,Tweet,nytdavidbrooks,apoorva_nyc,42
15705,Tweet,nytdavidbrooks,jonpareles,38
15734,Tweet,nytdavidbrooks,RosySequeiraTOI,9
184159,Article,GovindKMaadTOI,bindiyachariTOI,23
184106,Article,GovindKMaadTOI,mateenHTOI,39
184197,Article,GovindKMaadTOI,ggreenwald,103
184230,Article,GovindKMaadTOI,vaibhavgTOI,20
184187,Article,GovindKMaadTOI,rajendrasTOI,2
184151,Article,GovindKMaadTOI,bindiyachariTOI,53
184047,Article,GovindKMaadTOI,ChaithanyaSwamy,51
184023,Article,GovindKMaadTOI,DSandip_TOI,3
184119,Article,GovindKMaadTOI,GovindKMaadTOI,1
184144,Article,GovindKMaadTOI,SumitraDebRoy,30
184209,Article,GovindKMaadTOI,murarishetyeTOI,72
184129,Article,GovindKMaadTOI,DSandip_TOI,45
184078,Article,GovindKMaadTOI,murarishetye,22
184037,Article,GovindKMaadTOI,kumaraswamykTOI,3
184172,Article,GovindKMaadTOI,GovindKMaadTOI,1
184340,Tweet,GovindKMaadTOI,desaisantosh,5
184313,Tweet,GovindKMaadTOI,jayamenon64,7
184345,Tweet,GovindKMaadTOI,GovindKMaadTOI,1
184317,Tweet,GovindKMaadTOI,RosySequeiraTOI,211
184338,Tweet,GovindKMaadTOI,murarishetye,7
184356,Tweet,GovindKMaadTOI,GovindKMaadTOI,1
184310,Tweet,GovindKMaadTOI,murarishetyeTOI,4
184335,Tweet,GovindKMaadTOI,MohitaTOI,25
184321,Tweet,GovindKMaadTOI,desaisantosh,4
184329,Tweet,GovindKMaadTOI,GovindKMaadTOI,1
184307,Tweet,GovindKMaadTOI,bindiyachariTOI,19
184339,Tweet,GovindKMaadTOI,NishikantkTOI,24
184341,Tweet,GovindKMaadTOI,bindiyachariTOI,9
184347,Tweet,GovindKMaadTOI,CeylanWrites,160
184283,Tweet,GovindKMaadTOI,murarishetye,7
201152,Article,PhanindraP_TNIE,Crime_Selvaraj,2
201191,Article,PhanindraP_TNIE,ManjuVTOI,7
201254,Article,PhanindraP_TNIE,ShoebKhanTOI,4
201232,Article,PhanindraP_TNIE,richapintoi,5
201194,Article,PhanindraP_TNIE,SindhukTOI,5
201229,Article,PhanindraP_TNIE,somitsenTOI,2
201141,Article,PhanindraP_TNIE,ShoebKhanTOI,4
201199,Article,PhanindraP_TNIE,SagrikaKissu,18
201164,Article,PhanindraP_TNIE,mateenHTOI,4
201233,Article,PhanindraP_TNIE,mateenHTOI,6
201253,Article,PhanindraP_TNIE,AditiZero,2
201151,Article,PhanindraP_TNIE,SagrikaKissu,17
201183,Article,PhanindraP_TNIE,UttaraVarmaTOI,7
201133,Article,PhanindraP_TNIE,SagrikaKissu,4
201222,Article,PhanindraP_TNIE,yeshikabudhwar,2
201317,Tweet,PhanindraP_TNIE,PhanindraP_TNIE,1
201269,Tweet,PhanindraP_TNIE,tushhaikhush,30
201263,Tweet,PhanindraP_TNIE,priyagupta999,21
201259,Tweet,PhanindraP_TNIE,vaibhavgTOI,2
201275,Tweet,PhanindraP_TNIE,NewtonSTOI,8
201291,Tweet,PhanindraP_TNIE,journo_vibha,14
201272,Tweet,PhanindraP_TNIE,sermoninstone,130
201300,Tweet,PhanindraP_TNIE,007pandey,165
201292,Tweet,PhanindraP_TNIE,NishikantkTOI,2
201283,Tweet,PhanindraP_TNIE,vaibhavgTOI,4
201286,Tweet,PhanindraP_TNIE,PhanindraP_TNIE,1
201301,Tweet,PhanindraP_TNIE,tushhaikhush,92
201280,Tweet,PhanindraP_TNIE,PjJoychen,15
201307,Tweet,PhanindraP_TNIE,smita_mishra,27
201279,Tweet,PhanindraP_TNIE,PhanindraP_TNIE,1
26467,Article,michaelcrowley,peterbakernyt,2
26411,Article,michaelcrowley,ericschmittnyt,10
26433,Article,michaelcrowley,michaelcrowley,1
26461,Article,michaelcrowley,RachelDonadio,260
26407,Article,michaelcrowley,ElisabethMalkin,180
26409,Article,michaelcrowley,michaelcrowley,1
26405,Article,michaelcrowley,michaelcrowley,1
26421,Article,michaelcrowley,michaelcrowley,1
26423,Article,michaelcrowley,SangerNYT,4
26434,Article,michaelcrowley,michaelcrowley,1
26424,Article,michaelcrowley,llerer,26
26455,Article,michaelcrowley,anniekarni,4
26417,Article,michaelcrowley,anniekarni,11
26408,Article,michaelcrowley,ElisabethMalkin,200
26426,Article,michaelcrowley,antontroian,2
26592,Tweet,michaelcrowley,michaelcrowley,1
26597,Tweet,michaelcrowley,jonpareles,91
26589,Tweet,michaelcrowley,RosySequeiraTOI,236
26515,Tweet,michaelcrowley,tomfriedman,6
26586,Tweet,michaelcrowley,tripgabriel,34
26504,Tweet,michaelcrowley,afuahirsch,35
26505,Tweet,michaelcrowley,michaelcrowley,1
26527,Tweet,michaelcrowley,vwang3,145
26578,Tweet,michaelcrowley,michaelcrowley,1
26579,Tweet,michaelcrowley,andrewrawnsley,334
26583,Tweet,michaelcrowley,michaelcrowley,1
26539,Tweet,michaelcrowley,MujMash,2
26573,Tweet,michaelcrowley,EmmaBubola,3
26584,Tweet,michaelcrowley,michaelcrowley,1
26598,Tweet,michaelcrowley,murarishetyeTOI,32
14230,Article,mlevenson,NikiKitsantonis,82
14273,Article,mlevenson,aurelienbrd,13
14259,Article,mlevenson,ianrausten,33
14290,Article,mlevenson,bencasselman,167
14268,Article,mlevenson,BenWeiserNYT,19
14288,Article,mlevenson,FlitterOnFraud,106
14236,Article,mlevenson,ianrausten,49
14208,Article,mlevenson,tariqpanja,68
14210,Article,mlevenson,anniekarni,33
14248,Article,mlevenson,SarahMaslinNir,95
14238,Article,mlevenson,SharonLNYT,28
14286,Article,mlevenson,BenWeiserNYT,14
14232,Article,mlevenson,livia_ar,34
14203,Article,mlevenson,christophclarey,3
14242,Article,mlevenson,apoorva_nyc,392
14349,Tweet,mlevenson,lucysiegle,101
14331,Tweet,mlevenson,lucysiegle,85
14335,Tweet,mlevenson,murarishetyeTOI,24
14316,Tweet,mlevenson,livia_ar,3
14329,Tweet,mlevenson,murarishetyeTOI,2
14307,Tweet,mlevenson,llerer,28
14389,Tweet,mlevenson,lukeharding1968,11
14398,Tweet,mlevenson,michaelcrowley,7
14395,Tweet,mlevenson,livia_ar,12
14310,Tweet,mlevenson,mlevenson,1
14380,Tweet,mlevenson,KTVinobhaTOI,82
14375,Tweet,mlevenson,DSlotnik,23
14323,Tweet,mlevenson,KTVinobhaTOI,15
14315,Tweet,mlevenson,KTVinobhaTOI,97
14317,Tweet,mlevenson,michaelcrowley,9
13613,Article,MichaelPaulson,MichaelPaulson,1
13681,Article,MichaelPaulson,MichaelPaulson,1
13622,Article,MichaelPaulson,MichaelPaulson,1
13639,Article,MichaelPaulson,MichaelPaulson,1
13610,Article,MichaelPaulson,MichaelPaulson,1
13617,Article,MichaelPaulson,kylebuchanan,6
13659,Article,MichaelPaulson,MichaelPaulson,1
13645,Article,MichaelPaulson,MichaelPaulson,1
13623,Article,MichaelPaulson,MichaelPaulson,1
13677,Article,MichaelPaulson,dwightgarner,93
13605,Article,MichaelPaulson,MichaelPaulson,1
13674,Article,MichaelPaulson,joncaramanica,3
13606,Article,MichaelPaulson,bylizrobbins,102
13658,Article,MichaelPaulson,EVincentelli,2
13646,Article,MichaelPaulson,MichaelPaulson,1
13751,Tweet,MichaelPaulson,MichaelPaulson,1
13746,Tweet,MichaelPaulson,genznyt,13
13729,Tweet,MichaelPaulson,MichaelPaulson,1
13787,Tweet,MichaelPaulson,MichaelPaulson,1
13771,Tweet,MichaelPaulson,MichaelPaulson,1
13737,Tweet,MichaelPaulson,llerer,103
13777,Tweet,MichaelPaulson,lucywardsings,22
13708,Tweet,MichaelPaulson,KSchulten,21
13793,Tweet,MichaelPaulson,MichaelPaulson,1
13786,Tweet,MichaelPaulson,MichaelPaulson,1
13721,Tweet,MichaelPaulson,joshwiddicombe,4
13795,Tweet,MichaelPaulson,MichaelPaulson,1
13752,Tweet,MichaelPaulson,timlottwriter,24
13753,Tweet,MichaelPaulson,MichaelPaulson,1
13766,Tweet,MichaelPaulson,MichaelPaulson,1
30235,Article,smervosh,anandbodhTOI,54
30239,Article,smervosh,el_belson,104
30290,Article,smervosh,cdcaron,24
30284,Article,smervosh,kylebuchanan,56
30250,Article,smervosh,CeylanWrites,70
30258,Article,smervosh,bydanielvictor,55
30202,Article,smervosh,bylizrobbins,110
30207,Article,smervosh,dwightgarner,103
30221,Article,smervosh,anniekarni,58
30274,Article,smervosh,ASoloski,14
30276,Article,smervosh,StacyCowley,35
30246,Article,smervosh,aurelienbrd,52
30252,Article,smervosh,NikiKitsantonis,41
30222,Article,smervosh,anniekarni,52
30209,Article,smervosh,NickAtNews,5
30339,Tweet,smervosh,ajaysuraTOI,291
30397,Tweet,smervosh,msrachelcooke,173
30324,Tweet,smervosh,stevenerlanger,217
30385,Tweet,smervosh,apoorva_nyc,23
30371,Tweet,smervosh,llerer,77
30302,Tweet,smervosh,jestei,235
30354,Tweet,smervosh,el_belson,7
30309,Tweet,smervosh,ajaysuraTOI,4
30319,Tweet,smervosh,smervosh,1
30395,Tweet,smervosh,ASoloski,31
30343,Tweet,smervosh,tomfriedman,65
30373,Tweet,smervosh,RosySequeiraTOI,249
30356,Tweet,smervosh,gettleman,216
30327,Tweet,smervosh,DSlotnik,3
30380,Tweet,smervosh,FrancesRobles,7
181457,Article,divyadubey_,divyadubey_,1
181512,Article,divyadubey_,yeshikabudhwar,38
181444,Article,divyadubey_,somitsenTOI,17
181459,Article,divyadubey_,sudeshnagTOI,19
181507,Article,divyadubey_,divyadubey_,1
181466,Article,divyadubey_,rhymetraveller,34
181469,Article,divyadubey_,ishajainTOI,21
181447,Article,divyadubey_,NishikantkTOI,31
181478,Article,divyadubey_,dklavaniaTOI,19
181504,Article,divyadubey_,AjayUgrasTOI,14
181476,Article,divyadubey_,ShoebKhanTOI,19
181500,Article,divyadubey_,binays1960,5
181489,Article,divyadubey_,PjJoychen,16
181462,Article,divyadubey_,divyadubey_,1
181505,Article,divyadubey_,jatinder_tur,18
181553,Tweet,divyadubey_,divyadubey_,1
181590,Tweet,divyadubey_,divyadubey_,1
181582,Tweet,divyadubey_,divyadubey_,1
181557,Tweet,divyadubey_,Gauraw2297,2
181575,Tweet,divyadubey_,divyadubey_,1
181570,Tweet,divyadubey_,divyadubey_,1
181604,Tweet,divyadubey_,Gauraw2297,2
181542,Tweet,divyadubey_,MohitaTOI,2
181538,Tweet,divyadubey_,HemantaTOI,2
181566,Tweet,divyadubey_,divyadubey_,1
181600,Tweet,divyadubey_,divyadubey_,1
181560,Tweet,divyadubey_,divyadubey_,1
181610,Tweet,divyadubey_,divyadubey_,1
181565,Tweet,divyadubey_,MKSinghGkp,3
181568,Tweet,divyadubey_,murarishetyeTOI,10
25687,Article,farnazfassihi,ewong,7
25694,Article,farnazfassihi,farnazfassihi,1
25661,Article,farnazfassihi,SangerNYT,3
25617,Article,farnazfassihi,farnazfassihi,1
25638,Article,farnazfassihi,stevenerlanger,8
25676,Article,farnazfassihi,farnazfassihi,1
25651,Article,farnazfassihi,farnazfassihi,1
25672,Article,farnazfassihi,farnazfassihi,1
25662,Article,farnazfassihi,SangerNYT,6
25648,Article,farnazfassihi,NikiKitsantonis,5
25650,Article,farnazfassihi,ericschmittnyt,12
25680,Article,farnazfassihi,farnazfassihi,1
25637,Article,farnazfassihi,farnazfassihi,1
25626,Article,farnazfassihi,farnazfassihi,1
25605,Article,farnazfassihi,ericschmittnyt,6
25731,Tweet,farnazfassihi,polblonde,43
25748,Tweet,farnazfassihi,parul_sehgal,9
25715,Tweet,farnazfassihi,gmorgenson,7
25758,Tweet,farnazfassihi,FrancesRobles,22
25749,Tweet,farnazfassihi,jonronson,14
25792,Tweet,farnazfassihi,tomfriedman,96
25734,Tweet,farnazfassihi,naomi2009,77
25711,Tweet,farnazfassihi,michaelcrowley,17
25751,Tweet,farnazfassihi,saumyajitbTOI,46
25793,Tweet,farnazfassihi,andrewrawnsley,119
25778,Tweet,farnazfassihi,antontroian,2
25724,Tweet,farnazfassihi,murarishetyeTOI,24
25717,Tweet,farnazfassihi,gmorgenson,6
25770,Tweet,farnazfassihi,RosySequeiraTOI,15
25740,Tweet,farnazfassihi,smita_mishra,39
173254,Article,AniltheMatrix,rajendrasTOI,3
173138,Article,AniltheMatrix,KapildaveTOI,7
173331,Article,AniltheMatrix,vaibhavgTOI,8
173177,Article,AniltheMatrix,GRajivTOI,42
173248,Article,AniltheMatrix,vaibhavgTOI,8
173237,Article,AniltheMatrix,ShrinivasaMTOI,3
173346,Article,AniltheMatrix,ArunDev1,18
173333,Article,AniltheMatrix,dkarthikTOI,10
173232,Article,AniltheMatrix,ipsinghTOI,2
173242,Article,AniltheMatrix,SribaalaVTOI,2
173348,Article,AniltheMatrix,AniltheMatrix,1
173221,Article,AniltheMatrix,AditiZero,7
173302,Article,AniltheMatrix,toi_dhananjayM,3
173328,Article,AniltheMatrix,AniltheMatrix,1
173293,Article,AniltheMatrix,AniltheMatrix,1
173399,Tweet,AniltheMatrix,Pratiks_TOI,3
173430,Tweet,AniltheMatrix,AniltheMatrix,1
173442,Tweet,AniltheMatrix,Pratiks_TOI,5
173456,Tweet,AniltheMatrix,tushhaikhush,31
173374,Tweet,AniltheMatrix,TOISH31,2
173412,Tweet,AniltheMatrix,AniltheMatrix,1
173382,Tweet,AniltheMatrix,AniltheMatrix,1
173390,Tweet,AniltheMatrix,AniltheMatrix,1
173395,Tweet,AniltheMatrix,kumaraswamykTOI,211
173406,Tweet,AniltheMatrix,AniltheMatrix,1
173462,Tweet,AniltheMatrix,Shrivathsan1437,89
173398,Tweet,AniltheMatrix,AniltheMatrix,1
173383,Tweet,AniltheMatrix,AniltheMatrix,1
173376,Tweet,AniltheMatrix,AniltheMatrix,1
173464,Tweet,AniltheMatrix,jonronson,72
1230,Article,anniekarni,peterbakernyt,3
1270,Article,anniekarni,bydanielvictor,3
1299,Article,anniekarni,anniekarni,1
1206,Article,anniekarni,michelleinbklyn,6
1252,Article,anniekarni,jwpetersNYT,6
1282,Article,anniekarni,kannoyoungs,13
1234,Article,anniekarni,SangerNYT,7
1205,Article,anniekarni,michelleinbklyn,3
1274,Article,anniekarni,apoorva_nyc,83
1286,Article,anniekarni,NYTLiz,3
1227,Article,anniekarni,hillhulse,10
1228,Article,anniekarni,alexanderburns,3
1201,Article,anniekarni,nytmike,5
1261,Article,anniekarni,hillhulse,10
1283,Article,anniekarni,SharonLNYT,10
1392,Tweet,anniekarni,ianrausten,3
1360,Tweet,anniekarni,hillhulse,17
1325,Tweet,anniekarni,RosySequeiraTOI,184
1331,Tweet,anniekarni,ajaysuraTOI,13
1312,Tweet,anniekarni,RosySequeiraTOI,10
1370,Tweet,anniekarni,vwang3,35
1310,Tweet,anniekarni,gailcollins,2
1379,Tweet,anniekarni,ajaysuraTOI,19
1313,Tweet,anniekarni,GlennThrush,3
1301,Tweet,anniekarni,RosySequeiraTOI,8
1386,Tweet,anniekarni,LFFriedman,40
1302,Tweet,anniekarni,gailcollins,37
1362,Tweet,anniekarni,tomfriedman,54
1358,Tweet,anniekarni,antontroian,6
1359,Tweet,anniekarni,RosySequeiraTOI,168
189341,Article,KomalGautham,dkarthikTOI,4
189293,Article,KomalGautham,ThevarSteffy,3
189414,Article,KomalGautham,SagrikaKissu,36
189353,Article,KomalGautham,KomalGautham,1
189487,Article,KomalGautham,vijaysinghTOI,10
189384,Article,KomalGautham,dkarthikTOI,2
189278,Article,KomalGautham,kush_junglee,3
189333,Article,KomalGautham,omjasvinTOI,2
189325,Article,KomalGautham,KomalGautham,1
189286,Article,KomalGautham,kush_junglee,2
189403,Article,KomalGautham,omjasvinTOI,2
189312,Article,KomalGautham,ShrinivasaMTOI,4
189405,Article,KomalGautham,omjasvinTOI,2
189404,Article,KomalGautham,vijaysinghTOI,3
189454,Article,KomalGautham,omjasvinTOI,2
189534,Tweet,KomalGautham,murarishetyeTOI,2
189597,Tweet,KomalGautham,SindhukTOI,2
189603,Tweet,KomalGautham,utejonmayamTOI,4
189583,Tweet,KomalGautham,bishnoiarvind11,161
189535,Tweet,KomalGautham,ThevarSteffy,3
189608,Tweet,KomalGautham,TOISH31,8
189576,Tweet,KomalGautham,desaisantosh,30
189520,Tweet,KomalGautham,murarishetyeTOI,61
189582,Tweet,KomalGautham,MohitaTOI,137
189538,Tweet,KomalGautham,SindhukTOI,4
189568,Tweet,KomalGautham,tushhaikhush,85
189604,Tweet,KomalGautham,SribaalaVTOI,190
189559,Tweet,KomalGautham,NewtonSTOI,8
189600,Tweet,KomalGautham,naomi2009,42
189617,Tweet,KomalGautham,murarishetyeTOI,64
204287,Article,rajatpTOI,rajatpTOI,1
204444,Article,rajatpTOI,rajatpTOI,1
204303,Article,rajatpTOI,rajatpTOI,1
204255,Article,rajatpTOI,rajatpTOI,1
204401,Article,rajatpTOI,rajatpTOI,1
204382,Article,rajatpTOI,rajatpTOI,1
204393,Article,rajatpTOI,rajatpTOI,1
204398,Article,rajatpTOI,rajatpTOI,1
204308,Article,rajatpTOI,rajatpTOI,1
204399,Article,rajatpTOI,rajatpTOI,1
204370,Article,rajatpTOI,pankajdoval,3
204386,Article,rajatpTOI,rajatpTOI,1
204414,Article,rajatpTOI,rajatpTOI,1
204332,Article,rajatpTOI,jatinder_tur,2
204292,Article,rajatpTOI,jatinder_tur,2
204566,Tweet,rajatpTOI,ajaysuraTOI,160
204516,Tweet,rajatpTOI,rajatpTOI,1
204564,Tweet,rajatpTOI,MohitaTOI,185
204536,Tweet,rajatpTOI,rajatpTOI,1
204571,Tweet,rajatpTOI,polblonde,307
204504,Tweet,rajatpTOI,akhileshsTOI,3
204553,Tweet,rajatpTOI,murarishetyeTOI,29
204578,Tweet,rajatpTOI,timatkin,413
204584,Tweet,rajatpTOI,rajatpTOI,1
204588,Tweet,rajatpTOI,rajatpTOI,1
204502,Tweet,rajatpTOI,MohitaTOI,4
204562,Tweet,rajatpTOI,murarishetyeTOI,260
204558,Tweet,rajatpTOI,bishnoiarvind11,5
204518,Tweet,rajatpTOI,dipakdashTOI,3
204590,Tweet,rajatpTOI,desaisantosh,288
218335,Article,tushhaikhush,tushhaikhush,1
218555,Article,tushhaikhush,kumaraswamykTOI,5
218353,Article,tushhaikhush,Pratiks_TOI,8
218417,Article,tushhaikhush,toi_ManujaV,9
218535,Article,tushhaikhush,kumaraswamykTOI,3
218512,Article,tushhaikhush,tushhaikhush,1
218375,Article,tushhaikhush,tushhaikhush,1
218336,Article,tushhaikhush,aniljdias,3
218398,Article,tushhaikhush,DSandip_TOI,4
218360,Article,tushhaikhush,TOISH31,2
218527,Article,tushhaikhush,Pratiks_TOI,11
218443,Article,tushhaikhush,tushhaikhush,1
218355,Article,tushhaikhush,Pratiks_TOI,4
218567,Article,tushhaikhush,tushhaikhush,1
218504,Article,tushhaikhush,Pratiks_TOI,6
218667,Tweet,tushhaikhush,nicklezard,169
218648,Tweet,tushhaikhush,tushhaikhush,1
218662,Tweet,tushhaikhush,petleepeter,3
218675,Tweet,tushhaikhush,MarcusMergulhao,11
218669,Tweet,tushhaikhush,nicklezard,159
218597,Tweet,tushhaikhush,nytDeniseGrady,464
218647,Tweet,tushhaikhush,Shrivathsan1437,10
218679,Tweet,tushhaikhush,tushhaikhush,1
218677,Tweet,tushhaikhush,desaisantosh,159
218658,Tweet,tushhaikhush,samsifton,133
218588,Tweet,tushhaikhush,tushhaikhush,1
218678,Tweet,tushhaikhush,desaisantosh,137
218664,Tweet,tushhaikhush,itsshibuthomas,255
218629,Tweet,tushhaikhush,tushhaikhush,1
218593,Tweet,tushhaikhush,tushhaikhush,1
210192,Article,Shilarze_SSR,adwaidh,3
210128,Article,Shilarze_SSR,adwaidh,2
210253,Article,Shilarze_SSR,Shilarze_SSR,1
210146,Article,Shilarze_SSR,Shilarze_SSR,1
210267,Article,Shilarze_SSR,Shilarze_SSR,1
210169,Article,Shilarze_SSR,Shilarze_SSR,1
210195,Article,Shilarze_SSR,Shilarze_SSR,1
210119,Article,Shilarze_SSR,Shilarze_SSR,1
210122,Article,Shilarze_SSR,vivek9301,4
210074,Article,Shilarze_SSR,adwaidh,5
210193,Article,Shilarze_SSR,Pratiks_TOI,5
210095,Article,Shilarze_SSR,yazhiniyanTOI,4
210091,Article,Shilarze_SSR,Shilarze_SSR,1
210083,Article,Shilarze_SSR,AraniBasuTOI,5
210072,Article,Shilarze_SSR,Shilarze_SSR,1
210356,Tweet,Shilarze_SSR,aniljdias,5
210366,Tweet,Shilarze_SSR,MohitaTOI,185
210338,Tweet,Shilarze_SSR,adwaidh,7
210299,Tweet,Shilarze_SSR,ajaykanth7,42
210340,Tweet,Shilarze_SSR,hugolowell,51
210327,Tweet,Shilarze_SSR,meeravohraTOI,58
210380,Tweet,Shilarze_SSR,HinaRohtaki,100
210298,Tweet,Shilarze_SSR,DekaJayanta,279
210334,Tweet,Shilarze_SSR,MarcusMergulhao,2
210358,Tweet,Shilarze_SSR,sudeshnagTOI,3
210352,Tweet,Shilarze_SSR,adwaidh,8
210324,Tweet,Shilarze_SSR,MarcusMergulhao,3
210359,Tweet,Shilarze_SSR,suilee,2
210341,Tweet,Shilarze_SSR,toi_rohanA,39
210368,Tweet,Shilarze_SSR,andrewrawnsley,23
194451,Article,MoharBasu,priyagupta999,2
194498,Article,MoharBasu,divyapal2013,76
194555,Article,MoharBasu,MoharBasu,1
194349,Article,MoharBasu,MoharBasu,1
194577,Article,MoharBasu,MoharBasu,1
194442,Article,MoharBasu,MoharBasu,1
194370,Article,MoharBasu,priyagupta999,20
194586,Article,MoharBasu,priyagupta999,2
194409,Article,MoharBasu,FranklinBlog,119
194395,Article,MoharBasu,MoharBasu,1
194578,Article,MoharBasu,MoharBasu,1
194481,Article,MoharBasu,priyagupta999,2
194516,Article,MoharBasu,divyapal2013,4
194358,Article,MoharBasu,MoharBasu,1
194373,Article,MoharBasu,MoharBasu,1
194657,Tweet,MoharBasu,NewtonSTOI,24
194617,Tweet,MoharBasu,wesley_morris,138
194601,Tweet,MoharBasu,sermoninstone,4
194681,Tweet,MoharBasu,smita_mishra,4
194609,Tweet,MoharBasu,jennydeluxe,23
194641,Tweet,MoharBasu,MoharBasu,1
194640,Tweet,MoharBasu,andrewrawnsley,36
194627,Tweet,MoharBasu,ManjuVTOI,13
194687,Tweet,MoharBasu,asrpmukeshTOI,115
194602,Tweet,MoharBasu,winematcher,4
194647,Tweet,MoharBasu,MoharBasu,1
194686,Tweet,MoharBasu,margaretrenkl,55
194646,Tweet,MoharBasu,desaisantosh,3
194664,Tweet,MoharBasu,nauzerbTOI,5
194659,Tweet,MoharBasu,MohitaTOI,352
207348,Article,ronojoy_sen,ronojoy_sen,1
207371,Article,ronojoy_sen,desaisantosh,2
207372,Article,ronojoy_sen,ronojoy_sen,1
207379,Article,ronojoy_sen,ronojoy_sen,1
207363,Article,ronojoy_sen,ronojoy_sen,1
207359,Article,ronojoy_sen,jbouie,21
207362,Article,ronojoy_sen,divyapal2013,112
207338,Article,ronojoy_sen,ronojoy_sen,1
207369,Article,ronojoy_sen,DerekMalcolm123,14
207343,Article,ronojoy_sen,thrasherxy,154
207391,Article,ronojoy_sen,ronojoy_sen,1
207354,Article,ronojoy_sen,saumyajitbTOI,6
207370,Article,ronojoy_sen,naomi2009,3
207352,Article,ronojoy_sen,LFFriedman,250
207398,Article,ronojoy_sen,DerekMalcolm123,24
207468,Tweet,ronojoy_sen,SyedAkbarTOI,4
207404,Tweet,ronojoy_sen,desaisantosh,17
207432,Tweet,ronojoy_sen,MohitaTOI,8
207465,Tweet,ronojoy_sen,desaisantosh,2
207486,Tweet,ronojoy_sen,desaisantosh,2
207467,Tweet,ronojoy_sen,nicklezard,7
207417,Tweet,ronojoy_sen,kumaraswamykTOI,63
207466,Tweet,ronojoy_sen,ronojoy_sen,1
207435,Tweet,ronojoy_sen,nytdavidbrooks,41
207421,Tweet,ronojoy_sen,SyedAkbarTOI,32
207479,Tweet,ronojoy_sen,desaisantosh,3
207427,Tweet,ronojoy_sen,ronojoy_sen,1
207431,Tweet,ronojoy_sen,ronojoy_sen,1
207451,Tweet,ronojoy_sen,desaisantosh,8
207476,Tweet,ronojoy_sen,ronojoy_sen,1
5272,Article,ChuBailiang,AnaSwanson,13
5209,Article,ChuBailiang,ewong,2
5204,Article,ChuBailiang,ChuBailiang,1
5274,Article,ChuBailiang,gettleman,2
5277,Article,ChuBailiang,ChuBailiang,1
5241,Article,ChuBailiang,parul_sehgal,2
5220,Article,ChuBailiang,jotted,3
5247,Article,ChuBailiang,ChuBailiang,1
5232,Article,ChuBailiang,ChuBailiang,1
5267,Article,ChuBailiang,ewong,9
5256,Article,ChuBailiang,michaelcrowley,5
5246,Article,ChuBailiang,KeithBradsher,8
5280,Article,ChuBailiang,KeithBradsher,4
5243,Article,ChuBailiang,ChuBailiang,1
5201,Article,ChuBailiang,ewong,7
5377,Tweet,ChuBailiang,vwang3,2
5316,Tweet,ChuBailiang,ginakolata,36
5319,Tweet,ChuBailiang,ChuBailiang,1
5303,Tweet,ChuBailiang,murarishetyeTOI,59
5310,Tweet,ChuBailiang,ChuBailiang,1
5385,Tweet,ChuBailiang,leninology,12
5362,Tweet,ChuBailiang,ChuBailiang,1
5376,Tweet,ChuBailiang,vwang3,2
5386,Tweet,ChuBailiang,ChuBailiang,1
5311,Tweet,ChuBailiang,ChuBailiang,1
5339,Tweet,ChuBailiang,ChuBailiang,1
5371,Tweet,ChuBailiang,ChuBailiang,1
5369,Tweet,ChuBailiang,KTVinobhaTOI,31
5315,Tweet,ChuBailiang,vwang3,2
5322,Tweet,ChuBailiang,murarishetyeTOI,13
194940,Article,MohitaTOI,ShoebKhanTOI,8
194878,Article,MohitaTOI,Arv_Ind_Chauhan,2
194778,Article,MohitaTOI,Mahafreed_Irani,21
194775,Article,MohitaTOI,umamahesh_ToI,9
194769,Article,MohitaTOI,ShoebKhanTOI,2
194805,Article,MohitaTOI,yusrahusain,7
194807,Article,MohitaTOI,bishnoiarvind11,18
194936,Article,MohitaTOI,ishajainTOI,2
194787,Article,MohitaTOI,UttaraVarmaTOI,3
194939,Article,MohitaTOI,ShoebKhanTOI,17
194934,Article,MohitaTOI,MohitaTOI,1
194912,Article,MohitaTOI,Arv_Ind_Chauhan,2
194836,Article,MohitaTOI,debaratisen,74
194901,Article,MohitaTOI,DekaJayanta,6
194736,Article,MohitaTOI,IpsitaTOI,19
194991,Tweet,MohitaTOI,ajaysuraTOI,12
194946,Tweet,MohitaTOI,murarishetyeTOI,2
194959,Tweet,MohitaTOI,MohitaTOI,1
194976,Tweet,MohitaTOI,nicklezard,194
195026,Tweet,MohitaTOI,MohitaTOI,1
194990,Tweet,MohitaTOI,RosySequeiraTOI,11
195039,Tweet,MohitaTOI,KapildaveTOI,6
194993,Tweet,MohitaTOI,MohitaTOI,1
195017,Tweet,MohitaTOI,ajaysuraTOI,2
195024,Tweet,MohitaTOI,RosySequeiraTOI,26
195023,Tweet,MohitaTOI,MohitaTOI,1
195030,Tweet,MohitaTOI,MohitaTOI,1
195018,Tweet,MohitaTOI,yazhiniyanTOI,7
194982,Tweet,MohitaTOI,MohitaTOI,1
194964,Tweet,MohitaTOI,smita_mishra,174
195742,Article,murarishetyeTOI,dubeyavishek,2
195827,Article,murarishetyeTOI,murarishetyeTOI,1
195705,Article,murarishetyeTOI,RosySequeiraTOI,8
195703,Article,murarishetyeTOI,journo_vibha,6
195861,Article,murarishetyeTOI,rhymetraveller,10
195878,Article,murarishetyeTOI,akhileshsTOI,107
195798,Article,murarishetyeTOI,murarishetye,3
195903,Article,murarishetyeTOI,SribaalaVTOI,50
195769,Article,murarishetyeTOI,BawaNaaved,8
195707,Article,murarishetyeTOI,KapildaveTOI,19
195914,Article,murarishetyeTOI,mateenHTOI,5
195716,Article,murarishetyeTOI,desaisantosh,61
195849,Article,murarishetyeTOI,advityabahlTOI,2
195704,Article,murarishetyeTOI,KapildaveTOI,5
195754,Article,murarishetyeTOI,murarishetye,3
195947,Tweet,murarishetyeTOI,murarishetyeTOI,1
195996,Tweet,murarishetyeTOI,murarishetyeTOI,1
196011,Tweet,murarishetyeTOI,murarishetyeTOI,1
195980,Tweet,murarishetyeTOI,murarishetye,19
196008,Tweet,murarishetyeTOI,murarishetyeTOI,1
195991,Tweet,murarishetyeTOI,murarishetyeTOI,1
196009,Tweet,murarishetyeTOI,murarishetyeTOI,1
196002,Tweet,murarishetyeTOI,murarishetyeTOI,1
195928,Tweet,murarishetyeTOI,murarishetye,2
195943,Tweet,murarishetyeTOI,murarishetyeTOI,1
195988,Tweet,murarishetyeTOI,murarishetyeTOI,1
195985,Tweet,murarishetyeTOI,murarishetyeTOI,1
195995,Tweet,murarishetyeTOI,murarishetyeTOI,1
195934,Tweet,murarishetyeTOI,murarishetye,2
195964,Tweet,murarishetyeTOI,murarishetyeTOI,1
12633,Article,MaggieAstor,MaggieAstor,1
12607,Article,MaggieAstor,SharonLNYT,157
12655,Article,MaggieAstor,EVincentelli,3
12666,Article,MaggieAstor,FrankBruni,2
12648,Article,MaggieAstor,bylizrobbins,70
12630,Article,MaggieAstor,reidepstein,38
12676,Article,MaggieAstor,tripgabriel,3
12651,Article,MaggieAstor,adamliptak,27
12683,Article,MaggieAstor,hillhulse,9
12684,Article,MaggieAstor,alexanderburns,16
12605,Article,MaggieAstor,alexanderburns,7
12689,Article,MaggieAstor,llerer,14
12677,Article,MaggieAstor,lukebroadwater,18
12642,Article,MaggieAstor,alexanderburns,5
12622,Article,MaggieAstor,hillhulse,3
12743,Tweet,MaggieAstor,SocialQPhilip,47
12799,Tweet,MaggieAstor,vwang3,268
12729,Tweet,MaggieAstor,ArthurNeslen,69
12797,Tweet,MaggieAstor,ASoloski,153
12785,Tweet,MaggieAstor,jonpareles,115
12763,Tweet,MaggieAstor,murarishetyeTOI,226
12792,Tweet,MaggieAstor,kenanmalik,34
12732,Tweet,MaggieAstor,FrancesRobles,79
12770,Tweet,MaggieAstor,nicklezard,6
12761,Tweet,MaggieAstor,liamstack,7
12741,Tweet,MaggieAstor,rachlharris,96
12738,Tweet,MaggieAstor,NYTimesCohen,102
12758,Tweet,MaggieAstor,DSlotnik,35
12755,Tweet,MaggieAstor,parul_sehgal,171
12787,Tweet,MaggieAstor,DouthatNYT,59
198755,Article,omjasvinTOI,dkarthikTOI,2
198844,Article,omjasvinTOI,omjasvinTOI,1
198911,Article,omjasvinTOI,omjasvinTOI,1
198708,Article,omjasvinTOI,omjasvinTOI,1
198746,Article,omjasvinTOI,dkarthikTOI,2
198796,Article,omjasvinTOI,omjasvinTOI,1
198722,Article,omjasvinTOI,omjasvinTOI,1
198758,Article,omjasvinTOI,dkarthikTOI,3
198731,Article,omjasvinTOI,omjasvinTOI,1
198847,Article,omjasvinTOI,dkarthikTOI,2
198748,Article,omjasvinTOI,omjasvinTOI,1
198894,Article,omjasvinTOI,yazhiniyanTOI,2
198837,Article,omjasvinTOI,omjasvinTOI,1
198821,Article,omjasvinTOI,yazhiniyanTOI,5
198705,Article,omjasvinTOI,omjasvinTOI,1
199022,Tweet,omjasvinTOI,Crime_Selvaraj,210
199031,Tweet,omjasvinTOI,akhileshsTOI,207
198983,Tweet,omjasvinTOI,juliemTOI,22
198971,Tweet,omjasvinTOI,nandinisgTOI,373
198959,Tweet,omjasvinTOI,leninology,326
198968,Tweet,omjasvinTOI,akhileshsTOI,4
198949,Tweet,omjasvinTOI,omjasvinTOI,1
199036,Tweet,omjasvinTOI,vwang3,157
199018,Tweet,omjasvinTOI,dkarthikTOI,4
198950,Tweet,omjasvinTOI,omjasvinTOI,1
198976,Tweet,omjasvinTOI,omjasvinTOI,1
199007,Tweet,omjasvinTOI,AjayUgrasTOI,4
199006,Tweet,omjasvinTOI,omjasvinTOI,1
198972,Tweet,omjasvinTOI,nandinisgTOI,285
198954,Tweet,omjasvinTOI,RosySequeiraTOI,143
6670,Article,DSlotnik,SarahMaslinNir,55
6650,Article,DSlotnik,DSlotnik,1
6682,Article,DSlotnik,apoorva_nyc,2
6615,Article,DSlotnik,RichSandomir,4
6669,Article,DSlotnik,RichSandomir,2
6629,Article,DSlotnik,DSlotnik,1
6638,Article,DSlotnik,genznyt,2
6675,Article,DSlotnik,RichSandomir,4
6684,Article,DSlotnik,DSlotnik,1
6648,Article,DSlotnik,RichSandomir,2
6636,Article,DSlotnik,joncaramanica,102
6605,Article,DSlotnik,AnaSwanson,114
6656,Article,DSlotnik,DSlotnik,1
6660,Article,DSlotnik,kbennhold,58
6661,Article,DSlotnik,apoorva_nyc,4
6705,Tweet,DSlotnik,RoniNYTimes,9
6732,Tweet,DSlotnik,RoniNYTimes,4
6744,Tweet,DSlotnik,ajaysuraTOI,33
6702,Tweet,DSlotnik,RoniNYTimes,2
6701,Tweet,DSlotnik,desaisantosh,170
6726,Tweet,DSlotnik,tripgabriel,13
6775,Tweet,DSlotnik,vanbadham,473
6735,Tweet,DSlotnik,el_belson,60
6784,Tweet,DSlotnik,DSlotnik,1
6714,Tweet,DSlotnik,DSlotnik,1
6762,Tweet,DSlotnik,smbahr14,14
6706,Tweet,DSlotnik,RoniNYTimes,3
6786,Tweet,DSlotnik,RoniNYTimes,3
6769,Tweet,DSlotnik,DSlotnik,1
6751,Tweet,DSlotnik,ByJamesWagner,361
10453,Article,julianbarnes,julianbarnes,1
10438,Article,julianbarnes,julianbarnes,1
10467,Article,julianbarnes,peterbakernyt,12
10403,Article,julianbarnes,BenWeiserNYT,13
10470,Article,julianbarnes,julianbarnes,1
10406,Article,julianbarnes,ewong,3
10405,Article,julianbarnes,ewong,4
10489,Article,julianbarnes,julianbarnes,1
10476,Article,julianbarnes,julianbarnes,1
10428,Article,julianbarnes,charlie_savage,2
10484,Article,julianbarnes,julianbarnes,1
10427,Article,julianbarnes,julianbarnes,1
10424,Article,julianbarnes,julianbarnes,1
10419,Article,julianbarnes,julianbarnes,1
10451,Article,julianbarnes,julianbarnes,1
10529,Tweet,julianbarnes,julianbarnes,1
10523,Tweet,julianbarnes,julianbarnes,1
10581,Tweet,julianbarnes,michaelcrowley,11
10594,Tweet,julianbarnes,michaelcrowley,68
10589,Tweet,julianbarnes,patrickwintour,4
10590,Tweet,julianbarnes,michaelcrowley,20
10527,Tweet,julianbarnes,julianbarnes,1
10595,Tweet,julianbarnes,hillhulse,18
10571,Tweet,julianbarnes,michaelcrowley,12
10528,Tweet,julianbarnes,ajaysuraTOI,170
10503,Tweet,julianbarnes,ajaysuraTOI,30
10592,Tweet,julianbarnes,parul_sehgal,190
10556,Tweet,julianbarnes,michaelcrowley,11
10566,Tweet,julianbarnes,samrob12,242
10574,Tweet,julianbarnes,michaelcrowley,66
16257,Article,PatrickKingsley,NYTimesCohen,17
16261,Article,PatrickKingsley,GiniaNYT,159
16242,Article,PatrickKingsley,smbahr14,54
16258,Article,PatrickKingsley,PatrickKingsley,1
16269,Article,PatrickKingsley,michaelcrowley,2
16233,Article,PatrickKingsley,PatrickKingsley,1
16273,Article,PatrickKingsley,IKershner,2
16232,Article,PatrickKingsley,NYTimesCohen,3
16235,Article,PatrickKingsley,gettleman,14
16210,Article,PatrickKingsley,rpogrebin,6
16211,Article,PatrickKingsley,PatrickKingsley,1
16298,Article,PatrickKingsley,PatrickKingsley,1
16282,Article,PatrickKingsley,IKershner,2
16285,Article,PatrickKingsley,PatrickKingsley,1
16294,Article,PatrickKingsley,PatrickKingsley,1
16311,Tweet,PatrickKingsley,ajaysuraTOI,50
16317,Tweet,PatrickKingsley,ajaysuraTOI,42
16392,Tweet,PatrickKingsley,MujMash,3
16388,Tweet,PatrickKingsley,murarishetyeTOI,5
16305,Tweet,PatrickKingsley,nicklezard,57
16380,Tweet,PatrickKingsley,nnougayrede,37
16390,Tweet,PatrickKingsley,nicklezard,218
16340,Tweet,PatrickKingsley,IKershner,9
16379,Tweet,PatrickKingsley,IKershner,2
16378,Tweet,PatrickKingsley,BellaKwai,92
16376,Tweet,PatrickKingsley,IKershner,4
16384,Tweet,PatrickKingsley,IKershner,3
16332,Tweet,PatrickKingsley,IKershner,2
16365,Tweet,PatrickKingsley,nicklezard,7
16334,Tweet,PatrickKingsley,ukigoni,4
26289,Article,margaretrenkl,jasondhorowitz,6
26226,Article,margaretrenkl,parul_sehgal,4
26267,Article,margaretrenkl,PerriKlass,2
26275,Article,margaretrenkl,livia_ar,7
26208,Article,margaretrenkl,margaretrenkl,1
26235,Article,margaretrenkl,margaretrenkl,1
26229,Article,margaretrenkl,ASoloski,4
26239,Article,margaretrenkl,tomfriedman,12
26265,Article,margaretrenkl,jonpareles,2
26231,Article,margaretrenkl,margaretrenkl,1
26281,Article,margaretrenkl,margaretrenkl,1
26256,Article,margaretrenkl,margaretrenkl,1
26212,Article,margaretrenkl,GiniaNYT,2
26261,Article,margaretrenkl,rondakaysen,2
26296,Article,margaretrenkl,jimwaterson,2
26320,Tweet,margaretrenkl,timatkin,28
26378,Tweet,margaretrenkl,andrewrawnsley,59
26384,Tweet,margaretrenkl,samsifton,8
26330,Tweet,margaretrenkl,anemonanyc,61
26398,Tweet,margaretrenkl,andrewrawnsley,39
26395,Tweet,margaretrenkl,andrewrawnsley,9
26360,Tweet,margaretrenkl,FrancesRobles,95
26344,Tweet,margaretrenkl,andybrassell,45
26387,Tweet,margaretrenkl,NilsPratley,51
26355,Tweet,margaretrenkl,andybrassell,40
26324,Tweet,margaretrenkl,juliemTOI,74
26399,Tweet,margaretrenkl,salihughes,36
26386,Tweet,margaretrenkl,KSchulten,3
26369,Tweet,margaretrenkl,andrewrawnsley,9
26317,Tweet,margaretrenkl,rachshabi,3
172227,Article,AmritadTOI,AmritadTOI,1
172199,Article,AmritadTOI,HemantaTOI,4
172110,Article,AmritadTOI,UttaraVarmaTOI,14
172311,Article,AmritadTOI,AmritadTOI,1
172224,Article,AmritadTOI,SumitraDebRoy,6
172273,Article,AmritadTOI,SyedAkbarTOI,6
172148,Article,AmritadTOI,AmritadTOI,1
172202,Article,AmritadTOI,PrashantrTOI,2
172238,Article,AmritadTOI,AmritadTOI,1
172183,Article,AmritadTOI,ThevarSteffy,2
172170,Article,AmritadTOI,NirupaTOI,6
172279,Article,AmritadTOI,AmritadTOI,1
172256,Article,AmritadTOI,parthshastriTOI,3
172214,Article,AmritadTOI,AmritadTOI,1
172218,Article,AmritadTOI,PrashantrTOI,2
172401,Tweet,AmritadTOI,AmritadTOI,1
172338,Tweet,AmritadTOI,murarishetyeTOI,180
172421,Tweet,AmritadTOI,SindhukTOI,9
172390,Tweet,AmritadTOI,AmritadTOI,1
172342,Tweet,AmritadTOI,durgeshjhaTOI,19
172409,Tweet,AmritadTOI,AmritadTOI,1
172399,Tweet,AmritadTOI,AmritadTOI,1
172329,Tweet,AmritadTOI,NirupaTOI,62
172356,Tweet,AmritadTOI,AmritadTOI,1
172362,Tweet,AmritadTOI,ShoebKhanTOI,66
172367,Tweet,AmritadTOI,AmritadTOI,1
172410,Tweet,AmritadTOI,AmritadTOI,1
172424,Tweet,AmritadTOI,SindhukTOI,15
172384,Tweet,AmritadTOI,AmritadTOI,1
172379,Tweet,AmritadTOI,AmritadTOI,1
188260,Article,juliemTOI,juliemTOI,1
188326,Article,juliemTOI,juliemTOI,1
188323,Article,juliemTOI,juliemTOI,1
188270,Article,juliemTOI,juliemTOI,1
188250,Article,juliemTOI,niyatiparikhTOI,9
188467,Article,juliemTOI,juliemTOI,1
188334,Article,juliemTOI,juliemTOI,1
188429,Article,juliemTOI,juliemTOI,1
188321,Article,juliemTOI,juliemTOI,1
188318,Article,juliemTOI,DSandip_TOI,6
188288,Article,juliemTOI,juliemTOI,1
188373,Article,juliemTOI,juliemTOI,1
188439,Article,juliemTOI,yazhiniyanTOI,2
188258,Article,juliemTOI,juliemTOI,1
188240,Article,juliemTOI,juliemTOI,1
188564,Tweet,juliemTOI,ajaysuraTOI,3
188536,Tweet,juliemTOI,KapildaveTOI,2
188570,Tweet,juliemTOI,divyadubey_,46
188559,Tweet,juliemTOI,jayamenon64,3
188486,Tweet,juliemTOI,RosySequeiraTOI,7
188542,Tweet,juliemTOI,Crime_Selvaraj,10
188515,Tweet,juliemTOI,juliemTOI,1
188540,Tweet,juliemTOI,juliemTOI,1
188557,Tweet,juliemTOI,RosySequeiraTOI,7
188572,Tweet,juliemTOI,RosySequeiraTOI,6
188484,Tweet,juliemTOI,juliemTOI,1
188521,Tweet,juliemTOI,jayamenon64,3
188537,Tweet,juliemTOI,juliemTOI,1
188562,Tweet,juliemTOI,ajaysuraTOI,7
188504,Tweet,juliemTOI,jayamenon64,2
173992,Article,AraniBasuTOI,Shilarze_SSR,42
173817,Article,AraniBasuTOI,AraniBasuTOI,1
173970,Article,AraniBasuTOI,Pratiks_TOI,3
173895,Article,AraniBasuTOI,vivek9301,2
173991,Article,AraniBasuTOI,Pratiks_TOI,5
173782,Article,AraniBasuTOI,AraniBasuTOI,1
173871,Article,AraniBasuTOI,AraniBasuTOI,1
173918,Article,AraniBasuTOI,IpsitaTOI,6
173888,Article,AraniBasuTOI,AraniBasuTOI,1
173977,Article,AraniBasuTOI,AraniBasuTOI,1
173923,Article,AraniBasuTOI,AraniBasuTOI,1
173922,Article,AraniBasuTOI,Pratiks_TOI,2
173783,Article,AraniBasuTOI,AraniBasuTOI,1
173955,Article,AraniBasuTOI,Pratiks_TOI,3
173983,Article,AraniBasuTOI,Pratiks_TOI,6
174059,Tweet,AraniBasuTOI,TridibIANS,9
174037,Tweet,AraniBasuTOI,polblonde,349
174022,Tweet,AraniBasuTOI,desaisantosh,39
174075,Tweet,AraniBasuTOI,dklavaniaTOI,31
174051,Tweet,AraniBasuTOI,MarcusMergulhao,38
174053,Tweet,AraniBasuTOI,digbijaymishra1,79
174107,Tweet,AraniBasuTOI,TridibIANS,15
174087,Tweet,AraniBasuTOI,polblonde,308
174089,Tweet,AraniBasuTOI,vivek9301,4
174043,Tweet,AraniBasuTOI,nicklezard,8
174021,Tweet,AraniBasuTOI,mateenHTOI,62
174096,Tweet,AraniBasuTOI,kumaraswamykTOI,10
174050,Tweet,AraniBasuTOI,AraniBasuTOI,1
174024,Tweet,AraniBasuTOI,MarcusMergulhao,125
174103,Tweet,AraniBasuTOI,kush_junglee,80
191263,Article,maheshbTOI,SagrikaKissu,6
191458,Article,maheshbTOI,SindhukTOI,7
191456,Article,maheshbTOI,SagrikaKissu,7
191383,Article,maheshbTOI,maheshbTOI,1
191332,Article,maheshbTOI,mateenHTOI,6
191418,Article,maheshbTOI,ChaithanyaSwamy,5
191459,Article,maheshbTOI,ChaithanyaSwamy,3
191231,Article,maheshbTOI,SagrikaKissu,5
191394,Article,maheshbTOI,dubeyavishek,12
191389,Article,maheshbTOI,maheshbTOI,1
191403,Article,maheshbTOI,mateenHTOI,2
191446,Article,maheshbTOI,maheshbTOI,1
191297,Article,maheshbTOI,mateenHTOI,2
191298,Article,maheshbTOI,mateenHTOI,3
191237,Article,maheshbTOI,ChaithanyaSwamy,8
191537,Tweet,maheshbTOI,SindhukTOI,6
191500,Tweet,maheshbTOI,manvirsainiTOI,3
191518,Tweet,maheshbTOI,RosySequeiraTOI,196
191548,Tweet,maheshbTOI,BhanupratapsTOI,10
191514,Tweet,maheshbTOI,SindhukTOI,3
191545,Tweet,maheshbTOI,maheshbTOI,1
191467,Tweet,maheshbTOI,AditiZero,108
191474,Tweet,maheshbTOI,SindhukTOI,4
191560,Tweet,maheshbTOI,gettleman,137
191524,Tweet,maheshbTOI,NishikantkTOI,3
191563,Tweet,maheshbTOI,MohitaTOI,26
191533,Tweet,maheshbTOI,mateenHTOI,3
191477,Tweet,maheshbTOI,NishikantkTOI,2
191486,Tweet,maheshbTOI,SindhukTOI,2
191507,Tweet,maheshbTOI,SindhukTOI,4
178747,Article,ChaitanyadTOI,pradeepjourno,52
178664,Article,ChaitanyadTOI,ShoebKhanTOI,7
178851,Article,ChaitanyadTOI,ChaitanyadTOI,1
178842,Article,ChaitanyadTOI,ChaitanyadTOI,1
178782,Article,ChaitanyadTOI,ChaitanyadTOI,1
178767,Article,ChaitanyadTOI,HemantaTOI,3
178648,Article,ChaitanyadTOI,ChaitanyadTOI,1
178674,Article,ChaitanyadTOI,PrashantrTOI,33
178871,Article,ChaitanyadTOI,ChaitanyadTOI,1
178742,Article,ChaitanyadTOI,ChaitanyadTOI,1
178644,Article,ChaitanyadTOI,ChaitanyadTOI,1
178733,Article,ChaitanyadTOI,SumitraDebRoy,4
178653,Article,ChaitanyadTOI,AnujaJaiswalTOI,3
178779,Article,ChaitanyadTOI,ChaitanyadTOI,1
178864,Article,ChaitanyadTOI,ChaitanyadTOI,1
178952,Tweet,ChaitanyadTOI,ChaitanyadTOI,1
178884,Tweet,ChaitanyadTOI,Gauraw2297,4
178944,Tweet,ChaitanyadTOI,ChaitanyadTOI,1
178898,Tweet,ChaitanyadTOI,ChaitanyadTOI,1
178890,Tweet,ChaitanyadTOI,MKSinghGkp,11
178923,Tweet,ChaitanyadTOI,bishnoiarvind11,139
178879,Tweet,ChaitanyadTOI,kumaraswamykTOI,480
178886,Tweet,ChaitanyadTOI,Gauraw2297,3
178971,Tweet,ChaitanyadTOI,Gauraw2297,4
178957,Tweet,ChaitanyadTOI,MohitaTOI,269
178928,Tweet,ChaitanyadTOI,MohitaTOI,386
178891,Tweet,ChaitanyadTOI,asrpmukeshTOI,419
178918,Tweet,ChaitanyadTOI,ottolenghi,350
178889,Tweet,ChaitanyadTOI,PjJoychen,10
178963,Tweet,ChaitanyadTOI,AditiZero,412
191635,Article,ManjuVTOI,ManjuVTOI,1
191634,Article,ManjuVTOI,27saurabhsinha,2
191716,Article,ManjuVTOI,27saurabhsinha,3
191750,Article,ManjuVTOI,27saurabhsinha,2
191677,Article,ManjuVTOI,akhileshsTOI,48
191638,Article,ManjuVTOI,ggreenwald,303
191764,Article,ManjuVTOI,ManjuVTOI,1
191573,Article,ManjuVTOI,27saurabhsinha,2
191591,Article,ManjuVTOI,ManjuVTOI,1
191799,Article,ManjuVTOI,ManjuVTOI,1
191697,Article,ManjuVTOI,ManjuVTOI,1
191583,Article,ManjuVTOI,27saurabhsinha,2
191631,Article,ManjuVTOI,DSandip_TOI,6
191805,Article,ManjuVTOI,ManjuVTOI,1
191770,Article,ManjuVTOI,ManjuVTOI,1
191842,Tweet,ManjuVTOI,NilsPratley,17
191888,Tweet,ManjuVTOI,mateenHTOI,67
191872,Tweet,ManjuVTOI,AditiZero,2
191891,Tweet,ManjuVTOI,27saurabhsinha,28
191901,Tweet,ManjuVTOI,ManjuVTOI,1
191832,Tweet,ManjuVTOI,27saurabhsinha,10
191907,Tweet,ManjuVTOI,NilsPratley,18
191881,Tweet,ManjuVTOI,ManjuVTOI,1
191913,Tweet,ManjuVTOI,MohitaTOI,157
191875,Tweet,ManjuVTOI,ManjuVTOI,1
191846,Tweet,ManjuVTOI,ManjuVTOI,1
191910,Tweet,ManjuVTOI,ManjuVTOI,1
191879,Tweet,ManjuVTOI,ManjuVTOI,1
191852,Tweet,ManjuVTOI,NishikantkTOI,16
191870,Tweet,ManjuVTOI,murarishetyeTOI,36
24493,Article,tomfriedman,tomfriedman,1
24450,Article,tomfriedman,AnaSwanson,2
24406,Article,tomfriedman,tomfriedman,1
24414,Article,tomfriedman,NYTimesCohen,2
24417,Article,tomfriedman,tomfriedman,1
24411,Article,tomfriedman,tomfriedman,1
24419,Article,tomfriedman,nytdavidbrooks,7
24481,Article,tomfriedman,tomfriedman,1
24449,Article,tomfriedman,billmpennington,10
24471,Article,tomfriedman,tomfriedman,1
24441,Article,tomfriedman,nytdavidbrooks,4
24459,Article,tomfriedman,nytdavidbrooks,4
24401,Article,tomfriedman,gmorgenson,25
24430,Article,tomfriedman,tomfriedman,1
24452,Article,tomfriedman,tomfriedman,1
24568,Tweet,tomfriedman,tomfriedman,1
24553,Tweet,tomfriedman,tomfriedman,1
24525,Tweet,tomfriedman,nytDeniseGrady,15
24566,Tweet,tomfriedman,DerekMalcolm123,5
24571,Tweet,tomfriedman,tomfriedman,1
24501,Tweet,tomfriedman,RosySequeiraTOI,18
24546,Tweet,tomfriedman,anemonanyc,13
24550,Tweet,tomfriedman,gailcollins,2
24563,Tweet,tomfriedman,tomfriedman,1
24564,Tweet,tomfriedman,tomfriedman,1
24502,Tweet,tomfriedman,tomfriedman,1
24559,Tweet,tomfriedman,RosySequeiraTOI,20
24578,Tweet,tomfriedman,murarishetyeTOI,4
24580,Tweet,tomfriedman,tomfriedman,1
24520,Tweet,tomfriedman,damiencave,2
29259,Article,FrancesRobles,ianrausten,70
29291,Article,FrancesRobles,julianbarnes,14
29230,Article,FrancesRobles,jwpetersNYT,47
29226,Article,FrancesRobles,jonpareles,24
29209,Article,FrancesRobles,ElisabethMalkin,47
29216,Article,FrancesRobles,bydanielvictor,108
29288,Article,FrancesRobles,EmmaBubola,106
29251,Article,FrancesRobles,mikeives,2
29236,Article,FrancesRobles,FrancesRobles,1
29228,Article,FrancesRobles,farnazfassihi,57
29219,Article,FrancesRobles,NikiKitsantonis,75
29264,Article,FrancesRobles,ElisabethMalkin,72
29270,Article,FrancesRobles,ianrausten,6
29273,Article,FrancesRobles,farnazfassihi,12
29274,Article,FrancesRobles,RichardFausset,2
29338,Tweet,FrancesRobles,jimwaterson,223
29302,Tweet,FrancesRobles,RosySequeiraTOI,9
29355,Tweet,FrancesRobles,FrancesRobles,1
29310,Tweet,FrancesRobles,noamscheiber,2
29377,Tweet,FrancesRobles,salihughes,107
29367,Tweet,FrancesRobles,winematcher,123
29351,Tweet,FrancesRobles,FrancesRobles,1
29328,Tweet,FrancesRobles,RosySequeiraTOI,8
29383,Tweet,FrancesRobles,vwang3,3
29301,Tweet,FrancesRobles,RaphaelMinder,27
29357,Tweet,FrancesRobles,viasimonromero,24
29386,Tweet,FrancesRobles,FrancesRobles,1
29316,Tweet,FrancesRobles,ottolenghi,80
29391,Tweet,FrancesRobles,RaphaelMinder,10
29359,Tweet,FrancesRobles,gettleman,28
16018,Article,PatriciaMazzei,SharonLNYT,49
16005,Article,PatriciaMazzei,alexanderburns,4
16069,Article,PatriciaMazzei,PatrickKingsley,106
16014,Article,PatriciaMazzei,ianrausten,56
16017,Article,PatriciaMazzei,jwpetersNYT,25
16071,Article,PatriciaMazzei,mikeives,82
16093,Article,PatriciaMazzei,liamstack,22
16010,Article,PatriciaMazzei,reidepstein,17
16059,Article,PatriciaMazzei,alexanderburns,2
16084,Article,PatriciaMazzei,PatriciaMazzei,1
16091,Article,PatriciaMazzei,apoorva_nyc,101
16023,Article,PatriciaMazzei,ginakolata,143
16008,Article,PatriciaMazzei,noamscheiber,8
16087,Article,PatriciaMazzei,FrancesRobles,9
16032,Article,PatriciaMazzei,NickAtNews,13
16123,Tweet,PatriciaMazzei,livia_ar,18
16148,Tweet,PatriciaMazzei,PatriciaMazzei,1
16177,Tweet,PatriciaMazzei,PatriciaMazzei,1
16115,Tweet,PatriciaMazzei,jbouie,4
16169,Tweet,PatriciaMazzei,viasimonromero,7
16140,Tweet,PatriciaMazzei,livia_ar,3
16122,Tweet,PatriciaMazzei,PatriciaMazzei,1
16175,Tweet,PatriciaMazzei,apoorva_nyc,11
16155,Tweet,PatriciaMazzei,NilsPratley,212
16104,Tweet,PatriciaMazzei,vwang3,3
16144,Tweet,PatriciaMazzei,joshwiddicombe,349
16114,Tweet,PatriciaMazzei,llerer,24
16131,Tweet,PatriciaMazzei,vwang3,13
16130,Tweet,PatriciaMazzei,vwang3,3
16105,Tweet,PatriciaMazzei,PatriciaMazzei,1
182459,Article,dklavaniaTOI,vijayVsinghTOI,28
182510,Article,dklavaniaTOI,NishikantkTOI,7
182344,Article,dklavaniaTOI,BawaNaaved,2
182466,Article,dklavaniaTOI,NishikantkTOI,46
182442,Article,dklavaniaTOI,dklavaniaTOI,1
182355,Article,dklavaniaTOI,rajendrasTOI,3
182527,Article,dklavaniaTOI,binays1960,69
182406,Article,dklavaniaTOI,vijaypTOI,118
182346,Article,dklavaniaTOI,ChaitanyadTOI,52
182518,Article,dklavaniaTOI,SagrikaKissu,17
182329,Article,dklavaniaTOI,dubeyavishek,8
182493,Article,dklavaniaTOI,ishajainTOI,26
182390,Article,dklavaniaTOI,dklavaniaTOI,1
182368,Article,dklavaniaTOI,asrpmukeshTOI,22
182365,Article,dklavaniaTOI,dklavaniaTOI,1
182584,Tweet,dklavaniaTOI,MohitaTOI,29
182569,Tweet,dklavaniaTOI,AjayUgrasTOI,5
182575,Tweet,dklavaniaTOI,dklavaniaTOI,1
182589,Tweet,dklavaniaTOI,MohitaTOI,3
182646,Tweet,dklavaniaTOI,dkarthikTOI,2
182617,Tweet,dklavaniaTOI,dklavaniaTOI,1
182609,Tweet,dklavaniaTOI,meeravohraTOI,4
182656,Tweet,dklavaniaTOI,AditiZero,2
182641,Tweet,dklavaniaTOI,kumaraswamykTOI,3
182638,Tweet,dklavaniaTOI,Gauraw2297,6
182637,Tweet,dklavaniaTOI,priyangiTOI,16
182598,Tweet,dklavaniaTOI,MohitaTOI,39
182622,Tweet,dklavaniaTOI,NishikantkTOI,8
182578,Tweet,dklavaniaTOI,dklavaniaTOI,1
182661,Tweet,dklavaniaTOI,dklavaniaTOI,1
9090,Article,IKershner,IKershner,1
9023,Article,IKershner,cdcaron,5
9082,Article,IKershner,PatrickKingsley,4
9056,Article,IKershner,PatrickKingsley,2
9066,Article,IKershner,PatrickKingsley,2
9043,Article,IKershner,IKershner,1
9021,Article,IKershner,PatrickKingsley,2
9096,Article,IKershner,IKershner,1
9010,Article,IKershner,PatrickKingsley,2
9058,Article,IKershner,IKershner,1
9012,Article,IKershner,IKershner,1
9047,Article,IKershner,SharonLNYT,6
9053,Article,IKershner,joecoscarelli,3
9024,Article,IKershner,IKershner,1
9007,Article,IKershner,shiba_kurian,3
9168,Tweet,IKershner,IKershner,1
9110,Tweet,IKershner,RosySequeiraTOI,26
9154,Tweet,IKershner,IKershner,1
9192,Tweet,IKershner,IKershner,1
9103,Tweet,IKershner,KeithBradsher,5
9193,Tweet,IKershner,IKershner,1
9119,Tweet,IKershner,IKershner,1
9137,Tweet,IKershner,IKershner,1
9108,Tweet,IKershner,IKershner,1
9113,Tweet,IKershner,michaelcrowley,13
9149,Tweet,IKershner,IKershner,1
9159,Tweet,IKershner,hugolowell,398
9140,Tweet,IKershner,nytdavidbrooks,31
9102,Tweet,IKershner,NYTimesCohen,2
9195,Tweet,IKershner,joncaramanica,139
20895,Article,EllenBarryNYT,ElisabethMalkin,5
20812,Article,EllenBarryNYT,NikiKitsantonis,135
20824,Article,EllenBarryNYT,NikiKitsantonis,19
20885,Article,EllenBarryNYT,NYTimesCohen,123
20815,Article,EllenBarryNYT,EllenBarryNYT,1
20819,Article,EllenBarryNYT,NYTimesCohen,66
20866,Article,EllenBarryNYT,EllenBarryNYT,1
20882,Article,EllenBarryNYT,NYTimesCohen,45
20862,Article,EllenBarryNYT,MujMash,166
20801,Article,EllenBarryNYT,EllenBarryNYT,1
20873,Article,EllenBarryNYT,EllenBarryNYT,1
20837,Article,EllenBarryNYT,antontroian,30
20822,Article,EllenBarryNYT,CeylanWrites,138
20850,Article,EllenBarryNYT,EllenBarryNYT,1
20856,Article,EllenBarryNYT,EllenBarryNYT,1
20975,Tweet,EllenBarryNYT,IanCobain,107
20970,Tweet,EllenBarryNYT,elizabday,210
20983,Tweet,EllenBarryNYT,EllenBarryNYT,1
20902,Tweet,EllenBarryNYT,EricaLG,190
20990,Tweet,EllenBarryNYT,jonronson,216
20964,Tweet,EllenBarryNYT,DouthatNYT,102
20963,Tweet,EllenBarryNYT,EllenBarryNYT,1
20952,Tweet,EllenBarryNYT,ajaysuraTOI,33
20945,Tweet,EllenBarryNYT,PerriKlass,139
20948,Tweet,EllenBarryNYT,jonronson,262
20938,Tweet,EllenBarryNYT,PerriKlass,13
20961,Tweet,EllenBarryNYT,vwang3,15
20954,Tweet,EllenBarryNYT,lukeharding1968,50
20987,Tweet,EllenBarryNYT,GiniaNYT,126
20921,Tweet,EllenBarryNYT,PerriKlass,44
8008,Article,gettinviggy,pete_wells,16
8048,Article,gettinviggy,jennydeluxe,68
8029,Article,gettinviggy,NikiKitsantonis,91
8051,Article,gettinviggy,NikiKitsantonis,9
8073,Article,gettinviggy,BenWeiserNYT,14
8042,Article,gettinviggy,anandbodhTOI,48
8012,Article,gettinviggy,NikiKitsantonis,25
8050,Article,gettinviggy,ElisabethMalkin,29
8015,Article,gettinviggy,tripgabriel,4
8018,Article,gettinviggy,tripgabriel,6
8026,Article,gettinviggy,ewong,126
8035,Article,gettinviggy,jennydeluxe,35
8010,Article,gettinviggy,jmart,8
8005,Article,gettinviggy,smervosh,6
8094,Article,gettinviggy,NikiKitsantonis,5
8102,Tweet,gettinviggy,gettinviggy,1
8101,Tweet,gettinviggy,gettinviggy,1
8125,Tweet,gettinviggy,rjadHinduBL,40
8160,Tweet,gettinviggy,nytDeniseGrady,119
8170,Tweet,gettinviggy,desaisantosh,310
8177,Tweet,gettinviggy,hillhulse,5
8117,Tweet,gettinviggy,peterbakernyt,119
8147,Tweet,gettinviggy,stevenerlanger,268
8123,Tweet,gettinviggy,RosySequeiraTOI,172
8167,Tweet,gettinviggy,livia_ar,20
8157,Tweet,gettinviggy,RosySequeiraTOI,13
8154,Tweet,gettinviggy,LFFriedman,142
8189,Tweet,gettinviggy,gettinviggy,1
8179,Tweet,gettinviggy,tripgabriel,37
8115,Tweet,gettinviggy,livia_ar,28
13400,Article,meddynyt,EmmaBubola,11
13461,Article,meddynyt,meddynyt,1
13446,Article,meddynyt,kbennhold,2
13421,Article,meddynyt,meddynyt,1
13484,Article,meddynyt,zwoolfe,139
13478,Article,meddynyt,jeannasmialek,4
13419,Article,meddynyt,DouthatNYT,5
13479,Article,meddynyt,_nicolaclark,2
13454,Article,meddynyt,dwightgarner,85
13440,Article,meddynyt,ElianPeltier,4
13465,Article,meddynyt,ASoloski,192
13463,Article,meddynyt,kbennhold,2
13474,Article,meddynyt,ElianPeltier,6
13472,Article,meddynyt,meddynyt,1
13476,Article,meddynyt,meddynyt,1
13516,Tweet,meddynyt,kbennhold,2
13509,Tweet,meddynyt,andrewrawnsley,315
13512,Tweet,meddynyt,rachlharris,89
13537,Tweet,meddynyt,emilybell,182
13549,Tweet,meddynyt,RaphaelMinder,57
13561,Tweet,meddynyt,viasimonromero,13
13517,Tweet,meddynyt,rachshabi,184
13577,Tweet,meddynyt,philipoltermann,4
13503,Tweet,meddynyt,meddynyt,1
13557,Tweet,meddynyt,meddynyt,1
13521,Tweet,meddynyt,RosySequeiraTOI,20
13576,Tweet,meddynyt,kbennhold,2
13522,Tweet,meddynyt,jimwaterson,316
13591,Tweet,meddynyt,suilee,79
13501,Tweet,meddynyt,kbennhold,2
208610,Article,sandhyanairTOI,mateenHTOI,9
208508,Article,sandhyanairTOI,advityabahlTOI,5
208659,Article,sandhyanairTOI,sandhyanairTOI,1
208453,Article,sandhyanairTOI,mateenHTOI,3
208550,Article,sandhyanairTOI,ShoebKhanTOI,5
208533,Article,sandhyanairTOI,sandhyanairTOI,1
208476,Article,sandhyanairTOI,rashmidTOI,39
208584,Article,sandhyanairTOI,SwatiShindeTOI,40
208437,Article,sandhyanairTOI,SidharthB25,10
208468,Article,sandhyanairTOI,sandhyanairTOI,1
208433,Article,sandhyanairTOI,sandhyanairTOI,1
208457,Article,sandhyanairTOI,mateenHTOI,5
208574,Article,sandhyanairTOI,SwatiShindeTOI,2
208573,Article,sandhyanairTOI,mateenHTOI,10
208557,Article,sandhyanairTOI,SumitraDebRoy,2
208746,Tweet,sandhyanairTOI,GRajivTOI,7
208719,Tweet,sandhyanairTOI,durgeshjhaTOI,6
208733,Tweet,sandhyanairTOI,KapildaveTOI,14
208748,Tweet,sandhyanairTOI,NilsPratley,26
208774,Tweet,sandhyanairTOI,DanielKingChess,83
208725,Tweet,sandhyanairTOI,mateenHTOI,3
208752,Tweet,sandhyanairTOI,GRajivTOI,15
208771,Tweet,sandhyanairTOI,mateenHTOI,3
208728,Tweet,sandhyanairTOI,mateenHTOI,8
208757,Tweet,sandhyanairTOI,sandhyanairTOI,1
208739,Tweet,sandhyanairTOI,AditiZero,5
208761,Tweet,sandhyanairTOI,RosySequeiraTOI,191
208755,Tweet,sandhyanairTOI,ManjuVTOI,254
208693,Tweet,sandhyanairTOI,RosySequeiraTOI,13
208696,Tweet,sandhyanairTOI,priyangiTOI,4
27688,Article,karenzraick,cdcaron,76
27682,Article,karenzraick,ElisabethMalkin,315
27642,Article,karenzraick,BenWeiserNYT,32
27609,Article,karenzraick,ElisabethMalkin,301
27634,Article,karenzraick,melissaclark,55
27697,Article,karenzraick,Arun_Ram,101
27699,Article,karenzraick,SharonLNYT,124
27606,Article,karenzraick,bylizrobbins,160
27652,Article,karenzraick,tarasbernard,162
27602,Article,karenzraick,BenWeiserNYT,58
27615,Article,karenzraick,jameskanter,268
27655,Article,karenzraick,adamliptak,93
27695,Article,karenzraick,SarahMaslinNir,87
27626,Article,karenzraick,ewong,185
27630,Article,karenzraick,jotted,151
27747,Tweet,karenzraick,jennydeluxe,62
27739,Tweet,karenzraick,laurenlaverne,251
27728,Tweet,karenzraick,andrewrawnsley,154
27782,Tweet,karenzraick,DekaJayanta,44
27798,Tweet,karenzraick,_nicolaclark,333
27733,Tweet,karenzraick,viasimonromero,265
27763,Tweet,karenzraick,desaisantosh,50
27736,Tweet,karenzraick,RosySequeiraTOI,126
27784,Tweet,karenzraick,jennydeluxe,9
27776,Tweet,karenzraick,RosySequeiraTOI,169
27771,Tweet,karenzraick,michaelcrowley,149
27779,Tweet,karenzraick,timatkin,79
27722,Tweet,karenzraick,msrachelcooke,48
27797,Tweet,karenzraick,viasimonromero,108
27789,Tweet,karenzraick,margaretrenkl,48
19011,Article,SherylNYT,bylizrobbins,307
19026,Article,SherylNYT,SharonLNYT,2
19010,Article,SherylNYT,bylizrobbins,316
19051,Article,SherylNYT,SharonLNYT,4
19074,Article,SherylNYT,peterbakernyt,5
19079,Article,SherylNYT,SharonLNYT,6
19048,Article,SherylNYT,ESCochrane,19
19044,Article,SherylNYT,SharonLNYT,2
19007,Article,SherylNYT,apoorva_nyc,56
19022,Article,SherylNYT,ESCochrane,6
19031,Article,SherylNYT,SharonLNYT,2
19080,Article,SherylNYT,lukebroadwater,9
19000,Article,SherylNYT,ginakolata,48
19069,Article,SherylNYT,SharonLNYT,2
19014,Article,SherylNYT,SherylNYT,1
19155,Tweet,SherylNYT,dwightgarner,328
19113,Tweet,SherylNYT,ceciliakang,47
19100,Tweet,SherylNYT,EllenBarryNYT,11
19153,Tweet,SherylNYT,DSlotnik,2
19103,Tweet,SherylNYT,jillfilipovic,206
19188,Tweet,SherylNYT,peterbakernyt,3
19130,Tweet,SherylNYT,tarasbernard,282
19104,Tweet,SherylNYT,KeithBradsher,3
19141,Tweet,SherylNYT,sangerkatz,3
19137,Tweet,SherylNYT,ajaysuraTOI,19
19127,Tweet,SherylNYT,dionnesearcey,50
19181,Tweet,SherylNYT,DSlotnik,3
19176,Tweet,SherylNYT,ajaysuraTOI,91
19122,Tweet,SherylNYT,KeithBradsher,46
19158,Tweet,SherylNYT,gettleman,9
217968,Article,toi_shailendraA,toi_shailendraA,1
217761,Article,toi_shailendraA,toi_shailendraA,1
217909,Article,toi_shailendraA,Pratiks_TOI,5
217916,Article,toi_shailendraA,toi_shailendraA,1
217888,Article,toi_shailendraA,kumaraswamykTOI,7
217818,Article,toi_shailendraA,adwaidh,6
217813,Article,toi_shailendraA,toi_shailendraA,1
217986,Article,toi_shailendraA,toi_shailendraA,1
217942,Article,toi_shailendraA,toi_shailendraA,1
217914,Article,toi_shailendraA,toi_shailendraA,1
217784,Article,toi_shailendraA,toi_shailendraA,1
217911,Article,toi_shailendraA,toi_shailendraA,1
217845,Article,toi_shailendraA,AjayUgrasTOI,6
217928,Article,toi_shailendraA,toi_shailendraA,1
217997,Article,toi_shailendraA,toi_shailendraA,1
218035,Tweet,toi_shailendraA,toi_shailendraA,1
218060,Tweet,toi_shailendraA,vwang3,146
218042,Tweet,toi_shailendraA,murarishetyeTOI,140
218090,Tweet,toi_shailendraA,toi_shailendraA,1
218067,Tweet,toi_shailendraA,toi_shailendraA,1
218025,Tweet,toi_shailendraA,kumaraswamykTOI,2
218028,Tweet,toi_shailendraA,toi_shailendraA,1
218013,Tweet,toi_shailendraA,toi_shailendraA,1
218043,Tweet,toi_shailendraA,KapildaveTOI,25
218048,Tweet,toi_shailendraA,kumaraswamykTOI,4
218047,Tweet,toi_shailendraA,toi_shailendraA,1
218100,Tweet,toi_shailendraA,toi_shailendraA,1
218045,Tweet,toi_shailendraA,toi_shailendraA,1
218094,Tweet,toi_shailendraA,GeorgeMonbiot,49
218097,Tweet,toi_shailendraA,kumaraswamykTOI,10
16851,Article,pete_wells,sio_burke,5
16861,Article,pete_wells,pete_wells,1
16862,Article,pete_wells,pete_wells,1
16879,Article,pete_wells,pete_wells,1
16844,Article,pete_wells,pete_wells,1
16805,Article,pete_wells,melissaclark,4
16818,Article,pete_wells,pete_wells,1
16893,Article,pete_wells,pete_wells,1
16896,Article,pete_wells,pete_wells,1
16808,Article,pete_wells,pete_wells,1
16828,Article,pete_wells,pete_wells,1
16875,Article,pete_wells,pete_wells,1
16881,Article,pete_wells,pete_wells,1
16883,Article,pete_wells,pete_wells,1
16833,Article,pete_wells,pete_wells,1
16994,Tweet,pete_wells,andrewrawnsley,62
16924,Tweet,pete_wells,pete_wells,1
16982,Tweet,pete_wells,WilbyPeter,61
16910,Tweet,pete_wells,fmanjoo,3
16967,Tweet,pete_wells,pete_wells,1
16926,Tweet,pete_wells,jestei,173
16929,Tweet,pete_wells,pete_wells,1
16903,Tweet,pete_wells,melissaclark,3
16938,Tweet,pete_wells,vwang3,187
16916,Tweet,pete_wells,jimwaterson,8
16911,Tweet,pete_wells,vwang3,156
16966,Tweet,pete_wells,pete_wells,1
16917,Tweet,pete_wells,andrewrawnsley,8
16977,Tweet,pete_wells,RosySequeiraTOI,119
16934,Tweet,pete_wells,NilsPratley,6
24241,Article,stevenerlanger,stevenerlanger,1
24211,Article,stevenerlanger,SangerNYT,4
24225,Article,stevenerlanger,NikiKitsantonis,133
24237,Article,stevenerlanger,stevenerlanger,1
24238,Article,stevenerlanger,NYTimesCohen,7
24227,Article,stevenerlanger,stevenerlanger,1
24293,Article,stevenerlanger,kenvogel,2
24232,Article,stevenerlanger,stevenerlanger,1
24243,Article,stevenerlanger,ewong,3
24224,Article,stevenerlanger,stevenerlanger,1
24287,Article,stevenerlanger,stevenerlanger,1
24249,Article,stevenerlanger,stevenerlanger,1
24221,Article,stevenerlanger,jameskanter,2
24295,Article,stevenerlanger,stevenerlanger,1
24250,Article,stevenerlanger,michaelcrowley,2
24307,Tweet,stevenerlanger,MoharBasu,232
24302,Tweet,stevenerlanger,andrewrawnsley,54
24370,Tweet,stevenerlanger,stevenerlanger,1
24335,Tweet,stevenerlanger,desaisantosh,12
24306,Tweet,stevenerlanger,vwang3,37
24327,Tweet,stevenerlanger,ajaysuraTOI,18
24351,Tweet,stevenerlanger,RosySequeiraTOI,18
24318,Tweet,stevenerlanger,IKershner,3
24367,Tweet,stevenerlanger,stevenerlanger,1
24354,Tweet,stevenerlanger,andrewrawnsley,50
24394,Tweet,stevenerlanger,stevenerlanger,1
24358,Tweet,stevenerlanger,michaelcrowley,8
24341,Tweet,stevenerlanger,_nicolaclark,80
24350,Tweet,stevenerlanger,gmorgenson,224
24385,Tweet,stevenerlanger,RosySequeiraTOI,8
177466,Article,BhanupratapsTOI,BhanupratapsTOI,1
177497,Article,BhanupratapsTOI,ShoebKhanTOI,12
177511,Article,BhanupratapsTOI,BhanupratapsTOI,1
177394,Article,BhanupratapsTOI,ShoebKhanTOI,3
177431,Article,BhanupratapsTOI,BhanupratapsTOI,1
177494,Article,BhanupratapsTOI,BhanupratapsTOI,1
177321,Article,BhanupratapsTOI,PjJoychen,11
177435,Article,BhanupratapsTOI,PjJoychen,15
177358,Article,BhanupratapsTOI,BhanupratapsTOI,1
177320,Article,BhanupratapsTOI,asrpmukeshTOI,23
177287,Article,BhanupratapsTOI,BhanupratapsTOI,1
177369,Article,BhanupratapsTOI,BhanupratapsTOI,1
177387,Article,BhanupratapsTOI,PjJoychen,19
177503,Article,BhanupratapsTOI,rajendrasTOI,3
177442,Article,BhanupratapsTOI,BhanupratapsTOI,1
177559,Tweet,BhanupratapsTOI,nandinisgTOI,9
177550,Tweet,BhanupratapsTOI,desaisantosh,326
177576,Tweet,BhanupratapsTOI,BhanupratapsTOI,1
177569,Tweet,BhanupratapsTOI,AjayUgrasTOI,3
177543,Tweet,BhanupratapsTOI,BhanupratapsTOI,1
177530,Tweet,BhanupratapsTOI,AjayUgrasTOI,2
177581,Tweet,BhanupratapsTOI,palaknandiTOI,2
177568,Tweet,BhanupratapsTOI,Gauraw2297,7
177577,Tweet,BhanupratapsTOI,smita_mishra,28
177542,Tweet,BhanupratapsTOI,palaknandiTOI,16
177578,Tweet,BhanupratapsTOI,smita_mishra,39
177555,Tweet,BhanupratapsTOI,BhanupratapsTOI,1
177537,Tweet,BhanupratapsTOI,BhanupratapsTOI,1
177529,Tweet,BhanupratapsTOI,Gauraw2297,6
177574,Tweet,BhanupratapsTOI,BhanupratapsTOI,1
1655,Article,apoorva_nyc,vishwamTOI,2
1613,Article,apoorva_nyc,apoorva_nyc,1
1620,Article,apoorva_nyc,apoorva_nyc,1
1698,Article,apoorva_nyc,SharonLNYT,2
1626,Article,apoorva_nyc,EmilyAnthes,2
1673,Article,apoorva_nyc,apoorva_nyc,1
1687,Article,apoorva_nyc,apoorva_nyc,1
1654,Article,apoorva_nyc,kannoyoungs,22
1601,Article,apoorva_nyc,SharonLNYT,2
1624,Article,apoorva_nyc,apoorva_nyc,1
1615,Article,apoorva_nyc,apoorva_nyc,1
1672,Article,apoorva_nyc,EmilyAnthes,2
1649,Article,apoorva_nyc,EmilyAnthes,3
1684,Article,apoorva_nyc,apoorva_nyc,1
1612,Article,apoorva_nyc,EmilyAnthes,2
1712,Tweet,apoorva_nyc,jimwaterson,7
1771,Tweet,apoorva_nyc,apoorva_nyc,1
1711,Tweet,apoorva_nyc,apoorva_nyc,1
1782,Tweet,apoorva_nyc,nicklezard,6
1789,Tweet,apoorva_nyc,nicklezard,42
1770,Tweet,apoorva_nyc,SharonLNYT,2
1781,Tweet,apoorva_nyc,DSlotnik,9
1778,Tweet,apoorva_nyc,RoniNYTimes,4
1779,Tweet,apoorva_nyc,apoorva_nyc,1
1701,Tweet,apoorva_nyc,PerriKlass,48
1749,Tweet,apoorva_nyc,apoorva_nyc,1
1721,Tweet,apoorva_nyc,apoorva_nyc,1
1746,Tweet,apoorva_nyc,naomi2009,9
1760,Tweet,apoorva_nyc,RoniNYTimes,3
1718,Tweet,apoorva_nyc,RoniNYTimes,4
35275,Article,bylizrobbins,billmpennington,92
35240,Article,bylizrobbins,DerekMalcolm123,401
35281,Article,bylizrobbins,bylizrobbins,1
35219,Article,bylizrobbins,DerekMalcolm123,3
35237,Article,bylizrobbins,bylizrobbins,1
35257,Article,bylizrobbins,bylizrobbins,1
35288,Article,bylizrobbins,ianrausten,339
35245,Article,bylizrobbins,StacyCowley,381
35231,Article,bylizrobbins,bylizrobbins,1
35273,Article,bylizrobbins,bylizrobbins,1
35294,Article,bylizrobbins,billywitz,3
35224,Article,bylizrobbins,billmpennington,87
35221,Article,bylizrobbins,BenWeiserNYT,239
35216,Article,bylizrobbins,npfandos,361
35239,Article,bylizrobbins,bylizrobbins,1
35397,Tweet,bylizrobbins,PerriKlass,27
35335,Tweet,bylizrobbins,murarishetyeTOI,4
35343,Tweet,bylizrobbins,sarahchurchwell,4
35329,Tweet,bylizrobbins,lauriegnyt,27
35325,Tweet,bylizrobbins,CeylanWrites,118
35337,Tweet,bylizrobbins,margaretrenkl,389
35364,Tweet,bylizrobbins,davidleighx,58
35398,Tweet,bylizrobbins,murarishetyeTOI,12
35311,Tweet,bylizrobbins,gettleman,13
35336,Tweet,bylizrobbins,nytdavidbrooks,95
35369,Tweet,bylizrobbins,murarishetyeTOI,2
35313,Tweet,bylizrobbins,jestei,3
35383,Tweet,bylizrobbins,billywitz,52
35377,Tweet,bylizrobbins,gettleman,2
35309,Tweet,bylizrobbins,smita_mishra,16
3246,Article,BenWeiserNYT,BenWeiserNYT,1
3235,Article,BenWeiserNYT,BenWeiserNYT,1
3216,Article,BenWeiserNYT,BenWeiserNYT,1
3266,Article,BenWeiserNYT,BenWeiserNYT,1
3219,Article,BenWeiserNYT,BenWeiserNYT,1
3269,Article,BenWeiserNYT,BenWeiserNYT,1
3274,Article,BenWeiserNYT,nytmike,2
3217,Article,BenWeiserNYT,BenWeiserNYT,1
3255,Article,BenWeiserNYT,nytmike,10
3249,Article,BenWeiserNYT,BenWeiserNYT,1
3287,Article,BenWeiserNYT,BenWeiserNYT,1
3220,Article,BenWeiserNYT,BenWeiserNYT,1
3204,Article,BenWeiserNYT,BenWeiserNYT,1
3278,Article,BenWeiserNYT,BenWeiserNYT,1
3271,Article,BenWeiserNYT,ShaneGoldmacher,3
3393,Tweet,BenWeiserNYT,viasimonromero,5
3324,Tweet,BenWeiserNYT,llerer,10
3359,Tweet,BenWeiserNYT,llerer,11
3376,Tweet,BenWeiserNYT,livia_ar,3
3390,Tweet,BenWeiserNYT,RosySequeiraTOI,181
3349,Tweet,BenWeiserNYT,davidleighx,57
3340,Tweet,BenWeiserNYT,gailcollins,35
3313,Tweet,BenWeiserNYT,tomfriedman,254
3338,Tweet,BenWeiserNYT,KSchulten,252
3351,Tweet,BenWeiserNYT,BenWeiserNYT,1
3373,Tweet,BenWeiserNYT,BenWeiserNYT,1
3345,Tweet,BenWeiserNYT,nytmike,13
3329,Tweet,BenWeiserNYT,viasimonromero,68
3384,Tweet,BenWeiserNYT,vwang3,183
3355,Tweet,BenWeiserNYT,BenWeiserNYT,1
34605,Article,nytDeniseGrady,GiniaNYT,18
34668,Article,nytDeniseGrady,ElisabethMalkin,31
34644,Article,nytDeniseGrady,apoorva_nyc,7
34690,Article,nytDeniseGrady,nytDeniseGrady,1
34602,Article,nytDeniseGrady,marywalshjourno,27
34657,Article,nytDeniseGrady,apoorva_nyc,2
34662,Article,nytDeniseGrady,nytDeniseGrady,1
34613,Article,nytDeniseGrady,EmilyAnthes,3
34646,Article,nytDeniseGrady,ginakolata,5
34618,Article,nytDeniseGrady,ginakolata,28
34620,Article,nytDeniseGrady,anemonanyc,4
34631,Article,nytDeniseGrady,apoorva_nyc,23
34675,Article,nytDeniseGrady,pete_wells,138
34612,Article,nytDeniseGrady,carlzimmer,25
34637,Article,nytDeniseGrady,carlzimmer,18
34768,Tweet,nytDeniseGrady,RoniNYTimes,4
34775,Tweet,nytDeniseGrady,RosySequeiraTOI,119
34790,Tweet,nytDeniseGrady,RoniNYTimes,18
34778,Tweet,nytDeniseGrady,ChuBailiang,8
34750,Tweet,nytDeniseGrady,desaisantosh,66
34721,Tweet,nytDeniseGrady,ChuBailiang,7
34701,Tweet,nytDeniseGrady,digbijaymishra1,4
34785,Tweet,nytDeniseGrady,nytDeniseGrady,1
34715,Tweet,nytDeniseGrady,andrewrawnsley,325
34736,Tweet,nytDeniseGrady,RaphaelMinder,10
34757,Tweet,nytDeniseGrady,aleksk,130
34767,Tweet,nytDeniseGrady,nytDeniseGrady,1
34754,Tweet,nytDeniseGrady,RoniNYTimes,2
34788,Tweet,nytDeniseGrady,ManjuVTOI,376
34791,Tweet,nytDeniseGrady,PerriKlass,2
35628,Article,lauriegnyt,carlzimmer,18
35670,Article,lauriegnyt,lauriegnyt,1
35640,Article,lauriegnyt,helenecooper,3
35671,Article,lauriegnyt,parul_sehgal,57
35683,Article,lauriegnyt,anemonanyc,2
35611,Article,lauriegnyt,dwightgarner,46
35632,Article,lauriegnyt,lauriegnyt,1
35612,Article,lauriegnyt,RachelDonadio,14
35604,Article,lauriegnyt,MaggieAstor,20
35645,Article,lauriegnyt,anniekarni,7
35622,Article,lauriegnyt,RachelDonadio,18
35619,Article,lauriegnyt,lauriegnyt,1
35672,Article,lauriegnyt,apoorva_nyc,4
35618,Article,lauriegnyt,jasondhorowitz,3
35650,Article,lauriegnyt,RachelDonadio,19
35747,Tweet,lauriegnyt,andrewrawnsley,7
35721,Tweet,lauriegnyt,RosySequeiraTOI,3
35763,Tweet,lauriegnyt,jimwaterson,111
35727,Tweet,lauriegnyt,andrewrawnsley,6
35737,Tweet,lauriegnyt,livia_ar,18
35768,Tweet,lauriegnyt,andrewrawnsley,14
35706,Tweet,lauriegnyt,lauriegnyt,1
35718,Tweet,lauriegnyt,vwang3,9
35791,Tweet,lauriegnyt,lauriegnyt,1
35774,Tweet,lauriegnyt,andrewrawnsley,14
35720,Tweet,lauriegnyt,andrewrawnsley,9
35777,Tweet,lauriegnyt,lauriegnyt,1
35713,Tweet,lauriegnyt,viasimonromero,107
35711,Tweet,lauriegnyt,andrewrawnsley,2
35717,Tweet,lauriegnyt,andrewrawnsley,2
107096,Article,CarolineLucas,alanconnor,16
107147,Article,CarolineLucas,peterbradshaw1,5
107037,Article,CarolineLucas,williamkeegan,99
107123,Article,CarolineLucas,leninology,22
107161,Article,CarolineLucas,vanbadham,27
107128,Article,CarolineLucas,jameskanter,9
107099,Article,CarolineLucas,NilsPratley,11
107122,Article,CarolineLucas,CarolineLucas,1
107119,Article,CarolineLucas,CarolineLucas,1
107105,Article,CarolineLucas,paulmasonnews,103
106999,Article,CarolineLucas,CarolineLucas,1
107094,Article,CarolineLucas,williamkeegan,10
107051,Article,CarolineLucas,GeorgeMonbiot,21
107041,Article,CarolineLucas,williamkeegan,49
107143,Article,CarolineLucas,williamkeegan,18
107302,Tweet,CarolineLucas,DerekMalcolm123,4
107666,Tweet,CarolineLucas,CarolineLucas,1
107218,Tweet,CarolineLucas,nicklezard,12
107605,Tweet,CarolineLucas,RosySequeiraTOI,67
107422,Tweet,CarolineLucas,samsifton,116
107274,Tweet,CarolineLucas,murarishetyeTOI,3
107332,Tweet,CarolineLucas,CarolineLucas,1
107598,Tweet,CarolineLucas,RosySequeiraTOI,134
107189,Tweet,CarolineLucas,AndrewSparrow,19
107481,Tweet,CarolineLucas,polblonde,14
107524,Tweet,CarolineLucas,paulmasonnews,18
107233,Tweet,CarolineLucas,IpsitaTOI,2
107588,Tweet,CarolineLucas,vijaypTOI,83
107734,Tweet,CarolineLucas,ajaysuraTOI,106
107277,Tweet,CarolineLucas,CarolineLucas,1
10099,Article,joecoscarelli,joecoscarelli,1
10008,Article,joecoscarelli,juliarebeccaj,2
10007,Article,joecoscarelli,joncaramanica,2
10072,Article,joecoscarelli,smbahr14,6
10088,Article,joecoscarelli,BenWeiserNYT,2
10098,Article,joecoscarelli,parul_sehgal,4
10060,Article,joecoscarelli,BenWeiserNYT,6
10029,Article,joecoscarelli,DerekMalcolm123,25
10054,Article,joecoscarelli,joecoscarelli,1
10041,Article,joecoscarelli,joncaramanica,4
10052,Article,joecoscarelli,sisario,3
10034,Article,joecoscarelli,joncaramanica,2
10068,Article,joecoscarelli,sisario,3
10048,Article,joecoscarelli,joecoscarelli,1
10021,Article,joecoscarelli,joecoscarelli,1
10105,Tweet,joecoscarelli,joecoscarelli,1
10188,Tweet,joecoscarelli,ditzkoff,19
10194,Tweet,joecoscarelli,margaretrenkl,259
10145,Tweet,joecoscarelli,RosySequeiraTOI,34
10162,Tweet,joecoscarelli,joecoscarelli,1
10142,Tweet,joecoscarelli,jonpareles,141
10140,Tweet,joecoscarelli,jonpareles,185
10170,Tweet,joecoscarelli,jonpareles,18
10199,Tweet,joecoscarelli,ajaysuraTOI,237
10119,Tweet,joecoscarelli,jennydeluxe,321
10172,Tweet,joecoscarelli,jayamenon64,40
10143,Tweet,joecoscarelli,afuahirsch,288
10113,Tweet,joecoscarelli,jonpareles,74
10163,Tweet,joecoscarelli,joncaramanica,8
10195,Tweet,joecoscarelli,vanbadham,29
15271,Article,npfandos,npfandos,1
15284,Article,npfandos,npfandos,1
15253,Article,npfandos,npfandos,1
15205,Article,npfandos,jameskanter,179
15258,Article,npfandos,npfandos,1
15235,Article,npfandos,hillhulse,7
15227,Article,npfandos,hillhulse,4
15268,Article,npfandos,reidepstein,4
15216,Article,npfandos,ElisabethMalkin,102
15209,Article,npfandos,npfandos,1
15243,Article,npfandos,hillhulse,5
15262,Article,npfandos,hillhulse,6
15240,Article,npfandos,hillhulse,10
15290,Article,npfandos,npfandos,1
15233,Article,npfandos,alexanderburns,4
15339,Tweet,npfandos,npfandos,1
15390,Tweet,npfandos,npfandos,1
15399,Tweet,npfandos,hillhulse,2
15391,Tweet,npfandos,npfandos,1
15312,Tweet,npfandos,tripgabriel,6
15351,Tweet,npfandos,tripgabriel,2
15318,Tweet,npfandos,toi_dhananjayM,16
15389,Tweet,npfandos,jillfilipovic,2
15385,Tweet,npfandos,mtomasky,26
15368,Tweet,npfandos,tomfriedman,16
15361,Tweet,npfandos,adamliptak,2
15333,Tweet,npfandos,npfandos,1
15387,Tweet,npfandos,michelleinbklyn,18
15349,Tweet,npfandos,ajaysuraTOI,8
15325,Tweet,npfandos,npfandos,1
10677,Article,juliarebeccaj,cdcaron,10
10605,Article,juliarebeccaj,MichaelPaulson,21
10607,Article,juliarebeccaj,ASoloski,183
10688,Article,juliarebeccaj,margaretrenkl,56
10634,Article,juliarebeccaj,joecoscarelli,2
10692,Article,juliarebeccaj,rpogrebin,94
10614,Article,juliarebeccaj,bylizrobbins,359
10681,Article,juliarebeccaj,alanfeuer,3
10662,Article,juliarebeccaj,adamliptak,69
10673,Article,juliarebeccaj,wesley_morris,146
10696,Article,juliarebeccaj,MichaelPaulson,100
10675,Article,juliarebeccaj,adamliptak,55
10632,Article,juliarebeccaj,rpogrebin,161
10624,Article,juliarebeccaj,sisario,13
10689,Article,juliarebeccaj,MichaelPaulson,50
10775,Tweet,juliarebeccaj,AditiZero,130
10792,Tweet,juliarebeccaj,BenWeiserNYT,15
10752,Tweet,juliarebeccaj,juliarebeccaj,1
10734,Tweet,juliarebeccaj,RosySequeiraTOI,152
10705,Tweet,juliarebeccaj,nytdavidbrooks,98
10761,Tweet,juliarebeccaj,jonpareles,8
10711,Tweet,juliarebeccaj,viasimonromero,75
10770,Tweet,juliarebeccaj,livia_ar,98
10757,Tweet,juliarebeccaj,llerer,204
10724,Tweet,juliarebeccaj,DouthatNYT,259
10790,Tweet,juliarebeccaj,jonpareles,71
10717,Tweet,juliarebeccaj,RosySequeiraTOI,95
10751,Tweet,juliarebeccaj,juliarebeccaj,1
10793,Tweet,juliarebeccaj,desaisantosh,9
10755,Tweet,juliarebeccaj,vwang3,39
9874,Article,jmart,ShaneGoldmacher,10
9897,Article,jmart,ShaneGoldmacher,2
9844,Article,jmart,adamliptak,42
9852,Article,jmart,llerer,17
9877,Article,jmart,hillhulse,7
9834,Article,jmart,alexanderburns,5
9803,Article,jmart,PatriciaMazzei,4
9869,Article,jmart,tripgabriel,6
9819,Article,jmart,llerer,6
9883,Article,jmart,SherylNYT,74
9813,Article,jmart,alexanderburns,10
9887,Article,jmart,hillhulse,7
9814,Article,jmart,llerer,10
9825,Article,jmart,llerer,23
9833,Article,jmart,alexanderburns,4
9972,Tweet,jmart,adamliptak,55
9949,Tweet,jmart,tripgabriel,11
9947,Tweet,jmart,jwpetersNYT,4
9999,Tweet,jmart,polblonde,230
9935,Tweet,jmart,el_belson,238
9979,Tweet,jmart,hillhulse,50
9930,Tweet,jmart,andrewrawnsley,235
9980,Tweet,jmart,tripgabriel,3
9921,Tweet,jmart,KSchulten,339
9967,Tweet,jmart,jmart,1
9907,Tweet,jmart,RosySequeiraTOI,107
9976,Tweet,jmart,reidepstein,4
9902,Tweet,jmart,ShaneGoldmacher,7
9989,Tweet,jmart,vwang3,252
9916,Tweet,jmart,jimwaterson,109
34059,Article,jorifinkel,zwoolfe,4
34065,Article,jorifinkel,rpogrebin,2
34044,Article,jorifinkel,jorifinkel,1
34073,Article,jorifinkel,rpogrebin,2
34082,Article,jorifinkel,ASoloski,12
34093,Article,jorifinkel,rpogrebin,2
34055,Article,jorifinkel,zwoolfe,2
34091,Article,jorifinkel,samsifton,83
34022,Article,jorifinkel,zwoolfe,5
34009,Article,jorifinkel,zwoolfe,2
34030,Article,jorifinkel,zwoolfe,4
34070,Article,jorifinkel,ASoloski,52
34049,Article,jorifinkel,bylizrobbins,38
34037,Article,jorifinkel,pete_wells,24
34035,Article,jorifinkel,rpogrebin,3
34122,Tweet,jorifinkel,jonronson,138
34137,Tweet,jorifinkel,samrob12,2
34147,Tweet,jorifinkel,jorifinkel,1
34100,Tweet,jorifinkel,jorifinkel,1
34124,Tweet,jorifinkel,nicklezard,117
34169,Tweet,jorifinkel,RosySequeiraTOI,6
34157,Tweet,jorifinkel,SearleAdrian,150
34165,Tweet,jorifinkel,andrewrawnsley,33
34121,Tweet,jorifinkel,jorifinkel,1
34133,Tweet,jorifinkel,samrob12,9
34191,Tweet,jorifinkel,GeorgeMonbiot,164
34167,Tweet,jorifinkel,samrob12,2
34106,Tweet,jorifinkel,jimwaterson,80
34193,Tweet,jorifinkel,mtomasky,82
34146,Tweet,jorifinkel,jonronson,132
12292,Article,liamstack,carlzimmer,158
12240,Article,liamstack,PatrickKingsley,26
12288,Article,liamstack,NYTimesCohen,64
12225,Article,liamstack,hillhulse,80
12244,Article,liamstack,BenWeiserNYT,6
12275,Article,liamstack,hillhulse,52
12232,Article,liamstack,PatrickKingsley,50
12220,Article,liamstack,ByMattStevens,3
12209,Article,liamstack,jimwaterson,19
12205,Article,liamstack,lauriegnyt,5
12263,Article,liamstack,jimtankersley,42
12270,Article,liamstack,SarahMaslinNir,81
12258,Article,liamstack,carlzimmer,152
12268,Article,liamstack,vvfriedman,103
12284,Article,liamstack,ianrausten,170
12301,Tweet,liamstack,carlzimmer,5
12351,Tweet,liamstack,carlzimmer,5
12342,Tweet,liamstack,RosySequeiraTOI,39
12337,Tweet,liamstack,ASoloski,106
12375,Tweet,liamstack,livia_ar,39
12325,Tweet,liamstack,DSlotnik,9
12320,Tweet,liamstack,apoorva_nyc,4
12366,Tweet,liamstack,llerer,8
12354,Tweet,liamstack,IAmTimDowling,73
12380,Tweet,liamstack,nicklezard,77
12381,Tweet,liamstack,viasimonromero,10
12378,Tweet,liamstack,ajaysuraTOI,131
12389,Tweet,liamstack,carlzimmer,9
12336,Tweet,liamstack,SocialQPhilip,119
12340,Tweet,liamstack,kush_junglee,17
31856,Article,PamBelluck,toi_dhananjayM,84
31820,Article,PamBelluck,adamliptak,42
31816,Article,PamBelluck,NYTimesCohen,101
31828,Article,PamBelluck,EmilyAnthes,29
31891,Article,PamBelluck,jameskanter,213
31829,Article,PamBelluck,SherylNYT,75
31894,Article,PamBelluck,hillhulse,111
31862,Article,PamBelluck,RaphaelMinder,9
31893,Article,PamBelluck,carlzimmer,145
31869,Article,PamBelluck,LFFriedman,135
31879,Article,PamBelluck,apoorva_nyc,5
31841,Article,PamBelluck,DerekMalcolm123,157
31806,Article,PamBelluck,toi_dhananjayM,107
31899,Article,PamBelluck,alanfeuer,45
31835,Article,PamBelluck,BenWeiserNYT,41
31992,Tweet,PamBelluck,andrewrawnsley,29
31913,Tweet,PamBelluck,andrewrawnsley,111
31941,Tweet,PamBelluck,PamBelluck,1
31954,Tweet,PamBelluck,andrewrawnsley,8
31973,Tweet,PamBelluck,PamBelluck,1
31955,Tweet,PamBelluck,NYTLiz,162
31914,Tweet,PamBelluck,PamBelluck,1
31970,Tweet,PamBelluck,PamBelluck,1
31909,Tweet,PamBelluck,PamBelluck,1
31935,Tweet,PamBelluck,GiniaNYT,180
31921,Tweet,PamBelluck,PamBelluck,1
31963,Tweet,PamBelluck,gmorgenson,229
31949,Tweet,PamBelluck,PamBelluck,1
31984,Tweet,PamBelluck,RoniNYTimes,10
31960,Tweet,PamBelluck,PamBelluck,1
5014,Article,christophclarey,christophclarey,1
5060,Article,christophclarey,christophclarey,1
5067,Article,christophclarey,BenRothenberg,2
5052,Article,christophclarey,christophclarey,1
5051,Article,christophclarey,christophclarey,1
5044,Article,christophclarey,christophclarey,1
5077,Article,christophclarey,christophclarey,1
5009,Article,christophclarey,christophclarey,1
5050,Article,christophclarey,christophclarey,1
5016,Article,christophclarey,christophclarey,1
5035,Article,christophclarey,christophclarey,1
5086,Article,christophclarey,MattFutterman,5
5054,Article,christophclarey,NYTimesCohen,13
5066,Article,christophclarey,MattFutterman,3
5031,Article,christophclarey,BenRothenberg,2
5137,Tweet,christophclarey,christophclarey,1
5154,Tweet,christophclarey,shattenstone,11
5163,Tweet,christophclarey,nicholaswatt,7
5132,Tweet,christophclarey,RosySequeiraTOI,182
5106,Tweet,christophclarey,christophclarey,1
5138,Tweet,christophclarey,MattFutterman,5
5130,Tweet,christophclarey,MattFutterman,2
5157,Tweet,christophclarey,christophclarey,1
5114,Tweet,christophclarey,christophclarey,1
5115,Tweet,christophclarey,tomfriedman,8
5173,Tweet,christophclarey,nicklezard,271
5187,Tweet,christophclarey,christophclarey,1
5101,Tweet,christophclarey,jbouie,13
5180,Tweet,christophclarey,MattFutterman,2
5158,Tweet,christophclarey,christophclarey,1
18279,Article,rpogrebin,rpogrebin,1
18269,Article,rpogrebin,rpogrebin,1
18214,Article,rpogrebin,rpogrebin,1
18254,Article,rpogrebin,rpogrebin,1
18206,Article,rpogrebin,rpogrebin,1
18237,Article,rpogrebin,joncaramanica,12
18258,Article,rpogrebin,rpogrebin,1
18219,Article,rpogrebin,rpogrebin,1
18250,Article,rpogrebin,zwoolfe,2
18257,Article,rpogrebin,rpogrebin,1
18259,Article,rpogrebin,rpogrebin,1
18213,Article,rpogrebin,rpogrebin,1
18273,Article,rpogrebin,rpogrebin,1
18294,Article,rpogrebin,rpogrebin,1
18233,Article,rpogrebin,bencasselman,7
18384,Tweet,rpogrebin,peterbradshaw1,83
18379,Tweet,rpogrebin,desaisantosh,166
18374,Tweet,rpogrebin,rpogrebin,1
18385,Tweet,rpogrebin,FrankBruni,171
18386,Tweet,rpogrebin,murarishetyeTOI,54
18312,Tweet,rpogrebin,vwang3,140
18318,Tweet,rpogrebin,vwang3,191
18391,Tweet,rpogrebin,jestei,5
18317,Tweet,rpogrebin,RosySequeiraTOI,42
18380,Tweet,rpogrebin,kiracochrane,11
18358,Tweet,rpogrebin,samrob12,9
18355,Tweet,rpogrebin,RosySequeiraTOI,49
18365,Tweet,rpogrebin,RosySequeiraTOI,226
18370,Tweet,rpogrebin,aleksk,315
18328,Tweet,rpogrebin,desaisantosh,90
185531,Article,HinaRohtaki,bishnoiarvind11,9
185457,Article,HinaRohtaki,sudhanshub16,2
185455,Article,HinaRohtaki,SagrikaKissu,8
185500,Article,HinaRohtaki,sudhanshub16,4
185548,Article,HinaRohtaki,HinaRohtaki,1
185441,Article,HinaRohtaki,HinaRohtaki,1
185397,Article,HinaRohtaki,bishnoiarvind11,48
185517,Article,HinaRohtaki,payaldhawanTOI,6
185557,Article,HinaRohtaki,HinaRohtaki,1
185507,Article,HinaRohtaki,priyangiTOI,8
185488,Article,HinaRohtaki,HinaRohtaki,1
185401,Article,HinaRohtaki,har_mandeep,9
185414,Article,HinaRohtaki,payaldhawanTOI,35
185494,Article,HinaRohtaki,HinaRohtaki,1
185463,Article,HinaRohtaki,DSandip_TOI,3
185638,Tweet,HinaRohtaki,HinaRohtaki,1
185619,Tweet,HinaRohtaki,HinaRohtaki,1
185599,Tweet,HinaRohtaki,HinaRohtaki,1
185592,Tweet,HinaRohtaki,HinaRohtaki,1
185644,Tweet,HinaRohtaki,HinaRohtaki,1
185565,Tweet,HinaRohtaki,HinaRohtaki,1
185627,Tweet,HinaRohtaki,BhanupratapsTOI,3
185628,Tweet,HinaRohtaki,HinaRohtaki,1
185574,Tweet,HinaRohtaki,HinaRohtaki,1
185626,Tweet,HinaRohtaki,HinaRohtaki,1
185630,Tweet,HinaRohtaki,bishnoiarvind11,9
185617,Tweet,HinaRohtaki,bishnoiarvind11,6
185563,Tweet,HinaRohtaki,archiebland,432
185650,Tweet,HinaRohtaki,HinaRohtaki,1
185573,Tweet,HinaRohtaki,bishnoiarvind11,2
33847,Article,annanorthtweets,annanorthtweets,1
33887,Article,annanorthtweets,parul_sehgal,93
33835,Article,annanorthtweets,pete_wells,37
33850,Article,annanorthtweets,ASoloski,154
33898,Article,annanorthtweets,KSchulten,236
33839,Article,annanorthtweets,PerriKlass,4
33895,Article,annanorthtweets,bencasselman,2
33879,Article,annanorthtweets,annanorthtweets,1
33896,Article,annanorthtweets,michelleinbklyn,24
33874,Article,annanorthtweets,julianbarnes,49
33816,Article,annanorthtweets,michelleinbklyn,20
33833,Article,annanorthtweets,kylebuchanan,13
33883,Article,annanorthtweets,wesley_morris,57
33875,Article,annanorthtweets,MaggieAstor,67
33800,Article,annanorthtweets,rondakaysen,92
33961,Tweet,annanorthtweets,PerriKlass,67
33906,Tweet,annanorthtweets,annanorthtweets,1
33970,Tweet,annanorthtweets,PerriKlass,38
33991,Tweet,annanorthtweets,desaisantosh,7
33988,Tweet,annanorthtweets,gmorgenson,4
33941,Tweet,annanorthtweets,WilbyPeter,418
33908,Tweet,annanorthtweets,GiniaNYT,63
33947,Tweet,annanorthtweets,annanorthtweets,1
33976,Tweet,annanorthtweets,polblonde,150
33953,Tweet,annanorthtweets,ottolenghi,179
33974,Tweet,annanorthtweets,PerriKlass,51
33901,Tweet,annanorthtweets,FrancesRobles,245
33948,Tweet,annanorthtweets,ajaysuraTOI,202
33986,Tweet,annanorthtweets,jennydeluxe,2
33903,Tweet,annanorthtweets,WilbyPeter,414
4893,Article,charlie_savage,jbouie,20
4863,Article,charlie_savage,charlie_savage,1
4814,Article,charlie_savage,julianbarnes,15
4825,Article,charlie_savage,adamliptak,7
4899,Article,charlie_savage,npfandos,3
4838,Article,charlie_savage,adamliptak,5
4818,Article,charlie_savage,hillhulse,4
4852,Article,charlie_savage,SangerNYT,5
4819,Article,charlie_savage,charlie_savage,1
4827,Article,charlie_savage,BenWeiserNYT,2
4830,Article,charlie_savage,adamliptak,4
4805,Article,charlie_savage,charlie_savage,1
4877,Article,charlie_savage,adamliptak,4
4854,Article,charlie_savage,julianbarnes,12
4892,Article,charlie_savage,adamliptak,4
4935,Tweet,charlie_savage,npwcnn,42
4951,Tweet,charlie_savage,charlie_savage,1
4992,Tweet,charlie_savage,jonpareles,197
4987,Tweet,charlie_savage,jonpareles,59
4919,Tweet,charlie_savage,tarasbernard,436
4945,Tweet,charlie_savage,charlie_savage,1
4912,Tweet,charlie_savage,charlie_savage,1
4947,Tweet,charlie_savage,npwcnn,37
4940,Tweet,charlie_savage,charlie_savage,1
4902,Tweet,charlie_savage,charlie_savage,1
4956,Tweet,charlie_savage,charlie_savage,1
4941,Tweet,charlie_savage,ESCochrane,2
4993,Tweet,charlie_savage,charlie_savage,1
4967,Tweet,charlie_savage,charlie_savage,1
4930,Tweet,charlie_savage,charlie_savage,1
25895,Article,jbouie,jbouie,1
25885,Article,jbouie,GlennThrush,8
25845,Article,jbouie,noamscheiber,13
25891,Article,jbouie,KSchulten,10
25860,Article,jbouie,hillhulse,4
25855,Article,jbouie,tomfriedman,2
25843,Article,jbouie,jbouie,1
25804,Article,jbouie,michaelcrowley,5
25837,Article,jbouie,NYTimesCohen,13
25835,Article,jbouie,bencasselman,11
25832,Article,jbouie,adamliptak,28
25826,Article,jbouie,michelleinbklyn,4
25877,Article,jbouie,tomfriedman,11
25836,Article,jbouie,KSchulten,4
25858,Article,jbouie,peterbakernyt,15
25977,Tweet,jbouie,ditzkoff,4
25938,Tweet,jbouie,BawaNaaved,16
25933,Tweet,jbouie,jbouie,1
25907,Tweet,jbouie,jennydeluxe,26
25901,Tweet,jbouie,nicholaswatt,4
25961,Tweet,jbouie,jennydeluxe,141
25986,Tweet,jbouie,DouthatNYT,4
25914,Tweet,jbouie,jbouie,1
25964,Tweet,jbouie,JessicaValenti,2
25952,Tweet,jbouie,jimwaterson,61
25980,Tweet,jbouie,sangerkatz,37
25919,Tweet,jbouie,gailcollins,317
25925,Tweet,jbouie,jbouie,1
25999,Tweet,jbouie,jbouie,1
25990,Tweet,jbouie,jbouie,1
286,Article,alanfeuer,BenWeiserNYT,4
226,Article,alanfeuer,vijayVsinghTOI,23
246,Article,alanfeuer,jwpetersNYT,30
252,Article,alanfeuer,BenWeiserNYT,9
225,Article,alanfeuer,BenWeiserNYT,4
229,Article,alanfeuer,jeannasmialek,98
273,Article,alanfeuer,Azi,3
236,Article,alanfeuer,nytmike,4
250,Article,alanfeuer,charlie_savage,2
291,Article,alanfeuer,alanfeuer,1
243,Article,alanfeuer,NeilMacFarquhar,8
289,Article,alanfeuer,jorifinkel,11
263,Article,alanfeuer,jwpetersNYT,9
295,Article,alanfeuer,adamliptak,9
234,Article,alanfeuer,BenWeiserNYT,10
369,Tweet,alanfeuer,alanfeuer,1
310,Tweet,alanfeuer,nytmike,4
395,Tweet,alanfeuer,jimwaterson,41
365,Tweet,alanfeuer,alanfeuer,1
308,Tweet,alanfeuer,hugolowell,6
333,Tweet,alanfeuer,alanfeuer,1
359,Tweet,alanfeuer,alanfeuer,1
388,Tweet,alanfeuer,vwang3,33
398,Tweet,alanfeuer,ASoloski,55
363,Tweet,alanfeuer,hillhulse,19
350,Tweet,alanfeuer,alanfeuer,1
349,Tweet,alanfeuer,alanfeuer,1
322,Tweet,alanfeuer,jbouie,5
362,Tweet,alanfeuer,alanfeuer,1
313,Tweet,alanfeuer,alanfeuer,1
12487,Article,lukebroadwater,lukebroadwater,1
12468,Article,lukebroadwater,lukebroadwater,1
12444,Article,lukebroadwater,lukebroadwater,1
12446,Article,lukebroadwater,jbouie,8
12476,Article,lukebroadwater,llerer,4
12417,Article,lukebroadwater,tripgabriel,13
12457,Article,lukebroadwater,hillhulse,14
12472,Article,lukebroadwater,lukebroadwater,1
12414,Article,lukebroadwater,ESCochrane,5
12438,Article,lukebroadwater,charlie_savage,3
12418,Article,lukebroadwater,lukebroadwater,1
12436,Article,lukebroadwater,lukebroadwater,1
12479,Article,lukebroadwater,ESCochrane,2
12478,Article,lukebroadwater,hillhulse,23
12403,Article,lukebroadwater,lukebroadwater,1
12588,Tweet,lukebroadwater,alanfeuer,3
12562,Tweet,lukebroadwater,andrewrawnsley,360
12583,Tweet,lukebroadwater,lukebroadwater,1
12596,Tweet,lukebroadwater,alanfeuer,2
12558,Tweet,lukebroadwater,lukebroadwater,1
12556,Tweet,lukebroadwater,hugolowell,2
12507,Tweet,lukebroadwater,alanfeuer,2
12566,Tweet,lukebroadwater,michelleinbklyn,14
12581,Tweet,lukebroadwater,alanfeuer,139
12571,Tweet,lukebroadwater,michelleinbklyn,9
12567,Tweet,lukebroadwater,alanfeuer,3
12529,Tweet,lukebroadwater,alanfeuer,5
12538,Tweet,lukebroadwater,lukebroadwater,1
12548,Tweet,lukebroadwater,tripgabriel,35
12577,Tweet,lukebroadwater,hugolowell,5
28088,Article,jameskanter,jameskanter,1
28039,Article,jameskanter,NikiKitsantonis,4
28093,Article,jameskanter,stevenerlanger,2
28046,Article,jameskanter,jameskanter,1
28008,Article,jameskanter,jameskanter,1
28058,Article,jameskanter,ceciliakang,2
28043,Article,jameskanter,jameskanter,1
28075,Article,jameskanter,jameskanter,1
28052,Article,jameskanter,stevenerlanger,3
28041,Article,jameskanter,stevenerlanger,2
28050,Article,jameskanter,jameskanter,1
28035,Article,jameskanter,jameskanter,1
28016,Article,jameskanter,jameskanter,1
28089,Article,jameskanter,LizAldermanNYT,79
28070,Article,jameskanter,jameskanter,1
28144,Tweet,jameskanter,andrewrawnsley,2
28104,Tweet,jameskanter,murarishetyeTOI,46
28196,Tweet,jameskanter,jameskanter,1
28117,Tweet,jameskanter,murarishetyeTOI,109
28132,Tweet,jameskanter,RosySequeiraTOI,58
28168,Tweet,jameskanter,jameskanter,1
28193,Tweet,jameskanter,timlottwriter,331
28125,Tweet,jameskanter,murarishetyeTOI,192
28150,Tweet,jameskanter,SunilSubaiah,2
28128,Tweet,jameskanter,rachshabi,103
28130,Tweet,jameskanter,tomfriedman,62
28120,Tweet,jameskanter,SunilSubaiah,4
28184,Tweet,jameskanter,andrewrawnsley,17
28151,Tweet,jameskanter,murarishetyeTOI,32
28199,Tweet,jameskanter,RosySequeiraTOI,430
7081,Article,el_belson,el_belson,1
7075,Article,el_belson,el_belson,1
7003,Article,el_belson,el_belson,1
7041,Article,el_belson,el_belson,1
7080,Article,el_belson,billywitz,2
7035,Article,el_belson,RichSandomir,5
7001,Article,el_belson,ByJamesWagner,4
7074,Article,el_belson,rpogrebin,27
7057,Article,el_belson,el_belson,1
7082,Article,el_belson,el_belson,1
7026,Article,el_belson,el_belson,1
7037,Article,el_belson,christophclarey,26
7071,Article,el_belson,billmpennington,2
7056,Article,el_belson,DavidWaldstein,2
7023,Article,el_belson,el_belson,1
7131,Tweet,el_belson,el_belson,1
7149,Tweet,el_belson,RosySequeiraTOI,64
7103,Tweet,el_belson,el_belson,1
7166,Tweet,el_belson,KSchulten,323
7184,Tweet,el_belson,MattFutterman,55
7187,Tweet,el_belson,el_belson,1
7150,Tweet,el_belson,el_belson,1
7146,Tweet,el_belson,jestei,24
7144,Tweet,el_belson,el_belson,1
7195,Tweet,el_belson,el_belson,1
7101,Tweet,el_belson,el_belson,1
7181,Tweet,el_belson,el_belson,1
7142,Tweet,el_belson,el_belson,1
7183,Tweet,el_belson,el_belson,1
7180,Tweet,el_belson,el_belson,1
6820,Article,ElianPeltier,ElianPeltier,1
6880,Article,ElianPeltier,DanBilefsky,5
6835,Article,ElianPeltier,NikiKitsantonis,14
6846,Article,ElianPeltier,zwoolfe,58
6891,Article,ElianPeltier,aurelienbrd,8
6811,Article,ElianPeltier,SharonLNYT,2
6810,Article,ElianPeltier,joecoscarelli,25
6862,Article,ElianPeltier,genznyt,50
6855,Article,ElianPeltier,aurelienbrd,11
6828,Article,ElianPeltier,jorifinkel,92
6825,Article,ElianPeltier,CeylanWrites,4
6830,Article,ElianPeltier,aurelienbrd,10
6899,Article,ElianPeltier,RaphaelMinder,11
6839,Article,ElianPeltier,NikiKitsantonis,4
6896,Article,ElianPeltier,ianrausten,4
6913,Tweet,ElianPeltier,RosySequeiraTOI,160
6963,Tweet,ElianPeltier,KSchulten,222
6985,Tweet,ElianPeltier,michaelcrowley,177
6923,Tweet,ElianPeltier,murarishetyeTOI,10
6924,Tweet,ElianPeltier,jotted,71
6957,Tweet,ElianPeltier,ArthurNeslen,229
6979,Tweet,ElianPeltier,bylizrobbins,269
6933,Tweet,ElianPeltier,murarishetyeTOI,191
6947,Tweet,ElianPeltier,murarishetyeTOI,204
6942,Tweet,ElianPeltier,murarishetyeTOI,162
6996,Tweet,ElianPeltier,ameliagentleman,132
6916,Tweet,ElianPeltier,livia_ar,162
6928,Tweet,ElianPeltier,viasimonromero,149
6919,Tweet,ElianPeltier,michaelcrowley,177
6921,Tweet,ElianPeltier,tomfriedman,65
35849,Article,KSchulten,wesley_morris,73
35830,Article,KSchulten,alanfeuer,11
35801,Article,KSchulten,DerekMalcolm123,2
35812,Article,KSchulten,KSchulten,1
35870,Article,KSchulten,KSchulten,1
35852,Article,KSchulten,DerekMalcolm123,164
35807,Article,KSchulten,KSchulten,1
35850,Article,KSchulten,KSchulten,1
35820,Article,KSchulten,DerekMalcolm123,3
35864,Article,KSchulten,jameskanter,11
35829,Article,KSchulten,KSchulten,1
35898,Article,KSchulten,DerekMalcolm123,18
35899,Article,KSchulten,KSchulten,1
35814,Article,KSchulten,KSchulten,1
35879,Article,KSchulten,mtomasky,3
35948,Tweet,KSchulten,jonronson,37
35961,Tweet,KSchulten,KSchulten,1
35985,Tweet,KSchulten,ajaysuraTOI,118
35942,Tweet,KSchulten,elizabday,4
35913,Tweet,KSchulten,EricaLG,9
35949,Tweet,KSchulten,nicklezard,91
35953,Tweet,KSchulten,EricaLG,13
35991,Tweet,KSchulten,GiniaNYT,6
35932,Tweet,KSchulten,timatkin,68
35998,Tweet,KSchulten,EricaLG,13
35935,Tweet,KSchulten,RosySequeiraTOI,65
35946,Tweet,KSchulten,EricaLG,18
35958,Tweet,KSchulten,elizabday,11
35957,Tweet,KSchulten,rachshabi,27
35975,Tweet,KSchulten,margaretrenkl,13
32884,Article,RoniNYTimes,nytDeniseGrady,3
32820,Article,RoniNYTimes,apoorva_nyc,13
32862,Article,RoniNYTimes,SharonLNYT,4
32824,Article,RoniNYTimes,jameskanter,13
32827,Article,RoniNYTimes,RoniNYTimes,1
32840,Article,RoniNYTimes,ginakolata,6
32875,Article,RoniNYTimes,sangerkatz,3
32893,Article,RoniNYTimes,carlzimmer,7
32837,Article,RoniNYTimes,ginakolata,9
32832,Article,RoniNYTimes,apoorva_nyc,24
32801,Article,RoniNYTimes,nytdavidbrooks,161
32856,Article,RoniNYTimes,nytDeniseGrady,8
32855,Article,RoniNYTimes,GiniaNYT,111
32876,Article,RoniNYTimes,ginakolata,2
32877,Article,RoniNYTimes,SharonLNYT,15
32994,Tweet,RoniNYTimes,RoniNYTimes,1
32968,Tweet,RoniNYTimes,jimwaterson,53
32911,Tweet,RoniNYTimes,apoorva_nyc,2
32908,Tweet,RoniNYTimes,ajaysuraTOI,48
32926,Tweet,RoniNYTimes,RoniNYTimes,1
32907,Tweet,RoniNYTimes,StacyCowley,235
32918,Tweet,RoniNYTimes,RoniNYTimes,1
32969,Tweet,RoniNYTimes,RoniNYTimes,1
32913,Tweet,RoniNYTimes,RosySequeiraTOI,163
32938,Tweet,RoniNYTimes,RoniNYTimes,1
32904,Tweet,RoniNYTimes,DSlotnik,3
32953,Tweet,RoniNYTimes,apoorva_nyc,29
32900,Tweet,RoniNYTimes,nytDeniseGrady,16
32995,Tweet,RoniNYTimes,RoniNYTimes,1
32982,Tweet,RoniNYTimes,emilybell,228
196834,Article,nauzerbTOI,nauzerbTOI,1
196940,Article,nauzerbTOI,nauzerbTOI,1
196904,Article,nauzerbTOI,journo_vibha,2
196898,Article,nauzerbTOI,NilsPratley,22
196949,Article,nauzerbTOI,richapintoi,10
196959,Article,nauzerbTOI,richapintoi,3
196824,Article,nauzerbTOI,parul_sehgal,39
196731,Article,nauzerbTOI,nauzerbTOI,1
196801,Article,nauzerbTOI,ShoebKhanTOI,8
196730,Article,nauzerbTOI,nauzerbTOI,1
196924,Article,nauzerbTOI,nauzerbTOI,1
196936,Article,nauzerbTOI,richapintoi,2
196896,Article,nauzerbTOI,kumaraswamykTOI,6
196789,Article,nauzerbTOI,RosySequeiraTOI,2
196816,Article,nauzerbTOI,nauzerbTOI,1
197046,Tweet,nauzerbTOI,nandinisgTOI,114
197063,Tweet,nauzerbTOI,msrachelcooke,126
196989,Tweet,nauzerbTOI,andrewrawnsley,43
197049,Tweet,nauzerbTOI,andrewrawnsley,38
196991,Tweet,nauzerbTOI,DekaJayanta,9
197041,Tweet,nauzerbTOI,nauzerbTOI,1
197030,Tweet,nauzerbTOI,rishachitlangia,20
196997,Tweet,nauzerbTOI,minatisinghaTOI,261
196974,Tweet,nauzerbTOI,tushhaikhush,6
196979,Tweet,nauzerbTOI,vijaysinghTOI,138
197001,Tweet,nauzerbTOI,petleepeter,4
197068,Tweet,nauzerbTOI,kumaraswamykTOI,219
196976,Tweet,nauzerbTOI,murarishetyeTOI,198
196982,Tweet,nauzerbTOI,JessicaValenti,12
196990,Tweet,nauzerbTOI,rishachitlangia,93
15474,Article,NYTBen,andrewrsorkin,2
15471,Article,NYTBen,ASoloski,2
15486,Article,NYTBen,naomi2009,27
15485,Article,NYTBen,NYTBen,1
15450,Article,NYTBen,NYTBen,1
15487,Article,NYTBen,tomfriedman,4
15497,Article,NYTBen,tomfriedman,18
15418,Article,NYTBen,NYTBen,1
15409,Article,NYTBen,NYTBen,1
15443,Article,NYTBen,ericschmittnyt,5
15439,Article,NYTBen,NYTBen,1
15495,Article,NYTBen,NYTBen,1
15457,Article,NYTBen,NYTBen,1
15434,Article,NYTBen,jorifinkel,28
15413,Article,NYTBen,ewong,12
15508,Tweet,NYTBen,tomfriedman,6
15588,Tweet,NYTBen,vwang3,23
15544,Tweet,NYTBen,RosySequeiraTOI,326
15509,Tweet,NYTBen,farnazfassihi,4
15594,Tweet,NYTBen,meddynyt,76
15530,Tweet,NYTBen,NYTBen,1
15559,Tweet,NYTBen,murarishetyeTOI,139
15537,Tweet,NYTBen,ajaysuraTOI,96
15560,Tweet,NYTBen,CeylanWrites,2
15569,Tweet,NYTBen,tarasbernard,4
15574,Tweet,NYTBen,MujMash,40
15504,Tweet,NYTBen,NYTBen,1
15519,Tweet,NYTBen,gailcollins,140
15573,Tweet,NYTBen,asrpmukeshTOI,167
15580,Tweet,NYTBen,ewong,16
3870,Article,brooksbarnesNYT,kylebuchanan,2
3897,Article,brooksbarnesNYT,MichaelPaulson,9
3896,Article,brooksbarnesNYT,billmpennington,29
3803,Article,brooksbarnesNYT,kylebuchanan,10
3817,Article,brooksbarnesNYT,brooksbarnesNYT,1
3827,Article,brooksbarnesNYT,brooksbarnesNYT,1
3886,Article,brooksbarnesNYT,brooksbarnesNYT,1
3811,Article,brooksbarnesNYT,BenWeiserNYT,26
3818,Article,brooksbarnesNYT,MichaelPaulson,2
3835,Article,brooksbarnesNYT,brooksbarnesNYT,1
3883,Article,brooksbarnesNYT,kylebuchanan,8
3845,Article,brooksbarnesNYT,bencasselman,2
3839,Article,brooksbarnesNYT,MichaelPaulson,5
3855,Article,brooksbarnesNYT,jwpetersNYT,67
3832,Article,brooksbarnesNYT,gmorgenson,8
3987,Tweet,brooksbarnesNYT,KeithBradsher,184
3957,Tweet,brooksbarnesNYT,jhoffman,19
3966,Tweet,brooksbarnesNYT,digbijaymishra1,2
3936,Tweet,brooksbarnesNYT,wesley_morris,2
3995,Tweet,brooksbarnesNYT,RosySequeiraTOI,430
3952,Tweet,brooksbarnesNYT,brooksbarnesNYT,1
3920,Tweet,brooksbarnesNYT,NilsPratley,2
3989,Tweet,brooksbarnesNYT,livia_ar,6
3921,Tweet,brooksbarnesNYT,jimwaterson,10
3912,Tweet,brooksbarnesNYT,RosySequeiraTOI,62
3900,Tweet,brooksbarnesNYT,RosySequeiraTOI,173
3949,Tweet,brooksbarnesNYT,sisario,7
3940,Tweet,brooksbarnesNYT,desaisantosh,344
3959,Tweet,brooksbarnesNYT,KeithBradsher,4
3947,Tweet,brooksbarnesNYT,livia_ar,3
27056,Article,wesley_morris,ASoloski,2
27031,Article,wesley_morris,wesley_morris,1
27009,Article,wesley_morris,wesley_morris,1
27059,Article,wesley_morris,joncaramanica,2
27091,Article,wesley_morris,wesley_morris,1
27097,Article,wesley_morris,wesley_morris,1
27029,Article,wesley_morris,wesley_morris,1
27032,Article,wesley_morris,wesley_morris,1
27084,Article,wesley_morris,wesley_morris,1
27078,Article,wesley_morris,DerekMalcolm123,2
27076,Article,wesley_morris,joncaramanica,2
27017,Article,wesley_morris,billmpennington,28
27062,Article,wesley_morris,ASoloski,4
27083,Article,wesley_morris,wesley_morris,1
27080,Article,wesley_morris,dwightgarner,3
27150,Tweet,wesley_morris,wesley_morris,1
27197,Tweet,wesley_morris,andrewrawnsley,48
27170,Tweet,wesley_morris,DerekMalcolm123,4
27124,Tweet,wesley_morris,SarahMaslinNir,26
27106,Tweet,wesley_morris,jimwaterson,17
27141,Tweet,wesley_morris,salihughes,61
27103,Tweet,wesley_morris,lindasgrant,13
27127,Tweet,wesley_morris,RosySequeiraTOI,90
27104,Tweet,wesley_morris,murarishetyeTOI,38
27194,Tweet,wesley_morris,elizabday,9
27108,Tweet,wesley_morris,wesley_morris,1
27166,Tweet,wesley_morris,AlysFowler,5
27113,Tweet,wesley_morris,samsifton,10
27182,Tweet,wesley_morris,kylebuchanan,8
27139,Tweet,wesley_morris,salihughes,13
13805,Article,michelleinbklyn,tomfriedman,3
13848,Article,michelleinbklyn,sarahlyall,25
13847,Article,michelleinbklyn,nytdavidbrooks,7
13836,Article,michelleinbklyn,jbouie,3
13858,Article,michelleinbklyn,kenvogel,19
13819,Article,michelleinbklyn,bencasselman,46
13853,Article,michelleinbklyn,dwightgarner,5
13889,Article,michelleinbklyn,alexanderburns,2
13800,Article,michelleinbklyn,jbouie,7
13843,Article,michelleinbklyn,NYTimesCohen,8
13841,Article,michelleinbklyn,kylebuchanan,44
13842,Article,michelleinbklyn,NYTimesCohen,3
13838,Article,michelleinbklyn,RoniNYTimes,35
13828,Article,michelleinbklyn,michelleinbklyn,1
13850,Article,michelleinbklyn,apoorva_nyc,4
13988,Tweet,michelleinbklyn,RoniNYTimes,83
13917,Tweet,michelleinbklyn,naomi2009,10
13912,Tweet,michelleinbklyn,jillfilipovic,11
13921,Tweet,michelleinbklyn,nicklezard,102
13946,Tweet,michelleinbklyn,apoorva_nyc,3
13982,Tweet,michelleinbklyn,DouthatNYT,6
13938,Tweet,michelleinbklyn,gailcollins,52
13995,Tweet,michelleinbklyn,jimwaterson,2
13959,Tweet,michelleinbklyn,michelleinbklyn,1
13908,Tweet,michelleinbklyn,DouthatNYT,41
13927,Tweet,michelleinbklyn,salihughes,11
13957,Tweet,michelleinbklyn,julianbarnes,39
13967,Tweet,michelleinbklyn,nicklezard,10
13993,Tweet,michelleinbklyn,nytdavidbrooks,8
13934,Tweet,michelleinbklyn,tomfriedman,5
215476,Article,SwatiShindeTOI,SwatiShindeTOI,1
215514,Article,SwatiShindeTOI,SwatiShindeTOI,1
215544,Article,SwatiShindeTOI,pankajdoval,3
215565,Article,SwatiShindeTOI,SwatiShindeTOI,1
215518,Article,SwatiShindeTOI,ChaitanyadTOI,2
215409,Article,SwatiShindeTOI,SwatiShindeTOI,1
215390,Article,SwatiShindeTOI,SwatiShindeTOI,1
215539,Article,SwatiShindeTOI,SwatiShindeTOI,1
215412,Article,SwatiShindeTOI,MohitaTOI,2
215330,Article,SwatiShindeTOI,SwatiShindeTOI,1
215395,Article,SwatiShindeTOI,sermoninstone,38
215389,Article,SwatiShindeTOI,SwatiShindeTOI,1
215488,Article,SwatiShindeTOI,SwatiShindeTOI,1
215531,Article,SwatiShindeTOI,SwatiShindeTOI,1
215463,Article,SwatiShindeTOI,SwatiShindeTOI,1
215582,Tweet,SwatiShindeTOI,SyedAkbarTOI,100
215653,Tweet,SwatiShindeTOI,MohitaTOI,34
215595,Tweet,SwatiShindeTOI,MohitaTOI,4
215652,Tweet,SwatiShindeTOI,RosySequeiraTOI,57
215625,Tweet,SwatiShindeTOI,mohuadazz,65
215649,Tweet,SwatiShindeTOI,UttaraVarmaTOI,53
215669,Tweet,SwatiShindeTOI,SwatiShindeTOI,1
215670,Tweet,SwatiShindeTOI,pradeeptTOI,254
215593,Tweet,SwatiShindeTOI,gettleman,265
215613,Tweet,SwatiShindeTOI,ajaykanth7,8
215667,Tweet,SwatiShindeTOI,tushhaikhush,4
215580,Tweet,SwatiShindeTOI,MKSinghGkp,27
215660,Tweet,SwatiShindeTOI,tushhaikhush,24
215605,Tweet,SwatiShindeTOI,MohitaTOI,44
215600,Tweet,SwatiShindeTOI,toi_dhananjayM,163
209131,Article,sermoninstone,sermoninstone,1
209156,Article,sermoninstone,sermoninstone,1
209143,Article,sermoninstone,sermoninstone,1
209179,Article,sermoninstone,mohuadazz,131
209200,Article,sermoninstone,sermoninstone,1
209178,Article,sermoninstone,kbennhold,2
209132,Article,sermoninstone,ronojoy_sen,13
209125,Article,sermoninstone,sarfrazmanzoor,27
209185,Article,sermoninstone,bglendenning,104
209216,Article,sermoninstone,sermoninstone,1
209170,Article,sermoninstone,sermoninstone,1
209165,Article,sermoninstone,sermoninstone,1
209201,Article,sermoninstone,Shreyanka_M,4
209191,Article,sermoninstone,sermoninstone,1
209213,Article,sermoninstone,kbennhold,2
209282,Tweet,sermoninstone,meddynyt,5
209312,Tweet,sermoninstone,sermoninstone,1
209243,Tweet,sermoninstone,tushhaikhush,2
209270,Tweet,sermoninstone,LauraCummingArt,217
209261,Tweet,sermoninstone,aleksk,138
209324,Tweet,sermoninstone,smita_mishra,4
209319,Tweet,sermoninstone,afuahirsch,3
209256,Tweet,sermoninstone,nicklezard,218
209330,Tweet,sermoninstone,IAmTimDowling,189
209264,Tweet,sermoninstone,desaisantosh,29
209298,Tweet,sermoninstone,nicklezard,226
209297,Tweet,sermoninstone,ajaysuraTOI,166
209272,Tweet,sermoninstone,yeshikabudhwar,286
209290,Tweet,sermoninstone,priyagupta999,113
209322,Tweet,sermoninstone,VivianHo,105
31402,Article,sangerkatz,sangerkatz,1
31484,Article,sangerkatz,sangerkatz,1
31426,Article,sangerkatz,SherylNYT,3
31448,Article,sangerkatz,sangerkatz,1
31499,Article,sangerkatz,sangerkatz,1
31487,Article,sangerkatz,tarasbernard,2
31401,Article,sangerkatz,sangerkatz,1
31416,Article,sangerkatz,sangerkatz,1
31459,Article,sangerkatz,sangerkatz,1
31475,Article,sangerkatz,sangerkatz,1
31425,Article,sangerkatz,sangerkatz,1
31417,Article,sangerkatz,sangerkatz,1
31498,Article,sangerkatz,sangerkatz,1
31461,Article,sangerkatz,nicholaswatt,14
31407,Article,sangerkatz,SharonLNYT,2
31519,Tweet,sangerkatz,sangerkatz,1
31549,Tweet,sangerkatz,RosySequeiraTOI,104
31536,Tweet,sangerkatz,tomfriedman,26
31510,Tweet,sangerkatz,sangerkatz,1
31560,Tweet,sangerkatz,emmabrockes,87
31513,Tweet,sangerkatz,sangerkatz,1
31507,Tweet,sangerkatz,NilsPratley,5
31533,Tweet,sangerkatz,RosySequeiraTOI,26
31569,Tweet,sangerkatz,juliemTOI,10
31523,Tweet,sangerkatz,andrewrawnsley,19
31559,Tweet,sangerkatz,RosySequeiraTOI,25
31515,Tweet,sangerkatz,sangerkatz,1
31575,Tweet,sangerkatz,mtomasky,6
31506,Tweet,sangerkatz,sangerkatz,1
31588,Tweet,sangerkatz,RosySequeiraTOI,12
173615,Article,AnujaJaiswalTOI,PrashantrTOI,10
173508,Article,AnujaJaiswalTOI,petleepeter,2
173677,Article,AnujaJaiswalTOI,dipakdashTOI,15
173515,Article,AnujaJaiswalTOI,ShoebKhanTOI,4
173494,Article,AnujaJaiswalTOI,AnujaJaiswalTOI,1
173479,Article,AnujaJaiswalTOI,UttaraVarmaTOI,13
173648,Article,AnujaJaiswalTOI,ShoebKhanTOI,6
173686,Article,AnujaJaiswalTOI,AditiZero,11
173647,Article,AnujaJaiswalTOI,AnujaJaiswalTOI,1
173707,Article,AnujaJaiswalTOI,KanwardeepsTOI,6
173679,Article,AnujaJaiswalTOI,journo_vibha,11
173534,Article,AnujaJaiswalTOI,AnujaJaiswalTOI,1
173710,Article,AnujaJaiswalTOI,journo_vibha,5
173629,Article,AnujaJaiswalTOI,yusrahusain,12
173691,Article,AnujaJaiswalTOI,AnujaJaiswalTOI,1
173729,Tweet,AnujaJaiswalTOI,Arv_Ind_Chauhan,17
173725,Tweet,AnujaJaiswalTOI,RosySequeiraTOI,385
173730,Tweet,AnujaJaiswalTOI,ShoebKhanTOI,52
173748,Tweet,AnujaJaiswalTOI,priyangiTOI,4
173733,Tweet,AnujaJaiswalTOI,AnujaJaiswalTOI,1
173756,Tweet,AnujaJaiswalTOI,nytDeniseGrady,10
173727,Tweet,AnujaJaiswalTOI,AditiZero,15
173743,Tweet,AnujaJaiswalTOI,durgeshjhaTOI,2
173772,Tweet,AnujaJaiswalTOI,AnujaJaiswalTOI,1
173745,Tweet,AnujaJaiswalTOI,sudhanshub16,264
173734,Tweet,AnujaJaiswalTOI,durgeshjhaTOI,4
173762,Tweet,AnujaJaiswalTOI,nytDeniseGrady,2
173744,Tweet,AnujaJaiswalTOI,MohitaTOI,119
173751,Tweet,AnujaJaiswalTOI,MohitaTOI,2
173752,Tweet,AnujaJaiswalTOI,abantika77,26
21688,Article,helenecooper,helenecooper,1
21656,Article,helenecooper,ericschmittnyt,3
21685,Article,helenecooper,ericschmittnyt,8
21607,Article,helenecooper,peterbakernyt,5
21678,Article,helenecooper,ericschmittnyt,5
21615,Article,helenecooper,ericschmittnyt,3
21665,Article,helenecooper,ericschmittnyt,4
21645,Article,helenecooper,ericschmittnyt,2
21625,Article,helenecooper,helenecooper,1
21641,Article,helenecooper,ericschmittnyt,2
21658,Article,helenecooper,helenecooper,1
21670,Article,helenecooper,helenecooper,1
21654,Article,helenecooper,ericschmittnyt,2
21606,Article,helenecooper,helenecooper,1
21648,Article,helenecooper,jestei,3
21794,Tweet,helenecooper,WilbyPeter,165
21735,Tweet,helenecooper,RosySequeiraTOI,139
21769,Tweet,helenecooper,jestei,231
21786,Tweet,helenecooper,tariqpanja,64
21783,Tweet,helenecooper,jimwaterson,2
21711,Tweet,helenecooper,andrewrawnsley,106
21753,Tweet,helenecooper,jimwaterson,14
21798,Tweet,helenecooper,jimwaterson,9
21708,Tweet,helenecooper,timatkin,39
21795,Tweet,helenecooper,MonaChalabi,161
21787,Tweet,helenecooper,msrachelcooke,162
21790,Tweet,helenecooper,WilbyPeter,66
21745,Tweet,helenecooper,SocialQPhilip,172
21748,Tweet,helenecooper,andrewrawnsley,137
21742,Tweet,helenecooper,desaisantosh,142
26007,Article,kenvogel,michaelcrowley,13
26008,Article,kenvogel,BenWeiserNYT,3
26088,Article,kenvogel,kenvogel,1
26031,Article,kenvogel,kenvogel,1
26006,Article,kenvogel,npfandos,2
26009,Article,kenvogel,kenvogel,1
26018,Article,kenvogel,hillhulse,27
26055,Article,kenvogel,kenvogel,1
26016,Article,kenvogel,llerer,12
26061,Article,kenvogel,llerer,13
26091,Article,kenvogel,ShaneGoldmacher,26
26086,Article,kenvogel,kenvogel,1
26042,Article,kenvogel,ShaneGoldmacher,2
26092,Article,kenvogel,kenvogel,1
26044,Article,kenvogel,FlitterOnFraud,3
26169,Tweet,kenvogel,billmpennington,108
26143,Tweet,kenvogel,jonpareles,69
26155,Tweet,kenvogel,MarinaOLoughlin,429
26130,Tweet,kenvogel,jonpareles,191
26107,Tweet,kenvogel,maevesther,313
26183,Tweet,kenvogel,msrachelcooke,403
26129,Tweet,kenvogel,marywalshjourno,13
26121,Tweet,kenvogel,MaggieAstor,114
26109,Tweet,kenvogel,nytmike,22
26145,Tweet,kenvogel,sarahditum,339
26186,Tweet,kenvogel,yeshikabudhwar,337
26118,Tweet,kenvogel,marywalshjourno,14
26135,Tweet,kenvogel,ajaysuraTOI,352
26180,Tweet,kenvogel,vwang3,96
26152,Tweet,kenvogel,NeilMacFarquhar,226
23097,Article,genznyt,RichSandomir,2
23026,Article,genznyt,christophclarey,9
23064,Article,genznyt,DSlotnik,2
23036,Article,genznyt,RichSandomir,3
23068,Article,genznyt,RichSandomir,4
23086,Article,genznyt,DSlotnik,2
23092,Article,genznyt,samrob12,2
23031,Article,genznyt,RichSandomir,4
23017,Article,genznyt,EVincentelli,68
23066,Article,genznyt,genznyt,1
23046,Article,genznyt,DSlotnik,3
23011,Article,genznyt,RichSandomir,2
23099,Article,genznyt,samrob12,2
23051,Article,genznyt,RichSandomir,3
23057,Article,genznyt,genznyt,1
23189,Tweet,genznyt,WilbyPeter,31
23192,Tweet,genznyt,jonronson,166
23162,Tweet,genznyt,andrewrawnsley,158
23165,Tweet,genznyt,jhoffman,111
23174,Tweet,genznyt,tomfriedman,205
23178,Tweet,genznyt,ajaysuraTOI,77
23170,Tweet,genznyt,genznyt,1
23146,Tweet,genznyt,mtomasky,39
23139,Tweet,genznyt,ajaysuraTOI,117
23138,Tweet,genznyt,genznyt,1
23186,Tweet,genznyt,samrob12,27
23118,Tweet,genznyt,genznyt,1
23150,Tweet,genznyt,jonpareles,3
23122,Tweet,genznyt,rachlharris,79
23184,Tweet,genznyt,RosySequeiraTOI,42
20229,Article,ditzkoff,ditzkoff,1
20211,Article,ditzkoff,EVincentelli,20
20243,Article,ditzkoff,kylebuchanan,2
20237,Article,ditzkoff,ditzkoff,1
20251,Article,ditzkoff,MichaelPaulson,3
20254,Article,ditzkoff,kylebuchanan,2
20262,Article,ditzkoff,kylebuchanan,7
20294,Article,ditzkoff,MichaelPaulson,7
20273,Article,ditzkoff,ditzkoff,1
20279,Article,ditzkoff,ditzkoff,1
20220,Article,ditzkoff,ASoloski,4
20270,Article,ditzkoff,sio_burke,6
20278,Article,ditzkoff,ditzkoff,1
20281,Article,ditzkoff,EVincentelli,5
20224,Article,ditzkoff,rondakaysen,82
20349,Tweet,ditzkoff,RosySequeiraTOI,69
20358,Tweet,ditzkoff,jbouie,6
20355,Tweet,ditzkoff,msrachelcooke,2
20327,Tweet,ditzkoff,RosySequeiraTOI,104
20312,Tweet,ditzkoff,wesley_morris,3
20325,Tweet,ditzkoff,nicklezard,11
20342,Tweet,ditzkoff,msrachelcooke,8
20383,Tweet,ditzkoff,RosySequeiraTOI,146
20360,Tweet,ditzkoff,fmanjoo,34
20393,Tweet,ditzkoff,RosySequeiraTOI,158
20311,Tweet,ditzkoff,msrachelcooke,3
20386,Tweet,ditzkoff,yeshikabudhwar,105
20333,Tweet,ditzkoff,ditzkoff,1
20387,Tweet,ditzkoff,aleksk,3
20368,Tweet,ditzkoff,juliemTOI,184
5867,Article,DavidWaldstein,christophclarey,3
5877,Article,DavidWaldstein,billmpennington,4
5875,Article,DavidWaldstein,DavidWaldstein,1
5873,Article,DavidWaldstein,BenRothenberg,4
5891,Article,DavidWaldstein,EVincentelli,40
5894,Article,DavidWaldstein,christophclarey,5
5856,Article,DavidWaldstein,DavidWaldstein,1
5845,Article,DavidWaldstein,ByJamesWagner,2
5802,Article,DavidWaldstein,christophclarey,11
5840,Article,DavidWaldstein,DavidWaldstein,1
5866,Article,DavidWaldstein,billmpennington,4
5874,Article,DavidWaldstein,toi_shailendraA,21
5899,Article,DavidWaldstein,jameskanter,425
5825,Article,DavidWaldstein,bylizrobbins,201
5885,Article,DavidWaldstein,ByJamesWagner,2
5910,Tweet,DavidWaldstein,murarishetyeTOI,245
5921,Tweet,DavidWaldstein,jimwaterson,34
5932,Tweet,DavidWaldstein,SocialQPhilip,356
5949,Tweet,DavidWaldstein,VivianHo,15
5963,Tweet,DavidWaldstein,jhoffman,19
5911,Tweet,DavidWaldstein,shattenstone,56
5964,Tweet,DavidWaldstein,SarahMaslinNir,120
5991,Tweet,DavidWaldstein,RosySequeiraTOI,426
5973,Tweet,DavidWaldstein,elizabday,32
5941,Tweet,DavidWaldstein,nicklezard,99
5913,Tweet,DavidWaldstein,RorySmith,7
5974,Tweet,DavidWaldstein,DanielKingChess,269
5930,Tweet,DavidWaldstein,DavidWaldstein,1
5956,Tweet,DavidWaldstein,garyyounge,244
5946,Tweet,DavidWaldstein,aniljdias,66
10875,Article,jwpetersNYT,adamliptak,14
10846,Article,jwpetersNYT,hillhulse,2
10816,Article,jwpetersNYT,GiniaNYT,24
10892,Article,jwpetersNYT,tripgabriel,10
10821,Article,jwpetersNYT,hillhulse,5
10828,Article,jwpetersNYT,jbouie,3
10884,Article,jwpetersNYT,jwpetersNYT,1
10893,Article,jwpetersNYT,apoorva_nyc,6
10803,Article,jwpetersNYT,BenWeiserNYT,4
10866,Article,jwpetersNYT,adamliptak,5
10823,Article,jwpetersNYT,bencasselman,25
10888,Article,jwpetersNYT,tripgabriel,10
10832,Article,jwpetersNYT,anniekarni,23
10858,Article,jwpetersNYT,hillhulse,50
10859,Article,jwpetersNYT,tomfriedman,2
10921,Tweet,jwpetersNYT,DouthatNYT,56
10900,Tweet,jwpetersNYT,jwpetersNYT,1
10993,Tweet,jwpetersNYT,gailcollins,38
10906,Tweet,jwpetersNYT,DouthatNYT,54
10932,Tweet,jwpetersNYT,DouthatNYT,7
10979,Tweet,jwpetersNYT,gailcollins,27
10974,Tweet,jwpetersNYT,gailcollins,3
10965,Tweet,jwpetersNYT,richardwolffedc,5
10927,Tweet,jwpetersNYT,murarishetyeTOI,55
10970,Tweet,jwpetersNYT,ajaysuraTOI,13
10929,Tweet,jwpetersNYT,gailcollins,4
10953,Tweet,jwpetersNYT,richardwolffedc,3
10999,Tweet,jwpetersNYT,jillfilipovic,19
10940,Tweet,jwpetersNYT,tripgabriel,4
10923,Tweet,jwpetersNYT,MaggieAstor,13
15011,Article,noamscheiber,bencasselman,14
15079,Article,noamscheiber,noamscheiber,1
15007,Article,noamscheiber,noamscheiber,1
15001,Article,noamscheiber,brooksbarnesNYT,43
15074,Article,noamscheiber,bencasselman,8
15042,Article,noamscheiber,noamscheiber,1
15094,Article,noamscheiber,bencasselman,13
15062,Article,noamscheiber,ceciliakang,3
15005,Article,noamscheiber,noamscheiber,1
15057,Article,noamscheiber,ceciliakang,3
15022,Article,noamscheiber,jimtankersley,7
15070,Article,noamscheiber,bencasselman,44
15084,Article,noamscheiber,BenWeiserNYT,12
15064,Article,noamscheiber,jameskanter,258
15029,Article,noamscheiber,bencasselman,16
15133,Tweet,noamscheiber,paulkrugman,2
15167,Tweet,noamscheiber,noamscheiber,1
15192,Tweet,noamscheiber,paulkrugman,2
15143,Tweet,noamscheiber,nmcintosh,298
15161,Tweet,noamscheiber,noamscheiber,1
15120,Tweet,noamscheiber,FrancesRobles,23
15157,Tweet,noamscheiber,noamscheiber,1
15126,Tweet,noamscheiber,noamscheiber,1
15159,Tweet,noamscheiber,noamscheiber,1
15173,Tweet,noamscheiber,paulkrugman,2
15183,Tweet,noamscheiber,noamscheiber,1
15139,Tweet,noamscheiber,noamscheiber,1
15193,Tweet,noamscheiber,jimtankersley,93
15153,Tweet,noamscheiber,noamscheiber,1
15136,Tweet,noamscheiber,noamscheiber,1
8694,Article,hillhulse,hillhulse,1
8642,Article,hillhulse,hillhulse,1
8697,Article,hillhulse,hillhulse,1
8680,Article,hillhulse,hillhulse,1
8606,Article,hillhulse,hillhulse,1
8672,Article,hillhulse,hillhulse,1
8652,Article,hillhulse,hillhulse,1
8647,Article,hillhulse,tomfriedman,24
8689,Article,hillhulse,peterbakernyt,3
8696,Article,hillhulse,adamliptak,4
8656,Article,hillhulse,jmart,2
8613,Article,hillhulse,llerer,4
8607,Article,hillhulse,kenvogel,7
8600,Article,hillhulse,hillhulse,1
8629,Article,hillhulse,toi_dhananjayM,11
8780,Tweet,hillhulse,hillhulse,1
8771,Tweet,hillhulse,npfandos,10
8737,Tweet,hillhulse,hillhulse,1
8790,Tweet,hillhulse,lukebroadwater,2
8715,Tweet,hillhulse,tripgabriel,8
8757,Tweet,hillhulse,NilsPratley,4
8720,Tweet,hillhulse,el_belson,3
8730,Tweet,hillhulse,tripgabriel,4
8753,Tweet,hillhulse,jmart,13
8743,Tweet,hillhulse,jonpareles,87
8758,Tweet,hillhulse,tomfriedman,96
8742,Tweet,hillhulse,ESCochrane,2
8793,Tweet,hillhulse,andrewrawnsley,11
8719,Tweet,hillhulse,hillhulse,1
8732,Tweet,hillhulse,hillhulse,1
